video_id,frame_index,physical_time_s,physical_time_ms,pixel_min,pixel_max,mean_intensity,std_intensity,total_intensity,effective_area,p95,p99,p999,entropy,otsu_threshold,segmentation_threshold,threshold_area,threshold_area_fraction,bbox_width,bbox_height,bbox_fill,threshold_centroid_x,threshold_centroid_y,nonzero_fraction,saturation_fraction,bright_fraction_64,bright_fraction_128,bright_fraction_200,active_candidate,centroid_x,centroid_y,major_sigma,minor_sigma,eccentricity,orientation_deg,tail_skewness,abs_tail_skewness,outer_intensity_fraction,delta_area,delta_mean_intensity,delta_total_intensity,centroid_motion,rolling_area_mean,rolling_area_std,rolling_intensity_mean,rolling_intensity_std
RHF_MPM_P28,0,0.0,0.0,0,12,0.018680555555555554,0.3441954114868184,269,22.416666666666668,0,0,7,0.0546411450153983,3,8,9,0.000625,89,107,0.0009450803318282054,88.66666666666667,60.111111111111114,0.004375,0.0,0.0,0.0,0.0,0,87.92193308550186,60.00371747211896,32.081728439239896,23.711519267889045,0.6735986659303812,104.32831602359974,-0.08452829576229014,0.08452829576229014,0.0,0.0,0.0,0.0,0.0,9.0,0.0,0.018680555555555554,0.0
RHF_MPM_P28,1,5e-05,0.05,0,255,3.249791666666667,22.54936328765891,46797,183.51764705882354,4,100,255,0.6889623333128049,107,107,140,0.009722222222222222,12,14,0.8333333333333334,65.8,57.43571428571428,0.058611111111111114,0.0036805555555555554,0.014305555555555556,0.008819444444444444,0.0061805555555555555,1,67.21930893005963,59.02557856272838,7.3622814507743595,5.426238782448603,0.6758575874748068,67.21154056667235,-0.07636351852276886,0.07636351852276886,0.019659379874778296,131,3.2311111111111113,46528,20.725718386766818,74.5,65.5,1.6342361111111112,1.6155555555555556
RHF_MPM_P28,2,0.0001,0.1,0,255,4.8748611111111115,25.45021624515506,70198,275.28627450980395,21,145,255,1.1446658580923763,101,101,194,0.013472222222222222,12,28,0.5773809523809523,65.9639175257732,61.43814432989691,0.10513888888888889,0.004722222222222222,0.018541666666666668,0.011111111111111112,0.007638888888888889,1,70.16611584375623,68.47868885153423,15.678463795928394,6.602776792223042,0.9069971689227837,60.857995367962154,1.051455952743777,1.051455952743777,0.032237385680503716,54,1.6250694444444447,23401,9.90176575762814,114.33333333333333,77.67596510862002,2.7144444444444447,2.0183441865870737
RHF_MPM_P28,3,0.00015,0.15,0,255,5.207916666666667,26.505797973561897,74994,294.09411764705885,26,150,255,1.0733682051204083,97,97,223,0.015486111111111112,13,34,0.504524886877828,66.04932735426009,63.336322869955154,0.09458333333333334,0.004930555555555555,0.02375,0.011041666666666667,0.00798611111111111,1,69.53406939221804,72.21083019974931,19.516165734694958,7.132757469901972,0.9308194096923783,68.85939897827568,1.0417501426738645,1.0417501426738645,0.054110995546310374,29,0.3330555555555552,4796,3.7852822563130863,141.5,82.09293514060757,3.3378125,2.054518955792017
RHF_MPM_P28,4,0.0002,0.2,0,255,5.0339583333333335,27.931750147028765,72489,284.2705882352941,19,191,255,0.889056447834424,104,104,226,0.015694444444444445,13,26,0.6686390532544378,66.04867256637168,62.15929203539823,0.07583333333333334,0.005694444444444445,0.023055555555555555,0.01375,0.009444444444444445,1,67.44370870063044,68.2142669922333,16.096302491419195,4.030427528143359,0.9681438606026723,78.5095707721728,1.5211759158782385,1.5211759158782385,0.019465022279242367,3,-0.17395833333333321,-2505,4.510224527959249,158.4,80.83217181296071,3.6770416666666668,1.9588629921044556
RHF_MPM_P28,5,0.00025,0.25,0,255,4.989444444444445,29.60944434020677,71848,281.75686274509803,11,226,255,0.7622134588170698,105,105,256,0.017777777777777778,14,26,0.7032967032967034,65.8203125,62.48828125,0.06409722222222222,0.006805555555555555,0.02263888888888889,0.01597222222222222,0.011527777777777777,1,66.17880803919385,63.54222803696693,9.229820620849734,4.318040767781578,0.8838153871213611,83.58889599343034,1.266034803645432,1.266034803645432,0.013973944994989423,30,-0.044513888888888964,-641,4.840239837325131,174.66666666666666,82.26717990115431,3.895775462962963,1.8538723130449495
RHF_MPM_P28,6,0.0003,0.3,0,255,5.538680555555556,31.52188443381941,79757,312.7725490196078,13,244,255,0.7755994385382583,109,109,277,0.01923611111111111,14,26,0.760989010989011,65.74368231046931,62.584837545126355,0.06541666666666666,0.008194444444444445,0.025902777777777778,0.017847222222222223,0.013055555555555556,1,66.08163546773324,63.53246736963527,8.32845353969292,4.51989931696802,0.8399229184926338,87.11619012585182,0.33259915936922385,0.33259915936922385,0.005190766954624672,21,0.549236111111111,7909,0.09766155472358752,189.28571428571428,84.16262198134936,4.13047619047619,1.810075035589401
RHF_MPM_P28,7,0.00035,0.35,0,255,6.073611111111111,33.318657156879155,87460,342.98039215686276,15,252,255,0.8101101124021742,109,109,314,0.021805555555555557,16,27,0.7268518518518519,65.87261146496816,63.27388535031847,0.06840277777777778,0.008888888888888889,0.027777777777777776,0.020069444444444445,0.015069444444444444,1,66.11742510862108,63.97957923622227,8.380257645727141,4.6853937107696515,0.8291009001852996,87.06200089912343,0.36244649660295186,0.36244649660295186,0.006197118682826435,37,0.5349305555555555,7703,0.4485419931709769,204.875,88.87693387488117,4.373368055555556,1.8110219178707094
RHF_MPM_P28,8,0.0004,0.4,0,255,6.590763888888889,34.67374664441266,94907,372.1843137254902,18,255,255,0.8694145528155759,109,109,341,0.023680555555555555,16,28,0.7611607142857143,65.63636363636364,63.83577712609971,0.07444444444444444,0.010069444444444445,0.030347222222222223,0.021875,0.016180555555555556,1,65.98265670603854,64.5940130864952,8.713053032827105,5.007919202945366,0.8183216382434747,86.4658046782546,0.30253263265745345,0.30253263265745345,0.007122762283077118,27,0.5171527777777776,7447,0.6290401248695181,220.0,94.08270593236334,4.619745370370371,1.8441779664196853
RHF_MPM_P28,9,0.00045,0.45,0,255,6.87125,35.14196733084168,98946,388.0235294117647,21,254,255,0.9272916242888167,108,108,353,0.02451388888888889,16,27,0.8171296296296297,65.68555240793201,64.4957507082153,0.07972222222222222,0.01,0.03145833333333333,0.022708333333333334,0.016666666666666666,1,66.0372122167647,65.40068320093789,9.15641997279697,5.088217993648482,0.8313832248442445,85.76220963471822,0.36679238279442106,0.36679238279442106,0.00820649647282356,12,0.2804861111111112,4039,0.8085128182568191,233.3,97.76712126272308,4.844895833333334,1.8754006807605117
RHF_MPM_P28,10,0.0005,0.5,0,255,6.662569444444444,33.96358489549522,95941,376.2392156862745,22,252,255,0.9721259487024932,106,106,338,0.02347222222222222,16,27,0.7824074074074074,65.71301775147928,64.3905325443787,0.08395833333333333,0.009027777777777777,0.031041666666666665,0.021180555555555557,0.01513888888888889,1,66.04466286571956,65.7078621235968,9.574131534572171,5.050752176961969,0.8495292310580409,87.24008275271389,0.4771961436644882,0.4771961436644882,0.011246495241867398,-15,-0.20868055555555554,-3005,0.30726926741171945,242.8181818181818,97.95622230161443,5.010138888888889,1.8629121032550797
RHF_MPM_P28,11,0.00055,0.55,0,255,6.261041666666666,32.48025227432538,90159,353.56470588235294,21,245,255,0.9784620355429063,106,106,310,0.021527777777777778,15,27,0.7654320987654321,65.81290322580645,63.87096774193548,0.08479166666666667,0.008125,0.028680555555555556,0.019166666666666665,0.013402777777777777,1,66.06916669439546,65.71345068157366,9.986369755300933,4.879314936957331,0.8725093226880525,87.48471929504854,0.6531355466737704,0.6531355466737704,0.013254361738706064,-28,-0.40152777777777793,-5782,0.02513303801848934,270.1818181818182,65.47423946146951,5.577626262626262,1.0127593675508302
RHF_MPM_P28,12,0.0006,0.6,0,255,5.958125,31.416379032033195,85797,336.45882352941175,21,240,255,0.9710595962999333,105,105,289,0.020069444444444445,15,26,0.7410256410256411,65.72664359861592,63.30795847750865,0.084375,0.007638888888888889,0.02715277777777778,0.017777777777777778,0.012430555555555556,1,66.14456216417824,65.82770959357553,10.50878051405809,4.687832144210962,0.8949895184154978,88.2032762300882,0.8190268871305546,0.8190268871305546,0.015711505064279638,-21,-0.3029166666666665,-4362,0.13689257041789102,283.72727272727275,50.94041244272283,5.823838383838384,0.6968525206062857
RHF_MPM_P28,13,0.00065,0.65,0,255,5.689097222222222,30.514298888963392,81923,321.26666666666665,20,236,255,0.967352951316176,108,108,261,0.018125,14,24,0.7767857142857143,65.65134099616859,62.36015325670498,0.08472222222222223,0.0075,0.025347222222222222,0.016666666666666666,0.011944444444444445,1,66.04662915176446,65.63343627552702,10.950508542821817,4.645168654864559,0.9055701143152883,88.01054620593857,0.9557344285072519,0.9557344285072519,0.0190056516484992,-28,-0.26902777777777764,-3874,0.21756147872731696,289.8181818181818,43.27673778206776,5.897859848484848,0.6323810816844947
RHF_MPM_P28,14,0.0007,0.7,0,255,5.515625,30.030276949058475,79425,311.47058823529414,19,231,255,0.976430536308625,107,107,252,0.0175,14,23,0.782608695652174,65.63095238095238,61.992063492063494,0.08659722222222223,0.007430555555555556,0.023541666666666666,0.01597222222222222,0.011597222222222222,1,66.05353478124016,65.4920491029273,11.193602801303872,4.5967564386095345,0.9117888939780929,88.376290877009,1.1430767833561595,1.1430767833561595,0.02364494806421152,-9,-0.17347222222222225,-2498,0.1415557144526456,292.45454545454544,39.87563310723078,5.925833333333333,0.6075613226105848
RHF_MPM_P28,15,0.00075,0.75,0,255,5.268611111111111,29.408871738981706,75868,297.52156862745096,18,228,255,0.9484691761685984,108,108,240,0.016666666666666666,14,22,0.7792207792207793,65.6375,61.55416666666667,0.08416666666666667,0.007152777777777778,0.022291666666666668,0.015347222222222222,0.01125,1,66.01488110929509,65.15360889966784,11.308217085957073,4.546753724537672,0.9156066447957286,88.03553552437329,1.3397539344229539,1.3397539344229539,0.02638793694311172,-12,-0.24701388888888864,-3557,0.34064039328467266,293.72727272727275,37.90919991264032,5.947165404040404,0.5793360441186967
RHF_MPM_P28,16,0.0008,0.8,0,255,5.034097222222222,28.86016845915054,72491,284.278431372549,16,224,255,0.9314198135102987,108,108,231,0.016041666666666666,14,21,0.7857142857142857,65.64069264069263,61.1948051948052,0.08326388888888889,0.007083333333333333,0.021041666666666667,0.014861111111111111,0.010972222222222222,1,66.00735263687906,64.76517084879502,11.31406340227352,4.5168711358258635,0.9168524412847286,88.40589659096338,1.5437689505912855,1.5437689505912855,0.029093266750355215,-9,-0.23451388888888935,-3377,0.38851100018248574,291.45454545454544,40.74614011025213,5.951224747474748,0.572729952183175
RHF_MPM_P28,17,0.00085,0.85,0,255,4.902291666666667,28.75132548197537,70593,276.83529411764704,15,223,255,0.8960509511807279,109,109,227,0.01576388888888889,14,20,0.8107142857142857,65.67400881057269,61.07488986784141,0.07958333333333334,0.006875,0.02048611111111111,0.014513888888888889,0.010972222222222222,1,66.05109571770572,64.27280325244713,11.005069525050107,4.573744919659316,0.909545913080107,88.88095898064974,1.5770866654144002,1.5770866654144002,0.028628900882523765,-4,-0.1318055555555553,-1898,0.49430689561608004,286.90909090909093,44.70195144297302,5.893371212121212,0.6397063339071726
RHF_MPM_P28,18,0.0009,0.9,0,255,4.759027777777778,28.517095051317813,68530,268.7450980392157,14,219,255,0.8620444918128206,108,108,225,0.015625,14,20,0.8035714285714286,65.70666666666666,60.96,0.0763888888888889,0.006805555555555555,0.02013888888888889,0.014305555555555556,0.010833333333333334,1,66.05015321756895,63.74506055742011,10.42556433056728,4.485057929079597,0.9027345112708786,88.4536131392697,1.6967496658036993,1.6967496658036993,0.027185174376185613,-2,-0.14326388888888886,-2063,0.5277435366358292,278.8181818181818,47.058605979079054,5.773863636363635,0.7134176431161032
RHF_MPM_P28,19,0.00095,0.95,0,255,4.679166666666666,28.41049511428636,67380,264.2352941176471,13,218,255,0.834811166690418,109,109,221,0.015347222222222222,14,20,0.7892857142857143,65.75565610859728,60.90045248868778,0.07368055555555555,0.006736111111111111,0.02020833333333333,0.014166666666666666,0.010833333333333334,1,66.13174532502227,63.33734045710894,9.759274807268781,4.546694577570329,0.8848455571463467,88.44353219174428,1.6672463845232413,1.6672463845232413,0.024888691006233303,-4,-0.0798611111111116,-1150,0.4158039829011111,267.90909090909093,45.25373825935578,5.600082070707071,0.7259756534427608
RHF_MPM_P28,20,0.001,1.0,0,255,4.692916666666667,28.589761276135015,67578,265.01176470588234,12,222,255,0.8054189139720543,108,108,227,0.01576388888888889,14,20,0.8107142857142857,65.64757709251101,60.99559471365639,0.07055555555555555,0.007013888888888889,0.020416666666666666,0.014583333333333334,0.010833333333333334,1,65.99668531178786,63.06400011838172,9.15206671907937,4.50336883408278,0.8705611100046139,88.65912551911097,1.4944266303115705,1.4944266303115705,0.020894373908668502,6,0.013750000000000817,198,0.3048871068943189,256.45454545454544,37.5581092475105,5.402051767676768,0.6447798989529814
RHF_MPM_P28,21,0.00105,1.05,0,255,4.683541666666667,28.6969666653103,67443,264.4823529411765,12,223,255,0.7797319102873792,110,110,227,0.01576388888888889,14,20,0.8107142857142857,65.68281938325991,60.95594713656388,0.06736111111111111,0.006944444444444444,0.020277777777777777,0.014444444444444444,0.011111111111111112,1,66.01241047996085,62.710733508295895,8.539727042702388,4.632865286460783,0.8400510098293659,88.70829547298602,0.7555226684578877,0.7555226684578877,0.018919680322642823,0,-0.009375000000000355,-135,0.353616428797644,246.36363636363637,27.9846475030108,5.222140151515152,0.5346582736080563
RHF_MPM_P28,22,0.0011,1.1,0,255,4.6618055555555555,28.64452026451854,67130,263.2549019607843,11,218,255,0.7584232164927773,109,109,226,0.015694444444444445,14,20,0.8071428571428572,65.74778761061947,60.969026548672566,0.065,0.007013888888888889,0.02034722222222222,0.014375,0.010833333333333334,1,66.02095933263817,62.63767317145837,8.230267172954566,4.557478123529335,0.8326855871650476,90.47934545785074,0.5617202412466009,0.5617202412466009,0.017235215253984807,-1,-0.021736111111111178,-313,0.0735587907792921,238.72727272727272,19.859007157691853,5.07675505050505,0.44175348561728395
RHF_MPM_P28,23,0.00115,1.15,0,255,4.646041666666667,28.598034210772006,66903,262.36470588235295,11,224,255,0.759088676642901,109,109,227,0.01576388888888889,14,20,0.8107142857142857,65.70484581497797,60.951541850220266,0.06534722222222222,0.006944444444444444,0.02034722222222222,0.014513888888888889,0.010972222222222222,1,66.06339028145226,62.54724003407919,8.100147116802303,4.650689779747867,0.8187509699578958,89.92657187614583,0.5646151665999682,0.5646151665999682,0.018728607087873488,1,-0.015763888888888467,-227,0.09989263112715123,233.0909090909091,12.056341563709385,4.957474747474748,0.3566004762334287
RHF_MPM_P28,24,0.0012,1.2,0,255,4.661041666666667,28.774637443867846,67119,263.21176470588233,11,221,255,0.7470223883409779,108,108,228,0.015833333333333335,14,20,0.8142857142857143,65.71491228070175,61.08771929824562,0.06388888888888888,0.006875,0.02020833333333333,0.014513888888888889,0.010972222222222222,1,66.06263502137993,62.521893949552286,7.954046967621225,4.5148477972069925,0.8232931317419839,90.47403273048523,0.5766404406714939,0.5766404406714939,0.01741682682995873,1,0.01499999999999968,216,0.025357334611936205,230.0909090909091,8.24019577718157,4.864015151515152,0.27884866621431065
RHF_MPM_P28,25,0.00125,1.25,0,255,4.703055555555555,28.84129257384708,67724,265.5843137254902,11,219,255,0.7575112740240936,108,108,230,0.01597222222222222,14,20,0.8214285714285714,65.76086956521739,61.108695652173914,0.06493055555555556,0.006805555555555555,0.020694444444444446,0.014444444444444444,0.011041666666666667,1,66.17599373929478,62.610994625243634,8.04169194095438,4.566257865828093,0.8231506600869888,89.85205440322096,0.5625420891923744,0.5625420891923744,0.017851869352076073,2,0.04201388888888857,605,0.14418435884641992,228.0909090909091,4.501606692050889,4.790145202020203,0.18988285819786116
RHF_MPM_P28,26,0.0013,1.3,0,255,4.660763888888889,28.681405890592572,67115,263.19607843137254,11,219,255,0.7564765870925407,109,109,226,0.015694444444444445,14,20,0.8071428571428572,65.8141592920354,61.02212389380531,0.06479166666666666,0.006736111111111111,0.02034722222222222,0.014444444444444444,0.010902777777777779,1,66.19253520077478,62.5237428294718,8.012509294784197,4.575567615583752,0.8209131808445113,89.36329019348813,0.5049820665878854,0.5049820665878854,0.017656261640467855,-4,-0.042291666666666394,-609,0.08880594469574835,226.8181818181818,2.4796693994519736,4.734886363636364,0.1170980416037733
RHF_MPM_P28,27,0.00135,1.35,0,255,4.582083333333333,28.499136168073388,65982,258.7529411764706,10,218,255,0.7351187089502167,109,109,223,0.015486111111111112,14,20,0.7964285714285714,65.80717488789237,60.90134529147982,0.06277777777777778,0.006805555555555555,0.02,0.01423611111111111,0.010763888888888889,1,66.12782273953502,62.376041950835074,7.817511508864642,4.557304138378507,0.8125001541960334,87.96387359759288,0.6405475897525464,0.6405475897525464,0.01723197235609712,-3,-0.07868055555555564,-1133,0.16125523926300517,226.0909090909091,2.3141676475196102,4.693794191919192,0.0775059297761748
RHF_MPM_P28,28,0.0014,1.4,0,255,4.585416666666666,28.536605314612046,66030,258.94117647058823,10,215,255,0.7417016241515689,109,109,224,0.015555555555555555,14,20,0.8,65.83928571428571,60.9375,0.06347222222222222,0.006666666666666667,0.019930555555555556,0.01423611111111111,0.010763888888888889,1,66.23660457367863,62.25724670604271,7.729330114286643,4.654715369988425,0.798334257645657,88.87232886078267,0.5339670934113938,0.5339670934113938,0.017552627593518097,1,0.0033333333333329662,48,0.1610769928479137,225.8181818181818,2.3671302847802793,4.6649873737373735,0.04788735945147932
RHF_MPM_P28,29,0.00145,1.45,0,255,4.578402777777778,28.56878332694997,65929,258.5450980392157,10,218,255,0.7365882910417965,110,110,222,0.015416666666666667,14,20,0.7928571428571428,65.83783783783784,60.846846846846844,0.06291666666666666,0.006805555555555555,0.02,0.01423611111111111,0.010902777777777779,1,66.24050114517132,62.22527264178131,7.650162261866987,4.621451446735243,0.7969096675009121,89.04736928366422,0.4837624089108384,0.4837624089108384,0.017579517359583796,-2,-0.007013888888888431,-101,0.03221062021740096,225.54545454545453,2.606412943060264,4.648566919191919,0.04360206543347807
RHF_MPM_P28,30,0.0015,1.5,0,255,4.549027777777778,28.44749230598768,65506,256.8862745098039,9,217,255,0.7364873539400503,109,109,225,0.015625,15,20,0.75,65.82222222222222,60.94222222222222,0.063125,0.006666666666666667,0.01972222222222222,0.01423611111111111,0.010833333333333334,1,66.21993405184259,62.202851647177354,7.642358448143403,4.5817342899088045,0.8003609950793731,90.48763828862555,0.4492297000772704,0.4492297000772704,0.017387720208835833,3,-0.02937499999999993,-423,0.030425422380363776,225.9090909090909,2.1931523785117855,4.636736111111111,0.05076200182345633
RHF_MPM_P28,31,0.00155,1.55,0,255,4.6009722222222225,28.65470824507448,66254,259.81960784313725,10,220,255,0.738701899564387,109,109,227,0.01576388888888889,15,20,0.7566666666666667,65.81497797356828,61.030837004405285,0.06305555555555556,0.006736111111111111,0.019930555555555556,0.014375,0.010902777777777779,1,66.2189452712289,62.299906420744406,7.679159393695257,4.628982700250516,0.7978937581905295,88.74474000095316,0.5950076625220712,0.5950076625220712,0.01719141485797084,2,0.05194444444444457,748,0.09705981021645241,225.9090909090909,2.1931523785117855,4.628377525252525,0.04833487778291951
RHF_MPM_P28,32,0.0016,1.6,0,255,4.611875,28.694131428374327,66411,260.43529411764706,9,219,255,0.7332879849022935,109,109,228,0.015833333333333335,15,21,0.7238095238095238,65.80263157894737,61.06140350877193,0.06263888888888888,0.006875,0.02020833333333333,0.014444444444444444,0.010833333333333334,1,66.2089262321001,62.263043772868954,7.603337473237271,4.56937695597607,0.7992716559978101,90.9118912346664,0.3695451978213214,0.3695451978213214,0.015961211245125055,1,0.010902777777777928,157,0.03819994703470325,226.0,2.256304299271065,4.621862373737374,0.045187685533902094
RHF_MPM_P28,33,0.00165,1.65,0,255,4.6021527777777775,28.61635329529434,66271,259.8862745098039,9,216,255,0.7291102496547881,107,107,231,0.016041666666666666,15,20,0.77,65.9090909090909,61.103896103896105,0.06222222222222222,0.006736111111111111,0.02034722222222222,0.014375,0.010833333333333334,1,66.24277587481704,62.25000377238913,7.594928787377254,4.58567249569074,0.7971503592349368,91.21512153139706,0.3578259664805814,0.3578259664805814,0.01640234793499419,3,-0.009722222222222854,-140,0.0362745079164234,226.45454545454547,2.675261630829484,4.616439393939394,0.04362100281595699
RHF_MPM_P28,34,0.0017,1.7,0,255,4.625486111111111,28.63738723557655,66607,261.20392156862744,10,216,255,0.7406000077914875,109,109,227,0.01576388888888889,15,20,0.7566666666666667,65.84581497797357,60.92511013215859,0.06319444444444444,0.006736111111111111,0.02048611111111111,0.01423611111111111,0.010833333333333334,1,66.23985466992958,62.258411278093895,7.717325272969321,4.64480869347425,0.7985958240652172,90.92977261620632,0.3553203256551276,0.3553203256551276,0.017025237587640938,-4,0.023333333333333428,336,0.008900538757299589,226.45454545454547,2.6752616308294837,4.614570707070706,0.042744321683052464
RHF_MPM_P28,35,0.00175,1.75,0,255,4.578125,28.47929085485603,65925,258.52941176470586,9,212,255,0.7355761546002142,108,108,224,0.015555555555555555,15,20,0.7466666666666667,65.83928571428571,60.901785714285715,0.06270833333333334,0.006666666666666667,0.020069444444444445,0.014166666666666666,0.010694444444444444,1,66.22524080394388,62.31611679939325,7.681799678223592,4.725697221579408,0.7883859048967709,88.40422034712255,0.505031224156119,0.505031224156119,0.016973833902161548,-3,-0.047361111111110965,-682,0.05952723970988811,226.0909090909091,2.7120788891229632,4.6070328282828275,0.04116659180901773
RHF_MPM_P28,36,0.0018,1.8,0,255,4.5379861111111115,28.37909689170352,65347,256.2627450980392,9,211,255,0.7274094161933687,108,108,224,0.015555555555555555,15,20,0.7466666666666667,65.83928571428571,60.901785714285715,0.06194444444444445,0.006597222222222222,0.019930555555555556,0.014166666666666666,0.010625,1,66.20922154039206,62.23064563025081,7.69143844591226,4.6795986837689565,0.7936178322854228,88.1744784487502,0.45125232878120936,0.45125232878120936,0.016052764472737846,0,-0.0401388888888885,-578,0.08695940178794628,225.54545454545453,2.462948578935285,4.592026515151515,0.03262956317154799
RHF_MPM_P28,37,0.00185,1.85,0,255,4.498055555555555,28.170396628715327,64772,254.0078431372549,9,204,255,0.7316741319756944,107,107,223,0.015486111111111112,15,20,0.7433333333333333,66.0,60.9237668161435,0.06215277777777778,0.006597222222222222,0.019930555555555556,0.013958333333333333,0.010347222222222223,1,66.29509664669919,62.25929413944297,7.6504476838126,4.588112081848732,0.8002113344097209,90.197649771096,0.49277547016609263,0.49277547016609263,0.015994565553016735,-1,-0.039930555555556246,-575,0.09052773587245946,225.27272727272728,2.5616368733827946,4.577234848484848,0.03491621085990265
RHF_MPM_P28,38,0.0019,1.9,0,255,4.469444444444444,28.1045895762047,64360,252.3921568627451,9,206,255,0.720460428205667,108,108,217,0.015069444444444444,15,19,0.7614035087719299,66.00921658986175,60.75115207373272,0.06118055555555556,0.006597222222222222,0.01972222222222222,0.013888888888888888,0.010347222222222223,1,66.29328775637042,62.24547855811063,7.719260695376326,4.488269681031914,0.8135908838022532,88.70243896372334,0.6355345456858095,0.6355345456858095,0.017433188315724053,-6,-0.028611111111111143,-412,0.013933498188616387,224.72727272727272,3.4664865390795674,4.566994949494949,0.046566093929397305
RHF_MPM_P28,39,0.00195,1.95,0,255,4.552222222222222,28.510632432978316,65552,257.06666666666666,8,211,255,0.7250337996054833,108,108,228,0.015833333333333335,15,20,0.76,65.91666666666667,60.93421052631579,0.06180555555555556,0.006736111111111111,0.02,0.014166666666666666,0.010833333333333334,1,66.24890163534293,62.13462594581401,7.67654165056797,4.60749639321724,0.7998464326253428,89.68646344121954,0.2993997142529766,0.2993997142529766,0.016322919209177448,11,0.08277777777777828,1192,0.11940866548475869,225.0909090909091,3.5790944881871862,4.563977272727272,0.04634957668332698
RHF_MPM_P28,40,0.002,2.0,0,255,4.500416666666666,28.240273642122244,64806,254.14117647058825,9,207,255,0.7232391686120738,109,109,222,0.015416666666666667,15,20,0.74,66.0,60.914414414414416,0.06138888888888889,0.006527777777777778,0.02,0.013958333333333333,0.010416666666666666,1,66.29244205783415,62.251365614294976,7.6258736773105245,4.547621760096439,0.8027311591634482,89.95368360505302,0.6330163056882615,0.6330163056882615,0.016958306329660833,-6,-0.051805555555556104,-746,0.12459501831036433,225.0909090909091,3.5790944881871867,4.5568876262626254,0.049460799294959314
RHF_MPM_P28,41,0.00205,2.05,0,255,4.512847222222222,28.407177818564584,64985,254.84313725490196,8,211,255,0.721091600046497,109,109,222,0.015416666666666667,15,19,0.7789473684210526,65.96846846846847,60.810810810810814,0.06152777777777778,0.006666666666666667,0.01986111111111111,0.014097222222222223,0.010763888888888889,1,66.27606370700931,62.105116565361236,7.544424917661858,4.669917947010019,0.7853994551772238,88.8407736854188,0.47359546716055456,0.47359546716055456,0.01672693698545818,0,0.0124305555555555,179,0.14716329260302946,224.8181818181818,3.688265959109235,4.553598484848485,0.05105153754432119
RHF_MPM_P28,42,0.0021,2.1,0,255,4.527013888888889,28.436202341085217,65189,255.64313725490197,8,212,255,0.7190480888940948,109,109,225,0.015625,15,20,0.75,66.01333333333334,60.85333333333333,0.06104166666666667,0.006666666666666667,0.019791666666666666,0.014166666666666666,0.010763888888888889,1,66.29575541885902,62.03327248462164,7.5068581607553595,4.5697926461071745,0.793362851941757,90.42234029746875,0.22180694600510903,0.22180694600510903,0.016030311862430778,3,0.014166666666667105,204,0.07449386184706207,224.63636363636363,3.6249821886139793,4.546874999999999,0.04920649103340371
RHF_MPM_P28,43,0.00215,2.15,0,255,4.481388888888889,28.250866520906904,64532,253.06666666666666,8,207,255,0.71465050307895,107,107,222,0.015416666666666667,15,19,0.7789473684210526,66.03153153153153,60.8018018018018,0.06069444444444445,0.006527777777777778,0.01972222222222222,0.014097222222222223,0.010555555555555556,1,66.34496063968264,62.06482055414368,7.331843668803145,4.534863792371045,0.7857720787313628,89.51114131876905,0.5422182425766041,0.5422182425766041,0.016735882972788694,-3,-0.04562500000000025,-657,0.05845027328309852,224.0909090909091,3.5279287112604094,4.535012626262626,0.047815575713497274
RHF_MPM_P28,44,0.0022,2.2,0,255,4.535625,28.471201000571266,65313,256.1294117647059,8,215,255,0.7214672779785047,110,110,222,0.015416666666666667,15,19,0.7789473684210526,65.88288288288288,60.74324324324324,0.06131944444444445,0.006597222222222222,0.02,0.014305555555555556,0.010763888888888889,1,66.27014530032307,62.05908471514093,7.459231669645311,4.6384084326686,0.7831485906641728,89.58437197675106,0.3945150693811434,0.3945150693811434,0.015999877512899423,0,0.05423611111111093,781,0.07503489090119135,223.27272727272728,2.7990553306073913,4.5289646464646465,0.04289505003129185
RHF_MPM_P28,45,0.00225,2.25,0,255,4.495694444444444,28.307976071064655,64738,253.87450980392157,8,212,255,0.726238369492016,109,109,221,0.015347222222222222,15,20,0.7366666666666667,65.98642533936652,60.8552036199095,0.061875,0.006597222222222222,0.01972222222222222,0.014097222222222223,0.010555555555555556,1,66.29330532299423,62.05780221817171,7.510172110671883,4.657491493918366,0.7844771226263009,91.83310434031915,0.1310821517434232,0.1310821517434232,0.01595662516605394,-1,-0.03993055555555536,-575,0.023195504922395544,222.72727272727272,2.5968830649246724,4.517165404040404,0.030894112934898965
RHF_MPM_P28,46,0.0023,2.3,0,255,4.538611111111111,28.524595298792175,65356,256.2980392156863,8,213,255,0.7153032564908832,109,109,227,0.01576388888888889,15,20,0.7566666666666667,66.01321585903084,60.903083700440526,0.060833333333333336,0.006736111111111111,0.01986111111111111,0.014305555555555556,0.010972222222222222,1,66.31675745149641,62.08895893261521,7.421585951360953,4.540126584315486,0.7910541422220222,90.49131658671452,0.3337100531312856,0.3337100531312856,0.015606830283371075,6,0.042916666666666714,618,0.03899670737635563,223.0,2.860387767736777,4.513573232323232,0.025407253245839492
RHF_MPM_P28,47,0.00235,2.35,0,255,4.546319444444444,28.438631668484565,65467,256.73333333333335,9,212,255,0.7311568078890229,109,109,225,0.015625,15,20,0.75,65.93333333333334,60.88444444444445,0.06229166666666667,0.006666666666666667,0.01986111111111111,0.01423611111111111,0.010763888888888889,1,66.29763086745994,62.16614477523027,7.552674783282483,4.695132560440347,0.7832938502030098,87.54692073236303,0.49514008777602886,0.49514008777602886,0.0168940076679854,-2,0.007708333333333428,111,0.07952031512199122,223.0909090909091,2.9062486114810513,4.514330808080808,0.026234651476006867
RHF_MPM_P28,48,0.0024,2.4,0,255,4.562222222222222,28.555827690013267,65696,257.6313725490196,9,214,255,0.7276592161667226,106,106,227,0.01576388888888889,15,19,0.7964912280701755,65.90748898678414,60.801762114537446,0.06222222222222222,0.006666666666666667,0.01972222222222222,0.014305555555555556,0.010972222222222222,1,66.28927179736971,62.00334875791525,7.443174649276052,4.64815342244476,0.7810365324400881,90.68020365239464,0.34312894348391537,0.34312894348391537,0.016256697515830493,2,0.01590277777777782,229,0.16301048219794687,223.45454545454547,3.1148803089112387,4.520164141414141,0.028959571297196063
RHF_MPM_P28,49,0.00245,2.45,0,255,4.540208333333333,28.46168564854509,65379,256.38823529411764,8,213,255,0.7268476353767204,109,109,227,0.01576388888888889,15,20,0.7566666666666667,65.85903083700441,60.91629955947136,0.06201388888888889,0.006736111111111111,0.019930555555555556,0.014305555555555556,0.010902777777777779,1,66.27675553312226,62.173174872665534,7.634836722567884,4.743829935661785,0.7835410169361682,88.34634196279414,0.3239588456080672,0.3239588456080672,0.016274338854984017,0,-0.022013888888889,-317,0.17028671739712825,224.36363636363637,2.4962782214083603,4.526597222222223,0.02449355503424305
RHF_MPM_P28,50,0.0025,2.5,0,255,4.500069444444445,28.3710410844826,64801,254.12156862745098,8,212,255,0.704619854702108,109,109,225,0.015625,15,20,0.75,65.96888888888888,60.88444444444445,0.059583333333333335,0.006597222222222222,0.019791666666666666,0.014166666666666666,0.010694444444444444,1,66.27212543016311,62.12856283082051,7.254328163688348,4.479350145882177,0.7865922523593616,87.00537406908508,0.9593757769303204,0.9593757769303204,0.016666409468989677,-2,-0.0401388888888885,-578,0.04485166809600413,224.0909090909091,2.2342192231717286,4.521856060606061,0.024119200652029268
RHF_MPM_P28,51,0.00255,2.55,0,12,0.020625,0.3552067448644834,297,24.75,0,0,7,0.058921580797374765,3,8,8,0.0005555555555555556,83,107,0.0009007994595203243,85.25,71.0,0.004861111111111111,0.0,0.0,0.0,0.0,0,84.01010101010101,65.35690235690235,28.92328743503674,27.46763267524816,0.3132464293853483,94.54563697037234,-0.40396570123491865,0.40396570123491865,0.0,-217,-4.479444444444445,-64504,18.029363654054332,204.63636363636363,62.21848998382851,4.114602272727272,1.29483619119933
RHF_MPM_P28,52,0.0026,2.6,0,255,3.28375,23.331843103453416,47286,185.43529411764706,0,123,255,0.6008855175532879,102,102,165,0.011458333333333333,16,15,0.6875,63.60606060606061,56.43636363636364,0.04902777777777778,0.0031944444444444446,0.01513888888888889,0.00986111111111111,0.006597222222222222,1,63.478513724992595,56.315547942308505,6.0385384054266655,5.374728771331109,0.4558216352056313,150.08132299292973,-2.214221045399561,2.214221045399561,0.008374571754853444,157,3.263125,46989,22.434174067621058,199.45454545454547,62.92616688897269,4.002866161616161,1.3086075284245926
RHF_MPM_P28,53,0.00265,2.65,0,255,6.064375,29.138895498274724,87327,342.45882352941175,27,182,255,1.1282627413683946,87,87,357,0.024791666666666667,33,24,0.45075757575757575,56.53501400560224,55.65266106442577,0.09798611111111111,0.004166666666666667,0.029444444444444443,0.017569444444444443,0.008472222222222223,1,54.97129181123822,54.88673606101206,11.310134261261803,5.8284702740404,0.8569908279890919,-162.25268904832538,1.0548263535235773,1.0548263535235773,0.021356510586645595,192,2.780625,40041,8.626373982270685,211.45454545454547,77.54220391780048,4.142626262626262,1.4332802937348854
RHF_MPM_P28,54,0.0027,2.7,0,255,5.998194444444445,27.857260116250014,86374,338.721568627451,28,171,255,1.3015839967307083,85,85,323,0.022430555555555554,51,33,0.1919191919191919,53.26315789473684,55.074303405572756,0.11833333333333333,0.0042361111111111115,0.028958333333333332,0.013333333333333334,0.008125,1,50.76576284530067,54.00461944566652,17.234663557165923,7.699292557664133,0.8946673389049873,-164.87855800483422,1.049753602083359,1.049753602083359,0.029881677356611944,-34,-0.06618055555555546,-953,4.297045916255538,220.63636363636363,83.96132521721775,4.280517676767676,1.5290054730232903
RHF_MPM_P28,55,0.00275,2.75,0,255,6.630138888888889,31.274173005899485,95474,374.40784313725493,29,224,255,1.216185323804011,100,100,306,0.02125,68,26,0.17307692307692307,53.77450980392157,54.4640522875817,0.10840277777777778,0.0061805555555555555,0.03229166666666667,0.017361111111111112,0.011527777777777777,1,49.80958166621279,54.17060142028196,19.496018744719485,9.148916820509147,0.8830541881913365,-167.74277799776203,1.2877864701581818,1.2877864701581818,0.02183840626767497,-17,0.6319444444444446,9100,0.9704805320763138,228.27272727272728,87.48411898384853,4.47092803030303,1.6725934697594653
RHF_MPM_P28,56,0.0028,2.8,0,255,5.845208333333333,30.421780357097546,84171,330.08235294117645,21,216,255,1.0388793058156693,101,101,294,0.020416666666666666,29,31,0.3270300333704116,57.48639455782313,54.46258503401361,0.09111111111111111,0.0061805555555555555,0.02666666666666667,0.017361111111111112,0.011319444444444444,1,57.37969134262394,55.51867032588421,11.23174661653919,7.9432836053111435,0.7069964153033483,49.3287458351028,-0.6085501931125077,0.6085501931125077,0.022691901011037057,-12,-0.7849305555555564,-11303,7.689203488473001,234.9090909090909,89.4279339574656,4.593611111111111,1.7187661674068706
RHF_MPM_P28,57,0.00285,2.85,0,255,6.311041666666667,31.850658292053446,90879,356.38823529411764,22,228,255,1.075161028419121,101,101,322,0.02236111111111111,32,36,0.2795138888888889,57.1055900621118,55.546583850931675,0.09465277777777778,0.006736111111111111,0.029236111111111112,0.019166666666666665,0.012430555555555556,1,57.27682963060773,55.30805796718714,11.368551510254171,7.804731975819568,0.7271114186263665,49.60872174887039,0.016201808108499575,0.016201808108499575,0.03174550776306958,28,0.4658333333333342,6708,0.23438877412292944,243.54545454545453,92.77182530406488,4.7547411616161614,1.787753272804877
RHF_MPM_P28,58,0.0029,2.9,0,255,6.6194444444444445,32.713633918227465,95320,373.80392156862746,24,248,255,1.1752908842578025,109,109,297,0.020625,28,14,0.7576530612244898,58.84848484848485,56.50841750841751,0.1070138888888889,0.008333333333333333,0.029027777777777777,0.019097222222222224,0.014027777777777778,1,58.33535459504826,55.02636382710869,11.979169057824897,8.76581477744974,0.6815679523411744,48.496582625206905,0.9198829198016043,0.9198829198016043,0.05446915652538817,-25,0.30840277777777736,4441,1.0953660068207163,250.0909090909091,93.76707557991728,4.943207070707071,1.863516830221038
RHF_MPM_P28,59,0.00295,2.95,0,255,7.399097222222222,35.30504900571735,106547,417.8313725490196,27,255,255,1.2840905492062031,110,110,348,0.024166666666666666,29,16,0.75,58.0948275862069,56.63505747126437,0.12041666666666667,0.010416666666666666,0.030694444444444444,0.02236111111111111,0.016875,1,58.61419842886238,54.85071376951017,10.892954899652837,10.380702343246744,0.3030521996078755,71.92738705175422,-0.3124352502032422,0.3124352502032422,0.05876279951570668,51,0.7796527777777778,11227,0.3295554981949475,261.09090909090907,97.43851632085702,5.201104797979799,1.9852700321977035
RHF_MPM_P28,60,0.003,3.0,0,255,8.008055555555556,37.388581762606826,115316,452.2196078431373,30,255,255,1.2313191735108497,110,110,388,0.026944444444444444,31,17,0.7362428842504743,56.45618556701031,56.32216494845361,0.11361111111111111,0.012013888888888888,0.03409722222222222,0.025208333333333333,0.019444444444444445,1,56.896284990807864,54.406049464081306,12.807619312195696,7.838175027950934,0.7908630786029576,136.53004048365173,-1.8684472917311497,1.8684472917311497,0.053487807416143465,40,0.6089583333333337,8769,1.7745289304969993,275.72727272727275,103.14340494414111,5.516363636363637,2.1256696707298346
RHF_MPM_P28,61,0.00305,3.05,0,255,7.26375,34.411396163734764,104598,410.18823529411765,27,252,255,1.2319821260318524,104,104,367,0.025486111111111112,31,14,0.8456221198156681,56.06539509536785,56.32697547683924,0.11243055555555556,0.008680555555555556,0.03145833333333333,0.02236111111111111,0.015416666666666667,1,57.43562974435458,53.875685959578576,16.327811385133888,7.501596876665583,0.8882104801415383,142.2165967406201,-2.2297684862517526,2.2297684862517526,0.055909290808619665,-21,-0.744305555555556,-10718,0.7564246228718261,288.6363636363636,104.85858245298563,5.7676073232323235,2.153840860308015
RHF_MPM_P28,62,0.0031,3.1,0,255,6.0925,31.611874516021143,87732,344.0470588235294,21,238,255,1.0238893826194202,103,103,305,0.021180555555555557,30,14,0.7261904761904762,57.649180327868855,56.22950819672131,0.08993055555555556,0.007569444444444445,0.028194444444444446,0.01826388888888889,0.012708333333333334,1,56.618041307618654,55.79918387817444,12.311292404010162,5.966226404170482,0.8747280339974203,163.31466239999457,-0.9849535116642024,0.9849535116642024,0.018146172434231524,-62,-1.1712499999999997,-16866,2.0900466728585063,315.6363636363636,55.954970089223984,6.3195959595959605,1.1581913169525884
RHF_MPM_P28,63,0.00315,3.15,0,255,5.585555555555556,30.286193448174483,80432,315.41960784313727,19,231,255,0.9406685909477114,106,106,262,0.018194444444444444,28,13,0.7197802197802198,59.07251908396947,56.12595419847328,0.08152777777777778,0.006944444444444444,0.025416666666666667,0.01638888888888889,0.01173611111111111,1,56.273659737417944,56.27926695842451,11.154125499334931,4.210669500332777,0.9260100547651967,176.75299113787995,0.793405373291642,0.793405373291642,0.01643624428088323,-43,-0.5069444444444446,-7300,0.5908285959872797,324.45454545454544,35.381977015433456,6.52885101010101,0.7132683149288711
RHF_MPM_P28,64,0.0032,3.2,0,255,4.848958333333333,28.050112007568753,69825,273.8235294117647,16,203,255,0.8904940469496985,107,107,223,0.015486111111111112,24,13,0.7147435897435898,60.46636771300449,56.17488789237668,0.07743055555555556,0.0059722222222222225,0.02013888888888889,0.013958333333333333,0.010277777777777778,1,56.75242391693519,56.27643394199785,11.64628651016947,4.104151503571815,0.935849470633854,176.58861364603175,1.180554993191992,1.180554993191992,0.02062298603651987,-39,-0.7365972222222226,-10607,0.4787725614223296,312.27272727272725,44.07862996776001,6.418358585858585,0.8564342402941214
RHF_MPM_P28,65,0.00325,3.25,0,255,4.066666666666666,25.573350386681838,58560,229.64705882352942,13,166,255,0.8233757330840782,107,107,182,0.012638888888888889,21,12,0.7222222222222222,61.55494505494506,56.214285714285715,0.07229166666666667,0.004722222222222222,0.01625,0.011527777777777777,0.008472222222222223,1,57.3907274590164,56.28106215846994,12.180297090621254,3.831044564079465,0.9492481935959064,176.5670905361758,1.5351921097893453,1.5351921097893453,0.0289275956284153,-41,-0.7822916666666666,-11265,0.6383203210153373,299.45454545454544,57.54107408288075,6.242765151515152,1.0905807072157143
RHF_MPM_P28,66,0.0033,3.3,0,255,4.001388888888889,25.975578771519835,57620,225.9607843137255,12,173,255,0.7825133461050165,106,106,192,0.013333333333333334,20,13,0.7384615384615385,61.885416666666664,56.177083333333336,0.06965277777777777,0.005208333333333333,0.01625,0.012013888888888888,0.009166666666666667,1,58.54994793474488,56.17995487677889,11.847749203674644,3.988296897758405,0.9416373311683859,175.93285770858355,1.8797983743231756,1.8797983743231756,0.03885803540437348,10,-0.06527777777777732,-940,1.1636214134155152,289.09090909090907,65.18707979270759,6.003787878787879,1.25511776705825
RHF_MPM_P28,67,0.00335,3.35,0,255,3.8426388888888887,25.722541211349995,55334,216.99607843137255,10,169,255,0.7539394864936957,108,108,187,0.012986111111111111,20,13,0.7192307692307692,61.75401069518717,56.0855614973262,0.06736111111111111,0.005069444444444444,0.016041666666666666,0.011666666666666667,0.008888888888888889,1,59.183558029421334,56.10669750966856,11.215667838634252,4.135605131252892,0.9295347075828881,175.4297826823275,2.1327515612167667,2.1327515612167667,0.04263201648172914,-5,-0.1587500000000004,-2286,0.637831007330191,279.3636363636364,71.41463146146495,5.821736111111111,1.4016020988363287
RHF_MPM_P28,68,0.0034,3.4,0,255,4.024236111111111,26.725163108323095,57949,227.25098039215686,8,191,255,0.7415365003269052,107,107,203,0.014097222222222223,20,13,0.7807692307692308,61.68472906403941,55.97536945812808,0.06534722222222222,0.005694444444444445,0.017291666666666667,0.012986111111111111,0.009791666666666667,1,60.04208873319643,55.952130321489584,10.062376918168868,4.238417595170513,0.9069611170425166,176.2427843039179,2.411222028153365,2.411222028153365,0.0339781532036791,16,0.18159722222222197,2615,0.8723336431584615,268.54545454545456,73.12923011710612,5.6138446969696965,1.4809564464953662
RHF_MPM_P28,69,0.00345,3.45,0,255,3.8274305555555554,26.258350741730386,55115,216.13725490196077,4,181,255,0.6743632995760297,109,109,193,0.013402777777777777,20,13,0.7423076923076923,61.83937823834197,56.020725388601036,0.058125,0.005486111111111111,0.016666666666666666,0.012222222222222223,0.009375,1,60.6764220266715,55.960446339472014,9.130964906283042,4.249602351932472,0.885097515577194,175.4563332541643,2.362584311491647,2.362584311491647,0.024312800508028667,-10,-0.19680555555555523,-2834,0.634387802031232,259.09090909090907,75.52297007046573,5.360025252525253,1.5254486427677658
RHF_MPM_P28,70,0.0035,3.5,0,255,3.7977777777777777,26.29907202747224,54688,214.46274509803922,1,177,255,0.6202612553031698,109,109,191,0.01326388888888889,20,13,0.7346153846153847,61.57068062827225,56.0,0.052222222222222225,0.005416666666666667,0.016875,0.012361111111111111,0.009444444444444445,1,60.91844645991808,55.91310708016384,7.898125662113,4.136642310804838,0.8518720976492256,174.50580966402765,2.030792894816264,2.030792894816264,0.013403306026916325,-2,-0.02965277777777775,-427,0.24661068865759528,244.8181818181818,72.13096445395591,5.032632575757575,1.4365579519013505
RHF_MPM_P28,71,0.00355,3.55,0,255,3.705416666666667,26.053657742643992,53358,209.24705882352941,0,177,255,0.5910998462524928,107,107,191,0.01326388888888889,20,13,0.7346153846153847,61.87958115183246,55.97905759162304,0.049166666666666664,0.005208333333333333,0.016319444444444445,0.011944444444444445,0.009236111111111112,1,61.595468345890026,55.81665354773417,6.597633162992588,4.215792524533597,0.7692187041086141,170.9513520188938,-0.1641268137050208,0.1641268137050208,0.011263540612466734,0,-0.0923611111111109,-1330,0.6838581124788772,226.9090909090909,57.28628988042831,4.641483585858586,1.1251696254434527
RHF_MPM_P28,72,0.0036,3.6,0,255,3.895138888888889,26.76260043278967,56090,219.9607843137255,1,190,255,0.6004526835131107,108,108,203,0.014097222222222223,20,13,0.7807692307692308,61.73891625615764,56.01477832512315,0.050069444444444444,0.005486111111111111,0.017361111111111112,0.012986111111111111,0.009791666666666667,1,61.39097878409699,55.84697807095739,6.669195894192484,4.185872791733248,0.7785014542692331,173.3463457015686,-0.09992700654699486,0.09992700654699486,0.010144410768407917,12,0.18972222222222213,2732,0.2067258029154197,212.0,36.43175438093432,4.335246212121212,0.7731416538664984
RHF_MPM_P28,73,0.00365,3.65,0,255,3.7732638888888888,26.34838534294583,54335,213.07843137254903,0,183,255,0.5923688213604081,103,103,201,0.013958333333333333,20,13,0.7730769230769231,61.940298507462686,56.0,0.049375,0.005486111111111111,0.016666666666666666,0.012430555555555556,0.009444444444444445,1,61.684052636422194,55.86631084936045,6.5572535638167935,4.190698605157974,0.7691289916077115,172.8746726405559,0.016429102963414502,0.016429102963414502,0.0125333578724579,-2,-0.12187500000000018,-1755,0.293710808853742,202.54545454545453,21.508406966763808,4.124406565656566,0.5488934754455971
RHF_MPM_P28,74,0.0037,3.7,0,255,3.7949305555555557,26.35764888711223,54647,214.30196078431374,0,182,255,0.591644024742169,108,108,194,0.013472222222222222,20,13,0.7461538461538462,61.68556701030928,55.99484536082474,0.04895833333333333,0.005416666666666667,0.017013888888888887,0.012430555555555556,0.009444444444444445,1,61.337090782659615,55.88121946309953,6.608202643526005,3.998681208916037,0.796142830538054,172.8882049742841,0.013549349144088795,0.013549349144088795,0.011656632569033981,-7,0.021666666666666945,312,0.3472820103748339,196.36363636363637,10.473106053756123,3.9616224747474744,0.30094356599012195
RHF_MPM_P28,75,0.00375,3.75,0,255,3.893263888888889,26.798467185898826,56063,219.8549019607843,0,188,255,0.5999902202378746,108,108,203,0.014097222222222223,20,13,0.7807692307692308,61.891625615763544,56.00985221674877,0.05,0.005902777777777778,0.017361111111111112,0.012847222222222222,0.009652777777777777,1,61.68687012824858,55.85147066692828,6.522949997471551,4.20230376684319,0.7648287570908481,172.24954248888307,-0.12922259522480667,0.12922259522480667,0.01154058826677131,9,0.09833333333333316,1416,0.35104213632309444,194.54545454545453,6.773794912798967,3.8747411616161616,0.10892587598997136
RHF_MPM_P28,76,0.0038,3.8,0,255,3.785,26.38388391718618,54504,213.74117647058824,0,184,255,0.578754554606763,107,107,195,0.013541666666666667,20,13,0.75,61.707692307692305,56.02564102564103,0.04770833333333333,0.005416666666666667,0.016875,0.012361111111111111,0.009375,1,61.37358725965067,55.88969616908851,6.635449549047401,4.037188737397489,0.7936096050408394,173.6044142540798,-0.014259237485594564,0.014259237485594564,0.009430500513723763,-8,-0.10826388888888872,-1559,0.3156063129475338,195.72727272727272,5.495302276257242,3.8491351010101003,0.09269648121396552
RHF_MPM_P28,77,0.00385,3.85,0,255,4.0285416666666665,27.27713896971719,58011,227.49411764705883,1,199,255,0.6250053174280386,108,108,209,0.014513888888888889,21,13,0.7655677655677655,61.74162679425837,55.90430622009569,0.05243055555555556,0.005902777777777778,0.017986111111111112,0.013472222222222222,0.01,1,61.571857061591764,55.81101859992071,6.789370345992329,4.386098456633373,0.7633168148080165,174.2131063546199,-0.04122947256211959,0.04122947256211959,0.010894485528606643,14,0.24354166666666632,3507,0.21330980814748093,197.27272727272728,6.523954588366965,3.8516035353535356,0.09698054582422935
RHF_MPM_P28,78,0.0039,3.9,0,255,3.899861111111111,26.759956090784414,56158,220.22745098039215,0,189,255,0.6011651302170181,107,107,203,0.014097222222222223,21,13,0.7435897435897436,61.81773399014779,55.93103448275862,0.049930555555555554,0.005625,0.017430555555555557,0.012708333333333334,0.009652777777777777,1,61.462463050678444,55.80293101606183,6.710450455810357,4.225484888973951,0.7768487662500446,174.09062477861016,0.17817698789551376,0.17817698789551376,0.009882830585134799,-6,-0.12868055555555546,-1853,0.10969256417997535,198.72727272727272,5.8167611901986875,3.856805555555556,0.09789059130560808
RHF_MPM_P28,79,0.00395,3.95,0,255,3.9049305555555556,26.727878768570463,56231,220.51372549019607,1,191,255,0.6149888791743169,108,108,203,0.014097222222222223,21,13,0.7435897435897436,61.81773399014779,55.93103448275862,0.05138888888888889,0.005416666666666667,0.0175,0.012847222222222222,0.009583333333333333,1,61.427646671764684,55.81945901726805,6.911218055396533,4.367607861708178,0.7750016544128436,174.97214667380217,0.0852968896763134,0.0852968896763134,0.009976703241983959,0,0.005069444444444571,73,0.03854030441679864,198.72727272727272,5.8167611901986875,3.845959595959596,0.08442171628416612
RHF_MPM_P28,80,0.004,4.0,0,255,3.7872916666666665,26.218186375712513,54537,213.87058823529412,1,179,255,0.611519401601916,108,108,195,0.013541666666666667,21,13,0.7142857142857143,61.733333333333334,55.99487179487179,0.051041666666666666,0.005277777777777778,0.016944444444444446,0.012152777777777778,0.009236111111111112,1,61.28089187157343,55.87161009956543,7.013321614254684,4.43431060711936,0.7747483802975533,177.51949242798932,0.44568251167425066,0.44568251167425066,0.011020041439756496,-8,-0.11763888888888907,-1694,0.155745647656564,198.9090909090909,5.6641543612528045,3.8423106060606056,0.08599652327703824
RHF_MPM_P28,81,0.00405,4.05,0,255,3.841111111111111,26.556996439291535,55312,216.90980392156862,1,185,255,0.6027443710681836,104,104,200,0.013888888888888888,20,13,0.7692307692307693,61.98,55.98,0.050208333333333334,0.005416666666666667,0.017152777777777777,0.012569444444444444,0.009652777777777777,1,61.57546282904252,55.805268296210585,6.790466468091404,4.486380150414873,0.7506605630570988,175.91098642512654,0.350266500545679,0.350266500545679,0.010992189759907435,5,0.05381944444444464,775,0.3019491411755131,199.72727272727272,5.0827857267252226,3.8462500000000004,0.08485119653931009
RHF_MPM_P28,82,0.0041,4.1,0,255,3.7725694444444446,26.315706343216394,54325,213.0392156862745,1,178,255,0.6001573942051646,105,105,200,0.013888888888888888,20,13,0.7692307692307693,61.975,55.935,0.050069444444444444,0.005208333333333333,0.016805555555555556,0.012083333333333333,0.009375,1,61.63571099861942,55.79547169811321,6.770422939874683,4.4603521198432015,0.7523184492269853,175.65690922352073,0.3520211245177794,0.3520211245177794,0.01159687068568799,0,-0.0685416666666665,-987,0.061039456678844625,200.54545454545453,4.271760045262084,3.852354797979798,0.07650420276201161
RHF_MPM_P28,83,0.00415,4.15,0,255,3.6702083333333335,25.979445426698767,52851,207.25882352941176,0,175,255,0.5789750475606892,108,108,188,0.013055555555555556,19,13,0.7611336032388664,62.297872340425535,56.01063829787234,0.04805555555555555,0.005138888888888889,0.01625,0.011875,0.009236111111111112,1,61.916009157821044,55.867060225918145,6.628676076397779,4.323929653449477,0.7579551446343116,172.95227181145685,-0.05887285882682724,0.05887285882682724,0.01171217195511911,-12,-0.10236111111111112,-1474,0.2892956538994236,199.1818181818182,5.490788680196909,3.8319065656565656,0.09101910255767767
RHF_MPM_P28,84,0.0042,4.2,0,255,3.5952083333333333,25.72440673834735,51771,203.0235294117647,0,174,255,0.5597344256346273,110,110,180,0.0125,19,12,0.7894736842105263,62.2,55.977777777777774,0.04618055555555556,0.005069444444444444,0.016180555555555556,0.011805555555555555,0.008819444444444444,1,61.8358926812308,55.901199513241004,6.468374674332397,4.1382574532265135,0.768568303794827,172.55013338966555,-0.1813935331636942,0.1813935331636942,0.010102180757566978,-8,-0.07500000000000018,-1080,0.08708697239052107,197.27272727272728,7.7235285046397975,3.8157196969696967,0.1131508145168831
RHF_MPM_P28,85,0.00425,4.25,0,255,3.6525694444444445,25.979873092414348,52597,206.2627450980392,0,177,255,0.5652944684181643,108,108,193,0.013402777777777777,20,13,0.7423076923076923,62.05181347150259,56.005181347150256,0.04673611111111111,0.005208333333333333,0.01638888888888889,0.012013888888888888,0.009027777777777777,1,61.86301500085556,55.84318497252695,6.528670393514348,4.413496558292983,0.7368854101132709,169.69496444404376,-0.27788030583263845,0.27788030583263845,0.009525258094568131,13,0.057361111111111196,826,0.06404144873509902,197.1818181818182,7.767276132106846,3.8027777777777776,0.1225403701889224
RHF_MPM_P28,86,0.0043,4.3,0,255,3.678402777777778,26.135982119250276,52969,207.72156862745098,0,181,255,0.5570669834630491,108,108,191,0.01326388888888889,19,13,0.7732793522267206,62.25130890052356,56.026178010471206,0.04590277777777778,0.005138888888888889,0.016666666666666666,0.012083333333333333,0.009305555555555555,1,62.057354301572616,55.8336763012328,6.459811987530151,4.386778054697132,0.7340572634911892,167.11822672492127,-0.6351738917419425,0.6351738917419425,0.009590515207007872,-2,0.025833333333333375,372,0.19457178272548617,196.0909090909091,7.716034608699252,3.7832449494949496,0.1236792496446926
RHF_MPM_P28,87,0.00435,4.35,0,255,3.6751388888888887,26.16469246762045,52922,207.53725490196078,0,179,255,0.5443319734658274,108,108,191,0.01326388888888889,19,13,0.7732793522267206,62.324607329842934,55.968586387434556,0.04451388888888889,0.005208333333333333,0.016458333333333332,0.012222222222222223,0.009375,1,62.16042477608556,55.82848342844186,6.449695595611189,4.3659342309789615,0.7360557000775634,165.628507438975,-0.770033619430883,0.770033619430883,0.009447866671705529,0,-0.003263888888889177,-47,0.10320120466422354,195.72727272727272,7.851935593341521,3.773257575757576,0.1275106914879306
RHF_MPM_P28,88,0.0044,4.4,0,255,3.5619444444444444,25.64112737158416,51292,201.1450980392157,0,170,255,0.5466118411410492,109,109,180,0.0125,19,13,0.728744939271255,62.25,55.99444444444445,0.04465277777777778,0.004930555555555555,0.016041666666666666,0.011875,0.008888888888888889,1,62.13887155891757,55.84689620213678,6.5430663354227105,4.356849727775485,0.7460653118524289,166.41709189561647,-0.9277569529125291,0.9277569529125291,0.009319192076737114,-11,-0.11319444444444438,-1630,0.028347335067536075,193.0909090909091,7.821352422631795,3.7308396464646463,0.11222539223877373
RHF_MPM_P28,89,0.00445,4.45,0,255,3.627361111111111,26.00274347133905,52234,204.8392156862745,0,175,255,0.5409069420957191,108,108,190,0.013194444444444444,19,13,0.7692307692307693,62.31578947368421,55.93684210526316,0.04423611111111111,0.005138888888888889,0.016319444444444445,0.012083333333333333,0.009236111111111112,1,62.11710763104492,55.874009265995326,6.313913776109336,4.175514327403889,0.7501043350661079,172.6888247427958,-0.14722195970479435,0.14722195970479435,0.008576789064593943,10,0.06541666666666668,942,0.03476761119553055,191.9090909090909,7.191592887842221,3.7060669191919193,0.10177019963912969
RHF_MPM_P28,90,0.0045,4.5,0,255,3.566388888888889,25.75638881399437,51356,201.39607843137256,0,170,255,0.5235745670085498,109,109,185,0.012847222222222222,19,13,0.7489878542510121,62.31351351351351,55.913513513513514,0.042430555555555555,0.005,0.016180555555555556,0.011805555555555555,0.008958333333333334,1,62.11909027182802,55.89623413038399,6.238505086990845,4.028392252275145,0.7635655034365466,169.67150060511972,-0.5300569130494815,0.5300569130494815,0.00808084741802321,-5,-0.06097222222222198,-878,0.02231312307968624,190.27272727272728,6.4960254854363075,3.6752904040404037,0.08711172681126816
RHF_MPM_P28,91,0.00455,4.55,0,255,3.875486111111111,26.83040841537672,55807,218.85098039215686,0,193,255,0.5800736788964407,107,107,204,0.014166666666666666,20,13,0.7846153846153846,61.96568627450981,56.029411764705884,0.048125,0.005694444444444445,0.017291666666666667,0.012847222222222222,0.009722222222222222,1,62.058863583421434,55.88632250434533,6.4417123917416905,4.212845203233346,0.7564992042676247,170.78006053583954,-0.4177052487426068,0.4177052487426068,0.00838604476140986,19,0.3090972222222219,4451,0.06103682763016374,191.0909090909091,7.525164395118137,3.6833080808080805,0.10013622820023008
RHF_MPM_P28,92,0.0046,4.6,0,255,3.867777777777778,26.737279229893307,55696,218.4156862745098,0,189,255,0.5818737290647302,108,108,200,0.013888888888888888,20,13,0.7692307692307693,61.98,56.015,0.04805555555555555,0.005763888888888889,0.017361111111111112,0.012916666666666667,0.00951388888888889,1,61.88579072105717,55.92344153978742,6.510159025587177,4.248304956252868,0.7577323491760585,172.20412412593768,-0.09670173915913237,0.09670173915913237,0.008600258546394714,-4,-0.007708333333332984,-111,0.1770085830662197,191.0909090909091,7.525164395118137,3.6857323232323225,0.10416880201362
RHF_MPM_P28,93,0.00465,4.65,0,255,4.048472222222222,27.299000498579627,58298,228.61960784313726,1,200,255,0.6147082614344681,110,110,207,0.014375,21,13,0.7582417582417582,62.01449275362319,56.03864734299517,0.05138888888888889,0.005902777777777778,0.017986111111111112,0.013402777777777777,0.010069444444444445,1,61.75887680537926,55.9235994373735,6.701157493509312,4.207359236487409,0.7783298463545651,173.3443579988699,-0.0956343888180917,0.0956343888180917,0.009279906686335724,7,0.18069444444444427,2602,0.1269140139005439,191.72727272727272,8.486255294629064,3.7108143939393936,0.1466231620549069
RHF_MPM_P28,94,0.0047,4.7,0,255,3.9291666666666667,26.779212696397348,56580,221.88235294117646,0,186,255,0.5993922920244854,107,107,202,0.014027777777777778,21,13,0.73992673992674,61.78217821782178,56.01980198019802,0.04951388888888889,0.005555555555555556,0.017777777777777778,0.012986111111111111,0.009722222222222222,1,61.420501944149876,55.90042417815482,6.805795632146522,4.1339656418580875,0.7943820622838171,172.82554238633412,0.04399013804253059,0.04399013804253059,0.00993283845881937,-5,-0.11930555555555555,-1718,0.3391675682488774,193.0,8.872839045495683,3.7343560606060606,0.15851997873629448
RHF_MPM_P28,95,0.00475,4.75,0,255,4.065763888888889,27.232367793977698,58547,229.59607843137255,2,195,255,0.635130629626518,109,109,207,0.014375,22,13,0.7237762237762237,61.91787439613527,55.971014492753625,0.05305555555555556,0.005902777777777778,0.018125,0.013333333333333334,0.00986111111111111,1,61.45638546808547,55.852767861717936,6.997490162853194,4.373668328211896,0.780597634159555,170.97270883064243,0.04085110882253355,0.04085110882253355,0.00994073137820896,5,0.13659722222222248,1967,0.059655274589670744,195.45454545454547,8.66931512827792,3.7771338383838384,0.17754747326699283
RHF_MPM_P28,96,0.0048,4.8,0,255,3.9585416666666666,26.79015450550481,57003,223.54117647058823,1,188,255,0.6093717335456971,108,108,202,0.014027777777777778,21,13,0.73992673992674,61.801980198019805,55.975247524752476,0.050347222222222224,0.005555555555555556,0.017638888888888888,0.012708333333333334,0.009652777777777777,1,61.33096503692788,55.935477080153674,6.819839243767331,4.049132817155905,0.8046654503384542,174.5376183861424,0.19692541638601324,0.19692541638601324,0.011209936319141097,-5,-0.10722222222222255,-1544,0.15023681095526245,196.27272727272728,8.822398242190253,3.8049494949494953,0.17980692968021117
RHF_MPM_P28,97,0.00485,4.85,0,255,3.862222222222222,26.524845073493633,55616,218.10196078431372,1,185,255,0.6098004412048792,109,109,193,0.013402777777777777,20,13,0.7423076923076923,62.170984455958546,55.92746113989637,0.050763888888888886,0.005625,0.016944444444444446,0.012638888888888889,0.009583333333333333,1,61.746529775604145,55.859321058688145,6.770429013738555,4.13175623780323,0.7921972999449328,175.13447838229828,0.33796748218161815,0.33796748218161815,0.013017836593785961,-9,-0.09631944444444462,-1387,0.42248525611733706,196.45454545454547,8.732006292044087,3.821660353535354,0.17576589918828855
RHF_MPM_P28,98,0.0049,4.9,0,255,3.7495833333333333,26.09282441472176,53994,211.74117647058824,0,173,255,0.5870563984243907,108,108,192,0.013333333333333334,21,13,0.7032967032967034,62.005208333333336,56.104166666666664,0.04847222222222222,0.005277777777777778,0.016805555555555556,0.012083333333333333,0.009166666666666667,1,61.54026373300737,55.90635996592214,6.885659197118871,4.145507985240696,0.7984587313141631,174.8932876503515,0.2711050547890625,0.2711050547890625,0.011223469274363818,-1,-0.11263888888888873,-1622,0.2115616674218242,196.54545454545453,8.679795099840009,3.8284280303030305,0.17137224390570788
RHF_MPM_P28,99,0.00495,4.95,0,255,3.7378472222222223,26.14039734096109,53825,211.07843137254903,0,178,255,0.5837102053932417,108,108,189,0.013125,20,13,0.7269230769230769,62.24867724867725,55.96825396825397,0.04833333333333333,0.005347222222222222,0.016527777777777777,0.012083333333333333,0.009236111111111112,1,61.86604737575476,55.89361820715281,6.618093359478597,4.011500623913006,0.7953568742851231,174.40821628886272,0.2304974181132787,0.2304974181132787,0.013358104969809569,-3,-0.011736111111110947,-169,0.3260327196744127,197.36363636363637,7.413412013772768,3.844419191919192,0.15297991469660838
RHF_MPM_P28,100,0.005,5.0,0,255,3.8072222222222223,26.43432749403186,54824,214.99607843137255,0,183,255,0.5990376351291425,106,106,196,0.01361111111111111,21,13,0.717948717948718,62.05102040816327,56.045918367346935,0.05,0.005486111111111111,0.01659722222222222,0.012638888888888889,0.00951388888888889,1,61.81135998832628,55.90960163432074,6.757776256597453,4.2126632710687595,0.7819189503628705,173.72862942169598,0.20242384088952986,0.20242384088952986,0.011235955056179775,7,0.06937499999999996,999,0.05697526031344662,197.9090909090909,7.064051701840877,3.8607702020202015,0.13776128581795877
RHF_MPM_P28,101,0.00505,5.05,0,255,3.9347222222222222,26.969618502030425,56660,222.19607843137254,0,195,255,0.599152076663236,108,108,203,0.014097222222222223,22,13,0.7097902097902098,62.13300492610838,56.04926108374384,0.04986111111111111,0.005763888888888889,0.0175,0.012986111111111111,0.009791666666666667,1,61.929015178256265,55.95259442287328,6.689863161254852,4.130402375417185,0.78663988899544,174.47030555608447,0.10942596822152324,0.10942596822152324,0.01120720084715849,7,0.12749999999999995,1836,0.12526421510145858,199.54545454545453,5.867687113856337,3.89425505050505,0.10235182126764729
RHF_MPM_P28,102,0.0051,5.1,0,255,3.8602083333333335,26.54202851581572,55587,217.98823529411766,0,187,255,0.5952709915079977,109,109,195,0.013541666666666667,22,13,0.6818181818181818,62.31794871794872,56.194871794871794,0.04923611111111111,0.005555555555555556,0.017430555555555557,0.012708333333333334,0.009444444444444445,1,61.867127206001406,56.05655998704733,6.957264881986701,4.069819657396275,0.8110519835709663,172.1002887474228,-0.022482526962900158,0.022482526962900158,0.010991778653282241,-8,-0.07451388888888877,-1073,0.12099156848246057,198.72727272727272,5.8167611901986875,3.8928661616161615,0.10270015278967284
RHF_MPM_P28,103,0.00515,5.15,0,255,3.971597222222222,27.01983502815813,57191,224.27843137254902,1,200,255,0.617492485355199,107,107,207,0.014375,22,13,0.7237762237762237,62.333333333333336,56.22222222222222,0.051666666666666666,0.005833333333333334,0.017777777777777778,0.013055555555555556,0.010138888888888888,1,62.04103792554773,56.04867898795265,6.884620201034904,4.211962811395155,0.7910178634683803,170.28261783779243,0.12486654163782349,0.12486654163782349,0.01162770365966673,12,0.11138888888888854,1604,0.17408919702224293,199.36363636363637,6.285231279070403,3.902304292929293,0.10471165020024957
RHF_MPM_P28,104,0.0052,5.2,0,255,3.772222222222222,26.16537535148217,54320,213.01960784313727,0,175,255,0.5888182957400842,108,108,194,0.013472222222222222,21,13,0.7106227106227107,61.79896907216495,56.18041237113402,0.04840277777777778,0.005069444444444444,0.016875,0.012083333333333333,0.009097222222222222,1,61.46443298969072,56.063825478645064,6.882446376522737,3.980501863449218,0.8157847281340649,169.8113249542248,0.048797326099055946,0.048797326099055946,0.011303387334315169,-13,-0.19937499999999986,-2871,0.5768038386097627,198.1818181818182,5.951595383030149,3.8771906565656566,0.09964868565682308
RHF_MPM_P28,105,0.00525,5.25,0,255,3.7888194444444445,26.311014803598464,54559,213.95686274509805,0,180,255,0.5913074650048292,108,108,195,0.013541666666666667,20,13,0.75,62.18974358974359,56.03076923076923,0.049166666666666664,0.005486111111111111,0.016666666666666666,0.0125,0.009375,1,61.758903205703916,55.979471764511814,6.834104492381342,4.2089750646825985,0.7878414856716484,175.5240727204463,0.22386547076245467,0.22386547076245467,0.011693762715592295,1,0.016597222222222374,239,0.3063139846741119,197.54545454545453,5.883159886313977,3.8644318181818176,0.10115054669526179
RHF_MPM_P28,106,0.0053,5.3,0,255,3.727986111111111,26.07229468441392,53683,210.521568627451,0,172,255,0.5860757865679433,108,108,192,0.013333333333333334,20,13,0.7384615384615385,62.052083333333336,56.135416666666664,0.04833333333333333,0.005138888888888889,0.016805555555555556,0.012222222222222223,0.009097222222222222,1,61.73075275226795,56.01568466739936,6.7611683012602874,4.249486334970143,0.7777985825110252,172.25136514559637,0.016331471986277265,0.016331471986277265,0.011195350483393252,-3,-0.06083333333333352,-876,0.04586744340154279,196.1818181818182,5.236553026878061,3.833724747474747,0.08541685284084614
RHF_MPM_P28,107,0.00535,5.35,0,255,3.648888888888889,25.849890906472766,52544,206.05490196078432,0,172,255,0.5770850909824512,108,108,185,0.012847222222222222,20,13,0.7115384615384616,62.34054054054054,56.1945945945946,0.04777777777777778,0.005347222222222222,0.016180555555555556,0.011944444444444445,0.009027777777777777,1,61.979141291108405,56.11481805724726,6.611703897085502,4.296536270108894,0.7600727640013927,172.80421396313545,0.09530713469664417,0.09530713469664417,0.012008982947624848,-7,-0.07909722222222193,-1139,0.2674402647509043,194.63636363636363,5.772548315050016,3.805574494949495,0.09051602251665998
RHF_MPM_P28,108,0.0054,5.4,0,255,3.629097222222222,25.899828410338788,52259,204.93725490196078,0,171,255,0.5504074599783793,108,108,190,0.013194444444444444,20,13,0.7307692307692307,62.23684210526316,56.16842105263158,0.045208333333333336,0.005138888888888889,0.016180555555555556,0.012013888888888888,0.009166666666666667,1,62.033333971181996,56.01318433188542,6.50714267426847,4.1905381901810985,0.765033470514996,173.89086527219195,0.22938370820416684,0.22938370820416684,0.009778220019518169,5,-0.019791666666666874,-285,0.1151792546619621,194.36363636363637,5.912586378730582,3.7843813131313127,0.10140793223740562
RHF_MPM_P28,109,0.00545,5.45,0,255,3.747916666666667,26.271291547021654,53970,211.64705882352942,0,179,255,0.5782885291879796,109,109,193,0.013402777777777777,20,13,0.7423076923076923,62.30051813471503,56.119170984455955,0.04784722222222222,0.005347222222222222,0.016666666666666666,0.012222222222222223,0.009236111111111112,1,62.04691495275153,56.04863813229572,6.573004168256396,4.14238418371938,0.7764233401120109,170.193453568149,-0.25907225663884437,0.25907225663884437,0.010376134889753566,3,0.11881944444444459,1711,0.03796597192125483,194.45454545454547,5.883159886313977,3.784229797979798,0.101461042432259
RHF_MPM_P28,110,0.0055,5.5,0,255,3.5695833333333336,25.48588427048611,51402,201.57647058823528,0,163,255,0.5604723896344095,108,108,184,0.012777777777777779,20,12,0.7666666666666667,62.13586956521739,56.22282608695652,0.04569444444444445,0.004930555555555555,0.01611111111111111,0.011597222222222222,0.008611111111111111,1,61.855025096299755,56.05686549161511,6.554841708388837,4.061002954800676,0.7849631219695381,172.41722494472938,-0.1202898387387012,0.1202898387387012,0.009882883934477258,-9,-0.17833333333333323,-2568,0.19206615123559,194.0,6.452624554114677,3.768933080808081,0.11854636637145184
RHF_MPM_P28,111,0.00555,5.55,0,255,3.721875,26.220026683093838,53595,210.1764705882353,0,177,255,0.5641084915015773,108,108,193,0.013402777777777777,20,13,0.7423076923076923,62.18652849740933,56.05181347150259,0.04645833333333333,0.005347222222222222,0.016527777777777777,0.012222222222222223,0.009375,1,61.99246198339397,55.97387816027614,6.514919290519743,4.13151398781543,0.7732002381248585,175.57965466984163,0.04266919207402633,0.04266919207402633,0.00996361600895606,9,0.15229166666666627,2193,0.1605484197895224,193.72727272727272,6.425671653480833,3.7611742424242425,0.1185794172289745
RHF_MPM_P28,112,0.0056,5.6,0,255,3.6788194444444446,25.961883839490106,52975,207.7450980392157,0,169,255,0.5592102066915476,108,108,189,0.013125,20,13,0.7269230769230769,62.10582010582011,56.19047619047619,0.04569444444444445,0.005069444444444444,0.016527777777777777,0.012152777777777778,0.008958333333333334,1,61.695856536101935,56.10544596507787,6.538379063181506,4.031686993818024,0.7872619271149693,175.15354092977165,0.03958502353509115,0.03958502353509115,0.009495044832468146,-4,-0.04305555555555518,-620,0.3244763144262688,192.45454545454547,5.821022034029863,3.7379103535353533,0.10676310980336898
RHF_MPM_P28,113,0.00565,5.65,0,255,3.8124305555555558,26.545001589191465,54899,215.29019607843136,0,183,255,0.5854016603071595,105,105,199,0.013819444444444445,20,13,0.7653846153846153,62.18090452261306,56.221105527638194,0.04847222222222222,0.005486111111111111,0.016875,0.012430555555555556,0.00951388888888889,1,61.98803256889925,56.13870926610685,6.5603511910099455,4.384071431519972,0.7439207974007093,171.90854600870563,-0.07815981226735148,0.07815981226735148,0.011147744039053534,10,0.13361111111111112,1924,0.294063396798245,192.8181818181818,6.08751601555753,3.733566919191919,0.10258961615421465
RHF_MPM_P28,114,0.0057,5.7,0,255,3.660833333333333,25.86524307454998,52716,206.72941176470587,0,173,255,0.5640279240076257,107,107,190,0.013194444444444444,20,13,0.7307692307692307,61.95789473684211,56.35263157894737,0.04611111111111111,0.004861111111111111,0.016527777777777777,0.012152777777777778,0.008888888888888889,1,61.69974960163897,56.1944001821079,6.682110559118313,4.199110308849857,0.7778816693523005,172.84898021721122,0.02643773314638921,0.02643773314638921,0.009484786402610213,-9,-0.1515972222222226,-2183,0.2936129209306484,191.27272727272728,4.136113878573573,3.7053156565656566,0.07111015774566817
RHF_MPM_P28,115,0.00575,5.75,0,255,3.539722222222222,25.40795107246189,50972,199.89019607843136,0,163,255,0.5533434286942831,107,107,182,0.012638888888888889,20,12,0.7583333333333333,62.28021978021978,56.34615384615385,0.04527777777777778,0.004930555555555555,0.015833333333333335,0.01173611111111111,0.008680555555555556,1,61.958957859216824,56.15845954641764,6.545984833738345,4.203350620854429,0.7665986570573815,172.11016635369563,0.01869554866158767,0.01869554866158767,0.00965235815741976,-8,-0.12111111111111095,-1744,0.2616880778529407,190.1818181818182,4.80185914408882,3.6841792929292936,0.08182780828999972
RHF_MPM_P28,116,0.0058,5.8,0,255,3.5943055555555556,25.669447810707492,51758,202.97254901960784,0,163,255,0.5631708322549972,107,107,186,0.012916666666666667,20,13,0.7153846153846154,62.365591397849464,56.31182795698925,0.04625,0.005069444444444444,0.01611111111111111,0.011944444444444445,0.008888888888888889,1,62.015804320105104,56.161443641562656,6.544027997390964,4.3476654543623425,0.7474025415980535,172.69622667999013,0.13172188482724173,0.13172188482724173,0.01022064221956026,4,0.05458333333333343,786,0.05692473047241708,189.36363636363637,4.676298599858795,3.6664962121212126,0.07824310300704858
RHF_MPM_P28,117,0.00585,5.85,0,255,3.605138888888889,25.819258019992212,51914,203.5843137254902,0,169,255,0.5534223217558334,109,109,186,0.012916666666666667,19,13,0.7530364372469636,62.39784946236559,56.32258064516129,0.04569444444444445,0.005277777777777778,0.016180555555555556,0.012013888888888888,0.009097222222222222,1,62.20015795353854,56.199271872712565,6.361304521355082,4.276743051195389,0.7402733774060458,171.13949683761072,-0.04298130106233144,0.04298130106233144,0.011018222444812575,0,0.01083333333333325,156,0.18819467907473283,188.8181818181818,4.686890456236452,3.6553282828282834,0.0774324216771837
RHF_MPM_P28,118,0.0059,5.9,0,255,3.5101388888888887,25.34184960983268,50546,198.21960784313725,0,160,255,0.5403002958986352,108,108,182,0.012638888888888889,20,12,0.7583333333333333,62.15934065934066,56.31318681318681,0.04388888888888889,0.004791666666666666,0.01611111111111111,0.011805555555555555,0.008611111111111111,1,61.974003877655996,56.197780239781586,6.337373875845638,4.143399649168652,0.7566640485337198,169.77314349749167,-0.12578677932627422,0.12578677932627422,0.009199541012147351,-4,-0.0950000000000002,-1368,0.22615899497276215,188.54545454545453,4.979295977319692,3.6427146464646465,0.08802991819285717
RHF_MPM_P28,119,0.00595,5.95,0,255,3.397291666666667,24.95440299378131,48921,191.8470588235294,0,152,255,0.518100073650876,107,107,178,0.012361111111111111,19,12,0.7807017543859649,62.53932584269663,56.42134831460674,0.04201388888888889,0.004583333333333333,0.015486111111111112,0.011180555555555555,0.008333333333333333,1,62.20739559698289,56.254778111649394,6.207491141959322,4.09651339402697,0.751326556586484,170.97216875622294,-0.2224393974786385,0.2224393974786385,0.009259827068130251,-4,-0.11284722222222188,-1625,0.24025081071210466,187.45454545454547,5.789703028396603,3.6216414141414144,0.11297789160689625
RHF_MPM_P28,120,0.006,6.0,0,255,3.3518055555555555,24.748156150531297,48266,189.27843137254902,0,148,255,0.5119558285298258,106,106,175,0.012152777777777778,19,12,0.7675438596491229,62.49142857142857,56.36571428571428,0.04125,0.0044444444444444444,0.015416666666666667,0.010972222222222222,0.008263888888888888,1,62.204201715493305,56.25831848506195,6.221523691639135,3.9001368403736856,0.7791173660094701,168.32549127798728,-0.37250968307512583,0.37250968307512583,0.009012555422036215,-3,-0.04548611111111134,-655,0.004768136205044066,185.8181818181818,6.4922076623116824,3.585631313131313,0.1289841406627019
RHF_MPM_P28,121,0.00605,6.05,0,255,3.312361111111111,24.534602831344575,47698,187.05098039215687,0,146,255,0.5189386767608455,107,107,172,0.011944444444444445,20,12,0.7166666666666667,62.58720930232558,56.33139534883721,0.041875,0.0043055555555555555,0.015208333333333334,0.010763888888888889,0.008055555555555555,1,62.212985869428486,56.24881546396075,6.313813710209498,3.9793632109110613,0.7763816991343109,170.51629159537316,-0.14723050380842256,0.14723050380842256,0.010063315023690721,-3,-0.03944444444444439,-568,0.012940972544856823,184.72727272727272,7.616858205692149,3.5622474747474744,0.15118027070380755
RHF_MPM_P28,122,0.0061,6.1,0,255,3.328611111111111,24.64413527853114,47932,187.9686274509804,0,145,255,0.5136814441688082,107,107,176,0.012222222222222223,19,12,0.7719298245614035,62.60227272727273,56.46590909090909,0.04173611111111111,0.0044444444444444444,0.015277777777777777,0.011041666666666667,0.008125,1,62.1969456730368,56.31918134023199,6.323150915291278,4.068070322462239,0.7655627294392936,171.64768453201128,0.0553036320069059,0.0553036320069059,0.010097638320954685,4,0.016249999999999876,234,0.07217093905238593,183.1818181818182,7.505369978381925,3.526496212121212,0.15563814085380798
RHF_MPM_P28,123,0.00615,6.15,0,255,3.343402777777778,24.736394792087076,48145,188.80392156862746,0,148,255,0.5257889651715928,107,107,176,0.012222222222222223,19,12,0.7719298245614035,62.60227272727273,56.46590909090909,0.042847222222222224,0.004583333333333333,0.015208333333333334,0.011041666666666667,0.008125,1,62.37621767577111,56.30339599127635,6.323722638140563,4.027001313261853,0.7710218776497252,172.14297122079358,-0.12809072243888595,0.12809072243888595,0.010322982656558313,0,0.01479166666666698,213,0.17996563062435286,182.0,7.519671172694625,3.4960037878787875,0.155665349407872
RHF_MPM_P28,124,0.0062,6.2,0,255,3.329513888888889,24.70919961465829,47945,188.01960784313727,0,148,255,0.5151559555356564,106,106,177,0.012291666666666666,19,12,0.7763157894736842,62.57627118644068,56.440677966101696,0.04159722222222222,0.0045138888888888885,0.015208333333333334,0.011041666666666667,0.008194444444444445,1,62.37970591302534,56.2835540723746,6.224256236646297,4.0938050657254355,0.7532642931920676,168.65951384823265,-0.5032387216665165,0.5032387216665165,0.009740327458546251,1,-0.01388888888888884,-200,0.02014620422922391,180.0,5.34279463815095,3.452102272727273,0.1253870099382262
RHF_MPM_P28,125,0.00625,6.25,0,255,3.405,25.060327267970337,49032,192.28235294117647,0,154,255,0.5157032353479356,102,102,180,0.0125,19,12,0.7894736842105263,62.57222222222222,56.37222222222222,0.041805555555555554,0.004791666666666666,0.015486111111111112,0.01125,0.008263888888888888,1,62.35919399575787,56.179576603034754,6.207220437370123,4.188856878719914,0.7379675744633514,170.27867647825187,-0.1600304304596116,0.1600304304596116,0.008484255180290423,3,0.0754861111111107,1087,0.1059813798754577,179.0909090909091,4.316028171079716,3.4288446969696973,0.10687325976329824
RHF_MPM_P28,126,0.0063,6.3,0,255,3.4345833333333333,25.18952656239295,49458,193.95294117647057,0,155,255,0.49927438528693124,108,108,179,0.012430555555555556,19,12,0.7850877192982456,62.46927374301676,56.273743016759774,0.04020833333333333,0.004861111111111111,0.015694444444444445,0.011597222222222222,0.008472222222222223,1,62.196388855190264,56.178494884548506,5.96549532151364,3.615036230652772,0.7954715316332609,175.806635736412,0.1251867337609072,0.1251867337609072,0.010129807109062234,-1,0.029583333333333517,426,0.16280873413340413,178.8181818181818,4.217241274452073,3.4192866161616164,0.10107378516432505
RHF_MPM_P28,127,0.00635,6.35,0,11,0.018958333333333334,0.33642569501137826,273,24.818181818181817,0,0,7,0.055650331811560406,3,8,9,0.000625,32,107,0.002628504672897196,95.88888888888889,56.888888888888886,0.0045138888888888885,0.0,0.0,0.0,0.0,0,85.2967032967033,62.282051282051285,31.206246416655777,26.27570846278428,0.5394750752951953,109.94851300976751,-0.24631683073280447,0.24631683073280447,0.0,-170,-3.415625,-49185,23.893051876942653,162.72727272727272,48.742534923245444,3.0942550505050503,0.9761648103663132
RHF_MPM_P28,128,0.0064,6.4,0,255,3.2086111111111113,22.709728293885394,46204,181.1921568627451,2,108,255,0.6318822777292175,104,104,150,0.010416666666666666,12,18,0.6944444444444444,65.66,53.94,0.05229166666666667,0.0031944444444444446,0.014930555555555556,0.008958333333333334,0.006388888888888889,1,66.16102501947883,51.995866158774135,8.059505995219402,4.547981810652727,0.8255695906807357,98.31547967119305,-1.5273065159374546,1.5273065159374546,0.016254003982339192,141,3.189652777777778,45931,21.7250958000136,159.45454545454547,48.27640800896369,3.0582070707070703,0.9638774013858329
RHF_MPM_P28,129,0.00645,6.45,0,255,5.123055555555555,26.72634461012459,73772,289.30196078431374,26,164,255,1.0045821984748013,99,99,224,0.015555555555555555,13,30,0.5743589743589743,65.38392857142857,49.924107142857146,0.08743055555555555,0.004861111111111111,0.02048611111111111,0.012916666666666667,0.008333333333333333,1,65.58122322832511,42.46476983137234,16.4084269110438,4.0734902482211535,0.9686944636993192,90.4600721054813,-1.009807902390557,1.009807902390557,0.008282275117930922,74,1.914444444444444,27568,9.548715480065216,163.27272727272728,51.46418155835255,3.204835858585859,1.129863747828934
RHF_MPM_P28,130,0.0065,6.5,0,255,5.324652777777778,29.02847649802007,76675,300.6862745098039,18,197,255,0.8726104177822829,96,96,288,0.02,14,39,0.5274725274725275,65.48958333333333,47.013888888888886,0.07333333333333333,0.005833333333333334,0.025486111111111112,0.015555555555555555,0.009791666666666667,1,65.69658950114118,44.988405608086076,13.19040579567287,3.868345066447786,0.956029779956333,91.07573157000812,-1.05572673452413,1.05572673452413,0.008999021845451581,64,0.20159722222222243,2903,2.5262713453651466,173.27272727272728,62.794167229262065,3.380050505050505,1.2849264433271068
RHF_MPM_P28,131,0.00655,6.55,0,255,5.8474305555555555,30.188401245956104,84203,330.2078431372549,24,222,255,0.9689111518298115,106,106,254,0.017638888888888888,14,27,0.671957671957672,65.49212598425197,50.1496062992126,0.08326388888888889,0.006944444444444444,0.029652777777777778,0.015694444444444445,0.01125,1,66.03204161371923,42.834328943149295,16.524140437126622,4.227418700184526,0.9667210194149273,93.42504826534477,-1.182449194576469,1.182449194576469,0.004845433060579789,-34,0.5227777777777778,7528,2.180039999233556,180.45454545454547,66.96045459328097,3.606925505050505,1.4672908625006549
RHF_MPM_P28,132,0.0066,6.6,0,255,5.370486111111111,30.518562721678578,77335,303.27450980392155,14,235,255,0.8063022244160414,108,108,263,0.01826388888888889,14,26,0.7225274725274725,65.36501901140684,50.330798479087456,0.06826388888888889,0.007430555555555556,0.024722222222222222,0.016805555555555556,0.012361111111111111,1,65.58137971164415,47.970698907351135,10.981140016261657,4.397834877970679,0.916301204599663,93.47772693583644,-1.8823155790311545,1.8823155790311545,0.025732204047326568,9,-0.4769444444444444,-6868,5.156102458169033,188.72727272727272,70.90979020634202,3.794027777777778,1.5468638416595812
RHF_MPM_P28,133,0.00665,6.65,0,255,5.525902777777778,31.74589686770548,79573,312.0509803921569,12,247,255,0.7594673546040933,109,109,282,0.019583333333333335,14,25,0.8057142857142857,65.43262411347517,50.159574468085104,0.06402777777777778,0.008472222222222223,0.025277777777777777,0.01826388888888889,0.013541666666666667,1,65.62660701494225,49.22794163849547,8.2420514370779,4.590267189701836,0.8305576872348021,92.66288467936982,-0.8869839148913187,0.8869839148913187,0.0055043796262551365,19,0.15541666666666654,2238,1.258055958206507,198.36363636363637,75.57449392639955,3.9937815656565663,1.6142694998468827
RHF_MPM_P28,134,0.0067,6.7,0,255,6.2316666666666665,33.76593570284835,89736,351.90588235294115,16,254,255,0.8514103069274824,108,108,327,0.022708333333333334,16,27,0.7569444444444444,65.23853211009174,49.19571865443425,0.07326388888888889,0.009652777777777777,0.028680555555555556,0.020555555555555556,0.01513888888888889,1,65.42641749130783,48.46646830703396,8.55960300558514,4.921834125043267,0.8181482853408245,91.94140533368518,-0.7575385687148117,0.7575385687148117,0.00702059374164215,45,0.7057638888888889,10163,0.7873483853416264,212.0909090909091,83.55776939606683,4.25635101010101,1.7186488750384639
RHF_MPM_P28,135,0.00675,6.75,0,255,7.379305555555556,36.522932515308064,106262,416.71372549019605,24,255,255,1.0703836802893127,110,110,374,0.025972222222222223,17,29,0.7586206896551724,65.02673796791444,47.6524064171123,0.09645833333333333,0.011666666666666667,0.03277777777777778,0.023958333333333335,0.018194444444444444,1,65.63476125049407,46.918428036362954,8.848944649308784,5.804473471476365,0.7548035357258562,91.01096266730333,-0.5040405559057832,0.5040405559057832,0.015113587171331239,47,1.1476388888888893,16526,1.5619973756735395,230.0,94.51118259954023,4.624513888888889,1.9043998958776782
RHF_MPM_P28,136,0.0068,6.8,0,255,6.811875,34.84455697309181,98091,384.67058823529413,20,254,255,0.9889089833865582,107,107,356,0.024722222222222222,15,30,0.7911111111111111,65.0252808988764,47.19101123595506,0.086875,0.009652777777777777,0.030833333333333334,0.02236111111111111,0.01597222222222222,1,65.38652883546911,46.4419467637194,9.437226356046747,5.149561669958112,0.8380035746049564,89.51584231964748,-0.5230907671776489,0.5230907671776489,0.01348747591522158,-18,-0.5674305555555561,-8171,0.537265051021508,246.0,99.46036213670065,4.934229797979798,1.9571848919727972
RHF_MPM_P28,137,0.00685,6.85,0,255,6.495,33.47380157177649,93528,366.77647058823527,20,250,255,0.9801741357934447,105,105,338,0.02347222222222222,14,32,0.7544642857142857,65.03550295857988,47.30473372781065,0.08520833333333333,0.008472222222222223,0.030694444444444444,0.021041666666666667,0.01423611111111111,1,65.19119408091694,46.486870242066544,10.029929848714547,4.825194212732359,0.8766769413058114,86.66191041401582,-0.5880921889012126,0.5880921889012126,0.011590112052005816,-18,-0.3168749999999996,-4563,0.20043399223375352,260.45454545454544,100.22371669634764,5.212449494949495,1.9416931604335523
RHF_MPM_P28,138,0.0069,6.9,0,255,5.585972222222222,30.375078379401497,80438,315.44313725490196,18,230,255,0.9094793520078466,106,106,266,0.018472222222222223,14,26,0.7307692307692307,65.16917293233082,49.921052631578945,0.07791666666666666,0.007013888888888889,0.025972222222222223,0.01625,0.012152777777777778,1,65.2211392625376,46.831771053482186,10.587577485401624,4.482417619423956,0.9059588549126228,86.72422817725914,-0.9051378953482085,0.9051378953482085,0.01217086451677068,-72,-0.9090277777777782,-13090,0.34619832988832017,283.8181818181818,61.26665737401645,5.718541666666667,1.0366748528135272
RHF_MPM_P28,139,0.00695,6.95,0,255,4.836944444444445,28.039182833972067,69652,273.14509803921567,16,202,255,0.8707817796627428,107,107,222,0.015416666666666667,14,22,0.7207792207792207,65.3108108108108,51.25675675675676,0.07527777777777778,0.0060416666666666665,0.02034722222222222,0.013819444444444445,0.010069444444444445,1,65.30929477976224,47.385832424050996,11.027621619850917,4.3101957317913415,0.9204524679952316,87.57534785676687,-1.2367763998918024,1.2367763998918024,0.02150692011715385,-44,-0.7490277777777772,-10786,0.56103065653646,290.3636363636364,49.297377262473894,5.866571969696969,0.7421138020280788
RHF_MPM_P28,140,0.007,7.0,0,255,4.423819444444445,26.967707579223543,63703,249.8156862745098,14,186,255,0.8382390436588174,107,107,201,0.013958333333333333,13,20,0.7730769230769231,65.363184079602,52.014925373134325,0.07368055555555555,0.005763888888888889,0.01861111111111111,0.012777777777777779,0.009444444444444445,1,65.3664662574761,48.102271478580285,11.10455820748485,4.338433764928026,0.9205225428007552,87.46713669657483,-1.5461969223928866,1.5461969223928866,0.031191623628400545,-21,-0.41312499999999996,-5949,0.718716562157022,288.27272727272725,52.454466677111164,5.8030050505050506,0.8280498311981446
RHF_MPM_P28,141,0.00705,7.05,0,255,4.1229861111111115,26.36904644706715,59371,232.82745098039214,12,176,255,0.7885011824350548,109,109,192,0.013333333333333334,12,19,0.8421052631578947,65.375,52.364583333333336,0.06930555555555555,0.005555555555555556,0.017708333333333333,0.0125,0.009097222222222222,1,65.3111788583652,48.92503073891294,10.722850372725421,4.147598932891225,0.9221636137436898,87.0993417721686,-1.8521380439208732,1.8521380439208732,0.03553923632749996,-9,-0.3008333333333333,-4332,0.8246147566976855,279.54545454545456,59.311755137752094,5.693762626262626,0.9536866987224341
RHF_MPM_P28,142,0.0071,7.1,0,255,3.724861111111111,25.245777836933865,53638,210.34509803921569,6,151,255,0.7149026955037481,106,106,181,0.012569444444444444,12,19,0.793859649122807,65.38674033149171,52.6353591160221,0.06208333333333333,0.004861111111111111,0.01611111111111111,0.011666666666666667,0.008402777777777778,1,65.3386964465491,49.81164472948283,10.096045752290982,4.046693026366048,0.9161569995102128,88.05451943361815,-2.1474573687457563,2.1474573687457563,0.032365114284648944,-11,-0.3981250000000003,-5733,0.8870409155916802,272.90909090909093,65.55421704132257,5.500801767676768,1.1056913934887358
RHF_MPM_P28,143,0.00715,7.15,0,255,3.4375694444444442,24.509057105558156,49501,194.12156862745098,2,141,255,0.6337240192358561,105,105,173,0.012013888888888888,12,18,0.8009259259259259,65.30635838150289,52.971098265895954,0.05381944444444445,0.0044444444444444444,0.015416666666666667,0.010902777777777779,0.00798611111111111,1,65.38726490373932,50.81525625744934,9.01028947988524,3.9489870920780716,0.8988408001743089,88.36078622599658,-2.3945631551212547,2.3945631551212547,0.02533282155916042,-8,-0.28729166666666694,-4137,1.00478604394225,264.72727272727275,71.61651778629502,5.32508207070707,1.2558366263294491
RHF_MPM_P28,144,0.0072,7.2,0,255,3.2779861111111113,24.247514508360243,47203,185.10980392156864,0,141,255,0.5720196625880191,107,107,169,0.01173611111111111,12,18,0.7824074074074074,65.39644970414201,53.124260355029584,0.04763888888888889,0.0043055555555555555,0.014791666666666667,0.010694444444444444,0.007916666666666667,1,65.49035018960659,51.60119060229223,7.943167557896037,3.9319139519683386,0.8688896738884552,89.29494328660626,-2.5227942569043877,2.5227942569043877,0.01942673135182086,-4,-0.15958333333333297,-2298,0.7926659892829717,254.45454545454547,76.35010702661265,5.12072601010101,1.3829901553968578
RHF_MPM_P28,145,0.00725,7.25,0,255,3.265,24.438390165657168,47016,184.3764705882353,0,146,255,0.5330439748129596,107,107,171,0.011875,12,18,0.7916666666666666,65.40350877192982,53.11695906432749,0.043819444444444446,0.004375,0.014930555555555556,0.010763888888888889,0.008125,1,65.50657223072996,52.17192019737961,6.628385293807738,4.049727756261938,0.7916557063526822,88.51478229983246,-1.7687185715261153,1.7687185715261153,0.013123192104815383,2,-0.012986111111111143,-187,0.5709600908354449,240.27272727272728,76.04554963858641,4.85102904040404,1.4285627978440667
RHF_MPM_P28,146,0.0073,7.3,0,255,3.250208333333333,24.49865571620291,46803,183.54117647058823,0,146,255,0.503366378794199,106,106,170,0.011805555555555555,12,18,0.7870370370370371,65.45294117647059,53.1764705882353,0.04076388888888889,0.0045138888888888885,0.014930555555555556,0.011041666666666667,0.00798611111111111,1,65.52389804072388,52.42035766938017,5.987759362136684,3.9424629066641383,0.7526503693933358,89.46028033878653,-0.9907359416360725,0.9907359416360725,0.010704442022947246,-1,-0.01479166666666698,-213,0.24904088255941262,221.72727272727272,65.28551406788061,4.475656565656565,1.2456908888997351
RHF_MPM_P28,147,0.00735,7.35,0,255,3.305763888888889,24.736040846861183,47603,186.67843137254903,0,152,255,0.5045123833369364,107,107,171,0.011875,12,18,0.7916666666666666,65.38011695906432,53.12280701754386,0.041041666666666664,0.004861111111111111,0.015,0.011041666666666667,0.008125,1,65.55759090813604,52.53555448186039,5.920870824300487,3.971313881206191,0.7417003510875477,92.60062500958871,-1.0189662328498794,1.0189662328498794,0.009474192802974603,1,0.0555555555555558,800,0.1200229766338777,204.9090909090909,50.737209844550165,4.156919191919192,1.0384607206721226
RHF_MPM_P28,148,0.0074,7.4,0,255,3.214722222222222,24.27369701115811,46292,181.53725490196078,0,142,255,0.5082931285023325,108,108,166,0.011527777777777777,12,17,0.8137254901960784,65.46987951807229,53.33132530120482,0.041180555555555554,0.004375,0.014791666666666667,0.010486111111111111,0.007916666666666667,1,65.65672254385207,52.50213859846194,5.952939969951811,4.093682502146386,0.7260195335928261,90.52895840218842,-1.0239259551655333,1.0239259551655333,0.010260952216365679,-5,-0.09104166666666691,-1311,0.10461215255903672,189.27272727272728,29.276397285467503,3.858712121212122,0.7571068490427133
RHF_MPM_P28,149,0.00745,7.45,0,255,3.238541666666667,24.42114806624095,46635,182.88235294117646,0,145,255,0.5095641859101867,108,108,168,0.011666666666666667,12,18,0.7777777777777778,65.43452380952381,53.26190476190476,0.04145833333333333,0.004583333333333333,0.014791666666666667,0.010833333333333334,0.007916666666666667,1,65.67114827918945,52.68579393159644,5.914347036382773,4.015832944692931,0.7341396297776396,91.53158784164721,-1.0897640115819918,1.0897640115819918,0.010206926128444302,2,0.023819444444444837,343,0.18422101733724494,180.36363636363637,16.84297926179401,3.6453093434343433,0.5398277776286998
RHF_MPM_P28,150,0.0075,7.5,0,255,3.2510416666666666,24.520328137496158,46815,183.58823529411765,0,150,255,0.49581922982623816,105,105,170,0.011805555555555555,12,18,0.7870370370370371,65.42941176470588,53.32941176470588,0.04006944444444444,0.004652777777777777,0.015069444444444444,0.010833333333333334,0.008125,1,65.61610594894799,52.832340061945956,5.8043118716019,4.029848697442832,0.7196998354980422,89.64133439783923,-0.778780238675109,0.778780238675109,0.009355975648830502,2,0.012499999999999734,180,0.15654209158825874,175.63636363636363,10.653831809795243,3.501136363636364,0.39454954549313836
RHF_MPM_P28,151,0.00755,7.55,0,255,3.3241666666666667,24.812856196715625,47868,187.71764705882353,0,154,255,0.5203776718211687,109,109,171,0.011875,12,17,0.8382352941176471,65.3859649122807,53.421052631578945,0.0425,0.004791666666666666,0.015208333333333334,0.010902777777777779,0.008263888888888888,1,65.56455251942843,52.92019720899139,5.89277333349684,4.269502351113,0.6892412519400328,82.2899766362295,-0.8130381761963562,0.8130381761963562,0.010257374446394251,1,0.0731250000000001,1053,0.10186576648801549,172.9090909090909,7.038266127580331,3.4011679292929298,0.26669806248358224
RHF_MPM_P28,152,0.0076,7.6,0,255,3.392708333333333,25.051666381665388,48855,191.58823529411765,0,159,255,0.532251759614628,107,107,174,0.012083333333333333,12,17,0.8529411764705882,65.39655172413794,53.37931034482759,0.043611111111111114,0.004791666666666666,0.015486111111111112,0.011319444444444444,0.008333333333333333,1,65.59678640876062,52.76374987207041,5.962171941630137,4.326124226211303,0.6881216394089315,90.14993274686572,-1.0803656936506627,1.0803656936506627,0.010889366492682427,3,0.0685416666666665,987,0.1597335057248334,171.27272727272728,3.71950409917796,3.33477904040404,0.13914484564688298
RHF_MPM_P28,153,0.00765,7.65,0,255,3.3334722222222224,24.877514761757265,48002,188.24313725490197,0,156,255,0.4968970414213005,105,105,172,0.011944444444444445,12,17,0.8431372549019608,65.3953488372093,53.31976744186046,0.04013888888888889,0.004791666666666666,0.015277777777777777,0.011111111111111112,0.008333333333333333,1,65.53281113286947,52.78011332861131,5.805994615957331,4.089459329284419,0.7098516562450065,85.30318095333011,-0.6923088571456145,0.6923088571456145,0.008437148452147826,-2,-0.05923611111111082,-853,0.06603482895650473,170.45454545454547,2.147456692912312,3.2991982323232323,0.06528672544815584
RHF_MPM_P28,154,0.0077,7.7,0,255,3.372708333333333,25.040124293009715,48567,190.45882352941177,0,162,255,0.5165961828723356,109,109,172,0.011944444444444445,12,17,0.8431372549019608,65.45930232558139,53.33139534883721,0.042152777777777775,0.004861111111111111,0.015416666666666667,0.01125,0.008402777777777778,1,65.58788889575226,52.799555253567235,5.878432819808593,4.3593792089273,0.6708548549072041,82.71037378774602,-0.6992669756650463,0.6992669756650463,0.009945024399283464,0,0.039236111111110805,565,0.058408461802761234,170.36363636363637,2.05703790890632,3.2933017676767675,0.05457323109630381
RHF_MPM_P28,155,0.00775,7.75,0,255,3.3917361111111113,24.976079134451076,48841,191.53333333333333,0,157,255,0.528367313779486,106,106,176,0.012222222222222223,12,18,0.8148148148148148,65.44886363636364,53.28409090909091,0.043055555555555555,0.004722222222222222,0.015486111111111112,0.01125,0.008194444444444445,1,65.6328289756557,52.69425277942712,6.063176826416682,4.309387444017667,0.7034472745028605,86.44549926818844,-0.9849942087994532,0.9849942087994532,0.009684486394627465,4,0.019027777777778088,274,0.11449114307123381,171.0,2.5584085962673253,3.3036426767676774,0.06108048735994965
RHF_MPM_P28,156,0.0078,7.8,0,255,3.447013888888889,25.21669912368095,49637,194.65490196078431,0,166,255,0.5332598028063009,109,109,176,0.012222222222222223,12,18,0.8148148148148148,65.48863636363636,53.40909090909091,0.04375,0.004930555555555555,0.01576388888888889,0.01138888888888889,0.008333333333333333,1,65.69291053045107,52.80724056651288,6.024478121670331,4.281076146815121,0.7035824736207502,85.01260291055362,-0.7376488432912551,0.7376488432912551,0.009811229526361384,0,0.05527777777777754,796,0.12796887612684393,171.45454545454547,2.934547707557995,3.320189393939394,0.07204127664937165
RHF_MPM_P28,157,0.00785,7.85,0,255,3.3959722222222224,24.93779506423724,48902,191.77254901960785,0,157,255,0.5387315308026009,107,107,174,0.012083333333333333,12,18,0.8055555555555556,65.5632183908046,53.2816091954023,0.04416666666666667,0.004791666666666666,0.015486111111111112,0.011180555555555555,0.008194444444444445,1,65.74958079424154,52.73262852235082,6.191213366709097,4.415011863639202,0.7010528642861439,84.76017666163364,-0.8443281474621351,0.8443281474621351,0.010388123185145802,-2,-0.05104166666666643,-735,0.09369352129214692,171.8181818181818,2.979267201486171,3.3334406565656565,0.07135285787733049
RHF_MPM_P28,158,0.0079,7.9,0,255,3.3749305555555558,24.926010998568003,48599,190.5843137254902,0,156,255,0.5360858322324984,108,108,173,0.012013888888888888,12,18,0.8009259259259259,65.57803468208093,53.4393063583815,0.043958333333333335,0.004652777777777777,0.015208333333333334,0.011180555555555555,0.008263888888888888,1,65.80413177225869,52.95425831807239,6.015445160571842,4.236420494105228,0.7099449365789502,82.60698011916077,-0.5949396271413261,0.5949396271413261,0.010494043087306323,-1,-0.021041666666666625,-303,0.22824455208002567,172.0,2.9848100289785457,3.339728535353536,0.07168366761675557
RHF_MPM_P28,159,0.00795,7.95,0,255,3.348263888888889,24.86127127654413,48215,189.07843137254903,0,154,255,0.5118058568325419,103,103,176,0.012222222222222223,12,19,0.7719298245614035,65.57386363636364,53.39204545454545,0.04159722222222222,0.004652777777777777,0.015416666666666667,0.01125,0.008125,1,65.78707870994504,52.8780047702997,5.91998148766794,4.180052595354758,0.7081199351847988,87.61183890557527,-0.8876896333078228,0.8876896333078228,0.009561339832002488,3,-0.02666666666666684,-384,0.07813712614497534,172.9090909090909,2.5028908905338554,3.351868686868687,0.05980961317019708
RHF_MPM_P28,160,0.008,8.0,0,255,3.3866666666666667,24.985580619407042,48768,191.24705882352941,0,160,255,0.5184584688180921,109,109,174,0.012083333333333333,12,17,0.8529411764705882,65.51724137931035,53.37931034482759,0.042083333333333334,0.004722222222222222,0.015555555555555555,0.011180555555555555,0.008263888888888888,1,65.74089566929133,52.83243110236221,5.822272320338329,4.153709903960385,0.7007394167952191,89.400961251419,-0.7687011087314758,0.7687011087314758,0.009924540682414698,-2,0.038402777777777786,553,0.06488322166244541,173.45454545454547,1.970862126243527,3.3653345959595966,0.048356945735301075
RHF_MPM_P28,161,0.00805,8.05,0,255,3.33625,24.767117926435134,48042,188.4,0,153,255,0.5068719524147621,106,106,174,0.012083333333333333,12,18,0.8055555555555556,65.52298850574712,53.224137931034484,0.041041666666666664,0.004583333333333333,0.015208333333333334,0.01125,0.007916666666666667,1,65.73835394030223,52.672827942217225,5.9681557470670255,4.150368374959091,0.7186045763413123,88.3610305836357,-0.9196172846955071,0.9196172846955071,0.008846426043878274,0,-0.050416666666666554,-726,0.15962339776648946,173.8181818181818,1.6414063713879807,3.3730808080808075,0.03417246954200893
RHF_MPM_P28,162,0.0081,8.1,0,255,3.310277777777778,24.604899691153562,47668,186.93333333333334,0,147,255,0.5201147928709449,107,107,170,0.011805555555555555,12,17,0.8333333333333334,65.46470588235294,53.5,0.042291666666666665,0.004583333333333333,0.015277777777777777,0.010972222222222222,0.007916666666666667,1,65.67754048837794,52.78574725182512,6.038769827639598,4.330504167338174,0.6969528591737009,83.31752788106643,-1.0090017618550244,1.0090017618550244,0.010782915163212219,-4,-0.025972222222222285,-374,0.12825383587741868,173.72727272727272,1.8136306675690912,3.371818181818182,0.03615550420775352
RHF_MPM_P28,163,0.00815,8.15,0,255,3.2978472222222224,24.67870980395389,47489,186.2313725490196,0,150,255,0.5075363317977625,109,109,168,0.011666666666666667,12,17,0.8235294117647058,65.5297619047619,53.63690476190476,0.041180555555555554,0.004652777777777777,0.015,0.010833333333333334,0.007916666666666667,1,65.72818968603255,52.98039546000126,5.831513225918507,4.263557424573461,0.6822449419484935,87.74268586495513,-0.9963457231229086,0.9963457231229086,0.010465581503084924,-2,-0.0124305555555555,-179,0.20112997332381247,173.1818181818182,2.442732516826255,3.3631944444444444,0.041116986595570615
RHF_MPM_P28,164,0.0082,8.2,0,255,3.3296527777777776,24.84800760270089,47947,188.02745098039216,0,155,255,0.5082893296351456,109,109,173,0.012013888888888888,13,17,0.7828054298642534,65.6242774566474,53.445086705202314,0.04138888888888889,0.004791666666666666,0.015277777777777777,0.010972222222222222,0.008055555555555555,1,65.79890295534653,52.9582872755334,5.832978689376523,4.134095831958173,0.7054645254891244,92.2513772073633,-1.1987923202684705,1.1987923202684705,0.00967735207625086,5,0.0318055555555552,458,0.07408871896272061,173.27272727272728,2.4155145919248038,3.362847222222222,0.041381791303847046
RHF_MPM_P28,165,0.00825,8.25,0,255,3.312361111111111,24.707799319302644,47698,187.05098039215687,0,154,255,0.5051538932440455,108,108,171,0.011875,13,17,0.7737556561085973,65.67836257309942,53.50292397660819,0.04097222222222222,0.004652777777777777,0.015347222222222222,0.011041666666666667,0.008055555555555555,1,65.85079038953415,52.92312046626693,5.921823998159383,4.231008925415202,0.6996586043611482,89.90281599874191,-1.1301704715596512,1.1301704715596512,0.009182774959117783,-2,-0.017291666666666483,-249,0.06268181794235815,173.1818181818182,2.4796693994519736,3.357361111111111,0.04364892324308337
RHF_MPM_P28,166,0.0083,8.3,0,255,3.3109722222222224,24.7196860742676,47678,186.97254901960784,0,153,255,0.49990575074690863,108,108,172,0.011944444444444445,13,17,0.7782805429864253,65.62790697674419,53.56395348837209,0.04020833333333333,0.004583333333333333,0.01513888888888889,0.011041666666666667,0.00798611111111111,1,65.79296530894753,52.94953647384538,5.855993574571345,4.2172147308388706,0.693814689073337,88.70034646710774,-1.00882492848442,1.00882492848442,0.009794873946054784,1,-0.001388888888888662,-20,0.06357315000245178,172.8181818181818,2.328408813611945,3.3500189393939404,0.044040084581769244
RHF_MPM_P28,167,0.00835,8.35,0,255,3.317083333333333,24.825410085988505,47766,187.31764705882352,0,153,255,0.5020896789360914,108,108,169,0.01173611111111111,13,17,0.7647058823529411,65.63313609467455,53.76923076923077,0.04069444444444444,0.004791666666666666,0.015,0.011041666666666667,0.00798611111111111,1,65.7168906753758,53.127852447347486,5.754518622784349,4.3463555037111865,0.6553857019783025,83.32693800274497,-0.9926053081984771,0.9926053081984771,0.00954653937947494,-3,0.006111111111110734,88,0.1938657687140218,172.1818181818182,2.328408813611945,3.338207070707071,0.03230090177193317
RHF_MPM_P28,168,0.0084,8.4,0,255,3.3038194444444446,24.847663356958403,47575,186.5686274509804,0,151,255,0.4979496020220478,110,110,169,0.01173611111111111,13,16,0.8125,65.57988165680473,53.80473372781065,0.04034722222222222,0.004652777777777777,0.015,0.011111111111111112,0.008055555555555555,1,65.65624802942722,53.199180241723596,5.611614861258469,4.326679912489991,0.6368082058957281,81.85374659446124,-0.8552867427903995,0.8552867427903995,0.00884918549658434,0,-0.01326388888888852,-191,0.09362256543272549,171.72727272727272,2.415514591924804,3.3298295454545452,0.027880450458678
RHF_MPM_P28,169,0.00845,8.45,0,255,3.3177777777777777,24.883324750066738,47776,187.35686274509803,0,152,255,0.49906250323161855,105,105,175,0.012152777777777778,13,17,0.7918552036199095,65.65142857142857,53.69714285714286,0.04041666666666666,0.004722222222222222,0.014930555555555556,0.011180555555555555,0.008263888888888888,1,65.79267833221701,53.182539350301404,5.641186388869573,4.215050924480488,0.6646079261261361,91.4224051839695,-1.1959553003188548,1.1959553003188548,0.008874748827863363,6,0.013958333333333073,201,0.13744143038632517,171.9090909090909,2.5745095015465993,3.3246338383838387,0.024054312778981093
RHF_MPM_P28,170,0.0085,8.5,0,255,3.3286805555555556,24.881230870838262,47933,187.97254901960784,0,157,255,0.5038927135714364,108,108,174,0.012083333333333333,13,17,0.7873303167420814,65.64367816091954,53.54022988505747,0.04069444444444444,0.004652777777777777,0.01513888888888889,0.011041666666666667,0.008125,1,65.795965201427,53.06016731687981,5.772346930217959,4.369174668129988,0.6535136004330757,83.69039671828405,-0.9049605123726567,0.9049605123726567,0.008762230613564768,-1,0.010902777777777928,157,0.12241616753083961,171.72727272727272,2.3390327873215653,3.322853535353535,0.022938340197699674
RHF_MPM_P28,171,0.00855,8.55,0,255,3.3431944444444444,24.930430887571305,48142,188.7921568627451,0,157,255,0.4921844166588184,107,107,174,0.012083333333333333,13,17,0.7873303167420814,65.64942528735632,53.53448275862069,0.03958333333333333,0.004791666666666666,0.015277777777777777,0.011111111111111112,0.008194444444444445,1,65.76467533546591,53.08678492792156,5.700531854322327,4.154695641089552,0.6846989921415195,85.84185714415565,-0.7584935980016431,0.7584935980016431,0.008371068921108388,0,0.014513888888888715,209,0.04107983604437329,171.72727272727272,2.3390327873215653,3.318901515151515,0.013340559193296067
RHF_MPM_P28,172,0.0086,8.6,0,255,3.3350694444444446,24.86837892051,48025,188.33333333333334,0,153,255,0.4963738170807356,108,108,174,0.012083333333333333,13,17,0.7873303167420814,65.70114942528735,53.58620689655172,0.04006944444444444,0.004791666666666666,0.01513888888888889,0.011041666666666667,0.008333333333333333,1,65.83450286309214,53.08074960957835,5.784300809307688,4.182585815139533,0.6907509796395942,85.82473215021832,-0.8970045173826283,0.8970045173826283,0.008766267568974492,0,-0.008124999999999716,-117,0.0700878640129372,171.72727272727272,2.3390327873215653,3.3187941919191917,0.013204617049051414
RHF_MPM_P28,173,0.00865,8.65,0,255,3.370347222222222,25.027090791591174,48533,190.32549019607842,0,154,255,0.5131504601417347,110,110,171,0.011875,13,17,0.7737556561085973,65.59649122807018,53.71345029239766,0.041805555555555554,0.004791666666666666,0.015069444444444444,0.011180555555555555,0.008125,1,65.69907073537593,53.06570786887273,5.801225472965556,4.378275059192594,0.6560521643220926,84.21729721543043,-0.9932616812815124,0.9932616812815124,0.010405291245132177,-3,0.03527777777777752,508,0.13626487141298033,171.8181818181818,2.289032420366213,3.3242550505050503,0.019482243448581973
RHF_MPM_P28,174,0.0087,8.7,0,255,3.3314583333333334,24.92008748727147,47973,188.12941176470588,0,154,255,0.49629793697335156,109,109,172,0.011944444444444445,13,18,0.7350427350427351,65.51162790697674,53.72674418604651,0.04013888888888889,0.004722222222222222,0.015069444444444444,0.011111111111111112,0.008333333333333333,1,65.70322889958935,53.14933400037521,5.696737194138896,4.191249467817834,0.6772770520912902,88.05965586790445,-0.9135311980980804,0.9135311980980804,0.009838867696412566,1,-0.03888888888888875,-560,0.08372944643132764,172.1818181818182,1.9455395053666087,3.3273106060606055,0.017650519382759647
RHF_MPM_P28,175,0.00875,8.75,0,255,3.3725694444444443,25.045123395542596,48565,190.45098039215685,0,160,255,0.5123759577139895,109,109,174,0.012083333333333333,13,18,0.7435897435897436,65.5,53.62643678160919,0.04159722222222222,0.004722222222222222,0.015347222222222222,0.011319444444444444,0.008402777777777778,1,65.67598064449706,53.09004427056522,5.77373661656502,4.306605824988321,0.6660626644784164,84.50951285027395,-0.8235477183002602,0.8235477183002602,0.009368887058581283,2,0.041111111111110876,592,0.0652513560511661,172.27272727272728,2.0041279713680553,3.331212121212121,0.02195529722277034
RHF_MPM_P28,176,0.0088,8.8,0,255,3.375347222222222,24.988683894837354,48605,190.6078431372549,0,160,255,0.5046417043158762,109,109,172,0.011944444444444445,12,17,0.8431372549019608,65.51744186046511,53.401162790697676,0.04069444444444444,0.004652777777777777,0.015486111111111112,0.011319444444444444,0.008055555555555555,1,65.70861022528547,52.867811953502724,5.853500776740948,4.169605841661567,0.7018478761607634,86.73419800044115,-0.8892110374589804,0.8892110374589804,0.008435346157802694,-2,0.002777777777777768,40,0.22461498678715625,172.36363636363637,1.966664332071267,3.3369381313131314,0.024372624897692655
RHF_MPM_P28,177,0.00885,8.85,0,255,3.3248611111111113,24.79082253425962,47878,187.75686274509803,0,153,255,0.4960930168474169,109,109,171,0.011875,13,17,0.7737556561085973,65.57309941520468,53.63742690058479,0.03993055555555555,0.004791666666666666,0.01513888888888889,0.010972222222222222,0.00798611111111111,1,65.70921926563348,53.047662809641174,5.5757898235910766,3.9585057759939164,0.7042568223206727,83.5000734902175,-0.2586580535425791,0.2586580535425791,0.010234345628472367,-1,-0.05048611111111079,-727,0.17985188735145166,172.27272727272728,2.0041279713680553,3.3382007575757573,0.023332308451845665
RHF_MPM_P28,178,0.0089,8.9,0,11,0.01875,0.33509301154886667,270,24.545454545454547,0,0,6,0.05654945526620662,3,8,9,0.000625,64,107,0.001314252336448598,91.44444444444444,58.44444444444444,0.004583333333333333,0.0,0.0,0.0,0.0,0,86.58148148148148,62.785185185185185,32.773112262964474,23.291429718525432,0.7035081920094948,109.3895487118472,-0.056058323012569626,0.056058323012569626,0.0,-162,-3.3061111111111114,-47608,23.031948941010967,157.72727272727272,47.06299629044788,3.038352272727272,0.9551437538941454
RHF_MPM_P28,179,0.00895,8.95,0,255,2.946875,21.564187710722234,42435,166.41176470588235,2,94,255,0.6357086454397672,103,103,136,0.009444444444444445,16,12,0.7083333333333334,67.82352941176471,56.6985294117647,0.05340277777777778,0.002916666666666667,0.012430555555555556,0.008055555555555555,0.005763888888888889,1,70.32211617768351,56.732791327913276,7.90213744625307,4.960333931565859,0.7784387786705318,-176.81403628116453,-0.8095014151804839,0.8095014151804839,0.019983504182867914,127,2.928125,42165,17.349306369013483,154.72727272727272,47.29999213740259,3.0059027777777776,0.9516305672539038
RHF_MPM_P28,180,0.009,9.0,0,255,4.514722222222222,24.30051565366362,65012,254.94901960784313,23,124,255,1.0145412944429657,102,102,169,0.01173611111111111,23,12,0.6123188405797102,69.76923076923077,56.69822485207101,0.08972222222222222,0.003611111111111111,0.018472222222222223,0.009652777777777777,0.006805555555555555,1,80.10316556943333,58.00159970466991,16.799676938966453,4.489238194431047,0.9636350783440055,-172.70956755302126,-0.8275329169859146,0.8275329169859146,0.017242970528517813,33,1.567847222222222,22577,9.8630016678888,154.1818181818182,47.09722667345264,3.1147159090909087,1.0449286591199611
RHF_MPM_P28,181,0.00905,9.05,0,255,3.6625,23.802249178853295,52740,206.8235294117647,7,112,255,0.7094840927334645,107,107,150,0.010416666666666666,17,12,0.7352941176470589,68.40666666666667,56.473333333333336,0.059166666666666666,0.0038194444444444443,0.017291666666666667,0.009305555555555555,0.007013888888888889,1,74.07658323852863,56.479844520288204,11.93818180657247,3.9781702064180378,0.942845276474861,-179.71026108414281,-1.3064948078773015,1.3064948078773015,0.015206674251042851,-19,-0.8522222222222218,-12272,6.215740779051629,152.0,46.68268123482977,3.145063131313131,1.0554960478202715
RHF_MPM_P28,182,0.0091,9.1,0,255,4.486319444444445,27.421498187414922,64603,253.34509803921569,11,196,255,0.7674387378669838,109,109,205,0.01423611111111111,23,12,0.7427536231884058,70.39024390243902,56.50243902439024,0.06479166666666666,0.005694444444444445,0.020694444444444446,0.013194444444444444,0.009791666666666667,1,75.92765041871121,56.42967044874077,15.022057851465632,3.910861725100946,0.9655166593381083,179.12205606443322,-1.5637681851121275,1.5637681851121275,0.005077163599213659,55,0.8238194444444447,11863,1.85174705157177,154.8181818181818,48.81284887072289,3.248983585858586,1.1239423063192076
RHF_MPM_P28,183,0.00915,9.15,0,255,4.415208333333333,28.615046145844666,63579,249.3294117647059,2,218,255,0.6407074847036727,108,108,236,0.01638888888888889,26,12,0.7564102564102564,71.4322033898305,56.347457627118644,0.05298611111111111,0.006111111111111111,0.02020833333333333,0.015069444444444444,0.011041666666666667,1,71.72725270922788,56.26694348762956,7.443193112116338,4.135643985924081,0.8314312366853998,174.19059599134567,-0.7245348653439296,0.7245348653439296,0.007659761871058054,31,-0.07111111111111157,-1024,4.203548617740166,160.45454545454547,54.00566239060432,3.3471780303030303,1.1732749478482838
RHF_MPM_P28,184,0.0092,9.2,0,255,5.426736111111111,31.02757813018617,78145,306.45098039215685,12,229,255,0.7715461873443148,105,105,290,0.02013888888888889,33,13,0.675990675990676,73.75862068965517,56.148275862068964,0.06430555555555556,0.006875,0.025486111111111112,0.017777777777777778,0.012430555555555556,1,74.24951052530552,56.14187727941647,9.298982941249255,4.254261654832735,0.8892108957711425,176.33484237661665,-0.5304926022341317,0.5304926022341317,0.004261309104869154,54,1.0115277777777782,14566,2.5253566178267874,171.27272727272728,65.68947737664328,3.534122474747475,1.3170873394570053
RHF_MPM_P28,185,0.00925,9.25,0,255,5.580069444444445,31.420945420313,80353,315.10980392156864,13,236,255,0.783137665637669,105,105,294,0.020416666666666666,31,14,0.6774193548387096,73.04761904761905,56.326530612244895,0.06541666666666666,0.007152777777777778,0.02652777777777778,0.017777777777777778,0.013055555555555556,1,74.14949037372594,56.20675021467773,9.348801455427061,4.224130943392586,0.892100700517801,177.3001422272638,-0.5392285963478786,0.5392285963478786,0.004069543140890819,4,0.15333333333333332,2208,0.11921630950258126,182.36363636363637,74.57427380839579,3.738541666666667,1.4386570960340537
RHF_MPM_P28,186,0.0093,9.3,0,255,5.707986111111111,31.951546521427073,82195,322.3333333333333,15,245,255,0.7994516250621033,107,107,294,0.020416666666666666,29,14,0.7241379310344828,72.74149659863946,56.22789115646258,0.06736111111111111,0.0077777777777777776,0.025833333333333333,0.018541666666666668,0.013819444444444445,1,74.03112111442302,56.171482450270695,9.065705958387573,4.221721407425479,0.8849529832004533,176.6385953491552,-0.6741764417800283,0.6741764417800283,0.007810694081148488,0,0.12791666666666668,1842,0.12351152478288455,193.27272727272728,81.04890881334993,3.950852272727273,1.5378857583789054
RHF_MPM_P28,187,0.00935,9.35,0,255,6.505833333333333,34.222727899177045,93684,367.38823529411764,18,254,255,0.9112705893169701,108,108,331,0.02298611111111111,31,15,0.7118279569892473,73.86404833836858,56.2416918429003,0.07888888888888888,0.009722222222222222,0.029722222222222223,0.021041666666666667,0.015555555555555555,1,75.19355492933693,56.145200888091885,9.628743792147475,4.57693982163162,0.8798014695345392,177.42124007133754,-0.5128751073596222,0.5128751073596222,0.0077921523419153755,37,0.7978472222222219,11489,1.1627308779618206,207.72727272727272,89.68438691432499,4.23544191919192,1.6874358408098615
RHF_MPM_P28,188,0.0094,9.4,0,255,6.818125,34.58294444497714,98181,385.0235294117647,21,254,255,0.9859418771547748,108,108,342,0.02375,31,15,0.7354838709677419,74.52631578947368,56.26608187134503,0.08590277777777777,0.00951388888888889,0.03125,0.021736111111111112,0.015833333333333335,1,76.33058331041647,56.104633279351404,10.351291914191043,4.773179361470987,0.8873382055121011,177.1995291632029,-0.5941737383957363,0.5941737383957363,0.009900082500687506,11,0.31229166666666686,4497,1.1377518491566134,223.27272727272728,96.52987376416495,4.553011363636364,1.81041375232548
RHF_MPM_P28,189,0.00945,9.45,0,255,6.498888888888889,33.12128174332913,93584,366.99607843137255,22,249,255,1.0080407472199557,106,106,323,0.022430555555555554,30,14,0.7690476190476191,74.30650154798762,56.3405572755418,0.088125,0.008194444444444445,0.029652777777777778,0.02,0.014166666666666666,1,76.54400324841853,56.14913874166524,10.790536905101407,4.559628213858957,0.9063358626276569,177.50352068770704,-0.7149010207562919,0.7149010207562919,0.015216276286544709,-19,-0.3192361111111115,-4597,0.21801102291529253,251.8181818181818,72.34239066828872,5.1421148989899,1.1856343910326304
RHF_MPM_P28,190,0.0095,9.5,0,255,6.2463194444444445,32.27247204245886,89947,352.73333333333335,21,245,255,1.0191302813733,106,106,305,0.021180555555555557,30,14,0.7261904761904762,73.73114754098361,56.25573770491803,0.089375,0.0077777777777777776,0.028333333333333332,0.018819444444444444,0.013541666666666667,1,76.47225588402058,56.10067039478804,11.206393191202814,4.591910814383219,0.9121942051206673,177.46323977812023,-0.8572401616824088,0.8572401616824088,0.01799948858772388,-18,-0.2525694444444442,-3637,0.08658443824995858,267.1818181818182,63.52210521731525,5.442064393939394,0.9942352369604923
RHF_MPM_P28,191,0.00955,9.55,0,255,5.942152777777777,31.207151527761365,85567,335.55686274509804,20,238,255,1.01120112043962,107,107,276,0.019166666666666665,28,14,0.7040816326530612,72.94927536231884,56.20652173913044,0.08909722222222222,0.007430555555555556,0.02638888888888889,0.017430555555555557,0.012638888888888889,1,76.50999801325277,56.08532495003915,11.751422707732244,4.371649566946155,0.9282286260821907,177.7638733898638,-0.9863323574003489,0.9863323574003489,0.01885072516273797,-29,-0.30416666666666714,-4380,0.04074249616211776,276.90909090909093,55.41816988785364,5.571830808080808,0.9571944380288671
RHF_MPM_P28,192,0.0096,9.6,0,255,5.450972222222222,29.813400448070432,78494,307.81960784313725,19,228,255,0.9670171343420235,108,108,249,0.017291666666666667,25,14,0.7114285714285714,71.87550200803213,56.204819277108435,0.08520833333333333,0.006944444444444444,0.02326388888888889,0.015486111111111112,0.01173611111111111,1,76.00179631564195,56.058170051214105,11.983133692747435,4.291545549085346,0.9336709035869543,177.59027918834326,-1.138916083117176,1.138916083117176,0.022167299411419983,-27,-0.4911805555555553,-7073,0.5089266685729023,285.90909090909093,39.96010407087765,5.734419191919192,0.7481316710230805
RHF_MPM_P28,193,0.00965,9.65,0,255,5.167222222222223,29.175600213868886,74408,291.79607843137256,18,221,255,0.9391443866449859,110,110,231,0.016041666666666666,24,13,0.7403846153846154,71.27272727272727,56.21212121212121,0.08354166666666667,0.006805555555555555,0.021111111111111112,0.014861111111111111,0.011319444444444444,1,75.44938716267067,56.061176217611006,12.027883381583091,4.21476703954768,0.9365940310128049,177.62230936352327,-1.2680917951079085,1.2680917951079085,0.026354693043758735,-18,-0.2837499999999995,-4086,0.5524173325691836,288.27272727272725,35.63984213078725,5.796319444444444,0.665959481292898
RHF_MPM_P28,194,0.0097,9.7,0,255,4.881180555555556,28.608045318399892,70289,275.64313725490194,16,216,255,0.8909036088084586,110,110,224,0.015555555555555555,23,14,0.6956521739130435,70.89732142857143,56.308035714285715,0.07916666666666666,0.006736111111111111,0.02020833333333333,0.014305555555555556,0.010902777777777779,1,74.75488340992189,56.125382350012096,11.62681034305479,4.16322795470693,0.9336942171428221,177.0907600535068,-1.4716202730357797,1.4716202730357797,0.030986356328870805,-7,-0.28604166666666675,-4119,0.6974653324861777,287.1818181818182,37.365074070990126,5.838680555555555,0.5868865866591677
RHF_MPM_P28,195,0.00975,9.75,0,255,4.667013888888889,28.20800262188859,67205,263.54901960784315,14,213,255,0.8452905697754762,111,111,214,0.014861111111111111,22,13,0.7482517482517482,70.61682242990655,56.191588785046726,0.07479166666666667,0.006458333333333333,0.019583333333333335,0.014027777777777778,0.010486111111111111,1,74.06590283461053,56.15644669295439,11.030329795757932,4.065816143872708,0.9295867873025733,177.1935585960131,-1.5845270595023118,1.5845270595023118,0.03135183394092701,-10,-0.21416666666666728,-3084,0.6896805249960389,280.27272727272725,42.83178706838035,5.769614898989899,0.6701036799012235
RHF_MPM_P28,196,0.0098,9.8,0,255,4.490069444444444,27.852247291050755,64657,253.55686274509804,13,205,255,0.803999280109891,109,109,212,0.014722222222222222,22,13,0.7412587412587412,70.49056603773585,56.193396226415096,0.07090277777777777,0.006458333333333333,0.019097222222222224,0.01361111111111111,0.010138888888888888,1,73.4813863928113,56.165705182733504,10.518630357179925,4.081616930709007,0.9216438294701286,177.56050794775018,-1.59906561541238,1.59906561541238,0.02879811930649427,-2,-0.17694444444444457,-2548,0.5845897624545056,272.8181818181818,46.75043642347229,5.67052398989899,0.7647179135287122
RHF_MPM_P28,197,0.00985,9.85,0,255,4.303888888888889,27.524501940975522,61976,243.04313725490195,11,204,255,0.7658111953775688,110,110,207,0.014375,21,13,0.7582417582417582,70.2512077294686,56.21739130434783,0.06715277777777778,0.0061805555555555555,0.018333333333333333,0.013402777777777777,0.010069444444444445,1,72.73791467664903,56.165386601265006,9.692426344347004,4.110593974000208,0.9056136278506834,176.50223840505828,-1.7767785110227579,1.7767785110227579,0.02530011617400284,-5,-0.18618055555555468,-2681,0.7434717844191745,264.90909090909093,49.7602516535849,5.542878787878788,0.8591639792257563
RHF_MPM_P28,198,0.0099,9.9,0,255,4.145,27.207904846038975,59688,234.0705882352941,8,201,255,0.7183930443210735,108,108,203,0.014097222222222223,21,13,0.7435897435897436,70.12807881773399,56.30049261083744,0.06215277777777778,0.0061805555555555555,0.017777777777777778,0.013055555555555556,0.010069444444444445,1,72.12525130679533,56.223931108430506,8.894377868764721,4.125184347410903,0.8859415846447919,176.56622901888142,-1.6461845815995368,1.6461845815995368,0.02261761158021713,-4,-0.15888888888888975,-2288,0.6154541933237057,253.27272727272728,47.875009440475516,5.328257575757576,0.8862530375669515
RHF_MPM_P28,199,0.00995,9.95,0,255,4.098958333333333,27.157163450786026,59025,231.47058823529412,6,198,255,0.704515462377713,111,111,199,0.013819444444444445,21,13,0.7289377289377289,69.96482412060301,56.346733668341706,0.06097222222222222,0.0060416666666666665,0.017569444444444443,0.013125,0.01,1,71.72459127488352,56.27451080050826,8.340043615873741,4.1772296279767875,0.8655258578445163,176.69484223231046,-1.5078014178526782,1.5078014178526782,0.021584074544684455,-4,-0.046041666666666536,-663,0.4038400257803264,240.27272727272728,40.928076402593476,5.081060606060607,0.812358566043579
RHF_MPM_P28,200,0.01,10.0,0,255,4.112361111111111,27.328976024290874,59218,232.22745098039215,5,201,255,0.6709268970643001,110,110,204,0.014166666666666666,21,13,0.7472527472527473,70.17156862745098,56.31372549019608,0.05722222222222222,0.0061805555555555555,0.017638888888888888,0.01326388888888889,0.010138888888888888,1,71.48540984160222,56.25738795636462,7.849966503780618,4.242701831227377,0.8413607954954512,177.82631009302207,-0.9863590763669587,0.9863590763669587,0.019892600222905198,5,0.013402777777778319,193,0.23979355666503163,229.45454545454547,32.48877746479582,4.864103535353535,0.7179236749865463
RHF_MPM_P28,201,0.01005,10.05,0,255,4.079236111111111,27.20811841619716,58741,230.35686274509803,4,197,255,0.6562087766920892,110,110,203,0.014097222222222223,21,13,0.7435897435897436,70.16748768472907,56.3448275862069,0.05548611111111111,0.0059722222222222225,0.017708333333333333,0.013125,0.009930555555555555,1,71.47043802454844,56.25876304455151,7.635588370228503,4.060049197607799,0.8469157572864162,177.051345281643,-0.9992956191700932,0.9992956191700932,0.01976472991607225,-1,-0.03312500000000007,-477,0.015034832004830774,220.1818181818182,22.67885752220329,4.66709595959596,0.5990995253860999
RHF_MPM_P28,202,0.0101,10.1,0,255,4.068333333333333,27.193277815175822,58584,229.74117647058824,4,197,255,0.6517567919336824,110,110,201,0.013958333333333333,21,13,0.7362637362637363,70.06467661691542,56.36318407960199,0.05520833333333333,0.0059722222222222225,0.017569444444444443,0.01326388888888889,0.01,1,71.39719035914243,56.30803632391097,7.477237330873851,4.0127615510770065,0.8437962528151249,176.05671175028206,-1.0468074688904816,1.0468074688904816,0.019766489143793527,-2,-0.010902777777777928,-157,0.0882784036232364,213.36363636363637,14.766502184906873,4.496748737373737,0.4633543225228036
RHF_MPM_P28,203,0.01015,10.15,0,255,4.0836805555555555,27.219055014786154,58805,230.6078431372549,4,196,255,0.6686162932312201,111,111,201,0.013958333333333333,21,13,0.7362637362637363,70.09950248756219,56.28358208955224,0.05694444444444444,0.005902777777777778,0.017847222222222223,0.013194444444444444,0.009930555555555555,1,71.41916503698666,56.20068021426749,7.546087881534382,4.221699561594174,0.8288604606391344,175.86863991990643,-0.9599832600262173,0.9599832600262173,0.01925006377008758,0,0.015347222222222179,221,0.10958202746864824,209.0,9.871906880362348,4.372449494949495,0.3632929015722682
RHF_MPM_P28,204,0.0102,10.2,0,255,3.937986111111111,26.591450721985954,56707,222.38039215686274,4,188,255,0.6555833524152119,108,108,196,0.01361111111111111,21,13,0.717948717948718,69.90306122448979,56.234693877551024,0.055625,0.005763888888888889,0.017291666666666667,0.012638888888888889,0.009305555555555555,1,71.27437529758231,56.12652758918652,7.653612328350959,4.164271281598212,0.8390253900299928,176.10747772047412,-0.9597452216347504,0.9597452216347504,0.01969774454652865,-5,-0.14569444444444457,-2098,0.16267353946839988,205.8181818181818,7.661214973881952,4.260700757575757,0.2814779526631259
RHF_MPM_P28,205,0.01025,10.25,0,255,3.9765972222222223,26.828668219296752,57263,224.5607843137255,4,191,255,0.6512305750914129,109,109,197,0.013680555555555555,20,13,0.7576923076923077,69.89340101522842,56.2994923857868,0.05520833333333333,0.005833333333333334,0.017222222222222222,0.012777777777777779,0.009583333333333333,1,71.30827934268201,56.21904196427012,7.577628252244638,4.053424201031437,0.8449027712970489,176.73576949029683,-1.0363187110617256,1.0363187110617256,0.020222482231109094,1,0.038611111111111374,556,0.0985311822279168,203.36363636363637,5.448481477735163,4.178465909090909,0.2116728998694179
RHF_MPM_P28,206,0.0103,10.3,0,255,4.009375,26.900053870215313,57735,226.41176470588235,3,191,255,0.6495394619964021,106,106,200,0.013888888888888888,21,13,0.7326007326007326,69.99,56.26,0.05479166666666667,0.005694444444444445,0.017708333333333333,0.013055555555555556,0.009583333333333333,1,71.32905516584394,56.171611674027886,7.624028607233956,4.163653395015861,0.8377053414342653,177.08147437398756,-0.8514324762803437,0.8514324762803437,0.018047977829739326,3,0.03277777777777802,472,0.051780954611884526,202.0909090909091,4.3370401606823865,4.118680555555556,0.14876919751813808
RHF_MPM_P28,207,0.01035,10.35,0,255,3.8686805555555557,26.41813438999725,55709,218.46666666666667,2,179,255,0.628054904226941,109,109,193,0.013402777777777777,20,13,0.7423076923076923,69.73056994818653,56.33160621761658,0.05298611111111111,0.005694444444444445,0.016875,0.012430555555555556,0.009375,1,71.12646071550378,56.20165502881043,7.522374554165776,4.087091061240743,0.8395227163301424,176.31653305483502,-0.9920792965175166,0.9920792965175166,0.01974546303110808,-7,-0.14069444444444468,-2026,0.20480994720769852,200.36363636363637,3.796475094149291,4.062190656565657,0.1099268819282727
RHF_MPM_P28,208,0.0104,10.4,0,255,3.9125,26.70227017762514,56340,220.94117647058823,2,187,255,0.6278677434708166,110,110,195,0.013541666666666667,21,13,0.7142857142857143,69.72820512820513,56.271794871794874,0.05291666666666667,0.005833333333333334,0.017152777777777777,0.012708333333333334,0.009583333333333333,1,71.02124600638977,56.15947816826411,7.389584075390923,4.024446674201349,0.8386889578525459,176.2126337967884,-0.9428879619239452,0.9428879619239452,0.019861554845580404,2,0.04381944444444441,631,0.11335352918850455,199.27272727272728,3.440161441531727,4.026609848484848,0.08685747850230502
RHF_MPM_P28,209,0.01045,10.45,0,255,3.7994444444444446,26.22887085556724,54712,214.55686274509804,1,180,255,0.61211757328647,109,109,191,0.01326388888888889,20,13,0.7346153846153847,69.69109947643979,56.07329842931937,0.051180555555555556,0.005625,0.01673611111111111,0.012291666666666666,0.009305555555555555,1,70.90925208363795,55.96225690890481,7.39434242260777,4.009013867343079,0.8402667931353723,174.46844300769695,-0.9645947517042056,0.9645947517042056,0.019465565141102502,-4,-0.11305555555555546,-1628,0.2268013753851761,198.1818181818182,3.9501019968000786,3.995195707070708,0.09987219060468201
RHF_MPM_P28,210,0.0105,10.5,0,255,3.7880555555555557,26.27486804274343,54548,213.91372549019607,1,184,255,0.613608470579198,112,112,184,0.012777777777777779,20,12,0.7666666666666667,69.3804347826087,56.26086956521739,0.051875,0.005625,0.01638888888888889,0.012430555555555556,0.009166666666666667,1,70.79053310845494,56.05750898291413,7.2321688415942385,3.9610326844796524,0.8366771640187652,173.23693329937655,-1.1672425841150225,1.1672425841150225,0.020752364889638483,-7,-0.011388888888888893,-164,0.15220759728601438,196.8181818181818,5.653931565624077,3.9669318181818185,0.10998844452214133
RHF_MPM_P28,211,0.01055,10.55,0,255,3.7670833333333333,26.265107818459033,54246,212.72941176470587,1,181,255,0.607822592066825,110,110,187,0.012986111111111111,20,13,0.7192307692307692,69.33689839572193,56.35294117647059,0.051041666666666666,0.005555555555555556,0.01638888888888889,0.012361111111111111,0.009236111111111112,1,70.63477491427939,56.183147144489915,7.034028880672437,4.044752393921648,0.8181348450735165,174.14298430041254,-1.131913544118088,1.131913544118088,0.019393134977694206,3,-0.020972222222222392,-302,0.2001138743240228,195.27272727272728,5.801111321288661,3.93554292929293,0.11322700009845614
RHF_MPM_P28,212,0.0106,10.6,0,255,3.5716666666666668,25.491169549473398,51432,201.69411764705882,0,161,255,0.5774618898947144,108,108,180,0.0125,20,12,0.75,69.19444444444444,56.37222222222222,0.04805555555555555,0.005069444444444444,0.015555555555555555,0.011597222222222222,0.008541666666666666,1,70.39584305490744,56.156945092549385,7.023979269204994,4.062769121828438,0.81574325053099,175.91902037739226,-0.9171809115447958,0.9171809115447958,0.018840410639290713,-7,-0.19541666666666657,-2814,0.2403642672046517,193.1818181818182,6.7125145243544475,3.889400252525252,0.14439890463382335
RHF_MPM_P28,213,0.01065,10.65,0,255,3.5336805555555557,25.335095422449513,50885,199.54901960784315,0,161,255,0.5665427436185726,109,109,179,0.012430555555555556,19,12,0.7850877192982456,69.32960893854748,56.3463687150838,0.04701388888888889,0.004930555555555555,0.015625,0.011597222222222222,0.008680555555555556,1,70.51113294684092,56.20776260194556,6.999491697731256,3.8521449605599365,0.8349364378675187,175.04222744944892,-1.1847524716347835,1.1847524716347835,0.01914120074678196,-1,-0.037986111111111054,-547,0.12599277139289364,191.1818181818182,7.333834192763166,3.8407954545454546,0.16456395424532821
RHF_MPM_P28,214,0.0107,10.7,0,255,3.468611111111111,25.130674887340565,49948,195.87450980392157,0,154,255,0.5627190322796207,109,109,176,0.012222222222222223,19,12,0.7719298245614035,69.2159090909091,56.36931818181818,0.04652777777777778,0.004722222222222222,0.015416666666666667,0.01138888888888889,0.008333333333333333,1,70.37196684551934,56.15159766156803,6.924147900393105,4.056855980180942,0.8103835974087753,175.47933455373382,-1.010933322146181,1.010933322146181,0.018559301673740692,-3,-0.06506944444444462,-937,0.15007233017668178,188.9090909090909,7.79807138691176,3.78488005050505,0.17659156834381
RHF_MPM_P28,215,0.01075,10.75,0,255,3.586527777777778,25.54154321121454,51646,202.53333333333333,0,159,255,0.5862767048851205,108,108,179,0.012430555555555556,20,13,0.6884615384615385,68.98324022346368,56.357541899441344,0.04895833333333333,0.005138888888888889,0.01576388888888889,0.011597222222222222,0.008680555555555556,1,70.26404755450568,56.19440034078147,7.061699403372487,4.0370347595806475,0.8204764358497968,176.80790754560311,-1.0753591836142122,1.0753591836142122,0.019304495991945166,3,0.11791666666666689,1698,0.11609755691115606,187.36363636363637,7.923184934363972,3.7529292929292923,0.17779027491729646
RHF_MPM_P28,216,0.0108,10.8,0,255,3.4140972222222223,24.78074933046692,49163,192.79607843137254,0,150,255,0.5589896043976023,109,109,171,0.011875,19,12,0.75,69.14035087719299,56.409356725146196,0.04611111111111111,0.004583333333333333,0.015347222222222222,0.010972222222222222,0.008055555555555555,1,70.4318694953522,56.21324980168013,7.1046234109969575,3.983820185213417,0.8279944511898368,178.39960322114462,-0.763832298650569,0.763832298650569,0.01787929947318105,-8,-0.17243055555555564,-2483,0.16887719208248253,185.0,8.54932214218818,3.7017929292929295,0.18677132965859772
RHF_MPM_P28,217,0.01085,10.85,0,255,3.666736111111111,25.900401737817944,52801,207.06274509803922,1,172,255,0.5983259560111852,109,109,186,0.012916666666666667,20,13,0.7153846153846154,68.84946236559139,56.3494623655914,0.050208333333333334,0.005416666666666667,0.01597222222222222,0.011805555555555555,0.009097222222222222,1,70.22037461411716,56.174106551012294,6.965228049533673,4.128018157647088,0.805452100383907,176.3652017338652,-1.039550996022984,1.039550996022984,0.019564023408647564,15,0.25263888888888886,3638,0.21508667755458222,183.72727272727272,7.148946636850001,3.67064393939394,0.15945025453910205
RHF_MPM_P28,218,0.0109,10.9,0,255,3.7005555555555554,26.10352891686448,53288,208.97254901960784,0,179,255,0.5832518845796684,108,108,189,0.013125,20,13,0.7269230769230769,69.42857142857143,56.22751322751323,0.04875,0.005416666666666667,0.01597222222222222,0.012222222222222223,0.009166666666666667,1,70.52929364960217,56.11208902567182,6.9164859340703675,4.05484809211128,0.8101241071411545,176.0950427105551,-0.9376876102064279,0.9376876102064279,0.017564930190662062,3,0.03381944444444418,487,0.31508275727868973,183.36363636363637,6.759138289251312,3.655359848484849,0.14733227322033762
RHF_MPM_P28,219,0.01095,10.95,0,255,3.9179166666666667,26.878172910245514,56418,221.24705882352941,2,193,255,0.626732147933331,110,110,200,0.013888888888888888,21,13,0.7326007326007326,69.555,56.24,0.05305555555555556,0.005902777777777778,0.017152777777777777,0.012986111111111111,0.009791666666666667,1,70.64227728739056,56.11292495302917,7.051808257242058,4.209472504858081,0.8022894605038355,177.16942297790249,-0.8571311614197482,0.8571311614197482,0.01815023574036655,11,0.21736111111111134,3130,0.1129867301166144,183.8181818181818,7.637445810766628,3.655852272727273,0.14819739416477906
RHF_MPM_P28,220,0.011,11.0,0,255,3.910486111111111,26.7957081148233,56311,220.82745098039214,1,193,255,0.618043386231453,109,109,200,0.013888888888888888,21,13,0.7326007326007326,69.65,56.33,0.051875,0.005694444444444445,0.017083333333333332,0.012777777777777779,0.009583333333333333,1,70.74072561311289,56.20622968869315,6.966889274296322,4.094046523126569,0.8091200347484965,175.64727079460414,-0.9425044700337396,0.9425044700337396,0.017048178863809913,0,-0.007430555555555607,-107,0.13563866165240193,184.63636363636363,8.762240552742902,3.6659469696969698,0.16087428516621935
RHF_MPM_P28,221,0.01105,11.05,0,255,3.9680555555555554,26.940842220548138,57140,224.07843137254903,2,193,255,0.6289722075361457,109,109,201,0.013958333333333333,21,13,0.7362637362637363,69.66666666666667,56.233830845771145,0.05305555555555556,0.0060416666666666665,0.017291666666666667,0.012986111111111111,0.009722222222222222,1,70.80780539026951,56.12350367518376,7.121162126325788,4.178819429992042,0.8097195421255649,177.77469031355557,-0.8666472575404711,0.8666472575404711,0.016538326916345818,1,0.05756944444444434,829,0.10650488164651044,186.1818181818182,9.934496206453202,3.6823106060606063,0.18042866338220992
RHF_MPM_P28,222,0.0111,11.1,0,255,3.967986111111111,26.83347598512447,57139,224.07450980392156,2,189,255,0.6327145971031237,108,108,200,0.013888888888888888,21,13,0.7326007326007326,69.715,56.225,0.05305555555555556,0.005694444444444445,0.0175,0.012847222222222222,0.009722222222222222,1,70.93918339487915,56.1202856192793,7.202675520479831,4.093946434825837,0.8227575675860878,177.2083390143304,-0.8555039823118019,0.8555039823118019,0.01678363289522043,-1,-6.944444444423326e-05,-1,0.1314174112475812,187.36363636363637,10.704907347675366,3.700574494949495,0.197450647724392
RHF_MPM_P28,223,0.01115,11.15,0,255,3.7885416666666667,26.098830738728875,54555,213.94117647058823,1,174,255,0.6146520683425365,108,108,191,0.01326388888888889,20,13,0.7346153846153847,69.66492146596859,56.230366492146594,0.05138888888888889,0.005208333333333333,0.016458333333333332,0.012152777777777778,0.009166666666666667,1,70.91716616258822,56.055980203464394,7.3164523243791955,3.9982231131031996,0.8374785539125551,177.38415993314777,-0.9698811746163926,0.9698811746163926,0.01911832096049858,-9,-0.17944444444444452,-2584,0.06797017743746943,188.36363636363637,10.481782701193596,3.7202904040404046,0.19439871129338882
RHF_MPM_P28,224,0.0112,11.2,0,255,3.9044444444444446,26.612727369149738,56224,220.48627450980393,2,189,255,0.6361508224343795,109,109,198,0.01375,21,13,0.7252747252747253,69.60606060606061,56.18181818181818,0.05375,0.005625,0.017152777777777777,0.012777777777777779,0.009583333333333333,1,70.8235451052931,56.070343625498005,7.253264827606236,4.165342809583748,0.8186649605188666,176.63555291722167,-0.9899202409269255,0.9899202409269255,0.019493454752418895,7,0.11590277777777791,1669,0.09471647302116903,190.0909090909091,10.361243742950286,3.7539962121212116,0.19123807795074457
RHF_MPM_P28,225,0.01125,11.25,0,255,3.843541666666667,26.41960879958793,55347,217.04705882352943,2,185,255,0.6283833692854442,110,110,193,0.013402777777777777,20,13,0.7423076923076923,69.38860103626943,56.16062176165803,0.05298611111111111,0.005625,0.01673611111111111,0.012361111111111111,0.009444444444444445,1,70.71761793773827,56.03335320794262,7.254765010603663,4.1806162115085455,0.8172678529620008,178.52546480011335,-0.9194759244685153,0.9194759244685153,0.020199830162429763,-5,-0.06090277777777775,-877,0.11220007048622016,191.63636363636363,9.364077659504066,3.788080808080808,0.169514387454129
RHF_MPM_P28,226,0.0113,11.3,0,255,3.8182638888888887,26.404859870177233,54983,215.61960784313726,1,185,255,0.6118442738675138,102,102,196,0.01361111111111111,20,13,0.7538461538461538,69.52551020408163,56.13775510204081,0.051666666666666666,0.005694444444444445,0.01638888888888889,0.012291666666666666,0.009583333333333333,1,70.71025589727734,56.023680046559846,7.2086132536584815,4.093748597864269,0.8230997468390786,177.40653106349873,-0.7986050790363839,0.7986050790363839,0.018969499663532365,3,-0.025277777777778176,-364,0.012156055728958857,193.1818181818182,8.51542111079745,3.809147727272727,0.15710211835547078
RHF_MPM_P28,227,0.01135,11.35,0,255,3.8195833333333336,26.441690667995204,55002,215.69411764705882,1,182,255,0.60791545057188,110,110,192,0.013333333333333334,20,13,0.7384615384615385,69.39583333333333,56.145833333333336,0.051180555555555556,0.005833333333333334,0.01673611111111111,0.012569444444444444,0.009722222222222222,1,70.60925057270644,55.99409112395913,7.082700342927337,4.038498183003597,0.8215115498789762,176.12832663561528,-0.9490172959470842,0.9490172959470842,0.018508417875713612,-4,0.0013194444444448727,19,0.10525008281394538,195.0909090909091,4.925897157870569,3.846010101010101,0.09562647563669086
RHF_MPM_P28,228,0.0114,11.4,0,255,3.845763888888889,26.50940928550604,55379,217.17254901960786,1,186,255,0.6164656944415696,109,109,194,0.013472222222222222,20,13,0.7461538461538462,69.4381443298969,56.149484536082475,0.051875,0.005763888888888889,0.016944444444444446,0.0125,0.009583333333333333,1,70.63152097365428,55.99720110511205,7.159108780744724,4.263166278694313,0.8033639012981609,176.94878268609017,-0.7802876253795632,0.7802876253795632,0.01807544376027014,2,0.02618055555555543,377,0.02248650130964576,195.8181818181818,4.041111049253249,3.862285353535354,0.07718680182952753
RHF_MPM_P28,229,0.01145,11.45,0,255,3.8050694444444444,26.35727791902519,54793,214.87450980392157,0,184,255,0.5948625812467834,108,108,192,0.013333333333333334,21,13,0.7032967032967034,69.38020833333333,56.177083333333336,0.04951388888888889,0.005555555555555556,0.016527777777777777,0.012430555555555556,0.009444444444444445,1,70.64990053473984,56.10302410891902,7.060386718411843,3.878963047966457,0.8355607265649491,176.14209967830544,-1.034368785611001,1.034368785611001,0.017994999361232274,-2,-0.04069444444444459,-586,0.10740724556764858,196.0909090909091,3.654500225862142,3.8717866161616157,0.061540780961944076
RHF_MPM_P28,230,0.0115,11.5,0,255,3.7978472222222224,26.270215143749418,54689,214.46666666666667,1,177,255,0.6055304932211489,109,109,193,0.013402777777777777,21,13,0.706959706959707,69.47150259067358,56.2020725388601,0.050625,0.005416666666666667,0.016458333333333332,0.012291666666666666,0.009375,1,70.74781034577337,56.06760043153102,7.218288721552607,3.9971695127307774,0.8326790936401601,175.29179684723528,-1.1091889362261442,1.1091889362261442,0.01729781126003401,1,-0.007222222222222019,-104,0.10412092977068142,195.45454545454547,3.5255853508482393,3.860871212121212,0.0630212019539847
RHF_MPM_P28,231,0.01155,11.55,0,255,3.5830555555555557,25.426245006056728,51596,202.3372549019608,0,164,255,0.5804045253358067,107,107,180,0.0125,20,12,0.75,69.22777777777777,56.4,0.04805555555555555,0.004861111111111111,0.015833333333333335,0.011597222222222222,0.008611111111111111,1,70.62183114970152,56.18734010388402,7.1738189700485915,4.000902047020858,0.8300366752759153,175.4857583653057,-1.1547780443552664,1.1547780443552664,0.019148771222575394,-13,-0.21479166666666671,-3093,0.17380548604147675,193.63636363636363,5.381326758890451,3.8311047979797976,0.09938989255588918
RHF_MPM_P28,232,0.0116,11.6,0,255,3.7509027777777777,26.166137850632936,54013,211.8156862745098,1,183,255,0.6065317594715387,108,108,190,0.013194444444444444,20,13,0.7307692307692307,69.28421052631579,56.242105263157896,0.050833333333333335,0.005347222222222222,0.01625,0.011944444444444445,0.009305555555555555,1,70.66209986484735,56.17106992761002,7.212295232647787,4.122241459816739,0.8205620146300511,179.17396832749878,-0.882369876102557,0.882369876102557,0.01888434265824894,10,0.16784722222222204,2417,0.043431417838735456,192.63636363636363,4.922540498429412,3.811363636363636,0.09147869306186948
RHF_MPM_P28,233,0.01165,11.65,0,255,3.7284722222222224,26.1075397879043,53690,210.54901960784315,1,178,255,0.6089932313727131,110,110,187,0.012986111111111111,20,13,0.7192307692307692,69.19251336898395,56.31016042780749,0.051527777777777777,0.005694444444444445,0.015833333333333335,0.012152777777777778,0.009236111111111112,1,70.44069659154405,56.18130005587633,7.163521810421641,4.098031503547736,0.8202052309135417,179.01049479339449,-0.9390632633748183,0.9390632633748183,0.02104674986030918,-3,-0.022430555555555287,-323,0.22163949321760937,191.45454545454547,4.559976801448892,3.7895896464646466,0.07930211396493939
RHF_MPM_P28,234,0.0117,11.7,0,255,3.6856944444444446,25.95154867603114,53074,208.13333333333333,0,175,255,0.5939824768905598,109,109,187,0.012986111111111111,21,13,0.684981684981685,69.28342245989305,56.36363636363637,0.049791666666666665,0.005347222222222222,0.01597222222222222,0.011944444444444445,0.009236111111111112,1,70.47829445679618,56.21669744130836,7.078686880398373,3.9929197869869726,0.8257226427403742,179.6864457046472,-0.9529195344082357,0.9529195344082357,0.019237291329087688,0,-0.0427777777777778,-616,0.05163888425344683,191.0909090909091,4.737750625743775,3.780239898989899,0.08475021976763952
RHF_MPM_P28,235,0.01175,11.75,0,255,3.6909722222222223,25.950306177797795,53150,208.4313725490196,0,175,255,0.5939539270033085,108,108,188,0.013055555555555556,20,13,0.7230769230769231,69.18617021276596,56.21808510638298,0.049652777777777775,0.005486111111111111,0.01611111111111111,0.011944444444444445,0.009097222222222222,1,70.42778927563499,56.0985136406397,7.020222151900516,4.103247686190846,0.8114011129935365,178.25525150814846,-0.8807683991657541,0.8807683991657541,0.01843838193791157,1,0.005277777777777715,76,0.12852308767149104,190.1818181818182,4.260136186858175,3.7608333333333333,0.07828141748891668
RHF_MPM_P28,236,0.0118,11.8,0,255,3.9234722222222222,26.884242165859195,56498,221.5607843137255,2,195,255,0.6268309638118659,111,111,197,0.013680555555555555,20,13,0.7576923076923077,69.26395939086295,56.101522842639596,0.05326388888888889,0.00625,0.017013888888888887,0.012847222222222222,0.01,1,70.46667138659775,56.016443059931326,7.120798449597738,4.234537105523376,0.8039686591765965,179.180393153948,-0.6609679445217981,0.6609679445217981,0.02010690643916599,9,0.23249999999999993,3348,0.09081519019817307,190.54545454545453,4.63903666260839,3.7680997474747473,0.08864521461822832
RHF_MPM_P28,237,0.01185,11.85,0,255,3.905,26.808275100962558,56232,220.51764705882354,2,194,255,0.6200696077888029,109,109,199,0.013819444444444445,21,13,0.7289377289377289,69.53768844221105,56.11557788944724,0.05236111111111111,0.0059722222222222225,0.016875,0.012847222222222222,0.009791666666666667,1,70.6368615734813,55.97325366339451,7.093331528535036,4.180233149677573,0.8079006317900849,177.05998449670443,-0.6926441564751692,0.6926441564751692,0.01796130317257078,2,-0.018472222222222445,-266,0.17558480482282746,190.8181818181818,5.023909774417492,3.775984848484849,0.09628510216216062
RHF_MPM_P28,238,0.0119,11.9,0,255,3.901666666666667,26.654284573237213,56184,220.3294117647059,2,189,255,0.6255502607980363,108,108,200,0.013888888888888888,21,13,0.7326007326007326,69.775,56.08,0.052708333333333336,0.005625,0.017152777777777777,0.012569444444444444,0.009583333333333333,1,70.91549195500498,56.02886942901894,7.233431048026644,4.138314187903963,0.8201772908267032,177.8831901084715,-0.6382710649838922,0.6382710649838922,0.016392567278940624,1,-0.0033333333333329662,-48,0.28412673737968597,191.54545454545453,5.678726431542334,3.7834469696969695,0.10236370345698736
RHF_MPM_P28,239,0.01195,11.95,0,255,3.915277777777778,26.67776675083071,56380,221.09803921568627,1,187,255,0.6143214134400515,110,110,195,0.013541666666666667,22,13,0.6818181818181818,69.58461538461539,56.12307692307692,0.051319444444444445,0.005694444444444445,0.017222222222222222,0.012708333333333334,0.009652777777777777,1,70.88213905640298,56.01154664774743,7.177724836241664,3.9410535685551293,0.8357781795805732,176.07624948418345,-0.9211595870384612,0.9211595870384612,0.015147215324583185,-5,0.013611111111111018,196,0.03758316905392815,191.63636363636363,5.72510781593956,3.789766414141414,0.1080060099432378
RHF_MPM_P28,240,0.012,12.0,0,255,3.9115277777777777,26.71725837147437,56326,220.8862745098039,1,189,255,0.6170064260089567,110,110,196,0.01361111111111111,21,13,0.717948717948718,69.51020408163265,56.0969387755102,0.05173611111111111,0.005902777777777778,0.01673611111111111,0.012638888888888889,0.00986111111111111,1,70.85370876682171,55.982512516422254,7.30442981449771,4.151384253114912,0.8227952594346871,177.05456938228699,-0.9252403483841679,0.9252403483841679,0.018765756489010403,1,-0.003750000000000142,-54,0.040635725014846094,192.0,5.862050525510367,3.799444444444444,0.11357001043992355
RHF_MPM_P28,241,0.01205,12.05,0,255,3.9386805555555555,26.78906655984779,56717,222.41960784313724,2,195,255,0.626644571228003,109,109,199,0.013819444444444445,21,13,0.7289377289377289,69.56281407035176,55.984924623115575,0.05277777777777778,0.005902777777777778,0.017222222222222222,0.012847222222222222,0.009722222222222222,1,70.85640989474055,55.915087187263076,7.313949771856762,4.0197388667770735,0.8354286513273067,176.8765676608465,-0.929358045946429,0.929358045946429,0.019024278435037113,3,0.027152777777777803,391,0.06747941244748255,192.54545454545453,6.199173498629935,3.8122474747474753,0.12040109863163166
RHF_MPM_P28,242,0.0121,12.1,0,255,3.836875,26.399002794948682,55251,216.6705882352941,1,190,255,0.6067027378999618,105,105,196,0.01361111111111111,21,13,0.717948717948718,69.56122448979592,55.954081632653065,0.050694444444444445,0.005486111111111111,0.016666666666666666,0.012222222222222223,0.009305555555555555,1,70.90125065609672,55.829632042858954,7.37485059398785,3.9094978939108427,0.8479275381287299,176.10418974356432,-0.8790200320533084,0.8790200320533084,0.018425005882246475,-3,-0.10180555555555548,-1466,0.09650531376111023,194.0,4.805300104146368,3.83532196969697,0.09614453785696091
RHF_MPM_P28,243,0.01215,12.15,0,255,3.9566666666666666,26.93859653607317,56976,223.43529411764706,2,201,255,0.6286954594093089,110,110,200,0.013888888888888888,21,13,0.7326007326007326,69.49,55.965,0.05326388888888889,0.0060416666666666665,0.016944444444444446,0.012916666666666667,0.010138888888888888,1,70.8099550688009,55.80686604886268,7.416767846691611,4.168761973609947,0.8270879000366225,176.70218812470173,-0.7197000515821561,0.7197000515821561,0.018937798371244034,4,0.11979166666666652,1725,0.0940913106632417,194.9090909090909,4.9074071186421016,3.8540277777777776,0.09790090047866883
RHF_MPM_P28,244,0.0122,12.2,0,255,3.9672916666666667,26.92638317190941,57129,224.03529411764706,3,199,255,0.6375986945519838,110,110,200,0.013888888888888888,21,13,0.7326007326007326,69.49,55.965,0.05395833333333333,0.0059722222222222225,0.017083333333333332,0.012986111111111111,0.01,1,70.85425965796706,55.762659945036674,7.410670604617218,4.156681307368002,0.8278802542733652,174.30643998129412,-0.9276949791269758,0.9276949791269758,0.01897460134082515,0,0.010625000000000107,153,0.06258654996608984,196.0909090909091,4.399474048204676,3.875738636363636,0.09405510245177855
RHF_MPM_P28,245,0.01225,12.25,0,255,3.8945833333333333,26.575440282623312,56082,219.9294117647059,2,183,255,0.639393041892806,109,109,197,0.013680555555555555,21,13,0.7216117216117216,69.55837563451777,56.045685279187815,0.05409722222222222,0.005763888888888889,0.017083333333333332,0.0125,0.009722222222222222,1,70.89522484932778,55.843336542919296,7.536704647375277,4.199669497611833,0.8303589429285987,176.17414679575896,-0.8562302121663103,0.8562302121663103,0.01886523305160301,-3,-0.07270833333333337,-1047,0.09048127070910342,197.0,3.330301651638946,3.894728535353535,0.07235112243327926
RHF_MPM_P28,246,0.0123,12.3,0,255,3.964652777777778,26.894708546405617,57091,223.8862745098039,2,193,255,0.6346668709791787,109,109,202,0.014027777777777778,21,13,0.73992673992674,69.6980198019802,56.04455445544554,0.05347222222222222,0.005902777777777778,0.017152777777777777,0.012916666666666667,0.009930555555555555,1,70.91797306055246,55.81084584260216,7.37435271988113,4.208577836801664,0.8211553647141081,174.71891152397208,-0.8902421890476305,0.8902421890476305,0.018934683225026713,5,0.07006944444444452,1009,0.03966266154736015,198.27272727272728,2.0928844424038795,3.9196085858585863,0.03585971731391782
RHF_MPM_P28,247,0.01235,12.35,0,255,4.020277777777777,27.066848930637466,57892,227.02745098039216,3,197,255,0.6504972385887541,108,108,205,0.01423611111111111,21,13,0.7509157509157509,69.35609756097561,55.98048780487805,0.05534722222222222,0.0061805555555555555,0.017152777777777777,0.013055555555555556,0.01,1,70.8649208871692,55.817729565397634,7.509831586843896,4.239439785389429,0.8254203319722361,176.1685752246382,-0.9693547494803051,0.9693547494803051,0.019622745802528846,3,0.05562499999999959,801,0.05349690402454449,199.0,2.796101181678127,3.9284090909090907,0.04613471707875463
RHF_MPM_P28,248,0.0124,12.4,0,255,4.036875,27.16002400814962,58131,227.96470588235294,3,203,255,0.6428910802740107,109,109,207,0.014375,21,13,0.7582417582417582,69.53623188405797,55.91787439613527,0.054375,0.006111111111111111,0.017361111111111112,0.013333333333333334,0.010208333333333333,1,70.88651494039325,55.845469714954156,7.376324265244751,4.140394962702817,0.8276065167464814,175.25139104761314,-0.9695348453991176,0.9695348453991176,0.020126954636940704,2,0.01659722222222282,239,0.03515421784169379,199.72727272727272,3.620419591225432,3.9403977272727273,0.05481240718584603
RHF_MPM_P28,249,0.01245,12.45,0,255,4.065069444444444,27.239365955067058,58537,229.55686274509804,4,202,255,0.6522239947264568,109,109,207,0.014375,21,13,0.7582417582417582,69.53623188405797,55.91787439613527,0.05527777777777778,0.006111111111111111,0.017430555555555557,0.01326388888888889,0.010277777777777778,1,70.9618190204486,55.782052377129,7.369652654463056,4.166332604621174,0.8248604732284969,173.9472228990579,-1.081743101815661,1.081743101815661,0.01985069272425987,0,0.028194444444443967,406,0.0984503083276643,200.36363636363637,4.183793999637764,3.9552525252525257,0.06372100164012176
RHF_MPM_P28,250,0.0125,12.5,0,255,4.120902777777777,27.47518641664577,59341,232.70980392156864,4,210,255,0.6479564185692619,105,105,212,0.014722222222222222,21,13,0.7765567765567766,69.70754716981132,56.0,0.05493055555555556,0.00625,0.017777777777777778,0.013402777777777777,0.010208333333333333,1,70.98815321615746,55.84669958376165,7.3956116652152115,4.098854385149634,0.8323649592941896,176.61717779690915,-0.9430197332109974,0.9430197332109974,0.01789656392713301,5,0.05583333333333318,804,0.06980509429143979,201.9090909090909,4.980955466110081,3.9739457070707074,0.07784732538458662
RHF_MPM_P28,251,0.01255,12.55,0,255,4.146527777777778,27.54453064583291,59710,234.15686274509804,4,208,255,0.6476471761857914,109,109,214,0.014861111111111111,22,13,0.7482517482517482,69.8644859813084,56.10747663551402,0.05493055555555556,0.00625,0.018125,0.013680555555555555,0.010486111111111111,1,71.04592195612125,55.95833193769888,7.4171190551333765,4.0728483364108685,0.8357470670127314,176.56113432256876,-0.8748139693391465,0.8748139693391465,0.017116060961313014,2,0.025625000000000675,369,0.12569411188505,203.54545454545453,5.678726431542334,3.9953093434343434,0.08920374301754361
RHF_MPM_P28,252,0.0126,12.6,0,255,4.358611111111111,28.30838869122031,62764,246.13333333333333,5,222,255,0.6679180652861598,108,108,223,0.015486111111111112,23,13,0.745819397993311,70.08968609865471,56.0,0.05659722222222222,0.006527777777777778,0.019097222222222224,0.014305555555555556,0.010833333333333334,1,71.25898604295456,55.89160984003569,7.4963486602246805,4.173825985457153,0.8306591947855284,175.75328880921043,-0.7206245276413664,0.7206245276413664,0.015327257663628831,9,0.21208333333333318,3054,0.2232669778867659,205.72727272727272,7.747033556505344,4.033484848484848,0.13493455625454157
RHF_MPM_P28,253,0.01265,12.65,0,255,3.89375,26.51387403781378,56070,219.88235294117646,1,185,255,0.6088708908098763,110,110,193,0.013402777777777777,21,12,0.7658730158730159,69.58031088082902,55.932642487046635,0.050347222222222224,0.005555555555555556,0.017083333333333332,0.012430555555555556,0.009236111111111112,1,71.00385232744783,55.94485464597824,7.434107311972692,3.5793951791433494,0.8764555121165548,177.49787866370272,-0.9554760220417966,0.9554760220417966,0.019011949349028,-30,-0.4648611111111114,-6694,0.2606304321220541,205.45454545454547,8.128106526275314,4.0386553030303025,0.12822459165119982
RHF_MPM_P28,254,0.0127,12.7,0,13,0.023194444444444445,0.3873210209922373,334,25.692307692307693,0,0,7,0.06577128126852326,3,8,12,0.0008333333333333334,93,101,0.0012775471095496647,81.0,62.5,0.005416666666666667,0.0,0.0,0.0,0.0,0,80.70359281437126,60.57784431137725,33.83098690997649,25.94098646925321,0.6419077864751372,133.537855365685,0.10840475160782888,0.10840475160782888,0.0,-181,-3.8705555555555553,-55736,10.749398064699047,188.36363636363637,56.33386310409934,3.6810669191919185,1.163517269492104
RHF_MPM_P28,255,0.01275,12.75,0,255,3.1294444444444443,22.044129849065698,45064,176.72156862745098,5,91,255,0.6995217579786924,108,108,132,0.009166666666666667,13,12,0.8461538461538461,67.04545454545455,57.53787878787879,0.05979166666666667,0.0033333333333333335,0.012777777777777779,0.008263888888888888,0.00625,1,69.53051216048287,58.99640511272857,8.518082722440706,5.065481416117859,0.8039670146291455,-143.64132152283491,-0.8129495926678577,0.8129495926678577,0.02019350257411681,120,3.1062499999999997,44730,11.284444214817034,182.1818181818182,58.410488133270576,3.60489898989899,1.1696946944733064
RHF_MPM_P28,256,0.0128,12.8,0,255,5.198263888888889,26.730843291917097,74855,293.54901960784315,24,158,255,1.0730735905600972,100,100,218,0.01513888888888889,26,22,0.3811188811188811,70.70642201834862,60.830275229357795,0.0948611111111111,0.004930555555555555,0.02201388888888889,0.012291666666666666,0.008125,1,77.97694208803686,66.39954578852448,18.593075846867006,4.034412516257903,0.9761750103847929,-141.97096357493882,-1.05472375473146,1.05472375473146,0.007414334379800948,86,2.0688194444444443,29791,11.231592513384006,184.0909090909091,59.20143509540433,3.723415404040404,1.255910737959466
RHF_MPM_P28,257,0.01285,12.85,0,255,5.579027777777778,28.650436377310896,80338,315.0509803921569,25,200,255,1.063685324687208,111,111,207,0.014375,18,18,0.6388888888888888,69.13526570048309,59.91787439613527,0.09395833333333334,0.006527777777777778,0.025902777777777778,0.013333333333333334,0.010138888888888888,1,76.9015783315492,65.9291742388409,17.608081625510163,4.119619758820844,0.9722457723924749,-141.440907604198,-1.1620668899728022,1.1620668899728022,0.010032612213398392,-11,0.38076388888888957,5483,1.1737361728765898,184.54545454545453,59.356187754886925,3.8701767676767673,1.365104176297708
RHF_MPM_P28,258,0.0129,12.9,0,255,5.67375,29.598922274744886,81702,320.4,25,220,255,0.9899342124770916,109,109,233,0.016180555555555556,20,19,0.6131578947368421,69.67381974248927,60.287553648068666,0.08611111111111111,0.007152777777777778,0.02451388888888889,0.014930555555555556,0.011319444444444444,1,76.39926807177302,65.42772514748721,17.90940952701248,3.7154121890659044,0.9782443768000976,-141.9620393871373,-1.4216265869084777,1.4216265869084777,0.013634917137891361,26,0.09472222222222193,1364,0.7097653050803886,187.0909090909091,60.76251019031471,4.020492424242423,1.461021027227908
RHF_MPM_P28,259,0.01295,12.95,0,11,0.017916666666666668,0.32504032869442184,258,23.454545454545453,0,0,7,0.05399893276119725,3,8,8,0.0005555555555555556,32,107,0.002336448598130841,96.125,56.375,0.004375,0.0,0.0,0.0,0.0,0,85.74418604651163,56.7093023255814,31.25869791049265,25.013245764494734,0.5997317170107955,88.42843048046187,0.09271946768136374,0.09271946768136374,0.0,-225,-5.655833333333334,-81444,12.780390778693771,169.0,79.02243639970521,3.6551325757575754,1.8594325908883191
RHF_MPM_P28,260,0.013,13.0,0,255,3.4947222222222223,22.790314705314714,50324,197.34901960784313,9,102,255,0.7591197139988688,104,104,143,0.009930555555555555,13,14,0.7857142857142857,64.27972027972028,54.93006993006993,0.06444444444444444,0.003263888888888889,0.015,0.00875,0.006458333333333333,1,62.72897623400365,53.360543676973215,7.0360997416730156,6.428700211679526,0.4064481875239715,64.57611734277593,-1.050210652447982,1.050210652447982,0.019215483665845322,135,3.4768055555555555,50066,23.257559356054358,163.1818181818182,78.3637418265479,3.6032828282828278,1.8552259368997601
RHF_MPM_P28,261,0.01305,13.05,0,255,6.147083333333334,28.190717637859095,88518,347.1294117647059,29,180,255,1.4613965853047275,98,98,253,0.017569444444444443,25,30,0.3373333333333333,59.901185770750985,49.865612648221344,0.1398611111111111,0.005277777777777778,0.02409722222222222,0.01423611111111111,0.009166666666666667,1,54.91344133396597,44.800413475225376,16.10410282037212,8.983687990708633,0.8299411976002774,53.59733315030324,-0.8275782264328455,0.8275782264328455,0.04303079599629454,110,2.6523611111111114,38194,11.591307727973687,166.9090909090909,81.50901182240197,3.7874810606060607,1.992948199096015
RHF_MPM_P28,262,0.0131,13.1,0,255,6.078125,29.311271425775548,87525,343.2352941176471,30,203,255,1.178341344405232,109,109,219,0.015208333333333334,25,26,0.33692307692307694,61.62557077625571,52.461187214611876,0.105625,0.006666666666666667,0.02798611111111111,0.013125,0.010208333333333333,1,54.46668951728078,44.57566409597258,18.051500274974625,6.888899159366993,0.9243173455418334,47.61002265252674,-0.9794223527847337,0.9794223527847337,0.01844044558697515,-34,-0.06895833333333368,-993,0.5000994592938878,167.36363636363637,81.78383117292998,3.963080808080808,2.0991170198790683
RHF_MPM_P28,263,0.01315,13.15,0,255,5.8405555555555555,29.633279334825605,84104,329.81960784313725,27,218,255,1.0986466558921582,108,108,240,0.016666666666666666,20,19,0.631578947368421,61.63333333333333,52.325,0.09770833333333333,0.006736111111111111,0.024166666666666666,0.015069444444444444,0.010972222222222222,1,55.26387567773233,44.97066726909541,19.758785456830797,4.475872803719626,0.9740051873662048,49.00363449225296,-1.2941382954015226,1.2941382954015226,0.005493198896604204,21,-0.2375694444444445,-3421,0.889681561679567,168.9090909090909,82.97256342304807,4.09780303030303,2.1666486742229027
RHF_MPM_P28,264,0.0132,13.2,0,255,6.034097222222222,32.32195274184565,86891,340.74901960784314,18,248,255,0.9577155575601086,106,106,303,0.021041666666666667,23,23,0.5727788279773157,60.03300330033003,50.838283828382835,0.08402777777777778,0.008402777777777778,0.02652777777777778,0.019097222222222224,0.013541666666666667,1,58.455651333279626,49.025019852458826,12.86731489474482,4.628362539122538,0.9330683277392665,-136.70760767767766,1.8556457021560908,1.8556457021560908,0.0433761839546098,63,0.1935416666666665,2787,5.159961889933878,178.9090909090909,91.46728629848991,4.2923800505050504,2.2346276164541874
RHF_MPM_P28,265,0.01325,13.25,0,255,6.4684027777777775,33.17952391417188,93145,365.27450980392155,23,251,255,1.0032550115894125,107,107,317,0.02201388888888889,25,22,0.5763636363636364,59.75078864353312,51.03154574132492,0.08791666666666667,0.008958333333333334,0.028958333333333332,0.01972222222222222,0.014375,1,57.950958183477375,48.74043695313758,14.182154424926916,4.742176901009542,0.9424396334648552,-137.87092300764087,2.047664160999742,2.047664160999742,0.04832250791776263,14,0.4343055555555555,6254,0.5793984829488266,206.63636363636363,82.45249070307396,4.878308080808081,1.850352973044152
RHF_MPM_P28,266,0.0133,13.3,0,255,6.814375,34.337595633866535,98127,384.81176470588235,25,253,255,0.9957915119694374,109,109,331,0.02298611111111111,25,22,0.6018181818181818,59.6404833836858,50.72809667673716,0.08666666666666667,0.009583333333333333,0.030625,0.021388888888888888,0.015694444444444445,1,58.43952225177576,49.1906814638173,12.396144485403186,4.682541374212546,0.9259109927335074,-138.05089169355443,2.1081597419798217,2.1081597419798217,0.023408440082749907,14,0.34597222222222257,4982,0.6643906743998512,224.72727272727272,85.85303606543505,5.213301767676767,1.8369260389357063
RHF_MPM_P28,267,0.01335,13.35,0,11,0.0175,0.3386646571462691,252,22.90909090909091,0,0,7,0.04973082820948969,3,8,9,0.000625,93,101,0.0009581603321622484,87.88888888888889,54.666666666666664,0.003958333333333334,0.0,0.0,0.0,0.0,0,82.31349206349206,59.523809523809526,27.697537133939367,26.838168251325122,0.24716622587032053,138.75935328947588,0.7106558358452589,0.7106558358452589,0.0,-322,-6.796875,-97875,26.01422630167847,205.72727272727272,106.00179321732843,4.742323232323232,2.3678408131481974
RHF_MPM_P28,268,0.0134,13.4,0,255,3.1991666666666667,22.215398797905927,46068,180.65882352941176,6,95,255,0.7238220857307356,108,108,134,0.009305555555555555,13,13,0.7928994082840237,66.85074626865672,57.223880597014926,0.06236111111111111,0.0030555555555555557,0.012986111111111111,0.008611111111111111,0.006388888888888889,1,69.15090735434575,59.060562646522534,8.983160252852887,5.112048288504607,0.822288983566755,46.17010282333402,0.8275757793342013,0.8275757793342013,0.024550664235477988,125,3.1816666666666666,45816,13.170733992256034,199.0909090909091,107.98102067699806,4.525972222222222,2.390126349170101
RHF_MPM_P28,269,0.01345,13.45,0,255,5.008055555555556,26.278195261835158,72116,282.8078431372549,23,164,255,1.1118847096931872,103,103,197,0.013680555555555555,24,20,0.41041666666666665,69.40609137055837,59.786802030456855,0.10159722222222223,0.005138888888888889,0.01951388888888889,0.011527777777777777,0.008125,1,77.08267236119585,66.26719451994009,19.307854572245017,4.360625439221903,0.9741627325437681,-138.04712284605412,-1.243815580119381,1.243815580119381,0.014296411337289922,63,1.8088888888888892,26048,10.716736400735515,195.8181818181818,107.4479308839387,4.465454545454546,2.368629597023859
RHF_MPM_P28,270,0.0135,13.5,0,255,6.100555555555555,29.51754233073807,87848,344.5019607843137,32,217,255,1.1511284030468953,112,112,216,0.015,18,19,0.631578947368421,69.31944444444444,60.01851851851852,0.10284722222222223,0.006666666666666667,0.024583333333333332,0.014375,0.010763888888888889,1,77.44450642018032,66.30339905290957,17.67540951284555,4.612414825849949,0.9653520622043076,-141.04420725573902,-1.0365008897808667,1.0365008897808667,0.007843092614515983,19,1.0924999999999994,15732,0.36364083165771605,214.72727272727272,89.54134739081148,5.0184217171717185,1.9363491973271878
RHF_MPM_P28,271,0.01355,13.55,0,255,6.051944444444445,29.88398765963736,87148,341.75686274509803,30,233,255,1.1512749805789857,110,110,230,0.01597222222222222,19,19,0.6371191135734072,69.56086956521739,60.143478260869564,0.10395833333333333,0.007569444444444445,0.024444444444444446,0.014791666666666667,0.011319444444444444,1,77.9273534676642,67.24168081883693,20.516475530419854,4.275104384767976,0.9780491749001861,-138.00485122769086,-1.2742013848509322,1.2742013848509322,0.013861477027585258,14,-0.048611111111110716,-700,1.0552317013507821,222.63636363636363,86.65214966359643,5.250896464646464,1.8924719246246564
RHF_MPM_P28,272,0.0136,13.6,0,255,5.688819444444444,30.638141851396416,81919,321.25098039215686,21,241,255,1.0047309691295587,108,108,264,0.018333333333333333,21,20,0.6285714285714286,70.3409090909091,60.791666666666664,0.08944444444444444,0.007638888888888889,0.02361111111111111,0.016944444444444446,0.012430555555555556,1,73.96583210244266,63.256472857334686,14.195657610165696,4.4630791322561665,0.9492914293339159,-142.09352583841022,-1.6921777088775478,1.6921777088775478,0.034509698604719294,34,-0.36312500000000014,-5229,5.619211156695181,223.63636363636363,87.0593034319112,5.209236111111111,1.8772679383862565
RHF_MPM_P28,273,0.01365,13.65,0,255,5.871736111111111,32.055002747661476,84553,331.58039215686273,17,248,255,0.916254830795308,108,108,293,0.02034722222222222,22,22,0.6053719008264463,70.60750853242321,61.1740614334471,0.07993055555555556,0.008611111111111111,0.025555555555555557,0.01861111111111111,0.01361111111111111,1,72.964022565728,62.561671377715754,12.580362467341653,4.607004991169727,0.9305337825863753,-143.22478203081144,-2.2104104755990024,2.2104104755990024,0.037526758364576064,29,0.1829166666666664,2634,1.2191683410969536,230.36363636363637,89.27207924223231,5.190473484848486,1.8695052818763989
RHF_MPM_P28,274,0.0137,13.7,0,255,6.424236111111111,33.79100733183027,92509,362.7803921568627,18,253,255,0.9509074393454641,107,107,336,0.023333333333333334,25,24,0.56,71.62202380952381,62.07738095238095,0.083125,0.009166666666666667,0.029027777777777777,0.020902777777777777,0.015208333333333334,1,72.70067777189246,62.71586548335838,10.314932335427924,4.678970187114896,0.8911996186472574,-138.48572738498643,-1.088437806047921,1.088437806047921,0.013112237728221038,43,0.5525000000000002,7956,0.3051660247393431,239.0909090909091,94.33639473660642,5.243535353535354,1.8953086178752714
RHF_MPM_P28,275,0.01375,13.75,0,255,6.5247222222222225,33.77423533027893,93956,368.4549019607843,21,253,255,0.9655148570007585,108,108,326,0.02263888888888889,25,24,0.5433333333333333,71.37423312883436,61.9079754601227,0.08388888888888889,0.009166666666666667,0.029513888888888888,0.020555555555555556,0.015069444444444444,1,72.94235599642386,63.05140704159394,10.349828326117706,4.608928009785059,0.8953742508738312,-136.55406759054978,-0.7288279103773057,0.7288279103773057,0.012569713482906893,-10,0.1004861111111115,1447,0.41351723242907046,241.1818181818182,95.97046722045484,5.2881376262626265,1.9190127921581346
RHF_MPM_P28,276,0.0138,13.8,0,255,6.585972222222222,33.62303646310411,94838,371.9137254901961,23,253,255,1.0277036335663154,111,111,307,0.021319444444444443,23,22,0.6067193675889329,70.99022801302931,61.4299674267101,0.09097222222222222,0.009305555555555555,0.02847222222222222,0.019930555555555556,0.015208333333333334,1,73.39438832535481,63.365866003078935,11.282342688777547,4.607371212288564,0.9128164524628968,-137.53109751887195,-0.9539341828886352,0.9539341828886352,0.015985153630401316,-19,0.06124999999999936,882,0.5506520360962666,240.27272727272728,95.29293678784852,5.2988257575757585,1.9258717807329855
RHF_MPM_P28,277,0.01385,13.85,0,255,6.5472222222222225,33.22542522185141,94280,369.72549019607845,24,251,255,1.040433432700886,108,108,315,0.021875,25,23,0.5478260869565217,71.37142857142857,61.695238095238096,0.09173611111111112,0.009027777777777777,0.028402777777777777,0.019791666666666666,0.014652777777777778,1,73.82616673737802,63.701294017819265,12.024802716426299,4.484752709896214,0.9278480139853663,-137.24025258194754,-0.9957633182503395,0.9957633182503395,0.017723801442511667,8,-0.038749999999999396,-558,0.5467582191077888,238.8181818181818,94.01046187605272,5.274539141414142,1.908209995681787
RHF_MPM_P28,278,0.0139,13.9,0,255,6.312986111111111,32.37176664634419,90907,356.4980392156863,24,250,255,1.0413371872961483,109,109,290,0.02013888888888889,23,21,0.6004140786749482,70.48965517241379,60.679310344827584,0.09256944444444444,0.008819444444444444,0.02722222222222222,0.01840277777777778,0.013680555555555555,1,73.70316917289098,63.45582848405513,12.552636067283151,4.249928461038731,0.9409417095969294,-137.78174421412595,-1.2261557366778417,1.2261557366778417,0.023672544468522776,-25,-0.23423611111111153,-3373,0.27455733305787566,264.3636363636364,60.183466058186276,5.846856060606061,0.9483391042144347
RHF_MPM_P28,279,0.01395,13.95,0,12,0.01951388888888889,0.35644040693499895,281,23.416666666666668,0,0,7,0.05593393271705389,3,8,11,0.0007638888888888889,93,107,0.0011054165410511506,83.72727272727273,63.27272727272727,0.0045138888888888885,0.0,0.0,0.0,0.0,0,81.35943060498221,62.23131672597865,31.47741821619612,27.99809563605919,0.45700120480002054,118.35332322426491,-0.2047840134611481,0.2047840134611481,0.0,-279,-6.293472222222222,-90626,7.753564867994281,253.1818181818182,88.24842845040892,5.557796717171717,1.80709125738286
RHF_MPM_P28,280,0.014,14.0,0,255,3.287847222222222,22.85050126070647,47345,185.66666666666666,3,114,255,0.670424857027183,102,102,156,0.010833333333333334,15,17,0.611764705882353,63.80769230769231,54.467948717948715,0.05631944444444444,0.003611111111111111,0.015069444444444444,0.008958333333333334,0.006388888888888889,1,63.77558348294434,53.4663005597212,6.94615971211224,5.5910889915426605,0.5933860558960263,46.14345558888105,-0.7891286266003791,0.7891286266003791,0.014890695955222305,145,3.268333333333333,47064,19.64732012275348,249.45454545454547,91.35382127287848,5.401414141414142,1.9188730521382333
RHF_MPM_P28,281,0.01405,14.05,0,255,6.001597222222222,27.613798587823467,86423,338.9137254901961,29,169,255,1.367151216876492,102,102,215,0.014930555555555556,20,23,0.4673913043478261,61.479069767441864,51.9953488372093,0.12805555555555556,0.005208333333333333,0.025833333333333333,0.012569444444444444,0.008888888888888889,1,55.1569836733277,43.953311039885214,17.847200917023564,6.5253383362635855,0.9307632258629869,-135.7883592397066,0.8639351792401658,0.8639351792401658,0.023720537356953588,59,2.71375,39078,12.836558428287281,249.36363636363637,91.3875590570906,5.392417929292929,1.9158037111402924
RHF_MPM_P28,282,0.0141,14.1,0,255,6.387222222222222,30.33047015892976,91976,360.69019607843137,30,228,255,1.2321646632430459,99,99,294,0.020416666666666666,29,31,0.3270300333704116,59.085034013605444,49.6156462585034,0.11222222222222222,0.007569444444444445,0.02722222222222222,0.014652777777777778,0.011180555555555555,1,54.90298556145081,43.58422849438984,19.208985178311927,4.775218483914035,0.9686080426274318,52.33360153204964,-1.1512827439362578,1.1512827439362578,0.026593894059319823,79,0.3856250000000001,5553,0.4480367911526569,255.1818181818182,92.0047609260404,5.422897727272727,1.9286779177343445
RHF_MPM_P28,283,0.01415,14.15,0,255,6.368055555555555,31.035234574722075,91700,359.6078431372549,31,239,255,1.1038105268165088,110,110,249,0.017291666666666667,21,19,0.6240601503759399,61.18072289156626,52.092369477911646,0.09722222222222222,0.007847222222222222,0.03027777777777778,0.015625,0.012083333333333333,1,55.574678298800436,44.94472191930207,17.862441331387306,4.388942053406922,0.9693439289024725,50.91218770856077,-1.1728898876047666,1.1728898876047666,0.004678298800436205,-45,-0.019166666666666998,-276,1.5172717266981661,253.8181818181818,91.97511341446285,5.484646464646464,1.9469895317078143
RHF_MPM_P28,284,0.0142,14.2,0,255,6.269236111111111,32.14364371630755,90277,354.02745098039213,24,248,255,1.0168175174276712,107,107,292,0.020277777777777777,23,22,0.5770750988142292,60.31164383561644,51.29109589041096,0.08909722222222222,0.008472222222222223,0.027777777777777776,0.01840277777777778,0.013402777777777777,1,57.306102329496994,47.0092493104556,16.22427429748991,4.754338867702363,0.9561006067273549,51.764993293154994,-1.8077135911785038,1.8077135911785038,0.04239174983661398,43,-0.09881944444444457,-1423,2.694457741902205,253.72727272727272,91.93682703514004,5.520782828282829,1.9574990750438288
RHF_MPM_P28,285,0.01425,14.25,0,255,5.959791666666667,32.7689340087179,85821,336.5529411764706,15,252,255,0.8295081741640615,110,110,296,0.020555555555555556,23,21,0.6128364389233955,60.2972972972973,51.33108108108108,0.070625,0.009166666666666667,0.027291666666666665,0.018958333333333334,0.014444444444444444,1,59.4589552673588,50.2582235117279,8.91017128686815,4.665810685283652,0.8519335287085155,-135.82023910223683,0.568782189510289,0.568782189510289,0.005371645634518358,4,-0.30944444444444397,-4456,3.8975131985143014,250.0909090909091,89.3659021260901,5.478560606060606,1.9425082184488507
RHF_MPM_P28,286,0.0143,14.3,0,255,6.2096527777777775,33.16619143112611,89419,350.66274509803924,18,251,255,0.8819615867896047,107,107,321,0.022291666666666668,25,23,0.5582608695652174,59.442367601246104,50.890965732087224,0.07548611111111111,0.008819444444444444,0.02875,0.02013888888888889,0.014583333333333334,1,59.052438519777674,50.17067960947897,9.453238738297841,4.694766843213635,0.8679620553048067,-137.06072223986192,0.602389401648413,0.602389401648413,0.005781768975273711,25,0.24986111111111065,3598,0.4158362669187358,249.63636363636363,88.99057429890868,5.44991792929293,1.929148120292625
RHF_MPM_P28,287,0.01435,14.35,0,255,6.317152777777777,33.380271705238535,90967,356.73333333333335,19,252,255,0.928193662429297,110,110,310,0.021527777777777778,25,22,0.5636363636363636,59.81612903225806,51.10322580645161,0.08083333333333333,0.009236111111111112,0.028194444444444446,0.02020833333333333,0.014791666666666667,1,58.98120197434234,49.98698429100663,9.820635101893874,4.82422871410642,0.8710277103772673,-137.26382886466763,0.6826150083227868,0.6826150083227868,0.010355403607901766,-11,0.10749999999999993,1548,0.19702440314391043,249.9090909090909,89.17037272491814,5.425479797979798,1.9162616221879627
RHF_MPM_P28,288,0.0144,14.4,0,255,6.745902777777777,34.39959146465249,97141,380.9450980392157,22,254,255,1.0239432404916686,110,110,326,0.02263888888888889,26,22,0.5699300699300699,59.395705521472394,51.030674846625764,0.09069444444444444,0.009791666666666667,0.029791666666666668,0.021041666666666667,0.01576388888888889,1,58.423250738617064,49.57669778981069,10.30782387048318,5.1819568131783775,0.8644488767858051,-137.76069769779753,0.7205027062969954,0.7205027062969954,0.012970836207162785,16,0.42874999999999996,6174,0.6925637837130744,250.9090909090909,89.9529721025528,5.443541666666667,1.9276520548090028
RHF_MPM_P28,289,0.01445,14.45,0,255,6.3914583333333335,32.89251260352824,92037,360.9294117647059,22,248,255,0.9832301167042546,107,107,313,0.021736111111111112,27,22,0.5269360269360269,59.38019169329073,50.81150159744409,0.08534722222222223,0.008611111111111111,0.029583333333333333,0.01965277777777778,0.01375,1,57.84526875061117,49.10377348240382,11.388202482106712,4.529429546743789,0.9175025138485603,-138.7002026054333,0.8257140019310009,0.8257140019310009,0.011853928311439964,-13,-0.3544444444444439,-5104,0.7468069221663086,253.0,91.09735052528845,5.450675505050505,1.9309987864343736
RHF_MPM_P28,290,0.0145,14.5,0,255,5.531736111111111,29.96765559245735,79657,312.38039215686274,19,228,255,0.9426731099615724,107,107,255,0.017708333333333333,23,20,0.5543478260869565,61.07843137254902,52.16470588235294,0.08166666666666667,0.006875,0.024583333333333332,0.01597222222222222,0.011458333333333333,1,58.38609287319382,49.52921902657645,12.143738931166139,4.365999215898101,0.9331347719939594,-139.43897524692332,1.1779527320737369,1.1779527320737369,0.01741215461290282,-58,-0.8597222222222225,-12380,0.6881094699418392,275.1818181818182,49.830290499250246,5.951786616161616,0.8925519065038272
RHF_MPM_P28,291,0.01455,14.55,0,255,4.987708333333333,28.4756582505799,71823,281.6588235294118,17,207,255,0.9149269369227907,107,107,230,0.01597222222222222,21,18,0.6084656084656085,61.93913043478261,52.87826086956522,0.08055555555555556,0.006388888888888889,0.020763888888888887,0.01423611111111111,0.010486111111111111,1,58.915291758907316,49.95701933920889,12.578339982460472,4.2011690161467765,0.9425729765607798,-139.5307300429518,1.5046084373023247,1.5046084373023247,0.02691338429193991,-25,-0.544027777777778,-7834,0.6804884775871104,281.90909090909093,36.49770738865798,6.106319444444444,0.46056560676577
RHF_MPM_P28,292,0.0146,14.6,0,255,4.4558333333333335,26.83426228982062,64164,251.6235294117647,15,183,255,0.8766802318080962,108,108,201,0.013958333333333333,19,17,0.6222910216718266,62.49751243781095,53.308457711442784,0.07770833333333334,0.005347222222222222,0.018819444444444444,0.012847222222222222,0.009305555555555555,1,59.32748893460507,50.21636743345178,13.181893252030036,4.099313754736259,0.9504162426226055,-139.01121232543917,1.8306855297923692,1.8306855297923692,0.033897512623901255,-29,-0.5318749999999994,-7659,0.48699891749430474,280.6363636363636,38.969154998823285,5.965795454545455,0.662587778714901
RHF_MPM_P28,293,0.01465,14.65,0,255,3.9443055555555557,25.34883754327848,56798,222.7372549019608,12,157,255,0.8084847435045506,107,107,182,0.012638888888888889,18,16,0.6319444444444444,63.3021978021978,53.94505494505494,0.07173611111111111,0.004722222222222222,0.016666666666666666,0.01138888888888889,0.008402777777777778,1,60.2514701221874,50.92172259586605,13.245612349551644,4.110706386094327,0.9506240739224291,-138.50049352283438,2.2499528987028503,2.2499528987028503,0.040195077291453926,-19,-0.5115277777777778,-7366,1.1624401662668544,270.45454545454544,47.782392413873424,5.743712121212121,0.8631621581740556
RHF_MPM_P28,294,0.0147,14.7,0,255,3.6055555555555556,24.953035825598064,51920,203.6078431372549,6,154,255,0.6923987140242261,108,108,174,0.012083333333333333,16,15,0.725,63.88505747126437,54.37931034482759,0.060208333333333336,0.004791666666666666,0.015486111111111112,0.011111111111111112,0.008333333333333333,1,61.65491140215717,52.31796995377504,11.815909441897704,3.6160213976933844,0.9520219062626123,-138.44084636811868,2.947968166833318,2.947968166833318,0.03453389830508474,-8,-0.3387500000000001,-4878,1.9796853565127515,263.6363636363636,55.1415908486717,5.492575757575758,1.03060805507533
RHF_MPM_P28,295,0.01475,14.75,0,11,0.020625,0.3482968855532749,297,27.0,0,0,7,0.061063498772446184,2,8,10,0.0006944444444444445,32,107,0.0029205607476635513,98.5,63.4,0.005,0.0,0.0,0.0,0.0,0,90.35353535353535,59.535353535353536,32.64482686637337,24.392511090525336,0.6645890375948519,92.52108398656638,-0.29576197091073103,0.29576197091073103,0.0,-164,-3.5849305555555557,-51623,29.592256461213907,238.0,90.3246669218628,4.924520202020203,1.8457116914487117
RHF_MPM_P28,296,0.0148,14.8,0,255,3.3930555555555557,22.576446221602588,48860,191.6078431372549,11,101,255,0.7903886832376793,108,108,137,0.00951388888888889,14,12,0.8154761904761905,66.94890510948905,57.66423357664234,0.06944444444444445,0.003263888888888889,0.01375,0.00875,0.006597222222222222,1,70.09478100695866,59.63716741711011,9.571944010683707,5.225753659092995,0.8378211067076998,-143.58255925458107,-0.9366826223166084,0.9366826223166084,0.021346704871060173,127,3.372430555555556,48563,20.259010186617175,223.54545454545453,92.58054344619818,4.6911805555555555,1.862252882656338
RHF_MPM_P28,297,0.01485,14.85,0,255,5.164166666666667,26.35495935566756,74364,291.6235294117647,25,151,255,1.1306274301406507,101,101,207,0.014375,24,22,0.39204545454545453,70.01932367149759,60.59903381642512,0.10194444444444445,0.005,0.02034722222222222,0.01138888888888889,0.008263888888888888,1,77.99864181593244,67.34409122693776,19.630700576169446,4.040236607512024,0.9785915188040968,-139.19947320383787,-1.0651221880243287,1.0651221880243287,0.010462051530310365,70,1.7711111111111109,25504,11.039370013642994,213.1818181818182,87.32261831519648,4.596136363636363,1.808224502796005
RHF_MPM_P28,298,0.0149,14.9,0,255,5.603402777777778,28.557150341785253,80689,316.42745098039217,27,204,255,1.0863672785761989,111,111,206,0.014305555555555556,17,18,0.673202614379085,69.27669902912622,60.12135922330097,0.09659722222222222,0.006388888888888889,0.02340277777777778,0.013402777777777777,0.010208333333333333,1,77.01580141035333,66.94369740609005,18.397000851292926,4.176981475126306,0.9738838321208857,-138.20548234978654,-1.173336074310452,1.173336074310452,0.01060863314702128,-1,0.4392361111111116,6325,1.0612683329921517,203.72727272727272,81.78251747952771,4.531250000000001,1.7573950212251952
RHF_MPM_P28,299,0.01495,14.95,0,255,6.021458333333333,30.422324096439766,86709,340.0352941176471,28,238,255,1.0910639490661467,110,110,247,0.017152777777777777,21,21,0.5600907029478458,70.24696356275304,60.987854251012145,0.09770833333333333,0.0077083333333333335,0.02409722222222222,0.015833333333333335,0.012013888888888888,1,77.32700181065402,67.08540059278737,19.766923368595915,4.115037858098532,0.9780909647751278,-137.59013457071777,-1.4150364041361547,1.4150364041361547,0.010218085781176119,41,0.4180555555555552,6020,0.3419436828886949,196.54545454545453,73.80978456492514,4.465391414141415,1.6852605121213646
RHF_MPM_P28,300,0.015,15.0,0,255,5.383819444444445,30.3634553163038,77527,304.02745098039213,16,238,255,0.8604663073742826,109,109,256,0.017777777777777778,20,20,0.64,70.140625,60.76953125,0.07430555555555556,0.007916666666666667,0.02340277777777778,0.016319444444444445,0.012361111111111111,1,72.44161388935467,62.67539050911295,11.126030843614117,4.330486282489,0.9211443497098752,-138.21535673862695,-1.5908160735904446,1.5908160735904446,0.013259896552168922,9,-0.6376388888888886,-9182,6.581428726324372,191.36363636363637,67.15284157972323,4.37378787878788,1.6034793395479983
RHF_MPM_P28,301,0.01505,15.05,0,255,5.849513888888889,32.018689091725555,84233,330.3254901960784,17,248,255,0.8887609596779783,109,109,288,0.02,22,21,0.6233766233766234,70.91666666666667,61.55902777777778,0.07729166666666666,0.008611111111111111,0.025625,0.018819444444444444,0.013333333333333334,1,72.38490852753671,62.65386487481153,9.905451418539787,4.47367775649888,0.892201302161334,-137.1125838156665,-0.8859191470379022,0.8859191470379022,0.020015908254484585,32,0.46569444444444397,6706,0.06065353238669893,194.36363636363637,70.57848336461748,4.402676767676767,1.6267745224876657
RHF_MPM_P28,302,0.0151,15.1,0,255,6.136597222222222,32.87143972405551,88367,346.5372549019608,18,252,255,0.9350398636965942,109,109,306,0.02125,23,22,0.6047430830039525,71.13398692810458,61.74183006535948,0.08201388888888889,0.008888888888888889,0.027291666666666665,0.019444444444444445,0.014444444444444444,1,72.44478142292938,62.739653943214094,9.647252640739385,4.640555517044295,0.8767076844000532,-136.82254864317275,-0.7944523125808979,0.7944523125808979,0.01601276494619032,18,0.28708333333333336,4134,0.10461609751888733,201.27272727272728,77.14342122317709,4.507121212121212,1.696375064802294
RHF_MPM_P28,303,0.01515,15.15,0,255,6.399583333333333,33.359361502078976,92154,361.38823529411764,20,252,255,0.9582924577976666,107,107,323,0.022430555555555554,25,24,0.5383333333333333,71.53560371517028,62.306501547987615,0.08340277777777778,0.009166666666666667,0.029236111111111112,0.02013888888888889,0.014444444444444444,1,72.76950539314626,63.165592377976,10.32077177414928,4.551187245042709,0.8975201049037168,-137.02599850835824,-0.6596671967869387,0.6596671967869387,0.011708661588211038,17,0.26298611111111114,3787,0.535601724269847,212.36363636363637,84.70620104731276,4.683825757575757,1.7809569679553972
RHF_MPM_P28,304,0.0152,15.2,0,255,6.230833333333333,32.923717293414285,89724,351.8588235294118,21,252,255,0.9533491403831935,110,110,298,0.020694444444444446,22,22,0.6157024793388429,70.74832214765101,61.630872483221474,0.08368055555555555,0.009236111111111112,0.02638888888888889,0.019166666666666665,0.014652777777777778,1,72.82985600285319,63.28524140698141,10.887353414752218,4.58729533172205,0.9069019921013783,-136.41832387607485,-0.920087781240256,0.920087781240256,0.017286344790691455,-25,-0.16875000000000018,-2430,0.134007784228891,222.9090909090909,87.44604003244156,4.891691919191919,1.8156124810917522
RHF_MPM_P28,305,0.01525,15.25,0,255,6.244652777777778,32.89416645371929,89923,352.6392156862745,22,253,255,0.9987855809938538,111,111,294,0.020416666666666666,22,21,0.6363636363636364,70.58503401360544,61.30952380952381,0.08888888888888889,0.009305555555555555,0.025416666666666667,0.01888888888888889,0.014722222222222222,1,73.06866986199304,63.31419103010353,11.508066466710051,4.692232986344599,0.913100636128383,-136.8118161632576,-1.091628231156413,1.091628231156413,0.022219009597099743,-4,0.013819444444444606,199,0.24056213333810897,233.8181818181818,88.14638463355683,5.131609848484849,1.8041398125295807
RHF_MPM_P28,306,0.0153,15.3,0,255,6.412361111111111,33.07979766971979,92338,362.10980392156864,22,253,255,1.0717801495746138,109,109,301,0.020902777777777777,22,21,0.6515151515151515,70.91362126245848,61.395348837209305,0.09722222222222222,0.009375,0.02666666666666667,0.019583333333333335,0.014583333333333334,1,73.60185405791765,63.532651779332454,12.020843988682634,4.663439175731195,0.9216820749436957,-137.7778378756233,-1.2446823712303274,1.2446823712303274,0.02761593276874093,7,0.16770833333333357,2415,0.5762035106951627,260.27272727272725,54.09434672040543,5.712676767676768,0.8316607896581488
RHF_MPM_P28,307,0.01535,15.35,0,255,6.377777777777778,32.721320021518345,91840,360.15686274509807,22,251,255,1.0728169888282688,108,108,301,0.020902777777777777,23,22,0.5948616600790514,71.00996677740864,61.27242524916944,0.09659722222222222,0.008958333333333334,0.027291666666666665,0.01902777777777778,0.01423611111111111,1,73.81494991289199,63.63997168989547,12.392070305807504,4.639186839307133,0.9272804689228653,-137.5519233184904,-1.2435205225240151,1.2435205225240151,0.025762195121951218,0,-0.034583333333332966,-498,0.23859464916569004,275.1818181818182,38.382804345455106,5.984015151515152,0.4112180843137516
RHF_MPM_P28,308,0.0154,15.4,0,255,6.103194444444444,31.79818593386128,87886,344.65098039215684,21,248,255,1.0693803971487703,106,106,287,0.019930555555555556,22,20,0.6522727272727272,70.67247386759581,60.96864111498258,0.0967361111111111,0.008472222222222223,0.025972222222222223,0.017986111111111112,0.01326388888888889,1,73.71988712650479,63.4297840384134,12.799441530705728,4.586783135749726,0.9335842196872124,-137.77351026373537,-1.357479286719708,1.357479286719708,0.02667091459390574,-14,-0.27458333333333407,-3954,0.2306854615948855,282.45454545454544,31.787257699683934,6.069381313131313,0.3193735928982795
RHF_MPM_P28,309,0.01545,15.45,0,255,5.932986111111111,31.33627682494854,85435,335.03921568627453,20,245,255,1.0606282802863984,109,109,272,0.01888888888888889,22,19,0.6507177033492823,70.39338235294117,60.6985294117647,0.09638888888888889,0.008333333333333333,0.025208333333333333,0.0175,0.012916666666666667,1,73.66369754784338,63.348042371393454,13.01802461515117,4.634385015745246,0.9344868839951423,-137.86799239729297,-1.4931220772499367,1.4931220772499367,0.027389243284368234,-15,-0.17020833333333307,-2451,0.09919157664512658,288.45454545454544,21.283214198320007,6.099343434343433,0.28818981279537936
RHF_MPM_P28,310,0.0155,15.5,0,255,5.7155555555555555,30.75609347434211,82304,322.7607843137255,19,241,255,1.0374200964224487,110,110,258,0.017916666666666668,22,18,0.6515151515151515,69.95348837209302,60.41860465116279,0.09402777777777778,0.008125,0.02409722222222222,0.01673611111111111,0.012430555555555556,1,73.52374125194402,63.23924718118196,13.027594525161414,4.496874032456817,0.9385362502823856,-138.50514980262602,-1.622053507324673,1.622053507324673,0.028103129860031103,-14,-0.21743055555555557,-3131,0.17726860459491012,289.45454545454544,19.495284447847364,6.071534090909092,0.30841340934911576
RHF_MPM_P28,311,0.01555,15.55,0,255,5.475694444444445,30.250047627436743,78850,309.2156862745098,18,238,255,0.9956254859592839,110,110,253,0.017569444444444443,21,18,0.6693121693121693,69.81027667984189,60.308300395256914,0.09006944444444444,0.00798611111111111,0.02298611111111111,0.016180555555555556,0.012152777777777778,1,73.14662016487,62.939365884591,12.88153870355957,4.486010140097386,0.9374012828178553,-138.52334071630926,-1.7007061161730932,1.7007061161730932,0.027812301838934687,-5,-0.23986111111111086,-3454,0.48181854090618337,289.1818181818182,19.976432395191825,6.079886363636363,0.2903936553918273
RHF_MPM_P28,312,0.0156,15.6,0,255,5.323402777777778,29.972476857554813,76657,300.6156862745098,17,236,255,0.9654375128825733,109,109,246,0.017083333333333332,21,17,0.6890756302521008,69.6260162601626,60.09349593495935,0.08701388888888889,0.008055555555555555,0.022430555555555554,0.015833333333333335,0.011805555555555555,1,72.87322749390141,62.634214748816156,12.469133058544228,4.50100008495213,0.9325768963484818,-139.04001618899744,-1.732329889634116,1.732329889634116,0.028947128116153777,-7,-0.15229166666666671,-2193,0.40970815003367483,285.3636363636364,23.534395437211497,6.0320580808080795,0.35950043286621614
RHF_MPM_P28,313,0.01565,15.65,0,255,5.15125,29.523955171911766,74178,290.8941176470588,16,231,255,0.9306751724789895,109,109,242,0.016805555555555556,21,17,0.6778711484593838,69.5495867768595,60.04545454545455,0.08354166666666667,0.007361111111111111,0.021458333333333333,0.015208333333333334,0.011666666666666667,1,72.58768098358004,62.436477122597,12.140708849362696,4.288443264656404,0.9355371138784535,-139.27976895905144,-1.8088374717640519,1.8088374717640519,0.029348324301005688,-4,-0.17215277777777782,-2479,0.34732834376062427,279.54545454545456,25.53914512829859,5.94248106060606,0.4367520774409841
RHF_MPM_P28,314,0.0157,15.7,0,255,4.895625,28.923003777720627,70497,276.45882352941175,15,226,255,0.8664549697425266,110,110,227,0.01576388888888889,19,17,0.7027863777089783,68.9251101321586,59.585903083700444,0.07659722222222222,0.006944444444444444,0.020555555555555556,0.014583333333333334,0.011180555555555555,1,71.89690341432969,61.972864093507525,11.597011583233844,3.922310495575653,0.9410680240611126,-139.95392446612604,-1.8721310807700584,1.8721310807700584,0.028937401591557086,-15,-0.2556250000000002,-3681,0.831931902814737,270.8181818181818,25.60120090158479,5.805757575757576,0.5026850494308375
RHF_MPM_P28,315,0.01575,15.75,0,11,0.016805555555555556,0.31600073131459366,242,22.0,0,0,7,0.049872519894556745,3,8,6,0.0004166666666666667,31,98,0.0019749835418038184,99.0,69.5,0.004027777777777778,0.0,0.0,0.0,0.0,0,86.5909090909091,63.20661157024794,28.954344301805445,24.994915876934204,0.5047720050038822,97.2088784606457,-0.26981274234134844,0.26981274234134844,0.0,-221,-4.878819444444444,-70255,14.745709059238596,244.27272727272728,79.11337194074534,5.240845959595959,1.721535109504911
RHF_MPM_P28,316,0.0158,15.8,0,255,3.225486111111111,22.393158129520188,46447,182.1450980392157,5,101,255,0.6893566557809764,105,105,139,0.009652777777777777,14,13,0.7637362637362637,64.05035971223022,54.97122302158273,0.058263888888888886,0.0031944444444444446,0.013333333333333334,0.00875,0.006388888888888889,1,63.19053975498956,52.937520184296076,7.602069950662057,5.468016038008096,0.6947204040606562,64.03279171261717,-0.8066455963755341,0.8066455963755341,0.013714556376084569,133,3.2086805555555555,46205,25.554481465106544,230.1818181818182,82.7227771006249,4.966376262626263,1.7793229533728552
RHF_MPM_P28,317,0.01585,15.85,0,255,5.801527777777777,27.893899629753882,83542,327.6156862745098,26,180,255,1.2769123433983909,94,94,268,0.01861111111111111,33,32,0.2537878787878788,58.593283582089555,49.309701492537314,0.11868055555555555,0.005625,0.025,0.012152777777777778,0.009027777777777777,1,54.499497258863805,44.223695865552656,17.929217929305814,5.470131948639402,0.9523216134524497,47.89187768214738,-0.9224332918530068,0.9224332918530068,0.040063680543918026,129,2.5760416666666663,37095,12.307109893366029,227.1818181818182,80.67309812031876,4.910845959595959,1.742479372709672
RHF_MPM_P28,318,0.0159,15.9,0,255,5.907708333333333,29.57848357474732,85071,333.61176470588236,30,228,255,1.0850574675082316,114,114,211,0.014652777777777778,17,17,0.7301038062283737,61.73933649289099,52.55450236966825,0.0961111111111111,0.007291666666666667,0.025486111111111112,0.013819444444444445,0.010902777777777779,1,54.24029340198187,44.360945563117866,19.864475954337564,4.147143279716003,0.9779643741238264,46.76508164539047,-1.2151045733707617,1.2151045733707617,0.005266189418250637,-57,0.1061805555555555,1529,0.2932986854798545,219.0,77.26342189960502,4.868112373737374,1.7114676287678054
RHF_MPM_P28,319,0.01595,15.95,0,255,5.1466666666666665,29.057706283264075,74112,290.63529411764705,17,217,255,0.8795519470497817,108,108,224,0.015555555555555555,18,18,0.691358024691358,61.839285714285715,52.486607142857146,0.07590277777777778,0.006944444444444444,0.02347222222222222,0.014513888888888889,0.011111111111111112,1,58.48345746977547,48.61143944300518,14.51533349636917,4.521618619022137,0.9502440692925127,47.09090592036645,-2.17151456430915,2.17151456430915,0.04201748704663212,13,-0.7610416666666664,-10959,6.005925368265431,213.27272727272728,74.2882480723088,4.781155303030303,1.670310907548837
RHF_MPM_P28,320,0.016,16.0,0,255,5.760208333333333,31.777851956301216,82947,325.2823529411765,17,247,255,0.8684803433857374,109,109,281,0.01951388888888889,21,21,0.63718820861678,60.59074733096085,51.288256227758005,0.07458333333333333,0.008194444444444445,0.025625,0.018055555555555554,0.013472222222222222,1,59.24901443090166,49.56897778099268,10.20718634315922,4.552915164970283,0.8950080580735345,46.217379132268604,-1.0598345850280726,1.0598345850280726,0.016227229435663737,57,0.6135416666666664,8835,1.2259515200221527,214.0909090909091,74.97691104655249,4.765448232323232,1.6601873004840066
RHF_MPM_P28,321,0.01605,16.05,0,255,6.245902777777777,33.02602326014195,89941,352.7098039215686,19,250,255,0.9246328160447939,107,107,318,0.022083333333333333,25,23,0.5530434782608695,59.327044025157235,50.613207547169814,0.07993055555555556,0.008541666666666666,0.028125,0.020069444444444445,0.014166666666666666,1,58.43319509456199,49.28771083265696,10.591309506004572,4.5673814484901625,0.9022379246761465,-136.45178350571385,0.9854765098912419,0.9854765098912419,0.024071335653372765,37,0.48569444444444443,6994,0.8629439644448481,219.54545454545453,79.98791230993893,4.813661616161617,1.6944270284155543
RHF_MPM_P28,322,0.0161,16.1,0,255,6.549861111111111,33.548640268565265,94318,369.87450980392157,22,249,255,0.9722425741528354,103,103,344,0.02388888888888889,28,25,0.49142857142857144,58.60174418604651,49.95348837209303,0.08430555555555555,0.008819444444444444,0.03048611111111111,0.020902777777777777,0.014583333333333334,1,57.91876418075023,48.883246039992365,11.19819036302916,4.642353070715824,0.910020709029177,-136.91368271080893,0.9481176628827801,0.9481176628827801,0.022986068406878855,26,0.303958333333334,4377,0.6543935616969473,227.8181818181818,87.38401994729219,4.911313131313131,1.7594709876160939
RHF_MPM_P28,323,0.01615,16.15,0,255,6.742222222222222,33.98907823854852,97088,380.7372549019608,23,252,255,1.0151143207397322,106,106,339,0.023541666666666666,28,25,0.48428571428571426,58.70501474926254,50.13864306784661,0.08868055555555555,0.009097222222222222,0.03131944444444444,0.021041666666666667,0.015208333333333334,1,57.54072593935399,48.591906311799605,11.626424660064954,4.810803088298583,0.9103760817660939,-137.31191333062432,1.0163229587222604,1.0163229587222604,0.018282382992748845,-5,0.19236111111111054,2770,0.477275338962106,236.27272727272728,93.0494403374219,5.040296717171717,1.835323244299096
RHF_MPM_P28,324,0.0162,16.2,0,255,6.638125,33.341927297755596,95589,374.8588235294118,23,252,255,1.0748973448866992,107,107,320,0.022222222222222223,27,24,0.49382716049382713,59.26875,50.73125,0.09555555555555556,0.008958333333333334,0.03027777777777778,0.02,0.014444444444444444,1,57.44872317944533,48.519222923139694,12.247195512536724,4.938908176294443,0.9150816991221585,-137.4424424067772,1.1512771915568796,1.1512771915568796,0.017010325455857893,-19,-0.10409722222222229,-1499,0.11724923376252024,243.36363636363637,96.13652482255992,5.175467171717172,1.8923839832949405
RHF_MPM_P28,325,0.01625,16.25,0,255,6.400833333333333,32.579629361083214,92172,361.45882352941175,23,249,255,1.0674584360752895,108,108,299,0.020763888888888887,25,21,0.5695238095238095,59.88294314381271,51.324414715719065,0.09513888888888888,0.00875,0.028333333333333332,0.01888888888888889,0.013888888888888888,1,57.34034196936163,48.46480492991364,12.84491327910948,4.8716931138286865,0.9252859550070995,-137.62074708826336,1.2757823430389863,1.2757823430389863,0.016827236036974353,-21,-0.23729166666666668,-3417,0.12127573824124002,249.9090909090909,97.24426091544804,5.312304292929293,1.9213993659061048
RHF_MPM_P28,326,0.0163,16.3,0,255,6.018888888888889,31.420239476576747,86672,339.89019607843136,22,243,255,1.0508785411926032,107,107,279,0.019375,24,21,0.5535714285714286,60.483870967741936,51.69534050179212,0.09395833333333334,0.008055555555555555,0.025694444444444443,0.017638888888888888,0.012847222222222222,1,57.766983570241834,48.83427173712387,12.935813744413977,4.696365247731298,0.931769114820495,-138.3464502258702,1.3516316336993641,1.3516316336993641,0.02187557688757615,-20,-0.38194444444444375,-5500,0.5643835373500395,274.72727272727275,59.2377197233024,5.857948232323232,0.9434696736224625
RHF_MPM_P28,327,0.01635,16.35,0,255,5.411041666666667,29.786296770559094,77919,305.56470588235294,19,231,255,0.9817348907887808,108,108,251,0.017430555555555557,22,19,0.6004784688995215,61.27091633466136,52.27490039840637,0.08756944444444445,0.007291666666666667,0.022708333333333334,0.015694444444444445,0.011527777777777777,1,58.43762111936755,49.33552792001951,12.932752322752073,4.5268028844271875,0.9367398889857368,-138.71043047122046,1.5462443072203493,1.5462443072203493,0.029864346308345845,-28,-0.6078472222222224,-8753,0.8372648823332141,284.90909090909093,42.21256716247285,6.056635101010101,0.4887007584712233
RHF_MPM_P28,328,0.0164,16.4,0,255,4.705208333333333,27.603378428211315,67755,265.70588235294116,15,192,255,0.8970341972591873,107,107,217,0.015069444444444444,21,17,0.6078431372549019,62.03225806451613,52.9815668202765,0.08006944444444444,0.005833333333333334,0.019930555555555556,0.013541666666666667,0.009791666666666667,1,58.841546749317395,49.91799867168475,13.329465641258071,4.09941948815925,0.9515333198084741,-138.6207943243171,1.8222751875875864,1.8222751875875864,0.03481661869972696,-34,-0.7058333333333335,-10164,0.708821621478811,280.27272727272725,46.40746591403137,5.956969696969697,0.6237075499326183
RHF_MPM_P28,329,0.01645,16.45,0,255,4.148125,25.954499515411317,59733,234.24705882352941,13,165,255,0.8346239737839638,106,106,191,0.01326388888888889,18,16,0.6631944444444444,62.72251308900523,53.56020942408377,0.07423611111111111,0.005,0.017638888888888888,0.012152777777777778,0.00875,1,59.547553278757135,50.5820233371838,13.38104847667295,4.040329267563789,0.9533256170499257,-138.12370220180833,2.1673448088326186,2.1673448088326186,0.03698123315420287,-26,-0.5570833333333329,-8022,0.9692130704869137,278.45454545454544,49.38230017170053,5.797007575757576,0.8128036752573845
RHF_MPM_P28,330,0.0165,16.5,0,255,3.823958333333333,25.16558045996859,55065,215.94117647058823,11,157,255,0.7717598349911652,106,106,179,0.012430555555555556,17,15,0.7019607843137254,63.12849162011173,54.022346368715084,0.06784722222222223,0.004722222222222222,0.01611111111111111,0.01138888888888889,0.008263888888888888,1,60.41362026695723,51.39282665940252,12.726718686083156,3.850516265645688,0.9531323296249187,-137.8332039346632,2.5407784953495596,2.5407784953495596,0.034504676291655316,-12,-0.32416666666666716,-4668,1.1863701173625818,274.3636363636364,55.24042118079301,5.676761363636363,0.9806341782837278
RHF_MPM_P28,331,0.01655,16.55,0,255,3.6820833333333334,25.08219900189841,53022,207.9294117647059,6,155,255,0.7130033233666437,106,106,180,0.0125,17,16,0.6617647058823529,63.083333333333336,53.916666666666664,0.06173611111111111,0.004722222222222222,0.016180555555555556,0.01138888888888889,0.008125,1,61.19750292331485,52.0129946060126,11.454130447603973,3.939225923195831,0.9390014668988376,-137.61114817037816,2.882064763879561,2.882064763879561,0.028987967258873676,1,-0.14187499999999975,-2043,0.9995400446909734,265.1818181818182,61.422261557810074,5.4878409090909095,1.1344704025154773
RHF_MPM_P28,332,0.0166,16.6,0,255,3.6996527777777777,25.475887289999733,53275,208.92156862745097,4,161,255,0.6783653599044501,108,108,182,0.012638888888888889,17,16,0.6691176470588235,63.09340659340659,53.85164835164835,0.058194444444444444,0.005,0.016319444444444445,0.01173611111111111,0.008611111111111111,1,61.831703425621775,52.448897231346784,10.034540607518721,4.086815045953273,0.9133056857842691,-137.75885976219197,2.9911100657669274,2.9911100657669274,0.021679962458939463,2,0.017569444444444304,253,0.7695592088329475,252.8181818181818,63.20790828228291,5.256363636363637,1.2132156379769583
RHF_MPM_P28,333,0.01665,16.65,0,255,3.678125,25.727524049286153,52965,207.7058823529412,1,167,255,0.6272699182765313,108,108,185,0.012847222222222222,17,16,0.6801470588235294,63.07027027027027,53.832432432432434,0.05298611111111111,0.005138888888888889,0.016458333333333332,0.012013888888888888,0.00875,1,62.284074388747285,52.86555272349665,8.456540728654366,4.193180614305281,0.8684078555489919,-136.89417193706154,2.71816408324719,2.71816408324719,0.01523647691871991,3,-0.02152777777777759,-310,0.6150132416604925,238.36363636363637,58.72473960199665,4.995296717171718,1.2157601514138132
RHF_MPM_P28,334,0.0167,16.7,0,255,3.78375,26.28098250623549,54486,213.6705882352941,0,179,255,0.5898921334596668,108,108,194,0.013472222222222222,17,17,0.671280276816609,62.902061855670105,53.61340206185567,0.04868055555555555,0.005416666666666667,0.016805555555555556,0.012430555555555556,0.009236111111111112,1,62.60606394303124,53.175421209117935,6.959966373581144,4.264298012749147,0.7903237502663321,-135.53051249437132,1.2088415510615007,1.2088415510615007,0.008864662482105495,9,0.10562499999999986,1521,0.44687330581408424,225.1818181818182,50.32949285696876,4.726344696969697,1.1232748328088193
RHF_MPM_P28,335,0.01675,16.75,0,255,3.7977083333333335,26.283015909591118,54687,214.45882352941177,0,178,255,0.5761822805674848,108,108,196,0.01361111111111111,17,18,0.6405228758169934,62.91326530612245,53.85204081632653,0.04736111111111111,0.005416666666666667,0.017152777777777777,0.012291666666666666,0.009097222222222222,1,62.558304533070014,53.23480900396804,6.840147597353794,4.2149860921851765,0.7875797478370441,-135.38560629360086,0.8988607299008682,0.8988607299008682,0.007789785506610346,2,0.013958333333333517,201,0.07620939192122014,213.9090909090909,40.81767563970416,4.468125,0.9701555586660635
RHF_MPM_P28,336,0.0168,16.8,0,255,3.8310416666666667,26.43573434394852,55167,216.34117647058824,0,180,255,0.5871874915237345,108,108,197,0.013680555555555555,17,17,0.6816608996539792,62.898477157360404,53.944162436548226,0.04819444444444444,0.005416666666666667,0.017152777777777777,0.012361111111111111,0.009305555555555555,1,62.542008809614444,53.27048779161455,6.8800028839087775,4.271296159779123,0.783947067220807,-136.00101309582476,0.7053903305550397,0.7053903305550397,0.011057335000996973,1,0.033333333333333215,480,0.03922405500283245,204.63636363636363,30.78746122360597,4.234507575757576,0.7641623726780236
RHF_MPM_P28,337,0.01685,16.85,0,255,3.795,26.174007515939255,54648,214.30588235294118,0,178,255,0.5918525784231243,107,107,196,0.01361111111111111,17,17,0.6782006920415224,63.36734693877551,54.13775510204081,0.04861111111111111,0.005069444444444444,0.017291666666666667,0.012152777777777778,0.008819444444444444,1,62.84081759625238,53.39037110232763,6.852514579467358,4.38385999923146,0.7685874688576381,-137.09726685835722,0.9758616985691348,0.9758616985691348,0.011619821402430099,-1,-0.03604166666666675,-519,0.32196071058370324,197.0909090909091,19.874398998138034,4.032335858585859,0.520744943065943
RHF_MPM_P28,338,0.0169,16.9,0,255,3.868611111111111,26.77916558039288,55708,218.46274509803922,0,192,255,0.574079807338881,108,108,201,0.013958333333333333,17,17,0.6955017301038062,63.64179104477612,54.3134328358209,0.04729166666666667,0.005833333333333334,0.017083333333333332,0.012847222222222222,0.009722222222222222,1,63.35269620162275,53.74545846198033,6.228900548158387,4.0328293037128935,0.7621177987622926,-137.44584570896654,0.41376181152593194,0.41376181152593194,0.013283549938967474,5,0.07361111111111107,1060,0.622982134271153,192.54545454545453,10.560334329793957,3.8921148989898984,0.2848641220119548
RHF_MPM_P28,339,0.01695,16.95,0,11,0.017986111111111112,0.32278536010170544,259,23.545454545454547,0,0,6,0.05505535845454123,2,8,9,0.000625,93,101,0.0009581603321622484,88.33333333333333,54.111111111111114,0.0044444444444444444,0.0,0.0,0.0,0.0,0,84.94208494208495,59.366795366795365,32.9482670040814,25.53405753394886,0.63199284629318,117.50810145309222,0.19238366418207078,0.19238366418207078,0.0,-192,-3.850625,-55449,22.309216364189744,173.63636363636363,52.55693488930531,3.4660037878787877,1.0972320012844314
RHF_MPM_P28,340,0.017,17.0,0,255,3.399861111111111,22.264239512990805,48958,191.9921568627451,11,95,255,0.8288857413191888,108,108,133,0.009236111111111112,13,13,0.7869822485207101,67.06015037593986,57.17293233082707,0.073125,0.0029861111111111113,0.013333333333333334,0.008333333333333333,0.00625,1,70.56205318844724,59.20227541974754,10.235836082976045,5.28136135111052,0.856608006691549,-141.73144386894327,-1.025083865187435,1.025083865187435,0.02357122431471874,124,3.381875,48699,14.38097284778069,168.36363636363637,53.45222629477437,3.397979797979798,1.0758203770955341
RHF_MPM_P28,341,0.01705,17.05,0,255,4.732083333333334,25.891767752055646,68142,267.22352941176473,20,154,255,1.0361722830144147,106,106,185,0.012847222222222222,20,17,0.5441176470588235,69.07567567567567,59.34054054054054,0.09326388888888888,0.005069444444444444,0.01923611111111111,0.011319444444444444,0.008194444444444445,1,76.41852308414781,64.4251709665111,17.396789527920575,4.253166454047362,0.969654344527869,-144.52900801661906,-1.3104201681760468,1.3104201681760468,0.01630418831264125,52,1.3322222222222226,19184,7.8470935722501585,168.9090909090909,53.58842233416154,3.4805366161616162,1.1383675289826716
RHF_MPM_P28,342,0.0171,17.1,0,255,5.6675,28.919334639168692,81612,320.0470588235294,26,204,255,1.0370209408009612,111,111,209,0.014513888888888889,18,18,0.6450617283950617,69.35885167464114,59.952153110047846,0.09083333333333334,0.006527777777777778,0.026944444444444444,0.013680555555555555,0.010277777777777778,1,77.36107435181101,65.94951722785865,17.750665608948186,4.107704662088523,0.9728560061638106,-143.11447971818012,-1.0841519606443037,1.0841519606443037,0.004803215213449003,24,0.9354166666666668,13470,1.792214947113698,171.54545454545453,54.76953970355094,3.66102904040404,1.3016954691063638
RHF_MPM_P28,343,0.01715,17.15,0,255,5.614861111111111,29.57658610817083,80854,317.07450980392156,24,231,255,1.0067296236315841,109,109,233,0.016180555555555556,20,19,0.6131578947368421,69.66094420600858,60.36051502145923,0.08875,0.007430555555555556,0.023819444444444445,0.014930555555555556,0.011180555555555555,1,75.90241670170926,65.09755856234695,17.14334474878134,4.049611460482332,0.9716994496636736,-141.16165174057963,-1.3946395447025242,1.3946395447025242,0.02184183837534321,24,-0.05263888888888957,-758,1.6892352435172722,176.1818181818182,57.54653165730428,3.8351388888888893,1.4180983865057903
RHF_MPM_P28,344,0.0172,17.2,0,255,5.5221527777777775,30.492156246939476,79519,311.8392156862745,19,237,255,0.9103022005050081,107,107,262,0.018194444444444444,21,20,0.6238095238095238,70.26717557251908,60.81297709923664,0.07944444444444444,0.0077777777777777776,0.023541666666666666,0.016805555555555556,0.012361111111111111,1,73.8631019001748,63.32706648725462,15.073284327100248,4.365975151961551,0.9571326663755619,-141.7677945693111,-2.074171537942523,2.074171537942523,0.05177378991184497,29,-0.09270833333333339,-1335,2.7006382667292317,183.1818181818182,62.650282132163376,4.002777777777777,1.4964583979324064
RHF_MPM_P28,345,0.01725,17.25,0,255,5.840208333333333,32.473370842052816,84099,329.8,14,250,255,0.8267834199961217,109,109,293,0.02034722222222222,22,22,0.6053719008264463,71.02730375426621,61.48122866894198,0.070625,0.008472222222222223,0.027291666666666665,0.01902777777777778,0.014166666666666666,1,71.85108027443846,62.01858523882567,8.755574969102211,4.5007648616445675,0.8577628533066604,-137.32819422213356,-0.49337091636474234,0.49337091636474234,0.007633860093461278,31,0.31805555555555554,4580,2.4000737905157985,192.1818181818182,70.21242855767731,4.189728535353535,1.5833504906850349
RHF_MPM_P28,346,0.0173,17.3,0,255,6.443958333333334,33.69995340251374,92793,363.8941176470588,18,252,255,0.9238157361095898,105,105,337,0.02340277777777778,25,25,0.5392,72.03560830860535,62.25222551928783,0.07979166666666666,0.009027777777777777,0.029791666666666668,0.021041666666666667,0.014930555555555556,1,72.85479508152555,62.78792581336954,9.963380237470034,4.575511518152607,0.8883159280345517,-137.9657626172793,-0.48443920925408884,0.48443920925408884,0.008589009946870993,44,0.6037500000000007,8694,1.264645536743545,205.0,81.6745203397441,4.430296717171718,1.7020910971254168
RHF_MPM_P28,347,0.01735,17.35,0,255,6.324236111111111,33.24405245637224,91069,357.1333333333333,21,252,255,0.9309695886097717,109,109,304,0.021111111111111112,23,22,0.6007905138339921,70.9342105263158,61.50328947368421,0.08069444444444444,0.009097222222222222,0.028125,0.019375,0.014930555555555556,1,72.90094324083937,62.997946611909654,10.487324883253295,4.474009807108636,0.9044351388188329,-137.4706242606709,-0.8983564783593114,0.8983564783593114,0.011727371553437503,-33,-0.11972222222222229,-1724,0.21503113362366982,214.72727272727272,86.37875465760285,4.656950757575758,1.7717752358494505
RHF_MPM_P28,348,0.0174,17.4,0,255,6.170069444444445,32.78504327426116,88849,348.42745098039217,21,252,255,0.9615606963098154,111,111,292,0.020277777777777777,22,22,0.6033057851239669,70.65068493150685,61.27739726027397,0.08479166666666667,0.009027777777777777,0.025277777777777777,0.01875,0.014861111111111111,1,72.98092268905671,62.995891906493036,11.18666934462587,4.544983539849113,0.913746106863424,-137.62939008374798,-0.9874923398075826,0.9874923398075826,0.01914484124750982,-12,-0.15416666666666679,-2220,0.08000583698393438,223.45454545454547,88.85981158939332,4.872866161616162,1.7981004452529565
RHF_MPM_P28,349,0.01745,17.45,0,255,6.1809722222222225,32.525885403429164,89006,349.043137254902,22,252,255,1.0051207833536668,110,110,292,0.020277777777777777,22,22,0.6033057851239669,70.6541095890411,61.0513698630137,0.08958333333333333,0.008680555555555556,0.025902777777777778,0.018819444444444444,0.014305555555555556,1,73.29663168775139,63.13360897018178,11.80126460083921,4.6119530857864675,0.9204749369679317,-138.01854057553575,-1.1923765243168485,1.1923765243168485,0.02400961732916882,0,0.010902777777777928,157,0.34443890820847217,231.72727272727272,90.60312146849418,5.083080808080808,1.803565620180462
RHF_MPM_P28,350,0.0175,17.5,0,255,6.282430555555556,32.54133093609417,90467,354.7725490196078,22,251,255,1.0438177513329847,108,108,300,0.020833333333333332,23,22,0.5928853754940712,70.89666666666666,61.18333333333333,0.09375,0.008680555555555556,0.026458333333333334,0.018680555555555554,0.013958333333333333,1,73.70535112250876,63.43551792366277,12.34702986996513,4.471831292168013,0.9321086768466523,-137.95310361523354,-1.2470086267815703,1.2470086267815703,0.024417743486575216,8,0.10145833333333343,1461,0.5081344236915785,258.1818181818182,58.50690430401927,5.652575757575757,0.8526442540847248
RHF_MPM_P28,351,0.01755,17.55,0,255,6.210277777777778,32.159614165225506,89428,350.69803921568626,22,250,255,1.051437057779652,108,108,292,0.020277777777777777,23,22,0.5770750988142292,70.70205479452055,61.04109589041096,0.09402777777777778,0.008541666666666666,0.026458333333333334,0.018333333333333333,0.013472222222222222,1,73.81270966587645,63.550163259829134,12.82249546172017,4.399932714387125,0.9392836542666543,-137.89733644936342,-1.3005474402844308,1.3005474402844308,0.024421881289976292,-8,-0.07215277777777818,-1039,0.15706498635511168,272.6363636363636,43.51441292527574,5.908068181818183,0.47818716019260615
RHF_MPM_P28,352,0.0176,17.6,0,255,5.912152777777778,31.252761959349616,85135,333.8627450980392,21,244,255,1.052947499343688,109,109,272,0.01888888888888889,21,20,0.6476190476190476,70.13970588235294,60.463235294117645,0.09520833333333334,0.008263888888888888,0.02451388888888889,0.017291666666666667,0.013055555555555556,1,73.63065719151935,63.30781699653492,13.356492292574377,4.400400878608205,0.9441702932302012,-138.09377250715895,-1.439099608335117,1.439099608335117,0.027109884301403653,-20,-0.29812499999999975,-4293,0.3031085857448031,280.54545454545456,33.656996129033146,6.015347222222223,0.302380278991365
RHF_MPM_P28,353,0.01765,17.65,0,255,5.660694444444444,30.606315335346004,81514,319.66274509803924,19,239,255,1.0098677622163161,109,109,260,0.018055555555555554,22,20,0.5909090909090909,69.98846153846154,60.30769230769231,0.09069444444444444,0.0077777777777777776,0.02347222222222222,0.016458333333333332,0.012291666666666666,1,73.45543096891332,63.23059842481046,13.370004401761095,4.310300659068566,0.9466083367474575,-138.2821838549621,-1.5540523463760896,1.5540523463760896,0.02757808474617857,-12,-0.2514583333333338,-3621,0.19148612719448538,285.1818181818182,26.15971289048098,6.014728535353536,0.3030974725640364
RHF_MPM_P28,354,0.0177,17.7,0,255,5.455486111111111,30.059033891888415,78559,308.07450980392156,18,235,255,0.9979949001468299,110,110,247,0.017152777777777777,21,19,0.6190476190476191,69.61538461538461,59.97165991902834,0.08986111111111111,0.007430555555555556,0.0225,0.015694444444444445,0.011875,1,73.27836403212872,63.04180297610713,13.5010950839319,4.306030230879904,0.9477751332889923,-138.35220752234704,-1.6349136088799423,1.6349136088799423,0.028577247673722935,-13,-0.20520833333333321,-2955,0.25883666964588514,286.45454545454544,23.82650791322226,6.000239898989898,0.3248912912321727
RHF_MPM_P28,355,0.01775,17.75,0,255,5.230277777777777,29.657583345964646,75316,295.35686274509806,17,232,255,0.9610288838364036,108,108,244,0.016944444444444446,20,18,0.6777777777777778,69.41803278688525,59.83606557377049,0.08673611111111111,0.007430555555555556,0.021041666666666667,0.015416666666666667,0.011944444444444445,1,72.7316240904987,62.51135216952573,12.886580133683621,4.339029003518754,0.9416087145326684,-138.41904947622217,-1.7799283048616756,1.7799283048616756,0.030312284242392056,-3,-0.22520833333333368,-3243,0.7617759657382591,284.8181818181818,25.971376488245955,5.973705808080808,0.37143794259020374
RHF_MPM_P28,356,0.0178,17.8,0,255,5.090486111111111,29.39970131249119,73303,287.4627450980392,16,232,255,0.9175804709709238,109,109,239,0.01659722222222222,20,18,0.6638888888888889,69.17991631799163,59.69456066945607,0.08229166666666667,0.007291666666666667,0.021111111111111112,0.015069444444444444,0.011805555555555555,1,72.3516500006821,62.25524194098468,12.443637863672272,4.326093970884729,0.9376224945779127,-138.25093898926346,-1.8028083785419935,1.8028083785419935,0.03010790827114852,-5,-0.13979166666666654,-2013,0.4582278451767204,279.90909090909093,28.899369434626223,5.905549242424243,0.45012973510072063
RHF_MPM_P28,357,0.01785,17.85,0,255,4.9811805555555555,29.228470115162636,71729,281.2901960784314,15,233,255,0.8856740796755991,108,108,237,0.016458333333333332,19,18,0.6929824561403509,69.10548523206751,59.63291139240506,0.07881944444444444,0.006944444444444444,0.020555555555555556,0.014722222222222222,0.011666666666666667,1,72.04068089615079,61.99827127103403,11.89488195406445,4.195182858508084,0.9357409530709644,-138.46825822850764,-1.8641936040585558,1.8641936040585558,0.029290802883073792,-2,-0.10930555555555532,-1574,0.4034051427385287,270.8181818181818,24.972050492202758,5.772569444444445,0.48606376212403307
RHF_MPM_P28,358,0.0179,17.9,0,255,4.870694444444444,29.026828147345423,70138,275.0509803921569,14,229,255,0.8563082345329309,109,109,236,0.01638888888888889,20,18,0.6555555555555556,69.13135593220339,59.6271186440678,0.07597222222222222,0.006805555555555555,0.020694444444444446,0.014583333333333334,0.01138888888888889,1,71.73718954061992,61.68807208645813,11.34525801645854,4.36740491302177,0.9229356700455386,-138.72597460597618,-1.8065158396126795,1.8065158396126795,0.028101742279506115,-1,-0.11048611111111128,-1591,0.4339706637475811,264.6363636363636,24.402953350596828,5.6404292929292925,0.5148529337939688
RHF_MPM_P28,359,0.01795,17.95,0,255,4.808888888888889,28.939573134548414,69248,271.5607843137255,13,228,255,0.8366374486390397,108,108,233,0.016180555555555556,19,18,0.6812865497076024,69.01716738197425,59.532188841201716,0.07375,0.007013888888888889,0.020416666666666666,0.014652777777777778,0.011180555555555555,1,71.4212396025878,61.41137650184843,10.604182605539773,4.3790939405789615,0.9107495612847561,-139.2027818233327,-1.6770304070241033,1.6770304070241033,0.028462915896487986,-3,-0.061805555555555,-890,0.41998191614044816,259.27272727272725,24.282769458238974,5.516685606060606,0.5358351366889478
RHF_MPM_P28,360,0.018,18.0,0,255,4.7647916666666665,28.94637084978467,68613,269.0705882352941,13,228,255,0.8131643612615619,109,109,235,0.016319444444444445,19,18,0.6871345029239766,69.0936170212766,59.57446808510638,0.07152777777777777,0.007083333333333333,0.02048611111111111,0.014583333333333334,0.011319444444444444,1,71.1784647224287,61.15540786731378,10.042640952203152,4.407328639581921,0.8985547112961976,-139.13604200643732,-1.4485721860354694,1.4485721860354694,0.02791016279713757,2,-0.044097222222222676,-635,0.3527882995534321,254.0909090909091,22.781390114239958,5.387941919191919,0.5308702728459627
RHF_MPM_P28,361,0.01805,18.05,0,255,4.715486111111111,28.86495778549035,67903,266.28627450980395,12,225,255,0.790585223024586,109,109,232,0.01611111111111111,19,18,0.6783625730994152,69.0603448275862,59.53879310344828,0.06881944444444445,0.007013888888888889,0.02034722222222222,0.014583333333333334,0.01125,1,71.03677304390087,61.03170699379998,9.529436774009499,4.266505942368985,0.8941745183148078,-139.77102336290446,-1.526156699065723,1.526156699065723,0.026007687436490286,-3,-0.04930555555555571,-710,0.18809156778577765,247.9090909090909,18.26300057719554,5.245492424242424,0.4794819326409326
RHF_MPM_P28,362,0.0181,18.1,0,255,4.682291666666667,28.776320662297582,67425,264.4117647058824,12,224,255,0.7917983414736629,109,109,231,0.016041666666666666,19,18,0.6754385964912281,69.01731601731602,59.56277056277056,0.06923611111111111,0.006875,0.02034722222222222,0.014583333333333334,0.011319444444444444,1,70.97444568038561,60.92172043010753,9.158550688719043,4.463798794355507,0.8731836165965059,-140.1395528389625,-1.5051800111001041,1.5051800111001041,0.025613644790507973,-1,-0.03319444444444386,-478,0.12641892435721835,242.36363636363637,12.330838851305272,5.106584595959595,0.39347718469340454
RHF_MPM_P28,363,0.01815,18.15,0,255,4.690972222222222,28.769146796318402,67550,264.9019607843137,12,220,255,0.7982705219087174,109,109,232,0.01611111111111111,20,18,0.6444444444444445,69.13362068965517,59.58620689655172,0.06979166666666667,0.006875,0.020625,0.014652777777777778,0.011319444444444444,1,71.01908216136195,60.92262028127313,9.215807110761421,4.52115528431082,0.8713922093526467,-140.32483331139923,-1.3603786477102902,1.3603786477102902,0.026498889711324945,1,0.008680555555555358,125,0.04464555035018727,238.72727272727272,8.291188193069349,4.995568181818181,0.31497326105350704
RHF_MPM_P28,364,0.0182,18.2,0,255,4.596597222222222,28.495347614011063,66191,259.57254901960783,12,218,255,0.7790349082505691,109,109,225,0.015625,19,18,0.6578947368421053,68.99555555555555,59.47555555555556,0.06784722222222223,0.006597222222222222,0.019930555555555556,0.014444444444444444,0.011180555555555555,1,70.85094650330106,60.760632110105604,9.020027777068655,4.401053520113471,0.8728882540503039,-140.48850500229335,-1.2912306631797341,1.2912306631797341,0.025501956459337373,-7,-0.09437500000000032,-1359,0.2334732685121991,235.54545454545453,5.883159886313977,4.898832070707071,0.2531865932845352
RHF_MPM_P28,365,0.01825,18.25,0,255,4.523611111111111,28.234297470037095,65140,255.45098039215685,11,210,255,0.7597411153600158,108,108,227,0.01576388888888889,19,18,0.6637426900584795,68.95154185022027,59.61233480176212,0.06583333333333333,0.006597222222222222,0.01965277777777778,0.014027777777777778,0.010763888888888889,1,70.61639545594105,60.605802886091496,8.903524942730325,4.365214296382889,0.8715653577083584,-138.992885229354,-1.1478270436552145,1.1478270436552145,0.024286152901443047,2,-0.07298611111111075,-1051,0.2810449829235358,233.72727272727272,5.100640050583832,4.814116161616161,0.20385386281870774
RHF_MPM_P28,366,0.0183,18.3,0,255,4.407152777777778,27.832993839326594,63463,248.87450980392157,11,211,255,0.7353646885812131,110,110,211,0.014652777777777778,18,17,0.6895424836601307,68.61137440758294,59.08056872037915,0.06333333333333334,0.006388888888888889,0.01888888888888889,0.013680555555555555,0.010277777777777778,1,70.40191922852686,60.36063533082268,8.649098532758078,3.9963579257601403,0.8868513491732579,-140.073945208475,-1.524316141305335,1.524316141305335,0.02576304303294833,-16,-0.11645833333333311,-1677,0.32574097421464604,230.72727272727272,7.374290832972089,4.739286616161616,0.18779945944928023
RHF_MPM_P28,367,0.01835,18.35,0,12,0.01902777777777778,0.34286237813371445,274,22.833333333333332,0,0,7,0.057156336337226644,3,8,8,0.0005555555555555556,64,107,0.0011682242990654205,92.0,63.75,0.004652777777777777,0.0,0.0,0.0,0.0,0,82.78102189781022,63.456204379562045,31.44893552263507,26.592840832970058,0.5338361390929572,122.99943393112349,-0.044111095998892645,0.044111095998892645,0.0,-203,-4.3881250000000005,-63189,12.760279410427165,209.72727272727272,64.16327313841393,4.278244949494948,1.3553699199957205
RHF_MPM_P28,368,0.0184,18.4,0,255,3.035833333333333,22.14398198595827,43716,171.43529411764706,1,91,255,0.6166852001038289,106,106,137,0.00951388888888889,13,14,0.7527472527472527,64.37226277372262,55.09489051094891,0.05125,0.003263888888888889,0.013541666666666667,0.008541666666666666,0.006319444444444444,1,63.72259584591454,53.57082075212737,6.889469063941058,5.478800178811898,0.6062911859772632,57.437392644953725,-1.145810517733913,1.145810517733913,0.012146582486961295,129,3.0168055555555555,43442,21.469616043076538,200.63636363636363,66.68961037696506,4.101395202020203,1.3788248558110536
RHF_MPM_P28,369,0.01845,18.45,0,255,5.787222222222222,28.128601064388295,83336,326.8078431372549,29,180,255,1.1627595899157634,97,97,253,0.017569444444444443,24,29,0.3635057471264368,60.32411067193676,50.687747035573125,0.10368055555555555,0.005694444444444445,0.025625,0.012916666666666667,0.009166666666666667,1,55.742836229240666,44.36336037246808,17.57006218106027,4.222514827946596,0.9706926279421266,52.1813251822864,-1.026053812898371,1.026053812898371,0.010067677834309303,116,2.7513888888888887,39620,12.184165551357825,202.1818181818182,67.68082605048518,4.184715909090909,1.4487161554029457
RHF_MPM_P28,370,0.0185,18.5,0,255,6.14625,29.831433828611615,88506,347.08235294117645,29,211,255,1.1686606433521385,99,99,278,0.019305555555555555,31,32,0.28024193548387094,59.28776978417266,49.881294964028775,0.10458333333333333,0.006875,0.029375,0.014027777777777778,0.010555555555555556,1,55.40701195399182,44.766241836711636,17.341651879126356,4.58741654729844,0.9643769921049422,51.25143136025931,-1.0127943149144862,1.0127943149144862,0.017558131652091382,25,0.3590277777777784,5170,0.5244915805591591,206.27272727272728,70.71208063059267,4.306294191919192,1.5486649236111514
RHF_MPM_P28,371,0.01855,18.55,0,255,6.380625,30.56413656646985,91881,360.3176470588235,32,226,255,1.1755367490038653,108,108,249,0.017291666666666667,20,19,0.6552631578947369,61.433734939759034,52.08433734939759,0.10493055555555555,0.007152777777777778,0.02861111111111111,0.015625,0.011458333333333333,1,53.79870702321481,43.232703170405195,21.086850100862684,4.629286614163606,0.9756047850320753,48.96495863537878,-1.0179264567622517,1.0179264567622517,0.007215855291083031,-29,0.234375,3375,2.2222478690322958,207.54545454545453,71.34087650959319,4.453188131313131,1.6579633109528984
RHF_MPM_P28,372,0.0186,18.6,0,255,6.301527777777777,32.78137679129053,90742,355.8509803921569,22,251,255,0.9784628937519764,106,106,305,0.021180555555555557,23,22,0.6027667984189723,60.144262295081965,50.898360655737704,0.08541666666666667,0.008888888888888889,0.026805555555555555,0.01951388888888889,0.01423611111111111,1,57.058969385730975,46.97979987216504,17.424013744834028,4.739194452460927,0.9622994784300017,48.603620702736464,-1.9660405200128301,1.9660405200128301,0.04630711247272487,56,-0.07909722222222282,-1139,4.966894841324808,214.1818181818182,76.51478547767232,4.597373737373737,1.7413719926505733
RHF_MPM_P28,373,0.01865,18.65,0,255,6.439166666666667,34.14232538417512,92724,363.6235294117647,16,253,255,0.8827552841164794,106,106,343,0.023819444444444445,25,25,0.5488,58.90087463556851,50.15160349854227,0.07548611111111111,0.009027777777777777,0.03013888888888889,0.021319444444444443,0.015902777777777776,1,58.93121521936068,49.804872524912646,9.262613564375151,4.8536791028055655,0.8517136406958333,-136.04889790247276,0.41470657138732636,0.41470657138732636,0.0059315818989689835,38,0.13763888888888953,1982,3.389150329337162,224.36363636363637,85.0510784788366,4.757089646464646,1.820602543529328
RHF_MPM_P28,374,0.0187,18.7,0,255,6.870347222222223,34.805607923652076,98933,387.97254901960787,22,254,255,0.9821407327945775,107,107,351,0.024375,27,25,0.52,58.74643874643875,50.06267806267806,0.085625,0.00986111111111111,0.03236111111111111,0.02201388888888889,0.01597222222222222,1,58.37000798520211,49.224323532087375,10.04404609797632,5.165966649213111,0.8575916155969322,-135.76798900342592,0.5416132911495962,0.5416132911495962,0.007247329000434638,8,0.4311805555555557,6209,0.8074594062504642,235.1818181818182,92.57018780050892,4.955214646464646,1.9185749264491596
RHF_MPM_P28,375,0.01875,18.75,0,255,7.024444444444445,34.84956698634579,101152,396.6745098039216,25,254,255,1.0346249095373707,106,106,359,0.024930555555555556,27,26,0.5113960113960114,58.21727019498607,49.87465181058496,0.090625,0.009583333333333333,0.03263888888888889,0.022083333333333333,0.01597222222222222,1,57.57074501739956,48.73012891490035,10.838291728621108,5.067392490084546,0.8839691063776869,-135.75355633811685,0.6145707360947316,0.6145707360947316,0.007968206263840557,8,0.1540972222222221,2219,0.9397071944798385,247.36363636363637,99.02090938719846,5.17592803030303,2.002441109255749
RHF_MPM_P28,376,0.0188,18.8,0,255,6.769513888888889,33.64128170099823,97481,382.278431372549,25,251,255,1.0527215591807835,106,106,330,0.022916666666666665,28,24,0.49107142857142855,58.76969696969697,50.56363636363636,0.09236111111111112,0.009097222222222222,0.03166666666666667,0.02013888888888889,0.014444444444444444,1,57.28879473948769,48.627722325376226,11.671231669383523,4.961566138493712,0.9051413390576016,-137.13505230801715,0.7780037320878292,0.7780037320878292,0.009324894081923657,-29,-0.2549305555555561,-3671,0.2999717799936214,256.72727272727275,101.49168430699667,5.3801010101010105,2.039672884191275
RHF_MPM_P28,377,0.01885,18.85,0,255,6.457847222222222,32.66692008114279,92993,364.678431372549,24,250,255,1.0741782927465675,108,108,300,0.020833333333333332,25,23,0.5217391304347826,59.76,51.42333333333333,0.09541666666666666,0.008541666666666666,0.02861111111111111,0.01902777777777778,0.013819444444444445,1,57.59099071973159,48.945533534782186,12.113417583732343,4.984975487218093,0.9113984227296069,-137.9004480653163,0.9777389110509719,0.9777389110509719,0.016076478874754014,-30,-0.31166666666666654,-4488,0.43855031102446085,264.8181818181818,101.07046882953243,5.566527777777778,2.0359390176111702
RHF_MPM_P28,378,0.0189,18.9,0,255,5.9684027777777775,31.32720088843618,85945,337.03921568627453,22,242,255,1.025859083551104,109,109,273,0.018958333333333334,24,20,0.56875,60.45787545787546,51.93040293040293,0.09090277777777778,0.008125,0.025902777777777778,0.017291666666666667,0.012777777777777779,1,57.77128396067252,49.17298272150794,12.540967755858967,4.714909829807336,0.9266356474831425,-138.58342018472385,1.241912613063898,1.241912613063898,0.021397405317354123,-27,-0.48944444444444457,-7048,0.29023918631223994,288.90909090909093,60.37376694837908,6.107380050505051,1.034168035990771
RHF_MPM_P28,379,0.01895,18.95,0,255,5.297291666666666,29.443606991415482,76281,299.1411764705882,18,225,255,0.9657314885503653,108,108,242,0.016805555555555556,22,19,0.5789473684210527,61.34710743801653,52.46694214876033,0.08597222222222223,0.006666666666666667,0.022222222222222223,0.015416666666666667,0.011180555555555555,1,58.34127764449863,49.62812495903305,13.035952914397276,4.484204637531967,0.9389742335243132,-138.62309722233937,1.5511745665620074,1.5511745665620074,0.030033691220618504,-31,-0.6711111111111112,-9664,0.729415694909991,298.45454545454544,40.694792243018995,6.312967171717171,0.47877267700249293
RHF_MPM_P28,380,0.019,19.0,0,255,4.645416666666667,27.314960158080044,66894,262.32941176470587,15,188,255,0.9079409051314595,107,107,211,0.014652777777777778,20,17,0.6205882352941177,62.132701421800945,53.18957345971564,0.08118055555555556,0.005625,0.01951388888888889,0.013194444444444444,0.009583333333333333,1,58.79231321194726,49.955302418752055,13.432893905735689,4.501110392168304,0.9421892486590165,-138.16356187037323,1.8354913369194985,1.8354913369194985,0.03595240230812928,-31,-0.6518749999999995,-9387,0.5572056830757252,294.6363636363636,46.35686225022084,6.2091666666666665,0.6679175902027051
RHF_MPM_P28,381,0.01905,19.05,0,255,4.198055555555555,26.09645722224511,60452,237.06666666666666,13,168,255,0.8396067037481842,104,104,196,0.01361111111111111,18,18,0.6049382716049383,62.65816326530612,53.60204081632653,0.07472222222222222,0.005069444444444444,0.017777777777777778,0.012222222222222223,0.008819444444444444,1,59.55076755111494,50.62231191689274,13.384265545954968,4.22312681773383,0.9489158622847663,-137.53491108654896,2.194842815231241,2.194842815231241,0.0380632567987825,-15,-0.4473611111111113,-6442,1.0100270566733192,287.1818181818182,54.33869905395264,6.032058080808081,0.8843498079781599
RHF_MPM_P28,382,0.0191,19.1,0,255,3.9671527777777778,25.79602879544733,57127,224.02745098039216,11,167,255,0.7765352658684764,108,108,185,0.012847222222222222,17,16,0.6801470588235294,62.945945945945944,53.87027027027027,0.06826388888888889,0.004861111111111111,0.017083333333333332,0.01173611111111111,0.008680555555555556,1,60.32833861396538,51.3732560785618,12.53475765978211,3.957123173166112,0.948861706501277,-137.50072584407198,2.5486287198005204,2.5486287198005204,0.03360932658812821,-11,-0.23090277777777768,-3325,1.0809874614107295,281.3636363636364,61.11877070288149,5.812651515151515,1.0538079768725988
RHF_MPM_P28,383,0.01915,19.15,0,255,3.816666666666667,25.66944790126106,54960,215.52941176470588,7,165,255,0.7191282990479505,105,105,186,0.012916666666666667,17,17,0.643598615916955,62.994623655913976,53.946236559139784,0.06236111111111111,0.004861111111111111,0.01659722222222222,0.01173611111111111,0.008680555555555556,1,61.07740174672489,52.07308951965066,11.35099056805529,4.105849427431018,0.9322878363152993,-137.721353030209,2.778110945087501,2.778110945087501,0.028620815138282386,1,-0.15048611111111088,-2167,1.0251158091287833,270.54545454545456,66.2904951864603,5.586755050505051,1.1831874495464931
RHF_MPM_P28,384,0.0192,19.2,0,255,3.764375,25.719574155655526,54207,212.57647058823528,4,170,255,0.6894877328549128,108,108,186,0.012916666666666667,17,17,0.643598615916955,63.04838709677419,54.06989247311828,0.059375,0.005,0.016527777777777777,0.01173611111111111,0.008541666666666666,1,61.63163429077425,52.56271330270998,10.12923321281594,4.332604891353382,0.9039052411412968,-137.4896319107786,2.843611927240957,2.843611927240957,0.02270924419355434,0,-0.05229166666666707,-753,0.7395303657191846,256.27272727272725,66.05519855543807,5.343592171717172,1.2556530858371064
RHF_MPM_P28,385,0.01925,19.25,0,255,3.684652777777778,25.713794676884866,53059,208.07450980392156,1,168,255,0.6192845660186548,108,108,186,0.012916666666666667,17,16,0.6838235294117647,63.086021505376344,54.17741935483871,0.05201388888888889,0.005,0.01625,0.01173611111111111,0.008611111111111111,1,62.16555155581523,53.15439416498615,8.452821228381074,4.167829767643629,0.869989828231601,-138.31232400411463,2.5584441570836587,2.5584441570836587,0.014399065191579186,0,-0.0797222222222218,-1148,0.7969654250296616,241.27272727272728,61.41230393317096,5.053983585858586,1.237365451167885
RHF_MPM_P28,386,0.0193,19.3,0,255,3.775,26.33854774322651,54360,213.1764705882353,0,182,255,0.5812655891445997,108,108,197,0.013680555555555555,17,17,0.6816608996539792,63.10659898477157,53.98984771573604,0.04791666666666667,0.005208333333333333,0.01673611111111111,0.012361111111111111,0.009236111111111112,1,62.69643119941133,53.429893303899924,6.910641078328116,4.2393635660214075,0.7897300994223349,-136.81410505979505,1.3648518745841778,1.3648518745841778,0.01065121412803532,11,0.09034722222222191,1301,0.5981078260037683,226.54545454545453,49.72718962931398,4.758579545454546,1.1133483428135458
RHF_MPM_P28,387,0.01935,19.35,0,255,3.855138888888889,26.633064532073643,55514,217.7019607843137,0,190,255,0.5786161943260427,106,106,202,0.014027777777777778,16,18,0.7013888888888888,63.0,54.004950495049506,0.04763888888888889,0.005625,0.017638888888888888,0.012777777777777779,0.009305555555555555,1,62.6828367618979,53.44086176459992,6.684541387020933,4.284127100025002,0.7676238156078097,45.714790763691575,-0.8392573560781175,0.8392573560781175,0.009745289476528442,5,0.08013888888888898,1154,0.017467565984814956,214.9090909090909,37.671919963269836,4.493636363636363,0.9359095798265917
RHF_MPM_P28,388,0.0194,19.4,0,255,3.9455555555555555,26.95938472390195,56816,222.8078431372549,0,191,255,0.5836606565738739,106,106,207,0.014375,17,18,0.6764705882352942,62.729468599033815,54.08212560386473,0.04777777777777778,0.005416666666666667,0.018194444444444444,0.013194444444444444,0.009583333333333333,1,62.46085609687412,53.57223317375387,6.653325891546169,4.410414737195512,0.748717927055794,-136.48078318189806,0.35704307627455,0.35704307627455,0.009257955505491411,5,0.09041666666666659,1302,0.25794158793706873,206.45454545454547,26.365830629687895,4.265246212121212,0.7073432854718181
RHF_MPM_P28,389,0.01945,19.45,0,255,3.9565277777777776,26.871270783110145,56974,223.42745098039217,0,189,255,0.5927069944376901,108,108,205,0.01423611111111111,18,17,0.6699346405228758,62.66829268292683,54.05853658536585,0.04868055555555555,0.005486111111111111,0.018194444444444444,0.013125,0.009722222222222222,1,62.28068943728719,53.52206269526451,6.797398077551201,4.209162039812037,0.7852085874124202,-136.2604760259428,0.49930732288715335,0.49930732288715335,0.009267385123038579,-2,0.010972222222222161,158,0.18702166221741434,200.27272727272728,15.954998698560724,4.082348484848485,0.46026446725870174
RHF_MPM_P28,390,0.0195,19.5,0,255,3.9761805555555556,26.9053650550439,57257,224.53725490196078,1,190,255,0.6125207676984745,108,108,204,0.014166666666666666,17,18,0.6666666666666666,62.81372549019608,54.11274509803921,0.050763888888888886,0.005555555555555556,0.018125,0.01326388888888889,0.009722222222222222,1,62.35319698901444,53.464903854550535,7.053039751272537,4.334538590170897,0.788867598987843,-135.2930691849234,0.80732121099068,0.80732121099068,0.011125277258675795,-1,0.019652777777777963,283,0.09232810043126714,196.8181818181818,9.252205455194128,3.962247474747475,0.25348392333709907
RHF_MPM_P28,391,0.01955,19.55,0,255,4.065,27.269810790607913,58536,229.5529411764706,1,197,255,0.6193578922752614,106,106,207,0.014375,18,17,0.6764705882352942,62.67632850241546,54.05797101449275,0.051666666666666666,0.0059722222222222225,0.018333333333333333,0.013472222222222222,0.009930555555555555,1,62.32954079540795,53.5196631132978,6.974047854036169,4.368535440325,0.7795027270181413,45.39103406104475,-0.44347588385230885,0.44347588385230885,0.012590542572092387,3,0.08881944444444478,1279,0.05965058184542749,196.45454545454547,8.752803565026117,3.9094823232323233,0.14142368857563334
RHF_MPM_P28,392,0.0196,19.6,0,255,4.1698611111111115,27.47516368331869,60046,235.47450980392156,3,199,255,0.6516524564185502,107,107,212,0.014722222222222222,18,18,0.654320987654321,62.52358490566038,53.820754716981135,0.05444444444444444,0.005833333333333334,0.019097222222222224,0.01361111111111111,0.01,1,62.183426040035975,53.3033840722113,7.356030408237497,4.366167206224212,0.804797581202738,45.75312778914124,-0.7103145413954637,0.7103145413954637,0.011740998567764714,5,0.10486111111111107,1510,0.26100985680757116,197.9090909090909,9.820706746041015,3.906919191919192,0.1363343461341378
RHF_MPM_P28,393,0.01965,19.65,0,255,4.304513888888889,27.83307348506103,61985,243.07843137254903,4,204,255,0.6784790937812462,109,109,214,0.014861111111111111,18,18,0.6604938271604939,62.495327102803735,53.86448598130841,0.05694444444444444,0.0060416666666666665,0.019583333333333335,0.014027777777777778,0.010347222222222223,1,61.96799225619102,53.2966201500363,7.465942667333531,4.262066034329547,0.8210420149200075,45.578679788763615,-0.546862978570492,0.546862978570492,0.01098652899895136,2,0.1346527777777773,1939,0.21553994030096957,200.54545454545453,9.893649353027483,3.937588383838384,0.17801033137135988
RHF_MPM_P28,394,0.0197,19.7,0,255,4.363333333333333,27.989376754603,62832,246.4,5,208,255,0.6910175504774827,107,107,218,0.01513888888888889,19,18,0.6374269005847953,62.30275229357798,53.81192660550459,0.058333333333333334,0.0060416666666666665,0.01951388888888889,0.01423611111111111,0.010486111111111111,1,61.876193659281896,53.2569073083779,7.496242644931636,4.5352495314711465,0.7962231664792514,-135.50475449251243,0.6038670134457373,0.6038670134457373,0.012270817417876242,4,0.058819444444444535,847,0.10002045884252168,203.45454545454547,9.893649353027484,3.9872853535353543,0.21063399587336284
RHF_MPM_P28,395,0.01975,19.75,0,255,4.395833333333333,28.096685438657858,63300,248.23529411764707,5,209,255,0.6871465120654219,109,109,219,0.015208333333333334,19,18,0.6403508771929824,62.36073059360731,53.71232876712329,0.057777777777777775,0.0059722222222222225,0.02,0.014305555555555556,0.010486111111111111,1,61.75703001579779,53.074344391785154,7.6547283271856115,4.364024719877992,0.8215694991397592,-135.5538880787093,0.6763058648078529,0.6763058648078529,0.01197472353870458,1,0.03249999999999975,468,0.218011908948242,206.45454545454547,9.119047362163903,4.044690656565657,0.2274376740801996
RHF_MPM_P28,396,0.0198,19.8,0,255,4.431805555555556,28.25622477272283,63818,250.26666666666668,5,210,255,0.682222145045051,108,108,221,0.015347222222222222,19,18,0.6461988304093568,62.31221719457014,53.710407239819006,0.057291666666666664,0.0061805555555555555,0.02013888888888889,0.014444444444444444,0.010486111111111111,1,61.73878842959667,53.05291610517409,7.723175587905681,4.216458073323918,0.8378185723902046,-136.44889883397147,0.7702391162076905,0.7702391162076905,0.01129775298505124,2,0.03597222222222296,518,0.028141196389257547,209.63636363636363,7.36419750948314,4.112613636363637,0.22125441532892778
RHF_MPM_P28,397,0.01985,19.85,0,255,4.419444444444444,28.228094451415323,63640,249.5686274509804,4,214,255,0.6717399847354769,109,109,221,0.015347222222222222,20,17,0.65,62.665158371040725,53.99547511312217,0.05597222222222222,0.00625,0.02013888888888889,0.01423611111111111,0.010486111111111111,1,61.947360150848525,53.206552482715274,7.643551485422574,4.491702393989284,0.8091181546907,-137.04182827616478,0.7249713419505271,0.7249713419505271,0.01315210559396606,0,-0.012361111111111711,-178,0.2590488359555769,211.8181818181818,6.83331653562405,4.171199494949494,0.2090879600829586
RHF_MPM_P28,398,0.0199,19.9,0,255,4.300208333333333,27.978462946443038,61923,242.83529411764707,3,210,255,0.6476145213472193,108,108,219,0.015208333333333334,19,17,0.6780185758513931,62.8675799086758,53.97716894977169,0.05402777777777778,0.006458333333333333,0.01902777777777778,0.013888888888888888,0.010416666666666666,1,62.250892237133215,53.37817935177559,7.377733565016392,3.9801318072366754,0.8419991000079211,-137.52157748193721,0.6531844268057109,0.6531844268057109,0.016568964681943705,-2,-0.11923611111111132,-1717,0.3486940056665505,213.36363636363637,6.342823106368149,4.211660353535354,0.18577518363318463
RHF_MPM_P28,399,0.01995,19.95,0,11,0.014166666666666666,0.2959342550860467,204,18.545454545454547,0,0,6,0.04340809341634011,3,8,7,0.0004861111111111111,32,101,0.002165841584158416,96.71428571428571,57.857142857142854,0.0034027777777777776,0.0,0.0,0.0,0.0,0,88.93627450980392,58.46078431372549,32.40798231713778,22.19303514200188,0.7287296449895762,96.93309076771284,-0.2679552865468685,0.2679552865468685,0.0,-212,-4.286041666666666,-61719,27.165097096049664,195.1818181818182,59.81154978432933,3.854261363636364,1.2255871942349248
RHF_MPM_P28,400,0.02,20.0,0,255,3.3848611111111113,22.36550093168392,48742,191.1450980392157,11,99,255,0.8227971826960516,106,106,139,0.009652777777777777,13,13,0.8224852071005917,66.94964028776978,57.35971223021583,0.07284722222222222,0.0035416666666666665,0.01326388888888889,0.008263888888888888,0.00625,1,69.77512207131427,58.95506954987485,9.593209423466542,5.401870760497875,0.8263934143935072,-138.1475491667751,-0.9797364822362187,0.9797364822362187,0.02605555783513192,132,3.3706944444444447,48538,19.167526722707684,189.1818181818182,61.80293929729495,3.802291666666667,1.2322511739079995
RHF_MPM_P28,401,0.02005,20.05,0,255,4.887847222222222,26.021350573006885,70385,276.01960784313724,23,154,255,1.078545267243473,104,104,195,0.013541666666666667,20,20,0.4875,69.24102564102564,59.94871794871795,0.09805555555555556,0.005069444444444444,0.018819444444444444,0.011458333333333333,0.008055555555555555,1,76.38599133338069,65.93080912126163,18.35356062564231,4.1842362338457155,0.9736659238175001,-139.91943659373658,-1.253678409876883,1.253678409876883,0.015770405626198764,56,1.5029861111111105,21643,9.610646958865257,188.36363636363637,61.660762132630666,3.885170454545455,1.271202301395657
RHF_MPM_P28,402,0.0201,20.1,0,255,5.720277777777778,28.84060755891394,82372,323.02745098039213,25,205,255,1.1041618162202558,110,110,210,0.014583333333333334,18,18,0.6481481481481481,69.43333333333334,60.00476190476191,0.09875,0.006458333333333333,0.02701388888888889,0.013402777777777777,0.010277777777777778,1,76.82161414072743,67.29038993832856,18.049693922280312,4.006161328763565,0.9750576477058515,-135.04819278667458,-1.0619681987123875,1.0619681987123875,0.01027048026028262,15,0.8324305555555558,11987,1.427664956639699,188.63636363636363,61.74915932776697,4.035650252525253,1.3771413923107607
RHF_MPM_P28,403,0.02015,20.15,0,255,6.053819444444445,30.421318468407787,87175,341.8627450980392,27,239,255,1.0717503234118269,111,111,239,0.01659722222222222,20,19,0.6289473684210526,70.11297071129707,60.55648535564853,0.09493055555555556,0.007847222222222222,0.02722222222222222,0.015347222222222222,0.011875,1,77.61584169773444,67.29515342701463,20.432060276801252,3.9814971427512775,0.9808300366918643,-136.4136467664515,-1.4332250638195594,1.4332250638195594,0.008098652136507026,29,0.33354166666666707,4803,0.7942418417168526,191.0909090909091,63.1498283960161,4.206919191919192,1.4952662683405822
RHF_MPM_P28,404,0.0202,20.2,0,255,5.537569444444444,30.48895254720524,79741,312.7098039215686,18,238,255,0.8770319284573265,106,106,267,0.018541666666666668,22,21,0.577922077922078,70.66666666666667,61.059925093632955,0.0751388888888889,0.0075,0.024930555555555556,0.016666666666666666,0.012222222222222223,1,73.49896540048407,63.067192535834764,12.469772313609205,4.25281240212333,0.9400452574031041,-140.71922309085573,-1.3520019047695229,1.3520019047695229,0.02549504019262362,28,-0.5162500000000003,-7434,5.901213751780928,195.9090909090909,66.63940213833983,4.319015151515151,1.5438122286182183
RHF_MPM_P28,405,0.02025,20.25,0,255,5.801944444444445,31.624644426586435,83548,327.6392156862745,18,245,255,0.9232151659217052,107,107,282,0.019583333333333335,22,21,0.6103896103896104,70.9290780141844,61.273049645390074,0.0804861111111111,0.008194444444444445,0.025694444444444443,0.017986111111111112,0.013333333333333334,1,72.98451189735242,62.81748216594054,11.35978358370914,4.442914115702434,0.9203443455826966,-139.15443218159214,-1.43348826919347,1.43348826919347,0.03350169962177431,15,0.26437500000000025,3807,0.571854593159078,201.72727272727272,70.96745849535023,4.449797979797979,1.6018707167848394
RHF_MPM_P28,406,0.0203,20.3,0,255,6.085555555555556,32.458850654366515,87632,343.6549019607843,18,247,255,0.9102230775647784,105,105,312,0.021666666666666667,24,22,0.5909090909090909,71.54166666666667,61.87820512820513,0.07875,0.008472222222222223,0.027430555555555555,0.01923611111111111,0.01361111111111111,1,73.03320704765383,62.96813949242286,10.698923793432833,4.38557385495594,0.9121268976752986,-139.19871399429923,-1.3096760374089298,1.3096760374089298,0.014732061347452986,30,0.28361111111111104,4084,0.15833144882074676,210.1818181818182,77.73827673303214,4.603409090909091,1.668944094106322
RHF_MPM_P28,407,0.02035,20.35,0,255,6.280694444444444,33.00044552840616,90442,354.6745098039216,20,251,255,0.957920888117182,108,108,311,0.021597222222222223,24,22,0.5890151515151515,71.49196141479099,61.92282958199357,0.08340277777777778,0.00875,0.028125,0.019583333333333335,0.014305555555555556,1,73.23510094867429,63.20871940027863,10.816478015141175,4.4960331994912766,0.9095177097836603,-138.30136161388873,-1.128385575499543,1.128385575499543,0.012074036399018155,-1,0.19513888888888875,2810,0.3140698000972878,218.36363636363637,83.00413212854662,4.771489898989899,1.734992636272516
RHF_MPM_P28,408,0.0204,20.4,0,255,6.123055555555555,32.24769581083313,88172,345.7725490196078,22,248,255,0.9696769070960682,109,109,287,0.019930555555555556,23,20,0.6239130434782608,70.82926829268293,61.29616724738676,0.08486111111111111,0.008402777777777778,0.026805555555555555,0.01826388888888889,0.01375,1,73.35316200154244,63.32425259719639,11.452987085253753,4.431772636211889,0.9220992587693086,-137.9331776782251,-1.2170778326690597,1.2170778326690597,0.015220251326951867,-24,-0.1576388888888891,-2270,0.16518574936832642,224.36363636363637,85.3306645588184,4.926363636363636,1.772290326853692
RHF_MPM_P28,409,0.02045,20.45,0,255,6.044930555555555,31.945922111883245,87047,341.3607843137255,22,248,255,0.9753541730985308,107,107,280,0.019444444444444445,22,20,0.6363636363636364,70.64642857142857,61.13214285714286,0.08576388888888889,0.008611111111111111,0.025069444444444443,0.017986111111111112,0.013680555555555555,1,73.51043689041552,63.47542132411226,12.011116796482083,4.392537333403262,0.9307304284488961,-137.89547817565202,-1.1732444915661517,1.1732444915661517,0.020666995990671705,-7,-0.078125,-1125,0.21814530631531628,229.9090909090909,86.77185817937072,5.084974747474747,1.787164645927923
RHF_MPM_P28,410,0.0205,20.5,0,255,6.1182638888888885,31.98551711820916,88103,345.5019607843137,23,247,255,1.014244548356349,110,110,280,0.019444444444444445,23,20,0.6086956521739131,70.73928571428571,61.20357142857143,0.08993055555555556,0.008333333333333333,0.025694444444444443,0.017986111111111112,0.01361111111111111,1,73.8573260842423,63.72164398488133,12.5953022921091,4.322304091270526,0.9392740583992989,-138.19256530962522,-1.26281546393618,1.26281546393618,0.023574679636334743,0,0.07333333333333325,1056,0.4253912451731893,254.72727272727272,51.228704505279616,5.639892676767676,0.8034500072029725
RHF_MPM_P28,411,0.02055,20.55,0,255,6.238819444444444,32.27825388099996,89839,352.30980392156863,22,251,255,1.0751129753226418,111,111,283,0.01965277777777778,23,20,0.6152173913043478,70.68551236749117,61.14134275618375,0.09722222222222222,0.00875,0.025625,0.01840277777777778,0.014097222222222223,1,74.0088046394105,63.792295105689064,13.055094282098253,4.53626569621833,0.9376907569899463,-138.3975667355685,-1.2834253857555895,1.2834253857555895,0.026091118556528903,3,0.12055555555555575,1736,0.1671446485749188,267.8181818181818,36.16833919784787,5.899343434343433,0.38540832114410384
RHF_MPM_P28,412,0.0206,20.6,0,255,6.092152777777778,31.828743902659802,87727,344.02745098039213,22,250,255,1.063540716676739,109,109,281,0.01951388888888889,22,21,0.6082251082251082,70.51957295373666,60.86120996441281,0.09604166666666666,0.008263888888888888,0.025138888888888888,0.017847222222222223,0.013680555555555555,1,74.04071722502765,63.82232379997036,13.58308940301062,4.376944740214663,0.9466597610326243,-138.18189183915695,-1.4565332096557082,1.4565332096557082,0.02695863303201979,-2,-0.1466666666666665,-2112,0.0438193519008624,275.6363636363636,27.942384642405383,6.008825757575758,0.2166136065050748
RHF_MPM_P28,413,0.02065,20.65,0,255,5.903125,31.340550874597973,85005,333.3529411764706,20,248,255,1.0465475233523016,110,110,269,0.018680555555555554,22,20,0.6113636363636363,70.46468401486989,60.92936802973978,0.09506944444444444,0.008263888888888888,0.024166666666666666,0.017430555555555557,0.01326388888888889,1,73.98740074113287,63.7394741485795,13.772775428841756,4.371172627825473,0.9482991916306458,-138.30474431163714,-1.5247961705908586,1.5247961705908586,0.029598258925945534,-12,-0.18902777777777757,-2722,0.09852264810940627,281.0,19.08831151159359,6.025448232323232,0.20022926403297342
RHF_MPM_P28,414,0.0207,20.7,0,255,5.635138888888889,30.68477841486881,81146,318.2196078431373,18,242,255,1.0130275723154576,110,110,259,0.017986111111111112,22,19,0.6196172248803827,70.1003861003861,60.633204633204635,0.09145833333333334,0.00798611111111111,0.023541666666666666,0.016319444444444445,0.012638888888888889,1,73.56929485125576,63.39369777931137,13.409165633771577,4.310647552986341,0.946919685918006,-138.26842374912738,-1.6804022422824874,1.6804022422824874,0.028639735784881572,-10,-0.26798611111111104,-3859,0.5425622846219419,282.8181818181818,15.642704845263593,5.987386363636364,0.2289521652093746
RHF_MPM_P28,415,0.02075,20.75,0,255,5.423125,30.09645939329331,78093,306.2470588235294,18,234,255,0.9717176466790861,110,110,248,0.017222222222222222,21,20,0.5904761904761905,69.93548387096774,60.350806451612904,0.08694444444444445,0.007152777777777778,0.022847222222222224,0.01576388888888889,0.012013888888888888,1,73.37048134916061,63.262597159796655,13.335046107258593,4.1391451837798074,0.9506073391795642,-138.05428606451775,-1.7327136389386235,1.7327136389386235,0.026993456519790505,-11,-0.2120138888888894,-3053,0.23814739354542377,281.09090909090907,18.143140679579385,5.976982323232323,0.25072168100253567
RHF_MPM_P28,416,0.0208,20.8,0,255,5.201666666666667,29.477946511851126,74904,293.74117647058824,17,225,255,0.9547246473998048,108,108,239,0.01659722222222222,21,19,0.5989974937343359,69.7029288702929,60.0418410041841,0.08527777777777777,0.007013888888888889,0.021388888888888888,0.01513888888888889,0.011527777777777777,1,73.0034043575777,62.84034230481683,13.028268666778075,4.288154008753878,0.9442803406690556,-138.18957709020793,-1.717366623419194,1.717366623419194,0.027488518637188934,-9,-0.22145833333333265,-3189,0.5595039591491744,277.1818181818182,21.791650535419553,5.922411616161616,0.33428261044500784
RHF_MPM_P28,417,0.02085,20.85,0,255,5.064097222222222,29.196765229720857,72923,285.97254901960787,16,224,255,0.9233286188074106,110,110,233,0.016180555555555556,20,19,0.6131578947368421,69.47210300429184,59.8755364806867,0.08236111111111111,0.006944444444444444,0.020902777777777777,0.014791666666666667,0.011666666666666667,1,72.58257339933903,62.48242666922644,12.541641432396966,4.334420574138963,0.9383810662364399,-138.03757053189528,-1.7225526392576993,1.7225526392576993,0.028550663028125558,-6,-0.13756944444444485,-1981,0.552451172152025,270.0,22.14826075667014,5.829551767676767,0.40948178868605867
RHF_MPM_P28,418,0.0209,20.9,0,255,4.867013888888889,28.819561175717414,70085,274.84313725490193,15,221,255,0.8729248387106332,109,109,229,0.015902777777777776,19,18,0.6695906432748538,69.2707423580786,59.685589519650655,0.07729166666666666,0.006736111111111111,0.020277777777777777,0.014305555555555556,0.01125,1,72.10932439180995,62.09726760362417,11.96084779520977,4.216344611974986,0.9358072227627606,-138.0206912967191,-1.715928030800928,1.715928030800928,0.029378611685810088,-4,-0.1970833333333335,-2838,0.6101738514086562,262.54545454545456,20.856059230151086,5.701035353535354,0.4657054263528899
RHF_MPM_P28,419,0.02095,20.95,0,255,4.771111111111111,28.578777069102035,68704,269.42745098039217,14,217,255,0.846473687036881,109,109,224,0.015555555555555555,19,18,0.6549707602339181,69.20535714285714,59.660714285714285,0.07458333333333333,0.006527777777777778,0.02,0.01423611111111111,0.010972222222222222,1,71.90028237074988,61.96716348393107,11.545291177637912,4.095780065022575,0.9349583029786871,-138.06462219549024,-1.8854182648396565,1.8854182648396565,0.02803330228225431,-5,-0.09590277777777789,-1381,0.2462227620062694,256.8181818181818,21.97444044925493,5.578131313131313,0.5140035016321217
RHF_MPM_P28,420,0.021,21.0,0,255,4.648888888888889,28.10982279656563,66944,262.5254901960784,13,211,255,0.8338832815415751,108,108,219,0.015208333333333334,19,18,0.6403508771929824,69.01369863013699,59.54337899543379,0.07298611111111111,0.006319444444444444,0.01972222222222222,0.013888888888888888,0.010694444444444444,1,71.68714149139579,61.751717853728486,11.260797882994542,4.26835989239812,0.9253778491387068,-137.9279049161054,-1.8361102607603876,1.8361102607603876,0.02684333173996176,-5,-0.12222222222222179,-1760,0.30306080912123895,251.27272727272728,23.093056449901713,5.451218434343435,0.5538796948509918
RHF_MPM_P28,421,0.02105,21.05,0,255,4.570208333333333,27.90440404728929,65811,258.08235294117645,13,207,255,0.811910476798805,107,107,216,0.015,18,18,0.6666666666666666,68.875,59.495370370370374,0.07090277777777777,0.006319444444444444,0.019444444444444445,0.013819444444444445,0.010555555555555556,1,71.49313944477367,61.66712251751227,10.952401377972373,4.114056462974335,0.9267694945946626,-138.22704026630393,-1.7925948979461002,1.7925948979461002,0.027852486666362766,-3,-0.07868055555555564,-1133,0.2116439581067813,245.45454545454547,23.18449182442921,5.3104861111111115,0.563106447621063
RHF_MPM_P28,422,0.0211,21.1,0,255,4.539861111111111,27.989565416471404,65374,256.3686274509804,13,211,255,0.807771435444501,108,108,217,0.015069444444444444,18,18,0.6697530864197531,68.91244239631337,59.50691244239631,0.07076388888888889,0.006388888888888889,0.01902777777777778,0.013819444444444445,0.010625,1,71.23578180928197,61.41467555909077,10.576174277095767,4.31415090959482,0.9130211425830268,-137.9072783743075,-1.5792272332598527,1.5792272332598527,0.029048245479854375,1,-0.030347222222222747,-437,0.3605030088115026,239.45454545454547,21.14178816021886,5.156035353535353,0.5185322200956699
RHF_MPM_P28,423,0.02115,21.15,0,255,4.592361111111111,28.394829292254347,66130,259.3333333333333,12,219,255,0.7849824381977446,109,109,225,0.015625,19,18,0.6578947368421053,69.00888888888889,59.57333333333333,0.06840277777777778,0.006458333333333333,0.019791666666666666,0.014027777777777778,0.010902777777777779,1,71.08392560108877,61.2916528050809,10.086663255084442,4.158257156184801,0.9110694081690983,-138.13200887000932,-1.6899234114544401,1.6899234114544401,0.02927566913654922,8,0.05250000000000021,756,0.195435170762561,234.36363636363637,16.82677912934524,5.019690656565657,0.4466599759572778
RHF_MPM_P28,424,0.0212,21.2,0,255,4.701527777777778,28.861618070820203,67702,265.4980392156863,12,225,255,0.7919077287811562,109,109,230,0.01597222222222222,19,18,0.672514619883041,69.15217391304348,59.6695652173913,0.06951388888888889,0.006944444444444444,0.020625,0.014722222222222222,0.01125,1,71.01633629730289,61.135180644589525,9.645252134929157,4.219113026174104,0.8992529495274888,-138.59151537228,-1.5825025168652431,1.5825025168652431,0.027813063129597353,5,0.10916666666666686,1572,0.17044603543379586,230.8181818181818,12.776528066007902,4.910454545454545,0.3547175631843104
RHF_MPM_P28,425,0.02125,21.25,0,255,4.679652777777778,28.899085960007127,67387,264.2627450980392,11,222,255,0.7759621956783718,110,110,229,0.015902777777777776,19,18,0.6695906432748538,69.17467248908297,59.68995633187773,0.06756944444444445,0.006805555555555555,0.02048611111111111,0.014861111111111111,0.01138888888888889,1,70.94745277279,61.0315787911615,9.195533231310565,4.27180455406616,0.8855457740906397,-139.21552074961008,-1.4225120311772919,1.4225120311772919,0.023713772686126403,-1,-0.021874999999999645,-315,0.12441175178832185,228.0909090909091,9.159739431134545,4.823592171717172,0.27455357361049343
RHF_MPM_P28,426,0.0213,21.3,0,255,4.68875,28.869816727543395,67518,264.77647058823527,11,220,255,0.7728322645465228,109,109,232,0.01611111111111111,19,18,0.6783625730994152,69.24137931034483,59.63793103448276,0.06694444444444445,0.006875,0.020833333333333332,0.014652777777777778,0.01125,1,70.85189134749253,60.85738617850055,8.903970030125874,4.411341106044652,0.868644840387091,-140.04451657134663,-1.2412921297169839,1.2412921297169839,0.022423649989632394,3,0.009097222222221646,131,0.1986832965061072,226.63636363636363,6.865893668545166,4.7568308080808075,0.19974784906552945
RHF_MPM_P28,427,0.02135,21.35,0,255,4.685555555555555,28.94156972288634,67472,264.5960784313726,11,222,255,0.7638196262193507,107,107,235,0.016319444444444445,20,19,0.618421052631579,69.46808510638297,59.88510638297873,0.0661111111111111,0.006805555555555555,0.02048611111111111,0.014722222222222222,0.01138888888888889,1,70.92147853924591,60.93126037467394,8.942124208129899,4.297293136522899,0.8769578099052086,-139.99323516855517,-1.037386612523141,1.037386612523141,0.022053592601375384,3,-0.0031944444444444997,-46,0.1014878027961351,226.27272727272728,6.282600924789453,4.709911616161616,0.14202334620317994
RHF_MPM_P28,428,0.0214,21.4,0,255,4.696458333333333,28.880652668658794,67629,265.21176470588233,11,221,255,0.7666785840783936,110,110,229,0.015902777777777776,19,18,0.6695906432748538,69.24454148471615,59.65938864628821,0.06631944444444444,0.006875,0.020416666666666666,0.014861111111111111,0.011319444444444444,1,71.00712712002247,60.94882372946517,8.955388120375503,4.431591033955891,0.8689773150957707,-139.5569481507166,-1.3456974418040657,1.3456974418040657,0.022874802229812655,-6,0.010902777777777928,157,0.08743083449540053,225.9090909090909,5.991729837557847,4.676489898989899,0.08755432798959292
RHF_MPM_P28,429,0.02145,21.45,0,255,4.7098611111111115,28.924491976382598,67822,265.96862745098036,12,224,255,0.7769572597457092,108,108,234,0.01625,20,18,0.65,69.2948717948718,59.7008547008547,0.0675,0.006875,0.020555555555555556,0.015069444444444444,0.011319444444444444,1,70.99619592462622,60.959924508271655,9.082121191317256,4.284082002714307,0.8817564234283758,-140.50071311373873,-1.0814566528829201,1.0814566528829201,0.02320780867565097,5,0.013402777777778319,193,0.015579419851252885,226.36363636363637,6.385676119576708,4.6622032828282824,0.06529125620379603
RHF_MPM_P28,430,0.0215,21.5,0,255,4.635694444444445,28.701034211253162,66754,261.7803921568627,11,219,255,0.7517534159512744,109,109,229,0.015902777777777776,19,18,0.6695906432748538,69.17030567685589,59.62882096069869,0.06472222222222222,0.006666666666666667,0.02034722222222222,0.014513888888888889,0.01125,1,70.8906432573329,60.88232914881505,8.89752533756659,4.232817076395689,0.8795915249364533,-140.23913547442467,-1.2315081756334463,1.2315081756334463,0.022096054169038558,-5,-0.07416666666666671,-1068,0.1310053639433684,226.8181818181818,6.3792017428541214,4.649892676767677,0.05565083656740466
RHF_MPM_P28,431,0.02155,21.55,0,255,4.639097222222222,28.74658843075495,66803,261.97254901960787,11,221,255,0.7719161093162543,109,109,230,0.01597222222222222,20,18,0.6388888888888888,69.25217391304348,59.7304347826087,0.06701388888888889,0.006666666666666667,0.02013888888888889,0.014583333333333334,0.01125,1,70.91916530694729,60.83672888942113,8.965942607691847,4.453418518492431,0.8679200720398768,-140.07493260875077,-1.0716257937267544,1.0716257937267544,0.02408574465218628,1,0.0034027777777776436,49,0.053785601893062036,227.8181818181818,5.920967086521375,4.649002525252526,0.05573801534369192
RHF_MPM_P28,432,0.0216,21.6,0,255,4.579722222222222,28.54854598224956,65948,258.61960784313726,11,219,255,0.7506076588137575,108,108,228,0.015833333333333335,19,18,0.6666666666666666,69.21491228070175,59.67982456140351,0.06472222222222222,0.006666666666666667,0.02,0.014652777777777778,0.011041666666666667,1,70.82551404136592,60.893855765148295,8.950359591913028,4.195729123898276,0.8833161683642548,-139.57549646832015,-1.1408460310817208,1.1408460310817208,0.023184933584035908,-2,-0.05937500000000018,-855,0.1096997697141585,228.9090909090909,4.601472994488641,4.649867424242424,0.05457021919581493
RHF_MPM_P28,433,0.02165,21.65,0,255,4.521597222222222,28.30307610301972,65111,255.3372549019608,10,211,255,0.7497850179323959,109,109,223,0.015486111111111112,19,18,0.652046783625731,69.02690582959642,59.488789237668165,0.06451388888888888,0.006458333333333333,0.01965277777777778,0.014305555555555556,0.010902777777777779,1,70.70284590929336,60.71848074826066,8.827991737232974,4.293648251002625,0.8737543460124895,-139.32573427801984,-1.217205458978524,1.217205458978524,0.022960790035477876,-5,-0.058125000000000426,-837,0.21401838045950577,229.45454545454547,3.340213285613425,4.648207070707071,0.05805837840949802
RHF_MPM_P28,434,0.0217,21.7,0,255,4.425833333333333,28.170604741960688,63732,249.9294117647059,9,217,255,0.7145787159614319,109,109,221,0.015347222222222222,19,18,0.6461988304093568,68.79638009049773,59.40723981900452,0.06118055555555556,0.006458333333333333,0.019097222222222224,0.01423611111111111,0.010694444444444444,1,70.34706270005648,60.56808196824201,8.51608972520888,3.853174586303828,0.8917856142003504,-139.81418240570562,-1.414196151749863,1.414196151749863,0.02358312935417059,-2,-0.09576388888888854,-1379,0.38626608057916245,229.0909090909091,3.9647204522466413,4.6330681818181825,0.08575270506447549
RHF_MPM_P28,435,0.02175,21.75,0,11,0.01965277777777778,0.34089733138855677,283,25.727272727272727,0,0,7,0.058141802192284694,2,8,10,0.0006944444444444445,93,107,0.0010049241282283187,89.6,59.7,0.004722222222222222,0.0,0.0,0.0,0.0,0,89.59010600706713,58.03533568904594,32.577675514893684,24.238858528838133,0.6681431134285357,98.95073504341474,-0.27609015504465084,0.27609015504465084,0.0,-211,-4.406180555555555,-63449,19.409006142259553,209.0909090909091,63.08213195430879,4.207443181818181,1.326892498138138
RHF_MPM_P28,436,0.0218,21.8,0,255,3.135972222222222,22.623073531225334,45158,177.09019607843138,1,103,255,0.6337489950914459,107,107,143,0.009930555555555555,14,13,0.7857142857142857,64.39160839160839,55.15384615384615,0.05284722222222222,0.0033333333333333335,0.01326388888888889,0.008819444444444444,0.006527777777777778,1,63.59393684397006,53.60509765711502,7.333273362886305,5.233915731433961,0.7004294765931355,53.28387392241792,-1.0051244821046352,1.0051244821046352,0.01731697595110501,133,3.116319444444444,44875,26.37096547674973,201.27272727272728,65.41627669164875,4.067108585858586,1.3509430055084601
RHF_MPM_P28,437,0.02185,21.85,0,255,5.607708333333333,27.763211250050496,80751,316.67058823529413,25,168,255,1.1726133994142822,101,101,229,0.015902777777777776,22,25,0.4163636363636364,61.23580786026201,51.44541484716157,0.10652777777777778,0.005763888888888889,0.024583333333333332,0.012638888888888889,0.009097222222222222,1,55.83866453666209,44.4346695396961,17.784174529862245,4.300530178053612,0.9703216712323386,51.362199662546935,-1.0944007654882417,1.0944007654882417,0.013869797278052284,86,2.471736111111111,35593,12.010037486088267,201.0,65.29374186913113,4.150650252525253,1.4137556452369944
RHF_MPM_P28,438,0.0219,21.9,0,255,6.051597222222222,29.73839486914729,87143,341.7372549019608,29,219,255,1.1238177387159571,104,104,251,0.017430555555555557,29,31,0.27919911012235815,60.398406374501995,50.81274900398407,0.09965277777777778,0.007013888888888889,0.027430555555555555,0.013958333333333333,0.010833333333333334,1,55.584659697279186,44.26466841857636,17.915572463158004,4.512248779654186,0.9677632050345393,52.325675911377836,-1.0845070186621177,1.0845070186621177,0.00734425025532745,22,0.443888888888889,6392,0.3056449567912116,202.45454545454547,66.20678849615958,4.274835858585859,1.5118798730221827
RHF_MPM_P28,439,0.02195,21.95,0,255,5.854791666666666,29.9514530455524,84309,330.6235294117647,28,226,255,1.0598645119136147,109,109,242,0.016805555555555556,19,19,0.6703601108033241,61.56198347107438,52.086776859504134,0.09381944444444444,0.007152777777777778,0.024027777777777776,0.015347222222222222,0.011597222222222222,1,56.30921965626445,45.74119014577329,17.491640940776463,4.4308120177682815,0.9673850913578496,50.0406809628168,-1.334118915140616,1.334118915140616,0.012323713956991543,-9,-0.19680555555555568,-2834,1.6447198986603533,203.63636363636363,66.78360267892755,4.380138888888888,1.576535531102653
RHF_MPM_P28,440,0.022,22.0,0,255,6.066111111111111,31.756514054230568,87352,342.55686274509804,21,244,255,1.0308989158732653,107,107,288,0.02,22,22,0.5950413223140496,60.53125,51.017361111111114,0.0913888888888889,0.008125,0.025347222222222222,0.018125,0.013055555555555556,1,57.60508059346094,47.36277360564154,15.393091678930354,4.538564992410308,0.9555453166166766,48.86792978433711,-1.7317285369573905,1.7317285369573905,0.033210458833226486,46,0.2113194444444444,3043,2.0757621457840627,208.54545454545453,70.70471713254632,4.503434343434344,1.6488749117110368
RHF_MPM_P28,441,0.02205,22.05,0,255,6.277847222222222,33.33913838333747,90401,354.51372549019607,18,251,255,0.9409485344096078,108,108,320,0.022222222222222223,23,24,0.5797101449275363,59.7,50.584375,0.08222222222222222,0.008958333333333334,0.02847222222222222,0.020277777777777777,0.014722222222222222,1,58.68593267773586,48.946560325660116,11.810535123055349,4.833999803778832,0.9124018465268313,48.07620035386897,-2.0002940021574314,2.0002940021574314,0.026979790046570282,32,0.21173611111111157,3049,1.9174518514394656,216.8181818181818,77.60133337867823,4.6527209595959595,1.726598603609397
RHF_MPM_P28,442,0.0221,22.1,0,255,6.48875,33.88391762233965,93438,366.4235294117647,19,253,255,0.9533757579449661,108,108,328,0.02277777777777778,24,24,0.5694444444444444,59.359756097560975,50.603658536585364,0.08319444444444445,0.009444444444444445,0.029930555555555554,0.021041666666666667,0.015208333333333334,1,58.77437445150795,49.39783599820202,9.75046281093898,5.132046113658416,0.8502749861120517,-135.1782722550107,0.66431992648863,0.66431992648863,0.008840086474453649,8,0.21090277777777722,3037,0.4598605005608778,225.72727272727272,83.96762461491377,4.820871212121211,1.8053548522297542
RHF_MPM_P28,443,0.02215,22.15,0,255,6.6970833333333335,34.294130812133474,96438,378.18823529411765,21,253,255,0.9804840356999098,107,107,341,0.023680555555555555,27,24,0.5262345679012346,58.66862170087977,50.240469208211145,0.085625,0.009444444444444445,0.030416666666666668,0.021805555555555557,0.015625,1,58.178187021713434,49.150687488334476,10.19295641969952,5.067737335533097,0.867647237823737,-136.75720865564665,0.6276158866526067,0.6276158866526067,0.009083556274497605,13,0.20833333333333393,3000,0.6453850303305315,236.0,90.29144729455528,5.013358585858585,1.8806870450615856
RHF_MPM_P28,444,0.0222,22.2,0,255,6.521597222222222,33.322061931065576,93911,368.278431372549,22,251,255,1.0173640687653096,107,107,318,0.022083333333333333,27,23,0.5120772946859904,59.339622641509436,50.814465408805034,0.08944444444444444,0.009097222222222222,0.030069444444444444,0.019930555555555556,0.014305555555555556,1,58.18487717093844,49.137353451672325,10.793871101490492,5.04863970092802,0.8838703006246186,-137.333250520215,0.8184812806284524,0.8184812806284524,0.012000724089829733,-23,-0.17548611111111168,-2527,0.014918264991629097,244.63636363636363,93.1336017160028,5.195176767676767,1.9206092678651703
RHF_MPM_P28,445,0.02225,22.25,0,255,6.214583333333334,32.36910922115147,89490,350.94117647058823,21,247,255,1.014300006333546,109,109,293,0.02034722222222222,25,21,0.5580952380952381,60.00682593856655,51.29351535836177,0.08972222222222222,0.008472222222222223,0.027569444444444445,0.018819444444444444,0.01361111111111111,1,58.17895854285395,49.16007375125712,11.322780618019738,4.862817128757559,0.9030801788719619,-138.3717628298834,0.9926710644455075,0.9926710644455075,0.017264498826684547,-25,-0.30701388888888825,-4421,0.023478547050989135,251.1818181818182,93.77033663722153,5.357790404040403,1.9243077820820367
RHF_MPM_P28,446,0.0223,22.3,0,255,5.6402777777777775,30.591861480003605,81220,318.5098039215686,19,233,255,0.9660957337516061,108,108,263,0.01826388888888889,24,20,0.5479166666666667,60.80228136882129,51.8212927756654,0.08506944444444445,0.007569444444444445,0.024791666666666667,0.01673611111111111,0.012152777777777778,1,58.274205860625464,49.28106377739473,12.057422214570353,4.578283286874326,0.9251069488793332,-138.68509056113476,1.237746129733895,1.237746129733895,0.022408273824181237,-30,-0.5743055555555561,-8270,0.15398258981926016,274.1818181818182,54.66728817761326,5.868756313131313,0.9266117593691209
RHF_MPM_P28,447,0.02235,22.35,0,255,5.038402777777778,28.793691153213732,72553,284.52156862745096,17,217,255,0.915877359476069,106,106,240,0.016666666666666666,22,18,0.6060606060606061,61.270833333333336,52.425,0.08090277777777778,0.00625,0.021319444444444443,0.015,0.010763888888888889,1,58.681046958774964,49.78968478215925,12.311399987893148,4.287245240576908,0.9374077239562936,-138.53090188860372,1.5595189409709882,1.5595189409709882,0.03047427397902223,-23,-0.6018749999999997,-8667,0.6513178990563374,283.0,38.11227432921649,6.041704545454545,0.4609337344465988
RHF_MPM_P28,448,0.0224,22.4,0,255,4.858333333333333,28.4469840717391,69960,274.3529411764706,15,207,255,0.9105062197763552,108,108,227,0.01576388888888889,21,17,0.6358543417366946,61.951541850220266,52.87224669603524,0.08229166666666667,0.006597222222222222,0.02034722222222222,0.014097222222222223,0.010625,1,59.12331332189823,50.17634362492853,12.628747099589196,4.37776671225043,0.937994213473108,-138.213883575461,1.894137717282331,1.894137717282331,0.03522012578616352,-13,-0.1800694444444444,-2593,0.5874560380504733,282.8181818181818,38.3733292365181,5.973579545454545,0.5639167028049469
RHF_MPM_P28,449,0.02245,22.45,0,255,4.529652777777778,27.688582356902852,65227,255.7921568627451,13,201,255,0.846144847289142,109,109,213,0.014791666666666667,20,16,0.665625,62.1924882629108,53.10328638497653,0.07506944444444444,0.005902777777777778,0.019305555555555555,0.013680555555555555,0.010208333333333333,1,59.61888481763687,50.622089012218865,12.269783571623003,4.413212015452386,0.9330752082621309,-138.0462683738128,2.2756316706333033,2.2756316706333033,0.03380501939380931,-14,-0.32868055555555564,-4733,0.6665433651903252,279.3636363636364,42.56390431355214,5.835220959595959,0.6984584451856699
RHF_MPM_P28,450,0.0225,22.5,0,255,4.126388888888889,26.73479314933359,59420,233.01960784313727,10,188,255,0.7725227120470721,108,108,202,0.014027777777777778,19,17,0.6253869969040248,62.32178217821782,53.13861386138614,0.068125,0.005625,0.017638888888888888,0.012777777777777779,0.009583333333333333,1,60.496869740828004,51.24776169639852,11.360317973389344,4.245167448478873,0.9275561299809494,-136.99040736319733,2.6859986787985037,2.6859986787985037,0.030494782901380007,-11,-0.40326388888888864,-5807,1.0781112340939216,275.72727272727275,47.07072224389576,5.678093434343435,0.853571671291924
RHF_MPM_P28,451,0.02255,22.55,0,255,4.159652777777778,27.109938161155203,59899,234.89803921568628,7,192,255,0.730200509566267,108,108,207,0.014375,19,17,0.6408668730650154,62.21739130434783,53.24154589371981,0.063125,0.005625,0.018541666666666668,0.013194444444444444,0.009722222222222222,1,60.83295213609576,51.71266632164143,10.467646254015694,4.570820493466075,0.8996257755086756,-137.24890757362616,2.795540042127927,2.795540042127927,0.02422411058615336,5,0.03326388888888854,479,0.573661648518675,268.3636363636364,50.76554437674995,5.50477904040404,0.9457617525171759
RHF_MPM_P28,452,0.0226,22.6,0,255,4.120416666666666,27.02765198918713,59334,232.68235294117648,5,191,255,0.695253243540878,108,108,205,0.01423611111111111,19,17,0.6346749226006192,62.30731707317073,53.46341463414634,0.059097222222222225,0.005555555555555556,0.018333333333333333,0.013055555555555556,0.009722222222222222,1,61.184413658273506,52.29917079583375,9.051862578301897,4.162913231806121,0.8879729099023868,-138.68604788932763,2.384942177218843,2.384942177218843,0.01444365793642768,-2,-0.03923611111111125,-565,0.6837490035233039,257.90909090909093,50.89642699632004,5.30864898989899,0.987872186341837
RHF_MPM_P28,453,0.02265,22.65,0,255,4.038611111111111,26.77898550613249,58156,228.06274509803922,3,188,255,0.6407441606981128,106,106,206,0.014305555555555556,18,18,0.6358024691358025,62.51456310679612,53.44174757281554,0.053125,0.005416666666666667,0.018125,0.012777777777777779,0.009375,1,61.613969323887474,52.498194511314395,7.635796227911231,4.121062666942362,0.8418554484667962,-137.10857643343024,1.0928248980552455,1.0928248980552455,0.01313707957906321,1,-0.08180555555555546,-1178,0.4734221257871022,246.8181818181818,47.600263906484194,5.08590909090909,0.972785137115361
RHF_MPM_P28,454,0.0227,22.7,0,255,3.936111111111111,26.441152193521898,56680,222.27450980392157,2,184,255,0.642968022808914,109,109,194,0.013472222222222222,18,18,0.5987654320987654,62.56701030927835,53.47422680412371,0.05368055555555556,0.005277777777777778,0.0175,0.012638888888888889,0.009305555555555555,1,61.793225123500356,52.60118207480593,7.536880448170474,4.36883544507293,0.8148577530768298,-136.1504724747516,1.0774081580288208,1.0774081580288208,0.014820042342978124,-12,-0.10250000000000004,-1476,0.20673432208701084,233.45454545454547,39.17179791720206,4.834911616161616,0.8760747193221152
RHF_MPM_P28,455,0.02275,22.75,0,255,4.040694444444444,27.036444222279187,58186,228.18039215686275,1,195,255,0.6236995329760161,108,108,207,0.014375,18,18,0.6388888888888888,62.410628019323674,53.507246376811594,0.051597222222222225,0.005555555555555556,0.018194444444444444,0.013055555555555556,0.00986111111111111,1,61.860825628157976,52.77939710583302,7.296926954739127,4.075060143765134,0.8295297612021977,-136.3014023002009,0.8086278667234172,0.8086278667234172,0.012185061698690406,13,0.10458333333333325,1506,0.1906054183751153,223.36363636363637,29.093181729410347,4.609375,0.7178828859172066
RHF_MPM_P28,456,0.0228,22.8,0,255,3.970138888888889,26.73449857150118,57170,224.19607843137254,1,183,255,0.6095248120511381,107,107,202,0.014027777777777778,19,18,0.5906432748538012,62.37128712871287,53.504950495049506,0.050277777777777775,0.005347222222222222,0.017916666666666668,0.013055555555555556,0.009652777777777777,1,61.832482071016265,52.795172293160746,7.325062799058633,4.04515675379685,0.8336884306419758,-136.99400016448666,0.80083065965758,0.80083065965758,0.011439566206052125,-5,-0.07055555555555504,-1016,0.032437844667459685,215.0909090909091,19.458368358460937,4.405334595959595,0.5259524587810352
RHF_MPM_P28,457,0.02285,22.85,0,255,3.8911805555555556,26.391489684611496,56033,219.7372549019608,1,179,255,0.6165327932017624,108,108,195,0.013541666666666667,18,17,0.6372549019607843,62.697435897435895,53.758974358974356,0.051111111111111114,0.005277777777777778,0.0175,0.012222222222222223,0.009375,1,62.01534809844199,52.86427640854497,7.311277921121343,4.303977322744841,0.8083687317245145,-136.4332083551427,0.720247754050788,0.720247754050788,0.01379544197169525,-7,-0.07895833333333346,-1137,0.19548750023851022,208.9090909090909,12.978685641918274,4.246325757575757,0.36977065069809434
RHF_MPM_P28,458,0.0229,22.9,0,255,3.859513888888889,26.41848941739533,55577,217.94901960784313,0,184,255,0.604382000987799,109,109,194,0.013472222222222222,18,17,0.6339869281045751,62.68556701030928,53.78865979381443,0.049930555555555554,0.005347222222222222,0.016944444444444446,0.012361111111111111,0.009375,1,62.098835849362146,52.99762491678212,7.172247599889868,4.162444033927923,0.8143641691347419,-136.8159922024373,0.7513278689078219,0.7513278689078219,0.015006207603864908,-1,-0.03166666666666673,-456,0.1573277763231296,204.72727272727272,9.126294768324499,4.139154040404041,0.28602726261393796
RHF_MPM_P28,459,0.02295,22.95,0,255,3.88,26.53797938803932,55872,219.10588235294117,0,185,255,0.5950067847451589,109,109,195,0.013541666666666667,18,17,0.6372549019607843,62.69230769230769,53.784615384615385,0.04888888888888889,0.005416666666666667,0.017708333333333333,0.012569444444444444,0.009375,1,62.07390105956472,53.10266323024055,7.132871087834236,4.037131124816106,0.8244123541593563,-137.8791915040234,0.8975937058120825,0.8975937058120825,0.012421248568155784,1,0.020486111111110983,295,0.10795735749097031,201.8181818181818,6.191169397811426,4.050214646464647,0.18162326945549487
RHF_MPM_P28,460,0.023,23.0,0,255,4.075069444444445,27.26331969312655,58681,230.12156862745098,1,198,255,0.6125787818080524,106,106,215,0.014930555555555556,19,18,0.6286549707602339,62.43255813953488,53.53953488372093,0.050486111111111114,0.005555555555555556,0.01861111111111111,0.013402777777777777,0.01,1,61.98991155569946,53.00008520645524,7.083450645249185,4.21449051043943,0.8037426949999197,-137.40081326432744,0.5596787375988392,0.5596787375988392,0.010718972069323972,20,0.19506944444444496,2809,0.1325763467713337,202.0,6.536610186271836,4.008888888888889,0.10217096664593497
RHF_MPM_P28,461,0.02305,23.05,0,255,3.966388888888889,26.645037754896812,57116,223.98431372549018,1,183,255,0.6194490877722413,107,107,203,0.014097222222222223,19,18,0.5935672514619883,62.60591133004926,53.714285714285715,0.050972222222222224,0.005277777777777778,0.01826388888888889,0.012708333333333334,0.009305555555555555,1,61.94929616919952,52.862612928076196,7.307615386916869,4.243554062058753,0.8141154980850219,-137.086709834582,0.7341732225152917,0.7341732225152917,0.011432873450521745,-12,-0.10868055555555589,-1565,0.1433465623698887,202.0909090909091,6.542928805616939,3.9943434343434348,0.09558465926351245
RHF_MPM_P28,462,0.0231,23.1,0,255,3.995416666666667,26.91784530120719,57534,225.6235294117647,1,195,255,0.619334172925634,109,109,203,0.014097222222222223,18,17,0.6633986928104575,62.78817733990148,53.76354679802956,0.05138888888888889,0.005625,0.017847222222222223,0.012847222222222222,0.009722222222222222,1,62.10028852504606,53.020127229116696,7.263693005891405,4.20044549147215,0.8158386503149448,-137.2456189960656,0.8041268094339442,0.8041268094339442,0.014965064135989154,0,0.029027777777777874,418,0.218195890328772,201.72727272727272,6.368829050231634,3.979412878787878,0.08018304874784529
RHF_MPM_P28,463,0.02315,23.15,0,255,4.1102083333333335,27.387218353152697,59187,232.10588235294117,1,202,255,0.6261295962358568,107,107,214,0.014861111111111111,19,17,0.6625386996904025,62.52803738317757,53.76168224299065,0.05201388888888889,0.005833333333333334,0.018819444444444444,0.013472222222222222,0.010208333333333333,1,61.92008380218629,52.96669876831061,7.212228868704242,4.2758979116939955,0.805299838194088,-138.1334052427318,0.7613738188680857,0.7613738188680857,0.01295892679135621,11,0.11479166666666663,1653,0.18795835327293728,202.54545454545453,7.253383365570435,3.978484848484848,0.07858894408850156
RHF_MPM_P28,464,0.0232,23.2,0,255,4.075486111111111,27.10022415164221,58687,230.1450980392157,2,196,255,0.6307189161498064,108,108,208,0.014444444444444444,19,18,0.6081871345029239,62.28365384615385,53.72596153846154,0.05229166666666667,0.005625,0.01888888888888889,0.013333333333333334,0.009930555555555555,1,61.79525278170634,52.91766490023344,7.32255844977199,4.53507328968766,0.7851315222858951,-137.44015155988424,0.859305555515596,0.859305555515596,0.011263141752006408,-6,-0.03472222222222232,-500,0.1341160090842078,202.72727272727272,7.361952669464672,3.981837121212121,0.08180292609751505
RHF_MPM_P28,465,0.02325,23.25,0,255,4.290972222222222,27.801349920248786,61790,242.31372549019608,3,206,255,0.6597055824118183,108,108,219,0.015208333333333334,20,17,0.6441176470588236,62.29223744292238,53.67579908675799,0.05479166666666667,0.005833333333333334,0.019583333333333335,0.013888888888888888,0.010347222222222223,1,61.614905324486166,52.85363327399256,7.479694731719185,4.338167126192328,0.8146217874552203,-138.43154211149619,0.657627742523576,0.657627742523576,0.011798025570480661,11,0.21548611111111082,3103,0.19137725696862204,205.0,8.135220844071672,4.014097222222222,0.11894792339776142
RHF_MPM_P28,466,0.0233,23.3,0,255,4.185972222222222,27.306717181335628,60278,236.3843137254902,4,197,255,0.6583714523545863,106,106,214,0.014861111111111111,19,18,0.6257309941520468,62.32710280373832,53.705607476635514,0.05486111111111111,0.005694444444444445,0.01923611111111111,0.013125,0.01,1,61.548342678921,52.72956966057268,7.7306113245730055,4.37653496020613,0.8243156200664391,-137.93667789470797,0.8766758667369419,0.8766758667369419,0.014433126513819304,-5,-0.10499999999999954,-1512,0.14079192434024937,205.63636363636363,8.530935441329529,4.027304292929293,0.1288232061247371
RHF_MPM_P28,467,0.02335,23.35,0,255,4.138888888888889,27.20223926421599,59600,233.72549019607843,4,200,255,0.663150003048358,108,108,210,0.014583333333333334,19,17,0.6501547987616099,62.58571428571429,53.84761904761905,0.05555555555555555,0.005694444444444445,0.01888888888888889,0.012986111111111111,0.010069444444444445,1,61.76142617449664,52.82421140939597,7.626095510958162,4.50883724031075,0.8064971550258853,-137.5490867277157,1.0235812481868412,1.0235812481868412,0.014865771812080536,-4,-0.047083333333333144,-678,0.23315582065876955,206.36363636363637,8.530935441329529,4.042645202020202,0.13112938198799698
RHF_MPM_P28,468,0.0234,23.4,0,255,4.2752083333333335,27.895823499344797,61563,241.42352941176472,3,209,255,0.6490561921116726,107,107,220,0.015277777777777777,19,18,0.6432748538011696,62.345454545454544,53.472727272727276,0.054375,0.006111111111111111,0.019444444444444445,0.013888888888888888,0.010555555555555556,1,61.74111073209558,52.81191624839595,7.419386922158897,4.15349609457857,0.8286165302379351,-137.19208706595853,0.7606511203016354,0.7606511203016354,0.0134171499114728,10,0.13631944444444422,1963,0.023746329905214907,208.63636363636363,8.530935441329529,4.077556818181818,0.13713997612606235
RHF_MPM_P28,469,0.02345,23.45,0,255,4.296666666666667,27.822254082338873,61872,242.63529411764705,3,205,255,0.661311850725209,107,107,222,0.015416666666666667,20,18,0.6166666666666667,62.17567567567568,53.46396396396396,0.05513888888888889,0.005833333333333334,0.020069444444444445,0.013958333333333333,0.010138888888888888,1,61.68481704163434,52.71080618050168,7.601913969677097,4.450257581714144,0.8107353935387952,-136.57878677521046,0.5910945010289544,0.5910945010289544,0.011265192655805533,2,0.021458333333333357,309,0.11572478306452214,211.1818181818182,7.9408973825172575,4.11729797979798,0.13141694614201216
RHF_MPM_P28,470,0.0235,23.5,0,255,4.265416666666667,27.62175267175713,61422,240.87058823529412,4,202,255,0.6724548666927317,108,108,215,0.014930555555555556,20,17,0.6323529411764706,62.353488372093025,53.7906976744186,0.05618055555555555,0.005833333333333334,0.019444444444444445,0.013472222222222222,0.010208333333333333,1,61.65544918758751,52.92528735632184,7.5871721915971895,4.305618953045565,0.823382595530031,-138.8731085980636,0.7668318844611967,0.7668318844611967,0.012226889388167106,-7,-0.03125,-450,0.21648243723802388,213.0,6.105139414683933,4.152335858585858,0.11365785290640115
RHF_MPM_P28,471,0.02355,23.55,0,255,4.189652777777778,27.415872656009828,60331,236.5921568627451,3,201,255,0.6558053587577205,108,108,213,0.014791666666666667,19,17,0.6594427244582043,62.53051643192488,53.694835680751176,0.05458333333333333,0.005625,0.019097222222222224,0.013472222222222222,0.010069444444444445,1,61.67809252291525,52.8475244898974,7.695170906603992,4.211191272846991,0.8369684332362363,-138.6889901809476,0.8763281581448561,0.8763281581448561,0.01369113722630157,-2,-0.07576388888888896,-1091,0.0809924936602726,212.8181818181818,6.072563960787177,4.162752525252525,0.11132591796368944
RHF_MPM_P28,472,0.0236,23.6,0,255,4.295625,27.977580960743023,61857,242.57647058823528,3,208,255,0.6534989326845669,106,106,223,0.015486111111111112,19,18,0.652046783625731,62.399103139013455,53.56053811659193,0.05479166666666667,0.0059722222222222225,0.019444444444444445,0.014027777777777778,0.010416666666666666,1,61.92739706096319,52.99123785505278,7.412120838543435,4.271095646632661,0.8172866987608094,-139.1865496639188,0.6346493190528119,0.6346493190528119,0.014759849329906073,10,0.10597222222222236,1526,0.28776081042348073,214.63636363636363,5.850761058074213,4.192683080808081,0.09796579053197413
RHF_MPM_P28,473,0.02365,23.65,0,255,4.294097222222222,27.82853189407297,61835,242.49019607843138,4,203,255,0.6596550327545516,109,109,216,0.015,19,17,0.6687306501547987,62.629629629629626,53.791666666666664,0.05506944444444444,0.0061805555555555555,0.01986111111111111,0.014027777777777778,0.010277777777777778,1,62.16374221719091,53.153311231503196,7.287367461469089,4.320366364182525,0.8053077984651502,-138.60870430287022,0.5917136136874768,0.5917136136874768,0.012743591816932158,-7,-0.0015277777777784607,-22,0.28657775947610387,215.8181818181818,4.549089455707929,4.219835858585859,0.07910352275750214
RHF_MPM_P28,474,0.0237,23.7,0,255,4.111597222222223,27.437742232876413,59207,232.1843137254902,1,196,255,0.6148656504849844,107,107,213,0.014791666666666667,18,17,0.696078431372549,62.755868544600936,53.798122065727696,0.050972222222222224,0.0059722222222222225,0.018333333333333333,0.01361111111111111,0.009930555555555555,1,62.284341378553215,53.22061580556353,6.977235214123963,3.870552293438746,0.832023677726772,-137.66536422572227,0.5425740522967211,0.5425740522967211,0.01562315266775888,-3,-0.18249999999999922,-2628,0.13810888244691272,215.72727272727272,4.59428318854301,4.219962121212121,0.07892935459419675
RHF_MPM_P28,475,0.02375,23.75,0,12,0.01972222222222222,0.35142555803399694,284,23.666666666666668,0,0,7,0.05640204053195794,3,8,10,0.0006944444444444445,89,107,0.0010500892575868949,90.0,62.6,0.004583333333333333,0.0,0.0,0.0,0.0,0,88.87323943661971,63.059859154929576,30.844698354491502,23.455015433015184,0.6494282026842237,102.93071784168704,-0.31296260379540003,0.31296260379540003,0.0,-203,-4.091875,-58923,28.351017788261082,197.72727272727272,59.49192597486105,3.851256313131313,1.213345729891955
RHF_MPM_P28,476,0.0238,23.8,0,255,3.356736111111111,22.471973975310434,48337,189.55686274509804,10,95,255,0.766835422180272,105,105,141,0.009791666666666667,13,13,0.834319526627219,67.0,57.234042553191486,0.06673611111111111,0.003472222222222222,0.012777777777777779,0.008472222222222223,0.006388888888888889,1,70.15518133107143,59.2500155160643,9.517769894517292,5.138717710742769,0.8417241968333712,-146.0541159581144,-0.7918028405612565,0.7918028405612565,0.019446800587541634,131,3.337013888888889,48053,19.10184828217636,190.63636363636363,61.15891777280314,3.7663257575757574,1.212290897443918
RHF_MPM_P28,477,0.02385,23.85,0,255,5.178055555555556,26.447641495293684,74564,292.40784313725493,24,160,255,1.1826207821418433,104,104,202,0.014027777777777778,22,22,0.41735537190082644,69.72277227722772,60.31188118811881,0.10993055555555556,0.005,0.019930555555555556,0.012083333333333333,0.008472222222222223,1,77.10554691271928,66.71121452711765,18.25807717018524,4.781733618703765,0.9650958601518488,-139.48037362009617,-1.0584459616499307,1.0584459616499307,0.026178853065822648,61,1.8213194444444447,26227,10.19691484720248,189.54545454545453,60.83862952906817,3.8565151515151515,1.2754159354686925
RHF_MPM_P28,478,0.0239,23.9,0,255,5.648888888888889,28.79497301592162,81344,318.99607843137255,25,206,255,1.086756507855952,110,110,215,0.014930555555555556,18,19,0.6286549707602339,69.45581395348837,60.18604651162791,0.09715277777777778,0.006597222222222222,0.024583333333333332,0.01375,0.010277777777777778,1,76.616849429583,67.02039486624705,18.189200064929995,4.005927551776697,0.9754464827350439,-135.35416069948843,-1.2039045000621733,1.2039045000621733,0.010277340676632572,13,0.4708333333333332,6780,0.5782886062580708,190.0,61.00819617067857,3.993787878787879,1.375735530927139
RHF_MPM_P28,479,0.02395,23.95,0,255,5.472222222222222,29.927951549523353,78800,309.01960784313724,20,235,255,0.9354927535203821,109,109,240,0.016666666666666666,20,20,0.6,69.96666666666667,60.579166666666666,0.08180555555555556,0.007638888888888889,0.024166666666666666,0.015416666666666667,0.011805555555555555,1,74.69397208121828,64.7376269035533,17.19653042238957,4.271386438152405,0.9686610005925995,-136.52643193418737,-2.0411220348466688,2.0411220348466688,0.053261421319796956,25,-0.17666666666666675,-2544,2.9847088414709853,191.8181818181818,62.16227763145893,4.1026073232323235,1.4395530559813454
RHF_MPM_P28,480,0.024,24.0,0,255,5.413263888888889,30.454293697684193,77951,305.69019607843137,16,236,255,0.8470439780267756,107,107,268,0.01861111111111111,21,21,0.6077097505668935,70.49253731343283,61.09701492537314,0.07243055555555555,0.007638888888888889,0.023819444444444445,0.01673611111111111,0.011944444444444445,1,72.37200292491437,62.54643301561237,10.532630304238912,4.314018090556314,0.9122715029045686,-136.70897534508487,-1.2206887700400508,1.2206887700400508,0.023758514964529,28,-0.058958333333333,-849,3.1926276665744138,196.0,65.50919435815514,4.204116161616162,1.488203924448761
RHF_MPM_P28,481,0.02405,24.05,0,255,5.7025,31.316477636026974,82116,322.0235294117647,18,244,255,0.8984111424060459,108,108,280,0.019444444444444445,22,21,0.6060606060606061,70.81071428571428,61.27857142857143,0.07798611111111112,0.008125,0.025,0.017986111111111112,0.012986111111111111,1,72.57199571338107,62.70138584441522,10.595486306018206,4.4635668753369915,0.9069349929426281,-136.35830678298302,-1.2328468937580923,1.2328468937580923,0.027522041989380876,12,0.28923611111111036,4165,0.2529970248692496,201.9090909090909,69.75079607946428,4.334760101010102,1.5496600881101763
RHF_MPM_P28,482,0.0241,24.1,0,255,5.9425,31.96029262790175,85572,335.5764705882353,18,246,255,0.9359877414260336,107,107,292,0.020277777777777777,23,21,0.6045548654244306,71.08904109589041,61.48287671232877,0.081875,0.008333333333333333,0.02652777777777778,0.018333333333333333,0.01326388888888889,1,72.86240826438555,62.88125788809424,10.844982125709056,4.462486250423275,0.9114190805454019,-137.41677311401338,-1.1210539810485056,1.1210539810485056,0.024283644182676575,12,0.2400000000000002,3456,0.3416041596324556,209.0909090909091,74.4329528019003,4.494109848484849,1.6152783593723663
RHF_MPM_P28,483,0.02415,24.15,0,255,6.126111111111111,32.44464407758217,88216,345.9450980392157,19,249,255,0.9771081402621292,109,109,296,0.020555555555555556,23,21,0.6128364389233955,71.10135135135135,61.54391891891892,0.08625,0.008611111111111111,0.026805555555555555,0.01861111111111111,0.013958333333333333,1,73.16822345152806,63.14976874943321,11.113102464339413,4.544706174916573,0.9125566735485164,-137.47716136512926,-1.0817382201959647,1.0817382201959647,0.019452253559445,4,0.1836111111111114,2644,0.4069656144491877,215.72727272727272,78.51935593341521,4.660517676767677,1.6792798951419432
RHF_MPM_P28,484,0.0242,24.2,0,255,6.106944444444444,32.21866189022929,87940,344.8627450980392,21,249,255,0.9740913507111844,109,109,288,0.02,23,22,0.5691699604743083,70.83680555555556,61.583333333333336,0.08548611111111111,0.008680555555555556,0.02701388888888889,0.018472222222222223,0.01361111111111111,1,73.24197179895383,63.35669774846486,11.360643365570656,4.444029252988624,0.9203152079782843,-137.33973856050974,-1.0995457143351508,1.0995457143351508,0.01678417102569934,-8,-0.019166666666666998,-276,0.21967801298325934,222.27272727272728,81.22369885814328,4.8253219696969705,1.7236038373288656
RHF_MPM_P28,485,0.02425,24.25,0,255,6.122430555555556,32.15090412039864,88163,345.7372549019608,22,249,255,1.017338534723178,110,110,282,0.019583333333333335,23,21,0.5838509316770186,70.68794326241135,61.361702127659576,0.09055555555555556,0.008680555555555556,0.025763888888888888,0.01826388888888889,0.013680555555555555,1,73.49532116647573,63.54560303074986,12.180990206170726,4.59335458306159,0.9261757850896947,-137.40408788517772,-1.1738572349524081,1.1738572349524081,0.019463947460953007,-6,0.015486111111111533,223,0.31602390368281497,228.54545454545453,82.9121809631499,5.008125,1.7447170468741338
RHF_MPM_P28,486,0.0243,24.3,0,255,6.0881944444444445,31.94951963759866,87670,343.80392156862746,22,249,255,1.0252372533656133,108,108,283,0.01965277777777778,23,21,0.5859213250517599,70.82332155477032,61.25088339222615,0.09125,0.008402777777777778,0.025277777777777777,0.018125,0.013541666666666667,1,73.78301585491046,63.67213413938634,12.66010419224562,4.369847005192569,0.9385413765151266,-137.49210201822757,-1.302531534142565,1.302531534142565,0.021980152845899395,1,-0.034236111111111356,-493,0.3142902403930645,253.36363636363637,46.755209194023074,5.559804292929293,0.7638985283013144
RHF_MPM_P28,487,0.02435,24.35,0,255,6.073958333333334,31.81904155006763,87465,343.0,22,249,255,1.037619215140811,110,110,278,0.019305555555555555,23,20,0.6043478260869565,70.73741007194245,61.05755395683453,0.09291666666666666,0.008541666666666666,0.025347222222222222,0.017847222222222223,0.013472222222222222,1,73.94081060995826,63.64243983307609,12.940682035938563,4.492872296856689,0.9377948977249705,-137.89455556864908,-1.3524031024475118,1.3524031024475118,0.02586177328074087,-5,-0.014236111111110894,-205,0.16056443114165395,265.8181818181818,30.632182072330348,5.806824494949495,0.3245397801933
RHF_MPM_P28,488,0.0244,24.4,0,255,5.894444444444445,31.23864188650941,84880,332.8627450980392,21,247,255,1.04310684662096,110,110,268,0.01861111111111111,22,20,0.6090909090909091,70.43656716417911,60.708955223880594,0.09395833333333334,0.008125,0.024652777777777777,0.017152777777777777,0.012986111111111111,1,73.86247643732328,63.48361215834119,13.28320515847942,4.547007174209351,0.9395861599187934,-137.8945629322822,-1.4960312012823356,1.4960312012823356,0.02864043355325165,-10,-0.17951388888888875,-2585,0.1770945308701055,271.8181818181818,23.07623012309885,5.871950757575758,0.25659623459464914
RHF_MPM_P28,489,0.02445,24.45,0,255,5.676944444444445,30.69352667179953,81748,320.58039215686273,19,243,255,1.0209591963429427,110,110,254,0.017638888888888888,21,19,0.6365914786967418,70.09055118110236,60.25984251968504,0.0925,0.008055555555555555,0.02347222222222222,0.016666666666666666,0.0125,1,73.61649214659685,63.23855017859764,13.428306233314135,4.3603295246912745,0.9458130075045842,-138.30460076016067,-1.630250502722687,1.630250502722687,0.0299579194598033,-14,-0.21750000000000025,-3132,0.3472227601987077,275.3636363636364,15.978808280018468,5.8745012626262625,0.25449722498085675
RHF_MPM_P28,490,0.0245,24.5,0,255,5.518125,30.373338168274742,79461,311.61176470588236,18,236,255,0.9908198790557073,110,110,253,0.017569444444444443,21,19,0.6340852130325815,70.01581027667984,60.22529644268775,0.08923611111111111,0.00798611111111111,0.023194444444444445,0.01625,0.012430555555555556,1,73.2916021696178,62.98648393551554,13.096500868849997,4.3418260635543495,0.9434462031906866,-138.2446652511647,-1.7151932699875314,1.7151932699875314,0.028907262682322146,-1,-0.15881944444444418,-2287,0.4112066245125134,276.54545454545456,13.62726969494781,5.878674242424243,0.24816440218006036
RHF_MPM_P28,491,0.02455,24.55,0,255,5.367083333333333,30.039538294346332,77286,303.08235294117645,17,234,255,0.9583290131157478,110,110,247,0.017152777777777777,21,19,0.6190476190476191,69.81781376518218,60.149797570850204,0.08583333333333333,0.007638888888888889,0.02277777777777778,0.015833333333333335,0.011875,1,73.00894081722434,62.754237507439896,12.683007702746934,4.298853978789642,0.9408058509448126,-138.4614418087785,-1.7886478521228468,1.7886478521228468,0.028323370338741816,-6,-0.15104166666666696,-2175,0.3658358149372395,274.6363636363636,15.961731093591705,5.874476010101011,0.256260850766057
RHF_MPM_P28,492,0.0246,24.6,0,255,5.260416666666667,29.824206515359858,75750,297.05882352941177,16,229,255,0.9359267454495854,110,110,242,0.016805555555555556,20,19,0.6368421052631579,69.7603305785124,59.97107438016529,0.08347222222222223,0.007361111111111111,0.021875,0.015486111111111112,0.011944444444444445,1,72.74279867986799,62.529491749174916,12.484528838094187,4.133463923769948,0.9436002681701687,-138.49239904234588,-1.6059889560097087,1.6059889560097087,0.02796039603960396,-5,-0.10666666666666647,-1536,0.3483422069383918,271.1818181818182,18.35913536198449,5.8342866161616165,0.3092648067977516
RHF_MPM_P28,493,0.02465,24.65,0,255,5.103611111111111,29.38806377622439,73492,288.20392156862744,16,222,255,0.9143565145015434,108,108,240,0.016666666666666666,20,19,0.631578947368421,69.57916666666667,59.8625,0.08138888888888889,0.007083333333333333,0.021180555555555557,0.01513888888888889,0.011666666666666667,1,72.43664616556904,62.25179611386273,12.082511385287027,4.262180276996081,0.9357152847206406,-138.24647213158897,-1.6838457064423118,1.6838457064423118,0.027417950253088772,-2,-0.15680555555555564,-2258,0.41333307136376457,266.45454545454544,19.07098527446453,5.758023989898991,0.37053924039407643
RHF_MPM_P28,494,0.0247,24.7,0,255,4.938680555555556,29.009338600472162,71117,278.89019607843136,15,224,255,0.8758470762221517,110,110,230,0.01597222222222222,19,18,0.672514619883041,69.3,59.6,0.0775,0.006944444444444444,0.020555555555555556,0.014722222222222222,0.01138888888888889,1,72.09993391172294,61.91123078870031,11.55021056559698,4.295718196490218,0.9282660392093681,-138.35278058344878,-1.755616984588757,1.755616984588757,0.028080487084663302,-10,-0.16493055555555536,-2375,0.47891531881232263,260.45454545454544,19.21345946968917,5.650075757575758,0.41756296427884126
RHF_MPM_P28,495,0.02475,24.75,0,255,4.885347222222222,28.896654588502365,70349,275.878431372549,15,223,255,0.8680830545503003,107,107,231,0.016041666666666666,19,18,0.6754385964912281,69.27705627705627,59.5974025974026,0.07708333333333334,0.006944444444444444,0.020277777777777777,0.014583333333333334,0.011319444444444444,1,71.93338924504968,61.7884404895592,11.448378123863758,4.336296451295845,0.9254910406369461,-138.1533482884722,-1.8175728163455345,1.8175728163455345,0.0283870417489943,1,-0.05333333333333368,-768,0.20691685180398042,255.27272727272728,18.76694826303515,5.539021464646466,0.4429615456832702
RHF_MPM_P28,496,0.0248,24.8,0,255,4.802222222222222,28.783425893608282,69152,271.1843137254902,14,222,255,0.8353013173405219,110,110,227,0.01576388888888889,19,18,0.6637426900584795,69.18942731277534,59.47577092511013,0.07388888888888889,0.006875,0.02013888888888889,0.014444444444444444,0.011180555555555555,1,71.69727556686719,61.58595557612217,10.970660645312147,4.2211496823240555,0.923013678472622,-138.26147691259476,-1.8158358422515972,1.8158358422515972,0.02974606663581675,-4,-0.0831249999999999,-1197,0.3110463135844365,250.27272727272728,18.300973193650407,5.419002525252526,0.4474596165456609
RHF_MPM_P28,497,0.02485,24.85,0,255,4.732986111111111,28.647186127569057,68155,267.27450980392155,13,220,255,0.8126204204221362,109,109,224,0.015555555555555555,19,17,0.6934984520123839,69.11160714285714,59.34375,0.07111111111111111,0.006805555555555555,0.020277777777777777,0.014444444444444444,0.010902777777777779,1,71.45362776025236,61.32088621524466,10.446536549981339,4.248934805418496,0.9135477762533707,-138.4054257148442,-1.6804752779172998,1.6804752779172998,0.02847920181938229,-3,-0.0692361111111115,-997,0.36003613671995033,244.9090909090909,16.47838554235956,5.2958017676767675,0.43256730377544333
RHF_MPM_P28,498,0.0249,24.9,0,255,4.684444444444445,28.530541768081573,67456,264.53333333333336,13,221,255,0.8100740634531844,108,108,225,0.015625,19,18,0.6578947368421053,69.20444444444445,59.48888888888889,0.07111111111111111,0.006388888888888889,0.020069444444444445,0.014305555555555556,0.010694444444444444,1,71.29250177893738,61.28465962998102,10.375954703459739,4.16978954293525,0.9156965352898034,-138.50757125872204,-1.56189775797372,1.56189775797372,0.028744663187855787,1,-0.04854166666666604,-699,0.16514825864834184,240.0909090909091,13.594481135937917,5.169482323232323,0.38741177397443544
RHF_MPM_P28,499,0.02495,24.95,0,255,4.706458333333333,28.652583991693348,67773,265.77647058823527,12,219,255,0.7981197394445961,108,108,226,0.015694444444444445,19,18,0.6608187134502924,69.22123893805309,59.610619469026545,0.069375,0.006666666666666667,0.020069444444444445,0.014444444444444444,0.010972222222222222,1,71.28999749162647,61.33523674619686,10.168984043574328,4.117276182725626,0.9143673075544732,-138.3082792201352,-1.5448873443604156,1.5448873443604156,0.026633024950939166,1,0.02201388888888811,317,0.05063907719978999,236.27272727272728,10.83840737286458,5.061483585858586,0.331866189732915
RHF_MPM_P28,500,0.025,25.0,0,255,4.588333333333333,28.288856806955707,66072,259.1058823529412,12,214,255,0.7650444632960162,109,109,222,0.015416666666666667,19,18,0.6491228070175439,69.10810810810811,59.56306306306306,0.06583333333333333,0.006597222222222222,0.019930555555555556,0.014305555555555556,0.010833333333333334,1,71.08814626468096,61.12151894902531,9.532281058454704,4.165019352209743,0.8994914454521482,-138.22228271661874,-1.506438729736034,1.506438729736034,0.02579004722121322,-4,-0.11812500000000004,-1701,0.29397145209572373,233.36363636363637,9.947797629925452,4.962518939393939,0.2936961828506003
RHF_MPM_P28,501,0.02505,25.05,0,255,4.463472222222222,27.98196193084446,64274,252.05490196078432,11,210,255,0.7669735735407599,108,108,220,0.015277777777777777,19,18,0.6432748538011696,69.03636363636363,59.45,0.06638888888888889,0.006319444444444444,0.019166666666666665,0.013888888888888888,0.010555555555555556,1,70.8657777639481,60.88746616050036,9.370229382035907,4.371473194410256,0.8845064966353727,-138.32622182064168,-1.441391235111491,1.441391235111491,0.027211625229486263,-2,-0.12486111111111065,-1798,0.3228443246124706,230.36363636363637,8.434482548904148,4.866641414141414,0.26766056507089736
RHF_MPM_P28,502,0.0251,25.1,0,255,4.471597222222222,28.174964733370274,64391,252.51372549019607,11,215,255,0.766693936245121,109,109,217,0.015069444444444444,19,18,0.6345029239766082,68.94930875576037,59.285714285714285,0.06708333333333333,0.006527777777777778,0.01875,0.014166666666666666,0.011041666666666667,1,70.70101411687969,60.61736888695625,9.001324265412272,4.4529617671409145,0.8690633916556549,-138.55639809898864,-1.6470362173693887,1.6470362173693887,0.027643614790886926,-3,0.008124999999999716,117,0.3163852028323163,227.63636363636363,7.401139068017316,4.7852335858585855,0.23755997875300272
RHF_MPM_P28,503,0.02515,25.15,0,255,4.6404861111111115,28.922837713999684,66823,262.0509803921569,11,226,255,0.7695101895266999,110,110,229,0.015902777777777776,20,18,0.6361111111111111,69.31877729257641,59.572052401746724,0.06770833333333333,0.007083333333333333,0.01965277777777778,0.015,0.011666666666666667,1,70.75888541370486,60.61441419870404,8.916605123665503,4.4507977615630026,0.8665107946537411,-138.84863939604588,-1.2475173517296938,1.2475173517296938,0.026203552668991215,12,0.16888888888888953,2432,0.0579466753049267,226.45454545454547,5.898592071821213,4.728876262626262,0.18610784337310535
RHF_MPM_P28,504,0.0252,25.2,0,255,4.674027777777778,29.008035149272878,67306,263.9450980392157,11,226,255,0.764994392693436,108,108,235,0.016319444444444445,20,18,0.6527777777777778,69.36595744680851,59.65531914893617,0.06666666666666667,0.006805555555555555,0.020416666666666666,0.015277777777777777,0.011527777777777777,1,70.69641636704009,60.58381125011143,8.573855553978776,4.308236915719386,0.86458571611703,-140.04807556711052,-1.1190023630241535,1.1190023630241535,0.02270228508602502,6,0.03354166666666636,483,0.06956236233601841,226.0,4.954336943068623,4.689823232323232,0.14359128920837022
RHF_MPM_P28,505,0.02525,25.25,0,255,4.700625,28.980252369279892,67689,265.4470588235294,11,224,255,0.7704453814309359,109,109,236,0.01638888888888889,20,18,0.6555555555555556,69.51694915254237,59.69915254237288,0.06694444444444445,0.006875,0.020555555555555556,0.015,0.01125,1,70.88490005761645,60.72265803897236,8.723807154774368,4.293836317463454,0.8704835399377973,-140.37474596050495,-1.0089788060136178,1.0089788060136178,0.021052165048973982,1,0.026597222222221717,383,0.23410367872008722,226.54545454545453,5.646618237552558,4.668181818181818,0.12054342623525703
RHF_MPM_P28,506,0.0253,25.3,0,255,4.678819444444445,28.84681228770077,67375,264.2156862745098,11,223,255,0.7727918805239754,107,107,233,0.016180555555555556,20,18,0.6472222222222223,69.36051502145922,59.62660944206009,0.06701388888888889,0.006666666666666667,0.020416666666666666,0.01513888888888889,0.01125,1,70.880133580705,60.70944712430427,8.710948815333929,4.3148631231115075,0.8687003864516553,-139.88577542552147,-1.1514853046834108,1.1514853046834108,0.022515769944341374,-3,-0.021805555555554967,-314,0.01404448534176135,226.72727272727272,5.8167611901986875,4.649406565656566,0.09950451286846593
RHF_MPM_P28,507,0.02535,25.35,0,255,4.652777777777778,28.74488105260474,67000,262.7450980392157,12,222,255,0.7547647657055319,108,108,232,0.01611111111111111,20,18,0.6444444444444445,69.28448275862068,59.56896551724138,0.06493055555555556,0.006875,0.020277777777777777,0.014861111111111111,0.011180555555555555,1,70.8483432835821,60.71497014925373,8.702316761332906,4.232437921837963,0.873759853657997,-140.22686579116652,-1.2892916291616507,1.2892916291616507,0.022970149253731344,-1,-0.026041666666666963,-375,0.03226649649024958,227.1818181818182,6.012383914104165,4.635820707070708,0.08714723068880552
RHF_MPM_P28,508,0.0254,25.4,0,255,4.732013888888889,28.938237441524134,68141,267.2196078431373,12,221,255,0.7853117404336787,107,107,236,0.01638888888888889,20,18,0.6555555555555556,69.30932203389831,59.66949152542373,0.06826388888888889,0.006875,0.020763888888888887,0.014791666666666667,0.01125,1,70.98073113103712,60.760056353737106,8.848855745693985,4.455324477610865,0.8640001247410352,-139.9309237407745,-1.2903014756255728,1.2903014756255728,0.02453735636400992,4,0.07923611111111128,1141,0.1398545958790441,228.27272727272728,6.411508248183802,4.6357323232323235,0.0870490794381098
RHF_MPM_P28,509,0.02545,25.45,0,255,4.7908333333333335,29.071688201085113,68988,270.54117647058825,12,221,255,0.7958677812271671,108,108,239,0.01659722222222222,20,18,0.6638888888888889,69.39330543933055,59.68619246861925,0.06930555555555555,0.006736111111111111,0.020833333333333332,0.01513888888888889,0.01138888888888889,1,71.11697686554183,60.87410854061576,9.163012676081935,4.289232625100209,0.8836739746855146,-140.51664798913563,-1.0429321370451599,1.0429321370451599,0.02422160375717516,3,0.058819444444444535,847,0.17768174217552976,229.54545454545453,6.998228819606448,4.64540404040404,0.09723797138934627
RHF_MPM_P28,510,0.0255,25.5,0,255,4.746180555555555,28.890674305054443,68345,268.01960784313724,12,221,255,0.7846637314390371,109,109,231,0.016041666666666666,20,18,0.6416666666666667,69.34632034632034,59.688311688311686,0.06791666666666667,0.006597222222222222,0.02125,0.014791666666666667,0.011180555555555555,1,71.11977467261687,60.92177920842783,9.04671559077779,4.269533383031405,0.8816291052049199,-139.7600532140451,-1.173817777374724,1.173817777374724,0.023074109298412467,-8,-0.04465277777777832,-643,0.047752699338130984,230.0,6.915069183904223,4.649015151515151,0.10013277178645973
RHF_MPM_P28,511,0.02555,25.55,0,255,4.735416666666667,28.69486251140805,68190,267.4117647058824,13,218,255,0.8123232085864214,108,108,232,0.01611111111111111,20,18,0.6444444444444445,69.39655172413794,59.62068965517241,0.070625,0.006458333333333333,0.020625,0.014583333333333334,0.011111111111111112,1,71.28122891919637,60.96499486728259,9.487269805991387,4.415423997984765,0.885097773603016,-139.78088856810786,-1.254968203006033,1.254968203006033,0.02554626778119959,1,-0.010763888888888573,-155,0.16713786796774618,230.9090909090909,6.444935227187673,4.662386363636363,0.10095388152975539
RHF_MPM_P28,512,0.0256,25.6,0,255,4.644236111111111,28.47769646485213,66877,262.2627450980392,12,216,255,0.7806048792852395,107,107,226,0.015694444444444445,19,18,0.6608187134502924,69.11504424778761,59.42035398230089,0.0675,0.006527777777777778,0.02013888888888889,0.014444444444444444,0.010902777777777779,1,71.11207141468667,60.90540843638321,9.450586599828902,4.1807157077045005,0.8968295227242209,-139.2335816123448,-1.3569535921989482,1.3569535921989482,0.025629140063100915,-6,-0.09118055555555582,-1313,0.1793454880371266,231.45454545454547,5.710654099832513,4.678819444444444,0.07971576584914575
RHF_MPM_P28,513,0.02565,25.65,0,255,4.710555555555556,28.77768183703441,67832,266.0078431372549,12,220,255,0.8052340466035354,107,107,234,0.01625,19,18,0.6842105263157895,69.24358974358974,59.44871794871795,0.07041666666666667,0.006736111111111111,0.02048611111111111,0.014513888888888889,0.011111111111111112,1,71.04354876754334,60.75570527184809,9.293706551028851,4.511363551237064,0.8742803417791682,-139.54651472828294,-1.1336563401258872,1.1336563401258872,0.02613810590871565,8,0.06631944444444482,955,0.16464018538424163,233.0,3.437758254761643,4.70054292929293,0.04550300709966014
RHF_MPM_P28,514,0.0257,25.7,0,255,4.699861111111111,28.80520400480593,67678,265.4039215686274,12,223,255,0.781205520004882,109,109,231,0.016041666666666666,19,18,0.6754385964912281,69.19047619047619,59.303030303030305,0.06798611111111111,0.006805555555555555,0.020555555555555556,0.014513888888888889,0.011111111111111112,1,70.99773929489642,60.66729217766483,8.956817773760296,4.423084726424139,0.869562311042637,-139.81790168082725,-1.4021751363532415,1.4021751363532415,0.0253701350512722,-3,-0.010694444444444784,-154,0.09957601622503447,233.1818181818182,3.2702010452008996,4.705940656565657,0.04139489825319925
RHF_MPM_P28,515,0.02575,25.75,0,255,4.689236111111111,28.81651765384311,67525,264.80392156862746,12,221,255,0.7831089611370582,108,108,235,0.016319444444444445,20,18,0.6527777777777778,69.33191489361703,59.52765957446808,0.06798611111111111,0.006597222222222222,0.020625,0.014583333333333334,0.01125,1,70.98178452425027,60.730781192151056,8.995453100148,4.292425674751996,0.8788070671481333,-139.61510959909694,-1.3798697750250482,1.3798697750250482,0.024879674194742688,4,-0.010625000000000107,-153,0.06546304046409566,233.1818181818182,3.2702010452009,4.707323232323232,0.04055131087294137
RHF_MPM_P28,516,0.0258,25.8,0,255,4.658541666666666,28.706948502369737,67083,263.0705882352941,12,219,255,0.7839831150417298,110,110,227,0.01576388888888889,19,18,0.6637426900584795,69.13656387665198,59.43171806167401,0.06819444444444445,0.006875,0.02048611111111111,0.014444444444444444,0.011111111111111112,1,70.89234232219788,60.63039816346914,8.853658391842657,4.461800094820889,0.8637328969252862,-139.21255319269196,-1.4040213291754826,1.4040213291754826,0.025058509607501157,-8,-0.030694444444444358,-442,0.13444946989607823,232.36363636363637,3.5744733184250004,4.703497474747474,0.04291881463773411
RHF_MPM_P28,517,0.02585,25.85,0,255,4.595833333333333,28.53508774542123,66180,259.52941176470586,11,217,255,0.7739184442768481,109,109,227,0.01576388888888889,19,18,0.6637426900584795,69.10132158590308,59.38766519823788,0.06708333333333333,0.006597222222222222,0.020069444444444445,0.014375,0.010902777777777779,1,70.64990933816863,60.40754004230885,8.771041235670944,4.4288139513429385,0.8631568203227951,-139.34590751491996,-1.1214528346713692,1.1214528346713692,0.02316409791477788,0,-0.06270833333333314,-903,0.32930152430928594,231.8181818181818,3.8804447218932805,4.695953282828284,0.05275911827003533
RHF_MPM_P28,518,0.0259,25.9,0,255,4.632986111111111,28.925046014077033,66715,261.62745098039215,11,227,255,0.743473827424604,109,109,227,0.01576388888888889,19,17,0.7027863777089783,68.84581497797357,59.136563876651984,0.06444444444444444,0.007222222222222222,0.02020833333333333,0.014791666666666667,0.01138888888888889,1,70.37125084313872,60.185610432436484,8.379046003552538,4.083225553256801,0.8732268701241764,-140.09945052921935,-1.4540789442469453,1.4540789442469453,0.024612156186764596,0,0.037152777777778034,535,0.3562349064738484,231.36363636363637,4.118091510147681,4.69415404040404,0.05450929915522152
RHF_MPM_P28,519,0.02595,25.95,0,11,0.018819444444444444,0.33353118404884524,271,24.636363636363637,0,0,7,0.056829360876033984,2,8,7,0.0004861111111111111,32,107,0.0020443925233644858,97.42857142857143,62.142857142857146,0.004652777777777777,0.0,0.0,0.0,0.0,0,85.00369003690037,59.16605166051661,34.014493829205044,25.35718089166537,0.6665261536863442,111.83996355552307,-0.23209012337772086,0.23209012337772086,0.0,-220,-4.614166666666667,-66444,14.66791658172798,210.54545454545453,64.48165861328833,4.265681818181818,1.3440282471095195
RHF_MPM_P28,520,0.026,26.0,0,255,3.3238194444444447,22.61428848637908,47863,187.69803921568626,5,100,255,0.6965491234996876,105,105,142,0.00986111111111111,14,14,0.7244897959183674,64.30281690140845,54.90845070422535,0.058541666666666665,0.003263888888888889,0.014375,0.008888888888888889,0.006388888888888889,1,63.045087019200636,52.72492321835238,7.821231129809318,5.31533293171571,0.7335800056698024,57.33282205102051,-0.7971816026990869,0.7971816026990869,0.012514886237803731,135,3.305,47592,22.88380174047548,201.72727272727272,66.58568083726398,4.132316919191919,1.3580133778092904
RHF_MPM_P28,521,0.02605,26.05,0,255,6.078402777777778,27.998395890637756,87529,343.25098039215686,29,183,255,1.3534027932275585,98,98,251,0.017430555555555557,28,29,0.3091133004926108,59.745019920318725,50.19521912350598,0.1267361111111111,0.005694444444444445,0.02388888888888889,0.013125,0.009027777777777777,1,53.61660706737196,42.536507900238774,19.720128900476386,5.147336480527336,0.9653335515537891,49.649390351507485,-0.8715172690769369,0.8715172690769369,0.02292954335134641,109,2.754583333333333,39666,13.881644027146326,203.54545454545453,67.62512125529527,4.25342803030303,1.4627271655356961
RHF_MPM_P28,522,0.0261,26.1,0,255,6.256597222222222,30.339146504859453,90095,353.3137254901961,32,230,255,1.1178176264906865,113,113,223,0.015486111111111112,18,18,0.6882716049382716,61.71748878923767,52.52914798206278,0.09930555555555555,0.0077777777777777776,0.031041666666666665,0.014097222222222223,0.011527777777777777,1,53.82233198290693,43.79099839058771,19.75353614360151,4.235219030364619,0.9767452679240434,47.6453330280509,-1.01007113429883,1.01007113429883,0.0034186136855541374,-28,0.17819444444444432,2566,1.2712470771835755,202.72727272727272,67.32970560011641,4.391717171717172,1.569750686101107
RHF_MPM_P28,523,0.02615,26.15,0,255,5.6433333333333335,30.35383940569407,81264,318.6823529411765,22,241,255,0.9526656485522378,111,111,242,0.016805555555555556,19,19,0.6703601108033241,61.59090909090909,52.264462809917354,0.08333333333333333,0.00798611111111111,0.02340277777777778,0.01576388888888889,0.012083333333333333,1,56.64690391809411,47.119708604055916,18.22806480885643,4.360042703875983,0.9709718108144423,45.54492631639073,-1.866184357084477,1.866184357084477,0.03542774168143335,19,-0.6132638888888886,-8831,4.365606292635033,204.1818181818182,67.98638658092206,4.4825441919191915,1.6101191813409745
RHF_MPM_P28,524,0.0262,26.2,0,255,5.968958333333333,33.03146135418034,85953,337.0705882352941,15,253,255,0.850324541201027,109,109,307,0.021319444444444443,23,22,0.6067193675889329,59.98371335504886,51.14983713355049,0.07368055555555555,0.00951388888888889,0.026458333333333334,0.019583333333333335,0.014722222222222222,1,59.61051970262818,50.39558828662176,8.9098797764834,4.782783422209927,0.8437123827676114,-136.7198713433625,0.7783106427406584,0.7783106427406584,0.01115726036322176,65,0.3256249999999996,4689,4.417511314415299,210.8181818181818,73.88051555391581,4.596944444444445,1.6659913178218546
RHF_MPM_P28,525,0.02625,26.25,0,255,6.621458333333333,34.82048164970881,95349,373.91764705882355,17,254,255,0.8966908721236259,108,108,349,0.02423611111111111,25,24,0.5816666666666667,58.97134670487106,50.20916905444126,0.07756944444444444,0.01,0.030555555555555555,0.022708333333333334,0.01638888888888889,1,58.8362017430702,49.814942998877804,9.391238972854493,4.786134156766798,0.8603888084756448,-136.04378645073,0.6181517698842914,0.6181517698842914,0.0071421829279803666,42,0.6524999999999999,9396,0.9678415431636004,221.54545454545453,83.91701922555686,4.7716351010101015,1.7654043406863764
RHF_MPM_P28,526,0.0263,26.3,0,255,6.702569444444444,34.61914722388561,96517,378.4980392156863,19,254,255,0.9555811633678641,109,109,341,0.023680555555555555,25,24,0.5683333333333334,59.302052785923756,50.542521994134894,0.08347222222222223,0.00986111111111111,0.030833333333333334,0.021875,0.015833333333333335,1,58.88800936622564,49.71581172228726,9.655647146675822,5.04578506938848,0.8525942555984278,45.046650088592685,-0.5799480245059636,0.5799480245059636,0.007594517028088316,-8,0.08111111111111136,1168,0.11185275953451648,231.1818181818182,90.71916524168839,4.954665404040404,1.8497271096588108
RHF_MPM_P28,527,0.02635,26.35,0,255,7.075833333333334,35.50561496087625,101892,399.5764705882353,22,255,255,1.0134508437347138,110,110,352,0.024444444444444446,26,24,0.5641025641025641,58.83238636363637,50.33806818181818,0.08951388888888889,0.010486111111111111,0.031875,0.022708333333333334,0.016875,1,58.218201625250266,49.24632944686531,10.166380786095539,5.247737357470637,0.8564768708515298,-136.04422225375671,0.5561813374138281,0.5561813374138281,0.008685667177010952,11,0.3732638888888893,5375,0.8179584444248411,242.54545454545453,97.08886616849688,5.174419191919192,1.942745229601681
RHF_MPM_P28,528,0.0264,26.4,0,255,6.640347222222222,33.53020441650736,95621,374.9843137254902,24,250,255,1.01185052662104,105,105,336,0.023333333333333334,27,25,0.49777777777777776,58.833333333333336,50.101190476190474,0.08777777777777777,0.00875,0.03125,0.02048611111111111,0.014305555555555556,1,57.82449461938277,48.77802993066376,11.159781721796087,4.802885478306009,0.9026504250120962,-136.8740519581062,0.7131031494943421,0.7131031494943421,0.00843956871398542,-16,-0.43548611111111146,-6271,0.6118085021832838,252.45454545454547,100.49908514858471,5.360284090909091,1.9760159487158124
RHF_MPM_P28,529,0.02645,26.45,0,255,5.953611111111111,31.173318154114657,85732,336.20392156862744,22,237,255,0.9887980490774808,106,106,275,0.019097222222222224,24,22,0.5208333333333334,60.35636363636364,51.625454545454545,0.08597222222222223,0.0077083333333333335,0.02701388888888889,0.017361111111111112,0.012361111111111111,1,57.96844818737461,48.98326179256287,12.131674350656814,4.717082392872029,0.9213121825483589,-137.2802963586106,1.021874875906179,1.021874875906179,0.01337890169364998,-61,-0.6867361111111112,-9889,0.2506845565170636,256.8181818181818,100.34107124459254,5.480340909090909,1.9682838369629148
RHF_MPM_P28,530,0.0265,26.5,0,255,5.304861111111111,29.232275802472525,76390,299.5686274509804,19,221,255,0.9689702444152251,106,106,243,0.016875,22,19,0.5813397129186603,61.2798353909465,52.47325102880659,0.08548611111111111,0.006597222222222222,0.022083333333333333,0.01513888888888889,0.011041666666666667,1,58.40772352402147,49.50987040188507,12.694140436764746,4.437107925304218,0.936921498472309,-137.90459817243385,1.3284187763474562,1.3284187763474562,0.02499018196098966,-32,-0.6487499999999997,-9342,0.685769238737396,278.27272727272725,62.8636199303206,5.960890151515151,0.9666214368383272
RHF_MPM_P28,531,0.02655,26.55,0,255,4.704444444444444,27.619402544471885,67744,265.66274509803924,16,197,255,0.8965596794264749,107,107,212,0.014722222222222222,20,17,0.6235294117647059,62.089622641509436,53.20283018867924,0.07972222222222222,0.005763888888888889,0.019375,0.013402777777777777,0.009930555555555555,1,58.94597307510628,50.04738427019367,13.053690991324233,4.371800343846923,0.9422504295798824,-137.6916089180294,1.7211545463210287,1.7211545463210287,0.033641355692017004,-31,-0.6004166666666668,-8646,0.7606797866823303,284.6363636363636,51.20950325028056,6.086401515151514,0.6556854011445421
RHF_MPM_P28,532,0.0266,26.6,0,255,4.06,25.509099901364184,58464,229.27058823529413,13,156,255,0.8277760162390905,104,104,188,0.013055555555555556,18,16,0.6527777777777778,62.67553191489362,53.6968085106383,0.07347222222222222,0.0045138888888888885,0.017361111111111112,0.01173611111111111,0.008333333333333333,1,59.49757115489874,50.5308394909688,13.223053601093701,4.298209991704608,0.9456953651714164,-137.4391489481963,2.0827726229343284,2.0827726229343284,0.03892993979200876,-24,-0.6444444444444448,-9280,0.7334776016522018,278.90909090909093,57.75568377453826,5.902910353535353,0.877239308519005
RHF_MPM_P28,533,0.02665,26.65,0,255,3.7484027777777778,25.04865191435776,53977,211.67450980392158,10,153,255,0.756545154109045,107,107,174,0.012083333333333333,16,15,0.725,63.264367816091955,54.08045977011494,0.06659722222222222,0.004652777777777777,0.01576388888888889,0.011319444444444444,0.008194444444444445,1,60.51101395038628,51.47349797135817,12.742406120953811,3.880744410200998,0.9524952306003253,-137.25135468657578,2.6592917567441043,2.6592917567441043,0.03847935231672749,-14,-0.31159722222222186,-4487,1.384077783354528,274.45454545454544,63.499983731370335,5.674892676767676,1.0621561549008511
RHF_MPM_P28,534,0.0267,26.7,0,255,3.658611111111111,25.169397937086856,52684,206.60392156862744,5,159,255,0.6926009436010232,105,105,181,0.012569444444444444,16,17,0.6654411764705882,63.149171270718234,53.98342541436464,0.05986111111111111,0.004791666666666666,0.016180555555555556,0.01138888888888889,0.008194444444444445,1,61.38780274846253,52.24449548249943,11.391376922554755,4.123070862654259,0.9321988056389313,-136.61932505918531,3.0660565635419266,3.0660565635419266,0.030673449244552425,7,-0.08979166666666671,-1293,1.1675597452027977,268.90909090909093,68.55449663052353,5.494463383838384,1.2104178844125484
RHF_MPM_P28,535,0.02675,26.75,0,255,3.6265972222222222,25.343628956778886,52223,204.79607843137254,2,163,255,0.6397848320830839,107,107,181,0.012569444444444444,16,17,0.6654411764705882,63.13812154696133,54.05524861878453,0.05423611111111111,0.004791666666666666,0.016180555555555556,0.011597222222222222,0.008333333333333333,1,61.880857093617756,52.689849300116805,10.06545575796489,3.992607807209521,0.9179637065381719,-136.56966469365602,3.1900837290574406,3.1900837290574406,0.02112096202822511,0,-0.032013888888888786,-461,0.6644114765285246,257.45454545454544,71.6879140775723,5.281521464646465,1.3101428677867437
RHF_MPM_P28,536,0.0268,26.8,0,255,3.651597222222222,25.752471649532836,52583,206.2078431372549,0,169,255,0.5924205433392777,106,106,190,0.013194444444444444,16,17,0.6985294117647058,63.22105263157895,54.15263157894737,0.04888888888888889,0.005,0.01625,0.011944444444444445,0.008958333333333334,1,62.44057965502159,53.25453093205028,8.013148479518518,4.022496724431929,0.8648751394832732,-136.27542351146133,2.546348517172916,2.546348517172916,0.012038111176616016,9,0.02499999999999991,360,0.7950815626006663,243.0,67.6904720030818,5.011534090909091,1.3122019972120225
RHF_MPM_P28,537,0.02685,26.85,0,255,3.7343055555555558,26.197425463328184,53774,210.87843137254902,0,180,255,0.5675738022350986,108,108,195,0.013541666666666667,16,18,0.6770833333333334,63.1025641025641,53.90769230769231,0.04666666666666667,0.005347222222222222,0.017013888888888887,0.012152777777777778,0.009166666666666667,1,62.820210510655706,53.34631978279466,6.6537902064398455,4.403376521241314,0.7496939493465574,46.50691554184754,-0.9054186025445736,0.9054186025445736,0.010730092609811432,5,0.0827083333333336,1191,0.39056981407997604,229.72727272727272,61.173510174808825,4.741691919191919,1.2399180430014827
RHF_MPM_P28,538,0.0269,26.9,0,255,3.779513888888889,26.32638747609466,54425,213.4313725490196,0,181,255,0.5753792707090962,108,108,197,0.013680555555555555,16,18,0.6840277777777778,63.17766497461929,53.944162436548226,0.04729166666666667,0.005208333333333333,0.016944444444444446,0.012222222222222223,0.009305555555555555,1,62.88088194763436,53.3912540192926,6.719687643902676,4.41323842382844,0.7540975421766013,46.10342460570194,-0.9160739840969274,0.9160739840969274,0.009389067524115755,2,0.04520833333333307,651,0.07549906538963043,215.63636363636363,47.76889959581486,4.442026515151515,1.018070448070937
RHF_MPM_P28,539,0.02695,26.95,0,255,3.7860416666666667,26.355235873403,54519,213.8,0,180,255,0.5757381136809351,108,108,197,0.013680555555555555,16,18,0.6840277777777778,63.23857868020305,54.045685279187815,0.04722222222222222,0.005208333333333333,0.017152777777777777,0.0125,0.009305555555555555,1,62.93598561969222,53.44665162603863,6.550533417512637,4.290614931442431,0.7556268203638457,48.36940116100903,-0.7459167923761348,0.7459167923761348,0.009831434912599277,0,0.00652777777777791,94,0.0781364800042062,203.0,28.926238482168273,4.182544191919193,0.7542728083226494
RHF_MPM_P28,540,0.027,27.0,0,255,3.841458333333333,26.649102352735962,55317,216.9294117647059,0,190,255,0.5826119793628857,110,110,196,0.01361111111111111,16,17,0.7205882352941176,63.15816326530612,54.26020408163265,0.04805555555555555,0.005763888888888889,0.017291666666666667,0.012847222222222222,0.009652777777777777,1,62.848979518050506,53.594012690492974,6.630877389521826,4.342857279038827,0.7556769037627028,46.59622217711034,-0.7346147295744666,0.7346147295744666,0.010882730444528806,-1,0.05541666666666645,798,0.17112961473691626,195.8181818181818,17.841821053704038,3.990530303030303,0.507426754679209
RHF_MPM_P28,541,0.02705,27.05,0,255,4.016666666666667,27.344664825966408,57840,226.8235294117647,0,200,255,0.5897375745461497,109,109,207,0.014375,17,17,0.7162629757785467,62.70531400966183,54.08695652173913,0.04875,0.005833333333333334,0.017986111111111112,0.01375,0.010069444444444445,1,62.59081950207469,53.565231673582296,6.583304358411952,4.409068999757707,0.7426002288674721,45.537954577976535,-0.3394698783774786,0.3394698783774786,0.011255186721991701,11,0.1752083333333334,2523,0.2597593901729972,192.54545454545453,10.798683727562999,3.8734217171717176,0.2945968017695034
RHF_MPM_P28,542,0.0271,27.1,0,255,4.0625,27.356724937491247,58500,229.41176470588235,0,199,255,0.600301720950134,107,107,213,0.014791666666666667,19,17,0.6594427244582043,62.44131455399061,53.95774647887324,0.049375,0.005625,0.018541666666666668,0.013819444444444445,0.01,1,62.263384615384616,53.47528205128205,6.884797449435319,4.244698103460262,0.7873298317074635,-137.96276789951543,0.5030166062078534,0.5030166062078534,0.008564102564102564,6,0.04583333333333339,660,0.3395652213841937,192.63636363636363,10.965008206046983,3.8150631313131314,0.15443412410149582
RHF_MPM_P28,543,0.02715,27.15,0,255,4.051458333333334,27.103698585985093,58341,228.78823529411764,1,193,255,0.6112833922763421,107,107,211,0.014652777777777778,19,17,0.653250773993808,62.51658767772512,53.97156398104266,0.050347222222222224,0.005694444444444445,0.018680555555555554,0.013333333333333334,0.009583333333333333,1,62.0917365146295,53.3669631991224,7.198404408908662,4.361909268553527,0.7954989107083037,-139.2655062765327,0.6451814042150583,0.6451814042150583,0.008827411254520835,-2,-0.011041666666666394,-159,0.20296808671813768,194.72727272727272,12.023393176265776,3.8142866161616165,0.15321727730710233
RHF_MPM_P28,544,0.0272,27.2,0,255,3.9940277777777777,26.84068414634159,57514,225.54509803921567,1,187,255,0.6090738796554748,107,107,205,0.01423611111111111,18,17,0.6699346405228758,62.678048780487806,54.073170731707314,0.050138888888888886,0.005416666666666667,0.01826388888888889,0.012986111111111111,0.009305555555555555,1,62.11049483603992,53.354087700385996,7.339478063593367,4.017687467326138,0.8368660056011438,-138.61340439828783,0.6313317311155803,0.6313317311155803,0.012188336752790624,-6,-0.05743055555555587,-827,0.0227519908985497,197.54545454545453,10.351667730051444,3.836616161616162,0.15974763766529984
RHF_MPM_P28,545,0.02725,27.25,0,255,4.041527777777778,27.018606200158228,58198,228.22745098039215,1,190,255,0.6264940110224957,106,106,204,0.014166666666666666,18,18,0.6296296296296297,62.794117647058826,54.06372549019608,0.051944444444444446,0.005694444444444445,0.018055555555555554,0.013194444444444444,0.009722222222222222,1,62.28648750816179,53.324495687137016,7.318881704873868,4.376824757043572,0.801482491663529,-137.58339896261234,0.7196080774647385,0.7196080774647385,0.014021100381456408,-1,0.047499999999999876,684,0.17846318356659585,199.63636363636363,9.038028015735687,3.871426767676768,0.15888411910210457
RHF_MPM_P28,546,0.0273,27.3,0,255,4.064097222222222,27.128303483252267,58523,229.50196078431372,1,195,255,0.6257554984592497,108,108,208,0.014444444444444444,18,17,0.6797385620915033,62.69711538461539,54.0,0.051944444444444446,0.005694444444444445,0.01840277777777778,0.013333333333333334,0.00986111111111111,1,62.2248859422791,53.323906840045794,7.27207216915508,4.2060896498751115,0.8157607930962708,-137.20437982306404,0.6503718732570937,0.6503718732570937,0.013071783743143722,4,0.022569444444444642,325,0.061604380202191715,202.0909090909091,7.102554539863495,3.9111994949494955,0.14692781959390927
RHF_MPM_P28,547,0.02735,27.35,0,255,4.096180555555556,27.302652737837683,58985,231.31372549019608,1,198,255,0.6191751162934471,107,107,209,0.014513888888888889,18,17,0.6830065359477124,62.65071770334928,54.038277511961724,0.051319444444444445,0.005833333333333334,0.01861111111111111,0.013333333333333334,0.01,1,62.25445452233619,53.39642281936086,7.21836780307113,4.101107757302464,0.8229257698456223,-137.76056215305752,0.7468057572952381,0.7468057572952381,0.01095193693311859,1,0.032083333333333464,462,0.07831263105409741,203.8181818181818,6.205835696682186,3.9516161616161614,0.1301473648200771
RHF_MPM_P28,548,0.0274,27.4,0,255,4.19375,27.596891730043115,60390,236.8235294117647,1,197,255,0.6350046866738641,108,108,215,0.014930555555555556,18,18,0.6635802469135802,62.586046511627906,53.74883720930232,0.052569444444444446,0.005833333333333334,0.019444444444444445,0.013680555555555555,0.009930555555555555,1,62.25078655406524,53.208113926146716,7.356263499080679,4.414464255680333,0.7999279955947892,-137.13186610442415,0.8362218590877036,0.8362218590877036,0.01137605563835072,6,0.09756944444444393,1405,0.18834461302296854,205.63636363636363,6.285231279070403,3.993383838383839,0.12739939753015642
RHF_MPM_P28,549,0.02745,27.45,0,255,4.232083333333334,27.592063544789877,60942,238.98823529411766,2,197,255,0.6405456962526068,107,107,215,0.014930555555555556,19,18,0.6286549707602339,62.716279069767445,53.72093023255814,0.05284722222222222,0.005763888888888889,0.01951388888888889,0.01361111111111111,0.009930555555555555,1,62.17834990646845,53.05403498408322,7.360663737253193,4.336348464951394,0.8080421672445187,45.101185657046,-0.5517100879771976,0.5517100879771976,0.011962193561090873,0,0.038333333333333997,552,0.1702568304135471,207.27272727272728,6.16575453011388,4.034526515151516,0.12473748675663626
RHF_MPM_P28,550,0.0275,27.5,0,255,4.185069444444444,27.35385128014497,60265,236.33333333333334,2,194,255,0.6461878046754074,108,108,211,0.014652777777777778,18,18,0.6512345679012346,62.60663507109005,53.85781990521327,0.05361111111111111,0.005694444444444445,0.019097222222222224,0.013402777777777777,0.009722222222222222,1,62.11977101136647,53.08520700240604,7.5985125387763635,4.246755078037015,0.8292398157143896,-135.07878408359903,0.7538125830549512,0.7538125830549512,0.012710528499128848,-4,-0.047013888888889355,-677,0.06635647427106621,208.54545454545453,5.29774628521217,4.070801767676768,0.10339573881498416
RHF_MPM_P28,551,0.02755,27.55,0,255,4.212986111111111,27.4961181245003,60667,237.90980392156862,3,201,255,0.6494504410609472,107,107,214,0.014861111111111111,19,17,0.6625386996904025,63.0,54.02803738317757,0.05402777777777778,0.0060416666666666665,0.01923611111111111,0.013333333333333334,0.010069444444444445,1,62.26478975390245,53.26549854121681,7.504564767902386,4.32593536619465,0.8171390971006213,-135.80867103086305,0.8002408589190472,0.8002408589190472,0.012807621936143208,3,0.027916666666667034,402,0.2313773425672291,210.1818181818182,3.712832337574934,4.10457702020202,0.08127786178674891
RHF_MPM_P28,552,0.0276,27.6,0,255,4.1466666666666665,27.248068535015264,59712,234.16470588235293,3,190,255,0.6565312794736264,107,107,211,0.014652777777777778,19,18,0.6169590643274854,62.92890995260664,53.843601895734594,0.05486111111111111,0.005625,0.018680555555555554,0.013333333333333334,0.00986111111111111,1,62.266328376205784,53.163585209003216,7.630734951787994,4.277428715152762,0.8281187862599695,-135.55275240624485,0.9403777867062283,0.9403777867062283,0.014335476956055734,-3,-0.06631944444444482,-955,0.10192494611953533,210.54545454545453,3.5767846496192734,4.116395202020202,0.0769733976639916
RHF_MPM_P28,553,0.02765,27.65,0,255,4.13375,27.27685526521931,59526,233.43529411764706,3,198,255,0.6515209472473829,108,108,207,0.014375,18,17,0.6764705882352942,63.21256038647343,54.067632850241544,0.05465277777777778,0.005833333333333334,0.01875,0.013333333333333334,0.00986111111111111,1,62.492944259651246,53.30238887208951,7.424508849627499,4.360267100073134,0.8093836899260619,-135.1819124391565,0.8247526697168224,0.8247526697168224,0.015237039276954608,-4,-0.012916666666666465,-186,0.2657465249367149,210.0,3.6181361349331636,4.122872474747475,0.07514164440189662
RHF_MPM_P28,554,0.0277,27.7,0,255,4.142083333333333,27.390133180759133,59646,233.90588235294118,2,200,255,0.6477861077326221,108,108,212,0.014722222222222222,19,17,0.6563467492260062,63.04245283018868,53.91981132075472,0.05430555555555556,0.005833333333333334,0.01888888888888889,0.013472222222222222,0.010069444444444445,1,62.56932568822721,53.32959460818831,7.353639077420452,4.516220869583578,0.7891910701470236,-136.04310969215953,0.9363125624892038,0.9363125624892038,0.013546591556852094,5,0.00833333333333286,120,0.08108190123561847,210.0909090909091,3.6545002258621415,4.131111111111111,0.07175170890005735
RHF_MPM_P28,555,0.02775,27.75,0,255,4.2091666666666665,27.691592674693002,60612,237.69411764705882,2,203,255,0.6360964785581551,109,109,214,0.014861111111111111,19,17,0.6625386996904025,62.77570093457944,53.925233644859816,0.05284722222222222,0.005902777777777778,0.019305555555555555,0.013819444444444445,0.010208333333333333,1,62.37164257902725,53.34785191051277,7.193595562577854,4.230232304177598,0.8088206932687534,-137.01480109051997,0.6034161066418988,0.6034161066418988,0.01189533425724279,2,0.0670833333333336,966,0.1985244084517797,210.9090909090909,3.4233037061386784,4.150669191919191,0.06009425228325861
RHF_MPM_P28,556,0.0278,27.8,0,255,4.151180555555555,27.351170348627164,59777,234.41960784313724,1,195,255,0.6289406137491302,106,106,212,0.014722222222222222,20,17,0.6235294117647059,62.721698113207545,54.04245283018868,0.051944444444444446,0.005694444444444445,0.019305555555555555,0.013402777777777777,0.00986111111111111,1,62.27470431771417,53.44364889505997,7.258449452897617,4.1718483952091585,0.8183237715026166,-137.6833712186648,0.6018575206046728,0.6018575206046728,0.011208324271877143,-2,-0.05798611111111107,-835,0.13628678862875976,211.63636363636363,2.6379305688267105,4.160637626262626,0.049285676905577926
RHF_MPM_P28,557,0.02785,27.85,0,255,4.148125,27.293832037984487,59733,234.24705882352941,2,194,255,0.6364020376767808,108,108,209,0.014513888888888889,19,17,0.6470588235294118,62.933014354066984,54.00956937799043,0.05263888888888889,0.005694444444444445,0.01888888888888889,0.013472222222222222,0.009722222222222222,1,62.28341117974988,53.28262434500193,7.406100317266431,4.2126632774391375,0.8224690163319217,-137.04597145861686,0.801052366120004,0.801052366120004,0.012371720824334957,-3,-0.003055555555555145,-44,0.16125977541812694,211.72727272727272,2.525898907172692,4.168276515151516,0.03921328018800195
RHF_MPM_P28,558,0.0279,27.9,0,255,4.154444444444445,27.22914660233328,59824,234.60392156862744,2,195,255,0.64763250829804,108,108,210,0.014583333333333334,19,18,0.6140350877192983,63.023809523809526,53.88095238095238,0.05368055555555556,0.005625,0.018958333333333334,0.013333333333333334,0.009722222222222222,1,62.35082909868949,53.18828563787109,7.481813717639572,4.302665999231313,0.8180948704433078,-135.19852586262067,0.7635742125429181,0.7635742125429181,0.013840599090665954,1,0.006319444444444322,91,0.11595243618512316,211.8181818181818,2.442732516826255,4.173573232323232,0.032472906501692926
RHF_MPM_P28,559,0.02795,27.95,0,255,4.056666666666667,26.918756059256857,58416,229.08235294117648,2,192,255,0.6391951500512697,108,108,204,0.014166666666666666,19,17,0.631578947368421,63.03431372549019,54.240196078431374,0.05305555555555556,0.005625,0.01826388888888889,0.013055555555555556,0.009444444444444445,1,62.36919679539852,53.40014721993974,7.322255278306533,4.294031696496635,0.8099958038881445,-135.67648398820702,0.715161737879358,0.715161737879358,0.015064365927143249,-6,-0.09777777777777796,-1408,0.21265630072731545,210.8181818181818,3.0989200998289657,4.1611111111111105,0.04587639544264927
RHF_MPM_P28,560,0.028,28.0,0,255,4.044930555555555,27.021591071270308,58247,228.41960784313724,1,192,255,0.6302716239784105,109,109,204,0.014166666666666666,18,17,0.6666666666666666,63.11764705882353,54.088235294117645,0.0525,0.005625,0.01840277777777778,0.013055555555555556,0.009652777777777777,1,62.52275653681735,53.42793620272289,7.161357356743191,4.314783495549103,0.7981119576594324,-135.28621836173525,0.7757177739555755,0.7757177739555755,0.014146651329682215,0,-0.011736111111111391,-169,0.15605390654750836,209.8181818181818,3.3525616208337774,4.144097222222222,0.05083641218528369
RHF_MPM_P28,561,0.02805,28.05,0,255,4.061875,27.069634829781293,58491,229.3764705882353,1,195,255,0.6201654690857092,108,108,205,0.01423611111111111,18,18,0.6327160493827161,63.1609756097561,54.06341463414634,0.050972222222222224,0.005486111111111111,0.01861111111111111,0.013125,0.009652777777777777,1,62.534577969260226,53.385187464738166,7.159329200532048,4.1997739156558325,0.8098655342358743,45.41498523303413,-0.7884754664474347,0.7884754664474347,0.01102733753910858,1,0.01694444444444443,244,0.04435313815603246,209.27272727272728,3.5952218060518524,4.132897727272727,0.05404527068500044
RHF_MPM_P28,562,0.0281,28.1,0,255,3.9763888888888888,26.693166484324717,57260,224.54901960784315,1,189,255,0.61648214968198,105,105,203,0.014097222222222223,18,17,0.6633986928104575,63.16748768472906,54.12315270935961,0.050694444444444445,0.005416666666666667,0.018055555555555554,0.012708333333333334,0.009305555555555555,1,62.64654208871813,53.48447432762836,7.101280586504961,4.1896589308880605,0.8074131867173281,45.46196452254032,-0.6999725029098599,0.6999725029098599,0.012766329025497729,-2,-0.08548611111111093,-1231,0.1496457322764664,208.27272727272728,3.6702962251247904,4.1113888888888885,0.06404667330026231
RHF_MPM_P28,563,0.02815,28.15,0,255,3.930625,26.62316463989036,56601,221.96470588235294,1,188,255,0.6239702469948907,109,109,197,0.013680555555555555,17,17,0.6816608996539792,63.3502538071066,54.390862944162436,0.051805555555555556,0.005347222222222222,0.0175,0.012777777777777779,0.009375,1,62.786823554354164,53.64083673433331,7.024500007408094,4.247839224563189,0.7964399215797728,-136.0554524321484,0.8399935725287978,0.8399935725287978,0.01503507005176587,-6,-0.045763888888888715,-659,0.21006687466509016,207.0,4.767312946227961,4.091748737373738,0.0810778026025916
RHF_MPM_P28,564,0.0282,28.2,0,255,4.134930555555556,27.406237669363193,59543,233.50196078431372,2,200,255,0.64185803902796,109,109,210,0.014583333333333334,18,17,0.6862745098039216,63.23809523809524,54.08571428571429,0.05375,0.005902777777777778,0.01840277777777778,0.013402777777777777,0.010138888888888888,1,63.032447139042375,53.591219790739466,6.7731726903376686,4.495696711099375,0.7479540649628034,-136.82227708023976,0.6293907761599659,0.6293907761599659,0.013452462925952672,13,0.20430555555555596,2942,0.25058488870377177,207.27272727272728,4.84469548889972,4.091856060606061,0.0811340907397143
RHF_MPM_P28,565,0.02825,28.25,0,255,4.162569444444444,27.484205596794023,59941,235.06274509803922,2,204,255,0.639693734666694,107,107,209,0.014513888888888889,17,17,0.7231833910034602,63.47846889952153,54.186602870813395,0.05319444444444445,0.005833333333333334,0.018472222222222223,0.013402777777777777,0.010138888888888888,1,63.21412722510468,53.615989055904976,6.749937984949503,4.694223385322074,0.7185774989197584,-136.1388844170634,0.6535479123411515,0.6535479123411515,0.012061860829815986,-1,0.027638888888888324,398,0.18336076507379334,207.0,4.651490474714921,4.093718434343434,0.08248944748748867
RHF_MPM_P28,566,0.0283,28.3,0,255,4.1838194444444445,27.74400139110474,60247,236.2627450980392,1,206,255,0.6130205372858449,111,111,208,0.014444444444444444,17,17,0.7197231833910035,63.44230769230769,54.22596153846154,0.050625,0.006111111111111111,0.01861111111111111,0.013680555555555555,0.010555555555555556,1,63.17904625956479,53.80538450047305,6.389347435258395,4.260758149783264,0.7451889185786523,-135.6871063612848,0.4196080294942053,0.4196080294942053,0.013477849519478148,-1,0.021250000000000213,306,0.19261699968162405,206.45454545454547,4.120097888590785,4.091414141414141,0.07953334844546323
RHF_MPM_P28,567,0.02835,28.35,0,12,0.020694444444444446,0.3533405124620068,298,24.833333333333332,0,0,7,0.06174911473402816,3,8,9,0.000625,89,107,0.0009450803318282054,91.66666666666667,69.55555555555556,0.005069444444444444,0.0,0.0,0.0,0.0,0,81.48322147651007,65.07718120805369,36.18574183130658,26.905382510746136,0.6686964983229557,124.31541648787181,-0.1133378827149944,0.1133378827149944,0.0,-199,-4.163125,-59949,21.496423688364054,188.0,56.72741841473134,3.7159154040404037,1.1710824672552926
RHF_MPM_P28,568,0.0284,28.4,0,255,3.417847222222222,22.55588863317547,49217,193.0078431372549,11,100,255,0.8239783382418536,108,108,137,0.00951388888888889,14,12,0.8154761904761905,66.83211678832117,57.59124087591241,0.07298611111111111,0.0035416666666666665,0.013402777777777777,0.008611111111111111,0.006458333333333333,1,70.03114777414308,59.43267570148526,9.738297105292531,5.277661817908791,0.8404112809357245,-143.16141821465763,-1.0638649233258635,1.0638649233258635,0.023284637422028975,128,3.3971527777777775,48919,12.767553974748916,181.45454545454547,58.06479709046631,3.6495265151515155,1.165384555031518
RHF_MPM_P28,569,0.02845,28.45,0,255,4.624027777777778,25.767303364261753,66586,261.121568627451,19,146,255,1.012356582916255,105,105,187,0.012986111111111111,21,21,0.42403628117913833,69.03208556149733,60.02139037433155,0.09055555555555556,0.004930555555555555,0.01888888888888889,0.011041666666666667,0.008055555555555555,1,75.64096056228036,65.5179316973538,17.405698396119114,4.295250218264051,0.9690734038497029,-139.5229929762543,-1.327493568850234,1.327493568850234,0.025861292163517857,50,1.206180555555556,17369,8.276493221963188,179.36363636363637,57.40964874126162,3.692215909090909,1.191408530033437
RHF_MPM_P28,570,0.0285,28.5,0,255,5.23625,27.648355232248644,75402,295.6941176470588,23,184,255,1.0249919784305073,110,110,193,0.013402777777777777,16,17,0.7095588235294118,68.77720207253886,59.73575129533679,0.09034722222222222,0.005833333333333334,0.02340277777777778,0.012361111111111111,0.009652777777777777,1,76.47904564865654,66.49128670327048,18.126093044888517,4.1032360973329105,0.974040971142962,-138.37401139691923,-1.2146457120980112,1.2146457120980112,0.01098114108379088,6,0.612222222222222,8816,1.284447966851604,178.36363636363637,57.06658427943899,3.799450757575757,1.269886237530657
RHF_MPM_P28,571,0.02855,28.55,0,255,5.302986111111111,28.807615061430973,76363,299.4627450980392,22,215,255,0.9759678210536973,108,108,223,0.015486111111111112,19,19,0.6177285318559557,69.51121076233184,60.417040358744394,0.08611111111111111,0.006875,0.020902777777777777,0.014097222222222223,0.010763888888888889,1,75.66993177324096,65.45840262954572,18.501827969648392,4.168564396558205,0.9742881567118453,-139.14263562343044,-1.6646301572626643,1.6646301572626643,0.020860888126448672,30,0.06673611111111111,961,1.312065079614676,180.0909090909091,58.09467906389698,3.913819444444444,1.3414780750820814
RHF_MPM_P28,572,0.0286,28.6,0,255,5.154513888888889,30.01208692459176,74225,291.078431372549,14,229,255,0.7940787441689893,108,108,256,0.017777777777777778,21,21,0.5804988662131519,70.20703125,61.0546875,0.06770833333333333,0.007569444444444445,0.02298611111111111,0.016319444444444445,0.011875,1,71.57091276524082,62.06507241495453,9.524023982172695,4.286737189743497,0.8929795338758101,-137.94532547003038,-0.8772623064678933,0.8772623064678933,0.021098012798922195,33,-0.1484722222222219,-2138,5.321338813983182,184.72727272727272,61.81363619651179,4.013150252525253,1.3883956482984818
RHF_MPM_P28,573,0.02865,28.65,0,255,5.427986111111111,30.825933032645427,78163,306.52156862745096,15,238,255,0.8610005262769179,107,107,274,0.01902777777777778,21,21,0.6213151927437641,70.38321167883211,61.18613138686131,0.07486111111111111,0.00798611111111111,0.02409722222222222,0.017152777777777777,0.0125,1,71.68936709184652,62.12357509307473,9.433291787114362,4.480865407679356,0.8799828307716357,-137.83655267857597,-0.9422161965755018,0.9422161965755018,0.02295203612962655,18,0.2734722222222219,3938,0.1321135528204642,191.1818181818182,66.88364140507981,4.145113636363636,1.4464036487353702
RHF_MPM_P28,574,0.0287,28.7,0,255,5.951041666666667,32.33821965266207,85695,336.05882352941177,16,249,255,0.9178711826450909,108,108,300,0.020833333333333332,23,21,0.6211180124223602,71.03,61.72666666666667,0.08069444444444444,0.008611111111111111,0.026875,0.018958333333333334,0.013680555555555555,1,72.29887391329716,62.6215415135072,9.591070335615175,4.667115177938524,0.8736190572389928,-138.5945743260205,-0.7984200013764924,0.7984200013764924,0.01849582822801797,26,0.5230555555555556,7532,0.7870636068788801,200.54545454545453,73.88610846968048,4.328787878787879,1.533184174452237
RHF_MPM_P28,575,0.02875,28.75,0,255,6.377083333333333,33.22438490934282,91830,360.11764705882354,19,249,255,0.9717454681222922,105,105,333,0.023125,26,24,0.5336538461538461,71.93693693693693,62.570570570570574,0.08486111111111111,0.008611111111111111,0.029583333333333333,0.020763888888888887,0.01423611111111111,1,72.98784710878797,63.198900141565936,10.18160540931101,4.662167947915394,0.8890031584807858,-138.94398493448793,-0.6893729854866231,0.6893729854866231,0.014428835892409888,33,0.42604166666666643,6135,0.898903248130014,211.72727272727272,83.19210070574437,4.53261994949495,1.639237677716615
RHF_MPM_P28,576,0.0288,28.8,0,255,6.166597222222222,32.47361892245925,88799,348.2313725490196,21,249,255,0.9623849268167077,110,110,288,0.02,23,21,0.5962732919254659,70.63541666666667,61.49305555555556,0.08381944444444445,0.008680555555555556,0.02736111111111111,0.01875,0.014097222222222223,1,72.99944819198414,63.42777508755729,11.069191404643448,4.45957123028056,0.9152521973701095,-137.80681083175486,-0.8689249738164523,0.8689249738164523,0.014853770875798152,-45,-0.21048611111111093,-3031,0.22916877194301855,218.9090909090909,86.0089366873155,4.714804292929293,1.6982864002786577
RHF_MPM_P28,577,0.02885,28.85,0,255,6.0245138888888885,32.075155176940406,86753,340.2078431372549,22,249,255,0.9772125199254272,111,111,277,0.01923611111111111,21,20,0.6595238095238095,70.25992779783394,61.13718411552347,0.08652777777777777,0.00875,0.024583333333333332,0.018333333333333333,0.013888888888888888,1,73.08093091881548,63.461897571265546,11.797022081274527,4.462559916707833,0.9256918332075676,-138.19339718033112,-1.1730241483669075,1.1730241483669075,0.020909939713900382,-11,-0.14208333333333378,-2046,0.0883389985583412,225.1818181818182,87.48799209223274,4.882140151515151,1.7281446646688805
RHF_MPM_P28,578,0.0289,28.9,0,255,6.234652777777778,32.51323673634911,89779,352.07450980392156,23,251,255,1.0243528659112549,110,110,290,0.02013888888888889,23,21,0.6004140786749482,70.73103448275862,61.51034482758621,0.09125,0.008888888888888889,0.025972222222222223,0.018819444444444444,0.014166666666666666,1,73.5987814522327,63.879593223359585,12.457915275606638,4.389636647277513,0.9358655753679338,-138.11484281934403,-1.176947743693196,1.176947743693196,0.023312801434633934,13,0.21013888888888932,3026,0.6653110796753359,250.72727272727272,55.99040649820924,5.447045454545454,0.8277385307600558
RHF_MPM_P28,579,0.02895,28.95,0,255,6.341597222222222,32.50083618931114,91319,358.1137254901961,23,250,255,1.0817019663070528,110,110,291,0.02020833333333333,23,21,0.6024844720496895,70.75257731958763,61.56357388316151,0.09777777777777778,0.008680555555555556,0.02652777777777778,0.01902777777777778,0.013958333333333333,1,74.04295929653193,64.25591607442044,13.089692158335295,4.405345990360772,0.9416653218739589,-138.29705063525134,-1.2633772694447871,1.2633772694447871,0.02468270568008848,1,0.10694444444444429,1540,0.5821622158787743,264.72727272727275,43.70997578895548,5.712840909090908,0.5593925087348692
RHF_MPM_P28,580,0.029,29.0,0,255,6.057013888888889,31.652459742487746,87221,342.043137254902,22,247,255,1.062020618207691,108,108,281,0.01951388888888889,22,21,0.6082251082251082,70.50533807829181,61.22775800711744,0.09583333333333334,0.008333333333333333,0.025138888888888888,0.017847222222222223,0.013472222222222222,1,73.9210855183958,64.11418121782599,13.528685684590917,4.404248227285179,0.9455252183478746,-137.81269710515087,-1.4798501811788918,1.4798501811788918,0.02639272652228248,-10,-0.28458333333333297,-4098,0.18692775976570727,273.27272727272725,36.2267879515871,5.843112373737373,0.44603134548494644
RHF_MPM_P28,581,0.02905,29.05,0,255,5.826180555555555,31.01168902599756,83897,329.0078431372549,20,245,255,1.0621746059058041,109,109,266,0.018472222222222223,22,20,0.6045454545454545,70.19548872180451,60.778195488721806,0.09694444444444444,0.008125,0.024305555555555556,0.017222222222222222,0.012847222222222222,1,73.78180387856538,63.854476322156934,13.807090045839292,4.341690582612506,0.949272810694104,-138.28844343297246,-1.5674092760911051,1.5674092760911051,0.029607733292012824,-15,-0.2308333333333339,-3324,0.2946964676210474,279.90909090909093,26.21746310955403,5.896742424242424,0.40325384662834146
RHF_MPM_P28,582,0.0291,29.1,0,255,5.585694444444444,30.533663404620082,80434,315.42745098039217,18,240,255,1.0074376497016353,109,109,257,0.017847222222222223,21,19,0.6441102756892231,69.9727626459144,60.735408560311285,0.09111111111111111,0.00798611111111111,0.02326388888888889,0.01625,0.0125,1,73.40449312479797,63.54797722356218,13.541759908173912,4.211237758361728,0.950415942126881,-138.38186289911073,-1.6477752949171844,1.6477752949171844,0.028731630902354727,-9,-0.24048611111111118,-3463,0.4861122322549958,283.0,20.76272884499793,5.922443181818181,0.3724231197099686
RHF_MPM_P28,583,0.02915,29.15,0,255,5.323819444444444,29.923315219827796,76663,300.6392156862745,17,234,255,0.9647118707282887,110,110,246,0.017083333333333332,21,19,0.6165413533834586,69.73577235772358,60.4349593495935,0.08694444444444445,0.007638888888888889,0.0225,0.015833333333333335,0.011875,1,72.91370022044532,63.087330263621304,13.101944628089479,4.277991441950452,0.9451917566110195,-138.22017167143636,-1.701481686481847,1.701481686481847,0.02895790668249351,-11,-0.26187499999999986,-3771,0.6731071955236207,282.09090909090907,22.10082082167392,5.937834595959595,0.34267900552796454
RHF_MPM_P28,584,0.0292,29.2,0,255,5.134652777777778,29.48685666278552,73939,289.956862745098,16,232,255,0.9211847327650516,107,107,241,0.01673611111111111,20,18,0.6694444444444444,69.49377593360995,60.26970954356847,0.08243055555555556,0.007361111111111111,0.02125,0.015208333333333334,0.011597222222222222,1,72.48453454874965,62.734240387346325,12.599195108221496,4.167996845227476,0.943695790385558,-138.48342990999575,-1.7505223322587007,1.7505223322587007,0.029375566345230527,-5,-0.18916666666666604,-2724,0.5557478155511509,279.09090909090907,25.03980302512762,5.91116792929293,0.38952783101168137
RHF_MPM_P28,585,0.02925,29.25,0,255,5.013958333333333,29.133822214594456,72201,283.1411764705882,15,226,255,0.9085284044815565,110,110,232,0.01611111111111111,20,18,0.6444444444444445,69.25862068965517,60.19396551724138,0.0811111111111111,0.006944444444444444,0.02125,0.014930555555555556,0.01125,1,72.27811249151674,62.601903020733786,12.416348511940312,4.257949084200742,0.9393606467461134,-138.06481789700908,-1.8398963502694838,1.8398963502694838,0.02882231548039501,-9,-0.1206944444444451,-1738,0.24520041662731687,272.90909090909093,27.39759294488393,5.825978535353536,0.46638033887412433
RHF_MPM_P28,586,0.0293,29.3,0,255,4.898333333333333,28.934813182201278,70536,276.61176470588236,14,222,255,0.8836222915895436,110,110,229,0.015902777777777776,19,18,0.6695906432748538,69.16593886462883,60.06550218340611,0.07861111111111112,0.006875,0.020555555555555556,0.014861111111111111,0.011111111111111112,1,71.9236276511285,62.28333049790178,11.830622242105344,4.265658821878131,0.9327357059772616,-138.22942646881657,-1.811000056345453,1.811000056345453,0.028113303844845186,-3,-0.11562499999999964,-1665,0.476600413731067,263.45454545454544,22.544354811887995,5.691546717171717,0.5000577145517721
RHF_MPM_P28,587,0.02935,29.35,0,255,4.827152777777778,28.87689241425463,69511,272.59215686274507,14,223,255,0.8517299734423869,109,109,229,0.015902777777777776,19,18,0.6695906432748538,69.13973799126637,60.056768558951966,0.07548611111111111,0.006944444444444444,0.020625,0.014722222222222222,0.011111111111111112,1,71.64143804577692,62.007250650976104,11.285645139085547,4.270662439928598,0.9256358626082671,-138.07687779913084,-1.76936648683941,1.76936648683941,0.027664686164779677,0,-0.07118055555555536,-1025,0.39477975536618204,258.09090909090907,23.07873694926899,5.569779040404041,0.5316387836135477
RHF_MPM_P28,588,0.0294,29.4,0,255,4.794444444444444,28.943090179450476,69040,270.7450980392157,13,222,255,0.8281031261863738,109,109,229,0.015902777777777776,19,17,0.7089783281733746,69.09170305676857,60.02183406113537,0.073125,0.007222222222222222,0.020416666666666666,0.014861111111111111,0.01125,1,71.33018539976825,61.76316628041715,10.616605071054082,4.246814309677626,0.9165080565462979,-138.29857443519768,-1.52937329216881,1.52937329216881,0.028273464658169177,0,-0.03270833333333378,-471,0.3955444217765648,253.72727272727272,23.6223734820534,5.4579545454545455,0.5531599980237927
RHF_MPM_P28,589,0.02945,29.45,0,255,4.770972222222222,28.870528353116736,68702,269.41960784313727,13,222,255,0.8217502020175211,110,110,227,0.01576388888888889,19,18,0.6637426900584795,69.04405286343612,59.947136563876654,0.07236111111111111,0.007013888888888889,0.02048611111111111,0.014791666666666667,0.011180555555555555,1,71.22479694914267,61.67206194870601,10.331080205207915,4.282167356675211,0.9100521946239196,-138.2489133392621,-1.4846777539890716,1.4846777539890716,0.02851445372769352,-2,-0.023472222222221895,-338,0.13930802123996647,248.0,21.692059711918887,5.324892676767676,0.5256831326956032
RHF_MPM_P28,590,0.0295,29.5,0,255,4.734444444444445,28.833933658918507,68176,267.35686274509806,12,220,255,0.7892490984830693,109,109,232,0.01611111111111111,20,19,0.6105263157894737,69.19827586206897,60.14224137931034,0.06847222222222223,0.006944444444444444,0.020625,0.014791666666666667,0.011180555555555555,1,71.18087010091527,61.63405010560901,10.058586439587293,4.042505146096937,0.9156853421939497,-139.00694681335438,-1.337806553763865,1.337806553763865,0.02627024172729406,5,-0.036527777777777715,-526,0.05809017310030743,242.63636363636363,17.232489015982292,5.178787878787879,0.4389966417756308
RHF_MPM_P28,591,0.02955,29.55,0,255,4.606458333333333,28.470321778631508,66333,260.1294117647059,11,217,255,0.7765018201816528,110,110,222,0.015416666666666667,19,18,0.6491228070175439,68.98198198198199,59.78378378378378,0.06736111111111111,0.006666666666666667,0.020069444444444445,0.014305555555555556,0.010902777777777779,1,70.97391946693199,61.400404022130765,9.639000662624994,4.274943482527823,0.8962719752362167,-138.66327336795212,-1.3511172374259248,1.3511172374259248,0.025643344941431865,-10,-0.12798611111111136,-1843,0.31212026084637207,237.27272727272728,13.157029984632889,5.046919191919192,0.36741058205107097
RHF_MPM_P28,592,0.0296,29.6,0,255,4.494722222222222,28.12975095538047,64724,253.81960784313725,11,213,255,0.7516998666839754,107,107,224,0.015555555555555555,19,19,0.6204986149584487,69.11160714285714,59.88392857142857,0.06465277777777778,0.0060416666666666665,0.019791666666666666,0.013888888888888888,0.010486111111111111,1,70.85541684691923,61.355849453062234,9.473668294319424,4.087289114140073,0.9021431645467134,-138.63396924377892,-1.3462641233075132,1.3462641233075132,0.024813052345343305,2,-0.11173611111111104,-1609,0.12660166102690604,233.45454545454547,9.976004268093753,4.925877525252525,0.30472150900548767
RHF_MPM_P28,593,0.02965,29.65,0,255,4.457152777777778,28.073615483898227,64183,251.69803921568626,9,213,255,0.7376172065131038,108,108,220,0.015277777777777777,19,18,0.6432748538011696,69.00909090909092,59.78181818181818,0.06305555555555556,0.0060416666666666665,0.01951388888888889,0.013888888888888888,0.010486111111111111,1,70.85156505616752,61.291338828038576,9.341984486714413,4.002531159669759,0.9035676280999143,-138.72034368681062,-1.3152570078909624,1.3152570078909624,0.023308352679058317,-4,-0.03756944444444432,-541,0.06462551379244866,230.0909090909091,7.366441665411962,4.823282828282829,0.25044856308965535
RHF_MPM_P28,594,0.0297,29.7,0,255,4.265694444444445,27.467222199397593,61426,240.8862745098039,8,203,255,0.7217498642579336,110,110,207,0.014375,19,17,0.6408668730650154,68.97101449275362,59.76328502415459,0.06173611111111111,0.005833333333333334,0.01840277777777778,0.013402777777777777,0.010277777777777778,1,70.7125647120112,61.052730114283854,9.156431159315273,4.05480715026243,0.896602101852042,-138.96275229628787,-1.4492431050002035,1.4492431050002035,0.025868524728942143,-13,-0.19145833333333329,-2757,0.2761434662548745,226.54545454545453,8.194938974354137,4.727089646464647,0.242815455823033
RHF_MPM_P28,595,0.02975,29.75,0,255,4.216111111111111,27.568771914551128,60712,238.08627450980393,7,209,255,0.7152063591459257,110,110,209,0.014513888888888889,19,17,0.6470588235294118,68.86124401913875,59.44497607655502,0.06166666666666667,0.0060416666666666665,0.018194444444444444,0.013402777777777777,0.010486111111111111,1,70.38295559362234,60.604180392673605,8.754530445305544,4.279714202746754,0.8723638884890268,-139.5391771283704,-1.30750262465345,1.30750262465345,0.026040980366319674,2,-0.049583333333333535,-714,0.5566318565099492,223.63636363636363,8.227147161271832,4.643585858585858,0.24621543606937138
RHF_MPM_P28,596,0.0298,29.8,0,255,4.450486111111111,28.458393968453247,64087,251.32156862745097,8,220,255,0.7228582262242913,109,109,228,0.015833333333333335,19,18,0.6666666666666666,69.11842105263158,59.66228070175438,0.0625,0.006736111111111111,0.01972222222222222,0.01423611111111111,0.010902777777777779,1,70.45647323170066,60.63068953141823,8.544865554042705,4.361206667761667,0.8599435536535804,-139.39147441763265,-1.3262677665001952,1.3262677665001952,0.023936211712203722,19,0.234375,3375,0.07815099196808475,223.27272727272728,7.932567039408538,4.592361111111111,0.22117259214530596
RHF_MPM_P28,597,0.02985,29.85,0,255,4.43625,28.38708073409745,63882,250.51764705882354,7,221,255,0.719350585375919,109,109,226,0.015694444444444445,20,18,0.6277777777777778,69.22123893805309,59.88053097345133,0.061875,0.006527777777777778,0.01951388888888889,0.01423611111111111,0.010763888888888889,1,70.4482170251401,60.694608809993426,8.484105145306367,4.206872613972422,0.8684062290329952,-140.78308563605572,-0.8224767372670568,0.8224767372670568,0.020381328073635765,-2,-0.014236111111110894,-205,0.06445028409824503,223.0,7.781095973283876,4.550353535353536,0.20213207839709882
RHF_MPM_P28,598,0.0299,29.9,0,255,4.520833333333333,28.533011765613995,65100,255.2941176470588,7,219,255,0.7199326560865765,106,106,234,0.01625,20,19,0.6157894736842106,69.33760683760684,59.97435897435897,0.06125,0.006736111111111111,0.02013888888888889,0.014375,0.010972222222222222,1,70.60870967741936,60.87058371735791,8.483461006372744,4.331017743007379,0.859862993314758,-139.85289756533018,-0.9495994368016267,0.9495994368016267,0.01728110599078341,8,0.08458333333333279,1218,0.23817023209790528,223.45454545454547,8.250219130573402,4.522506313131314,0.18219735163445128
RHF_MPM_P28,599,0.02995,29.95,0,255,4.433888888888889,28.089377517506286,63848,250.3843137254902,7,210,255,0.7140206992677034,107,107,225,0.015625,20,19,0.5921052631578947,69.19111111111111,59.782222222222224,0.06034722222222222,0.00625,0.01965277777777778,0.014027777777777778,0.010625,1,70.6903426888861,60.94688948753289,8.584380565517181,4.15988912069561,0.8747424319307606,-139.19978262232425,-1.1368877639848665,1.1368877639848665,0.01956208495176043,-9,-0.08694444444444382,-1252,0.11174309429726635,223.0909090909091,8.084266936514803,4.489728535353535,0.16159408042415968
RHF_MPM_P28,600,0.03,30.0,0,255,4.446041666666667,28.043708536822727,64023,251.0705882352941,9,211,255,0.7314830685367412,108,108,223,0.015486111111111112,19,19,0.6177285318559557,69.152466367713,59.780269058295964,0.0625,0.006111111111111111,0.019583333333333335,0.013958333333333333,0.010555555555555556,1,70.81022445058807,61.09062368211424,9.059786888632983,4.258033442519582,0.8826703171553363,-138.2637856726305,-1.1507205226505623,1.1507205226505623,0.022398200646642615,-2,0.012152777777777679,175,0.18716611734156063,222.72727272727272,7.989662742807211,4.460189393939394,0.1349920794212717
RHF_MPM_P28,601,0.03005,30.05,0,255,4.487708333333333,28.185129334129325,64623,253.42352941176472,9,214,255,0.7341783995365896,108,108,227,0.01576388888888889,20,19,0.5973684210526315,69.21585903083701,59.77533039647577,0.06284722222222222,0.0061805555555555555,0.01972222222222222,0.014166666666666666,0.010694444444444444,1,70.8676786902496,61.1292419107748,9.248954769728458,3.9969197697650523,0.9018025703257245,-139.10386899407928,-1.074276015514779,1.074276015514779,0.022948485833217274,4,0.041666666666666075,600,0.06922685345994592,222.27272727272728,7.5809679052325025,4.4377588383838384,0.10464594324815987
RHF_MPM_P28,602,0.0301,30.1,0,255,4.459791666666667,28.084812917718782,64221,251.8470588235294,10,212,255,0.7527340981319142,107,107,221,0.015347222222222222,20,18,0.6138888888888889,69.27601809954751,59.80995475113122,0.0648611111111111,0.006111111111111111,0.019305555555555555,0.013819444444444445,0.010625,1,70.99898787001136,61.14095077934009,9.288897651107726,4.205950436879139,0.8916155255526368,-139.2170743639799,-1.240175209467741,1.240175209467741,0.025630245558306473,-6,-0.027916666666666146,-402,0.13183018733501312,222.1818181818182,7.589684168997018,4.424425505050505,0.09071878536125624
RHF_MPM_P28,603,0.03015,30.15,0,255,4.501805555555555,28.340391220266294,64826,254.21960784313725,10,215,255,0.7590762212648524,109,109,225,0.015625,20,18,0.625,69.23555555555555,59.77777777777778,0.06583333333333333,0.006319444444444444,0.01951388888888889,0.014375,0.010763888888888889,1,70.91403140715146,61.036204609261716,9.078363853196057,4.461477842618961,0.8709110171927987,-139.20824291902187,-1.4012120802916204,1.4012120802916204,0.02674852682565637,4,0.04201388888888857,605,0.13486793810151412,222.27272727272728,7.616858205692149,4.4250694444444445,0.09123912673713681
RHF_MPM_P28,604,0.0302,30.2,0,255,4.465486111111111,28.376678666200647,64303,252.16862745098038,9,217,255,0.7355190674214195,109,109,224,0.015555555555555555,19,19,0.6204986149584487,69.11607142857143,59.75892857142857,0.06347222222222222,0.006527777777777778,0.019166666666666665,0.014166666666666666,0.010902777777777779,1,70.6410431861655,60.921652177969925,8.801482804288527,4.167834190607089,0.8807735338677581,-138.84393860611615,-1.304578322992014,1.304578322992014,0.02408907827006516,-1,-0.03631944444444457,-523,0.2960486924678693,222.63636363636363,7.595126754256517,4.4258270202020205,0.09153648763826963
RHF_MPM_P28,605,0.03025,30.25,0,255,4.408125,28.121697891800707,63477,248.9294117647059,9,214,255,0.729443277511208,109,109,221,0.015347222222222222,19,18,0.6461988304093568,69.09502262443439,59.62443438914027,0.063125,0.006319444444444444,0.019166666666666665,0.014097222222222223,0.010694444444444444,1,70.58465270885517,60.816437449784964,8.749344157742927,4.212475533450726,0.8764670415942163,-139.6916508291435,-1.233502780678076,1.233502780678076,0.02396143485041826,-3,-0.05736111111111075,-826,0.11937346840199534,223.9090909090909,5.838034312000844,4.438775252525253,0.0768676016619596
RHF_MPM_P28,606,0.0303,30.3,0,255,4.482013888888889,28.41557346577218,64541,253.10196078431372,9,219,255,0.7468142754962296,110,110,223,0.015486111111111112,20,18,0.6194444444444445,69.22421524663677,59.64125560538117,0.06479166666666666,0.006527777777777778,0.019375,0.014305555555555556,0.010902777777777779,1,70.66751367347888,60.81021366263305,8.741800366823178,4.217618509232959,0.875914884042843,-140.33190291731856,-1.0181877370605223,1.0181877370605223,0.022621279496754,2,0.07388888888888889,1064,0.08309437396649222,225.1818181818182,3.5114923483323577,4.462948232323232,0.0314172902096915
RHF_MPM_P28,607,0.03035,30.35,0,255,4.504722222222222,28.466766294332988,64868,254.3843137254902,8,217,255,0.7258083688587427,108,108,230,0.01597222222222222,20,19,0.6052631578947368,69.45217391304348,59.947826086956525,0.06215277777777778,0.00625,0.019791666666666666,0.014375,0.010972222222222222,1,70.70694333107234,60.948942467780725,8.697181985915398,4.154421877306344,0.8785369040267136,-138.4785984458972,-0.8984564080502059,0.8984564080502059,0.021011901091447245,7,0.02270833333333311,327,0.14422336591425833,225.36363636363637,3.699452718068328,4.467878787878788,0.03327550965847574
RHF_MPM_P28,608,0.0304,30.4,0,255,4.485972222222222,28.39478772394887,64598,253.32549019607842,9,217,255,0.7337674871695844,110,110,222,0.015416666666666667,19,18,0.6491228070175439,69.16216216216216,59.7027027027027,0.06333333333333334,0.006527777777777778,0.019583333333333335,0.014305555555555556,0.010833333333333334,1,70.7367410755751,60.92060125700486,8.621263013222642,4.206238647373301,0.8729044301075215,-139.24415280277643,-1.28596889258315,1.28596889258315,0.023452738474875383,-8,-0.018749999999999822,-270,0.04112334866828814,225.0,3.8138503569823694,4.47239898989899,0.03202568944352677
RHF_MPM_P28,609,0.03045,30.45,0,255,4.4927777777777775,28.46726586128854,64696,253.70980392156864,9,218,255,0.741358900978891,110,110,225,0.015625,20,19,0.5921052631578947,69.33333333333333,59.733333333333334,0.0642361111111111,0.006527777777777778,0.019375,0.014305555555555556,0.011111111111111112,1,70.72206937059478,60.815305428465436,8.591035760648662,4.309214597256153,0.8651029735619161,-139.07300542821054,-1.1365429643353284,1.1365429643353284,0.023679980215160133,3,0.006805555555555287,98,0.10631307744032951,224.1818181818182,2.5519397904760366,4.469848484848485,0.029045334726343974
RHF_MPM_P28,610,0.0305,30.5,0,255,4.530277777777778,28.651098969237843,65236,255.82745098039214,9,218,255,0.7435263987770216,109,109,227,0.01576388888888889,20,19,0.5973684210526315,69.33480176211454,59.74008810572687,0.06472222222222222,0.006944444444444444,0.019444444444444445,0.014444444444444444,0.01125,1,70.71351707646085,60.77150653013673,8.529318001378895,4.326633166559668,0.8617895267640322,-139.77451525215625,-1.1117479841664224,1.1117479841664224,0.02297811024587651,2,0.03750000000000053,540,0.04462605998473738,224.36363636363637,2.67217062849074,4.47861111111111,0.0313251761312219
RHF_MPM_P28,611,0.03055,30.55,0,255,4.565347222222222,28.890065223696478,65741,257.8078431372549,8,226,255,0.7255536345110791,109,109,229,0.015902777777777776,19,18,0.6695906432748538,69.20087336244542,59.59825327510917,0.06256944444444444,0.007013888888888889,0.02020833333333333,0.015,0.011319444444444444,1,70.4601086080224,60.492295523341596,8.05049576520915,4.399665204190399,0.8374534885456426,-139.63506125713872,-1.0284150740330456,1.0284150740330456,0.02012442767831338,2,0.03506944444444393,505,0.3770605232477612,224.9090909090909,2.937362622073366,4.48945707070707,0.03809358605079553
RHF_MPM_P28,612,0.0306,30.6,0,255,4.400138888888889,28.262084927074195,63362,248.478431372549,7,216,255,0.7099719625492532,109,109,223,0.015486111111111112,19,18,0.652046783625731,69.23766816143498,59.587443946188344,0.060833333333333336,0.006388888888888889,0.019583333333333335,0.014305555555555556,0.010763888888888889,1,70.4146175941416,60.52091158738676,8.1286688142313,4.22972581332448,0.8539551128642097,-139.31988069482279,-0.8641304150127588,0.8641304150127588,0.01919131340551119,-6,-0.16520833333333318,-2379,0.0537430131769655,224.54545454545453,2.903403531394784,4.481496212121212,0.04596430021573271
RHF_MPM_P28,613,0.03065,30.65,0,255,4.460694444444444,28.58057293893436,64234,251.89803921568628,7,222,255,0.7275960901902765,108,108,227,0.01576388888888889,19,18,0.6637426900584795,69.09251101321586,59.436123348017624,0.063125,0.006875,0.019444444444444445,0.014513888888888889,0.011180555555555555,1,70.29789519569076,60.27300183703335,7.918032287960589,4.547181963825551,0.818657679052128,-140.06002612672933,-1.0244629546789568,1.0244629546789568,0.021390540835071768,4,0.06055555555555525,872,0.2740134351093222,225.0909090909091,2.7453943400984544,4.481578282828282,0.04592626302615305
RHF_MPM_P28,614,0.0307,30.7,0,255,4.492847222222222,28.56025460814757,64697,253.71372549019608,8,220,255,0.743920425227211,109,109,226,0.015694444444444445,19,18,0.6608187134502924,69.13716814159292,59.469026548672566,0.06493055555555556,0.006805555555555555,0.019791666666666666,0.014583333333333334,0.011180555555555555,1,70.44298808290957,60.356229809728426,8.132975370950033,4.473782902380301,0.8351123040304522,-140.7949263895936,-0.9848876272852232,0.9848876272852232,0.022319427485045673,-1,0.03215277777777814,463,0.16726876982994301,225.1818181818182,2.757409252382382,4.480763888888888,0.045638887736156444
RHF_MPM_P28,615,0.03075,30.75,0,255,4.35875,28.177284361574937,62766,246.14117647058825,7,218,255,0.7172791000384222,110,110,218,0.01513888888888889,18,18,0.6728395061728395,69.1788990825688,59.518348623853214,0.06208333333333333,0.006527777777777778,0.019375,0.013958333333333333,0.010694444444444444,1,70.34413535990824,60.35265908294299,8.03849561675801,4.405050755679333,0.8364819866227722,-140.59241239352662,-0.8727419300977134,0.8727419300977134,0.02098269763884906,-8,-0.13409722222222253,-1931,0.0989171923103041,224.63636363636363,3.4449627857266214,4.471060606060606,0.05762754764677084
RHF_MPM_P28,616,0.0308,30.8,0,255,4.3313194444444445,28.14730877570042,62371,244.5921568627451,6,219,255,0.7052762692491984,110,110,216,0.015,18,18,0.6666666666666666,69.10648148148148,59.56944444444444,0.06076388888888889,0.006527777777777778,0.018958333333333334,0.013958333333333333,0.010555555555555556,1,70.25986436003912,60.33132385243142,7.8844025166421785,4.41701536251903,0.8283425410471578,-138.268953939963,-0.9392946979986077,0.9392946979986077,0.01968863734748521,-2,-0.02743055555555518,-395,0.08692981927925025,224.1818181818182,4.152068089697904,4.464078282828283,0.06846412282109422
RHF_MPM_P28,617,0.03085,30.85,0,255,4.170138888888889,27.459256635617617,60050,235.49019607843138,5,198,255,0.6862141292047719,110,110,206,0.014305555555555556,17,17,0.71280276816609,68.75728155339806,59.101941747572816,0.058680555555555555,0.006111111111111111,0.018333333333333333,0.01326388888888889,0.00986111111111111,1,69.92301415487094,59.95278934221482,7.704034786848563,4.235490046437479,0.8353124161615237,-139.27408899446525,-1.0218225669043448,1.0218225669043448,0.019883430474604495,-10,-0.16118055555555522,-2321,0.5067113933461143,222.63636363636363,6.691551352573798,4.43572601010101,0.10820729833315275
RHF_MPM_P28,618,0.0309,30.9,0,255,4.146319444444444,27.62919237284603,59707,234.1450980392157,4,209,255,0.6559964982560051,111,111,207,0.014375,18,17,0.6764705882352942,68.34299516908213,58.85024154589372,0.05590277777777778,0.006388888888888889,0.017986111111111112,0.013541666666666667,0.010555555555555556,1,69.47768268377243,59.563133300952984,7.155324782402377,4.0874520511828125,0.8207787676694945,-140.98676551844898,-1.3284951478669529,1.3284951478669529,0.019545446932520475,1,-0.02381944444444528,-343,0.5917363852617243,220.54545454545453,7.596214803363776,4.4031439393939396,0.13352398213226988
RHF_MPM_P28,619,0.03095,30.95,0,11,0.02236111111111111,0.37719724082720213,322,29.272727272727273,0,0,7,0.0620921682517143,3,8,11,0.0007638888888888889,32,107,0.0032126168224299065,97.27272727272727,60.63636363636363,0.005069444444444444,0.0,0.0,0.0,0.0,0,86.75776397515529,59.515527950310556,30.769187666751836,25.749770006570603,0.5474036747256569,82.37863772966945,0.01579048630852335,0.01579048630852335,0.0,-196,-4.1239583333333325,-59385,17.280146865875,201.36363636363637,60.67390142433224,3.9973611111111107,1.2638058004934265
RHF_MPM_P28,620,0.031,31.0,0,255,3.606388888888889,23.04245630386292,51932,203.65490196078431,10,105,255,0.7804595537935478,105,105,145,0.010069444444444445,13,14,0.7967032967032966,64.50344827586207,54.96551724137931,0.06666666666666667,0.0033333333333333335,0.015625,0.009027777777777777,0.006458333333333333,1,63.27301086035585,52.7894554417315,7.800041937229545,5.850772545002114,0.661330079484838,73.22557834145073,-0.9904974777862535,0.9904974777862535,0.014441962566433028,134,3.584027777777778,51610,24.428951681432107,194.0909090909091,62.180754908506344,3.9167803030303023,1.2578933249671809
RHF_MPM_P28,621,0.03105,31.05,0,255,6.472013888888889,28.56367001201636,93197,365.47843137254904,37,175,255,1.363051484730532,96,96,266,0.018472222222222223,26,32,0.31971153846153844,59.766917293233085,49.30827067669173,0.12520833333333334,0.005625,0.025833333333333333,0.013680555555555555,0.009305555555555555,1,55.22176679506851,43.000579417792416,17.851628443484977,7.579025290592408,0.9054014354493827,62.37627402464538,-0.8464213374550623,0.8464213374550623,0.03418564975267444,121,2.865625,41265,12.67456606006194,197.63636363636363,65.00387782456832,4.093301767676767,1.4527507829648498
RHF_MPM_P28,622,0.0311,31.1,0,255,6.702222222222222,30.746670019433825,96512,378.47843137254904,36,229,255,1.2481507777332268,113,113,222,0.015416666666666667,18,19,0.6491228070175439,61.6981981981982,52.486486486486484,0.11229166666666666,0.007638888888888889,0.03215277777777778,0.014375,0.011319444444444444,1,54.04273043766578,43.53520805702918,18.619515058000403,9.107751402847288,0.8721992072956719,58.01405597449442,-0.9625370618963822,0.9625370618963822,0.03287674071618037,-44,0.23020833333333268,3315,1.2945866189520312,197.0,64.72740040845426,4.2875631313131315,1.6343989717386245
RHF_MPM_P28,623,0.03115,31.15,0,255,5.943125,29.930763182365055,85581,335.61176470588236,28,229,255,1.08658303966208,110,110,233,0.016180555555555556,19,19,0.6454293628808865,61.45922746781116,52.36480686695279,0.09625,0.007430555555555556,0.025694444444444443,0.014791666666666667,0.011458333333333333,1,55.443626505883316,47.01868405370351,16.707028331506386,10.500415088416277,0.7778072736703917,52.626586859111875,-1.3907693512827128,1.3907693512827128,0.040032250148981666,11,-0.7590972222222216,-10931,3.7546124717943337,197.9090909090909,65.15499638338572,4.427834595959596,1.7028221191770414
RHF_MPM_P28,624,0.0312,31.2,0,255,6.1906944444444445,31.66117315623125,89146,349.59215686274507,24,246,255,1.0713658147918221,104,104,287,0.019930555555555556,23,22,0.567193675889328,60.43205574912892,51.11149825783972,0.09527777777777778,0.008263888888888888,0.026458333333333334,0.017847222222222223,0.012916666666666667,1,56.49772283669486,48.45188791420815,14.821316100827667,10.528974003091456,0.7038042109536404,51.70212886620958,-1.6799000566908446,1.6799000566908446,0.04849348260157495,54,0.2475694444444443,3565,1.7790987550992696,203.36363636363637,69.71405587667999,4.585107323232323,1.7768754016459816
RHF_MPM_P28,625,0.03125,31.25,0,255,6.84125,34.14246612185394,98514,386.32941176470587,25,253,255,1.079467339019883,109,109,330,0.022916666666666665,24,23,0.5978260869565217,59.57575757575758,50.57272727272727,0.09625,0.009583333333333333,0.029722222222222223,0.021527777777777778,0.015555555555555555,1,56.7989422823152,48.71612156647786,14.413306632935136,9.764905905347783,0.7355297607098437,57.34042048396515,-1.8965402178813953,1.8965402178813953,0.0701017114318777,43,0.6505555555555551,9368,0.40069012642142154,212.8181818181818,78.62548532218266,4.798598484848485,1.8904172876869825
RHF_MPM_P28,626,0.0313,31.3,0,255,6.857986111111111,34.720111628562016,98755,387.27450980392155,22,254,255,1.0358091839359083,110,110,333,0.023125,25,23,0.5791304347826087,59.24324324324324,50.648648648648646,0.09215277777777778,0.01,0.03076388888888889,0.021736111111111112,0.01625,1,57.78828413751202,49.955354159283075,11.871018333154417,8.383743931956667,0.7079762032535596,63.829539416353995,-1.0550851034841624,1.0550851034841624,0.03302111285504532,3,0.016736111111111285,241,1.5857158400908478,223.27272727272728,85.92606854848154,5.025801767676769,1.9723135651959731
RHF_MPM_P28,627,0.03135,31.35,0,255,6.828333333333333,34.54979864067389,98328,385.6,22,255,255,1.0612573347880527,110,110,330,0.022916666666666665,25,22,0.6,59.54545454545455,51.06060606060606,0.09513888888888888,0.010208333333333333,0.03027777777777778,0.02125,0.015902777777777776,1,58.7181067447726,50.34737816288341,10.53673094263902,7.076840178224165,0.7408819461595733,58.43135470046037,0.22303885321569406,0.22303885321569406,0.015143194207143438,-3,-0.02965277777777775,-427,1.0090851799385863,233.63636363636363,91.14052359583147,5.25280303030303,2.0223797376616757
RHF_MPM_P28,628,0.0314,31.4,0,255,6.846319444444444,34.47638977229618,98587,386.6156862745098,24,253,255,1.0091143031512881,107,107,348,0.024166666666666666,28,25,0.49714285714285716,58.724137931034484,50.41954022988506,0.08819444444444445,0.009305555555555555,0.03090277777777778,0.021875,0.015833333333333335,1,57.9323237343666,49.22587156521651,10.633047359380638,5.082566891765887,0.8783613575336144,-138.4590181971358,0.6766247105148943,0.6766247105148943,0.010904074573726759,18,0.017986111111111036,259,1.3693911012026856,246.54545454545453,96.22640313945557,5.496092171717172,2.038409921432821
RHF_MPM_P28,629,0.03145,31.45,0,255,5.802777777777778,30.793958968450568,83560,327.6862745098039,20,232,255,0.9543544933948133,106,106,274,0.01902777777777778,24,20,0.5708333333333333,60.46715328467153,51.934306569343065,0.08263888888888889,0.007361111111111111,0.02666666666666667,0.016875,0.011944444444444445,1,58.17534705600766,49.57070368597415,11.522111980574799,4.623249243020116,0.9159685100368462,-138.7069878388662,1.0523312545476624,1.0523312545476624,0.01562948779320249,-74,-1.0435416666666661,-15027,0.4218643459308563,252.63636363636363,95.64923867707537,5.646679292929293,1.9938312466114163
RHF_MPM_P28,630,0.0315,31.5,0,255,5.3566666666666665,29.732074618349646,77136,302.49411764705883,18,223,255,0.9478671758857281,108,108,248,0.017222222222222222,22,19,0.5933014354066986,61.29032258064516,52.649193548387096,0.08368055555555555,0.007152777777777778,0.022569444444444444,0.015625,0.01173611111111111,1,58.917613047085666,50.085627981746526,11.616540846733587,4.758379484584606,0.9122557797557727,-138.96793190969788,1.3507725495617757,1.3507725495617757,0.026757934038581208,-26,-0.44611111111111157,-6424,0.9033857602860981,274.1818181818182,58.12497222962102,6.131616161616162,0.9338748368508619
RHF_MPM_P28,631,0.03155,31.55,0,255,5.149305555555555,29.374572092693683,74150,290.7843137254902,16,222,255,0.9318128376412669,108,108,244,0.016944444444444446,21,19,0.6115288220551378,61.50819672131148,52.877049180327866,0.08298611111111111,0.006875,0.021319444444444443,0.015486111111111112,0.011458333333333333,1,59.21082939986514,50.55313553607552,11.714448753544849,4.5059727997753045,0.9230621404291334,-138.7557357919121,1.6350747343288112,1.6350747343288112,0.02977747808496291,-4,-0.2073611111111111,-2986,0.5518506527059441,283.1818181818182,43.16525998324912,6.271881313131313,0.6003853480560137
RHF_MPM_P28,632,0.0316,31.6,0,255,4.640694444444445,27.88108298482388,66826,262.0627450980392,14,202,255,0.8740044728157379,108,108,220,0.015277777777777777,20,18,0.6111111111111112,61.83181818181818,53.222727272727276,0.07777777777777778,0.005763888888888889,0.02,0.01375,0.010138888888888888,1,59.4757729027624,50.78571214796636,11.951334712239007,4.425199721227663,0.9289248770731241,-138.2758173306285,1.93628241032245,1.93628241032245,0.03196360697931943,-24,-0.5086111111111107,-7324,0.352543529406073,279.0,46.70993664969138,6.105397727272728,0.7556406765422302
RHF_MPM_P28,633,0.03165,31.65,0,255,4.254583333333334,26.83611100724275,61266,240.25882352941176,11,186,255,0.8156264861334409,106,106,206,0.014305555555555556,19,18,0.6023391812865497,62.262135922330096,53.53883495145631,0.07222222222222222,0.005486111111111111,0.018333333333333333,0.012916666666666667,0.00951388888888889,1,60.09040903600692,51.203865112786865,11.840737888617438,4.625575922520702,0.9205395849113512,-137.64660088342632,2.312615179219399,2.312615179219399,0.03331374661312963,-14,-0.38611111111111107,-5560,0.7433905287787513,277.54545454545456,48.67025157557491,5.882885101010101,0.8947119921684048
RHF_MPM_P28,634,0.0317,31.7,0,255,4.1340972222222225,26.76973838002517,59531,233.45490196078433,8,187,255,0.7521493684645201,108,108,202,0.014027777777777778,18,17,0.6601307189542484,62.584158415841586,53.722772277227726,0.06513888888888889,0.005416666666666667,0.01826388888888889,0.012569444444444444,0.00951388888888889,1,60.82894626329139,51.94668324066453,10.803480077772937,4.206209868952066,0.9210947803313453,-137.60694423317534,2.58724523794376,2.58724523794376,0.025499319682182393,-4,-0.12048611111111107,-1735,1.0474807908447366,274.72727272727275,51.95468464150608,5.718428030303031,1.0252595160886453
RHF_MPM_P28,635,0.03175,31.75,0,255,4.219027777777778,27.220722276916277,60754,238.25098039215686,8,197,255,0.7386802403195958,108,108,209,0.014513888888888889,18,17,0.6830065359477124,62.56459330143541,53.82775119617225,0.06402777777777778,0.005694444444444445,0.018819444444444444,0.013333333333333334,0.009791666666666667,1,61.09159890706785,52.224775323435495,10.218575581378118,4.341468090646104,0.9052588812227176,-137.51146995548305,2.621685542161377,2.621685542161377,0.020739375185172992,7,0.08493055555555529,1223,0.3825200880772883,267.6363636363636,55.0277165324608,5.539185606060606,1.0968751924878999
RHF_MPM_P28,636,0.0318,31.8,0,255,4.336180555555556,27.731963044485926,62441,244.86666666666667,7,203,255,0.7187733990569812,106,106,219,0.015208333333333334,19,18,0.6403508771929824,62.401826484018265,53.68949771689498,0.06111111111111111,0.005902777777777778,0.01951388888888889,0.013819444444444445,0.010416666666666666,1,61.328229848977436,52.551880975641005,9.12361574536834,4.2982127054130315,0.8820752826452752,-137.46314335412805,2.2031865069482865,2.2031865069482865,0.014445636681026889,10,0.1171527777777781,1687,0.40372306148374953,257.54545454545456,52.79869770495142,5.31145202020202,1.0624092724907184
RHF_MPM_P28,637,0.03185,31.85,0,255,4.4373611111111115,28.19509844582208,63898,250.58039215686276,5,212,255,0.695147667295131,108,108,224,0.015555555555555555,19,18,0.6549707602339181,62.357142857142854,53.535714285714285,0.058402777777777776,0.0061805555555555555,0.02020833333333333,0.01423611111111111,0.010625,1,61.57970515509093,52.72024163510595,8.030482674613612,4.205632059393081,0.8518975313676082,-137.39546332265385,1.2123436069485525,1.2123436069485525,0.012457353907790542,5,0.1011805555555556,1457,0.30263037065097276,247.63636363636363,47.68890232495059,5.091395202020201,0.9655634376088319
RHF_MPM_P28,638,0.0319,31.9,0,255,4.482708333333333,28.369926974770653,64551,253.14117647058825,5,214,255,0.6877885506646355,106,106,225,0.015625,19,19,0.6232686980609419,62.364444444444445,53.52,0.0575,0.0061805555555555555,0.020416666666666666,0.014444444444444444,0.010763888888888889,1,61.64627968582981,52.708432092454025,7.813373152906074,4.48013213257593,0.8192805772017189,-136.5209558017732,0.8844440869857734,0.8844440869857734,0.012315843286703538,1,0.04534722222222154,653,0.06761385539037197,238.0909090909091,40.162068367269015,4.878156565656566,0.8039000406087727
RHF_MPM_P28,639,0.03195,31.95,0,255,4.5223611111111115,28.542279555125447,65122,255.38039215686274,5,216,255,0.6945603883216377,106,106,230,0.01597222222222222,20,18,0.6388888888888888,62.15217391304348,53.47391304347826,0.058472222222222224,0.00625,0.020555555555555556,0.014583333333333334,0.010763888888888889,1,61.57263290439483,52.77589754614416,7.763915288509851,4.479851074520012,0.8167375986666054,-137.36675868070586,0.7568148712951138,0.7568148712951138,0.012944934123644851,5,0.039652777777778425,571,0.09987710376931894,227.36363636363637,20.141647162365423,4.666887626262626,0.5108596234829209
RHF_MPM_P28,640,0.032,32.0,0,255,4.470347222222222,28.288900623575806,64373,252.44313725490196,5,213,255,0.6970499450899126,109,109,223,0.015486111111111112,20,18,0.6194444444444445,62.403587443946186,53.55156950672646,0.058611111111111114,0.0061805555555555555,0.02020833333333333,0.014652777777777778,0.010625,1,61.60750625262144,52.70225094371864,7.819165144778791,4.562465635446395,0.8121147215955046,-137.3884843939224,0.7746235752190335,0.7746235752190335,0.013779068864275395,-7,-0.05201388888888925,-749,0.08148602619687012,222.72727272727272,13.718540268827367,4.545757575757576,0.3640351403590496
RHF_MPM_P28,641,0.03205,32.05,0,255,4.570416666666667,28.72114324449557,65814,258.09411764705885,6,220,255,0.704342590461136,109,109,231,0.016041666666666666,21,18,0.6111111111111112,62.1948051948052,53.484848484848484,0.059305555555555556,0.006388888888888889,0.02048611111111111,0.014861111111111111,0.010902777777777779,1,61.65876561217978,52.723539064636704,7.82269204433361,4.557926677847803,0.8127199641751959,-137.9018059923522,0.7865271784603703,0.7865271784603703,0.014525784787431245,8,0.10006944444444432,1441,0.055504108267343755,221.1818181818182,11.574408933019445,4.474280303030303,0.2601700368713785
RHF_MPM_P28,642,0.0321,32.1,0,255,4.595625,28.699334976295134,66177,259.5176470588235,6,217,255,0.7017741753220658,109,109,226,0.015694444444444445,19,18,0.6608187134502924,62.4070796460177,53.50442477876106,0.058819444444444445,0.006319444444444444,0.020694444444444446,0.01513888888888889,0.010833333333333334,1,61.59262281457304,52.623343457696784,7.923234378827488,4.615172323307187,0.8128408048687603,-136.93712649837,0.8609720760444277,0.8609720760444277,0.012889674660380495,-5,0.0252083333333335,363,0.12005844129133417,219.54545454545453,9.277182530406488,4.423945707070707,0.15833482526925846
RHF_MPM_P28,643,0.03215,32.15,0,255,4.5448611111111115,28.49158625771317,65446,256.65098039215684,5,213,255,0.698400801760915,109,109,225,0.015625,20,18,0.625,62.45777777777778,53.52444444444444,0.058472222222222224,0.00625,0.020763888888888887,0.014722222222222222,0.010694444444444444,1,61.59930324236775,52.555205818537424,7.91758950966269,4.5852201895361215,0.8152435892362164,-136.817776483962,0.7752153696796712,0.7752153696796712,0.01353787855636708,-1,-0.05076388888888861,-731,0.06846434097931237,220.0,9.409859432821223,4.415233585858586,0.14849998285536964
RHF_MPM_P28,644,0.0322,32.2,0,255,4.410902777777777,28.06535736289874,63517,249.08627450980393,5,207,255,0.6733881045184105,108,108,222,0.015416666666666667,20,18,0.6166666666666667,62.608108108108105,53.689189189189186,0.05604166666666666,0.006111111111111111,0.020069444444444445,0.014097222222222223,0.010486111111111111,1,61.71675299526111,52.727537509643085,7.851535910121671,4.517979380890935,0.817853716653284,-137.3051368064003,0.7907747508560138,0.7907747508560138,0.014578774186438277,-3,-0.13395833333333407,-1929,0.20854893002374225,221.45454545454547,8.305131342222726,4.429444444444444,0.1396630727310556
RHF_MPM_P28,645,0.03225,32.25,0,255,4.434652777777778,28.181123642263593,63859,250.42745098039217,5,210,255,0.6905304267673456,108,108,224,0.015555555555555555,20,18,0.6222222222222222,62.64732142857143,53.65625,0.058125,0.006319444444444444,0.020277777777777777,0.014305555555555556,0.010486111111111111,1,61.910349363441334,52.80239277157487,7.854777249622156,4.388126561182364,0.8293987691918979,-137.51481822697596,0.8853968530555778,0.8853968530555778,0.015314990839192596,2,0.023750000000000604,342,0.20756412024106963,223.45454545454547,5.581847793821365,4.456767676767677,0.10407536977102319
RHF_MPM_P28,646,0.0323,32.3,0,255,4.389444444444444,28.05435695459446,63208,247.87450980392157,5,209,255,0.6853149752461731,104,104,224,0.015555555555555555,20,18,0.6222222222222222,62.63392857142857,53.67857142857143,0.057430555555555554,0.0061805555555555555,0.02,0.014097222222222223,0.010555555555555556,1,61.91635552461714,52.95057587647133,7.825327307664397,4.241856117148851,0.8403349065881722,-137.77991890798884,0.9291464616750518,0.9291464616750518,0.014238703961523857,0,-0.04520833333333396,-651,0.1483047758800277,224.8181818181818,3.214121732666125,4.472260101010101,0.07658655190725426
RHF_MPM_P28,647,0.03235,32.35,0,255,4.265347222222222,27.629507058507272,61421,240.86666666666667,4,205,255,0.6670393416069096,108,108,215,0.014930555555555556,20,17,0.6323529411764706,62.75813953488372,53.91162790697675,0.05569444444444444,0.005902777777777778,0.019375,0.013541666666666667,0.010277777777777778,1,62.037527881343514,53.04596147897299,7.629511420676022,4.321496293698208,0.8241177712039338,-137.55338653355744,0.8765100001963809,0.8765100001963809,0.01462040670129109,-9,-0.12409722222222186,-1787,0.15421139127583405,224.45454545454547,3.985510948505995,4.465820707070707,0.08962531716351448
RHF_MPM_P28,648,0.0324,32.4,0,255,4.298819444444445,27.840262585480595,61903,242.75686274509803,4,208,255,0.6812167379727394,107,107,220,0.015277777777777777,20,17,0.6470588235294118,62.89090909090909,53.904545454545456,0.057291666666666664,0.006111111111111111,0.01923611111111111,0.013958333333333333,0.010555555555555556,1,62.265221394762776,53.15378899245594,7.487280442679238,4.640041101691644,0.7848204915615652,-138.49472401552825,0.9251660619164971,0.9251660619164971,0.014458103807569908,5,0.03347222222222257,482,0.25193473106565134,224.0909090909091,4.187742838647645,4.453226010101011,0.10166534005366697
RHF_MPM_P28,649,0.03245,32.45,0,255,4.354097222222222,28.044311983032475,62699,245.87843137254902,4,206,255,0.6735037492781477,107,107,226,0.015694444444444445,20,18,0.6277777777777778,62.74778761061947,53.65486725663717,0.05638888888888889,0.005833333333333334,0.01986111111111111,0.013958333333333333,0.010625,1,62.162426832963845,52.93773425413483,7.5209079597551876,4.613326271811955,0.789772260317312,-136.66934818900037,0.8802282775370186,0.8802282775370186,0.01389176860874974,6,0.05527777777777754,796,0.2392621405204664,224.1818181818182,4.217241274452073,4.441534090909091,0.10494494380620105
RHF_MPM_P28,650,0.0325,32.5,0,255,4.324027777777777,27.900664675461794,62266,244.18039215686275,3,204,255,0.645899690451502,106,106,226,0.015694444444444445,20,18,0.6277777777777778,62.71238938053097,53.68141592920354,0.05340277777777778,0.005763888888888889,0.02,0.013958333333333333,0.010347222222222223,1,62.08282208588957,52.96921273247037,7.434847014297926,4.180366585889238,0.8269559873026399,-136.9487690777084,0.7128884226323954,0.7128884226323954,0.011001188449555135,0,-0.030069444444444926,-433,0.08560263053832266,223.8181818181818,3.8569460791993504,4.423503787878788,0.10653491526055928
RHF_MPM_P28,651,0.03255,32.55,0,255,4.393055555555556,28.077322929471087,63260,248.07843137254903,3,206,255,0.6698065708583302,107,107,225,0.015625,20,18,0.625,62.76888888888889,53.693333333333335,0.055625,0.0059722222222222225,0.02048611111111111,0.014097222222222223,0.010486111111111111,1,62.11983876067025,52.93161555485299,7.54913030195728,4.4396313066992095,0.8087894006178907,-136.92632759267198,0.6507226245840934,0.6507226245840934,0.012013910844135315,-1,0.06902777777777835,994,0.05276155775383607,224.0,3.861229196653691,4.416477272727272,0.10575970460904745
RHF_MPM_P28,652,0.0326,32.6,0,255,4.4089583333333335,28.036784672074358,63489,248.9764705882353,4,206,255,0.6748117560061,106,106,225,0.015625,19,18,0.6578947368421053,62.77333333333333,53.70666666666666,0.05604166666666666,0.005763888888888889,0.020694444444444446,0.013958333333333333,0.010277777777777778,1,62.036478760100174,52.8596922301501,7.754928275097402,4.335288230315314,0.8291430231209767,-136.953325097523,0.81397713582577,0.81397713582577,0.012931373938792547,0,0.01590277777777782,229,0.11009929305567637,223.45454545454547,3.2012394293925466,4.401799242424243,0.09391755254804422
RHF_MPM_P28,653,0.03265,32.65,0,255,4.321805555555556,27.600323006684228,62234,244.05490196078432,4,202,255,0.6788146230004594,107,107,219,0.015208333333333334,19,18,0.6403508771929824,62.926940639269404,53.81278538812786,0.05659722222222222,0.005694444444444445,0.01972222222222222,0.01361111111111111,0.010138888888888888,1,61.99077674583025,52.80544396953434,7.995852803691914,4.288941261353203,0.8439666025612679,-136.52250814416138,0.9397612727982193,0.9397612727982193,0.014236590931002347,-6,-0.08715277777777786,-1255,0.07093340460011754,222.8181818181818,3.325334756031251,4.376906565656565,0.07326169789220127
RHF_MPM_P28,654,0.0327,32.7,0,255,4.232291666666667,27.358705176139647,60945,239.0,4,201,255,0.6694130644414839,106,106,216,0.015,19,18,0.631578947368421,62.9537037037037,53.90277777777778,0.05590277777777778,0.005625,0.019305555555555555,0.013472222222222222,0.010069444444444445,1,62.179194355566494,52.95737140044302,7.780395686965156,4.471740952424892,0.8183327954939299,-135.70156328673067,0.9162254524896619,0.9162254524896619,0.017327098203298055,-3,-0.08951388888888889,-1289,0.2420395420612754,222.0,3.765875486765087,4.3484911616161614,0.06242303826966153
RHF_MPM_P28,655,0.03275,32.75,0,255,4.436041666666667,28.292923504698283,63879,250.50588235294117,5,212,255,0.6806934302281027,107,107,226,0.015694444444444445,19,18,0.6608187134502924,62.91150442477876,53.72566371681416,0.05736111111111111,0.006458333333333333,0.020277777777777777,0.014513888888888889,0.010555555555555556,1,62.31169868031748,52.99998434540303,7.692038978577532,4.643338961274564,0.7972455437793009,-136.6813966106122,0.9824323355612713,0.9824323355612713,0.014652702766167284,10,0.20375000000000032,2934,0.1391878556335943,222.36363636363637,3.9375286959468574,4.350776515151515,0.0650701877199945
RHF_MPM_P28,656,0.0328,32.8,0,255,4.591597222222222,28.828066936272617,66119,259.2901960784314,5,221,255,0.6873664390542764,109,109,230,0.01597222222222222,19,18,0.672514619883041,62.80434782608695,53.6,0.057708333333333334,0.006527777777777778,0.021041666666666667,0.014930555555555556,0.011041666666666667,1,62.17507826797139,52.92504423841861,7.629421085530303,4.402059939725393,0.8167548895214268,-136.92019012649405,0.8292565016325398,0.8292565016325398,0.011887657103101983,4,0.155555555555555,2240,0.15582412106106114,222.9090909090909,4.501606692050889,4.365044191919192,0.09307649617733207
RHF_MPM_P28,657,0.03285,32.85,0,255,4.57625,28.606662342572314,65898,258.4235294117647,5,218,255,0.6925994190785586,107,107,234,0.01625,20,18,0.65,62.71367521367522,53.52991452991453,0.057847222222222223,0.006388888888888889,0.02125,0.014861111111111111,0.010625,1,62.08000242799478,52.809311359980576,7.816258553181207,4.411093192841958,0.8255367083261891,-136.6101727578431,0.8325334908018946,0.8325334908018946,0.011320525660869829,4,-0.015347222222222179,-221,0.1497782177047444,223.8181818181818,5.523802738532114,4.382026515151515,0.11124735104706206
RHF_MPM_P28,658,0.0329,32.9,0,255,4.654444444444445,28.814440481239846,67024,262.8392156862745,6,217,255,0.7029075699795925,108,108,231,0.016041666666666666,20,18,0.6416666666666667,62.77922077922078,53.57575757575758,0.05875,0.006666666666666667,0.021319444444444443,0.01513888888888889,0.010902777777777779,1,61.960924444974935,52.759369777989974,7.955685761530867,4.40006001661184,0.8331340460626915,-136.9791664052072,0.7864129120724714,0.7864129120724714,0.012741704464072572,-3,0.07819444444444468,1126,0.12912678905555527,225.27272727272728,5.100640050583832,4.41739898989899,0.12897140042352956
RHF_MPM_P28,659,0.03295,32.95,0,255,4.5247222222222225,28.410384445960673,65156,255.51372549019607,6,215,255,0.691637307615657,106,106,229,0.015902777777777776,20,18,0.6361111111111111,62.66812227074236,53.65502183406114,0.057847222222222223,0.006388888888888889,0.020833333333333332,0.014583333333333334,0.010833333333333334,1,61.9129166922463,52.83880225919332,7.92180256059583,4.394575696048119,0.8320208160812695,-137.91107916860616,0.9009110200758612,0.9009110200758612,0.014687826140340107,-2,-0.12972222222222207,-1868,0.09281305615146059,226.0909090909091,4.9074071186421016,4.4379356060606066,0.12641480507307726
RHF_MPM_P28,660,0.033,33.0,0,255,4.507291666666666,28.390600501426476,64905,254.52941176470588,6,215,255,0.6954676468792007,108,108,229,0.015902777777777776,20,18,0.6361111111111111,62.838427947598255,53.698689956331876,0.058333333333333334,0.006319444444444444,0.020694444444444446,0.014652777777777778,0.010625,1,62.12264078268238,52.94710731068485,7.766647559240805,4.481126907299425,0.816764951142659,-138.63612567716598,0.7587932549480831,0.7587932549480831,0.013958862953547492,0,-0.017430555555556282,-251,0.23603851017964145,226.36363636363637,4.977635935274117,4.451862373737374,0.12484012228712785
RHF_MPM_P28,661,0.03305,33.05,0,255,4.530138888888889,28.51080803801797,65234,255.81960784313725,6,214,255,0.6887363808791152,109,109,226,0.015694444444444445,20,17,0.6647058823529411,62.91150442477876,53.76106194690266,0.057708333333333334,0.006458333333333333,0.02048611111111111,0.014722222222222222,0.010763888888888889,1,62.16243063433179,52.93624490296471,7.722406619454715,4.2949912859012755,0.8310667802225244,-138.63251598769213,0.7444553180209376,0.7444553180209376,0.013949780789159028,-3,0.022847222222222463,329,0.041245899138709165,226.36363636363637,4.977635935274117,4.470599747474748,0.11960509469200305
RHF_MPM_P28,662,0.0331,33.1,0,255,4.638958333333333,28.97398730899145,66801,261.9647058823529,7,219,255,0.7072321504019317,109,109,234,0.01625,20,18,0.65,62.75213675213675,53.47435897435897,0.05979166666666667,0.006736111111111111,0.021041666666666667,0.015347222222222222,0.01138888888888889,1,62.18002724510112,52.76283289172318,7.715542959893417,4.527049505402211,0.809772394810915,-136.5844300179364,0.8741069481162236,0.8741069481162236,0.01493989610933968,8,0.10881944444444436,1567,0.17430251390441928,227.1818181818182,5.407371766532019,4.492954545454546,0.12584029209175562
RHF_MPM_P28,663,0.03315,33.15,0,255,4.645833333333333,28.96129331395037,66900,262.3529411764706,6,220,255,0.6939406858481614,107,107,238,0.016527777777777777,20,18,0.6611111111111111,62.49579831932773,53.50420168067227,0.05798611111111111,0.006388888888888889,0.021527777777777778,0.01513888888888889,0.010972222222222222,1,61.95811659192825,52.76898355754858,7.623193904938598,4.48041724144086,0.8090535622894889,-136.7558122729902,0.6668797046076265,0.6668797046076265,0.01147982062780269,4,0.0068749999999999645,99,0.22199587537093002,228.36363636363637,6.1684347104317725,4.5144886363636365,0.1298282931062153
RHF_MPM_P28,664,0.0332,33.2,0,255,4.556805555555556,28.545321582353374,65618,257.3254901960784,5,214,255,0.694450457264952,108,108,231,0.016041666666666666,20,18,0.6416666666666667,62.56277056277056,53.59307359307359,0.057847222222222223,0.00625,0.020833333333333332,0.014722222222222222,0.010833333333333334,1,61.855893200036576,52.76635984028773,7.7772688898872655,4.385260974555748,0.8258730110571878,-138.13927754526782,0.6624814459807612,0.6624814459807612,0.011079277027644854,-7,-0.08902777777777704,-1282,0.10225705717506367,229.45454545454547,5.433291926357795,4.535852272727273,0.11483297755449966
RHF_MPM_P28,665,0.03325,33.25,0,255,4.52875,28.449665709689025,65214,255.74117647058824,5,209,255,0.6848152014072839,106,106,231,0.016041666666666666,20,18,0.6416666666666667,62.74025974025974,53.57575757575758,0.05701388888888889,0.0060416666666666665,0.020694444444444446,0.014861111111111111,0.010694444444444444,1,61.89804336492164,52.71282240009814,7.814048789319169,4.419814450706351,0.8246631783226684,-137.35260152638867,0.7706747083546297,0.7706747083546297,0.013463366761738278,0,-0.02805555555555639,-404,0.06813878412396074,230.8181818181818,3.379569144625656,4.562803030303031,0.06393488457896748
RHF_MPM_P28,666,0.0333,33.3,0,255,4.5124305555555555,28.3821904434837,64979,254.81960784313725,5,210,255,0.6950984039926904,105,105,231,0.016041666666666666,20,18,0.6416666666666667,62.64069264069264,53.502164502164504,0.057916666666666665,0.006111111111111111,0.020555555555555556,0.014444444444444444,0.010833333333333334,1,61.87929946598132,52.66886224780313,7.794403404734153,4.452738721822102,0.8207595298536968,-136.81043065590353,0.7956939713390354,0.7956939713390354,0.014312316286800351,0,-0.01631944444444411,-235,0.047789420767416865,231.27272727272728,3.0178532132177875,4.569747474747475,0.05300328346051935
RHF_MPM_P28,667,0.03335,33.35,0,255,4.4743055555555555,28.147205423076343,64430,252.66666666666666,6,206,255,0.6915372886421757,107,107,228,0.015833333333333335,20,18,0.6333333333333333,62.671052631578945,53.50438596491228,0.05763888888888889,0.005694444444444445,0.02048611111111111,0.014375,0.010625,1,61.90121061617259,52.60968492938073,7.870488818941761,4.369962863246925,0.8316941883722662,-137.086445815883,0.7879697896467248,0.7879697896467248,0.014853329194474624,-3,-0.038124999999999964,-549,0.06310351431078462,231.0909090909091,3.1465578727048693,4.559084595959596,0.05899453771586088
RHF_MPM_P28,668,0.0334,33.4,0,255,4.354375,27.768880744528026,62703,245.89411764705883,4,203,255,0.6769387772641483,106,106,222,0.015416666666666667,19,18,0.6491228070175439,62.846846846846844,53.65765765765766,0.05618055555555555,0.005625,0.02,0.013819444444444445,0.010208333333333333,1,62.01385898601343,52.70196003381018,7.787745547159294,4.444294396313439,0.8211739868089147,-136.3519229574661,0.8544174040555709,0.8544174040555709,0.01417795001834043,-6,-0.11993055555555543,-1727,0.1456171354108627,230.0,3.9312269655344823,4.53891414141414,0.08280313908366001
RHF_MPM_P28,669,0.03345,33.45,0,255,4.308402777777777,27.738868367008315,62041,243.2980392156863,4,204,255,0.6682502821904386,108,108,217,0.015069444444444444,19,17,0.6718266253869969,62.99078341013825,53.85253456221198,0.05576388888888889,0.005833333333333334,0.01986111111111111,0.013819444444444445,0.010347222222222223,1,62.157121903257526,52.91560419722442,7.787548159713398,4.279683551553966,0.8354577497523757,-138.05141109686912,1.0080099611171578,1.0080099611171578,0.014845021840395867,-5,-0.04597222222222275,-662,0.2572315921854417,228.72727272727272,5.395130954530105,4.507455808080808,0.09738503805802251
RHF_MPM_P28,670,0.0335,33.5,0,255,4.308541666666667,27.78889685019975,62043,243.30588235294118,4,203,255,0.6693606309287733,105,105,223,0.015486111111111112,19,18,0.652046783625731,62.95067264573991,53.66816143497758,0.05597222222222222,0.005833333333333334,0.01972222222222222,0.013888888888888888,0.010347222222222223,1,62.26027110230002,52.94972841416437,7.622856177561628,4.2740084036005115,0.8280303139581642,-137.73965370188498,0.9898539197208001,0.9898539197208001,0.013893589929564978,6,0.0001388888888893547,2,0.1086472247453761,228.1818181818182,5.637829721350419,4.48780303030303,0.11254997281700721
RHF_MPM_P28,671,0.03355,33.55,0,255,4.306736111111111,27.898912447189016,62017,243.20392156862746,3,208,255,0.6546988674422989,105,105,224,0.015555555555555555,19,18,0.6549707602339181,62.982142857142854,53.70982142857143,0.05444444444444444,0.005833333333333334,0.01965277777777778,0.014166666666666666,0.010486111111111111,1,62.413660770433914,53.088185497524876,7.384730479010113,4.33964894002501,0.8091140561637559,-136.70244057035023,0.7929224841443715,0.7929224841443715,0.013528548623764451,1,-0.0018055555555553937,-26,0.20663676880682555,227.72727272727272,5.7539063267078765,4.469570707070708,0.12361644813903261
RHF_MPM_P28,672,0.0336,33.6,0,255,4.324027777777777,27.860899630511767,62266,244.18039215686275,3,205,255,0.6624997465470034,107,107,223,0.015486111111111112,19,18,0.652046783625731,63.01345291479821,53.7085201793722,0.055,0.005833333333333334,0.01972222222222222,0.014097222222222223,0.010347222222222223,1,62.51978607908008,53.063822953136544,7.471305812753968,4.341375140464252,0.8138513403025156,-137.49825009942703,0.8951565669194114,0.8951565669194114,0.012848103298750522,-1,0.01729166666666604,249,0.10888578743030176,227.45454545454547,5.898592071821213,4.4508333333333345,0.12853847936555582
RHF_MPM_P28,673,0.03365,33.65,0,255,4.3244444444444445,27.835796043189145,62272,244.20392156862746,5,209,255,0.6685831780692291,109,109,216,0.015,18,17,0.7058823529411765,63.333333333333336,54.0787037037037,0.05604166666666666,0.006111111111111111,0.019375,0.013958333333333333,0.010555555555555556,1,62.95966084275437,53.402106885919835,7.03706616929228,4.1425643158900645,0.8083678002656862,-138.6447113780587,0.5960238933955496,0.5960238933955496,0.016604573484069886,-7,0.0004166666666671759,6,0.5549106476693725,225.8181818181818,6.3363049429915,4.422241161616163,0.11806548565972153
RHF_MPM_P28,674,0.0337,33.7,0,11,0.020694444444444446,0.355495844595533,298,27.09090909090909,0,0,7,0.06048234055813998,3,8,10,0.0006944444444444445,32,107,0.0029205607476635513,96.9,62.7,0.005,0.0,0.0,0.0,0.0,0,83.66442953020135,63.24496644295302,30.594440946824417,28.189891506713572,0.38860208747195973,110.8718755314471,-0.3474443808422789,0.3474443808422789,0.0,-206,-4.30375,-61974,22.92529892193697,205.0909090909091,61.897943196045105,4.0017739898989895,1.2624735829720963
RHF_MPM_P28,675,0.03375,33.75,0,255,3.575972222222222,22.7136780963783,51494,201.93725490196078,12,104,255,0.8831926224591153,104,104,145,0.010069444444444445,13,14,0.7967032967032966,67.15172413793104,56.87586206896552,0.07875,0.003263888888888889,0.014097222222222223,0.00875,0.00625,1,69.19794539169612,57.28980075348584,8.203625536708486,6.04866053587336,0.675548521324277,61.56674962671494,0.2858430754538607,0.2858430754538607,0.02283761214898823,135,3.5552777777777775,51196,15.644269293215018,197.27272727272728,63.54109752262834,3.9126073232323235,1.2547373681125835
RHF_MPM_P28,676,0.0338,33.8,0,255,5.649166666666667,26.777863979517775,81348,319.01176470588234,26,163,255,1.355496616958212,104,104,198,0.01375,20,22,0.45,69.15656565656566,60.06565656565657,0.12854166666666667,0.005208333333333333,0.022152777777777778,0.011597222222222222,0.008194444444444445,1,77.46913261543,67.46408024782416,18.776587367722712,6.031265026100736,0.9470073159035948,47.07169597306231,0.8448572576495766,0.8448572576495766,0.02903574765206274,53,2.073194444444445,29854,13.112150903607372,194.27272727272728,62.65067787355959,4.014463383838383,1.3429922432440202
RHF_MPM_P28,677,0.03385,33.85,0,255,6.272777777777778,29.533618472204324,90328,354.2274509803922,31,210,255,1.2549002405693057,109,109,224,0.015555555555555555,21,21,0.5079365079365079,69.58035714285714,60.330357142857146,0.11409722222222222,0.006736111111111111,0.02798611111111111,0.013958333333333333,0.010694444444444444,1,78.3271078735276,68.9479563369055,20.974780233478235,5.690876078137299,0.9624892160944538,48.31463347457578,1.033472419059247,1.033472419059247,0.01035116464440705,26,0.6236111111111109,8980,1.7140623650424731,193.63636363636363,62.309013979844806,4.1744949494949495,1.4896677877129063
RHF_MPM_P28,678,0.0339,33.9,0,255,5.989652777777778,29.981044310280325,86251,338.2392156862745,29,226,255,1.1271958434410285,109,109,243,0.016875,19,20,0.6394736842105263,69.6954732510288,60.49794238683128,0.10138888888888889,0.0075,0.02409722222222222,0.015277777777777777,0.011597222222222222,1,76.82920777730114,66.72010759295544,19.502752230012298,5.062581369470542,0.9657208228618811,-135.36678832487672,-1.4668394601445016,1.4668394601445016,0.01451577373015965,19,-0.28312500000000007,-4077,2.6845883714631387,195.0,63.203854888189156,4.312253787878787,1.5784448723126938
RHF_MPM_P28,679,0.03395,33.95,0,255,5.561458333333333,31.11276712908737,80085,314.05882352941177,16,243,255,0.8816304356573872,107,107,278,0.019305555555555555,21,21,0.6303854875283447,70.54676258992805,61.20863309352518,0.0770138888888889,0.008055555555555555,0.02451388888888889,0.017638888888888888,0.012777777777777779,1,72.2391958544047,62.41202472373104,10.690236685318299,4.456014039371323,0.908984346378946,-138.88266668856636,-1.4781202663321755,1.4781202663321755,0.03121683211587688,35,-0.4281944444444443,-6166,6.295060560505852,200.0909090909091,67.29643316963664,4.421988636363637,1.6189965763738976
RHF_MPM_P28,680,0.034,34.0,0,255,6.1061805555555555,33.04125435843063,87929,344.81960784313725,16,251,255,0.9134841317794005,110,110,305,0.021180555555555557,23,23,0.5765595463137996,71.23606557377049,61.72786885245902,0.08006944444444444,0.009097222222222222,0.027291666666666665,0.019791666666666666,0.014791666666666667,1,72.5023143672736,62.64295056238556,9.965702241254549,4.470735959240418,0.8937265030746228,-137.6212774865207,-1.008277625197106,1.008277625197106,0.019970658144639424,27,0.5447222222222221,7844,0.3500829826950108,208.0909090909091,73.75198554548093,4.58542297979798,1.6885289751750603
RHF_MPM_P28,681,0.03405,34.05,0,255,6.202222222222222,33.03031344345432,89312,350.24313725490197,18,250,255,0.9285825222323637,108,108,311,0.021597222222222223,23,23,0.5879017013232514,71.20578778135048,61.935691318327976,0.08076388888888889,0.008888888888888889,0.028125,0.019930555555555556,0.014444444444444444,1,72.50894616624866,62.85847366535292,9.946353724443028,4.620582817762162,0.885546670499896,-136.59212990755788,-0.9560025966609773,0.9560025966609773,0.01304415979935507,6,0.09604166666666636,1383,0.21562511140942042,216.0909090909091,79.48522395040654,4.757575757575757,1.7470443940069638
RHF_MPM_P28,682,0.0341,34.1,0,255,6.136180555555556,32.91105432104774,88361,346.51372549019607,19,251,255,0.9211961960126545,109,109,299,0.020763888888888887,23,22,0.5909090909090909,70.89297658862876,61.59531772575251,0.08020833333333334,0.008888888888888889,0.026944444444444444,0.019444444444444445,0.014652777777777778,1,72.4676497549824,62.828691390998294,10.279862893166056,4.520021385258174,0.8981463392355701,-136.22388544566496,-0.9625057805349082,0.9625057805349082,0.015006620567897602,-12,-0.06604166666666611,-951,0.05091539501178486,222.9090909090909,83.0098072469365,4.9238888888888885,1.7829199601932968
RHF_MPM_P28,683,0.03415,34.15,0,255,6.117013888888889,32.67830132051315,88085,345.4313725490196,20,251,255,0.9583234074910254,111,111,292,0.020277777777777777,22,21,0.6320346320346321,70.63698630136986,61.38356164383562,0.08479166666666667,0.008888888888888889,0.026180555555555554,0.019097222222222224,0.014305555555555556,1,72.56477266276892,62.94559800192995,10.989200995498033,4.497266379671914,0.9124249086042966,-136.5235536694438,-1.1796111415025279,1.1796111415025279,0.020219106544814666,-7,-0.019166666666666998,-276,0.15198689054136702,229.1818181818182,85.3536154443471,5.086887626262626,1.8024805854401198
RHF_MPM_P28,684,0.0342,34.2,0,255,6.232291666666667,32.98519026309699,89745,351.94117647058823,20,254,255,0.9930367863097134,112,112,290,0.02013888888888889,22,20,0.6590909090909091,70.55862068965517,61.12413793103448,0.08888888888888889,0.009375,0.025902777777777778,0.019166666666666665,0.014861111111111111,1,72.8446821549947,63.05094434230319,11.302831245521856,4.609438222574751,0.9130656027282336,-137.1043975087774,-1.270274744404765,1.270274744404765,0.02440247367541367,-2,0.11527777777777803,1660,0.29907720619955336,235.9090909090909,86.9508267987817,5.260328282828284,1.8125329189536696
RHF_MPM_P28,685,0.03425,34.25,0,255,6.256319444444444,32.70561339532745,90091,353.2980392156863,21,252,255,1.0241506290045759,110,110,295,0.02048611111111111,23,21,0.6107660455486542,70.68474576271187,61.08135593220339,0.09152777777777778,0.00875,0.026458333333333334,0.019166666666666665,0.014375,1,73.27721970008103,63.23955778046642,11.9524551121084,4.563348488014959,0.9242483847037537,-137.16690817175754,-1.2756546249919856,1.2756546249919856,0.02477494977300729,5,0.024027777777777537,346,0.4718726067118821,261.8181818181818,50.66614107310394,5.8272032828282825,0.7472037033319853
RHF_MPM_P28,686,0.0343,34.3,0,255,6.114027777777777,32.04756530706099,88042,345.2627450980392,21,249,255,1.021449950999513,109,109,287,0.019930555555555556,22,20,0.6522727272727272,70.7560975609756,61.055749128919864,0.09104166666666667,0.008402777777777778,0.026319444444444444,0.018055555555555554,0.013541666666666667,1,73.63109652211445,63.45261352536289,12.422371162787643,4.515314570556999,0.9316010249010359,-137.41654212341587,-1.372641700646062,1.372641700646062,0.02552190999750119,-8,-0.14229166666666693,-2049,0.41306362174108097,274.72727272727275,34.89227814832625,6.057935606060607,0.22764858581172723
RHF_MPM_P28,687,0.03435,34.35,0,255,5.946944444444444,31.435795972765792,85636,335.82745098039214,20,248,255,1.0287964100310723,110,110,271,0.018819444444444444,22,20,0.615909090909091,70.3690036900369,60.74907749077491,0.09243055555555556,0.008263888888888888,0.025277777777777777,0.017569444444444443,0.01326388888888889,1,73.62592834789108,63.48960717455276,13.082074039156515,4.27891749594307,0.9449957870234932,-137.92372409418275,-1.4815060354288032,1.4815060354288032,0.027967210051847356,-16,-0.16708333333333325,-2406,0.037352912941108984,281.3636363636364,25.28841893498692,6.085006313131313,0.19240785326822235
RHF_MPM_P28,688,0.0344,34.4,0,255,5.890069444444444,31.35688939444054,84817,332.6156862745098,19,248,255,1.0395352475774544,109,109,270,0.01875,23,20,0.5869565217391305,70.25925925925925,60.61851851851852,0.09430555555555556,0.008263888888888888,0.024652777777777777,0.017083333333333332,0.013194444444444444,1,73.53200419727177,63.3015079524152,13.274499437458772,4.31568776027183,0.9456758117894308,-138.26628434153415,-1.4765661207081866,1.4765661207081866,0.02716436563424785,-1,-0.05687499999999979,-819,0.2102452459351033,285.54545454545456,18.292391047862875,6.050214646464648,0.18989370257790822
RHF_MPM_P28,689,0.03445,34.45,0,255,5.666944444444445,30.79370050292073,81604,320.0156862745098,19,243,255,0.983033881456814,108,108,262,0.018194444444444444,21,19,0.656641604010025,69.90458015267176,60.286259541984734,0.08777777777777777,0.008055555555555555,0.023680555555555555,0.016527777777777777,0.012430555555555556,1,73.31900397039361,63.17206264398804,13.16171334204588,4.206833958744625,0.9475435733044383,-138.25311717997621,-1.6437393055529361,1.6437393055529361,0.025513455222783196,-8,-0.22312499999999957,-3213,0.24924924177207028,287.27272727272725,14.746900500788811,6.020877525252525,0.21958986054436216
RHF_MPM_P28,690,0.0345,34.5,0,255,5.452916666666667,30.283716377026227,78522,307.9294117647059,18,237,255,0.9612508466883989,108,108,255,0.017708333333333333,21,19,0.6390977443609023,69.74901960784314,60.1843137254902,0.08597222222222223,0.007638888888888889,0.0225,0.016041666666666666,0.012152777777777778,1,72.97070884592853,62.87040574616031,12.861173278106888,4.183635426318434,0.9456136542531789,-138.58058123368184,-1.6944335879609755,1.6944335879609755,0.02662947963628028,-7,-0.21402777777777793,-3082,0.46076716216891866,285.1818181818182,17.319553751432522,6.0110101010101005,0.24137095021822533
RHF_MPM_P28,691,0.03455,34.55,0,255,5.289027777777778,29.8986471572304,76162,298.6745098039216,17,233,255,0.932439217605626,110,110,244,0.016944444444444446,20,19,0.6421052631578947,69.52868852459017,59.971311475409834,0.08340277777777778,0.007361111111111111,0.02201388888888889,0.015694444444444445,0.011875,1,72.63085265618025,62.55358315170295,12.541374638873808,4.327579945588383,0.9385790687109516,-138.35992272393,-1.7253941345573893,1.7253941345573893,0.028452509125285574,-11,-0.16388888888888875,-2360,0.46462757781787556,279.6363636363636,19.68974226375813,5.9367234848484856,0.3151272234561661
RHF_MPM_P28,692,0.0346,34.6,0,255,5.1317361111111115,29.552494603056708,73897,289.7921568627451,16,231,255,0.913860240057589,111,111,233,0.016180555555555556,20,18,0.6472222222222223,69.34763948497854,59.73390557939914,0.08152777777777778,0.007361111111111111,0.021527777777777778,0.015277777777777777,0.011805555555555555,1,72.28979525555842,62.257845379379404,12.214868322494905,4.4849495735383345,0.9301533243844866,-138.24243803558022,-1.6626226735154095,1.6626226735154095,0.029243406362910538,-11,-0.1572916666666666,-2265,0.45142106784887426,272.54545454545456,21.111666901001517,5.8394065656565655,0.3772743779163178
RHF_MPM_P28,693,0.03465,34.65,0,255,4.995208333333333,29.233878117993658,71931,282.08235294117645,15,228,255,0.88612329563344,109,109,234,0.01625,20,18,0.65,69.3931623931624,59.7991452991453,0.07902777777777778,0.007152777777777778,0.021111111111111112,0.014930555555555556,0.011597222222222222,1,72.0321141093548,62.04546023272302,11.781652693708553,4.30153896435218,0.9309663915384092,-138.22798942741875,-1.7564426281785006,1.7564426281785006,0.028527338699587103,1,-0.13652777777777825,-1966,0.33392667403049037,266.6363636363636,21.959767871238476,5.735681818181818,0.43400296577379965
RHF_MPM_P28,694,0.0347,34.7,0,255,4.901527777777778,29.10230561502541,70582,276.7921568627451,14,226,255,0.851266315770437,109,109,231,0.016041666666666666,20,18,0.6416666666666667,69.3030303030303,59.696969696969695,0.07527777777777778,0.007083333333333333,0.02034722222222222,0.014722222222222222,0.011597222222222222,1,71.77951885749908,61.81594457510413,11.43181974946247,4.166299629690975,0.9312238850054797,-138.43474952861132,-1.6757217141684906,1.6757217141684906,0.02674902949760562,-3,-0.09368055555555532,-1349,0.3412942987397837,261.09090909090907,22.548753424341125,5.625183080808081,0.47558896039107934
RHF_MPM_P28,695,0.03475,34.75,0,255,4.823611111111111,28.92029272680899,69460,272.3921568627451,14,225,255,0.8297288084637034,109,109,230,0.01597222222222222,19,18,0.672514619883041,69.26086956521739,59.73478260869565,0.07284722222222222,0.006875,0.020277777777777777,0.014444444444444444,0.01138888888888889,1,71.63682695076302,61.71135905557155,10.981914821914994,4.107580510811698,0.927416057370698,-138.71099069037433,-1.8452737201751592,1.8452737201751592,0.027397063057875037,-1,-0.07791666666666686,-1122,0.17691554805576987,255.63636363636363,22.149380156616438,5.497121212121212,0.48444644839219336
RHF_MPM_P28,696,0.0348,34.8,0,255,4.7780555555555555,28.843380553858303,68804,269.81960784313725,13,225,255,0.8215403552784498,109,109,229,0.015902777777777776,19,18,0.6695906432748538,69.14410480349345,59.66812227074236,0.07215277777777777,0.006805555555555555,0.02048611111111111,0.014444444444444444,0.01125,1,71.40440962734725,61.51324050927272,10.638176121588577,4.30608674324362,0.9144155254712739,-138.53521409016074,-1.5527021532672625,1.5527021532672625,0.02826870530783094,-1,-0.04555555555555557,-656,0.3053993624932997,249.63636363636363,19.44817227810052,5.362733585858586,0.45960309580706826
RHF_MPM_P28,697,0.03485,34.85,0,255,4.643125,28.455226794053875,66861,262.2,13,216,255,0.7909480741147314,109,109,221,0.015347222222222222,19,18,0.6461988304093568,69.07692307692308,59.56561085972851,0.06861111111111111,0.006527777777777778,0.019930555555555556,0.01423611111111111,0.011041666666666667,1,71.25389988184442,61.4479591989351,10.363535562394596,3.9966310011512793,0.9226478341301573,-138.62845877507743,-1.7068988273022356,1.7068988273022356,0.028432120369124004,-8,-0.1349305555555551,-1943,0.16405740754602688,243.63636363636363,17.025503475522868,5.229015151515151,0.43487634605544456
RHF_MPM_P28,698,0.0349,34.9,0,255,4.551180555555556,28.065677288493216,65537,257.0078431372549,12,210,255,0.7897875835427142,109,109,218,0.01513888888888889,19,18,0.6374269005847953,68.94495412844037,59.54128440366973,0.06888888888888889,0.006388888888888889,0.019583333333333335,0.014027777777777778,0.010694444444444444,1,71.19697270244289,61.364954148038514,10.377674185051504,4.141607782459591,0.9169125216378526,-138.46879950660716,-1.5952551269035147,1.5952551269035147,0.028518241603979432,-3,-0.0919444444444446,-1324,0.10065059477697481,238.8181818181818,16.072665569605956,5.102127525252525,0.40979195421062964
RHF_MPM_P28,699,0.03495,34.95,0,255,4.4904166666666665,27.990589536559725,64662,253.57647058823528,12,208,255,0.7772794039227024,108,108,221,0.015347222222222222,19,18,0.6461988304093568,69.09502262443439,59.69683257918552,0.0675,0.00625,0.019375,0.013958333333333333,0.010625,1,71.05429773282609,61.22838761560113,10.008679087496098,4.068576653927839,0.913648620547241,-138.68399301177007,-1.5709937781599161,1.5709937781599161,0.028780427453527574,3,-0.060763888888889284,-875,0.19750079680124796,234.36363636363637,13.377543783742606,4.974886363636363,0.359604348780675
RHF_MPM_P28,700,0.035,35.0,0,255,4.396458333333333,27.817994300471085,63309,248.27058823529413,10,205,255,0.7397832798173242,108,108,216,0.015,19,18,0.631578947368421,68.88888888888889,59.43055555555556,0.06354166666666666,0.00625,0.01902777777777778,0.01375,0.010416666666666666,1,70.74216935980667,60.93457486297367,9.320917017279836,4.0996556835014095,0.8980791182519738,-139.24511654257444,-1.6247463798396329,1.6247463798396329,0.025746734271588557,-5,-0.09395833333333314,-1353,0.42866076896571104,230.1818181818182,11.07674206958134,4.8593876262626265,0.3207042281698176
RHF_MPM_P28,701,0.03505,35.05,0,255,4.4558333333333335,28.10749691165844,64164,251.6235294117647,10,213,255,0.7615198246993936,109,109,220,0.015277777777777777,19,18,0.6432748538011696,68.97272727272727,59.5,0.06652777777777778,0.006527777777777778,0.019166666666666665,0.013888888888888888,0.010833333333333334,1,70.6247740165825,60.75960039897762,9.14837785379216,4.336618670688389,0.8805079214859188,-140.28209177103147,-1.2679640086426998,1.2679640086426998,0.026650458200860296,4,0.05937500000000018,855,0.21070768771315343,227.0,8.12403840463596,4.768743686868687,0.2782351859860041
RHF_MPM_P28,702,0.0351,35.1,0,255,4.454930555555555,28.28095741092424,64151,251.57254901960783,8,218,255,0.7234207175068068,107,107,228,0.015833333333333335,20,18,0.6333333333333333,69.21491228070175,59.828947368421055,0.06194444444444445,0.006388888888888889,0.019791666666666666,0.013958333333333333,0.010763888888888889,1,70.56050568190675,60.852800423999625,8.818074826328132,4.161495653079915,0.8816371388188777,-140.2502549125234,-1.2445907011417792,1.2445907011417792,0.021979392371124378,8,-0.0009027777777781409,-13,0.11321070402615714,225.54545454545453,6.140234469370284,4.692916666666667,0.23666221520034705
RHF_MPM_P28,703,0.03515,35.15,0,255,4.360555555555556,27.820468578253323,62792,246.24313725490197,7,207,255,0.7294582546359254,107,107,218,0.01513888888888889,19,18,0.6374269005847953,69.06880733944953,59.69266055045872,0.06229166666666667,0.005902777777777778,0.018958333333333334,0.013680555555555555,0.010347222222222223,1,70.5756943559689,60.82435660593706,8.935597334655803,4.29892401744943,0.8766652231597366,-139.61007587885337,-1.0302443447603837,1.0302443447603837,0.021228818957829024,-10,-0.09437499999999943,-1359,0.032245102042677436,224.1818181818182,5.9972445463529604,4.622809343434343,0.20887905243695326
RHF_MPM_P28,704,0.0352,35.2,0,255,4.257986111111111,27.53596711272623,61315,240.45098039215685,6,205,255,0.7063829027887112,109,109,209,0.014513888888888889,19,18,0.6111111111111112,68.85645933014354,59.421052631578945,0.06013888888888889,0.005902777777777778,0.01861111111111111,0.013402777777777777,0.010208333333333333,1,70.39734159667292,60.67954007991519,8.618380457561754,4.162507394221846,0.8756312553491349,-139.41916627447392,-1.3771682629166868,1.3771682629166868,0.02200114164560059,-9,-0.10256944444444471,-1477,0.22974231860398794,221.9090909090909,6.5568083346388955,4.555789141414142,0.19654776077317046
RHF_MPM_P28,705,0.03525,35.25,0,255,4.434236111111111,28.167531694800395,63853,250.40392156862745,8,217,255,0.7191218220907517,107,107,225,0.015625,19,18,0.6578947368421053,69.06222222222222,59.72888888888889,0.06145833333333333,0.006319444444444444,0.019444444444444445,0.013819444444444445,0.010694444444444444,1,70.53443064538862,60.87845520179162,8.718569643197101,4.091126802879085,0.8830691431598805,-139.21923203727567,-1.3657493778810872,1.3657493778810872,0.021941020782108907,16,0.17624999999999957,2538,0.24157945481536885,221.36363636363637,6.004130809439407,4.513308080808081,0.16523540612309645
RHF_MPM_P28,706,0.0353,35.3,0,255,4.393472222222222,28.0361455515575,63266,248.10196078431372,8,212,255,0.7073455916581155,109,109,220,0.015277777777777777,19,18,0.6432748538011696,68.96818181818182,59.57727272727273,0.060069444444444446,0.0061805555555555555,0.01923611111111111,0.013541666666666667,0.010625,1,70.52701292953562,60.886068346347166,8.711314424152924,3.953732663740068,0.8910720988668495,-139.43750454503035,-1.3510384951210095,1.3510384951210095,0.02252394651155439,-5,-0.04076388888888882,-587,0.010629321638734394,220.45454545454547,5.348978430311146,4.474204545454546,0.1353724978590154
RHF_MPM_P28,707,0.03535,35.35,0,255,4.414930555555555,27.98075949788552,63575,249.31372549019608,9,209,255,0.7309786945307215,107,107,222,0.015416666666666667,19,18,0.6491228070175439,69.04504504504504,59.648648648648646,0.06270833333333334,0.006319444444444444,0.019305555555555555,0.01361111111111111,0.010555555555555556,1,70.64817931576877,60.90197404640189,9.019777567039025,4.130335494421173,0.8889934646104086,-139.2524345308518,-1.1898700346682634,1.1898700346682634,0.02356272119543846,2,0.021458333333333357,309,0.12220591003316175,219.8181818181818,4.667453691997613,4.441193181818182,0.09571907906196005
RHF_MPM_P28,708,0.0354,35.4,0,255,4.3810416666666665,27.785885486128812,63087,247.4,9,209,255,0.7438553292986723,108,108,217,0.015069444444444444,19,18,0.6345029239766082,68.98617511520737,59.55760368663594,0.06381944444444444,0.0060416666666666665,0.01902777777777778,0.013541666666666667,0.010347222222222223,1,70.73872588647423,60.9331240984672,9.13860747077051,4.208467342773068,0.8876518355992772,-139.8705969434094,-1.2786232092108794,1.2786232092108794,0.024933821548020988,-5,-0.03388888888888886,-488,0.09575493308540026,219.45454545454547,4.7167715531173995,4.417367424242425,0.0722250112038311
RHF_MPM_P28,709,0.03545,35.45,0,255,4.426666666666667,28.02433287936277,63744,249.9764705882353,9,212,255,0.746472767164579,108,108,222,0.015416666666666667,19,18,0.6491228070175439,69.08108108108108,59.61711711711712,0.06409722222222222,0.0061805555555555555,0.019444444444444445,0.01375,0.010625,1,70.71765185742971,60.905575426706825,8.982075566739379,4.179350976516531,0.8851535573833318,-139.55622723662736,-1.255824267432305,1.255824267432305,0.023923820281124497,5,0.04562500000000025,657,0.03468492490880808,219.8181818181818,4.744723036618142,4.406047979797981,0.05889286762444061
RHF_MPM_P28,710,0.0355,35.5,0,255,4.2872916666666665,27.639254083206396,61737,242.10588235294117,7,208,255,0.7163561187631119,110,110,208,0.014444444444444444,19,17,0.6439628482972136,68.9375,59.41826923076923,0.06131944444444445,0.0060416666666666665,0.01861111111111111,0.013472222222222222,0.010347222222222223,1,70.54315888365161,60.69031537003742,8.750893896570528,4.158244919933179,0.8798889097099596,-139.6800386859726,-1.2361550093989044,1.2361550093989044,0.023632505628715356,-14,-0.13937500000000025,-2007,0.2771005050432812,218.63636363636363,5.80395989073177,4.387582070707071,0.06133823309237058
RHF_MPM_P28,711,0.03555,35.55,0,255,4.3348611111111115,27.877929965249873,62422,244.7921568627451,8,213,255,0.7184474757297803,107,107,218,0.01513888888888889,19,18,0.6374269005847953,69.0091743119266,59.61009174311926,0.06194444444444445,0.0061805555555555555,0.01888888888888889,0.01375,0.010625,1,70.4926788632213,60.740540194162314,8.669755938392866,4.159670483759113,0.8773828350428542,-139.31486627785074,-1.4141394226646067,1.4141394226646067,0.023565409631219763,10,0.047569444444445,685,0.0712093071235893,218.8181818181818,5.74959574576069,4.381982323232323,0.0630598199985551
RHF_MPM_P28,712,0.0356,35.6,0,255,4.433333333333334,28.193365058703673,63840,250.35294117647058,8,215,255,0.7241426444446566,108,108,221,0.015347222222222222,20,18,0.6138888888888889,69.1447963800905,59.71945701357466,0.06222222222222222,0.006458333333333333,0.019375,0.014375,0.010833333333333334,1,70.54185463659148,60.81665100250627,8.60235998478993,4.106105493327978,0.8787278409549605,-139.4081696379689,-1.1112822042919062,1.1112822042919062,0.02205513784461153,3,0.09847222222222207,1418,0.09061518544551801,218.9090909090909,5.775410972461305,4.379936868686869,0.060961151339441876
RHF_MPM_P28,713,0.03565,35.65,0,255,4.463055555555556,28.29201686768474,64268,252.0313725490196,9,216,255,0.7334252077227368,109,109,222,0.015416666666666667,19,18,0.6491228070175439,69.09909909909909,59.6981981981982,0.06319444444444444,0.006666666666666667,0.019305555555555555,0.01423611111111111,0.010833333333333334,1,70.61546959606648,60.983397647351715,8.879290751787217,4.078538093661119,0.8882649138658284,-138.68992486500588,-1.206778473067129,1.206778473067129,0.022312815086823926,1,0.029722222222222427,428,0.18227343697236434,218.36363636363637,5.139379645491844,4.380675505050505,0.06190722040066042
RHF_MPM_P28,714,0.0357,35.7,0,255,4.400277777777778,28.017688855644906,63364,248.48627450980393,9,213,255,0.7279903572597957,107,107,220,0.015277777777777777,19,18,0.6432748538011696,69.14090909090909,59.61818181818182,0.0625,0.0061805555555555555,0.01923611111111111,0.013819444444444445,0.010694444444444444,1,70.61823748500726,60.89721292847674,8.781437603167037,4.102121883012351,0.8841857026728371,-138.7589448862305,-1.2330123260244157,1.2330123260244157,0.02327820213370368,-2,-0.06277777777777782,-904,0.08622915386774334,218.54545454545453,5.158640348767675,4.384286616161616,0.06178668485969639
RHF_MPM_P28,715,0.03575,35.75,0,255,4.420763888888889,28.242918964559873,63659,249.64313725490197,10,220,255,0.736870986673025,111,111,217,0.015069444444444444,19,18,0.6345029239766082,68.86175115207374,59.30414746543779,0.06416666666666666,0.006875,0.01861111111111111,0.014097222222222223,0.010972222222222222,1,70.36393911308691,60.5454531173911,8.609827593060196,4.239950149976659,0.8703380714742928,-138.7922733202546,-1.5412568345836588,1.5412568345836588,0.026736203836064027,-3,0.02048611111111054,295,0.43405371402205917,219.27272727272728,4.2445881927013644,4.3990845959595966,0.047638344246432214
RHF_MPM_P28,716,0.0358,35.8,0,255,4.533541666666666,28.686872480881828,65283,256.01176470588234,9,225,255,0.751739145802252,110,110,226,0.015694444444444445,20,18,0.6277777777777778,69.08849557522124,59.54867256637168,0.06583333333333333,0.006944444444444444,0.019444444444444445,0.014652777777777778,0.011180555555555555,1,70.49584118376913,60.67748112065928,8.570115441456228,4.282771535519497,0.8661793644003902,-139.0052392736811,-1.432137828243982,1.432137828243982,0.0248916256912213,9,0.11277777777777764,1624,0.18662676629368946,219.36363636363637,4.374985242005805,4.4081123737373735,0.06098442172613504
RHF_MPM_P28,717,0.03585,35.85,0,255,4.538819444444444,28.66859768197135,65359,256.30980392156863,10,224,255,0.7618048518303305,110,110,224,0.015555555555555555,20,18,0.6222222222222222,69.09375,59.55357142857143,0.06680555555555556,0.006875,0.019583333333333335,0.014722222222222222,0.011111111111111112,1,70.55441484722839,60.6721645068009,8.535754296803127,4.395756420294684,0.8572012306412319,-139.8422980464323,-1.4039077015671506,1.4039077015671506,0.02533698495999021,-2,0.005277777777777715,76,0.05881445769500373,219.72727272727272,4.574452954694227,4.421325757575757,0.07126108990909504
RHF_MPM_P28,718,0.0359,35.9,0,255,4.4998611111111115,28.63225162843543,64798,254.10980392156864,7,224,255,0.719488312680911,109,109,229,0.015902777777777776,19,19,0.6343490304709142,69.13100436681222,59.633187772925766,0.06194444444444445,0.006736111111111111,0.01965277777777778,0.014791666666666667,0.011180555555555555,1,70.34436248032347,60.47032315812216,7.993885894702649,4.354142930277596,0.838641269301216,-139.71160659955348,-1.2443605436520766,1.2443605436520766,0.020016049878082656,5,-0.03895833333333254,-561,0.2913107050535709,220.36363636363637,5.278993142166536,4.429046717171716,0.07466941082561573
RHF_MPM_P28,719,0.03595,35.95,0,255,4.539444444444444,28.770595998967462,65368,256.3450980392157,8,224,255,0.7252246464444847,110,110,229,0.015902777777777776,19,19,0.6343490304709142,69.12227074235808,59.58951965065502,0.0625,0.006875,0.01986111111111111,0.014791666666666667,0.011319444444444444,1,70.339738098152,60.48953616448415,8.100900565896431,4.468193084358136,0.8341302930900406,-138.6913957162418,-1.069920332836317,1.069920332836317,0.020958267041977726,0,0.03958333333333286,570,0.019761693346815597,221.45454545454547,5.694712641223937,4.443446969696969,0.07916201072127044
RHF_MPM_P28,720,0.036,36.0,0,255,4.473125,28.61311325173472,64413,252.6,7,223,255,0.7163678269305223,109,109,229,0.015902777777777776,19,19,0.6343490304709142,69.15720524017468,59.633187772925766,0.06166666666666667,0.006666666666666667,0.019444444444444445,0.014722222222222222,0.011041666666666667,1,70.32805489575085,60.50423051247419,8.107537582473531,4.279510076749251,0.8493417224748413,-138.98164276990448,-0.9163596767942375,0.9163596767942375,0.020275410243273874,0,-0.06631944444444482,-955,0.0187728815368983,222.0909090909091,6.0970118680389875,4.447670454545454,0.0793930694260236
RHF_MPM_P28,721,0.03605,36.05,0,255,4.463541666666667,28.491595811765993,64275,252.05882352941177,7,221,255,0.7187779106263841,109,109,228,0.015833333333333335,20,18,0.6333333333333333,69.15350877192982,59.5921052631579,0.06180555555555556,0.006666666666666667,0.01972222222222222,0.014583333333333334,0.011041666666666667,1,70.37764294049008,60.502746013224424,8.167414322806183,4.251971199639439,0.8537995602672217,-139.77269211514314,-1.090073769619545,1.090073769619545,0.02131466355503695,-1,-0.009583333333332611,-138,0.04961026021985586,223.9090909090909,4.357950841529775,4.46369318181818,0.06108294531555096
RHF_MPM_P28,722,0.0361,36.1,0,255,4.345694444444445,28.03147429063687,62578,245.40392156862745,6,214,255,0.7074669021125344,108,108,223,0.015486111111111112,19,18,0.652046783625731,68.96412556053812,59.46636771300449,0.06048611111111111,0.00625,0.019097222222222224,0.013958333333333333,0.010694444444444444,1,70.28759308383138,60.365975262871935,8.119540925350762,4.2958730237229705,0.8485730007440672,-139.58037562649045,-1.0471011053714676,1.0471011053714676,0.020150851737032183,-5,-0.11784722222222221,-1697,0.16375351854612022,224.36363636363637,3.9605492565076297,4.46467803030303,0.05905137876910387
RHF_MPM_P28,723,0.03615,36.15,0,255,4.28375,27.914632509845482,61686,241.90588235294118,6,209,255,0.7007915386516983,110,110,214,0.014861111111111111,18,17,0.6993464052287581,68.66355140186916,59.07943925233645,0.06027777777777778,0.006527777777777778,0.018541666666666668,0.013819444444444445,0.010694444444444444,1,70.03730181888922,60.08593522030931,7.825902194814084,4.419392784210409,0.8252870040706379,-139.36561809582022,-1.3310034518526734,1.3310034518526734,0.021042051681094576,-9,-0.06194444444444436,-892,0.37559039224243335,223.72727272727272,4.900666171615838,4.4510795454545455,0.07866850710368431
RHF_MPM_P28,724,0.0362,36.2,0,255,4.485625,28.645778514341487,64593,253.30588235294118,7,223,255,0.725184960841935,109,109,230,0.01597222222222222,19,18,0.672514619883041,69.08695652173913,59.48695652173913,0.06284722222222222,0.006944444444444444,0.019791666666666666,0.014652777777777778,0.01125,1,70.27989100986174,60.191692598269164,7.818600696913225,4.4804604317634755,0.8195193961834804,-140.2542694307892,-1.1935651001032006,1.1935651001032006,0.020234390723453007,16,0.20187499999999936,2907,0.2646396390748125,224.45454545454547,5.176233034722458,4.453131313131314,0.07924629642299068
RHF_MPM_P28,725,0.03625,36.25,0,255,4.268611111111111,27.83632345742776,61468,241.05098039215687,5,211,255,0.6886432058083061,108,108,217,0.015069444444444444,19,18,0.6345029239766082,69.22119815668202,59.3778801843318,0.058472222222222224,0.006111111111111111,0.018958333333333334,0.013958333333333333,0.010486111111111111,1,70.30518318474654,60.197094423114464,7.868361604657838,4.3116929231657615,0.836492422433151,-139.76491076016302,-0.9973952481205913,0.9973952481205913,0.017586386412442246,-13,-0.2170138888888884,-3125,0.025862595037282096,224.1818181818182,5.474206988118035,4.441161616161616,0.09475227467529312
RHF_MPM_P28,726,0.0363,36.3,0,255,4.283611111111111,27.843907338029364,61684,241.89803921568628,7,212,255,0.7114348027510483,110,110,212,0.014722222222222222,19,17,0.6563467492260062,68.85377358490567,59.136792452830186,0.06131944444444445,0.006319444444444444,0.018541666666666668,0.01375,0.010555555555555556,1,70.24513650217236,60.141106283639196,8.034706665252264,4.462487052593909,0.8315824212275222,-139.88629196130503,-1.2838119383640112,1.2838119383640112,0.022193761753453084,-5,0.01499999999999968,216,0.08209918300486682,223.72727272727272,6.20982958470475,4.428693181818182,0.1050774359813661
RHF_MPM_P28,727,0.03635,36.35,0,255,4.338819444444445,28.109811824850606,62479,245.01568627450982,6,215,255,0.7140741663902611,108,108,222,0.015416666666666667,19,18,0.6491228070175439,69.08108108108108,59.48198198198198,0.06166666666666667,0.006388888888888889,0.018958333333333334,0.014097222222222223,0.010833333333333334,1,70.33054306246899,60.30402215144289,8.019765681655525,4.320259680356602,0.8424967123304502,-140.6876975724499,-1.1416290619381444,1.1416290619381444,0.02125514172762048,10,0.05520833333333375,795,0.1839452650217772,223.36363636363637,6.183154935684346,4.410991161616162,0.10228794039801187
RHF_MPM_P28,728,0.0364,36.4,0,255,4.211597222222222,27.66398112375635,60647,237.83137254901962,6,208,255,0.7012348131289207,109,109,212,0.014722222222222222,19,17,0.6563467492260062,68.81603773584905,59.20283018867924,0.06048611111111111,0.006111111111111111,0.018333333333333333,0.013541666666666667,0.010486111111111111,1,70.137451151747,60.12455686183983,7.927842434849867,4.44224078991159,0.8282666533971824,-140.4170931420576,-1.138837378047738,1.138837378047738,0.022358896565370094,-10,-0.12722222222222257,-1832,0.2636138770220155,222.27272727272728,6.981676134918646,4.381243686868688,0.10819800394872779
RHF_MPM_P28,729,0.03645,36.45,0,255,4.134166666666666,27.533399906598287,59532,233.45882352941177,3,206,255,0.6573530627302809,106,106,214,0.014861111111111111,19,18,0.6257309941520468,68.82242990654206,59.299065420560744,0.05576388888888889,0.006111111111111111,0.01826388888888889,0.013541666666666667,0.010208333333333333,1,69.86116710340657,59.97715514345226,7.432038187323222,4.29969600912442,0.8156573876916117,-139.4802138587616,-0.9419005781941399,0.9419005781941399,0.017335214674460794,2,-0.07743055555555589,-1115,0.3131455603245638,220.9090909090909,6.999409656334603,4.347998737373738,0.12195168785787906
RHF_MPM_P28,730,0.0365,36.5,0,255,4.096875,27.49745930103639,58995,231.35294117647058,3,211,255,0.64594189766671,110,110,204,0.014166666666666666,18,16,0.7083333333333334,68.26960784313725,58.705882352941174,0.055,0.006388888888888889,0.017777777777777778,0.013402777777777777,0.010277777777777778,1,69.38706670056784,59.522213746927704,7.229810851001364,3.962130231792994,0.8364607625597703,-141.23205009062752,-1.3345739534828363,1.3345739534828363,0.020018645647936265,-10,-0.0372916666666665,-537,0.6570714316142169,218.63636363636363,7.9917312639403315,4.307765151515151,0.12511807981428438
RHF_MPM_P28,731,0.03655,36.55,0,12,0.019930555555555556,0.34452865654030745,287,23.916666666666668,0,0,7,0.058587429553700734,2,8,9,0.000625,32,107,0.002628504672897196,96.77777777777777,59.44444444444444,0.004791666666666666,0.0,0.0,0.0,0.0,0,88.35540069686411,61.055749128919864,35.08734953025293,22.15111352209834,0.7755278238854243,106.63757569515464,-0.18495871438014344,0.18495871438014344,0.0,-195,-4.076944444444444,-58708,19.030223996655177,198.63636363636363,60.40962103878476,3.902929292929293,1.2331618163857996
RHF_MPM_P28,732,0.0366,36.6,0,255,3.014375,22.354411732696757,43407,170.2235294117647,0,100,255,0.586020347689551,108,108,135,0.009375,14,13,0.7417582417582418,64.38518518518518,55.22962962962963,0.04833333333333333,0.0033333333333333335,0.013125,0.008680555555555556,0.006388888888888889,1,63.68521206257056,54.08581565185339,6.764062679186603,5.154304344274174,0.6475616120464998,45.199059228061444,-0.8602360356404757,0.8602360356404757,0.013569239984334324,126,2.9944444444444445,43120,25.635876812123254,190.1818181818182,62.19005793360481,3.771186868686869,1.243597950501572
RHF_MPM_P28,733,0.03665,36.65,0,255,5.835277777777778,28.05124190022719,84028,329.52156862745096,28,184,255,1.1837240958616888,101,101,231,0.016041666666666666,26,27,0.32905982905982906,60.41558441558441,51.21212121212121,0.1063888888888889,0.005555555555555556,0.025138888888888888,0.012361111111111111,0.009305555555555555,1,54.20878754700814,44.251880325605754,18.547655475879758,4.362594875767164,0.9719445636538597,46.406945111550144,-0.974965927150583,0.974965927150583,0.008699481125339173,96,2.820902777777778,40621,13.656826337036488,190.9090909090909,62.61491914211464,3.9066035353535353,1.3731381577869353
RHF_MPM_P28,734,0.0367,36.7,0,255,5.886736111111111,29.785606920538104,84769,332.42745098039217,27,231,255,1.0990328303740646,114,114,219,0.015208333333333334,19,18,0.6403508771929824,61.70319634703196,52.67579908675799,0.09854166666666667,0.007638888888888889,0.02486111111111111,0.014305555555555556,0.011458333333333333,1,55.095848718281445,45.54331182389789,18.43317110464684,4.410056607100478,0.9709590636384015,47.33527795358938,-1.2837996535813179,1.2837996535813179,0.019653411034694288,-12,0.051458333333333606,741,1.5667395560085375,191.36363636363637,62.79877347857379,4.052329545454546,1.4858631160384044
RHF_MPM_P28,735,0.03675,36.75,0,255,5.962777777777778,30.533870138213466,85864,336.721568627451,26,240,255,1.0587015704555216,111,111,245,0.017013888888888887,20,19,0.6447368421052632,61.4,52.16734693877551,0.09402777777777778,0.007847222222222222,0.024305555555555556,0.01576388888888889,0.012152777777777778,1,55.157959098108634,46.189415820367095,19.245633916310876,4.286229447084402,0.9748843324478963,-136.14923616504555,1.5469752390939429,1.5469752390939429,0.010609801546631882,26,0.07604166666666679,1095,0.6490824859259103,192.72727272727272,63.77815372493926,4.186616161616162,1.5825579651889425
RHF_MPM_P28,736,0.0368,36.8,0,255,6.0084027777777775,32.58943888156941,86521,339.2980392156863,17,249,255,0.9177373765882835,108,108,302,0.020972222222222222,23,22,0.5968379446640316,60.0364238410596,51.003311258278146,0.08020833333333334,0.00875,0.026041666666666668,0.019444444444444445,0.014305555555555556,1,58.7928710948787,49.563689740063104,11.720356726520018,4.535815961792621,0.9220783570519516,-136.63083194525197,2.149613861821681,2.149613861821681,0.02238762843702685,57,0.04562499999999936,657,4.9596683063894105,200.45454545454547,70.99214250549606,4.344779040404041,1.667507658142545
RHF_MPM_P28,737,0.03685,36.85,0,255,6.286041666666667,33.75595708165099,90519,354.9764705882353,16,252,255,0.8541530537410363,108,108,328,0.02277777777777778,24,23,0.5942028985507246,59.609756097560975,50.707317073170735,0.07298611111111111,0.009444444444444445,0.029097222222222222,0.021180555555555557,0.015347222222222222,1,59.347253062892875,50.16786531004541,9.201097688804335,4.69979179514776,0.8597078992757873,-136.40866920360114,0.8988223769862941,0.8988223769862941,0.0057777925076503275,26,0.2776388888888892,3998,0.8199801740424655,211.0,79.97158586307104,4.526818181818182,1.7577526462420359
RHF_MPM_P28,738,0.0369,36.9,0,255,6.575972222222222,34.420333628690166,94694,371.34901960784316,19,254,255,0.9013070208349472,109,109,336,0.023333333333333334,25,24,0.56,59.357142857142854,50.38988095238095,0.0775,0.009791666666666667,0.03,0.021736111111111112,0.01576388888888889,1,59.00043297357805,49.74510528650178,9.498139428738885,4.678105762183459,0.8702962322394558,-135.22419500658094,0.5596906620703613,0.5596906620703613,0.006230595391471476,8,0.28993055555555536,4175,0.5468182621849318,221.36363636363637,87.73542119481392,4.730195707070707,1.8511750612067883
RHF_MPM_P28,739,0.03695,36.95,0,255,6.609166666666667,34.42230622680912,95172,373.22352941176473,20,255,255,0.9720811388773749,111,111,322,0.02236111111111111,23,22,0.6363636363636364,59.953416149068325,51.024844720496894,0.08590277777777777,0.010069444444444445,0.02861111111111111,0.02125,0.016180555555555556,1,59.16294708527718,49.89447526583449,9.682686035523384,5.075135908639199,0.8516287563571802,45.40729018249293,-0.7128056265785979,0.7128056265785979,0.011862732736519145,-14,0.03319444444444475,478,0.2207311197525401,231.36363636363637,92.2509154694883,4.948156565656565,1.9172506680011874
RHF_MPM_P28,740,0.037,37.0,0,255,6.978958333333333,35.15662833068036,100497,394.1058823529412,22,255,255,1.0600131230319843,109,109,351,0.024375,24,24,0.609375,59.20797720797721,50.5014245014245,0.09493055555555556,0.010277777777777778,0.03090277777777778,0.02236111111111111,0.016666666666666666,1,58.74266893539111,49.45732708439058,9.877296562237765,5.568679193986868,0.8259210686836257,-135.4452617093597,0.6637548423370213,0.6637548423370213,0.015811417256236505,29,0.3697916666666661,5325,0.6064093137571169,243.8181818181818,98.12683645699505,5.2067739898989895,1.9808220271131436
RHF_MPM_P28,741,0.03705,37.05,0,255,6.082847222222222,31.935701638065638,87593,343.5019607843137,19,242,255,0.979563860347501,104,104,308,0.021388888888888888,24,23,0.5579710144927537,59.6948051948052,51.064935064935064,0.08513888888888889,0.007916666666666667,0.02847222222222222,0.018680555555555554,0.012986111111111111,1,58.474204559725095,49.35193451531515,10.70342631376369,4.892440401297139,0.8894199061961776,-136.52312260818866,0.908918016366325,0.908918016366325,0.015355108284908612,-43,-0.8961111111111109,-12904,0.2884106700835826,253.27272727272728,98.84247422410975,5.387316919191918,1.9618472332376151
RHF_MPM_P28,742,0.0371,37.1,0,255,5.527152777777777,30.21884229075173,79591,312.121568627451,17,234,255,0.9604350119070705,107,107,256,0.017777777777777778,23,19,0.585812356979405,60.9453125,52.23828125,0.08472222222222223,0.007222222222222222,0.024444444444444446,0.01638888888888889,0.011875,1,58.896458142252264,49.9928383862497,11.159092127572505,4.630017931105126,0.9098624978748754,-138.65185005038856,1.2075595775188086,1.2075595775188086,0.020517395182872437,-52,-0.5556944444444447,-8002,0.7674997457562578,275.72727272727275,61.98253553012979,5.887973484848485,0.9904443887327684
RHF_MPM_P28,743,0.03715,37.15,0,255,5.203611111111111,29.638813015366797,74932,293.8509803921569,16,235,255,0.9275447082794548,107,107,243,0.016875,22,17,0.6497326203208557,61.489711934156375,52.59670781893004,0.08243055555555556,0.007013888888888889,0.021666666666666667,0.01576388888888889,0.011527777777777777,1,59.312109646079115,50.33860033096674,11.374800830012841,4.47681252699485,0.9192934402626296,-139.1913426444131,1.520110146214835,1.520110146214835,0.025316286766668444,-13,-0.3235416666666664,-4659,0.5406639391045348,285.54545454545456,45.193248965593476,6.08699494949495,0.4829699395942287
RHF_MPM_P28,744,0.0372,37.2,0,255,4.7224305555555555,28.2745659595954,68003,266.678431372549,14,212,255,0.863111118383139,109,109,222,0.015416666666666667,21,17,0.6218487394957983,61.828828828828826,52.851351351351354,0.07652777777777778,0.006319444444444444,0.020416666666666666,0.014444444444444444,0.010763888888888889,1,59.528741379056804,50.58870932164758,11.736426979901806,4.063290796390546,0.9381563375381802,-138.99282537821733,1.8290838469785178,1.8290838469785178,0.02896931017749217,-21,-0.4811805555555555,-6929,0.3308833857302345,284.72727272727275,46.242622820178106,5.985827020202021,0.6217241122765323
RHF_MPM_P28,745,0.03725,37.25,0,255,4.179166666666666,26.503062912614457,60180,236.0,12,185,255,0.8104066673086096,107,107,199,0.013819444444444445,19,17,0.6160990712074303,62.42713567839196,53.18090452261306,0.07166666666666667,0.005138888888888889,0.017986111111111112,0.012777777777777779,0.009027777777777777,1,59.964606181455636,50.905001661681624,12.101180485050383,3.981886987764647,0.9443126856696421,-138.49228440660687,2.227330747329442,2.227330747329442,0.03271851113326687,-23,-0.5432638888888892,-7823,0.5385340939387085,282.90909090909093,49.09629600073447,5.830593434343434,0.811344567899194
RHF_MPM_P28,746,0.0373,37.3,0,255,3.7446527777777776,25.15865778782708,53923,211.46274509803922,7,152,255,0.7279709788519867,106,106,183,0.012708333333333334,17,16,0.6727941176470589,62.90710382513661,53.677595628415304,0.06291666666666666,0.0044444444444444444,0.016458333333333332,0.011597222222222222,0.008263888888888888,1,60.90310257218626,51.59933609035106,11.349274221618877,4.266522804684006,0.9266484165338623,-137.72629060059774,2.6805143268048255,2.6805143268048255,0.03059918773065297,-16,-0.43451388888888864,-6257,1.1674227058996778,277.27272727272725,56.17357986082216,5.628945707070707,1.005777670329256
RHF_MPM_P28,747,0.03735,37.35,0,255,3.4756944444444446,24.588075097854787,50050,196.27450980392157,3,145,255,0.6523843199788785,107,107,173,0.012013888888888888,16,16,0.67578125,63.225433526011564,54.03468208092485,0.055625,0.004375,0.015347222222222222,0.010972222222222222,0.008055555555555555,1,61.76151848151848,52.37210789210789,10.337333531167205,4.305193056980076,0.9091492924890577,-137.38322573261482,3.0645049898007617,3.0645049898007617,0.024895104895104894,-10,-0.26895833333333297,-3873,1.15501261074724,265.54545454545456,62.8553369924126,5.398699494949494,1.1691812510080632
RHF_MPM_P28,748,0.0374,37.4,0,255,3.4316666666666666,24.738719034025276,49416,193.78823529411764,1,154,255,0.6054835767220174,108,108,171,0.011875,16,15,0.7125,63.333333333333336,54.1812865497076,0.050625,0.004375,0.015416666666666667,0.011180555555555555,0.008125,1,62.30686417354703,52.91974259349199,9.274879061127997,4.286177398739183,0.8868134535824456,-137.72912938449883,3.313503996839926,3.313503996839926,0.019325724461712806,-2,-0.044027777777778,-634,0.7728555427595415,251.27272727272728,64.84679975154155,5.139210858585859,1.256908072005945
RHF_MPM_P28,749,0.03745,37.45,0,255,3.4970833333333333,25.317760945052655,50358,197.48235294117646,0,166,255,0.5616485285211044,108,108,182,0.012638888888888889,16,15,0.7583333333333333,63.25824175824176,54.18681318681319,0.04631944444444445,0.004791666666666666,0.015833333333333335,0.011458333333333333,0.008472222222222223,1,62.94560943643513,53.50442829341912,6.895640399936915,4.417431284225739,0.7678645874065994,-138.69251359851606,2.0191290471129366,2.0191290471129366,0.011716112633543826,11,0.06541666666666668,942,0.8659404590162447,237.27272727272728,61.58525636589405,4.859311868686868,1.2485816906085974
RHF_MPM_P28,750,0.0375,37.5,0,255,3.618888888888889,25.89276290757041,52112,204.3607843137255,0,174,255,0.5287886829357986,109,109,187,0.012986111111111111,16,16,0.73046875,63.25133689839572,54.06951871657754,0.042847222222222224,0.005277777777777778,0.01659722222222222,0.012291666666666666,0.008888888888888889,1,63.00901903592263,53.60467838501689,6.074798692515006,4.309462451080397,0.7048060581466821,-137.7651579744235,0.6208521321154405,0.6208521321154405,0.007906048510899601,5,0.1218055555555555,1754,0.11862064817107852,225.0,56.73863522567958,4.587468434343434,1.1604187564448551
RHF_MPM_P28,751,0.03755,37.55,0,255,3.6254166666666667,25.81316618389731,52206,204.72941176470587,0,169,255,0.5343750380565966,105,105,187,0.012986111111111111,16,15,0.7791666666666667,63.24064171122995,54.11229946524064,0.043263888888888886,0.005069444444444444,0.016666666666666666,0.012083333333333333,0.00875,1,62.97312569436463,53.679251427039034,6.151885003421462,4.344217282518873,0.7080519448214935,-140.93782483691993,0.7094665373065376,0.7094665373065376,0.008964486840593035,0,0.00652777777777791,94,0.08276152828842281,210.0909090909091,41.04865083699086,4.28260101010101,0.9043441948381575
RHF_MPM_P28,752,0.0376,37.6,0,255,3.610138888888889,25.815030236120606,51986,203.86666666666667,0,172,255,0.5281901267621076,104,104,188,0.013055555555555556,17,15,0.7372549019607844,63.31382978723404,54.159574468085104,0.042847222222222224,0.005138888888888889,0.016458333333333332,0.012013888888888888,0.00875,1,63.02802677643981,53.718001000269304,6.135052642785583,4.259206515254804,0.7197423910648026,-139.94956104011354,0.9938222665158492,0.9938222665158492,0.008848536144346554,1,-0.015277777777777946,-220,0.06719864759467446,199.1818181818182,27.18227424366569,4.057809343434344,0.7167919251073436
RHF_MPM_P28,753,0.03765,37.65,0,255,3.630138888888889,25.89076159736945,52274,204.99607843137255,0,179,255,0.5430504308954668,109,109,187,0.012986111111111111,16,15,0.7791666666666667,63.27272727272727,54.224598930481285,0.04423611111111111,0.005138888888888889,0.016527777777777777,0.012152777777777778,0.00875,1,63.08237364655469,53.80321000879979,6.093857631712935,4.473101857720346,0.6791121589202423,-138.9753581068797,0.7157584214636854,0.7157584214636854,0.010540612924207063,-1,0.020000000000000018,288,0.10106511478265938,192.9090909090909,20.482607013821376,3.885353535353535,0.5517310057186232
RHF_MPM_P28,754,0.0377,37.7,0,255,3.6547916666666667,25.991412803846014,52629,206.38823529411764,0,175,255,0.5284897087667839,107,107,191,0.01326388888888889,17,16,0.7022058823529411,63.12565445026178,54.27748691099477,0.042708333333333334,0.005069444444444444,0.016805555555555556,0.012083333333333333,0.008888888888888889,1,62.88044614186095,53.88468334948413,6.062707291807653,4.225874075038284,0.7170443358541899,-139.80501609848105,0.5253760754694945,0.5253760754694945,0.009614471109084345,4,0.024652777777777857,355,0.21774439692930767,188.1818181818182,13.016200966614866,3.744551767676768,0.3625361866633368
RHF_MPM_P28,755,0.03775,37.75,0,255,3.6519444444444447,25.813107062481567,52588,206.22745098039215,0,166,255,0.5435148056465611,108,108,189,0.013125,17,16,0.6948529411764706,62.94708994708995,54.31216931216931,0.04388888888888889,0.005,0.01659722222222222,0.011944444444444445,0.008819444444444444,1,62.69049973377957,53.84178900129307,6.350886903846194,4.3251029804624395,0.7322615962885889,-141.03435427907405,0.9425119445005515,0.9425119445005515,0.008538069521563855,-2,-0.002847222222222001,-41,0.194729461175639,185.1818181818182,7.517472759792008,3.6472348484848482,0.1892353357369477
RHF_MPM_P28,756,0.0378,37.8,0,255,3.58625,25.501545265679493,51642,202.51764705882354,0,165,255,0.5365636491815052,107,107,181,0.012569444444444444,16,15,0.7541666666666667,63.28729281767956,54.607734806629836,0.043263888888888886,0.005,0.01625,0.011666666666666667,0.008333333333333333,1,62.83252004182642,53.99374540103017,6.297178371274188,4.165452496017314,0.7499635132294692,-141.64579000475382,0.6325842191241633,0.6325842191241633,0.011812090933736107,-8,-0.0656944444444445,-946,0.2079916231937785,183.54545454545453,6.169774363984419,3.5933333333333337,0.08671726317847547
RHF_MPM_P28,757,0.03785,37.85,0,255,3.6236805555555556,25.803907602621383,52181,204.6313725490196,0,170,255,0.5437315244088028,109,109,185,0.012847222222222222,16,16,0.72265625,63.32972972972973,54.502702702702706,0.04402777777777778,0.005,0.01638888888888889,0.012013888888888888,0.00875,1,62.915409823498976,53.98359556160288,6.197818043675337,4.331845553139177,0.7151893597834686,-141.3356254542287,0.5544316459992493,0.5544316459992493,0.011996703781069738,4,0.03743055555555541,539,0.08350889261703592,183.72727272727272,6.180481138830375,3.582335858585859,0.07349193631425871
RHF_MPM_P28,758,0.0379,37.9,0,255,3.7139583333333333,26.035748386666732,53481,209.72941176470587,0,174,255,0.5524707570191872,108,108,191,0.01326388888888889,16,16,0.74609375,63.261780104712045,54.31413612565445,0.04486111111111111,0.005,0.016944444444444446,0.012291666666666666,0.009027777777777777,1,62.89235429404835,53.81709392120566,6.450246916134161,4.268105052817055,0.7497718966054198,-140.74789790618655,0.8596319771292814,0.8596319771292814,0.009367812868121389,6,0.09027777777777768,1300,0.16809031409695885,185.36363636363637,5.465141223705141,3.6039962121212126,0.07397967553563561
RHF_MPM_P28,759,0.03795,37.95,0,255,3.729652777777778,26.06456531686678,53707,210.6156862745098,0,175,255,0.5563945321448868,106,106,194,0.013472222222222222,17,16,0.7132352941176471,63.06185567010309,54.24226804123711,0.04506944444444445,0.005,0.016875,0.012152777777777778,0.008888888888888889,1,62.79457054015305,53.810657828588454,6.409796916217293,4.233478917083786,0.7508523872364999,-140.70330186221136,0.6692495136226932,0.6692495136226932,0.009998696631723984,3,0.015694444444444677,226,0.09799533567488714,187.45454545454547,3.6770451665739423,3.6310858585858585,0.05894734026739063
RHF_MPM_P28,760,0.038,38.0,0,255,3.720902777777778,25.97470632421927,53581,210.12156862745098,0,173,255,0.5678505690890427,106,106,191,0.01326388888888889,16,16,0.74609375,63.261780104712045,54.31413612565445,0.04625,0.004861111111111111,0.016944444444444446,0.012152777777777778,0.008888888888888889,1,62.84317201993244,53.746738582706556,6.551958654389496,4.526855836533632,0.7229346419667888,-140.10332158190707,0.7381822722263243,0.7381822722263243,0.0110486926335828,-3,-0.008750000000000036,-126,0.08029803130125046,188.27272727272728,3.359948838650242,3.651433080808081,0.04649435586068827
RHF_MPM_P28,761,0.03805,38.05,0,255,3.6797222222222223,25.822017520165396,52988,207.79607843137254,0,170,255,0.5601840757736128,108,108,187,0.012986111111111111,16,16,0.73046875,63.294117647058826,54.45454545454545,0.045208333333333336,0.004930555555555555,0.016805555555555556,0.011944444444444445,0.008888888888888889,1,62.862289574998115,53.89616516947233,6.40905497758212,4.284973369461009,0.743639187540783,-139.28886512197553,0.6392297720176809,0.6392297720176809,0.01115346870989658,-4,-0.041180555555555554,-593,0.15064456758927475,188.27272727272728,3.359948838650242,3.656963383838385,0.04590870458411091
RHF_MPM_P28,762,0.0381,38.1,0,255,3.709722222222222,26.093414770153867,53420,209.49019607843138,0,179,255,0.544705238176046,108,108,192,0.013333333333333334,16,16,0.75,63.21875,54.432291666666664,0.043958333333333335,0.005208333333333333,0.016875,0.012083333333333333,0.009097222222222222,1,62.8442718083115,53.90743167353051,6.212257560265754,4.255448672335227,0.728535159458573,-139.2780766377689,0.7083957560593533,0.7083957560593533,0.011325346312242605,5,0.029999999999999805,432,0.021250271293947066,188.72727272727272,3.4926132204179177,3.6646275252525258,0.04702597994341865
RHF_MPM_P28,763,0.03815,38.15,0,255,3.7196527777777777,26.013892173039928,53563,210.05098039215687,0,174,255,0.5554566465181313,108,108,190,0.013194444444444444,17,16,0.6985294117647058,63.31578947368421,54.39473684210526,0.04479166666666667,0.004722222222222222,0.017013888888888887,0.012083333333333333,0.008819444444444444,1,62.90904168922577,53.79007897242499,6.310017487569665,4.417483365540936,0.7140696509144825,-138.60069693082426,0.6334834218552586,0.6334834218552586,0.01028695181375203,-2,0.009930555555555554,143,0.13404026980877956,188.9090909090909,3.5020655062287678,3.6745833333333326,0.04601811733018896
RHF_MPM_P28,764,0.0382,38.2,0,255,3.7308333333333334,26.104305612825218,53724,210.68235294117648,0,178,255,0.5579864899174238,107,107,195,0.013541666666666667,17,16,0.7169117647058824,63.287179487179486,54.43076923076923,0.045208333333333336,0.005138888888888889,0.016805555555555556,0.012083333333333333,0.009027777777777777,1,62.87906708361254,53.91463777827414,6.3848148380286665,4.266699743592133,0.7439301388152336,-139.46555757955585,0.8419013079123612,0.8419013079123612,0.01081453354180627,5,0.011180555555555749,161,0.12811468727758962,189.63636363636363,3.8440680930665407,3.6837373737373738,0.046281089004515996
RHF_MPM_P28,765,0.03825,38.25,0,255,3.7699305555555553,26.23694487519586,54287,212.89019607843136,0,179,255,0.5514120132892093,107,107,198,0.01375,18,16,0.6875,63.14646464646464,54.33838383838384,0.044444444444444446,0.005069444444444444,0.017152777777777777,0.012222222222222223,0.009166666666666667,1,62.85018512719436,53.86637684896937,6.322130357199932,4.266553200718738,0.7379457396548988,-140.2027580904872,0.7584826145864854,0.7584826145864854,0.009947132831064527,3,0.039097222222221895,563,0.05624308583196879,190.27272727272728,4.534532332123609,3.694204545454545,0.05129909028670429
RHF_MPM_P28,766,0.0383,38.3,0,255,3.731527777777778,26.032567858983132,53734,210.72156862745098,0,173,255,0.5516646045089573,107,107,194,0.013472222222222222,17,16,0.7132352941176471,63.41237113402062,54.597938144329895,0.04479166666666667,0.005069444444444444,0.017013888888888887,0.011944444444444445,0.009027777777777777,1,63.04544608627685,54.02469572337812,6.298079840413732,4.284453968136212,0.7329528903114966,-141.36964324167894,0.7551923973963587,0.7551923973963587,0.009360926043101202,-4,-0.03840277777777734,-553,0.2513796096262963,190.72727272727272,4.633689068136239,3.701439393939394,0.05043348227820124
RHF_MPM_P28,767,0.03835,38.35,0,255,3.672152777777778,25.889116161880185,52879,207.3686274509804,0,172,255,0.547520814903752,108,108,189,0.013125,16,16,0.73828125,63.7989417989418,54.77248677248677,0.04451388888888889,0.005138888888888889,0.016875,0.012013888888888888,0.009097222222222222,1,63.31738497324079,54.11656801376728,6.101861800959342,4.477842973292797,0.6793130178129287,-141.33687911201434,0.44542627202041135,0.44542627202041135,0.01174379243177821,-5,-0.05937500000000018,-855,0.28703880571194235,191.45454545454547,3.5512772699317474,3.7092487373737373,0.03680064549607328
RHF_MPM_P28,768,0.0384,38.4,0,255,3.713611111111111,26.239867002201244,53476,209.70980392156864,0,180,255,0.5501280423370809,107,107,198,0.01375,17,16,0.7279411764705882,63.58585858585859,54.676767676767675,0.04493055555555556,0.005347222222222222,0.017013888888888887,0.012152777777777778,0.009305555555555555,1,63.32792280649263,54.24051911137707,5.967645305574994,4.357419486182121,0.6832612379194546,-142.30021618078146,0.5577035059804883,0.5577035059804883,0.01163138604233675,9,0.041458333333333375,597,0.1243982336221674,192.63636363636363,3.364864640603954,3.7174242424242423,0.0249709858035648
RHF_MPM_P28,769,0.03845,38.45,0,255,3.841388888888889,26.693683881811793,55316,216.92549019607844,0,186,255,0.5416510789306097,108,108,201,0.013958333333333333,18,16,0.6979166666666666,63.17910447761194,54.43781094527363,0.043680555555555556,0.005347222222222222,0.017708333333333333,0.012708333333333334,0.009583333333333333,1,63.02125967170439,53.997270229228434,6.005859375598876,4.384442962833715,0.6834176892792811,-142.1373048145594,0.22604712103636557,0.22604712103636557,0.0077915973678501695,3,0.12777777777777777,1840,0.391423424062369,193.54545454545453,4.0757294129927075,3.7290088383838382,0.0434197703191871
RHF_MPM_P28,770,0.0385,38.5,0,255,3.8922222222222222,26.589989669371516,56048,219.79607843137254,0,182,255,0.5711526977601611,107,107,203,0.014097222222222223,18,17,0.6633986928104575,63.12807881773399,54.23152709359606,0.04625,0.005208333333333333,0.01826388888888889,0.012638888888888889,0.009097222222222222,1,62.878746788467026,53.77968883813874,6.345005235362637,4.523478108510328,0.7012458578291298,-139.45539415273367,0.6543255741310839,0.6543255741310839,0.007297316585783614,2,0.050833333333333286,732,0.2600991803853942,194.36363636363637,4.904037803367701,3.7437878787878787,0.06394146088302265
RHF_MPM_P28,771,0.03855,38.55,0,255,3.8253472222222222,26.187342877099432,55085,216.01960784313727,0,174,255,0.5650063273966124,107,107,196,0.01361111111111111,17,16,0.7205882352941176,63.32142857142857,54.43877551020408,0.04541666666666667,0.004791666666666666,0.017777777777777778,0.012152777777777778,0.008888888888888889,1,62.8363075247345,53.714205319052375,6.493161953989525,4.507308825617595,0.7198184321374924,-139.95508639737528,0.5665745607563342,0.5665745607563342,0.010928564945084868,-7,-0.06687500000000002,-963,0.0780332133010874,194.8181818181818,4.80185914408882,3.753282828282828,0.06749418732317679
RHF_MPM_P28,772,0.0386,38.6,0,255,3.7863194444444446,26.044336536379216,54523,213.8156862745098,0,175,255,0.5802715964148424,105,105,199,0.013819444444444445,17,16,0.7316176470588235,63.336683417085425,54.49748743718593,0.04715277777777778,0.004861111111111111,0.017222222222222222,0.011944444444444445,0.00875,1,62.8741815380665,53.78366927718577,6.526039525494368,4.478217419010559,0.7274058256031746,-139.18531060629445,0.48994747422227364,0.48994747422227364,0.015296296975588285,3,-0.03902777777777766,-562,0.07911815446173497,195.9090909090909,4.230936828443671,3.7629734848484846,0.06378755700731398
RHF_MPM_P28,773,0.03865,38.65,0,255,3.748611111111111,25.9684263046041,53980,211.68627450980392,0,173,255,0.5717384447145859,105,105,199,0.013819444444444445,17,16,0.7316176470588235,63.336683417085425,54.49748743718593,0.04645833333333333,0.004722222222222222,0.017222222222222222,0.011875,0.008680555555555556,1,62.959429418303074,53.865746572804746,6.489922880931385,4.468203609260168,0.7252521817041513,-139.05002840697222,0.9366632299333626,0.9366632299333626,0.012245276028158577,0,-0.03770833333333368,-543,0.11833800547986788,196.54545454545453,4.120097888590785,3.7665088383838383,0.061784428426466025
RHF_MPM_P28,774,0.0387,38.7,0,255,3.8095833333333333,26.342572057492156,54858,215.12941176470588,0,182,255,0.5680425608747406,106,106,203,0.014097222222222223,17,16,0.7463235294117647,63.423645320197046,54.44827586206897,0.04618055555555556,0.005208333333333333,0.017569444444444443,0.012291666666666666,0.009027777777777777,1,63.034634875496735,53.91868095811003,6.212411941305537,4.558624752178097,0.6793730557844597,-138.8464078505932,0.6892034003429668,0.6892034003429668,0.011812315432571366,4,0.06097222222222243,878,0.09196689588844441,197.72727272727272,3.9333286641425333,3.7746843434343433,0.060988199711339244
RHF_MPM_P28,775,0.03875,38.75,0,255,3.8070833333333334,26.32665009798901,54822,214.98823529411766,0,181,255,0.5514787327113958,106,106,200,0.013888888888888888,17,16,0.7352941176470589,63.33,54.535,0.044305555555555556,0.004930555555555555,0.018055555555555554,0.012430555555555556,0.008958333333333334,1,62.99425413155303,53.9119514063697,6.149417247355034,4.423886855556679,0.6945966853851784,-139.12058443941504,0.48671750789838375,0.48671750789838375,0.009248112071795994,-3,-0.0024999999999999467,-36,0.04093765196091507,198.1818181818182,3.8804447218932814,3.781616161616162,0.05993435641491033
RHF_MPM_P28,776,0.0388,38.8,0,255,3.7939583333333333,26.181049224549113,54633,214.24705882352941,0,177,255,0.5665508859958627,105,105,203,0.014097222222222223,17,16,0.7463235294117647,63.48275862068966,54.49261083743843,0.04576388888888889,0.004930555555555555,0.017708333333333333,0.012013888888888888,0.008958333333333334,1,63.04469825929383,53.9283217103216,6.342965753462597,4.53851488172644,0.6985928901864491,-139.40497029447084,0.7946768784434584,0.7946768784434584,0.01059799022568777,3,-0.013125000000000053,-189,0.053033921927459995,198.63636363636363,4.118091510147681,3.7838005050505057,0.059906509558740585
RHF_MPM_P28,777,0.03885,38.85,0,255,3.7461805555555556,26.167629082527384,53945,211.54901960784315,0,177,255,0.5531523942014596,108,108,194,0.013472222222222222,17,16,0.7132352941176471,63.58247422680412,54.77319587628866,0.04479166666666667,0.005,0.017291666666666667,0.012361111111111111,0.009097222222222222,1,63.13545277597553,54.11205857818148,6.129577509126243,4.484728400648963,0.6816764503089705,-139.32559549299594,0.991762882514998,0.991762882514998,0.012494207062749096,-9,-0.0477777777777777,-688,0.20492832627308888,198.63636363636363,4.118091510147681,3.7851325757575753,0.05888354671417514
RHF_MPM_P28,778,0.0389,38.9,0,255,3.778611111111111,26.412902218925954,54412,213.38039215686274,0,184,255,0.548678344983515,107,107,202,0.014027777777777778,17,16,0.7426470588235294,63.45544554455446,54.49009900990099,0.044583333333333336,0.005138888888888889,0.017569444444444443,0.012569444444444444,0.009166666666666667,1,63.15577446151584,54.14616261118871,5.9478170952720735,4.5653998793011805,0.6409583000989562,-142.26673866467362,0.8318277836366608,0.8318277836366608,0.009961038006322134,8,0.03243055555555552,467,0.03969957141528241,199.8181818181818,2.854603357837742,3.794810606060606,0.04708578301511743
RHF_MPM_P28,779,0.03895,38.95,0,255,3.8758333333333335,26.714878280235116,55812,218.87058823529412,0,189,255,0.5355635201023048,103,103,209,0.014513888888888889,17,16,0.7683823529411765,63.38277511961722,54.49282296650718,0.043055555555555555,0.005277777777777778,0.018194444444444444,0.012847222222222222,0.00951388888888889,1,63.048985881172506,54.09578585250484,5.981242379317574,4.505630805018412,0.6576845395390329,-140.9795855013499,0.7628720447128201,0.7628720447128201,0.0067189851644807565,7,0.09722222222222232,1400,0.1180746319377595,200.8181818181818,3.8095139708649026,3.8095580808080807,0.04468753823908872
RHF_MPM_P28,780,0.039,39.0,0,255,3.957152777777778,26.996934706740177,56983,223.46274509803922,0,190,255,0.553608606936574,105,105,211,0.014652777777777778,17,16,0.7757352941176471,63.41706161137441,54.44075829383886,0.04451388888888889,0.005347222222222222,0.01826388888888889,0.013055555555555556,0.009722222222222222,1,63.1161399013741,54.02488461470965,5.978199453877386,4.462468586882137,0.6654336990262412,-141.57092143018693,0.46572621436499984,0.46572621436499984,0.008914939543372585,2,0.0813194444444445,1171,0.09765576250342832,201.72727272727272,4.807019660509922,3.8200820707070706,0.06143691002360596
RHF_MPM_P28,781,0.03905,39.05,0,255,4.017569444444445,27.119607189124256,57853,226.87450980392157,0,191,255,0.57128184879974,106,106,212,0.014722222222222222,17,16,0.7794117647058824,63.551886792452834,54.45283018867924,0.04631944444444445,0.005486111111111111,0.018541666666666668,0.013402777777777777,0.009722222222222222,1,63.20835566003492,53.90645256080065,6.041505147121068,4.769051664704089,0.6139031180688278,-138.41226443814924,0.47680506652996224,0.47680506652996224,0.009869842531934386,1,0.060416666666666785,870,0.15009962537759458,202.54545454545453,5.646618237552558,3.831477272727273,0.08195793680069731
RHF_MPM_P28,782,0.0391,39.1,0,255,3.9694444444444446,26.949892490451866,57160,224.15686274509804,0,194,255,0.5640425143622412,107,107,209,0.014513888888888889,17,16,0.7683823529411765,63.516746411483254,54.49760765550239,0.04569444444444445,0.005486111111111111,0.01861111111111111,0.013125,0.009722222222222222,1,63.215710286913925,54.13929321203639,5.978546784414014,4.55302735724091,0.6480933762005376,-141.82728328363112,0.07438264036607076,0.07438264036607076,0.010671798460461861,-3,-0.048125000000000195,-693,0.23295677582850666,203.72727272727272,5.511820505899679,3.84457702020202,0.09095346621433074
RHF_MPM_P28,783,0.03915,39.15,0,255,4.023263888888889,27.23642782117619,57935,227.19607843137254,0,202,255,0.5598626233229052,107,107,216,0.015,18,16,0.75,63.22222222222222,54.592592592592595,0.04534722222222222,0.005555555555555556,0.01875,0.013333333333333334,0.010208333333333333,1,63.01163372745318,54.177509277638734,6.058038732734918,4.528874808711478,0.6641706183051675,-142.2286747065708,0.7040466586256524,0.7040466586256524,0.00840597221023561,7,0.0538194444444442,775,0.20762396246931003,205.27272727272728,6.297054276563246,3.8661174242424248,0.10199333134168471
RHF_MPM_P28,784,0.0392,39.2,0,255,3.915277777777778,26.611078309826688,56380,221.09803921568627,0,180,255,0.5711978967712461,104,104,210,0.014583333333333334,18,15,0.7777777777777778,63.166666666666664,54.91904761904762,0.04604166666666667,0.005,0.018333333333333333,0.012847222222222222,0.009583333333333333,1,62.90267825470025,54.349521106775455,6.140632376084084,4.548625851931821,0.671789339624903,-142.16522639838408,0.5610691946595389,0.5610691946595389,0.009329549485633203,-6,-0.1079861111111109,-1555,0.20361572730458596,206.27272727272728,6.091587479182165,3.881268939393939,0.09559040947932519
RHF_MPM_P28,785,0.03925,39.25,0,255,3.94625,26.888894854438618,56826,222.8470588235294,0,192,255,0.5611942981868308,107,107,209,0.014513888888888889,18,15,0.774074074074074,63.22488038277512,54.72248803827751,0.04527777777777778,0.005277777777777778,0.018472222222222223,0.013194444444444444,0.009722222222222222,1,62.872241579558654,54.27531411677753,6.2048495634729255,4.393497769648279,0.706137410147138,-144.4440249449678,0.7887974847336525,0.7887974847336525,0.00937950937950938,-1,0.03097222222222218,446,0.08020641220143915,206.8181818181818,6.042548857412315,3.893693181818182,0.09433909945795058
RHF_MPM_P28,786,0.0393,39.3,0,255,4.0448611111111115,27.190435690445735,58246,228.4156862745098,0,194,255,0.5759423733713985,108,108,208,0.014444444444444444,17,15,0.8156862745098039,63.43269230769231,54.96153846153846,0.04666666666666667,0.005625,0.018680555555555554,0.013541666666666667,0.009583333333333333,1,63.03859492497339,54.485183531916356,6.174122738385282,4.552830528689267,0.675450587044192,-142.33693373936322,0.43475944643976583,0.43475944643976583,0.008773134635854822,-1,0.09861111111111143,1420,0.2678032989740542,207.54545454545453,5.646618237552558,3.9153093434343433,0.09913680018992835
RHF_MPM_P28,787,0.03935,39.35,0,255,4.117222222222222,27.765884003686487,59288,232.50196078431372,0,211,255,0.572511763855382,107,107,213,0.014791666666666667,18,15,0.7888888888888889,63.76525821596244,54.92018779342723,0.04680555555555556,0.006111111111111111,0.018541666666666668,0.013958333333333333,0.010416666666666666,1,63.52609296990959,54.646909998650656,5.876550552218491,4.345298369330097,0.6732333365859339,-149.5172652798273,-0.0651505947956746,0.0651505947956746,0.010828498178383484,5,0.07236111111111043,1042,0.5136241756955964,208.45454545454547,5.646618237552559,3.94469696969697,0.10645184198751297
RHF_MPM_P28,788,0.0394,39.4,0,11,0.01923611111111111,0.3461766967354306,277,25.181818181818183,0,0,7,0.05611447052987117,3,8,10,0.0006944444444444445,93,107,0.0010049241282283187,90.0,66.9,0.0045138888888888885,0.0,0.0,0.0,0.0,0,85.8086642599278,62.16245487364621,35.871180755780586,25.236579025704664,0.710662049430027,107.49361096781452,-0.3087560362977675,0.3087560362977675,0.0,-203,-4.097986111111111,-59011,23.51587544751025,191.72727272727272,57.56275770305107,3.6058838383838387,1.1374512340971985
RHF_MPM_P28,789,0.03945,39.45,0,255,3.3777777777777778,22.618976928321732,48640,190.7450980392157,9,102,255,0.776888128455572,107,107,140,0.009722222222222222,13,14,0.7692307692307693,66.71428571428571,56.878571428571426,0.06736111111111111,0.0031944444444444446,0.01361111111111111,0.008888888888888889,0.006319444444444444,1,68.6524259868421,57.656476151315786,8.475119562523142,5.477386976600876,0.7630916968518755,46.84556787720385,0.3088842912146042,0.3088842912146042,0.022820723684210526,130,3.3585416666666665,48363,17.73810463180846,186.0909090909091,59.290432380788275,3.5694444444444446,1.1377545649154615
RHF_MPM_P28,790,0.0395,39.5,0,255,5.200138888888889,26.061891079646855,74882,293.6549019607843,24,155,255,1.2566193010990683,102,102,202,0.014027777777777778,22,23,0.39920948616600793,69.62871287128714,60.475247524752476,0.119375,0.005,0.019930555555555556,0.011458333333333333,0.00798611111111111,1,76.77473892257152,65.48772735770946,18.39610042659418,5.8282720836979225,0.9484853263665629,-137.25660954340503,-0.9262784921486406,0.9262784921486406,0.03151625223685265,62,1.8223611111111109,26242,11.28275067895944,185.45454545454547,59.07832033736486,3.689835858585859,1.2301217660039863
RHF_MPM_P28,791,0.03955,39.55,0,255,5.616527777777778,28.404712131563773,80878,317.1686274509804,25,195,255,1.1092604545791966,108,108,211,0.014652777777777778,19,18,0.6169590643274854,69.38388625592417,60.00473933649289,0.09916666666666667,0.0061805555555555555,0.025347222222222222,0.013125,0.01,1,76.62154108657484,67.11616261529711,18.352440639310412,4.744555716249503,0.9660046987131249,47.97993346413546,1.0373627274381345,1.0373627274381345,0.01507208387942333,9,0.41638888888888914,5996,1.6356255577327699,185.45454545454547,59.078320337364865,3.8406881313131307,1.3495978551641623
RHF_MPM_P28,792,0.0396,39.6,0,255,5.87375,29.90624757924059,84582,331.6941176470588,26,233,255,1.0956015576724694,109,109,242,0.016805555555555556,20,20,0.605,70.21487603305785,60.83471074380165,0.09819444444444445,0.0075,0.024027777777777776,0.015486111111111112,0.011319444444444444,1,77.2638386417914,67.37898134354828,20.82837884542907,4.207615633199322,0.9793827180982841,-135.46504384415974,-1.4786674270330973,1.4786674270330973,0.011881960700858339,31,0.25722222222222246,3704,0.693988352464741,188.1818181818182,60.905020216754764,4.009431818181818,1.4716840350686649
RHF_MPM_P28,793,0.03965,39.65,0,255,5.435069444444444,30.48194512276734,78265,306.921568627451,16,235,255,0.8663060684393973,107,107,267,0.018541666666666668,22,21,0.577922077922078,70.62546816479401,61.13857677902622,0.07444444444444444,0.0077083333333333335,0.024583333333333332,0.016875,0.012083333333333333,1,72.54452181690411,62.65312719606465,11.134787176633203,4.327275616461292,0.9213952933431477,-137.67448399447997,-1.4514765683779158,1.4514765683779158,0.012751549223790966,25,-0.43868055555555596,-6317,6.678746043753452,193.45454545454547,64.86119954650523,4.1426704545454545,1.5273256086962397
RHF_MPM_P28,794,0.0397,39.7,0,255,5.850902777777778,31.68652544881382,84253,330.4039215686274,18,243,255,0.8982230589849505,106,106,295,0.02048611111111111,25,21,0.5619047619047619,71.44745762711864,61.644067796610166,0.07743055555555556,0.008194444444444445,0.025972222222222223,0.018333333333333333,0.012986111111111111,1,72.9125253700165,62.79307561748543,10.490112414886182,4.413389533188737,0.9071910100995582,-137.85291548404155,-0.9461559799714202,0.9461559799714202,0.019346492113040487,28,0.4158333333333335,5988,0.3937158566295103,200.63636363636363,71.03939077246028,4.3088194444444445,1.6028411720696452
RHF_MPM_P28,795,0.03975,39.75,0,255,6.0575,32.37790998290519,87228,342.0705882352941,19,248,255,0.9256762248820747,105,105,307,0.021319444444444443,25,22,0.5581818181818182,71.55374592833876,61.90879478827362,0.08027777777777778,0.008402777777777778,0.02666666666666667,0.019097222222222224,0.013819444444444445,1,72.97484752602375,62.93218920530105,10.541882632885784,4.529386931673994,0.9029924757863557,-137.8986700481375,-0.9478720689747294,0.9478720689747294,0.018732517081671025,12,0.20659722222222232,2975,0.15243569609618154,209.45454545454547,77.39081885453344,4.503566919191919,1.6718502087520537
RHF_MPM_P28,796,0.0398,39.8,0,255,6.088611111111111,32.20723147341446,87676,343.82745098039214,21,247,255,0.9546524259791964,108,108,293,0.02034722222222222,23,21,0.6066252587991718,70.9283276450512,61.406143344709896,0.08326388888888889,0.008402777777777778,0.02673611111111111,0.018541666666666668,0.013472222222222222,1,72.98074729686573,62.95356768100734,10.641155518137744,4.592310152891924,0.902083646711445,-137.69700953369065,-0.9072332218315324,0.9072332218315324,0.014336876682330399,-14,0.031111111111110645,448,0.022177613025580387,217.0909090909091,81.02800250581674,4.69832702020202,1.719683660155559
RHF_MPM_P28,797,0.03985,39.85,0,255,6.214305555555556,32.489836715433405,89486,350.92549019607844,22,249,255,0.9626063574069931,109,109,294,0.020416666666666666,23,21,0.6086956521739131,70.89795918367346,61.4421768707483,0.08368055555555555,0.008541666666666666,0.027708333333333335,0.01861111111111111,0.013819444444444445,1,73.2369979661623,63.27096976063295,11.225488855542595,4.447471380877054,0.9181668208380956,-137.8975849902595,-0.9906459112513374,0.9906459112513374,0.01612542744116398,1,0.125694444444445,1810,0.4079319620544643,224.9090909090909,83.87268982913064,4.8955492424242415,1.757419114188186
RHF_MPM_P28,798,0.0399,39.9,0,255,6.220416666666667,32.54122214538474,89574,351.2705882352941,22,250,255,0.9889688103277205,110,110,293,0.02034722222222222,23,21,0.6066252587991718,70.93174061433447,61.389078498293514,0.08708333333333333,0.008680555555555556,0.025972222222222223,0.01875,0.014097222222222223,1,73.48121106571104,63.4546296916516,11.942978270600635,4.380270481983276,0.9303134878218192,-137.96757841048785,-1.196006692200388,1.196006692200388,0.021579922745439524,-1,0.006111111111111178,88,0.30556670017030946,232.1818181818182,85.96703192801527,5.086748737373737,1.7766437305399936
RHF_MPM_P28,799,0.03995,39.95,0,255,6.112013888888889,32.22490229447866,88013,345.1490196078431,23,250,255,0.9977280284156367,112,112,279,0.019375,22,20,0.634090909090909,70.65232974910394,61.121863799283155,0.08861111111111111,0.00875,0.024652777777777777,0.01840277777777778,0.014027777777777778,1,73.67363912149341,63.569256814334246,12.61236809682784,4.377697458699881,0.9378297527761088,-137.8345976793655,-1.3075348923681513,1.3075348923681513,0.024371399679592787,-14,-0.10840277777777807,-1561,0.2239819946037776,256.6363636363636,50.03866273787741,5.640637626262626,0.78148197780288
RHF_MPM_P28,800,0.04,40.0,0,255,6.055208333333334,31.80376147103668,87195,341.94117647058823,23,248,255,1.0395769277206495,111,111,274,0.01902777777777778,22,20,0.6227272727272727,70.54379562043796,61.003649635036496,0.09375,0.008541666666666666,0.024791666666666667,0.017916666666666668,0.013680555555555555,1,73.9205344343139,63.69602614828832,13.266877741028132,4.533498464064566,0.939803426694809,-137.80745203931252,-1.4182394944009669,1.4182394944009669,0.026538218934571936,-5,-0.05680555555555511,-818,0.2775387531929264,268.8181818181818,33.85481886424115,5.884040404040404,0.31873258108335395
RHF_MPM_P28,801,0.04005,40.05,0,255,6.015833333333333,31.62711607984165,86628,339.7176470588235,21,247,255,1.055768108019523,110,110,274,0.01902777777777778,22,21,0.5930735930735931,70.56204379562044,60.98905109489051,0.09569444444444444,0.008263888888888888,0.02486111111111111,0.017638888888888888,0.013472222222222222,1,74.01785796740084,63.76998199196564,13.529181853789035,4.5025660445334115,0.9429960166441138,-137.77780079102146,-1.5115549103232133,1.5115549103232133,0.027993258530729096,0,-0.039375000000000604,-567,0.12223476144923584,275.3636363636364,26.455014053956603,5.958194444444445,0.23484155116298627
RHF_MPM_P28,802,0.0401,40.1,0,255,5.899305555555555,31.33255982318238,84950,333.1372549019608,20,246,255,1.0351711156969503,109,109,270,0.01875,22,20,0.6136363636363636,70.54814814814814,60.977777777777774,0.09354166666666666,0.008263888888888888,0.024583333333333332,0.017152777777777777,0.013125,1,73.85556209535021,63.62416715715126,13.42404653992537,4.276131952262027,0.94790851454892,-138.0740365726581,-1.5613493498675215,1.5613493498675215,0.027310182460270747,-4,-0.11652777777777779,-1678,0.21817863354742406,280.72727272727275,17.236804750780493,5.983901515151515,0.21022033840597473
RHF_MPM_P28,803,0.04015,40.15,0,255,5.835972222222222,31.323452083761023,84038,329.5607843137255,19,249,255,1.0297760336180668,111,111,265,0.01840277777777778,22,20,0.6022727272727273,70.2377358490566,60.60754716981132,0.093125,0.008194444444444445,0.024027777777777776,0.017430555555555557,0.013125,1,73.60081153763774,63.376555843784956,13.423439845447724,4.277254355044793,0.9478755721122792,-138.18193449972003,-1.6135965996590713,1.6135965996590713,0.027999238439753445,-5,-0.06333333333333346,-912,0.3552593547843623,282.8181818181818,13.374454495711264,5.980467171717172,0.21229021195867676
RHF_MPM_P28,804,0.0402,40.2,0,255,5.694583333333333,30.90584354299631,82002,321.5764705882353,18,244,255,1.022083370641263,109,109,265,0.01840277777777778,22,20,0.6022727272727273,70.24905660377358,60.5622641509434,0.09243055555555556,0.008125,0.023680555555555555,0.016875,0.012777777777777779,1,73.42766030096827,63.14095997658594,13.214184276475837,4.359966375166818,0.9439998307924362,-138.30429735260498,-1.5845188115617683,1.5845188115617683,0.02751152410916807,0,-0.1413888888888888,-2036,0.29238119536218987,282.6363636363636,13.599951385425994,6.004059343434343,0.15779355527029082
RHF_MPM_P28,805,0.04025,40.25,0,255,5.468680555555555,30.34021885556383,78749,308.81960784313725,18,238,255,0.9751522565459435,109,109,252,0.0175,21,20,0.6,70.01587301587301,60.317460317460316,0.08763888888888889,0.0077083333333333335,0.022916666666666665,0.016180555555555556,0.012291666666666666,1,73.11733482329934,62.89783997257108,12.925654050240654,4.222668843789954,0.9451318981888289,-138.46172037688572,-1.660764913784981,1.660764913784981,0.02768289121131697,-13,-0.22590277777777779,-3253,0.3942197844383682,278.72727272727275,15.5276346562034,5.969311868686869,0.2182115576527175
RHF_MPM_P28,806,0.0403,40.3,0,255,5.311944444444444,29.937899551445977,76492,299.96862745098036,16,230,255,0.9471178189368945,110,110,245,0.017013888888888887,21,19,0.6140350877192983,69.86122448979592,60.06530612244898,0.08472222222222223,0.007291666666666667,0.022291666666666668,0.015694444444444445,0.011944444444444445,1,72.88475919050359,62.63288971395701,12.725233439136955,4.30844811921521,0.9409393454966889,-138.10714352536306,-1.685009527470574,1.685009527470574,0.027741463159546096,-7,-0.15673611111111097,-2257,0.3525479605812614,273.09090909090907,15.494600499144829,5.901534090909092,0.285657424837174
RHF_MPM_P28,807,0.04035,40.35,0,255,5.0846527777777775,29.339724455581326,73219,287.1333333333333,16,227,255,0.907020423118284,110,110,233,0.016180555555555556,20,18,0.6472222222222223,69.43347639484979,59.7038626609442,0.08055555555555556,0.007083333333333333,0.020972222222222222,0.014930555555555556,0.011597222222222222,1,72.4180745434928,62.20300741610784,12.043966641494281,4.3175544775029,0.9335363444168364,-138.561279369799,-1.8161019943805146,1.8161019943805146,0.028203062046736505,-12,-0.2272916666666669,-3273,0.6345024426743081,267.6363636363636,17.900090031631013,5.810265151515151,0.3615960659464061
RHF_MPM_P28,808,0.0404,40.4,0,255,4.944652777777778,29.03818712807313,71203,279.2274509803922,15,225,255,0.8864935509289316,110,110,231,0.016041666666666666,20,18,0.6416666666666667,69.24675324675324,59.57142857142857,0.07868055555555556,0.006875,0.020694444444444446,0.014652777777777778,0.011527777777777777,1,72.05466061823238,61.87820737890257,11.776015164615014,4.30155247126281,0.9308973750167671,-138.758455229393,-1.749436174297842,1.749436174297842,0.028425768577166693,-2,-0.13999999999999968,-2016,0.48740613993027987,261.90909090909093,18.61306747937415,5.694842171717171,0.4131649341075787
RHF_MPM_P28,809,0.04045,40.45,0,255,4.896805555555556,28.940850421659317,70514,276.5254901960784,14,224,255,0.8764456254222507,110,110,228,0.015833333333333335,19,17,0.7058823529411765,69.0701754385965,59.425438596491226,0.07791666666666666,0.006875,0.020694444444444446,0.014513888888888889,0.01138888888888889,1,71.90633065774172,61.68616161329665,11.43566964666492,4.4313746309177295,0.9218677683661508,-138.9576967339996,-1.8979157287705946,1.8979157287705946,0.029653685792892192,-3,-0.04784722222222193,-689,0.24265892373107928,256.0,18.115789195666252,5.574513888888888,0.4347542596788702
RHF_MPM_P28,810,0.0405,40.5,0,255,4.85,28.908762128077676,69840,273.88235294117646,14,222,255,0.8606290690278566,108,108,232,0.01611111111111111,19,18,0.6783625730994152,69.125,59.581896551724135,0.07645833333333334,0.006875,0.02034722222222222,0.014513888888888889,0.011180555555555555,1,71.62902348224513,61.51977376861397,11.121962159601551,4.331530138007964,0.9210444921534328,-138.8468250802042,-1.701727368650557,1.701727368650557,0.0290950744558992,4,-0.04680555555555621,-674,0.3233947810958634,251.72727272727272,17.72564095053936,5.459785353535354,0.4441896656244336
RHF_MPM_P28,811,0.04055,40.55,0,255,4.820069444444444,29.00682486733194,69409,272.1921568627451,13,226,255,0.8238091131015182,105,105,234,0.01625,19,18,0.6842105263157895,69.12393162393163,59.5940170940171,0.07243055555555555,0.007083333333333333,0.02048611111111111,0.014513888888888889,0.011319444444444444,1,71.36861213963607,61.298851733925,10.305622222725512,4.411073075425602,0.9037664751002503,-138.97003724451966,-1.7880177199320098,1.7880177199320098,0.027575674624328257,2,-0.02993055555555557,-431,0.34149760287675557,248.0909090909091,16.86553530107288,5.3475,0.4355110855693111
RHF_MPM_P28,812,0.0406,40.6,0,255,4.765,28.876288763928404,68616,269.08235294117645,13,224,255,0.8118598765452323,110,110,228,0.015833333333333335,19,17,0.7058823529411765,69.04824561403508,59.416666666666664,0.07104166666666667,0.007013888888888889,0.02048611111111111,0.014444444444444444,0.011111111111111112,1,71.2039028797948,61.106607788270956,9.977380353862252,4.481397112752525,0.8934535075454537,-138.62172975196478,-1.5786159713130588,1.5786159713130588,0.026626442812172087,-6,-0.05506944444444439,-793,0.25315385621810005,243.9090909090909,15.576523975956693,5.233787878787878,0.4086308465340805
RHF_MPM_P28,813,0.04065,40.65,0,255,4.7179166666666665,28.840220971062653,67938,266.4235294117647,12,224,255,0.7913184616414068,108,108,234,0.01625,20,18,0.65,69.1923076923077,59.666666666666664,0.06895833333333333,0.006805555555555555,0.020277777777777777,0.014513888888888889,0.011041666666666667,1,71.07171244369867,61.08856604551208,9.666809928700687,4.17355792149149,0.9019976344175715,-139.46159490227558,-1.4728270979966198,1.4728270979966198,0.02590597309311431,6,-0.047083333333333144,-678,0.13341595060959127,240.63636363636363,13.377543783742606,5.126388888888889,0.3733265950382462
RHF_MPM_P28,814,0.0407,40.7,0,255,4.705486111111111,28.76566236007258,67759,265.721568627451,12,223,255,0.7782203836251806,109,109,231,0.016041666666666666,19,18,0.6754385964912281,69.11255411255411,59.683982683982684,0.06756944444444445,0.006805555555555555,0.020625,0.014305555555555556,0.011111111111111112,1,71.06657418202748,61.13806284036069,9.619778185017216,4.223977771702909,0.8984415901296039,-138.61234970886068,-1.437879107308378,1.437879107308378,0.026121991174604113,-3,-0.0124305555555555,-179,0.0497627816072093,237.54545454545453,11.130332318518668,5.023617424242425,0.31486925716536956
RHF_MPM_P28,815,0.04075,40.75,0,255,4.676180555555556,28.69452259715277,67337,264.06666666666666,12,225,255,0.7704548570755035,109,109,229,0.015902777777777776,19,18,0.6695906432748538,69.17467248908297,59.63755458515284,0.06652777777777778,0.006527777777777778,0.02034722222222222,0.014375,0.011041666666666667,1,70.99588636262382,61.06690229739964,9.449360200174171,4.187575241803705,0.8964427013748648,-139.20983482637607,-1.330728321251979,1.330728321251979,0.024592720198405037,-2,-0.02930555555555525,-422,0.10030249591388625,234.27272727272728,7.161651778629502,4.9310353535353535,0.2462076781844648
RHF_MPM_P28,816,0.0408,40.8,0,255,4.547361111111111,28.302041175557143,65482,256.7921568627451,10,214,255,0.7518845211689258,109,109,223,0.015486111111111112,19,18,0.652046783625731,69.0762331838565,59.61434977578475,0.06430555555555556,0.00625,0.02,0.014027777777777778,0.010694444444444444,1,70.83908555022754,60.9771234843163,9.285168043734933,4.286802358094413,0.8870450915552558,-138.43986808889426,-1.3033853390583359,1.3033853390583359,0.0233957423414068,-6,-0.12881944444444482,-1855,0.18068406140771884,231.63636363636363,5.2270750950782,4.8472790404040405,0.20175990905674612
RHF_MPM_P28,817,0.04085,40.85,0,255,4.496111111111111,28.098833237716256,64744,253.89803921568628,11,215,255,0.7495452035569146,109,109,218,0.01513888888888889,19,18,0.6374269005847953,68.97247706422019,59.37614678899082,0.06416666666666666,0.0060416666666666665,0.01965277777777778,0.013888888888888888,0.010416666666666666,1,70.79377239589769,60.86066662547881,9.272543557458876,4.228760786620837,0.889953198792877,-139.1553471645012,-1.3517869943377052,1.3517869943377052,0.024450142098109477,-5,-0.051249999999999574,-738,0.12496192190270085,229.1818181818182,4.686890456236451,4.773112373737373,0.16367234672062847
RHF_MPM_P28,818,0.0409,40.9,0,255,4.393194444444444,27.73527353621842,63262,248.08627450980393,10,202,255,0.7398530322685116,109,109,212,0.014722222222222222,19,18,0.6198830409356725,68.98584905660377,59.320754716981135,0.06326388888888888,0.0060416666666666665,0.019166666666666665,0.01375,0.010347222222222223,1,70.74000189687332,60.75045050741361,9.285184135833713,4.228937522640971,0.8902613422341616,-138.49275457142568,-1.1944338664563863,1.1944338664563863,0.02415352028073725,-6,-0.10291666666666721,-1482,0.12263302673705273,227.27272727272728,6.620778711284772,4.710252525252526,0.16472849603709183
RHF_MPM_P28,819,0.04095,40.95,0,255,4.328125,27.557158539336974,62325,244.41176470588235,9,201,255,0.74175921093272,108,108,212,0.014722222222222222,19,17,0.6563467492260062,68.91981132075472,59.31132075471698,0.06381944444444444,0.0059722222222222225,0.019166666666666665,0.013541666666666667,0.010208333333333333,1,70.66872041716807,60.74475732049739,9.101039354655247,4.154474865011155,0.8897318457678203,-139.43332182551765,-1.3668160048006939,1.3668160048006939,0.02466105094263939,0,-0.06506944444444418,-937,0.0715084731079667,225.54545454545453,7.797011506324206,4.6542045454545455,0.17964942684193635
RHF_MPM_P28,820,0.041,41.0,0,255,4.3440972222222225,27.851176912924025,62555,245.31372549019608,8,207,255,0.7325210676828438,110,110,213,0.014791666666666667,19,18,0.6228070175438597,68.82629107981221,59.201877934272304,0.06347222222222222,0.006458333333333333,0.01875,0.013958333333333333,0.010555555555555556,1,70.4063144432899,60.47220845655823,8.800637234606318,4.213040907718873,0.8779676405399295,-139.29604706172597,-1.2474068687097022,1.2474068687097022,0.02468227959395732,1,0.0159722222222225,230,0.3783381798886836,224.1818181818182,8.526090245595167,4.603958333333334,0.1820471676825083
RHF_MPM_P28,821,0.04105,41.05,0,255,4.353888888888889,28.12788822481443,62696,245.86666666666667,7,215,255,0.7159791779884619,110,110,218,0.01513888888888889,19,18,0.6374269005847953,68.97247706422019,59.288990825688074,0.06180555555555556,0.006597222222222222,0.018680555555555554,0.014166666666666666,0.010694444444444444,1,70.23181702181958,60.233220620135256,8.267373472869023,4.3559754076784865,0.8499350591601389,-139.87324098967446,-1.198741302041598,1.198741302041598,0.022712772744672708,5,0.009791666666666643,141,0.2959130548960686,222.9090909090909,8.306126385818487,4.558857323232323,0.1768861978655544
RHF_MPM_P28,822,0.0411,41.1,0,255,4.361458333333333,28.224749788989122,62805,246.2941176470588,7,217,255,0.7182873768264513,111,111,217,0.015069444444444444,19,18,0.6345029239766082,68.97695852534562,59.25806451612903,0.06229166666666667,0.006597222222222222,0.018680555555555554,0.01423611111111111,0.010902777777777779,1,70.17759732505374,60.131024599952234,7.963651891507035,4.388404120989791,0.8344694286225363,-140.16914190799545,-1.4136831902770741,1.4136831902770741,0.021431414696282142,-1,0.007569444444444073,109,0.11568838342127756,221.36363636363637,7.654739794553048,4.517165404040404,0.16398176409386553
RHF_MPM_P28,823,0.04115,41.15,0,255,4.440416666666667,28.496957534362817,63942,250.75294117647059,7,221,255,0.7223092020010559,109,109,224,0.015555555555555555,19,18,0.6549707602339181,69.15178571428571,59.450892857142854,0.06277777777777778,0.006805555555555555,0.01951388888888889,0.014583333333333334,0.010972222222222222,1,70.25823402458478,60.203403084044915,8.011480334830383,4.529408840262191,0.8248409921002522,-139.52347203989126,-0.8761010353441182,0.8761010353441182,0.019627162115667323,7,0.07895833333333346,1137,0.10835553641053104,221.0,7.422325046163708,4.487657828282828,0.14481364920122342
RHF_MPM_P28,824,0.0412,41.2,0,255,4.447847222222222,28.4733584460787,64049,251.17254901960786,7,221,255,0.7142940308796393,110,110,223,0.015486111111111112,19,18,0.652046783625731,69.12107623318386,59.45739910313901,0.06159722222222222,0.006666666666666667,0.019444444444444445,0.014583333333333334,0.010972222222222222,1,70.29713188340178,60.27497697075676,7.914093294740145,4.280111852470838,0.8411373840794127,-140.2547600333064,-0.9730536589984228,0.9730536589984228,0.0194070165029899,-1,0.007430555555555607,107,0.08146081683599198,220.0,6.252272314199781,4.4631060606060595,0.12526916198518273
RHF_MPM_P28,825,0.04125,41.25,0,255,4.408888888888889,28.233496238980802,63488,248.97254901960784,7,214,255,0.7172898604235561,104,104,226,0.015694444444444445,20,18,0.6277777777777778,69.20353982300885,59.508849557522126,0.06166666666666667,0.006458333333333333,0.019583333333333335,0.014166666666666666,0.010902777777777779,1,70.32376197076613,60.31388608870968,7.966583033343904,4.375567496555506,0.8356645409737042,-140.1707584663547,-0.9326200290545934,0.9326200290545934,0.01932648689516129,3,-0.03895833333333343,-561,0.0471495600499859,219.54545454545453,5.581847793821364,4.436142676767677,0.0994576842258107
RHF_MPM_P28,826,0.0413,41.3,0,255,4.337986111111111,27.86669908988996,62467,244.9686274509804,8,211,255,0.7298679179895109,108,108,218,0.01513888888888889,19,18,0.6374269005847953,69.10550458715596,59.42660550458716,0.06291666666666666,0.0061805555555555555,0.01902777777777778,0.01375,0.010555555555555556,1,70.38613988185762,60.38297020826997,8.398006751911103,4.289248481314639,0.8597316490065804,-139.86526325373075,-0.8926771371424709,0.8926771371424709,0.022027630588950967,-8,-0.07090277777777754,-1021,0.09307856556456837,218.54545454545453,4.7167715531173995,4.405397727272727,0.067708531409378
RHF_MPM_P28,827,0.04135,41.35,0,255,4.295138888888889,27.75933734264801,61850,242.54901960784315,7,210,255,0.7088436656551247,106,106,217,0.015069444444444444,19,18,0.6345029239766082,69.09216589861751,59.474654377880185,0.06069444444444445,0.0060416666666666665,0.01888888888888889,0.013680555555555555,0.010416666666666666,1,70.3266127728375,60.4109458367017,8.290711736878574,4.141275567596955,0.8663093622079714,-139.66968596556856,-1.0333317724580415,1.0333317724580415,0.021956345998383184,-1,-0.04284722222222204,-617,0.06577318978461047,218.0,4.51260859854213,4.382468434343434,0.057721139467789874
RHF_MPM_P28,828,0.0414,41.4,0,255,4.082569444444444,27.01537219926133,58789,230.54509803921567,5,196,255,0.68641927381086,109,109,203,0.014097222222222223,18,17,0.6633986928104575,68.61083743842364,59.1871921182266,0.058680555555555555,0.005694444444444445,0.017916666666666668,0.013125,0.009791666666666667,1,70.00484784568542,60.20034360169419,8.262843012917319,4.299615066522492,0.8539497918114479,-138.8865107951555,-0.938173859456338,0.938173859456338,0.021602680773614113,-14,-0.21256944444444503,-3061,0.3845594488961957,216.63636363636363,6.241688688644317,4.344873737373738,0.09444902515156746
RHF_MPM_P28,829,0.04145,41.45,0,255,3.9791666666666665,26.779977685971122,57300,224.7058823529412,4,192,255,0.6662343924569718,109,109,199,0.013819444444444445,18,17,0.6503267973856209,68.46733668341709,59.120603015075375,0.05673611111111111,0.005694444444444445,0.017569444444444443,0.012708333333333334,0.009583333333333333,1,69.75193717277487,59.99664921465968,7.991107717428529,4.4378691359765705,0.831616101280887,-138.20826297479718,-0.9201163353030374,0.9201163353030374,0.021239092495636998,-4,-0.10340277777777773,-1489,0.32473868229921327,215.45454545454547,7.992765323757552,4.307234848484849,0.13946326566895273
RHF_MPM_P28,830,0.0415,41.5,0,255,3.9699305555555555,26.8610234715586,57167,224.1843137254902,3,192,255,0.6614086084555955,105,105,203,0.014097222222222223,18,17,0.6633986928104575,68.51724137931035,59.05418719211823,0.05618055555555555,0.005763888888888889,0.0175,0.012777777777777779,0.009722222222222222,1,69.65887662462609,59.884758689453705,7.70030832060825,4.290700231129511,0.8303706169179057,-138.9070573729197,-1.0730317113387917,1.0730317113387917,0.019556737278499835,4,-0.009236111111111,-133,0.14553266043270857,214.63636363636363,8.731059784394887,4.274671717171717,0.16939031904549048
RHF_MPM_P28,831,0.04155,41.55,0,255,3.8629861111111112,26.48392944524884,55627,218.1450980392157,2,186,255,0.6334299953946254,108,108,198,0.01375,18,17,0.6470588235294118,68.42424242424242,59.10606060606061,0.05333333333333334,0.005555555555555556,0.017222222222222222,0.0125,0.00951388888888889,1,69.52632714329373,59.8129145918349,7.386961291512692,4.199521534589376,0.822680077849744,-139.0498667531794,-1.2758017120185439,1.2758017120185439,0.01777913603106405,-5,-0.10694444444444429,-1540,0.15076783265716476,213.27272727272728,9.964399439923467,4.230934343434344,0.2043273850421436
RHF_MPM_P28,832,0.0416,41.6,0,255,3.79875,26.25366479378006,54702,214.51764705882354,2,181,255,0.6295067172950439,104,104,195,0.013541666666666667,17,17,0.6747404844290658,68.27692307692308,58.96410256410256,0.05291666666666667,0.005347222222222222,0.016944444444444446,0.012361111111111111,0.009375,1,69.33316880552813,59.68525830865416,7.340097589043252,4.265617100014512,0.8138043023570734,-138.7175984354567,-1.091324843047289,1.091324843047289,0.01817118204087602,-3,-0.06423611111111116,-925,0.2315302789785552,211.1818181818182,11.101336379980909,4.180467171717172,0.2341125758513256
RHF_MPM_P28,833,0.04165,41.65,0,255,3.795138888888889,26.33477535572053,54650,214.31372549019608,1,183,255,0.616637097149384,109,109,194,0.013472222222222222,17,17,0.671280276816609,68.29896907216495,58.881443298969074,0.051666666666666666,0.005277777777777778,0.016875,0.012569444444444444,0.009375,1,69.31174748398902,59.63258920402562,7.240311366730151,4.0806312344412285,0.8260486212558336,-137.59196419664946,-0.9375093390270867,0.9375093390270867,0.0177676120768527,-1,-0.0036111111111112315,-52,0.05685866335796319,209.0909090909091,11.942700664990047,4.1289835858585855,0.2503560390382162
RHF_MPM_P28,834,0.0417,41.7,0,255,3.9315277777777777,26.872107707917053,56614,222.01568627450982,2,189,255,0.6328701578071695,108,108,202,0.014027777777777778,18,17,0.6601307189542484,68.54950495049505,59.08910891089109,0.05347222222222222,0.005902777777777778,0.017638888888888888,0.012916666666666667,0.009930555555555555,1,69.46631575228741,59.67264280919914,7.201397903148707,4.2876403846443,0.8034368260787853,-138.3827521176795,-1.24523136343752,1.24523136343752,0.01727487900519306,8,0.1363888888888889,1964,0.1596735446220177,207.0909090909091,11.090163909392416,4.082720959595959,0.23508514994268387
RHF_MPM_P28,835,0.04175,41.75,0,255,4.048125,27.2586780898597,58293,228.6,2,200,255,0.6450486415033587,110,110,204,0.014166666666666666,18,17,0.6666666666666666,68.52941176470588,59.0,0.05465277777777778,0.006111111111111111,0.017847222222222223,0.013333333333333334,0.010069444444444445,1,69.51383528039388,59.66076544353525,7.220938557947443,4.34235160114165,0.7989815279335183,-139.12326047758128,-1.1772528014576285,1.1772528014576285,0.017291956152539756,2,0.11659722222222202,1679,0.04898139816884283,205.36363636363637,9.892813987690324,4.046382575757575,0.2047769825001237
RHF_MPM_P28,836,0.0418,41.8,0,255,4.097916666666666,27.445190250423558,59010,231.41176470588235,2,205,255,0.6443564052359771,108,108,208,0.014444444444444444,18,17,0.6797385620915033,68.6826923076923,58.95673076923077,0.05444444444444444,0.00625,0.018055555555555554,0.013541666666666667,0.010277777777777778,1,69.62321640399932,59.697373326554825,7.272708234652261,4.232788437908703,0.8131816752757103,-138.9149723180752,-0.9150128881810674,0.9150128881810674,0.016539569564480598,4,0.04979166666666668,717,0.1153445590410085,203.72727272727272,7.556946342043784,4.018112373737375,0.17154999962939269
RHF_MPM_P28,837,0.04185,41.85,0,255,4.1225,27.553362254501316,59364,232.8,3,211,255,0.6458692787605922,109,109,208,0.014444444444444444,18,17,0.6797385620915033,68.58173076923077,58.89903846153846,0.05472222222222222,0.00625,0.017847222222222223,0.013472222222222222,0.010277777777777778,1,69.55550501987737,59.616467892999125,7.238644676532892,4.245622168002041,0.8099335143062069,-138.41110193803388,-0.9329400023508742,0.9329400023508742,0.018630820025604743,0,0.02458333333333318,354,0.10550128301848213,202.8181818181818,6.278653327211639,3.9985227272727273,0.1439948540816289
RHF_MPM_P28,838,0.0419,41.9,0,255,4.2086805555555555,27.789628754530387,60605,237.66666666666666,4,215,255,0.679235926141932,110,110,213,0.014791666666666667,18,17,0.696078431372549,68.69483568075117,59.01877934272301,0.058055555555555555,0.006319444444444444,0.01826388888888889,0.013819444444444445,0.010347222222222223,1,69.6953716690042,59.6249979374639,7.476554539713841,4.360614156811267,0.8123009901672238,-140.86689927601688,-0.7537176503108359,0.7537176503108359,0.01833182080686412,5,0.08618055555555593,1241,0.14012651853428346,202.45454545454547,5.516316893192024,3.990662878787879,0.12918813415757885
RHF_MPM_P28,839,0.04195,41.95,0,255,4.0368055555555555,27.13354383243434,58130,227.9607843137255,2,198,255,0.6375862788464388,107,107,205,0.01423611111111111,18,17,0.6699346405228758,68.68780487804878,59.04390243902439,0.05347222222222222,0.005694444444444445,0.018125,0.01326388888888889,0.01,1,69.63390676070875,59.72043695166007,7.220121370352581,4.1286931762529395,0.8203710631772558,-140.0058779066555,-0.8263759217994426,0.8263759217994426,0.016067435059349735,-8,-0.171875,-2475,0.11351889879004298,202.63636363636363,5.56405227203613,3.9865025252525244,0.1268776253395566
RHF_MPM_P28,840,0.042,42.0,0,255,4.149583333333333,27.547650380623306,59754,234.3294117647059,4,209,255,0.6686329813933021,111,111,206,0.014305555555555556,18,17,0.673202614379085,68.60679611650485,58.85436893203884,0.056805555555555554,0.006111111111111111,0.018055555555555554,0.013472222222222222,0.010208333333333333,1,69.63088663520433,59.61815108611976,7.35587850350655,4.357894988773808,0.8056167434192423,-140.009220991016,-0.9991676491617604,0.9991676491617604,0.018191250794925864,1,0.11277777777777764,1624,0.10233044242742623,203.27272727272728,5.511820505899679,4.001994949494949,0.13516946191388177
RHF_MPM_P28,841,0.04205,42.05,0,255,3.9068055555555556,26.613471595248146,56258,220.61960784313726,2,187,255,0.6317881060630446,108,108,200,0.013888888888888888,18,17,0.6535947712418301,68.535,58.93,0.05291666666666667,0.005416666666666667,0.017430555555555557,0.012986111111111111,0.009652777777777777,1,69.49312097834975,59.55485442070461,7.188147349700765,4.436272713180644,0.78683378486175,-138.7294045966253,-0.835417506559756,0.835417506559756,0.017384194247929183,-6,-0.24277777777777754,-3496,0.1516108309496798,203.0,5.592202363356254,3.996256313131313,0.13772477882104572
RHF_MPM_P28,842,0.0421,42.1,0,255,3.8644444444444446,26.468017119665642,55648,218.22745098039215,2,182,255,0.6404374893519292,109,109,196,0.01361111111111111,17,17,0.6782006920415224,68.3265306122449,58.79081632653061,0.05409722222222222,0.005555555555555556,0.017013888888888887,0.012569444444444444,0.00951388888888889,1,69.34642754456584,59.473530046003454,7.142033903197002,4.28137901890642,0.8004031030505313,-139.3899788525537,-0.9543256613979677,0.9543256613979677,0.01877875215641173,-4,-0.04236111111111107,-610,0.16772780758075823,202.8181818181818,5.781132034758054,3.9963888888888888,0.13759706998563134
RHF_MPM_P28,843,0.04215,42.15,0,255,3.8477083333333333,26.38480337078392,55407,217.28235294117647,1,178,255,0.6276835925441523,108,108,195,0.013541666666666667,17,17,0.6747404844290658,68.34358974358975,58.84102564102564,0.0525,0.005347222222222222,0.017222222222222222,0.012569444444444444,0.009583333333333333,1,69.27779883408233,59.43532405652715,7.183227157673904,4.319353291476806,0.7990150919072495,-136.1909845104331,-0.7952285817784435,0.7952285817784435,0.01761510278484668,-1,-0.016736111111111285,-241,0.07854678564074193,202.8181818181818,5.781132034758054,4.000839646464646,0.13180197469931662
RHF_MPM_P28,844,0.0422,42.2,0,255,3.753888888888889,26.109467448266713,54056,211.98431372549018,0,179,255,0.5992326116467324,108,108,191,0.01326388888888889,16,16,0.74609375,67.90052356020942,58.27748691099477,0.05,0.005347222222222222,0.01673611111111111,0.0125,0.009027777777777777,1,68.90224951901732,59.08616989788368,6.8744210832424635,3.8994022725315163,0.82355698054341,-138.2159980197529,-1.3886004717086837,1.3886004717086837,0.018055350007399735,-4,-0.09381944444444423,-1351,0.5127825216832502,202.54545454545453,6.2430126230506895,3.997089646464646,0.13804036082413532
RHF_MPM_P28,845,0.04225,42.25,0,11,0.019444444444444445,0.35400050568423114,280,25.454545454545453,0,0,7,0.0552855579499475,3,8,11,0.0007638888888888889,64,107,0.0016063084112149532,92.54545454545455,64.54545454545455,0.0044444444444444444,0.0,0.0,0.0,0.0,0,86.725,65.83571428571429,33.304195507016225,22.82721004115687,0.7281522268007852,106.73640071318013,-0.396803279780595,0.396803279780595,0.0,-180,-3.7344444444444447,-53776,19.057984787239807,185.1818181818182,55.433528058909,3.6414457070707074,1.1534793539550285
RHF_MPM_P28,846,0.0423,42.3,0,255,3.337083333333333,22.69694943632905,48054,188.4470588235294,5,103,255,0.6915749830894783,108,108,138,0.009583333333333333,14,13,0.7582417582417582,64.5,55.13768115942029,0.057847222222222223,0.0029861111111111113,0.014791666666666667,0.008888888888888889,0.006319444444444444,1,63.58238648187456,53.23138552461814,7.171653401432756,5.46741215927778,0.6471481684188473,54.440673325905564,-1.048612249384454,1.048612249384454,0.009905522953344155,127,3.317638888888889,47774,26.35241286803009,179.1818181818182,56.63089131595643,3.576805555555556,1.1487917520828044
RHF_MPM_P28,847,0.04235,42.35,0,255,6.358680555555556,28.143400665819403,91565,359.078431372549,30,175,255,1.4346734168014472,95,95,263,0.01826388888888889,25,30,0.3506666666666667,59.98479087452471,49.67680608365019,0.1359027777777778,0.005277777777777778,0.025902777777777778,0.013541666666666667,0.009166666666666667,1,54.313591437776445,42.50560803800579,18.291653007996562,5.613365815043624,0.9517478040149655,50.829336303035724,-0.7392758360363169,0.7392758360363169,0.02704089990716977,125,3.0215972222222227,43511,14.175784431974765,184.1818181818182,61.19836329038129,3.782329545454546,1.3986869783357472
RHF_MPM_P28,848,0.0424,42.4,0,255,6.799166666666666,31.176018193744156,97908,383.9529411764706,34,232,255,1.2429267899843337,92,92,348,0.024166666666666666,35,44,0.22597402597402597,56.39080459770115,46.008620689655174,0.11159722222222222,0.0075,0.033819444444444444,0.014513888888888889,0.011458333333333333,1,53.87219634759162,42.66609470114802,19.168186822955665,4.573848865070381,0.9711138377695777,51.446758491598594,-0.8950842896815957,0.8950842896815957,0.01340033500837521,85,0.44048611111111047,6343,0.46966540716322597,196.9090909090909,77.27454543315558,4.0256628787878785,1.6474179784405705
RHF_MPM_P28,849,0.04245,42.45,0,255,6.307152777777778,30.640589527872134,90823,356.1686274509804,33,235,255,1.1144068908037095,110,110,240,0.016666666666666666,19,19,0.6648199445983379,61.5375,52.44166666666667,0.09826388888888889,0.007361111111111111,0.030555555555555555,0.015416666666666667,0.011527777777777777,1,54.49425806238508,44.03395615648019,19.905924477072876,4.3144886282395865,0.9762284884654736,49.98183846359609,-1.1490741103880202,1.1490741103880202,0.004965702520286712,-108,-0.49201388888888875,-7085,1.5026662097735535,199.36363636363637,78.1702951339082,4.216433080808081,1.774189204627843
RHF_MPM_P28,850,0.0425,42.5,0,255,6.360069444444444,32.52953576701333,91585,359.15686274509807,24,251,255,1.0603319528203978,108,108,298,0.020694444444444446,22,21,0.645021645021645,60.36241610738255,51.27852348993289,0.09472222222222222,0.008888888888888889,0.02715277777777778,0.018819444444444444,0.013680555555555555,1,57.32787028443522,47.65566413714036,15.038633547424785,4.802672133894773,0.947634944614513,47.222715212886946,-1.6182034452609362,1.6182034452609362,0.02692580662772288,58,0.0529166666666665,762,4.598491809509891,207.8181818181818,83.1907099072729,4.427638888888889,1.8756197680339206
RHF_MPM_P28,851,0.04255,42.55,0,255,6.776041666666667,34.02855289472909,97575,382.6470588235294,26,253,255,1.0263469494948383,108,108,333,0.023125,25,24,0.555,59.38438438438438,50.489489489489486,0.0901388888888889,0.00951388888888889,0.029375,0.021111111111111112,0.015347222222222222,1,57.01329233922623,47.519682295669995,15.383385218317512,4.710636177692483,0.9519621112644018,47.25118399237638,-1.8054656453868292,1.8054656453868292,0.04274660517550602,35,0.41597222222222285,5990,0.3427102928445272,219.36363636363637,90.61835327577533,4.666407828282828,1.9887869464192236
RHF_MPM_P28,852,0.0426,42.6,0,255,6.7411111111111115,34.14579328065805,97072,380.6745098039216,24,254,255,1.023803489597954,109,109,327,0.022708333333333334,25,23,0.568695652173913,59.559633027522935,50.81651376146789,0.09020833333333333,0.00951388888888889,0.030208333333333334,0.020902777777777777,0.015416666666666667,1,58.109650568650075,48.710967117191366,12.993785008517701,5.060223860115791,0.9210543026474267,48.55670555377688,-1.8728823761357853,1.8728823761357853,0.034582577880336245,-6,-0.034930555555555465,-503,1.6189999670205641,230.9090909090909,95.38101063672289,4.924071969696969,2.0561461721184515
RHF_MPM_P28,853,0.04265,42.65,0,255,6.944444444444445,34.959889273633166,100000,392.15686274509807,22,254,255,1.019595974415403,108,108,348,0.024166666666666666,25,24,0.58,58.9367816091954,50.44827586206897,0.08972222222222222,0.00986111111111111,0.03180555555555555,0.022152777777777778,0.01625,1,58.30451,49.34322,10.30469480928619,5.2710253821216115,0.8592732261128736,-136.07403960906214,0.7331986118932073,0.7331986118932073,0.00921,21,0.20333333333333314,2928,0.6615995055967375,244.72727272727272,100.21076961638124,5.20407196969697,2.1019861243538087
RHF_MPM_P28,854,0.0427,42.7,0,255,6.345347222222222,32.65426804274159,91373,358.3254901960784,22,248,255,0.9953645520141848,105,105,309,0.021458333333333333,25,23,0.5373913043478261,59.737864077669904,51.288025889967635,0.08652777777777777,0.008541666666666666,0.029513888888888888,0.019305555555555555,0.01375,1,58.18388364177601,49.358410033598545,10.915016907966487,4.9655378645044195,0.8905286411197566,-137.28151194539237,0.8292154454072642,0.8292154454072642,0.011491359592002013,-39,-0.5990972222222224,-8627,0.12157900895757669,255.0909090909091,100.42677526478009,5.43113005050505,2.077968416332944
RHF_MPM_P28,855,0.04275,42.75,0,255,5.702569444444444,30.681039549571977,82117,322.02745098039213,20,238,255,0.9632644652287541,109,109,258,0.017916666666666668,22,20,0.5863636363636363,61.1124031007752,52.44186046511628,0.08458333333333333,0.0077083333333333335,0.025416666666666667,0.016666666666666666,0.012013888888888888,1,58.788265523582204,50.050586358488495,11.185316592759962,4.75292099763998,0.9052285447350502,-138.73873605782882,1.11853605893811,1.11853605893811,0.01894857337701085,-51,-0.6427777777777779,-9256,0.9189045237638943,261.1818181818182,98.36556879298234,5.608282828282828,2.0093600833235463
RHF_MPM_P28,856,0.0428,42.8,0,255,5.261388888888889,29.667989357478074,75764,297.1137254901961,17,225,255,0.9237895118871873,109,109,245,0.017013888888888887,22,18,0.6186868686868687,61.31428571428572,52.5265306122449,0.08145833333333333,0.006944444444444444,0.022152777777777778,0.015902777777777776,0.011666666666666667,1,59.13885222533129,50.33163507734544,11.39671215580238,4.51863466191893,0.9180408496735135,-139.68505902885894,1.3931525507466973,1.3931525507466973,0.026965313341428647,-13,-0.44118055555555546,-6353,0.449332190939435,282.45454545454544,59.64038234796597,6.084823232323232,0.9908687643589341
RHF_MPM_P28,857,0.04285,42.85,0,255,4.622430555555556,27.76412322651022,66563,261.03137254901964,14,202,255,0.8563187443430442,108,108,215,0.014930555555555556,21,17,0.6022408963585434,61.86046511627907,52.967441860465115,0.07548611111111111,0.0060416666666666665,0.019444444444444445,0.013680555555555555,0.010138888888888888,1,59.46240403827952,50.63921397773538,11.741265528280337,4.280293422846019,0.9311833124648623,-139.26990179857705,1.683561797341179,1.683561797341179,0.030557516938839895,-30,-0.6389583333333331,-9201,0.4464197079287305,289.45454545454544,44.99568390688082,6.20167297979798,0.6900826880778909
RHF_MPM_P28,858,0.0429,42.9,0,255,4.089583333333334,26.087415066011985,58890,230.94117647058823,12,176,255,0.7979173767916901,108,108,191,0.01326388888888889,18,17,0.6241830065359477,62.68062827225131,53.52356020942408,0.07027777777777777,0.004930555555555555,0.017777777777777778,0.012222222222222223,0.008819444444444444,1,60.09234165393106,51.13306164034641,11.797581761122313,4.168965116618875,0.9354819234853801,-138.2781496619089,2.089055902322436,2.089055902322436,0.033520122261844115,-24,-0.5328472222222222,-7673,0.8004416989882026,282.90909090909093,52.908934707673204,5.995391414141414,0.9148548642203409
RHF_MPM_P28,859,0.04295,42.95,0,255,3.7885416666666667,25.344735796521658,54555,213.94117647058823,8,158,255,0.7436085984497309,104,104,185,0.012847222222222222,17,17,0.6401384083044983,62.935135135135134,53.81621621621622,0.06479166666666666,0.004722222222222222,0.016458333333333332,0.01138888888888889,0.008472222222222223,1,60.801118137659245,51.72409495005041,11.433460198827914,4.253477075593241,0.9282246714565445,-137.47779270720488,2.597325011359958,2.597325011359958,0.03356245990285033,-6,-0.3010416666666669,-4335,0.9228675295326796,268.09090909090907,55.37221906902503,5.721698232323233,1.0705435010612712
RHF_MPM_P28,860,0.043,43.0,0,255,3.716666666666667,25.554737003798987,53520,209.88235294117646,4,163,255,0.6823431929005126,107,107,186,0.012916666666666667,17,17,0.643598615916955,62.89247311827957,53.795698924731184,0.058333333333333334,0.004791666666666666,0.016319444444444445,0.011527777777777777,0.008611111111111111,1,61.46210762331839,52.305997757847535,10.359572671413616,4.430467846583821,0.9039354214257822,-136.82860756244503,2.9508692745225087,2.9508692745225087,0.025467115097159942,1,-0.07187499999999991,-1035,0.8806349856064777,263.1818181818182,59.85713017726336,5.486199494949496,1.19369691639974
RHF_MPM_P28,861,0.04305,43.05,0,255,3.703888888888889,25.751503977413925,53336,209.1607843137255,2,168,255,0.6476731686022382,108,108,188,0.013055555555555556,17,17,0.6505190311418685,62.962765957446805,53.93617021276596,0.05493055555555556,0.004861111111111111,0.01638888888888889,0.011666666666666667,0.008958333333333334,1,61.9193602819859,52.69187790610469,9.242856635996368,4.648687541738842,0.8643159615779001,-136.26261468665584,3.044608126346039,3.044608126346039,0.019292785360731965,2,-0.012777777777777999,-184,0.5983172090768208,253.1818181818182,62.3418992066669,5.244728535353536,1.2593514763444504
RHF_MPM_P28,862,0.0431,43.1,0,255,3.7418055555555556,26.123693525354255,53882,211.30196078431374,1,176,255,0.6043914004972312,107,107,193,0.013402777777777777,17,17,0.6678200692041523,62.86010362694301,53.92746113989637,0.050277777777777775,0.005138888888888889,0.016805555555555556,0.012013888888888888,0.009236111111111112,1,62.35679818863442,53.15107085854274,7.613214145657399,4.574021646398807,0.799399119078157,-135.8733038772871,2.333677116790625,2.333677116790625,0.012657288148175643,5,0.03791666666666682,546,0.6342003545740154,240.45454545454547,58.94583590252948,4.96888888888889,1.2255804751431822
RHF_MPM_P28,863,0.04315,43.15,0,255,3.8049305555555555,26.449597048404264,54791,214.86666666666667,0,180,255,0.5712468385258022,108,108,198,0.01375,17,17,0.6851211072664359,62.86363636363637,54.06565656565657,0.04673611111111111,0.005416666666666667,0.017291666666666667,0.012638888888888889,0.009444444444444445,1,62.48896716614043,53.39479111532916,6.7593111070804195,4.285258876956161,0.7733505553152856,-136.50560933650394,0.9274891757728378,0.9274891757728378,0.009892135569710353,5,0.06312499999999988,909,0.2772511536189231,228.72727272727272,53.10382781801722,4.701963383838385,1.1262491420907146
RHF_MPM_P28,864,0.0432,43.2,0,255,3.8454166666666665,26.559924250932603,55374,217.1529411764706,0,187,255,0.5725688444709625,106,106,203,0.014097222222222223,17,17,0.7024221453287197,62.80295566502463,54.07881773399015,0.04694444444444444,0.005416666666666667,0.0175,0.012638888888888889,0.009375,1,62.45288402499368,53.46263589410192,6.776129770689169,4.058520615396032,0.8007910946404064,-136.93116989276945,0.8139959455594526,0.8139959455594526,0.009751869108245747,5,0.040486111111111,583,0.07684339322115286,215.54545454545453,37.59198085753647,4.420233585858586,0.8936478324269079
RHF_MPM_P28,865,0.04325,43.25,0,255,3.8935416666666667,26.755526167731272,56067,219.87058823529412,0,188,255,0.5773861573193109,108,108,204,0.014166666666666666,17,17,0.7058823529411765,62.76470588235294,54.068627450980394,0.04743055555555555,0.005416666666666667,0.017847222222222223,0.012916666666666667,0.009375,1,62.388000071343214,53.4236181711167,6.804724868390873,4.169789425780918,0.7902546746846052,-136.6796541381184,0.8254642142486596,0.8254642142486596,0.009595662332566394,1,0.048125000000000195,693,0.07571202116089093,206.0,23.24181185238832,4.197342171717171,0.6612334472762875
RHF_MPM_P28,866,0.0433,43.3,0,255,3.906527777777778,26.792611681608246,56254,220.60392156862744,0,190,255,0.576382619551403,105,105,205,0.01423611111111111,18,17,0.6699346405228758,62.77560975609756,54.078048780487805,0.04715277777777778,0.005416666666666667,0.017986111111111112,0.012986111111111111,0.00951388888888889,1,62.38893234258897,53.49336936040104,6.712874907594335,4.1295764128273715,0.7883924953632072,-136.91401428418925,0.3014490015246434,0.3014490015246434,0.009634870409215344,1,0.012986111111111143,187,0.0697574192201476,201.1818181818182,16.4693554646649,4.034065656565656,0.4607443419004251
RHF_MPM_P28,867,0.04335,43.35,0,255,3.9102083333333333,26.756477537866882,56307,220.81176470588235,0,190,255,0.5957005331644708,105,105,203,0.014097222222222223,17,17,0.7024221453287197,62.80295566502463,54.07881773399015,0.04909722222222222,0.005416666666666667,0.017847222222222223,0.012916666666666667,0.009652777777777777,1,62.41948603193209,53.465963379331164,6.912564894591897,4.441949629954003,0.7662096613588782,-136.61069589675037,0.6678911760867354,0.6678911760867354,0.01127746106167972,-2,0.0036805555555554648,53,0.04104407059342426,197.36363636363637,9.078172896596312,3.91123106060606,0.248300667599442
RHF_MPM_P28,868,0.0434,43.4,0,255,3.9725,26.969593359415377,57204,224.3294117647059,0,193,255,0.5974490511093363,108,108,206,0.014305555555555556,17,18,0.673202614379085,62.78155339805825,53.99029126213592,0.049166666666666664,0.005625,0.018055555555555554,0.013125,0.00986111111111111,1,62.48428431578211,53.455580029368576,6.885504793983833,4.402625060850246,0.7688702466643933,-136.0130477846618,0.5777576696300598,0.5777576696300598,0.010960771973987832,3,0.062291666666666856,897,0.0656249308293263,196.54545454545453,7.7619542567769315,3.852146464646464,0.11189837673485863
RHF_MPM_P28,869,0.04345,43.45,0,255,3.9563888888888887,26.899569663304792,56972,223.41960784313724,0,190,255,0.5897394698235907,106,106,208,0.014444444444444444,17,18,0.6797385620915033,62.75961538461539,53.91346153846154,0.048541666666666664,0.005694444444444445,0.017777777777777778,0.013125,0.009652777777777777,1,62.483342694657026,53.42622691848627,6.708498998112419,4.250837961186733,0.77362014991541,46.19864389689154,-0.45042185250060196,0.45042185250060196,0.010391069297198624,2,-0.01611111111111141,-232,0.029368210173793024,198.0909090909091,8.184847923889002,3.840037878787879,0.0907599901380908
RHF_MPM_P28,870,0.0435,43.5,0,255,4.03375,27.162205151925313,58086,227.78823529411764,1,196,255,0.6083362939174141,107,107,210,0.014583333333333334,17,18,0.6862745098039216,62.733333333333334,53.87619047619047,0.050208333333333334,0.005694444444444445,0.018125,0.013402777777777777,0.009930555555555555,1,62.55459146782357,53.49065179217023,6.748886885287072,4.42428805226283,0.7551446637370458,-135.08127135634828,0.30400792260882503,0.30400792260882503,0.010725476018317666,2,0.07736111111111166,1114,0.09605702487029324,200.36363636363637,7.690285811838764,3.8623295454545445,0.10445423422360671
RHF_MPM_P28,871,0.04355,43.55,0,255,4.114444444444445,27.492397175749076,59248,232.34509803921569,1,198,255,0.6090683278058981,109,109,211,0.014652777777777778,18,18,0.6512345679012346,62.687203791469194,53.92417061611374,0.050277777777777775,0.005833333333333334,0.01861111111111111,0.013819444444444445,0.01,1,62.37567512827437,53.435002025384826,6.899769937354361,4.189582906726905,0.794544310895987,-135.49610376138347,0.5711758364838456,0.5711758364838456,0.009266135565757495,1,0.08069444444444418,1162,0.18737116400597434,202.63636363636363,6.745675076032417,3.8984911616161613,0.11598491995942449
RHF_MPM_P28,872,0.0436,43.6,0,255,4.272986111111111,27.990268511768836,61531,241.2980392156863,1,208,255,0.6223528331343795,109,109,219,0.015208333333333334,18,18,0.6759259259259259,62.45205479452055,53.794520547945204,0.05138888888888889,0.006111111111111111,0.01965277777777778,0.014097222222222223,0.010555555555555556,1,62.24667240902959,53.375404267767465,6.996911063736853,4.366989404306694,0.7813196787444473,-135.38443638709472,0.360694088897106,0.360694088897106,0.009734930360306187,8,0.15854166666666636,2283,0.1421041670239317,205.45454545454547,6.513812406426493,3.9502272727272723,0.14171388068365276
RHF_MPM_P28,873,0.04365,43.65,0,255,4.240763888888889,27.71006920827851,61067,239.478431372549,1,204,255,0.6307417891019864,109,109,213,0.014791666666666667,18,18,0.6574074074074074,62.53051643192488,53.95774647887324,0.05201388888888889,0.005833333333333334,0.01965277777777778,0.014027777777777778,0.010277777777777778,1,62.06502693762589,53.24717113989553,7.2541250329909674,4.247836855837206,0.8106179749346146,-136.69357115703323,0.6929047275936406,0.6929047275936406,0.010725923985131086,-6,-0.03222222222222193,-464,0.2223484031093876,207.27272727272728,5.495302276257242,3.9955871212121212,0.14747890527252575
RHF_MPM_P28,874,0.0437,43.7,0,255,4.222152777777778,27.585496306513292,60799,238.42745098039217,3,201,255,0.6522307500154463,109,109,211,0.014652777777777778,18,17,0.6895424836601307,62.58293838862559,54.03791469194313,0.05416666666666667,0.0059722222222222225,0.019166666666666665,0.013958333333333333,0.010208333333333333,1,62.0864652379151,53.284626391881446,7.370657420884783,4.432088510816163,0.7990118913813761,-137.762348025982,0.6380152515408002,0.6380152515408002,0.013256796986792546,-2,-0.018611111111111356,-268,0.043156652101605804,208.45454545454547,4.7167715531173995,4.033516414141414,0.14721889371334787
RHF_MPM_P28,875,0.04375,43.75,0,255,4.255486111111111,27.732721180389987,61279,240.30980392156863,3,204,255,0.6509951539475791,109,109,213,0.014791666666666667,20,18,0.5916666666666667,62.65727699530517,53.985915492957744,0.054375,0.0059722222222222225,0.019305555555555555,0.013958333333333333,0.010347222222222223,1,62.09275608283425,53.25910997242122,7.468025964813637,4.381690112590282,0.8097850319264226,-137.46001211033314,0.8062015869802616,0.8062015869802616,0.012908174089002758,2,0.033333333333333215,480,0.02628045646230124,209.36363636363637,4.538175990672249,4.070795454545455,0.14678663095950176
RHF_MPM_P28,876,0.0438,43.8,0,255,4.206180555555555,27.501016205883893,60569,237.52549019607844,2,199,255,0.6439346877443628,108,108,213,0.014791666666666667,20,17,0.6264705882352941,62.605633802816904,53.99530516431925,0.05347222222222222,0.0059722222222222225,0.019444444444444445,0.01361111111111111,0.01,1,61.99446911786558,53.29161782429956,7.544183641291157,4.287075083450834,0.8228474755786231,-138.0706564367324,0.8818640017027848,0.8818640017027848,0.011837738777262297,0,-0.04930555555555571,-710,0.10352336893907946,210.1818181818182,4.302603478617902,4.099217171717172,0.13981609723103725
RHF_MPM_P28,877,0.04385,43.85,0,255,4.224652777777778,27.595370294398887,60835,238.5686274509804,3,202,255,0.6468171522036306,108,108,212,0.014722222222222222,20,17,0.6235294117647059,62.693396226415096,54.028301886792455,0.05388888888888889,0.0060416666666666665,0.019305555555555555,0.013680555555555555,0.010347222222222223,1,62.1473329497822,53.34634667543355,7.381284334708388,4.339397918501545,0.8089394358831924,-137.949046331977,0.6878572054436168,0.6878572054436168,0.012213364017424181,-1,0.01847222222222289,266,0.16236563138385934,210.8181818181818,3.9958656319701653,4.128137626262626,0.12948798491923888
RHF_MPM_P28,878,0.0439,43.9,0,255,4.442847222222222,28.420990584112555,63977,250.89019607843136,3,214,255,0.6568002221281568,109,109,225,0.015625,20,18,0.625,62.684444444444445,53.70666666666666,0.05458333333333333,0.006458333333333333,0.02013888888888889,0.014375,0.010833333333333334,1,62.13440767775919,53.18303452803351,7.37642115110167,4.287770616772307,0.8137031692454277,-136.95126885111088,0.5039493435103648,0.5039493435103648,0.012316926395423356,13,0.21819444444444436,3142,0.1638228315750941,212.8181818181818,4.969327406805982,4.176559343434343,0.13823438069349353
RHF_MPM_P28,879,0.04395,43.95,0,255,4.46125,28.350064150304654,64242,251.9294117647059,3,212,255,0.6589250172238801,108,108,226,0.015694444444444445,20,18,0.6277777777777778,62.38495575221239,53.64601769911504,0.054375,0.006111111111111111,0.02048611111111111,0.014513888888888889,0.010694444444444444,1,61.8466735157685,53.016282182995546,7.637327346976529,4.158146560356472,0.8387929851413612,-137.22001714446893,0.6300723306209899,0.6300723306209899,0.010989695214968401,1,0.018402777777777324,265,0.3325617123965798,214.63636363636363,5.740964874126162,4.220991161616161,0.1439345454836444
RHF_MPM_P28,880,0.044,44.0,0,255,4.390902777777778,27.95027157523585,63229,247.95686274509805,4,208,255,0.6741747641168326,108,108,218,0.01513888888888889,20,18,0.6055555555555555,62.522935779816514,53.81651376146789,0.05625,0.0060416666666666665,0.02034722222222222,0.014166666666666666,0.010486111111111111,1,61.83776431700644,52.99449619636559,7.865895465045576,4.283976747470547,0.838678573497252,-137.30650667286758,0.8396101417428752,0.8396101417428752,0.01225703395593794,-8,-0.0703472222222219,-1013,0.023537269085911843,215.54545454545453,5.39972451087909,4.260492424242424,0.12416280901002956
RHF_MPM_P28,881,0.04405,44.05,0,255,4.386527777777777,28.013695294530205,63166,247.70980392156864,4,209,255,0.6619756249679419,109,109,218,0.01513888888888889,20,18,0.6055555555555555,62.53669724770642,53.80275229357798,0.055,0.0060416666666666665,0.02020833333333333,0.014027777777777778,0.010625,1,61.846293892283825,53.01416901497641,7.835343106682571,4.10379284166042,0.8518695171210292,-137.90961721164376,0.745542566706134,0.745542566706134,0.01252255960485071,0,-0.004375000000000462,-63,0.02144232838352418,216.27272727272728,5.136162506118375,4.292563131313131,0.10563203077026655
RHF_MPM_P28,882,0.0441,44.1,0,255,4.385416666666667,28.02197914323981,63150,247.64705882352942,4,208,255,0.6616640468506334,106,106,222,0.015416666666666667,20,18,0.6166666666666667,62.626126126126124,53.734234234234236,0.055,0.0061805555555555555,0.02,0.01423611111111111,0.010694444444444444,1,61.89187648456057,53.00790182106097,7.785974833144991,4.2615352664980986,0.8369137208591073,-137.41077922072427,0.8060480553652513,0.8060480553652513,0.01379255740300871,4,-0.0011111111111103966,-16,0.04601141639030118,217.27272727272728,5.0827857267252226,4.317196969696969,0.09192873309761071
RHF_MPM_P28,883,0.04415,44.15,0,255,4.347291666666667,27.93208553594151,62601,245.49411764705883,3,206,255,0.663989403823742,109,109,218,0.01513888888888889,19,18,0.6374269005847953,62.61467889908257,53.80275229357798,0.05527777777777778,0.0059722222222222225,0.019791666666666666,0.014097222222222223,0.010625,1,61.94153448027987,52.96490471398221,7.754628973343047,4.48592459664872,0.8156941135831361,-137.0769888225921,0.9331923696383525,0.9331923696383525,0.01484001853005543,-4,-0.038124999999999964,-549,0.06568613062131587,217.1818181818182,5.059970927300272,4.32395202020202,0.09115868514272973
RHF_MPM_P28,884,0.0442,44.2,0,255,4.347361111111111,27.913925860135734,62602,245.49803921568628,3,202,255,0.6698415341365883,107,107,223,0.015486111111111112,19,18,0.652046783625731,62.73991031390135,53.65470852017937,0.05576388888888889,0.005833333333333334,0.020277777777777777,0.013819444444444445,0.010347222222222223,1,62.05943899555925,52.945896297242896,7.744959505893888,4.326858807609253,0.8293915766609425,-136.43329990053857,0.8669246534408119,0.8669246534408119,0.01386537171336379,5,6.944444444378917e-05,1,0.11942694264779748,218.0909090909091,5.124886614347419,4.333642676767678,0.08738820802544113
RHF_MPM_P28,885,0.04425,44.25,0,255,4.301319444444444,27.804313183252695,61939,242.89803921568628,3,207,255,0.6544526228083589,108,108,220,0.015277777777777777,19,18,0.6432748538011696,62.82272727272727,53.82727272727273,0.05444444444444444,0.0059722222222222225,0.019791666666666666,0.013819444444444445,0.010347222222222223,1,62.171685044963596,53.0866174784869,7.55185272853198,4.4385980981758815,0.8090429270839944,-136.7198509560816,0.8095793694132036,0.8095793694132036,0.013254976670595263,-3,-0.046041666666666536,-663,0.18000451788105523,218.9090909090909,4.6211872825959395,4.340839646464647,0.08093135227457739
RHF_MPM_P28,886,0.0443,44.3,0,255,4.381597222222222,28.179176368059707,63095,247.4313725490196,3,209,255,0.657302503110085,107,107,224,0.015555555555555555,19,18,0.6549707602339181,62.816964285714285,53.745535714285715,0.05465277777777778,0.0061805555555555555,0.02034722222222222,0.01423611111111111,0.010694444444444444,1,62.17972898010936,53.077518028369916,7.527425894578787,4.249739943721181,0.825386908786676,-136.62057005813207,0.7996503451998106,0.7996503451998106,0.012187970520643474,4,0.08027777777777789,1156,0.012145158914594334,219.9090909090909,4.42008937496117,4.352304292929293,0.07685810791265338
RHF_MPM_P28,887,0.04435,44.35,0,255,4.293333333333333,27.719736951613854,61824,242.4470588235294,3,202,255,0.6634958608539725,108,108,217,0.015069444444444444,19,18,0.6345029239766082,62.73732718894009,53.75115207373272,0.05520833333333333,0.005763888888888889,0.01972222222222222,0.01361111111111111,0.010138888888888888,1,62.19387292960663,52.906735248447205,7.48861888552489,4.753660694357813,0.7726890605919408,45.76137656542233,-0.7212603468242716,0.7212603468242716,0.01344138198757764,-7,-0.08826388888888914,-1271,0.17136746839908146,220.27272727272728,3.979285205134416,4.360227272727273,0.06495717052235397
RHF_MPM_P28,888,0.0444,44.4,0,255,4.356111111111111,28.036588027252474,62728,245.9921568627451,4,210,255,0.6702587783986943,108,108,223,0.015486111111111112,19,18,0.652046783625731,62.856502242152466,53.7847533632287,0.05604166666666666,0.006111111111111111,0.01986111111111111,0.014027777777777778,0.010555555555555556,1,62.228111847978575,53.106682821068745,7.575382702074903,4.318450654250295,0.8216005012370396,-136.24739489465532,0.8893124481339435,0.8893124481339435,0.012562173192194872,6,0.06277777777777782,904,0.2028579190678211,221.27272727272728,3.047828111680038,4.372178030303031,0.04906326755752296
RHF_MPM_P28,889,0.04445,44.45,0,255,4.335069444444445,27.916741654041765,62425,244.80392156862746,4,207,255,0.6714352952620231,106,106,224,0.015555555555555555,19,18,0.6549707602339181,62.85267857142857,53.77232142857143,0.05611111111111111,0.0059722222222222225,0.02,0.013958333333333333,0.010277777777777778,1,62.21558670404485,53.0773728474169,7.585705374544037,4.271595965550056,0.8263811048918027,-136.5120242174592,0.8827984423853674,0.8827984423853674,0.013920704845814978,1,-0.02104166666666618,-303,0.03187402996221358,221.1818181818182,2.9485954073139737,4.362380050505051,0.04452390004379314
RHF_MPM_P28,890,0.0445,44.5,0,255,4.463819444444445,28.47212714745305,64279,252.07450980392156,5,218,255,0.6826626103022624,109,109,227,0.01576388888888889,19,18,0.6637426900584795,63.0,53.83259911894273,0.057291666666666664,0.006597222222222222,0.02020833333333333,0.014513888888888889,0.010833333333333334,1,62.376623780705984,53.12081706311548,7.450462414872204,4.667821943396321,0.7794098500527408,45.61093090126746,-0.8103667755381857,0.8103667755381857,0.013316946436627826,3,0.12875000000000014,1854,0.16679430427094205,221.27272727272728,3.1069104528427385,4.362613636363636,0.0450456717424132
RHF_MPM_P28,891,0.04455,44.55,0,255,4.8533333333333335,29.688435646074566,69888,274.0705882352941,8,226,255,0.720097296971136,109,109,246,0.017083333333333332,19,19,0.6814404432132964,62.58943089430894,53.34959349593496,0.06111111111111111,0.007222222222222222,0.022222222222222223,0.015902777777777776,0.01173611111111111,1,62.076307806776555,52.742645375457876,7.514879299688067,4.674053561918408,0.7830385255379699,45.66972900229243,-0.5677615532622435,0.5677615532622435,0.012047847985347986,19,0.3895138888888887,5609,0.4829114924527921,223.8181818181818,7.60165271286068,4.404652777777778,0.14859511796790137
RHF_MPM_P28,892,0.0446,44.6,0,255,4.603541666666667,28.79459779987554,66291,259.9647058823529,5,217,255,0.6907357309411438,106,106,237,0.016458333333333332,20,19,0.6236842105263158,62.32067510548523,53.324894514767934,0.05763888888888889,0.00625,0.021111111111111112,0.01513888888888889,0.011111111111111112,1,61.79093692959829,52.6567407340363,7.729596383879739,4.400027624614818,0.8221685245621145,-135.01643013493873,0.7756998124561522,0.7756998124561522,0.01037848275029793,-9,-0.24979166666666686,-3597,0.2980203767517636,225.54545454545453,8.217095664346667,4.424381313131313,0.15892608580496095
RHF_MPM_P28,893,0.04465,44.65,0,255,4.575069444444445,28.580892570633036,65881,258.35686274509806,6,212,255,0.6975430598306226,108,108,230,0.01597222222222222,20,18,0.6388888888888888,62.582608695652176,53.54347826086956,0.058263888888888886,0.006319444444444444,0.020972222222222222,0.014444444444444444,0.010902777777777779,1,61.816274798500324,52.64991423931027,7.891559485958318,4.593339314791533,0.8131478169138556,-136.0748110580006,0.7430008515938441,0.7430008515938441,0.010291282767413973,-7,-0.028472222222221788,-410,0.026241353447206208,226.27272727272728,8.225137844558198,4.441622474747475,0.16397099058676423
RHF_MPM_P28,894,0.0447,44.7,0,255,4.6589583333333335,28.857817331481474,67089,263.09411764705885,7,218,255,0.7059011960394929,106,106,235,0.016319444444444445,21,18,0.6216931216931217,62.51914893617021,53.42127659574468,0.059236111111111114,0.006458333333333333,0.021180555555555557,0.015,0.011111111111111112,1,61.67268851823697,52.56714215445155,8.073098370186218,4.368166988737084,0.840973123884243,-136.6974625013779,0.8081175943557849,0.8081175943557849,0.013251054569303462,5,0.08388888888888868,1208,0.1657354455502079,227.8181818181818,8.1220035797062,4.469955808080808,0.1719559567850735
RHF_MPM_P28,895,0.04475,44.75,0,255,4.486527777777778,28.198410842719206,64606,253.35686274509803,5,205,255,0.685523667562944,107,107,228,0.015833333333333335,20,19,0.6,62.530701754385966,53.46491228070175,0.05694444444444444,0.0059722222222222225,0.020833333333333332,0.014305555555555556,0.010486111111111111,1,61.64413521963904,52.5687087886574,8.136593563161282,4.300862474208334,0.848881820325584,-136.50303419507637,0.9251349915336099,0.9251349915336099,0.013265021824598334,-7,-0.17243055555555564,-2483,0.028596244570875746,228.27272727272728,7.978276290150867,4.482607323232323,0.16753340591579094
RHF_MPM_P28,896,0.0448,44.8,0,255,4.413333333333333,27.992967668485754,63552,249.2235294117647,5,205,255,0.6825551112684879,107,107,223,0.015486111111111112,19,18,0.652046783625731,62.789237668161434,53.68609865470852,0.056875,0.005902777777777778,0.02034722222222222,0.014097222222222223,0.010277777777777778,1,61.828376762336354,52.72967019133937,8.011085781328992,4.232798425696484,0.8490156919838671,-136.78114608468383,0.8551715022451438,0.8551715022451438,0.015090005035246727,-5,-0.07319444444444478,-1054,0.24464978890003916,228.54545454545453,7.738494525465606,4.492790404040404,0.15941221787158957
RHF_MPM_P28,897,0.04485,44.85,0,255,4.460416666666666,28.286789512730145,64230,251.88235294117646,4,209,255,0.677588819033806,106,106,228,0.015833333333333335,19,18,0.6666666666666666,62.78508771929825,53.61842105263158,0.05645833333333333,0.006111111111111111,0.02020833333333333,0.01423611111111111,0.010625,1,61.90959053401837,52.77530748871244,7.880696207177376,4.342461207742749,0.8344886867065587,-136.65757010467405,0.9068771626490988,0.9068771626490988,0.015382220146349058,5,0.047083333333333144,678,0.09315814308119608,228.9090909090909,7.609259257396937,4.499955808080809,0.15598781109058096
RHF_MPM_P28,898,0.0449,44.9,0,255,4.409097222222222,28.06933009960423,63491,248.98431372549018,4,206,255,0.6812548659806872,107,107,226,0.015694444444444445,20,18,0.6277777777777778,62.64601769911504,53.61946902654867,0.056875,0.005902777777777778,0.02020833333333333,0.014097222222222223,0.010486111111111111,1,61.92491849238475,52.83306295380448,7.8423914141168005,4.28926655724206,0.8371760569788925,-137.44849302215886,0.8578501180785719,0.8578501180785719,0.014584744294466932,-2,-0.05131944444444425,-739,0.059754832906458825,229.72727272727272,6.716207115368682,4.510479797979798,0.1452265649544798
RHF_MPM_P28,899,0.04495,44.95,0,255,4.3943055555555555,28.015029613405176,63278,248.14901960784314,5,204,255,0.6875643214126662,107,107,225,0.015625,20,18,0.625,62.68888888888889,53.644444444444446,0.05736111111111111,0.005763888888888889,0.02013888888888889,0.013888888888888888,0.010486111111111111,1,61.941464648060936,52.86722083504536,7.88700767343681,4.382813522305717,0.8313826055320969,-138.16777350708756,0.9882186266672114,0.9882186266672114,0.01348019848920636,-1,-0.014791666666666536,-213,0.037954395246489026,229.9090909090909,6.556808334638895,4.51395202020202,0.1419130496824067
RHF_MPM_P28,900,0.045,45.0,0,255,4.435069444444444,28.28069533210596,63865,250.45098039215685,5,215,255,0.6864566763479989,108,108,226,0.015694444444444445,19,18,0.6608187134502924,62.730088495575224,53.690265486725664,0.057708333333333334,0.0060416666666666665,0.02,0.014375,0.010555555555555556,1,62.106458936819855,53.06374383465122,7.69049178468135,4.43404229527445,0.817053678984094,-137.01716712361448,0.9765004135630865,0.9765004135630865,0.014436702419165427,1,0.04076388888888882,587,0.2566016459361608,230.0909090909091,6.416662194553197,4.523042929292929,0.13309150792906893
RHF_MPM_P28,901,0.04505,45.05,0,255,4.514097222222222,28.76249865790703,65003,254.91372549019607,4,222,255,0.667104147290787,109,109,230,0.01597222222222222,19,17,0.7120743034055728,62.721739130434784,54.01304347826087,0.05569444444444444,0.006736111111111111,0.02020833333333333,0.014861111111111111,0.011111111111111112,1,62.2569419872929,53.49283879205575,7.18514216295364,4.031012340458273,0.8278018803064607,-138.33678272689966,0.5275698268438939,0.5275698268438939,0.012430195529437103,4,0.07902777777777814,1138,0.45471708891316975,230.36363636363637,6.342823106368148,4.527613636363636,0.13183655302000946
RHF_MPM_P28,902,0.0451,45.1,0,11,0.023125,0.3850774971605644,333,30.272727272727273,0,0,7,0.0648336191447511,3,8,13,0.0009027777777777777,93,107,0.0013064013666968144,89.38461538461539,66.38461538461539,0.005347222222222222,0.0,0.0,0.0,0.0,0,86.24924924924925,64.3993993993994,29.115931455779513,26.45953432054168,0.41730863271567337,76.9072420497056,-0.22266204066496714,0.22266204066496714,0.0,-217,-4.490972222222222,-64670,26.35495915447003,209.1818181818182,62.165202458402845,4.088503787878788,1.2882166019370636
RHF_MPM_P28,903,0.04515,45.15,0,255,3.3246527777777777,22.497600563825397,47875,187.7450980392157,9,103,255,0.7844980327425196,106,106,141,0.009791666666666667,13,14,0.7747252747252747,67.19148936170212,57.41843971631206,0.06902777777777777,0.0031944444444444446,0.013402777777777777,0.008472222222222223,0.006319444444444444,1,70.10865796344648,59.39080939947781,9.221188317295308,5.514336284394762,0.8014907874586724,-142.25404098373886,-0.7915966721367754,0.7915966721367754,0.03047519582245431,128,3.301527777777778,47542,16.899842036026456,200.45454545454547,64.34758402805761,3.9722411616161613,1.2941841767445172
RHF_MPM_P28,904,0.0452,45.2,0,255,5.406736111111111,27.528488711440705,77857,305.321568627451,24,178,255,1.1562610412386678,104,104,220,0.015277777777777777,24,23,0.39855072463768115,70.35,60.85454545454545,0.10527777777777778,0.005347222222222222,0.022222222222222223,0.013472222222222222,0.009027777777777777,1,77.12784977587116,66.41116405718175,18.50250943999276,4.559307294357796,0.9691642499123644,-137.28001998732975,-1.2795753158288314,1.2795753158288314,0.028295464762320664,79,2.0820833333333333,29982,9.927458547863852,199.54545454545453,63.99341391731955,4.047847222222223,1.3502704879810867
RHF_MPM_P28,905,0.04525,45.25,0,255,6.3525,30.155373933734154,91476,358.7294117647059,32,223,255,1.226161094547775,110,110,230,0.01597222222222222,29,27,0.2937420178799489,69.93913043478261,60.39565217391304,0.11097222222222222,0.007291666666666667,0.03013888888888889,0.014375,0.010902777777777779,1,78.8103218330491,67.86097992916174,19.65642612449408,4.517769739636381,0.9732291884868297,-138.40389123745953,-1.0353096990926065,1.0353096990926065,0.0165726529362893,10,0.9457638888888891,13619,2.220963368862643,199.0909090909091,63.757287705306204,4.201805555555556,1.499477699412951
RHF_MPM_P28,906,0.0453,45.3,0,255,6.259444444444444,30.838180604969082,90136,353.4745098039216,30,233,255,1.121235443003773,108,108,258,0.017916666666666668,22,21,0.5584415584415584,70.36821705426357,60.80232558139535,0.09916666666666667,0.007569444444444445,0.028125,0.015833333333333335,0.012013888888888888,1,77.55811218603,66.71992322712346,19.30405936100876,4.120452226479911,0.9769539808937979,-139.02145668997176,-1.3238418253756337,1.3238418253756337,0.010406496849205644,28,-0.09305555555555589,-1340,1.6941190623312712,201.8181818181818,65.55194773032811,4.362979797979798,1.6124467470844015
RHF_MPM_P28,907,0.04535,45.35,0,255,5.836875,31.52047154383142,84051,329.61176470588236,18,245,255,0.9176751134862746,108,108,275,0.019097222222222224,22,21,0.5952380952380952,70.61818181818182,61.18909090909091,0.07944444444444444,0.008194444444444445,0.025694444444444443,0.017708333333333333,0.013125,1,73.09614400780478,62.93802572247802,11.547242535784997,4.4172696479320415,0.9239393797110751,-139.34177932454506,-1.1571029124414722,1.1571029124414722,0.015597672841489095,17,-0.4225694444444441,-6085,5.849094695689062,206.54545454545453,68.70803001418214,4.492392676767677,1.667481405017527
RHF_MPM_P28,908,0.0454,45.4,0,255,6.272569444444445,33.05660671582341,90325,354.2156862745098,20,252,255,0.9714060615765728,110,110,303,0.021041666666666667,23,22,0.5988142292490118,71.24752475247524,61.613861386138616,0.08527777777777777,0.009166666666666667,0.027291666666666665,0.019583333333333335,0.014722222222222222,1,73.17231109880986,63.04524771657902,11.141716908924499,4.4985447208241585,0.9148663245095133,-138.7739456660085,-1.074220783270057,1.074220783270057,0.025197896484915584,28,0.4356944444444446,6274,0.13152179200106354,213.36363636363637,74.01507552491368,4.657133838383838,1.743948167030737
RHF_MPM_P28,909,0.04545,45.45,0,255,6.623194444444445,33.92537301548752,95374,374.0156862745098,21,254,255,1.013484372785346,107,107,333,0.023125,26,25,0.5123076923076924,72.14414414414415,62.34534534534534,0.08958333333333333,0.009236111111111112,0.029583333333333333,0.02125,0.015,1,73.60496571392623,63.44170318954851,11.34522901067346,4.672731470328709,0.9112437304306696,-138.11460439581865,-0.9685598545166924,0.9685598545166924,0.023088053347872586,30,0.35062499999999996,5049,0.5868278776855818,223.0909090909091,81.67168703296092,4.858415404040404,1.8293844590842894
RHF_MPM_P28,910,0.0455,45.5,0,255,6.484583333333333,33.42860611468617,93378,366.18823529411765,21,252,255,1.0042852120680448,106,106,318,0.022083333333333333,26,24,0.5096153846153846,71.55974842767296,61.959119496855344,0.08847222222222222,0.009166666666666667,0.029027777777777777,0.019930555555555556,0.014930555555555556,1,73.55696202531645,63.50990597356979,11.468537572418644,4.533590742925658,0.9185491515997714,-137.8303167255707,-1.0440034711406017,1.0440034711406017,0.015314099680867013,-15,-0.13861111111111146,-1996,0.08340248118850206,231.54545454545453,86.1239736831459,5.048440656565656,1.8791908585336397
RHF_MPM_P28,911,0.04555,45.55,0,255,6.395486111111111,33.13458740353627,92095,361.15686274509807,22,253,255,1.0293186792779148,110,110,299,0.020763888888888887,23,22,0.5909090909090909,70.92976588628763,61.381270903010034,0.09173611111111112,0.009236111111111112,0.02701388888888889,0.01902777777777778,0.014930555555555556,1,73.53006134969326,63.41941473478473,11.789350336169734,4.552943517877168,0.9224187477910163,-138.58021985858826,-1.0913527164024945,1.0913527164024945,0.017688256691459906,-19,-0.08909722222222172,-1283,0.09440503506614299,238.1818181818182,88.22782305106807,5.226660353535354,1.9053480583787699
RHF_MPM_P28,912,0.0456,45.6,0,255,6.377847222222222,32.90683939090598,91841,360.1607843137255,22,252,255,1.0463928652154924,109,109,304,0.021111111111111112,24,23,0.5507246376811594,71.20065789473684,61.588815789473685,0.09354166666666666,0.008958333333333334,0.027083333333333334,0.019305555555555555,0.014583333333333334,1,73.86171753356344,63.671170827843774,12.289808547683064,4.495715104671925,0.9306901848799515,-138.17164784568615,-1.2000929691440334,1.2000929691440334,0.021036356311451312,5,-0.017638888888889426,-254,0.41638558415450033,244.9090909090909,90.14781250354083,5.3960921717171715,1.9172795570485508
RHF_MPM_P28,913,0.04565,45.65,0,255,6.041458333333333,31.755572837009204,86997,341.16470588235296,21,248,255,1.0231651053896327,109,109,280,0.019444444444444445,23,22,0.5533596837944664,70.72142857142858,61.082142857142856,0.09111111111111111,0.008333333333333333,0.025833333333333333,0.017847222222222223,0.013333333333333334,1,73.7729461935469,63.600629906778394,12.579809387853935,4.33786844384421,0.9386659489803262,-137.93271807183734,-1.2660785606358311,1.2660785606358311,0.024265204547283238,-24,-0.33638888888888907,-4844,0.11338594424832148,269.1818181818182,52.53711792942756,5.943213383838383,0.8888467157228924
RHF_MPM_P28,914,0.0457,45.7,0,255,5.762708333333333,31.034566497132367,82983,325.4235294117647,20,245,255,1.0053684317993843,109,109,266,0.018472222222222223,22,21,0.5757575757575758,70.24436090225564,60.774436090225564,0.09020833333333333,0.008125,0.023958333333333335,0.016944444444444446,0.012708333333333334,1,73.44989937698082,63.33937071448369,12.812103779059143,4.4483607022624705,0.937791156790484,-137.76561898133846,-1.3376107053951867,1.3376107053951867,0.02657170745815408,-14,-0.2787499999999996,-4014,0.41547034942575195,280.54545454545456,33.73793019561659,6.164854797979799,0.34718107263053455
RHF_MPM_P28,915,0.04575,45.75,0,255,5.601458333333333,30.619583159691505,80661,316.3176470588235,18,241,255,0.9947313524727865,107,107,259,0.017986111111111112,21,20,0.6166666666666667,69.96138996138995,60.447876447876446,0.08972222222222222,0.00798611111111111,0.02347222222222222,0.01625,0.012569444444444444,1,73.31804713554259,63.30101288107016,13.227704419070209,4.238741483805802,0.9472673851756225,-138.0670722140943,-1.5233139198206946,1.5233139198206946,0.028043292297392792,-7,-0.1612499999999999,-2322,0.13731837807252192,284.09090909090907,28.889930757507084,6.182556818181819,0.31117173355602007
RHF_MPM_P28,916,0.0458,45.8,0,255,5.414861111111111,30.251372351471534,77974,305.7803921568627,17,238,255,0.9678092786796191,107,107,256,0.017777777777777778,21,20,0.6095238095238096,69.921875,60.32421875,0.08701388888888889,0.007847222222222222,0.02263888888888889,0.015833333333333335,0.012291666666666666,1,73.02449534460204,62.952817605868624,13.003912546712456,4.253354336897274,0.944995731197972,-137.99849445408944,-1.625211614387747,1.625211614387747,0.028342780926975657,-3,-0.18659722222222275,-2687,0.4554257388829382,286.45454545454544,25.19510643815088,6.097316919191919,0.37485246732272276
RHF_MPM_P28,917,0.04585,45.85,0,255,5.243541666666666,29.82051971025875,75507,296.1058823529412,16,232,255,0.9332979610207527,109,109,249,0.017291666666666667,21,20,0.5928571428571429,69.75100401606426,60.24096385542169,0.08347222222222223,0.007291666666666667,0.022152777777777778,0.015486111111111112,0.01173611111111111,1,72.71099368270491,62.71270213357702,12.6707955934099,4.266193306087578,0.9416137682016171,-137.86644216191695,-1.7543422237822237,1.7543422237822237,0.0285933754486339,-7,-0.17131944444444436,-2467,0.39489078495969815,285.6363636363636,26.230699319249187,6.00496212121212,0.4425629330089708
RHF_MPM_P28,918,0.0459,45.9,0,255,4.977361111111111,29.010970889047375,71674,281.07450980392156,15,226,255,0.9017924644778182,108,108,238,0.016527777777777777,20,19,0.6263157894736842,69.44117647058823,59.82773109243698,0.08006944444444444,0.006805555555555555,0.020833333333333332,0.014722222222222222,0.011319444444444444,1,72.41835254067026,62.42605407818735,12.565083753954143,4.250645410450313,0.9410418174136869,-137.58493168313288,-1.7515483797363585,1.7515483797363585,0.02886681362837291,-11,-0.26618055555555564,-3833,0.40964124019686476,282.27272727272725,29.542237587103866,5.926824494949495,0.5321510061690652
RHF_MPM_P28,919,0.04595,45.95,0,255,4.785,28.52970230985401,68904,270.21176470588233,14,223,255,0.8598114152820483,108,108,229,0.015902777777777776,20,18,0.6361111111111111,69.23144104803494,59.56331877729258,0.07618055555555556,0.006388888888888889,0.020069444444444445,0.014444444444444444,0.010763888888888889,1,72.0000290258911,61.98510971786834,11.908865454653494,4.0814505519967135,0.9394362450524494,-138.02883586275757,-1.8497154467842831,1.8497154467842831,0.028053523743178915,-9,-0.19236111111111054,-2770,0.6078046494675161,275.54545454545456,32.34856646075859,5.791590909090909,0.61037141330756
RHF_MPM_P28,920,0.046,46.0,0,255,4.7335416666666665,28.516450660801578,68163,267.3058823529412,14,221,255,0.8430040161664341,107,107,226,0.015694444444444445,19,19,0.6260387811634349,69.06194690265487,59.60619469026549,0.07472222222222222,0.006527777777777778,0.02,0.014305555555555556,0.010902777777777779,1,71.83728709123719,61.87606179305488,11.670813253004338,4.076810925972154,0.9370046883480257,-138.04535548152265,-1.9600585365112777,1.9600585365112777,0.02888663937913531,-3,-0.051458333333333606,-741,0.1958989208776277,265.8181818181818,29.57830341750269,5.619804292929292,0.6180153415998756
RHF_MPM_P28,921,0.04605,46.05,0,255,4.720416666666667,28.685749943593752,67974,266.56470588235294,13,225,255,0.8210262322230562,109,109,230,0.01597222222222222,20,18,0.6388888888888888,69.30869565217391,59.552173913043475,0.07215277777777777,0.006736111111111111,0.02,0.014444444444444444,0.011111111111111112,1,71.56296525141966,61.45321740665548,10.84835394803516,4.17829693489147,0.9228519301103075,-138.1036381165452,-1.749975073168945,1.749975073168945,0.027863594903933857,4,-0.01312499999999961,-189,0.5040335771656074,257.8181818181818,26.076175757744085,5.459425505050505,0.601474928738963
RHF_MPM_P28,922,0.0461,46.1,0,255,4.728125,28.946709428917003,68085,267.0,13,226,255,0.7985738161314058,109,109,235,0.016319444444444445,20,19,0.618421052631579,69.3531914893617,59.787234042553195,0.07013888888888889,0.007083333333333333,0.02013888888888889,0.014791666666666667,0.011319444444444444,1,71.26917823309098,61.28953513989865,10.21693641101541,4.19985885328358,0.9116045408656369,-138.55468915875494,-1.53086684198785,1.53086684198785,0.028449731952706177,5,0.007708333333333428,111,0.33630744355292724,252.0,23.222246387305585,5.307847222222223,0.5547602451271295
RHF_MPM_P28,923,0.04615,46.15,0,255,4.799027777777778,29.287853457805593,69106,271.00392156862745,12,229,255,0.7940510743380415,108,108,241,0.01673611111111111,20,19,0.6342105263157894,69.49377593360995,59.85892116182573,0.06951388888888889,0.007222222222222222,0.020833333333333332,0.015069444444444444,0.011597222222222222,1,71.13512574884959,61.143272653604605,9.60901438322123,4.225192111967761,0.8981391770061516,-138.76113421535257,-1.6488195616522805,1.6488195616522805,0.026727056984921716,6,0.07090277777777754,1021,0.19840056307431694,246.27272727272728,16.481895903141226,5.164318181818182,0.45454662852331545
RHF_MPM_P28,924,0.0462,46.2,0,255,4.8654166666666665,29.4788214673546,70062,274.7529411764706,12,232,255,0.802603023592891,109,109,243,0.016875,20,19,0.6394736842105263,69.54732510288066,59.83539094650206,0.07048611111111111,0.007222222222222222,0.021597222222222223,0.015347222222222222,0.011597222222222222,1,71.07980074790899,60.961848077417145,9.27714665144745,4.485193171782952,0.8753626524745378,-138.48389987212224,-1.3491832105143096,1.3491832105143096,0.025491707344923068,2,0.06638888888888861,956,0.18967269854640859,242.9090909090909,12.565859558592917,5.057405303030303,0.3651864135084814
RHF_MPM_P28,925,0.04625,46.25,0,255,4.931875,29.683834182297826,71019,278.50588235294117,12,235,255,0.8060175697244396,109,109,244,0.016944444444444446,20,19,0.6421052631578947,69.54918032786885,59.881147540983605,0.07041666666666667,0.0075,0.021736111111111112,0.015694444444444445,0.01173611111111111,1,71.16512482575085,61.05799856376463,9.082649159782106,4.366741090283614,0.8768421618113067,-139.64100973480254,-1.3500161494120906,1.3500161494120906,0.02412030583365015,1,0.06645833333333329,957,0.12855004583593674,240.9090909090909,10.273129517466653,4.9818750000000005,0.2895960637780214
RHF_MPM_P28,926,0.0463,46.3,0,255,4.988472222222223,29.80605373632279,71834,281.7019607843137,13,234,255,0.8148407168548513,109,109,249,0.017291666666666667,20,19,0.6552631578947369,69.59036144578313,59.859437751004016,0.07138888888888889,0.007638888888888889,0.021875,0.015694444444444445,0.011805555555555555,1,71.15406353537323,60.98600941058552,9.169265326211743,4.530341699208903,0.8694169967049965,-139.1837463409193,-1.1896372903019898,1.1896372903019898,0.02413898710916836,5,0.056597222222222854,815,0.07283399151676093,240.0,8.994948077064754,4.92614898989899,0.21416336752582346
RHF_MPM_P28,927,0.04635,46.35,0,255,5.02875,29.944833650003616,72414,283.9764705882353,13,236,255,0.8057528559809644,109,109,249,0.017291666666666667,20,19,0.6552631578947369,69.61044176706827,59.94779116465863,0.07034722222222223,0.007638888888888889,0.02201388888888889,0.01597222222222222,0.011875,1,71.18773993979065,61.122310602922084,9.186703957402262,4.300866425714488,0.8836426130494571,-139.31279214306127,-1.308877764314915,1.308877764314915,0.023572789792029165,0,0.04027777777777697,580,0.14039984062261476,239.36363636363637,8.037104038291034,4.89104797979798,0.15452565769090784
RHF_MPM_P28,928,0.0464,46.4,0,255,5.018194444444444,29.88699693225898,72262,283.38039215686274,13,234,255,0.8150970253927372,108,108,251,0.017430555555555557,21,19,0.6290726817042607,69.74900398406375,60.03585657370518,0.07125,0.0075,0.022152777777777778,0.015833333333333335,0.011875,1,71.34925687083114,61.1819766959121,9.256623486322225,4.459603643958342,0.8762953201441452,-139.11690892376654,-1.1684763619965661,1.1684763619965661,0.023608535606542858,2,-0.01055555555555543,-152,0.17218525391401276,239.54545454545453,8.272227757147146,4.8705618686868695,0.11675845450784832
RHF_MPM_P28,929,0.04645,46.45,0,255,4.9395138888888885,29.515467127655228,71129,278.9372549019608,13,232,255,0.8272317842650634,109,109,242,0.016805555555555556,20,18,0.6722222222222223,69.52066115702479,59.739669421487605,0.07270833333333333,0.007361111111111111,0.021736111111111112,0.015486111111111112,0.011597222222222222,1,71.3551434717204,61.08769981301579,9.428011551248069,4.419131647045533,0.8833448781125349,-139.72139266769017,-1.2638814672893846,1.2638814672893846,0.02672608921818105,-9,-0.07868055555555564,-1133,0.09446048231230804,239.9090909090909,8.284207818105104,4.867121212121213,0.11408768051714002
RHF_MPM_P28,930,0.0465,46.5,0,255,4.984097222222222,29.776798572257057,71771,281.4549019607843,13,237,255,0.8165188653244704,109,109,245,0.017013888888888887,20,18,0.6805555555555556,69.59591836734694,59.67755102040816,0.07159722222222223,0.007638888888888889,0.021666666666666667,0.015694444444444445,0.011875,1,71.3042315141213,61.06162656226052,9.31916675632041,4.328095577308133,0.8856101158973902,-139.30704587032156,-1.4163901317435426,1.4163901317435426,0.02647308801605105,3,0.04458333333333364,642,0.05720001600978274,241.36363636363637,7.619027941729804,4.88522095959596,0.11540910288555693
RHF_MPM_P28,931,0.04655,46.55,0,255,5.024166666666667,29.877971249270292,72348,283.7176470588235,13,235,255,0.8342143037553535,108,108,248,0.017222222222222222,21,19,0.6215538847117794,69.67338709677419,59.814516129032256,0.07361111111111111,0.0075,0.021736111111111112,0.015902777777777776,0.012013888888888888,1,71.3804251672472,61.03711229059545,9.467799582181497,4.5805105886983455,0.8751792209442019,-139.49547713188494,-1.171232274628316,1.171232274628316,0.026745728976613037,3,0.04006944444444471,577,0.08004012925988128,243.36363636363637,6.049383548950591,4.911641414141415,0.11083678759366508
RHF_MPM_P28,932,0.0466,46.6,0,255,5.046944444444445,29.96053916955179,72676,285.00392156862745,14,236,255,0.8354482406744509,110,110,248,0.017222222222222222,20,19,0.6526315789473685,69.69354838709677,59.778225806451616,0.07388888888888889,0.0077777777777777776,0.021666666666666667,0.01611111111111111,0.012152777777777778,1,71.4038059331829,61.049534922120095,9.551080366222997,4.497645768809946,0.8821842472521787,-139.53174339140722,-1.141747091179927,1.141747091179927,0.027092850459574,0,0.022777777777777786,328,0.026476064468439642,245.0,4.431293675255978,4.941325757575758,0.09870984642370649
RHF_MPM_P28,933,0.04665,46.65,0,255,5.0228472222222225,29.782432698637653,72329,283.64313725490194,14,235,255,0.8368473870258419,106,106,250,0.017361111111111112,20,19,0.6578947368421053,69.676,59.764,0.07395833333333333,0.0075,0.021944444444444444,0.015625,0.011875,1,71.44672261471885,61.06446930000415,9.611885142896199,4.579642774153225,0.8791981798789085,-139.61539386548876,-1.2227335712886787,1.2227335712886787,0.026365634807615203,2,-0.024097222222222214,-347,0.04544091985031121,246.36363636363637,3.310389355642386,4.968118686868687,0.07414646812963085
RHF_MPM_P28,934,0.0467,46.7,0,255,4.994375,29.72634744209695,71919,282.0352941176471,13,234,255,0.8252697451549127,109,109,248,0.017222222222222222,20,19,0.6526315789473685,69.69354838709677,59.778225806451616,0.0725,0.007430555555555556,0.021805555555555557,0.015694444444444445,0.01173611111111111,1,71.35216006896647,60.98863999777527,9.345138063648474,4.521008723323233,0.875188588507519,-139.55115436491405,-1.2172247099925864,1.2172247099925864,0.026418609824941947,-2,-0.028472222222222676,-410,0.12121121291237631,247.0,2.860387767736777,4.985877525252525,0.051436814540635735
RHF_MPM_P28,935,0.04675,46.75,0,255,4.952152777777778,29.53787356145013,71311,279.65098039215684,13,233,255,0.8260983098922163,109,109,245,0.017013888888888887,20,18,0.6805555555555556,69.59591836734694,59.67755102040816,0.07256944444444445,0.007291666666666667,0.021458333333333333,0.015347222222222222,0.011597222222222222,1,71.38288623073579,61.05769095931904,9.531802794307435,4.504937803906547,0.8812653591123993,-139.36928838069272,-1.3102706553661647,1.3102706553661647,0.02682615585253327,-3,-0.04222222222222172,-608,0.07557864981059981,247.1818181818182,2.656661672036811,4.993762626262626,0.03698380718715602
RHF_MPM_P28,936,0.0468,46.8,0,255,4.944513888888889,29.478156539345203,71201,279.2196078431373,13,231,255,0.8263889377960818,106,106,246,0.017083333333333332,20,18,0.6833333333333333,69.59349593495935,59.642276422764226,0.0725,0.007152777777777778,0.021597222222222223,0.01513888888888889,0.011527777777777777,1,71.40514880408983,61.077456777292454,9.563322068333065,4.467989290086517,0.88415137278319,-139.23394366090028,-1.3479859012748352,1.3479859012748352,0.027148495105405825,1,-0.007638888888888751,-110,0.029770954511104116,247.36363636363637,2.4962782214083603,4.994911616161616,0.03519640971803937
RHF_MPM_P28,937,0.04685,46.85,0,255,4.838472222222222,29.20722690057121,69674,273.2313725490196,13,227,255,0.8137427898190259,108,108,239,0.01659722222222222,20,18,0.6638888888888889,69.54811715481172,59.62343096234309,0.07131944444444445,0.007013888888888889,0.020902777777777777,0.014930555555555556,0.011458333333333333,1,71.35631655997933,60.98009300456411,9.37208891056053,4.317225661451069,0.8875833713055189,-140.35945180705636,-1.4233275566691366,1.4233275566691366,0.027298561873869736,-7,-0.10604166666666703,-1527,0.10892333223310745,246.45454545454547,3.394209945926267,4.981275252525252,0.05721810224030716
RHF_MPM_P28,938,0.0469,46.9,0,255,4.826944444444444,29.17487116218762,69508,272.58039215686273,13,226,255,0.8207945190501839,107,107,239,0.01659722222222222,20,18,0.6638888888888889,69.57322175732217,59.57322175732217,0.07229166666666667,0.007013888888888889,0.020833333333333332,0.014930555555555556,0.011458333333333333,1,71.2590061575646,60.8299764055936,9.312226427597654,4.553222727639493,0.8723112332837568,-140.2348927458604,-1.1633828966074804,1.1633828966074804,0.026630028198193014,0,-0.011527777777778248,-166,0.17889747819517016,245.54545454545453,3.893202382793429,4.962929292929293,0.06998366924467361
RHF_MPM_P28,939,0.04695,46.95,0,255,4.774791666666666,29.126580368872265,68757,269.63529411764705,12,227,255,0.7914735174316465,109,109,237,0.016458333333333332,20,18,0.6583333333333333,69.46835443037975,59.48945147679325,0.06902777777777777,0.007013888888888889,0.020763888888888887,0.014930555555555556,0.011458333333333333,1,71.09375045449917,60.68878805067121,8.889250439005881,4.4383922979143176,0.8664298491581683,-140.66787734137586,-1.3719378238192637,1.3719378238192637,0.025131986561368298,-2,-0.052152777777777715,-751,0.21735592690639843,244.27272727272728,4.179841430026418,4.940801767676768,0.08572179202213996
RHF_MPM_P28,940,0.047,47.0,0,255,4.721319444444444,28.93230683534623,67987,266.6156862745098,12,222,255,0.788119633840576,109,109,234,0.01625,20,18,0.65,69.47863247863248,59.64102564102564,0.06916666666666667,0.006875,0.02020833333333333,0.014861111111111111,0.01138888888888889,1,71.11255092885405,60.76567579096004,9.102500525151646,4.350251529012999,0.8784042938964606,-140.39715785365644,-1.3127041872287273,1.3127041872287273,0.025946136761439687,-3,-0.05347222222222214,-770,0.07915290545956764,243.54545454545453,5.105498575308717,4.920965909090909,0.10646093578817072
RHF_MPM_P28,941,0.04705,47.05,0,255,4.680694444444445,28.79652495558704,67402,264.321568627451,12,219,255,0.7827342298280389,109,109,231,0.016041666666666666,20,18,0.6416666666666667,69.35930735930737,59.51948051948052,0.06840277777777778,0.006666666666666667,0.02020833333333333,0.014791666666666667,0.011319444444444444,1,70.98773033441144,60.70527580783953,9.099916053112429,4.373107504745809,0.8769587279001012,-139.3929464926393,-1.1380838234174775,1.1380838234174775,0.02525147621732293,-3,-0.04062499999999947,-585,0.13866628558508626,242.27272727272728,6.20982958470475,4.89338383838384,0.12433443774174266
RHF_MPM_P28,942,0.0471,47.1,0,255,4.5974305555555555,28.546420899575715,66203,259.61960784313726,12,219,255,0.7770006757966875,109,109,227,0.01576388888888889,20,18,0.6305555555555555,69.27312775330397,59.48458149779736,0.06777777777777778,0.006597222222222222,0.020069444444444445,0.014513888888888889,0.010902777777777779,1,70.89038261105992,60.63963868706856,8.994491542536817,4.395948011092755,0.8724307207923285,-139.79699560130504,-1.143738853155656,1.143738853155656,0.025406703623702852,-4,-0.08326388888888925,-1199,0.11740873419310013,240.36363636363637,7.289752798810711,4.854589646464647,0.1426944897145952
RHF_MPM_P28,943,0.04715,47.15,0,255,4.628055555555555,28.69926424912942,66644,261.34901960784316,11,221,255,0.7708639177517219,104,104,233,0.016180555555555556,20,18,0.6472222222222223,69.39914163090128,59.592274678111586,0.06694444444444445,0.006666666666666667,0.02013888888888889,0.014722222222222222,0.011111111111111112,1,70.88275013504591,60.68159174119201,8.911044775086618,4.246995369092389,0.8791207862372683,-140.38524567304006,-1.2507129041683829,1.2507129041683829,0.025148550507172438,6,0.03062499999999968,441,0.04264168665038082,239.0,7.135060680126758,4.816508838383839,0.14217293886390442
RHF_MPM_P28,944,0.0472,47.2,0,255,4.561041666666667,28.35514398802442,65679,257.56470588235294,11,216,255,0.7769568702237417,108,108,227,0.01576388888888889,20,18,0.6305555555555555,69.23788546255507,59.502202643171806,0.06777777777777778,0.006527777777777778,0.020069444444444445,0.014444444444444444,0.010833333333333334,1,70.92318701563666,60.70984637403127,9.02571479656405,4.405008700437501,0.872815139700458,-139.5797379325893,-1.2252429781936303,1.2252429781936303,0.025304891974603755,-6,-0.06701388888888804,-965,0.049330169154300774,236.9090909090909,6.973385058460038,4.774526515151515,0.14322419395463787
RHF_MPM_P28,945,0.04725,47.25,0,255,4.513680555555555,28.225408796530978,64997,254.89019607843136,11,215,255,0.7646004300817979,105,105,225,0.015625,19,18,0.6578947368421053,69.1511111111111,59.413333333333334,0.06659722222222222,0.006597222222222222,0.01965277777777778,0.014166666666666666,0.010763888888888889,1,70.78683631552225,60.698939951074664,8.990790685885456,4.34959789271437,0.8751876035640238,-138.84849756437626,-1.2849877402786454,1.2849877402786454,0.02484730064464514,-2,-0.04736111111111185,-682,0.1367861962458093,234.8181818181818,6.779892487994211,4.73082702020202,0.14281138895684803
RHF_MPM_P28,946,0.0473,47.3,0,255,4.460486111111111,28.133517866443107,64231,251.8862745098039,11,210,255,0.7397779636354842,109,109,220,0.015277777777777777,19,18,0.6432748538011696,69.07272727272728,59.445454545454545,0.0642361111111111,0.006388888888888889,0.01951388888888889,0.014166666666666666,0.010833333333333334,1,70.72057106381654,60.697700487303635,8.942216789461453,4.120269108036202,0.8875216784058353,-138.77808881412813,-1.339589711269956,1.339589711269956,0.024878952530709472,-5,-0.05319444444444432,-766,0.06627684251728888,232.54545454545453,7.165112907359284,4.68613005050505,0.14348554790520682
RHF_MPM_P28,947,0.04735,47.35,0,255,4.466388888888889,28.0872768401141,64316,252.21960784313725,11,213,255,0.7611058635651206,108,108,222,0.015416666666666667,19,18,0.6491228070175439,69.09909909909909,59.391891891891895,0.06631944444444444,0.006597222222222222,0.019444444444444445,0.014097222222222223,0.010625,1,70.77949499346974,60.72100254990982,9.015069308372036,4.132981933880164,0.8887188625073335,-139.55718980565814,-1.3876682120202861,1.3876682120202861,0.02624541327196965,2,0.005902777777778034,85,0.06336415080689002,230.36363636363637,6.342823106368149,4.642664141414141,0.13045757214184606
RHF_MPM_P28,948,0.0474,47.4,0,255,4.364861111111111,27.829631764494778,62854,246.48627450980393,10,207,255,0.7335638065673082,106,106,220,0.015277777777777777,19,18,0.6432748538011696,69.00454545454545,59.36363636363637,0.06347222222222222,0.006388888888888889,0.019166666666666665,0.013888888888888888,0.010555555555555556,1,70.48747891940052,60.505838928310055,8.70933020152737,4.250010915936128,0.8728527583198338,-138.74391493361153,-1.1888524003868108,1.1888524003868108,0.024946701880548573,-2,-0.1015277777777781,-1462,0.3627240984201752,228.63636363636363,6.342823106368149,4.599608585858585,0.1367323493844899
RHF_MPM_P28,949,0.04745,47.45,0,255,4.492152777777778,28.42597002310452,64687,253.67450980392158,10,219,255,0.74413162782492,109,109,225,0.015625,19,18,0.6578947368421053,69.07111111111111,59.38666666666666,0.06472222222222222,0.006736111111111111,0.019444444444444445,0.014375,0.011041666666666667,1,70.47010991389305,60.39383492819268,8.57751095225969,4.321127786903105,0.8638354384838969,-138.6311166617351,-1.1116398554095148,1.1116398554095148,0.024116128433842966,5,0.12729166666666725,1833,0.11334274742836799,227.36363636363637,5.481750338793214,4.56917297979798,0.11883091878896054
RHF_MPM_P28,950,0.0475,47.5,0,255,4.49875,28.454241991773195,64782,254.04705882352943,9,219,255,0.7421507160600025,109,109,227,0.01576388888888889,19,18,0.6637426900584795,69.1453744493392,59.409691629955944,0.06416666666666666,0.006597222222222222,0.019583333333333335,0.014583333333333334,0.011041666666666667,1,70.47138093914977,60.34968046679633,8.386687189551232,4.3738735998136775,0.8532355232294734,-139.4948641654858,-1.0525586475700661,1.0525586475700661,0.021456577444351827,2,0.006597222222222143,95,0.0441727514018,226.45454545454547,4.559976801448892,4.544078282828282,0.10049053758282078
RHF_MPM_P28,951,0.04755,47.55,0,255,4.506319444444444,28.573875287638373,64891,254.47450980392156,7,220,255,0.7201434666207778,109,109,227,0.01576388888888889,19,18,0.6637426900584795,69.1453744493392,59.409691629955944,0.061875,0.006805555555555555,0.01972222222222222,0.014583333333333334,0.011180555555555555,1,70.34200428410719,60.184293661678815,7.957565863842024,4.444706309023534,0.829470185765232,-139.68337557577578,-0.8890349656319867,0.8890349656319867,0.018292213095806815,0,0.007569444444444073,109,0.20997884221269655,225.8181818181818,3.9038019188334343,4.524532828282829,0.08360668598661308
RHF_MPM_P28,952,0.0476,47.6,0,255,4.4725,28.39551890263673,64404,252.56470588235294,8,216,255,0.723977426680226,108,108,225,0.015625,19,18,0.6578947368421053,69.08,59.346666666666664,0.06236111111111111,0.006666666666666667,0.019444444444444445,0.014513888888888889,0.010972222222222222,1,70.37066020744054,60.18612198000124,8.023397473974686,4.449472807172565,0.8321422875426776,-140.00962151938936,-1.0872410979771,1.0872410979771,0.02034035153096081,-2,-0.03381944444444418,-487,0.02871418969733839,225.27272727272728,3.544288852657805,4.505606060606061,0.06827176598220187
RHF_MPM_P28,953,0.04765,47.65,0,255,4.406319444444445,28.117046560527022,63451,248.82745098039214,8,211,255,0.7277602450150638,109,109,220,0.015277777777777777,19,18,0.6432748538011696,69.0,59.24090909090909,0.06256944444444444,0.006597222222222222,0.019166666666666665,0.014166666666666666,0.010763888888888889,1,70.35484074325069,60.24188744070227,8.083808904446874,4.443494658512049,0.8353763958034769,-138.74313721720907,-1.1203477250936338,1.1203477250936338,0.02264739720414178,-5,-0.06618055555555546,-953,0.05796586973773597,224.63636363636363,3.7964750941492906,4.488232323232323,0.06699874785536909
RHF_MPM_P28,954,0.0477,47.7,0,255,4.501666666666667,28.48900611542011,64824,254.21176470588236,9,218,255,0.7432744700452085,110,110,224,0.015555555555555555,19,18,0.6549707602339181,69.05803571428571,59.357142857142854,0.06465277777777778,0.006736111111111111,0.019305555555555555,0.014583333333333334,0.010902777777777779,1,70.3808157472541,60.16333456744416,8.157302771834706,4.500764162360571,0.8340117965776472,-140.70650061133475,-0.8556180171491056,0.8556180171491056,0.022044304578551156,4,0.09534722222222225,1373,0.08273605459581843,223.8181818181818,2.7242407388675813,4.476742424242424,0.05094997910203613
RHF_MPM_P28,955,0.04775,47.75,0,255,4.3805555555555555,27.98967636512954,63080,247.37254901960785,8,211,255,0.7231309546549101,104,104,224,0.015555555555555555,19,18,0.6549707602339181,69.0,59.441964285714285,0.06201388888888889,0.006388888888888889,0.019305555555555555,0.013958333333333333,0.010763888888888889,1,70.37148065948003,60.307324032974,8.112532355721175,4.301101521032882,0.8478851827081406,-140.4348819444242,-1.1223974093472058,1.1223974093472058,0.021861128725428027,0,-0.12111111111111139,-1744,0.14429175322006169,223.54545454545453,2.535695578360246,4.460334595959595,0.0502168664090736
RHF_MPM_P28,956,0.0478,47.8,0,255,4.398194444444444,28.075447400530752,63334,248.3686274509804,9,213,255,0.7310417647269775,109,109,219,0.015208333333333334,19,18,0.6403508771929824,68.93150684931507,59.47488584474886,0.06326388888888888,0.006458333333333333,0.019166666666666665,0.014166666666666666,0.010833333333333334,1,70.31270723466069,60.36888559067799,8.422724826973472,4.479895374072895,0.8468185062788733,-138.86744567973892,-0.8990070694456077,0.8990070694456077,0.021883980168629805,-5,0.017638888888888538,254,0.08511251877330188,223.0,2.796101181678127,4.449835858585858,0.050038366249088126
RHF_MPM_P28,957,0.04785,47.85,0,255,4.226180555555556,27.4724740143184,60857,238.65490196078431,7,201,255,0.7025008713353957,108,108,211,0.014652777777777778,18,18,0.6512345679012346,68.64454976303317,59.208530805687204,0.06034722222222222,0.0060416666666666665,0.018472222222222223,0.01375,0.010138888888888888,1,70.13132425193487,60.24253578060043,8.237312815198294,4.380251265690512,0.8468967872406031,-138.63084516763251,-1.0748868374830378,1.0748868374830378,0.022840429202885454,-8,-0.17201388888888847,-2477,0.22105216789064097,222.1818181818182,4.4069816885602995,4.428535353535353,0.08116182437289839
RHF_MPM_P28,958,0.0479,47.9,0,255,4.3365277777777775,28.139717367081502,62446,244.8862745098039,7,219,255,0.698601444596103,109,109,217,0.015069444444444444,18,17,0.7091503267973857,68.46082949308756,58.995391705069125,0.060208333333333336,0.006736111111111111,0.018958333333333334,0.014027777777777778,0.010694444444444444,1,69.78475803093873,59.95471287192134,7.950799398267287,4.035947252614154,0.8615838489711763,-140.5663485076982,-1.5068768245922461,1.5068768245922461,0.02360439419658585,6,0.11034722222222193,1589,0.45049991375807774,221.72727272727272,4.653266869843537,4.416729797979798,0.0841854448590111
RHF_MPM_P28,959,0.04795,47.95,0,12,0.023194444444444445,0.3745602102202621,334,27.833333333333332,0,0,7,0.06730829695631885,3,8,10,0.0006944444444444445,93,107,0.0010049241282283187,87.4,66.8,0.005625,0.0,0.0,0.0,0.0,0,80.82634730538922,62.616766467065865,30.695999571167157,28.56724644000053,0.3659094177015883,140.138186961596,0.3589714966050891,0.3589714966050891,0.0,-207,-4.3133333333333335,-62112,11.357958577538568,202.63636363636363,61.09199133240525,4.022032828282828,1.2672367557265214
RHF_MPM_P28,960,0.048,48.0,0,255,3.3205555555555555,22.507462212495522,47816,187.51372549019607,5,97,255,0.7045717177571739,104,104,140,0.009722222222222222,13,14,0.7692307692307693,64.59285714285714,55.285714285714285,0.05965277777777778,0.0035416666666666665,0.014027777777777778,0.008680555555555556,0.006319444444444444,1,63.64804667893592,54.0136774301489,7.75384539841288,5.3791649222682905,0.7202240113547641,70.45074677722324,-0.7990677841755176,0.7990677841755176,0.013300987117282918,130,3.297361111111111,47482,19.212161601181858,194.9090909090909,63.116709422025984,3.91552398989899,1.272472578156195
RHF_MPM_P28,961,0.04805,48.05,0,255,5.362152777777778,27.496416904530857,77215,302.80392156862746,21,170,255,1.1469505241922056,99,99,237,0.016458333333333332,24,29,0.34051724137931033,60.87763713080169,50.76371308016878,0.105,0.005347222222222222,0.023055555555555555,0.012222222222222223,0.009444444444444445,1,57.010036909926825,45.483170368451724,16.65626753409014,4.715575729335698,0.9590870939938585,53.291140787784485,-1.124102312005276,1.124102312005276,0.02902285825293013,97,2.0415972222222227,29399,10.808918744403883,195.8181818181818,63.64220752387834,3.9940151515151516,1.3312968341858222
RHF_MPM_P28,962,0.0481,48.1,0,255,6.500694444444444,31.244303917602718,93610,367.0980392156863,31,241,255,1.1309153770574099,103,103,281,0.01951388888888889,32,36,0.2439236111111111,59.13167259786477,49.27402135231317,0.09993055555555555,0.007916666666666667,0.03131944444444444,0.014930555555555556,0.012152777777777778,1,55.0795961969875,43.73493216536695,18.13302668424302,4.216470145564604,0.9725892578487441,51.84789561155776,-1.0371791319778496,1.0371791319778496,0.0072107680803332975,44,1.138541666666666,16395,2.6044074490944693,200.72727272727272,67.80465378113928,4.17532196969697,1.5122306062532707
RHF_MPM_P28,963,0.04815,48.15,0,255,6.235694444444444,30.78960193016056,89794,352.1333333333333,29,240,255,1.1220196781194,111,111,239,0.01659722222222222,19,18,0.6988304093567251,61.76150627615063,52.35146443514645,0.09986111111111111,0.007847222222222222,0.027708333333333335,0.015555555555555555,0.012291666666666666,1,54.85299685947836,44.493718956723164,19.470719373773207,4.317871717938826,0.9751007525299323,48.126550658176285,-1.1802728636091289,1.1802728636091289,0.005390115152460075,-42,-0.2649999999999997,-3816,0.791899396701527,202.0,68.37729554065841,4.335612373737374,1.6245125779328093
RHF_MPM_P28,964,0.0482,48.2,0,255,6.422430555555556,32.889443758736114,92483,362.678431372549,23,252,255,1.0429532907163597,110,110,295,0.02048611111111111,22,20,0.6704545454545454,60.545762711864406,51.33898305084746,0.0925,0.009375,0.027708333333333335,0.019166666666666665,0.01423611111111111,1,56.78931263042938,46.9388536271531,17.266669856901792,4.6958815250454355,0.9623079349368158,46.56636255018004,-1.9052187510136527,1.9052187510136527,0.04917660543018717,56,0.1867361111111112,2689,3.1189745624759677,208.8181818181818,73.3879085678761,4.518895202020202,1.7323065118774452
RHF_MPM_P28,965,0.04825,48.25,0,255,6.624722222222222,34.274830819431,95396,374.10196078431375,21,254,255,0.9597013064125968,109,109,331,0.02298611111111111,24,23,0.5996376811594203,59.54984894259819,50.522658610271904,0.08368055555555555,0.009722222222222222,0.029375,0.021388888888888888,0.015833333333333335,1,58.29476078661579,48.926579730806324,11.589187796966288,4.782506987743327,0.9108807247658914,-137.26775186780705,1.4032410555723467,1.4032410555723467,0.04004360769843599,36,0.20229166666666654,2913,2.493477333786992,218.54545454545453,81.40846911086835,4.711900252525253,1.8348691936008674
RHF_MPM_P28,966,0.0483,48.3,0,255,6.771597222222222,34.19193149550527,97511,382.39607843137253,24,254,255,1.023586151948683,109,109,328,0.02277777777777778,26,23,0.5484949832775919,59.65243902439025,50.670731707317074,0.08979166666666667,0.009583333333333333,0.030555555555555555,0.020972222222222222,0.015347222222222222,1,58.07378654715878,48.65726943626873,12.367780858015685,5.078823205720961,0.9117932749142551,-136.5768625265062,1.5611281356658377,1.5611281356658377,0.03645742531611818,-3,0.14687499999999964,2115,0.34836424794678617,228.0,87.31760209925395,4.929267676767677,1.9222860979078995
RHF_MPM_P28,967,0.04835,48.35,0,255,7.111805555555556,35.02459254368394,102410,401.6078431372549,25,255,255,1.0759859865735655,108,108,352,0.024444444444444446,26,24,0.5641025641025641,59.05965909090909,50.28977272727273,0.09576388888888888,0.010208333333333333,0.03194444444444444,0.022222222222222223,0.016319444444444445,1,57.59519578166195,48.4378478664193,12.41444488603775,5.13188024105425,0.9105587155440187,-136.84791186427233,1.5041178115538942,1.5041178115538942,0.026843081730299777,24,0.3402083333333339,4899,0.5264930637093264,240.0909090909091,94.17339379662153,5.175959595959596,2.010405412430377
RHF_MPM_P28,968,0.0484,48.4,0,255,6.6691666666666665,33.53672314501755,96036,376.61176470588236,24,252,255,1.042040741176465,105,105,330,0.022916666666666665,26,23,0.5518394648829431,59.448484848484846,50.8969696969697,0.09159722222222222,0.008888888888888889,0.030208333333333334,0.02034722222222222,0.014861111111111111,1,57.578335207630474,48.57595068515973,12.622199642647411,4.9096680999901405,0.9212500500238517,-137.35892723312313,1.5888407863173541,1.5888407863173541,0.019669707193135908,-22,-0.44263888888888925,-6374,0.13912824120474043,250.9090909090909,97.0027689815226,5.398049242424242,2.028076884733797
RHF_MPM_P28,969,0.04845,48.45,0,255,6.051805555555555,31.668315037202795,87146,341.74901960784314,21,243,255,1.016513696007883,106,106,288,0.02,25,20,0.576,60.572916666666664,51.6875,0.08979166666666667,0.008125,0.02715277777777778,0.017916666666666668,0.013055555555555556,1,58.24946641268676,49.145020999242654,12.221180318157302,4.852023995805976,0.9178109852862053,-138.50310979538384,1.484014884935835,1.484014884935835,0.017189543983659607,-42,-0.6173611111111112,-8890,0.8799193808359573,257.3636363636364,96.89382448402218,5.553983585858585,2.0062890469103203
RHF_MPM_P28,970,0.0485,48.5,0,255,5.621666666666667,30.695838525405648,80952,317.45882352941175,19,239,255,0.9570588069841797,108,108,266,0.018472222222222223,23,19,0.6086956521739131,61.30451127819549,52.17669172932331,0.08451388888888889,0.0077083333333333335,0.02423611111111111,0.016666666666666666,0.012222222222222223,1,59.05975145765392,49.84466103369898,11.479583351862898,4.673352164577235,0.9133830590147493,-139.6801951636177,1.3193587772262831,1.3193587772262831,0.025101294594327504,-22,-0.4301388888888882,-6194,1.0705409996405957,280.6363636363636,57.36687787988771,6.062935606060606,0.9928266287531015
RHF_MPM_P28,971,0.04855,48.55,0,255,4.981875,28.839014697222183,71739,281.32941176470587,16,217,255,0.9043044801889663,107,107,235,0.016319444444444445,22,18,0.5934343434343434,61.91489361702128,52.63404255319149,0.08006944444444444,0.006597222222222222,0.021180555555555557,0.014930555555555556,0.011041666666666667,1,59.45304506614254,50.17538577342868,11.868117696636991,4.324042350677434,0.9312655937961261,-139.30647015126564,1.6151027776598221,1.6151027776598221,0.03091763197145207,-31,-0.6397916666666674,-9213,0.5138664378486693,289.27272727272725,40.09554704156041,6.213964646464646,0.620841662836007
RHF_MPM_P28,972,0.0486,48.6,0,255,4.466111111111111,27.340260126147886,64312,252.20392156862746,13,189,255,0.8413233069502563,108,108,210,0.014583333333333334,18,17,0.6862745098039216,62.56190476190476,53.2952380952381,0.074375,0.005694444444444445,0.01902777777777778,0.013402777777777777,0.009652777777777777,1,59.93523759174027,50.665676701082226,12.118323698311368,4.301246450700726,0.9348900649784029,-138.65408600011617,2.0564793524418987,2.0564793524418987,0.033897250901853464,-25,-0.5157638888888885,-7427,0.6876734875518236,286.8181818181818,43.869264829652835,6.132506313131315,0.7684876845343663
RHF_MPM_P28,973,0.04865,48.65,0,255,4.098958333333333,26.367962442315772,59025,231.47058823529412,10,173,255,0.7898887441025815,108,108,195,0.013541666666666667,17,16,0.7169117647058824,62.99487179487179,53.6051282051282,0.06951388888888889,0.005416666666666667,0.017430555555555557,0.012361111111111111,0.009305555555555555,1,60.6620584498094,51.18598898771707,11.775784144759363,4.391692755261142,0.9278543749653734,-138.2719087201161,2.4302985892697047,2.4302985892697047,0.033341804320203304,-15,-0.3671527777777781,-5287,0.8938643271478768,279.0,51.25160751359193,5.9141666666666675,0.9521109182323685
RHF_MPM_P28,974,0.0487,48.7,0,255,3.8557638888888888,25.858207677207346,55523,217.7372549019608,6,164,255,0.7256350136541958,107,107,190,0.013194444444444444,18,16,0.6597222222222222,63.04210526315789,53.78947368421053,0.06298611111111112,0.005138888888888889,0.01659722222222222,0.011875,0.008958333333333334,1,61.28863714136484,51.75674945518074,11.121973056319005,4.477394708546623,0.9153883336435845,-137.6734796376654,2.8255097511798493,2.8255097511798493,0.02926715055022243,-5,-0.24319444444444427,-3502,0.8475661436906693,274.54545454545456,56.40497018133265,5.6978093434343435,1.1115261288382605
RHF_MPM_P28,975,0.04875,48.75,0,255,3.8019444444444446,26.089119626499517,54748,214.69803921568626,3,171,255,0.6612552230284571,106,106,193,0.013402777777777777,18,16,0.6701388888888888,63.02590673575129,53.740932642487046,0.05631944444444444,0.005347222222222222,0.016666666666666666,0.012083333333333333,0.009166666666666667,1,61.909110835099,52.43174179878717,9.931891083689532,4.1503010338206945,0.9085039739165913,-138.54513774131988,2.9686931763273203,2.9686931763273203,0.02215606049536056,3,-0.0538194444444442,-775,0.9168436445454702,265.27272727272725,60.51459765152223,5.459583333333334,1.207377080112194
RHF_MPM_P28,976,0.0488,48.8,0,255,3.8404166666666666,26.407431715833116,55302,216.87058823529412,1,177,255,0.625433054678313,109,109,195,0.013541666666666667,18,17,0.6372549019607843,62.9025641025641,53.712820512820514,0.05243055555555556,0.005486111111111111,0.017152777777777777,0.012569444444444444,0.009444444444444445,1,62.215236338649596,52.759954432027776,8.716226014086464,4.036784626417511,0.8862880300204737,-138.65482179327978,2.721102363196172,2.721102363196172,0.015297819247043506,2,0.03847222222222202,554,0.4488166179441636,252.9090909090909,59.710596814140345,5.206464646464647,1.2282561861644081
RHF_MPM_P28,977,0.04885,48.85,0,255,3.879513888888889,26.646111813240147,55865,219.07843137254903,0,180,255,0.5885050502426566,109,109,199,0.013819444444444445,18,17,0.6503267973856209,62.8643216080402,53.62311557788945,0.04833333333333333,0.005486111111111111,0.0175,0.012777777777777779,0.009583333333333333,1,62.61149198961783,53.05663653450282,7.020138390866569,4.170904859303639,0.8043658737548802,-138.20862250797865,0.9590446703731164,0.9590446703731164,0.008717443837823325,4,0.03909722222222234,563,0.49501395016026967,241.1818181818182,56.38635905609889,4.943547979797979,1.173399384499181
RHF_MPM_P28,978,0.0489,48.9,0,255,3.8940972222222223,26.717690116423135,56075,219.90196078431373,0,183,255,0.5842660181986964,109,109,198,0.01375,18,17,0.6470588235294118,62.93939393939394,53.67171717171717,0.04805555555555555,0.005486111111111111,0.017361111111111112,0.012777777777777779,0.009652777777777777,1,62.625876058849755,53.069942041908156,6.8125937819474975,4.137551957515497,0.794443002687135,-137.9734655174951,0.7864542494228014,0.7864542494228014,0.009415960766830139,-1,0.014583333333333393,210,0.019594335277884962,227.1818181818182,45.12773422956458,4.65102904040404,0.9818485635767096
RHF_MPM_P28,979,0.04895,48.95,0,255,3.8855555555555554,26.708599056862695,55952,219.41960784313724,0,185,255,0.5870084821374927,109,109,199,0.013819444444444445,18,17,0.6503267973856209,62.984924623115575,53.75879396984924,0.04826388888888889,0.005486111111111111,0.017361111111111112,0.012916666666666667,0.009583333333333333,1,62.7158993422934,53.15177294824135,6.735458352624883,4.281818583709349,0.7719254845488981,-138.66064064981833,0.570903534235495,0.570903534235495,0.010866456963111238,1,-0.008541666666666892,-123,0.12165725951741035,215.27272727272728,31.714897299909413,4.397973484848484,0.7635416605333586
RHF_MPM_P28,980,0.049,49.0,0,255,3.920486111111111,26.880003354152535,56455,221.3921568627451,0,188,255,0.5884631856055096,109,109,202,0.014027777777777778,18,16,0.7013888888888888,62.975247524752476,53.881188118811885,0.04847222222222222,0.005625,0.017638888888888888,0.012986111111111111,0.009652777777777777,1,62.74974758657338,53.214028872553364,6.698464669577101,4.333084527022836,0.7625941252085245,-139.02089693088413,0.5483613554723098,0.5483613554723098,0.011283323000619962,3,0.034930555555555465,503,0.07086256947627712,207.45454545454547,21.906261605318722,4.204217171717172,0.5634981340123312
RHF_MPM_P28,981,0.04905,49.05,0,255,3.900138888888889,26.784625046276062,56162,220.24313725490197,0,187,255,0.5891530597326788,106,106,203,0.014097222222222223,18,16,0.7048611111111112,62.95566502463054,53.793103448275865,0.04868055555555555,0.005555555555555556,0.017430555555555557,0.012916666666666667,0.009652777777777777,1,62.79121113920444,53.249332288736156,6.688728335598437,4.4098961521013855,0.7518776816540419,-139.3737637277944,0.6169979048382359,0.6169979048382359,0.011021687261849648,1,-0.020347222222222072,-293,0.05445693152358568,201.72727272727272,11.717049807794925,4.047714646464646,0.3446617187686022
RHF_MPM_P28,982,0.0491,49.1,0,255,3.8541666666666665,26.581028831668647,55500,217.64705882352942,0,186,255,0.582868617839945,105,105,203,0.014097222222222223,18,17,0.6633986928104575,63.00985221674877,53.77832512315271,0.04777777777777778,0.005347222222222222,0.017430555555555557,0.012916666666666667,0.00951388888888889,1,62.821153153153155,53.28351351351351,6.60931816570497,4.224201772032651,0.769100198309593,-139.1111842651232,0.19128716469377194,0.19128716469377194,0.01144144144144144,0,-0.0459722222222223,-662,0.045440954287790186,198.8181818181818,5.3226476975652535,3.945195707070707,0.17987432388333102
RHF_MPM_P28,983,0.04915,49.15,0,255,3.861736111111111,26.613524804908387,55609,218.07450980392156,0,186,255,0.5901153485407568,109,109,197,0.013680555555555555,17,16,0.7242647058823529,63.223350253807105,54.025380710659896,0.04875,0.005486111111111111,0.017361111111111112,0.012916666666666667,0.009583333333333333,1,62.86259418439461,53.37206207628262,6.597450285096699,4.518750969358291,0.7286146693083195,-137.30433454951552,0.23898479775815173,0.23898479775815173,0.01177866892049848,-6,0.0075694444444445175,109,0.09776608327446391,197.63636363636363,3.9834367818557532,3.8902525252525253,0.0728066285675705
RHF_MPM_P28,984,0.0492,49.2,0,255,3.8833333333333333,26.783058492678204,55920,219.2941176470588,0,191,255,0.5810031899978769,104,104,203,0.014097222222222223,18,16,0.7048611111111112,62.99014778325123,54.00985221674877,0.04784722222222222,0.005555555555555556,0.017708333333333333,0.012916666666666667,0.00986111111111111,1,62.84361587982833,53.49134477825465,6.573921877517561,4.354440065318144,0.7491672633959361,-139.3164145633806,0.4240651458266249,0.4240651458266249,0.010854792560801144,6,0.021597222222222268,311,0.12078302461008053,198.36363636363637,4.162008415367126,3.870650252525252,0.031001286821490247
RHF_MPM_P28,985,0.04925,49.25,0,255,3.8589583333333333,26.72614011752534,55569,217.91764705882352,0,193,255,0.5686581557781929,104,104,202,0.014027777777777778,18,16,0.7013888888888888,62.99009900990099,54.04455445544554,0.04666666666666667,0.005555555555555556,0.017361111111111112,0.012916666666666667,0.009652777777777777,1,62.800266335546794,53.565009267757205,6.5975646409512985,4.2447396665480674,0.7655471655757491,-138.19694961429903,0.6643771775606808,0.6643771775606808,0.00969965268405046,-1,-0.024375000000000036,-351,0.08547303670215885,199.45454545454547,3.3128849378706535,3.8709406565656566,0.030875184361575672
RHF_MPM_P28,986,0.0493,49.3,0,255,3.8493055555555555,26.715628219909284,55430,217.37254901960785,0,192,255,0.5671193098686081,107,107,202,0.014027777777777778,18,16,0.7013888888888888,63.02970297029703,54.01485148514851,0.04638888888888889,0.005555555555555556,0.017430555555555557,0.012847222222222222,0.009722222222222222,1,62.85300378856215,53.58035359913404,6.532285332747622,4.275970971129558,0.7559837748930571,-139.40965678110047,0.5794988280686,0.5794988280686,0.010030669312646581,0,-0.009652777777777732,-139,0.0549243794316226,200.27272727272728,2.665977872475487,3.875246212121212,0.023334974758064203
RHF_MPM_P28,987,0.04935,49.35,0,255,3.8403472222222224,26.696569117720244,55301,216.86666666666667,0,190,255,0.5631639994668375,108,108,200,0.013888888888888888,18,16,0.6944444444444444,63.055,54.005,0.04604166666666667,0.005416666666666667,0.017569444444444443,0.012777777777777779,0.009583333333333333,1,62.874758141805756,53.59116471673207,6.418073166995758,4.264992410492362,0.7472629379130669,-138.2297757534352,0.35726176564567236,0.35726176564567236,0.009511582069040342,-2,-0.00895833333333318,-129,0.024292635689978002,200.72727272727272,2.09288444240388,3.875239898989898,0.023344404308181098
RHF_MPM_P28,988,0.0494,49.4,0,255,3.853125,26.739001320604025,55485,217.58823529411765,0,190,255,0.5700668604605785,109,109,199,0.013819444444444445,18,16,0.6909722222222222,62.969849246231156,54.07035175879397,0.04666666666666667,0.005486111111111111,0.0175,0.012916666666666667,0.009583333333333333,1,62.83420744345319,53.63972244750833,6.5346207134233065,4.271172428095416,0.7568210934289115,-138.65868408739487,0.5774588486869999,0.5774588486869999,0.009462016761286834,-1,0.012777777777777555,184,0.0632630409877789,200.72727272727272,2.09288444240388,3.8728409090909084,0.024124805090741285
RHF_MPM_P28,989,0.04945,49.45,0,255,3.8630555555555555,26.794674462520895,55628,218.14901960784314,0,193,255,0.5645960442891765,108,108,202,0.014027777777777778,18,17,0.6601307189542484,63.08910891089109,54.163366336633665,0.04625,0.005555555555555556,0.017569444444444443,0.012986111111111111,0.009791666666666667,1,62.90637808297979,53.67919033580211,6.46946490398187,4.370448176759523,0.7373140138773175,-138.44418317678895,0.28602941486630673,0.28602941486630673,0.009959013446465808,3,0.009930555555555554,143,0.08225761615831793,201.0909090909091,1.9284730395996752,3.8700189393939395,0.02327384814165202
RHF_MPM_P28,990,0.0495,49.5,0,255,3.9030555555555555,26.926415501783584,56204,220.4078431372549,0,194,255,0.5764070329435538,107,107,206,0.014305555555555556,18,17,0.673202614379085,62.97572815533981,54.04854368932039,0.04736111111111111,0.005486111111111111,0.017708333333333333,0.013194444444444444,0.009791666666666667,1,62.88257063554195,53.69512846060778,6.585772701095267,4.280989589653408,0.7599033820937767,-138.56368404855644,0.20965062885891442,0.20965062885891442,0.009643441747918298,4,0.040000000000000036,576,0.028649928024807578,201.72727272727272,2.259964162664737,3.8716098484848485,0.024827738770637407
RHF_MPM_P28,991,0.04955,49.55,0,255,3.9385416666666666,27.00322075617272,56715,222.41176470588235,0,195,255,0.5803829684777939,108,108,207,0.014375,18,18,0.6388888888888888,62.97584541062802,53.99516908212561,0.04777777777777778,0.005555555555555556,0.017916666666666668,0.013194444444444444,0.009652777777777777,1,62.769091069382,53.56470069646478,6.693176966620523,4.181793540083127,0.7807972013544133,-138.28741636905335,0.5119168905852687,0.5119168905852687,0.008939434012166094,1,0.03548611111111111,511,0.17288439372943187,202.1818181818182,2.7242407388675813,3.8732512626262623,0.028351567745149374
RHF_MPM_P28,992,0.0496,49.6,0,255,3.9581944444444446,27.03424632790319,56998,223.521568627451,0,194,255,0.592235561671481,108,108,209,0.014513888888888889,18,18,0.6450617283950617,62.91387559808612,53.92344497607655,0.04881944444444444,0.005555555555555556,0.017777777777777778,0.012986111111111111,0.00951388888888889,1,62.67176041264606,53.515088248710484,6.7952481456355995,4.117513085920683,0.7955103020602727,-137.54703179764292,0.5871421721123166,0.5871421721123166,0.01001789536474964,2,0.019652777777777963,283,0.10924583155810912,202.72727272727272,3.359948838650242,3.87852904040404,0.03696179932167822
RHF_MPM_P28,993,0.04965,49.65,0,255,3.9791666666666665,27.1023032923403,57300,224.7058823529412,0,195,255,0.5975444092125002,106,106,212,0.014722222222222222,18,18,0.654320987654321,62.90094339622642,53.966981132075475,0.049166666666666664,0.005416666666666667,0.017986111111111112,0.012916666666666667,0.009583333333333333,1,62.697766143106456,53.4960907504363,6.753885305999367,4.435707964649378,0.754096278322491,-137.32269464950542,0.3491104576623138,0.3491104576623138,0.011029668411867364,3,0.020972222222221948,302,0.032205635492198924,203.54545454545453,4.29298871022458,3.8898926767676767,0.045867271675264894
RHF_MPM_P28,994,0.0497,49.7,0,255,4.007361111111111,27.18686521573401,57706,226.2980392156863,0,194,255,0.5929744261282837,106,106,214,0.014861111111111111,18,18,0.6604938271604939,62.799065420560744,53.78971962616822,0.04868055555555555,0.005486111111111111,0.017986111111111112,0.01326388888888889,0.009791666666666667,1,62.53770838387689,53.35148858004367,6.836943163737398,4.195915564600335,0.7895298040346944,-136.978159647125,0.49722162800820563,0.49722162800820563,0.009513742071881607,2,0.02819444444444441,406,0.21570413526830964,205.0909090909091,4.699217448480031,3.9031313131313126,0.05577555441827768
RHF_MPM_P28,995,0.04975,49.75,0,255,3.980277777777778,27.00030658119265,57316,224.7686274509804,0,191,255,0.5959186620279192,106,106,212,0.014722222222222222,18,18,0.654320987654321,62.863207547169814,53.863207547169814,0.04895833333333333,0.005416666666666667,0.018055555555555554,0.013055555555555556,0.009652777777777777,1,62.47243352641496,53.325842696629216,6.98254525591317,4.041925256675994,0.8154260174711625,-137.0486464141015,0.6188585033309765,0.6188585033309765,0.008950380347546933,-2,-0.027083333333333126,-390,0.07013214920978145,205.9090909090909,5.035411790591356,3.911944444444444,0.05948664484321316
RHF_MPM_P28,996,0.0498,49.8,0,255,3.9750694444444443,26.99687231103838,57241,224.47450980392156,0,193,255,0.6035949873937054,107,107,210,0.014583333333333334,18,18,0.6481481481481481,62.96666666666667,53.91428571428571,0.049930555555555554,0.005555555555555556,0.017708333333333333,0.012916666666666667,0.009583333333333333,1,62.585699061861256,53.27399940602016,6.966836188006507,4.2517210521461655,0.792185758181617,-136.53628606998896,0.7072373956771134,0.7072373956771134,0.011268146957600322,-2,-0.005208333333333481,-75,0.12456648145111558,206.63636363636363,4.995866059648759,3.9225,0.05944966582374058
RHF_MPM_P28,997,0.04985,49.85,0,255,4.020902777777778,27.203304420735627,57901,227.06274509803922,1,195,255,0.6093263466719054,106,106,211,0.014652777777777778,18,18,0.6512345679012346,62.86255924170616,53.8957345971564,0.050555555555555555,0.005694444444444445,0.017916666666666668,0.01326388888888889,0.009722222222222222,1,62.501908429906216,53.27289684115991,6.96366744653862,4.283740173525923,0.7884055968201616,-136.39704617138193,0.5729348178257981,0.5729348178257981,0.010949724529800867,1,0.04583333333333339,660,0.08379788572927126,207.45454545454547,4.905722750266197,3.9380997474747472,0.06069723452957143
RHF_MPM_P28,998,0.0499,49.9,0,255,4.092013888888889,27.356427085580748,58925,231.07843137254903,1,195,255,0.6163379492778864,106,106,218,0.01513888888888889,19,18,0.6374269005847953,62.64678899082569,53.8348623853211,0.051041666666666666,0.005555555555555556,0.01826388888888889,0.013402777777777777,0.009930555555555555,1,62.29164191769198,53.18469240560034,7.1989997973988995,4.225186133692202,0.809650048639188,-137.96363242995497,0.7413904783684542,0.7413904783684542,0.011591005515485787,7,0.07111111111111157,1024,0.2280176059235806,209.0909090909091,5.1425947722658,3.9609785353535356,0.06667552060409249
RHF_MPM_P28,999,0.04995,49.95,0,255,4.014166666666667,26.921837880447747,57804,226.68235294117648,0,188,255,0.6087416389868407,105,105,212,0.014722222222222222,19,18,0.6198830409356725,62.613207547169814,53.778301886792455,0.04986111111111111,0.005277777777777778,0.01826388888888889,0.012777777777777779,0.009375,1,62.15000691993634,53.15064701404747,7.295231779377802,4.083499936695918,0.8286620940940925,-137.3723066741511,0.5859128209012167,0.5859128209012167,0.010639402117500519,-6,-0.07784722222222218,-1121,0.14566935599236205,210.27272727272728,4.069641688290798,3.9756186868686867,0.058574578220006675
RHF_MPM_P28,1000,0.05,50.0,0,255,3.9704166666666665,26.752878086992805,57174,224.21176470588236,1,186,255,0.6131010931733166,108,108,203,0.014097222222222223,19,18,0.5935672514619883,62.86206896551724,53.86206896551724,0.050555555555555555,0.005277777777777778,0.017777777777777778,0.012847222222222222,0.009305555555555555,1,62.21808864169028,53.186868156854516,7.431283705615396,4.0553018160988845,0.8379762066526573,-137.79481893158885,0.8176117221741358,0.8176117221741358,0.011123937454087521,-9,-0.04375000000000062,-630,0.07711739118531792,210.36363636363637,3.891079010733218,3.9853787878787874,0.0467581208739891
RHF_MPM_P28,1001,0.05005,50.05,0,255,4.029722222222222,26.927507206707492,58028,227.5607843137255,1,190,255,0.6177845629330234,106,106,211,0.014652777777777778,19,18,0.6169590643274854,62.7345971563981,53.76777251184834,0.050763888888888886,0.005277777777777778,0.018194444444444444,0.012916666666666667,0.009375,1,62.20497001447577,53.03980836837389,7.351016433143178,4.278605213336602,0.8131582461295598,-137.07916626418404,0.7671575826122496,0.7671575826122496,0.012459502309230026,8,0.059305555555555944,854,0.14764375966480783,210.8181818181818,3.6386356538526368,3.9968939393939396,0.040204228944197645
RHF_MPM_P28,1002,0.0501,50.1,0,255,4.056041666666666,27.025386437743585,58407,229.04705882352943,1,192,255,0.6290935567681604,105,105,212,0.014722222222222222,19,18,0.6198830409356725,62.66981132075472,53.77358490566038,0.051944444444444446,0.005347222222222222,0.018125,0.012986111111111111,0.00951388888888889,1,62.15657369835807,53.00710531271937,7.474103970910691,4.235956459315144,0.8238890818045891,-136.50890005822427,0.7581901441966394,0.7581901441966394,0.012858047836731898,1,0.026319444444443896,379,0.058409701787517684,211.27272727272728,3.4401614415317274,4.007575757575758,0.0388686980249465
RHF_MPM_P28,1003,0.05015,50.15,0,255,3.998125,26.79203466488455,57573,225.7764705882353,1,186,255,0.6269379488398481,108,108,201,0.013958333333333333,19,18,0.5877192982456141,62.91044776119403,53.776119402985074,0.051875,0.005416666666666667,0.018055555555555554,0.013055555555555556,0.00951388888888889,1,62.2750421204384,52.997168811769406,7.488202487454022,4.182215802310406,0.829499601271251,-136.22306689924073,0.8756458761294195,0.8756458761294195,0.013287478505549476,-11,-0.057916666666666394,-834,0.11888440217846466,210.54545454545453,4.519928325329474,4.011205808080809,0.035833434547945506
RHF_MPM_P28,1004,0.0502,50.2,0,255,4.097708333333333,27.28508384271192,59007,231.4,1,196,255,0.63188905163679,108,108,210,0.014583333333333334,19,18,0.6140350877192983,62.74761904761905,53.804761904761904,0.0525,0.005833333333333334,0.018472222222222223,0.013194444444444444,0.009930555555555555,1,62.29372786279594,53.088091243411796,7.354692977823278,4.121976274271559,0.8281847109082626,-136.77096466711183,0.7756849904355557,0.7756849904355557,0.013218770654329148,9,0.09958333333333336,1434,0.09282265641112358,210.36363636363637,4.497933409764721,4.021982323232323,0.04189065807346772
RHF_MPM_P28,1005,0.05025,50.25,0,255,4.179305555555556,27.60465066626701,60182,236.0078431372549,1,206,255,0.6260509976361734,108,108,216,0.015,19,18,0.631578947368421,62.69444444444444,53.717592592592595,0.05173611111111111,0.005763888888888889,0.018680555555555554,0.013680555555555555,0.010208333333333333,1,62.24261407065235,53.030740088398524,7.291502230249445,4.11110934228561,0.8258963353071576,-136.6284206191246,0.5902271049222573,0.5902271049222573,0.011099664351467217,6,0.08159722222222232,1175,0.07682300910960455,210.54545454545453,4.6780655746431306,4.037613636363637,0.06116460778806461
RHF_MPM_P28,1006,0.0503,50.3,0,255,4.180486111111111,27.444264120158685,60199,236.07450980392156,2,197,255,0.6467933878356593,108,108,211,0.014652777777777778,19,18,0.6169590643274854,62.791469194312796,53.70616113744076,0.05361111111111111,0.005694444444444445,0.01923611111111111,0.01361111111111111,0.009930555555555555,1,62.209023405704414,52.97061412980282,7.5741862016230685,4.112323869641299,0.8397718991753312,-137.07353360882271,0.6934367762311865,0.6934367762311865,0.011229422415654744,-5,0.001180555555555074,17,0.06887280790484021,210.45454545454547,4.658591991025076,4.055814393939394,0.07047462581769746
RHF_MPM_P28,1007,0.05035,50.35,0,255,4.2527083333333335,27.676536134190506,61239,240.1529411764706,4,203,255,0.6627539691098625,108,108,216,0.015,19,18,0.631578947368421,62.800925925925924,53.84722222222222,0.05548611111111111,0.005902777777777778,0.019166666666666665,0.013472222222222222,0.010347222222222223,1,62.26141837717794,53.106223158444784,7.556793904810429,4.224432273995157,0.8291511961547102,-136.33082532394357,0.6542889050909266,0.6542889050909266,0.012345074217410474,5,0.07222222222222285,1040,0.1453789588796433,211.0,4.917501213199462,4.081054292929292,0.08521272883761835
RHF_MPM_P28,1008,0.0504,50.4,0,255,4.285416666666666,27.918630450207942,61710,242.0,3,209,255,0.6478139764749855,108,108,222,0.015416666666666667,20,18,0.6166666666666667,62.567567567567565,53.572072072072075,0.05416666666666667,0.0061805555555555555,0.019375,0.013888888888888888,0.010486111111111111,1,62.12386971317453,52.957267865824015,7.480706864966381,4.3204069240603795,0.8163624369704577,-136.73856370148337,0.6707906364932187,0.6707906364932187,0.012866634257008588,6,0.032708333333332895,471,0.2027493875918305,212.0,5.846521887568555,4.105101010101009,0.10075099145279687
RHF_MPM_P28,1009,0.05045,50.45,0,255,4.405972222222222,28.25525109307227,63446,248.8078431372549,4,215,255,0.6761010101685282,109,109,223,0.015486111111111112,20,18,0.6194444444444445,62.600896860986545,53.600896860986545,0.056875,0.006388888888888889,0.02,0.01423611111111111,0.010625,1,62.07671090376068,52.82243167417962,7.55994718037094,4.336197885708396,0.8191529405789466,-136.39826161071446,0.5442447797984865,0.5442447797984865,0.012877092330485767,1,0.12055555555555575,1736,0.14284520251830757,212.45454545454547,6.457745685519288,4.133642676767677,0.13247631160817924
RHF_MPM_P28,1010,0.0505,50.5,0,255,4.495486111111111,28.50588353816583,64735,253.86274509803923,5,217,255,0.6959730358978433,109,109,227,0.01576388888888889,21,19,0.568922305764411,62.44493392070485,53.370044052863435,0.058611111111111114,0.006458333333333333,0.020555555555555556,0.014305555555555556,0.010763888888888889,1,61.89517262686336,52.62555032053758,7.813119932127038,4.4049763401458355,0.8259166525811714,-137.22139359303293,0.7894465259349852,0.7894465259349852,0.012404418011894647,4,0.08951388888888889,1289,0.2678029376066817,213.8181818181818,7.6849106201483846,4.1773989898989905,0.16198908329403938
RHF_MPM_P28,1011,0.05055,50.55,0,255,4.571805555555556,28.729158814424302,65834,258.17254901960786,6,219,255,0.6904354112549871,108,108,232,0.01611111111111111,20,18,0.6444444444444445,62.60775862068966,53.55172413793103,0.057777777777777775,0.006597222222222222,0.020555555555555556,0.014652777777777778,0.011041666666666667,1,61.79158185739891,52.65648449129629,7.899727351140771,4.218169537078618,0.8455072509185675,-138.0347328551048,0.7302229612299628,0.7302229612299628,0.01275936446213203,5,0.0763194444444446,1099,0.10811091729685182,216.45454545454547,8.456988894223805,4.232070707070708,0.18302533054438266
RHF_MPM_P28,1012,0.0506,50.6,0,255,4.520902777777778,28.54512717253337,65101,255.2980392156863,5,216,255,0.6834040728985451,107,107,232,0.01611111111111111,20,19,0.6105263157894737,62.456896551724135,53.34051724137931,0.05708333333333333,0.006319444444444444,0.020625,0.014513888888888889,0.010833333333333334,1,61.754903918526594,52.49950077571773,7.99247911310044,4.29463679854769,0.8433690544962772,-137.039013256073,0.8680380827411092,0.8680380827411092,0.013947558409241025,0,-0.05090277777777796,-733,0.16121153233181618,218.36363636363637,9.334907383995226,4.276723484848485,0.1880588562083098
RHF_MPM_P28,1013,0.05065,50.65,0,255,4.538958333333333,28.533861638867634,65361,256.3176470588235,5,215,255,0.6905564211607148,107,107,233,0.016180555555555556,20,19,0.6131578947368421,62.48927038626609,53.27038626609442,0.057777777777777775,0.006319444444444444,0.020833333333333332,0.014652777777777778,0.010694444444444444,1,61.80578632517862,52.40193693486942,7.918401499904663,4.530949593572861,0.8201105670020533,-135.47328047653076,0.7425382274219453,0.7425382274219453,0.01338718807851777,1,0.018055555555555713,260,0.1100350959820396,220.27272727272728,9.964399439923467,4.320625,0.18778453438773618
RHF_MPM_P28,1014,0.0507,50.7,0,255,4.531458333333333,28.457409391266673,65253,255.89411764705883,7,211,255,0.7053966153560001,106,106,233,0.016180555555555556,20,19,0.6131578947368421,62.59656652360515,53.472103004291846,0.059583333333333335,0.006388888888888889,0.02048611111111111,0.014513888888888889,0.010833333333333334,1,61.9301028305212,52.60568862734281,8.094779666297251,4.291394968943627,0.8479079256764979,-136.64195674490563,0.8363163953970434,0.8363163953970434,0.013853769175363585,0,-0.007500000000000284,-108,0.23868252069718382,223.1818181818182,8.472610221587097,4.369109848484848,0.16582553907187741
RHF_MPM_P28,1015,0.05075,50.75,0,255,4.429305555555556,28.31184728589728,63782,250.12549019607843,5,219,255,0.6652191120945579,109,109,225,0.015625,19,18,0.6578947368421053,62.84,53.86666666666667,0.05555555555555555,0.006319444444444444,0.019791666666666666,0.014166666666666666,0.010694444444444444,1,62.02834655545452,52.96092941582265,7.771656298910941,3.8520773986484262,0.868518244092695,-137.32364559983344,0.7203469960248965,0.7203469960248965,0.0166818224577467,-8,-0.10215277777777754,-1471,0.368575429577925,224.54545454545453,7.377652205553993,4.399255050505051,0.14220595786113877
RHF_MPM_P28,1016,0.0508,50.8,0,12,0.016875,0.3288130352537407,243,20.25,0,0,6,0.04981437705939918,3,8,8,0.0005555555555555556,32,101,0.0024752475247524753,95.75,53.75,0.003958333333333334,0.0,0.0,0.0,0.0,0,82.72427983539094,59.63786008230453,34.01834333563501,25.52409266062748,0.6610931785079895,113.48698192101348,0.016280567863321514,0.016280567863321514,0.0,-217,-4.412430555555556,-63539,21.74633434518531,205.63636363636363,62.87400492944416,4.020852272727273,1.272229600532075
RHF_MPM_P28,1017,0.05085,50.85,0,255,3.1110416666666665,22.33418133398614,44799,175.68235294117648,2,98,255,0.6548509325887353,106,106,139,0.009652777777777777,14,13,0.7637362637362637,67.26618705035972,57.28776978417266,0.05506944444444444,0.003125,0.013125,0.008611111111111111,0.006388888888888889,1,69.21232616799482,58.634344516618675,7.922170855117574,5.215982647155168,0.7526654139560219,-140.4874863670398,-0.5593539346428648,0.5593539346428648,0.021228152414116387,131,3.0941666666666663,44556,13.549167332365242,199.0909090909091,65.6609120550486,3.923630050505051,1.2969386448052178
RHF_MPM_P28,1018,0.0509,50.9,0,255,5.686111111111111,27.757392936915405,81880,321.0980392156863,28,179,255,1.1842000881767205,106,106,206,0.014305555555555556,24,22,0.39015151515151514,69.8883495145631,60.140776699029125,0.1063888888888889,0.005555555555555556,0.025069444444444443,0.0125,0.009166666666666667,1,78.47954323400097,66.85814606741573,18.82117249562615,4.488526447475304,0.971146714269548,-140.2872547652777,-1.0053689956214764,1.0053689956214764,0.010490962383976551,67,2.5750694444444444,37081,12.39000500788308,198.1818181818182,65.48951086286911,4.053939393939394,1.391983853426397
RHF_MPM_P28,1019,0.05095,50.95,0,255,6.179375,30.180369441234067,88983,348.9529411764706,30,233,255,1.151017908567715,110,110,233,0.016180555555555556,25,22,0.42363636363636364,69.94849785407726,60.27896995708154,0.10319444444444445,0.007569444444444445,0.026805555555555555,0.014652777777777778,0.01125,1,77.98421046716788,67.14753379859074,18.973455620364774,4.315174154889818,0.9737939251968483,-138.0015038074038,-1.1275839003924444,1.1275839003924444,0.010260386815459132,27,0.4932638888888894,7103,0.5736722137711938,199.1818181818182,65.9280850373664,4.226117424242424,1.5211122217464141
RHF_MPM_P28,1020,0.051,51.0,0,255,6.149444444444445,30.671542179866957,88552,347.2627450980392,30,239,255,1.0922713025749677,108,108,251,0.017430555555555557,20,20,0.6275,70.0199203187251,60.50199203187251,0.0967361111111111,0.0077777777777777776,0.02736111111111111,0.015902777777777776,0.012013888888888888,1,76.99747041286476,66.18345153130365,18.57298038085191,4.100706196246194,0.9753216404522363,-139.4456565012884,-1.3047271939354077,1.3047271939354077,0.010694281326226398,18,-0.02993055555555557,-431,1.379532729899355,201.72727272727272,67.32430455245026,4.3846148989898985,1.6192621618384115
RHF_MPM_P28,1021,0.05105,51.05,0,255,5.944930555555556,31.796821698623695,85607,335.71372549019605,20,247,255,0.99433990773337,109,109,282,0.019583333333333335,22,21,0.6103896103896104,70.66666666666667,61.152482269503544,0.08854166666666667,0.008472222222222223,0.025416666666666667,0.018194444444444444,0.013333333333333334,1,73.72513929935636,63.281507353370635,13.478806928287682,4.465293397617753,0.9435315991427062,-141.3486166145227,-1.7847459095113396,1.7847459095113396,0.03243893606831217,31,-0.2045138888888891,-2945,4.373720490414817,206.72727272727272,70.95977209798765,4.516382575757576,1.6807306861161226
RHF_MPM_P28,1022,0.0511,51.1,0,255,6.208611111111111,33.37390170084485,89404,350.60392156862747,18,252,255,0.908376025776352,108,108,314,0.021805555555555557,23,22,0.6205533596837944,71.37579617834395,61.70700636942675,0.07902777777777778,0.009305555555555555,0.027569444444444445,0.020069444444444445,0.015069444444444444,1,72.63663818173684,62.57195427497651,10.054248422772352,4.502985850752331,0.8940992052243848,-138.89189910470577,-1.08637644771122,1.08637644771122,0.02356717820231757,32,0.26368055555555525,3797,1.2993460871213294,214.1818181818182,77.25144091838638,4.665183080808081,1.7500758489436716
RHF_MPM_P28,1023,0.05115,51.15,0,255,6.551736111111111,33.95441741900008,94345,369.98039215686276,19,253,255,0.9758494572708027,106,106,336,0.023333333333333334,25,24,0.56,72.04464285714286,62.407738095238095,0.08534722222222223,0.009027777777777777,0.029513888888888888,0.021180555555555557,0.015347222222222222,1,73.16872118289257,63.090868620488635,10.506898197570768,4.599249133580452,0.8991034788267567,-137.97427614196855,-0.7728818532731688,0.7728818532731688,0.013800413376437544,22,0.34312500000000057,4941,0.7432256844977568,223.63636363636363,84.84453454007698,4.849804292929293,1.8303936701829004
RHF_MPM_P28,1024,0.0512,51.2,0,255,6.454305555555556,33.44209333253813,92942,364.47843137254904,22,254,255,0.9887581827822025,110,110,309,0.021458333333333333,25,22,0.5618181818181818,71.25566343042071,61.78964401294498,0.08680555555555555,0.009444444444444445,0.02875,0.01965277777777778,0.014930555555555556,1,73.20965763594499,63.222267650792965,10.948374121754837,4.492781188739513,0.9119233475612901,-138.37576617938774,-0.8859026896318372,0.8859026896318372,0.012233435906264122,-27,-0.09743055555555546,-1403,0.13762811614430936,230.54545454545453,88.34782873945011,5.023926767676768,1.8828905476599733
RHF_MPM_P28,1025,0.05125,51.25,0,255,6.49375,33.38210123943252,93510,366.70588235294116,23,252,255,1.0157002263590516,109,109,314,0.021805555555555557,25,23,0.5460869565217391,71.47133757961784,61.77707006369427,0.08979166666666667,0.009305555555555555,0.027916666666666666,0.019791666666666666,0.014930555555555556,1,73.68934873275586,63.50213880868356,11.642703070115994,4.495497856462558,0.9224479362001184,-138.51493368924628,-1.03885392845911,1.03885392845911,0.016500908993690513,5,0.03944444444444439,568,0.5553660174863388,237.9090909090909,91.56265072759997,5.202316919191919,1.9203656523707544
RHF_MPM_P28,1026,0.0513,51.3,0,255,6.312708333333333,32.63696233904875,90903,356.4823529411765,23,250,255,1.0274191156543373,109,109,298,0.020694444444444446,25,21,0.5676190476190476,71.17785234899328,61.57382550335571,0.09118055555555556,0.008958333333333334,0.027430555555555555,0.018819444444444444,0.014375,1,73.85839851270035,63.64211302157245,12.189363024959503,4.507903539171248,0.929102333791559,-138.40748896059935,-1.0678540655863342,1.0678540655863342,0.020329362067258508,-16,-0.1810416666666672,-2607,0.21947803619757278,244.54545454545453,93.02039232571401,5.373535353535353,1.927758846581314
RHF_MPM_P28,1027,0.05135,51.35,0,255,6.001736111111111,31.632050110736422,86425,338.921568627451,21,247,255,1.0056257056550506,109,109,275,0.019097222222222224,23,21,0.5693581780538303,70.70181818181818,61.13818181818182,0.08895833333333333,0.008125,0.025486111111111112,0.017708333333333333,0.013125,1,73.7429910326873,63.5942377784206,12.579544679773536,4.443812079711417,0.9355263222091054,-137.92678296679597,-1.1820113955267353,1.1820113955267353,0.022551345096904832,-23,-0.3109722222222224,-4478,0.12494368871539968,268.8181818181818,55.328470694765166,5.917613636363637,0.9206415237944314
RHF_MPM_P28,1028,0.0514,51.4,0,255,5.789305555555556,31.022403142567292,83366,326.92549019607844,20,245,255,1.005727837657241,110,110,262,0.018194444444444444,22,21,0.5670995670995671,70.38931297709924,60.66793893129771,0.08986111111111111,0.008194444444444445,0.02423611111111111,0.016944444444444446,0.012777777777777779,1,73.6378019816232,63.482954681764745,12.949879266838705,4.445685751105796,0.9392260237119135,-137.77242144275667,-1.3521391857517164,1.3521391857517164,0.025022191301010004,-13,-0.2124305555555548,-3059,0.15312956626687796,280.0,37.52817123660086,6.161092171717172,0.27151191874639674
RHF_MPM_P28,1029,0.05145,51.45,0,255,5.537638888888889,30.368575680620896,79742,312.71372549019605,19,238,255,0.9927061223563945,110,110,250,0.017361111111111112,21,19,0.6265664160401002,69.84,60.232,0.08902777777777778,0.007569444444444445,0.022708333333333334,0.016180555555555556,0.012222222222222223,1,73.41794788191919,63.30104587294023,13.301642973086818,4.175743740360372,0.9494471507998125,-138.50519729491992,-1.561139434934753,1.561139434934753,0.027977728173359084,-12,-0.2516666666666669,-3624,0.2853535349082163,284.0,31.246818019818217,6.147594696969697,0.2972585238627401
RHF_MPM_P28,1030,0.0515,51.5,0,255,5.266111111111111,29.70583353463852,75832,297.38039215686274,17,228,255,0.958545446094182,109,109,247,0.017152777777777777,21,19,0.6190476190476191,69.7165991902834,60.1417004048583,0.08618055555555555,0.007222222222222222,0.022083333333333333,0.015555555555555555,0.011666666666666667,1,72.96252241797659,62.921695326511234,13.14360386582944,4.252436927444938,0.9462156558782817,-138.0729857605829,-1.7318283688559857,1.7318283688559857,0.0304093258782572,-3,-0.27152777777777803,-3910,0.5927218490011252,285.27272727272725,29.372500772880958,6.064570707070708,0.3898915283524144
RHF_MPM_P28,1031,0.05155,51.55,0,255,4.9925,28.977281798275463,71892,281.9294117647059,16,220,255,0.9197779913391929,110,110,230,0.01597222222222222,20,18,0.6388888888888888,69.30869565217391,59.77391304347826,0.08229166666666667,0.006805555555555555,0.020625,0.014583333333333334,0.011180555555555555,1,72.5514521782674,62.535984532354085,12.803578420084214,4.165794493161709,0.9455896262039933,-138.2029130757989,-1.8558681610508416,1.8558681610508416,0.030253713904189617,-17,-0.27361111111111125,-3940,0.5636945615347987,283.3636363636364,32.09438559587735,5.959393939393939,0.4947559375642461
RHF_MPM_P28,1032,0.0516,51.6,0,255,4.795347222222222,28.59465019926499,69053,270.79607843137256,15,217,255,0.8749152762064875,111,111,220,0.015277777777777777,19,17,0.6811145510835913,69.2,59.68636363636364,0.07763888888888888,0.006666666666666667,0.02,0.014375,0.011041666666666667,1,72.14527971268446,62.17519876037247,12.273088550362855,4.186047359967758,0.9400359778697558,-138.15915598722884,-1.9412564157356007,1.9412564157356007,0.029890084427903203,-10,-0.1971527777777773,-2839,0.543270140042776,277.72727272727275,36.92028491245062,5.854886363636364,0.5975155546316196
RHF_MPM_P28,1033,0.05165,51.65,0,255,4.657152777777778,28.410994501424838,67063,262.9921568627451,13,217,255,0.8370199560747988,110,110,221,0.015347222222222222,19,17,0.6842105263157895,69.15384615384616,59.71493212669683,0.07465277777777778,0.006666666666666667,0.01972222222222222,0.01423611111111111,0.010833333333333334,1,71.62533736933928,61.754931929678065,11.649441775630024,4.236281027495511,0.9315369447949403,-138.0294736863975,-1.9550518923724667,1.9550518923724667,0.03083667596140942,1,-0.1381944444444443,-1990,0.6685538492785698,269.27272727272725,38.26959607143868,5.713844696969698,0.6754054334528815
RHF_MPM_P28,1034,0.0517,51.7,0,255,4.5936111111111115,28.510650802500088,66148,259.4039215686274,12,217,255,0.7954337069558177,108,108,225,0.015625,19,18,0.6578947368421053,69.22666666666667,59.68888888888889,0.07034722222222223,0.006875,0.01972222222222222,0.014375,0.010902777777777779,1,71.18405696317349,61.324832194473,10.578798155536749,4.190450371148905,0.9181996948384168,-138.3543666677831,-2.041718276777409,2.041718276777409,0.029902642559109873,4,-0.06354166666666661,-915,0.6162095253153046,259.1818181818182,33.70680584586114,5.535833333333334,0.689017103527498
RHF_MPM_P28,1035,0.05175,51.75,0,255,4.659791666666667,28.860077095472167,67101,263.1411764705882,12,225,255,0.8000569057402118,110,110,229,0.015902777777777776,20,18,0.6361111111111111,69.26200873362446,59.646288209606986,0.070625,0.006805555555555555,0.019930555555555556,0.014513888888888889,0.011319444444444444,1,70.99950820405061,61.063054201874785,9.936695832178554,4.236629375423099,0.9045526277489,-139.13601649830443,-1.7132530927577785,1.7132530927577785,0.029001058106436564,4,0.06618055555555546,953,0.32029043367316307,251.9090909090909,30.66669661035788,5.372695707070707,0.6642353978345936
RHF_MPM_P28,1036,0.0518,51.8,0,255,4.641666666666667,28.99225591046302,66840,262.11764705882354,10,225,255,0.761543437917659,109,109,231,0.016041666666666666,20,18,0.6416666666666667,69.34632034632034,59.74025974025974,0.06673611111111111,0.007013888888888889,0.01972222222222222,0.014861111111111111,0.01138888888888889,1,70.71861160981449,60.71802812687014,8.740173478588181,4.419335628528865,0.8627476321790148,-139.409533287384,-1.3654536066527911,1.3654536066527911,0.02244165170556553,2,-0.01812500000000039,-261,0.4449111024536999,244.36363636363637,23.932757039341126,5.204324494949495,0.5892289658017127
RHF_MPM_P28,1037,0.05185,51.85,0,255,4.679375,29.073227320536624,67383,264.2470588235294,11,226,255,0.7723031045675897,110,110,230,0.01597222222222222,20,18,0.6388888888888888,69.3695652173913,59.721739130434784,0.06756944444444445,0.007013888888888889,0.019930555555555556,0.015,0.011527777777777777,1,70.74837867117819,60.738272264517754,8.66465898198306,4.401626589848872,0.8613584419036497,-140.42383782846812,-1.1992189472579187,1.1992189472579187,0.02230532923734473,-1,0.03770833333333368,543,0.03599865346545443,238.1818181818182,17.08171899917986,5.055839646464646,0.48837676421435333
RHF_MPM_P28,1038,0.0519,51.9,0,255,4.712638888888889,29.17640420752204,67862,266.12549019607843,11,229,255,0.7635302179693992,110,110,230,0.01597222222222222,20,18,0.6388888888888888,69.3695652173913,59.721739130434784,0.06659722222222222,0.007083333333333333,0.02020833333333333,0.015208333333333334,0.011666666666666667,1,70.80377825587222,60.819722377766645,8.728809015928352,4.281889034495461,0.871414866919451,-140.529570706216,-1.006443166642998,1.006443166642998,0.021558456868350475,0,0.03326388888888854,479,0.09850499953062379,234.0909090909091,12.565859558592917,4.93864898989899,0.3926167446980245
RHF_MPM_P28,1039,0.05195,51.95,0,255,4.709444444444444,29.111524440449934,67816,265.9450980392157,11,225,255,0.761731477833785,108,108,232,0.01611111111111111,20,18,0.6444444444444445,69.45258620689656,59.82327586206897,0.06604166666666667,0.006944444444444444,0.02013888888888889,0.015208333333333334,0.011527777777777777,1,70.80857024890881,60.80870296095317,8.765151285835016,4.251544299468873,0.8744859340196242,-140.47551685454047,-1.0057049190447591,1.0057049190447591,0.021337147575793323,2,-0.0031944444444444997,-46,0.012016269977486291,231.36363636363637,8.94704346568516,4.840479797979798,0.2889693328632381
RHF_MPM_P28,1040,0.052,52.0,0,255,4.718958333333333,29.156557324657545,67953,266.4823529411765,11,227,255,0.7529687585136948,111,111,229,0.015902777777777776,20,18,0.6361111111111111,69.39737991266375,59.70742358078603,0.06513888888888889,0.007083333333333333,0.020416666666666666,0.015069444444444444,0.01138888888888889,1,70.78295292334407,60.8254381705002,8.62896080622415,4.235894257109815,0.8712200140353357,-140.40172523704152,-1.0721050029456352,1.0721050029456352,0.02176504348593881,-3,0.009513888888888822,137,0.030599258286317526,229.45454545454547,6.733412431687711,4.766054292929294,0.1874086403363845
RHF_MPM_P28,1041,0.05205,52.05,0,255,4.633958333333333,28.84830246591523,66729,261.6823529411765,11,225,255,0.7629744067309785,110,110,230,0.01597222222222222,20,18,0.6388888888888888,69.44782608695652,59.77391304347826,0.0661111111111111,0.006736111111111111,0.02,0.014791666666666667,0.011319444444444444,1,70.84296183068831,60.81478817305819,8.773494390022336,4.379164896854823,0.866523791338689,-140.42357758827796,-1.0270824140046892,1.0270824140046892,0.022763715925609555,1,-0.08499999999999996,-1224,0.06094662752084346,227.9090909090909,3.8719162616448823,4.708585858585859,0.1033113889377719
RHF_MPM_P28,1042,0.0521,52.1,0,255,4.659236111111111,28.869039634467818,67093,263.10980392156864,11,225,255,0.7672611098091424,109,109,230,0.01597222222222222,20,18,0.6388888888888888,69.40434782608696,59.70434782608696,0.06673611111111111,0.006805555555555555,0.02,0.014861111111111111,0.011319444444444444,1,70.84043044728958,60.78292817432519,8.786844990744026,4.391129754156452,0.8661759987149662,-140.151179659091,-1.1671807800440497,1.1671807800440497,0.023728257791423846,0,0.025277777777778176,364,0.03196040395830411,227.9090909090909,3.8719162616448823,4.678289141414141,0.05146669710727036
RHF_MPM_P28,1043,0.05215,52.15,0,255,4.606527777777778,28.729394290116982,66334,260.1333333333333,11,225,255,0.7556229645494015,109,109,230,0.01597222222222222,20,18,0.6388888888888888,69.3391304347826,59.63913043478261,0.06555555555555556,0.006805555555555555,0.019930555555555556,0.014791666666666667,0.011180555555555555,1,70.80546929176592,60.76690686525764,8.671276188789395,4.297342076169907,0.8685602555917051,-140.4669367813045,-1.3118307537715879,1.3118307537715879,0.023080170048542226,0,-0.05270833333333336,-759,0.038457310615638174,228.8181818181818,2.979267201486171,4.661123737373737,0.03970684277684081
RHF_MPM_P28,1044,0.0522,52.2,0,255,4.549097222222223,28.53476107246686,65507,256.89019607843136,11,222,255,0.7630715764195624,109,109,228,0.015833333333333335,20,18,0.6333333333333333,69.32456140350877,59.578947368421055,0.06659722222222222,0.006666666666666667,0.01965277777777778,0.014583333333333334,0.010972222222222222,1,70.69007892286321,60.676126215518956,8.746569385245387,4.251520521977941,0.8739150753997855,-140.64832682563568,-1.0359786676959313,1.0359786676959313,0.02372265559405865,-2,-0.05743055555555543,-827,0.14681983381846164,229.45454545454547,1.724878723728207,4.651300505050505,0.05118210247128652
RHF_MPM_P28,1045,0.05225,52.25,0,255,4.548541666666667,28.520577451220053,65499,256.8588235294118,10,222,255,0.755341551023337,110,110,224,0.015555555555555555,19,18,0.6549707602339181,69.15625,59.513392857142854,0.06541666666666666,0.006666666666666667,0.019791666666666666,0.014513888888888889,0.011180555555555555,1,70.60814668926243,60.66875830165346,8.712665203732287,4.286656590752992,0.8705935569749123,-140.12239238527727,-1.018882835720576,1.018882835720576,0.02291638040275424,-4,-0.0005555555555556424,-8,0.082262853448822,229.36363636363637,1.966664332071267,4.647203282828283,0.05709827008267434
RHF_MPM_P28,1046,0.0523,52.3,0,255,4.483194444444444,28.259595141708992,64558,253.16862745098038,10,217,255,0.7575828674806794,109,109,223,0.015486111111111112,19,18,0.652046783625731,69.13004484304933,59.52466367713004,0.06590277777777778,0.006388888888888889,0.019305555555555555,0.01423611111111111,0.010694444444444444,1,70.69511137271911,60.64614765017504,8.756594755816241,4.414663533488051,0.8636143529198146,-140.4300817566569,-1.2439502736017134,1.2439502736017134,0.02356020942408377,-1,-0.06534722222222289,-941,0.08985598326767208,228.8181818181818,2.6906633794452257,4.63114898989899,0.07371173894118835
RHF_MPM_P28,1047,0.05235,52.35,0,255,4.379375,27.89601533967884,63063,247.30588235294118,10,214,255,0.7503722371051518,109,109,219,0.015208333333333334,19,18,0.6403508771929824,69.03652968036529,59.44748858447488,0.06520833333333333,0.00625,0.018819444444444444,0.013819444444444445,0.010555555555555556,1,70.65464694036123,60.69141969141969,8.887481720470111,4.153368736781298,0.884084031153557,-141.06150048892854,-1.2978402980968826,1.2978402980968826,0.025355596784168214,-4,-0.10381944444444446,-1495,0.06072007908841007,227.72727272727272,3.7921188390207656,4.607304292929293,0.10304142158763016
RHF_MPM_P28,1048,0.0524,52.4,0,255,4.395694444444445,28.03611922970423,63298,248.22745098039215,10,217,255,0.7584310107411001,107,107,221,0.015347222222222222,19,18,0.6461988304093568,69.05429864253394,59.46153846153846,0.06638888888888889,0.00625,0.018680555555555554,0.013958333333333333,0.010694444444444444,1,70.49628740244557,60.55317703560934,8.830300803914856,4.366057449099291,0.8692115348110917,-140.33344159404092,-1.019110742975621,1.019110742975621,0.025451041107143985,2,0.016319444444444997,235,0.2102112631006246,226.9090909090909,4.16597790450531,4.581515151515151,0.11640897473416004
RHF_MPM_P28,1049,0.05245,52.45,0,255,4.402083333333334,28.20994940902451,63390,248.58823529411765,8,219,255,0.7367793110675751,110,110,220,0.015277777777777777,19,18,0.6432748538011696,69.05909090909091,59.43181818181818,0.06395833333333334,0.006666666666666667,0.01902777777777778,0.01423611111111111,0.010902777777777779,1,70.38995109638745,60.44159962139139,8.52930823015956,4.255126400405246,0.8666693764957312,-140.5042173827152,-0.8963876679706144,0.8963876679706144,0.02342640795078088,-1,0.006388888888888999,92,0.15413283021358795,226.0,4.47213595499958,4.553282828282828,0.11881849467010956
RHF_MPM_P28,1050,0.0525,52.5,0,255,4.265347222222222,27.815806742579795,61421,240.86666666666667,6,214,255,0.6978227822957488,107,107,218,0.01513888888888889,19,18,0.6374269005847953,69.05504587155963,59.42660550458716,0.05986111111111111,0.0061805555555555555,0.018541666666666668,0.01361111111111111,0.010555555555555556,1,70.20831637387865,60.32003712085443,8.103839370158706,4.249402047000666,0.8514911419035089,-139.37929518155292,-1.1070669829434634,1.1070669829434634,0.021507302062812393,-2,-0.1367361111111114,-1969,0.2185603210961418,224.72727272727272,4.574452954694227,4.512910353535354,0.13344639387411836
RHF_MPM_P28,1051,0.05255,52.55,0,255,4.339583333333334,28.126849862004136,62490,245.05882352941177,7,215,255,0.7123042968611198,107,107,220,0.015277777777777777,19,18,0.6432748538011696,69.01363636363637,59.43636363636364,0.06159722222222222,0.006527777777777778,0.01861111111111111,0.014166666666666666,0.010833333333333334,1,70.11137782045127,60.182509201472236,8.105021294240448,4.250758539093092,0.8514351581961693,-140.41558852169715,-0.7632940702183962,0.7632940702183962,0.02112337974075852,2,0.07423611111111139,1069,0.16825876425966022,223.9090909090909,4.541816726107926,4.478421717171717,0.1244587189505376
RHF_MPM_P28,1052,0.0526,52.6,0,255,4.241805555555556,27.732249118750065,61082,239.53725490196078,5,213,255,0.6861675788160037,108,108,218,0.01513888888888889,19,18,0.6374269005847953,69.03211009174312,59.477064220183486,0.058541666666666665,0.0060416666666666665,0.018541666666666668,0.013541666666666667,0.010416666666666666,1,70.17722078517403,60.331750761271735,7.961353366508395,4.13050540378553,0.8548838063730579,-140.29117239152777,-0.9640123243074128,0.9640123243074128,0.01989129367080318,-2,-0.09777777777777796,-1408,0.16312062768046956,222.8181818181818,4.38630475702357,4.442771464646466,0.13080343454123014
RHF_MPM_P28,1053,0.05265,52.65,0,255,4.325069444444445,28.073090800239843,62281,244.23921568627452,6,218,255,0.7109608002622866,110,110,218,0.01513888888888889,19,18,0.6374269005847953,69.0091743119266,59.43119266055046,0.06125,0.006527777777777778,0.018819444444444444,0.013958333333333333,0.010833333333333334,1,70.1773414042806,60.219312470898025,7.910272872699378,4.3556377314013375,0.8347490768087737,-140.73547203693738,-1.0110466538130751,1.0110466538130751,0.021097927136686952,0,0.08326388888888925,1199,0.11243835507126382,221.72727272727272,3.9333286641425333,4.412392676767677,0.1148319592326681
RHF_MPM_P28,1054,0.0527,52.7,0,255,4.230763888888889,27.666586560623514,60923,238.91372549019607,5,207,255,0.6992813867196558,106,106,217,0.015069444444444444,19,18,0.6345029239766082,68.99539170506912,59.474654377880185,0.059930555555555556,0.006111111111111111,0.01861111111111111,0.013472222222222222,0.010486111111111111,1,70.12760369646931,60.28677182673211,8.01137936699932,4.274609852452723,0.8457576270816671,-140.16425087310589,-1.0614317084290668,1.0614317084290668,0.020944470889483445,-1,-0.09430555555555564,-1358,0.08381291229798912,220.54545454545453,3.1439302665073785,4.378232323232323,0.10766721427418521
RHF_MPM_P28,1055,0.05275,52.75,0,255,4.229375,27.72138837108427,60903,238.83529411764707,5,211,255,0.6984781843258239,104,104,217,0.015069444444444444,19,18,0.6345029239766082,69.036866359447,59.44700460829493,0.06,0.006319444444444444,0.01826388888888889,0.013541666666666667,0.010555555555555556,1,70.15252122227147,60.272449633023,7.970762105205025,4.264010371995325,0.8448796524677528,-139.77544993406352,-1.0588072545006586,1.0588072545006586,0.021608130962349967,0,-0.001388888888889106,-20,0.02874036055345826,219.54545454545453,2.2305171175245992,4.349166666666666,0.10053731645094889
RHF_MPM_P28,1056,0.0528,52.8,0,255,4.317916666666667,27.949488886079035,62178,243.83529411764707,7,214,255,0.7208349161712005,110,110,215,0.014930555555555556,19,18,0.6286549707602339,68.91627906976744,59.41860465116279,0.06229166666666667,0.006319444444444444,0.018819444444444444,0.014027777777777778,0.010625,1,70.13866640934093,60.237382997201586,8.112078755826788,4.396204601209327,0.8404215805997373,-140.46196665826446,-0.879583732826956,0.879583732826956,0.022113930972369647,-2,0.08854166666666696,1275,0.037704439913254464,218.72727272727272,2.0928844424038795,4.3282007575757575,0.07837913746170516
RHF_MPM_P28,1057,0.05285,52.85,0,255,4.272916666666666,27.68824890823121,61530,241.2941176470588,6,207,255,0.7137432380611751,109,109,214,0.014861111111111111,19,18,0.6257309941520468,68.9392523364486,59.453271028037385,0.06125,0.0059722222222222225,0.01902777777777778,0.013680555555555555,0.010347222222222223,1,70.21405818300016,60.391565090199904,8.288804685118432,4.199800561608239,0.8621321428246204,-140.34719500480077,-0.7559999481053999,0.7559999481053999,0.02106289614822038,-1,-0.04500000000000082,-648,0.17162761239622093,217.9090909090909,2.0205555246266247,4.309084595959596,0.06222376397534845
RHF_MPM_P28,1058,0.0529,52.9,0,255,4.250902777777778,27.719090002629613,61213,240.05098039215687,6,209,255,0.6990439086461213,110,110,212,0.014722222222222222,19,18,0.6198830409356725,68.79716981132076,59.386792452830186,0.06,0.006319444444444444,0.018541666666666668,0.013819444444444445,0.010625,1,70.1149755770833,60.34120203224805,8.173647341199901,4.169303285210857,0.8601204881785178,-139.33479685579266,-0.9668254803154899,0.9668254803154899,0.02171107444497084,-2,-0.02201388888888811,-317,0.11114765135412563,217.27272727272728,2.596883064924673,4.297405303030303,0.05994973893796141
RHF_MPM_P28,1059,0.05295,52.95,0,255,4.235625,27.663071458643955,60993,239.18823529411765,5,209,255,0.6946641342630818,109,109,213,0.014791666666666667,19,18,0.6228070175438597,68.91079812206573,59.44600938967136,0.059305555555555556,0.00625,0.018680555555555554,0.01361111111111111,0.010347222222222223,1,70.17565950191006,60.40627613004771,8.20598079112074,4.129104633575493,0.8641802651151478,-138.93484030431125,-0.9851843719806942,0.9851843719806942,0.021215549325332414,1,-0.01527777777777839,-220,0.08897851952476893,216.54545454545453,2.5712973861329,4.282853535353535,0.053394279861243905
RHF_MPM_P28,1060,0.053,53.0,0,255,4.1911805555555555,27.51338901326366,60353,236.67843137254903,5,206,255,0.6998927042176646,109,109,210,0.014583333333333334,18,18,0.6481481481481481,68.76666666666667,59.37619047619047,0.060069444444444446,0.006111111111111111,0.01840277777777778,0.013472222222222222,0.010347222222222223,1,70.11172601196296,60.31910592679734,8.159900949393622,4.259754394129751,0.8529240262425309,-138.82836566861468,-0.8717447815797703,0.8717447815797703,0.022020446373833942,-3,-0.04444444444444429,-640,0.10810243046077452,215.63636363636363,2.931730090290382,4.263680555555556,0.044215377972719995
RHF_MPM_P28,1061,0.05305,53.05,0,255,4.219305555555556,27.612300289825995,60758,238.26666666666668,5,207,255,0.697821940573681,109,109,214,0.014861111111111111,19,18,0.6257309941520468,68.91588785046729,59.40654205607477,0.059930555555555556,0.006111111111111111,0.018541666666666668,0.01375,0.010486111111111111,1,70.13356265841536,60.31957931465815,8.05674400798342,4.185195676082192,0.8544917924632504,-138.58769316776332,-1.1046361165174676,1.1046361165174676,0.021379900589222817,4,0.028125000000000178,405,0.02184177704203244,215.27272727272728,2.8632755905497493,4.2594949494949494,0.04600261525189948
RHF_MPM_P28,1062,0.0531,53.1,0,255,4.164513888888889,27.366693649242208,59969,235.17254901960786,4,201,255,0.688467507714206,108,108,213,0.014791666666666667,19,18,0.6228070175438597,68.87323943661971,59.3849765258216,0.058819444444444445,0.005833333333333334,0.018333333333333333,0.013472222222222222,0.010138888888888888,1,70.08205906384966,60.258400173422935,8.05807066993738,4.187587537629607,0.8543632998409485,-138.80825054380168,-0.9841987941821675,0.9841987941821675,0.02102753089096033,-1,-0.05479166666666657,-789,0.07997191741771949,214.63636363636363,2.4962782214083603,4.243579545454545,0.0458253586155711
RHF_MPM_P28,1063,0.05315,53.15,0,255,4.186041666666667,27.54417234488869,60279,236.38823529411764,5,205,255,0.6886967370049947,111,111,206,0.014305555555555556,18,17,0.673202614379085,68.70873786407768,59.150485436893206,0.059027777777777776,0.0061805555555555555,0.018333333333333333,0.013541666666666667,0.010347222222222223,1,70.03047495811145,60.14636938237197,7.8833361974537715,4.314588511020459,0.836933300187152,-138.4966708143013,-1.4120601497023424,1.4120601497023424,0.021417077257419665,-7,0.021527777777778034,310,0.12333619950490707,213.54545454545453,3.2853292726532093,4.238510101010101,0.04873338125427631
RHF_MPM_P28,1064,0.0532,53.2,0,255,4.231875,27.794864595339618,60939,238.9764705882353,5,211,255,0.68747804776508,110,110,212,0.014722222222222222,19,18,0.6198830409356725,68.89622641509433,59.31132075471698,0.058888888888888886,0.006319444444444444,0.018472222222222223,0.01375,0.010625,1,70.05449712007089,60.14004168102529,7.698326591505594,4.276438325884846,0.8315149824854786,-138.9991915071048,-1.3085121520812169,1.3085121520812169,0.020184118544774282,6,0.045833333333332504,660,0.024841579449347246,213.0,2.9848100289785457,4.230037878787879,0.04032403695478648
RHF_MPM_P28,1065,0.05325,53.25,0,255,4.214305555555556,27.689732670271123,60686,237.98431372549018,5,208,255,0.6896570621608665,110,110,212,0.014722222222222222,18,18,0.654320987654321,68.86320754716981,59.25471698113208,0.058888888888888886,0.0061805555555555555,0.018541666666666668,0.01361111111111111,0.010486111111111111,1,69.93100550374056,60.02354744092542,7.703766345704187,4.387155952440954,0.8220038309196787,-138.350916315156,-0.7936818090094584,0.7936818090094584,0.018917048413143064,0,-0.01756944444444386,-253,0.16976774511173318,212.54545454545453,2.7090298955911525,4.228541666666667,0.040573907049002544
RHF_MPM_P28,1066,0.0533,53.3,0,255,4.165069444444445,27.58357329947299,59977,235.20392156862746,4,206,255,0.6719522617332818,109,109,210,0.014583333333333334,18,18,0.6481481481481481,68.89047619047619,59.22857142857143,0.05736111111111111,0.0061805555555555555,0.01840277777777778,0.01375,0.010416666666666666,1,69.90944862197176,60.005652166663886,7.568625151402399,4.310139035449398,0.8220089975748754,-138.34949092216164,-0.9602316323172604,0.9602316323172604,0.018690498024242625,-2,-0.049236111111111036,-709,0.028016780551834156,211.9090909090909,2.391444806902892,4.222695707070707,0.04447753481482254
RHF_MPM_P28,1067,0.05335,53.35,0,255,4.129444444444444,27.45945839318237,59464,233.1921568627451,4,203,255,0.6682933385928207,110,110,208,0.014444444444444444,18,18,0.6419753086419753,68.82692307692308,59.15865384615385,0.05694444444444444,0.0061805555555555555,0.01826388888888889,0.013541666666666667,0.010277777777777778,1,69.82930848916992,59.93555764832504,7.541591486618715,4.272654760112549,0.8240304547407422,-138.71508565537712,-0.957564898762356,0.957564898762356,0.01836405219965021,-2,-0.03562500000000046,-513,0.10646916166971726,211.27272727272728,2.4155145919248038,4.2055618686868685,0.04063168979868214
RHF_MPM_P28,1068,0.0534,53.4,0,255,4.139513888888889,27.5250425327621,59609,233.76078431372548,3,204,255,0.6606339286546898,110,110,208,0.014444444444444444,18,18,0.6419753086419753,68.82211538461539,59.14903846153846,0.05611111111111111,0.006111111111111111,0.018194444444444444,0.013541666666666667,0.010416666666666666,1,69.78863929943465,59.87226761059571,7.3967845690056935,4.25777534633625,0.8177136834624785,-138.61975263648907,-0.777664085943476,0.777664085943476,0.017396701840326125,0,0.010069444444444464,145,0.07523039192708311,210.72727272727272,2.415514591924804,4.193434343434342,0.038574718101954314
RHF_MPM_P28,1069,0.05345,53.45,0,255,4.127847222222222,27.406666911517735,59441,233.10196078431372,4,202,255,0.6689536897523919,109,109,209,0.014513888888888889,18,17,0.6830065359477124,68.65071770334929,59.038277511961724,0.056805555555555554,0.005902777777777778,0.01826388888888889,0.013472222222222222,0.010138888888888888,1,69.73811005871369,59.84044682962938,7.411279979696176,4.458102885554875,0.79885065372278,-137.57432022328538,-1.0020697418135964,1.0020697418135964,0.018673979239918575,1,-0.011666666666666714,-168,0.059714037454725984,210.45454545454547,2.425757102568424,4.1822474747474745,0.03812722819112087
RHF_MPM_P28,1070,0.0535,53.5,0,255,3.9435416666666665,26.83016169063254,56787,222.69411764705882,2,195,255,0.6373698838097867,109,109,202,0.014027777777777778,18,17,0.6601307189542484,68.45544554455445,58.95049504950495,0.05375,0.005763888888888889,0.0175,0.012708333333333334,0.009722222222222222,1,69.49683906527902,59.61299241023474,7.085988060059373,4.418369080939165,0.781794590056418,-137.87258306412278,-0.9397418850098005,0.9397418850098005,0.01683483895962104,-7,-0.1843055555555555,-2654,0.33158287829003513,209.45454545454547,3.2853292726532093,4.155694444444444,0.07529707578128204
RHF_MPM_P28,1071,0.05355,53.55,0,255,3.9779166666666668,26.966572642888206,57282,224.63529411764705,2,193,255,0.6437824117567209,108,108,201,0.013958333333333333,17,17,0.6955017301038062,68.35323383084577,58.766169154228855,0.05444444444444444,0.0059722222222222225,0.0175,0.012986111111111111,0.00986111111111111,1,69.36432037987501,59.51429768513669,7.239487387629927,4.385083222698351,0.7956798816231637,-137.5346712119557,-0.7482182256846102,0.7482182256846102,0.019081037673265598,-1,0.034375000000000266,495,0.16523271692793182,208.63636363636363,4.0737011822560145,4.136306818181819,0.08973554046604043
RHF_MPM_P28,1072,0.0536,53.6,0,255,3.8873611111111113,26.78666399603103,55978,219.521568627451,1,190,255,0.6113677734274541,107,107,201,0.013958333333333333,17,17,0.6955017301038062,68.13432835820896,58.71641791044776,0.05138888888888889,0.005763888888888889,0.017152777777777777,0.012777777777777779,0.009722222222222222,1,68.98667333595341,59.2675872664261,6.6770781628822755,4.024831874040531,0.797904864776909,-139.55887884084453,-1.2261366386058457,1.2261366386058457,0.01831076494337061,0,-0.0905555555555555,-1304,0.4510912551613888,207.45454545454547,4.228983036222912,4.10613005050505,0.11022510179865484
RHF_MPM_P28,1073,0.05365,53.65,0,11,0.020416666666666666,0.3626673464301228,294,26.727272727272727,0,0,7,0.0585208259462228,3,8,13,0.0009027777777777777,83,107,0.0014637991217205269,88.07692307692308,64.23076923076923,0.004791666666666666,0.0,0.0,0.0,0.0,0,85.89455782312925,62.295918367346935,30.655464873180684,23.804495200655303,0.6300960766694205,93.22637473420568,-0.3314246066787477,0.3314246066787477,0.0,-188,-3.8669444444444445,-55684,17.176942309051565,189.27272727272728,55.87500808881928,3.7293939393939395,1.1779048971665007
RHF_MPM_P28,1074,0.0537,53.7,0,255,3.5146527777777776,23.45711350923196,50611,198.47450980392156,5,122,255,0.696711658332032,100,100,168,0.011666666666666667,15,17,0.6588235294117647,63.50595238095238,54.06547619047619,0.057916666666666665,0.0031944444444444446,0.016041666666666666,0.009583333333333333,0.006666666666666667,1,62.81826085238387,52.969789176266026,7.03489242446922,5.527797637489079,0.6185205675791078,57.5875607431482,-0.8147456724613743,0.8147456724613743,0.011776096105589695,155,3.494236111111111,50317,24.889599586388762,185.8181818181818,55.90872135871954,3.668358585858586,1.1700298199748018
RHF_MPM_P28,1075,0.05375,53.75,0,255,6.764513888888889,30.027231236594528,97409,381.99607843137255,34,189,255,1.3038185968011362,87,87,364,0.025277777777777777,27,42,0.32098765432098764,57.87362637362637,45.43956043956044,0.11708333333333333,0.005763888888888889,0.03090277777777778,0.016666666666666666,0.009583333333333333,1,54.8688622201234,41.5696496216982,18.631482764662728,4.585354921791512,0.9692424393251188,54.99406447179472,-0.7855654360245917,0.7855654360245917,0.014403186563869868,196,3.249861111111111,46798,13.898061752568475,199.63636363636363,75.88660527065453,3.898598484848485,1.4692044837398213
RHF_MPM_P28,1076,0.0538,53.8,0,255,6.922152777777778,31.37984328848684,99679,390.89803921568625,40,230,255,1.1998203487474486,99,99,300,0.020833333333333332,28,30,0.35714285714285715,59.02333333333333,49.47666666666667,0.10555555555555556,0.007291666666666667,0.035208333333333335,0.016319444444444445,0.011458333333333333,1,55.033527623671986,42.236940579259425,18.445906123864564,4.605714469894517,0.9683264379817055,57.946510763904975,-0.8146206391790615,0.8146206391790615,0.006330320328253695,-64,0.1576388888888891,2270,0.6873077310556025,207.63636363636363,81.21942527082,4.144766414141414,1.7087955468349845
RHF_MPM_P28,1077,0.05385,53.85,0,255,6.470138888888889,30.98921761377726,93170,365.37254901960785,31,238,255,1.224750534345715,110,110,253,0.017569444444444443,21,19,0.6340852130325815,61.241106719367586,52.205533596837945,0.11125,0.007569444444444445,0.027569444444444445,0.01625,0.012083333333333333,1,55.760674036707094,44.83518299881936,17.93635083684806,5.023984610926233,0.9599706204086336,53.365664167808866,-1.2237891438018427,1.2237891438018427,0.017720296232692927,-47,-0.4520138888888887,-6509,2.698074420172747,211.54545454545453,82.26715199592522,4.354318181818181,1.835105099449632
RHF_MPM_P28,1078,0.0539,53.9,0,255,6.509930555555556,32.98517615275855,93743,367.61960784313726,25,251,255,1.0435408421069772,109,109,304,0.021111111111111112,22,21,0.658008658008658,60.3125,51.2828947368421,0.09208333333333334,0.009236111111111112,0.02826388888888889,0.01951388888888889,0.014097222222222223,1,57.6134324696244,47.816338286592064,14.814550727841265,4.927152067142773,0.9430719808929838,49.824241356161636,-1.8261932910469194,1.8261932910469194,0.05083046200782992,51,0.03979166666666689,573,3.509985849054284,220.27272727272728,86.4155824638241,4.57072601010101,1.933547344432289
RHF_MPM_P28,1079,0.05395,53.95,0,255,6.897222222222222,34.899271610602675,99320,389.4901960784314,24,254,255,1.0105340102163876,110,110,340,0.02361111111111111,26,23,0.568561872909699,59.088235294117645,50.44117647058823,0.08909722222222222,0.01,0.030555555555555555,0.022222222222222223,0.016527777777777777,1,58.23430326218284,49.1892972211035,10.514316777857282,5.04286239926007,0.8774770380715479,-135.59150624092015,0.7962545188566644,0.7962545188566644,0.0171163914619412,36,0.38729166666666615,5577,1.50681676952008,232.27272727272728,92.80682861738424,4.821426767676768,2.037376651658767
RHF_MPM_P28,1080,0.054,54.0,0,255,7.114652777777778,35.31529188399352,102451,401.7686274509804,23,255,255,1.043430068875523,106,106,367,0.025486111111111112,27,26,0.5227920227920227,58.58038147138964,50.013623978201636,0.09243055555555556,0.010277777777777778,0.0325,0.02263888888888889,0.01659722222222222,1,58.01437760490381,49.032444778479466,10.751819186529735,5.2283619462018605,0.8738047369868258,-136.13880459940142,0.7631762391825732,0.7631762391825732,0.019218943690154318,27,0.21743055555555557,3131,0.2701295679608989,246.63636363636363,100.03842237067329,5.092954545454546,2.1240350129870462
RHF_MPM_P28,1081,0.05405,54.05,0,255,7.084930555555555,34.932903076559334,102023,400.09019607843135,24,254,255,1.0655305535715323,107,107,353,0.02451388888888889,27,25,0.522962962962963,58.74787535410765,50.328611898016995,0.09451388888888888,0.00986111111111111,0.03263888888888889,0.02201388888888889,0.01625,1,57.59043549003656,48.75945620105271,11.39213644799228,5.003966525173929,0.8983661310419454,-136.2982358354322,0.8747500823547609,0.8747500823547609,0.01782931299804946,-14,-0.029722222222222427,-428,0.5042317722670773,260.3636363636364,103.27920914357503,5.378535353535354,2.16115436708031
RHF_MPM_P28,1082,0.0541,54.1,0,255,6.685625,33.48758458200819,96273,377.54117647058825,24,252,255,1.074003883622506,106,106,327,0.022708333333333334,27,25,0.48444444444444446,59.27522935779817,50.681957186544345,0.09555555555555556,0.008888888888888889,0.03048611111111111,0.02013888888888889,0.014652777777777778,1,57.57551961609174,48.70785163025978,12.006318359674376,4.922430167739644,0.9120915260924441,-137.0114086500559,1.00062110282119,1.00062110282119,0.015217142916497875,-26,-0.39930555555555536,-5750,0.05371699007073886,271.8181818181818,103.0470485500484,5.624690656565656,2.141721993130193
RHF_MPM_P28,1083,0.05415,54.15,0,255,6.069861111111111,31.694441459428724,87406,342.7686274509804,21,243,255,1.0133435602355871,107,107,286,0.01986111111111111,24,23,0.5181159420289855,60.30769230769231,51.75174825174825,0.08930555555555555,0.00798611111111111,0.027083333333333334,0.017638888888888888,0.013055555555555556,1,57.773081939454954,49.06997231311352,12.520403462081482,4.677970114284441,0.9275787341414883,-137.08749370165563,1.2148117311638715,1.2148117311638715,0.015765508088689564,-41,-0.615763888888889,-8867,0.4125072854667261,279.54545454545456,100.60486490709685,5.823099747474748,2.0715286186690745
RHF_MPM_P28,1084,0.0542,54.2,0,255,5.641875,30.523845584430422,81243,318.6,20,235,255,1.0025975320117397,107,107,267,0.018541666666666668,23,21,0.5527950310559007,61.02996254681648,52.51310861423221,0.08944444444444444,0.007361111111111111,0.02361111111111111,0.016527777777777777,0.012222222222222223,1,58.37590930910971,49.71536009256182,12.67835709339924,4.684245545492353,0.929243507190062,-137.49595246573364,1.4841254536276278,1.4841254536276278,0.02483906305774036,-19,-0.4279861111111112,-6163,0.8831343179075793,302.6363636363636,56.068582561120834,6.334141414141414,0.9859213980587849
RHF_MPM_P28,1085,0.05425,54.25,0,255,5.102291666666667,29.100243799540728,73473,288.1294117647059,17,223,255,0.9436080568777345,109,109,235,0.016319444444444445,21,18,0.6216931216931217,61.804255319148936,53.161702127659574,0.08416666666666667,0.006458333333333333,0.021041666666666667,0.014861111111111111,0.011041666666666667,1,58.92880377825868,50.31618417650021,12.628253022500347,4.533140217735961,0.9333498221201032,-137.6076579279139,1.6928105300187903,1.6928105300187903,0.03202536986375948,-32,-0.5395833333333329,-7770,0.8165058933381466,308.72727272727275,43.29621211458428,6.478472222222223,0.6053731727131131
RHF_MPM_P28,1086,0.0543,54.3,0,255,4.77875,28.34833070910976,68814,269.8588235294118,14,220,255,0.8817288612774953,108,108,227,0.01576388888888889,20,18,0.6305555555555555,62.14537444933921,53.51101321585903,0.07909722222222222,0.006319444444444444,0.02013888888888889,0.014444444444444444,0.010694444444444444,1,59.41879559391984,50.8063184817043,12.657443606387877,4.53172830642861,0.9337105746165932,-137.49377521217423,2.006384961332933,2.006384961332933,0.03542883715523004,-8,-0.3235416666666673,-4659,0.6930538338057274,296.27272727272725,45.26505959163989,6.297948232323233,0.7675226522020049
RHF_MPM_P28,1087,0.05435,54.35,0,255,4.579513888888889,27.998572578443405,65945,258.6078431372549,13,213,255,0.8489611993451839,107,107,219,0.015208333333333334,19,17,0.6780185758513931,62.44292237442922,53.757990867579906,0.07527777777777778,0.0060416666666666665,0.019583333333333335,0.014027777777777778,0.010625,1,59.94924558344075,51.31809841534612,12.182014127877967,4.374833689688103,0.9332904847815412,-137.43498244405438,2.3492382442970463,2.3492382442970463,0.03289104556827659,-8,-0.1992361111111105,-2869,0.7370860817171617,288.90909090909093,50.36133896958973,6.084981060606061,0.8813461469243501
RHF_MPM_P28,1088,0.0544,54.4,0,255,4.481458333333333,27.97704546361648,64533,253.0705882352941,11,215,255,0.8028151067847611,109,109,218,0.01513888888888889,19,17,0.6749226006191951,62.477064220183486,53.76146788990825,0.07041666666666667,0.0061805555555555555,0.019444444444444445,0.014097222222222223,0.010555555555555556,1,60.57837075604729,51.91514418979437,11.277499664214423,4.638554747901233,0.9114952659807307,-137.13430551309597,2.6280021476475626,2.6280021476475626,0.026668526180403825,-1,-0.09805555555555578,-1412,0.8673304673500865,285.72727272727275,53.53518963191986,5.904191919191919,0.9820150004264938
RHF_MPM_P28,1089,0.05445,54.45,0,255,4.3990277777777775,27.99586426101989,63346,248.4156862745098,8,214,255,0.7477700214418105,107,107,220,0.015277777777777777,19,17,0.6811145510835913,62.35454545454545,53.75454545454546,0.06465277777777778,0.0061805555555555555,0.01965277777777778,0.013888888888888888,0.010625,1,61.000962965301675,52.354418589966215,10.179851559801733,4.453643834079732,0.8992203808289818,-137.72524233652638,2.6818899141538206,2.6818899141538206,0.01998547658889275,2,-0.08243055555555578,-1187,0.6095458751963102,278.09090909090907,56.30348696686644,5.712291666666666,1.0488697420033795
RHF_MPM_P28,1090,0.0545,54.5,0,255,4.518680555555555,28.698447711276028,65069,255.17254901960786,7,225,255,0.7203228644507578,110,110,226,0.015694444444444445,20,17,0.6647058823529411,62.269911504424776,53.690265486725664,0.06173611111111111,0.006736111111111111,0.020277777777777777,0.015,0.011041666666666667,1,61.38476079238962,52.774731438934054,8.967093548346249,4.371235822508773,0.8731368268131746,-138.34879236907216,2.302301836768557,2.302301836768557,0.014400098357128587,6,0.11965277777777761,1723,0.5691780592089707,267.72727272727275,54.414387985483316,5.496060606060606,1.027253070014318
RHF_MPM_P28,1091,0.05455,54.55,0,255,4.5940972222222225,28.924391977504484,66155,259.4313725490196,6,224,255,0.7039524901860439,110,110,231,0.016041666666666666,20,18,0.6416666666666667,62.06060606060606,53.51948051948052,0.059583333333333335,0.006597222222222222,0.020972222222222222,0.015069444444444444,0.011111111111111112,1,61.55859723376918,52.9272012697453,7.891681324850594,4.460625542377536,0.82493244692073,-140.10894652497095,0.9892345547504316,0.9892345547504316,0.011684679918373516,5,0.07541666666666735,1086,0.2312275019523343,255.36363636363637,45.10850096715842,5.266919191919192,0.9157148837439093
RHF_MPM_P28,1092,0.0546,54.6,0,255,4.657638888888889,29.076852381665287,67070,263.01960784313724,7,228,255,0.7119351506043808,108,108,236,0.01638888888888889,21,18,0.6243386243386243,61.932203389830505,53.40677966101695,0.06013888888888889,0.006666666666666667,0.020972222222222222,0.01513888888888889,0.01125,1,61.47454897867899,52.92473535112569,7.9009177221765405,4.460122410710013,0.8254283631460456,-140.20718378738053,0.816718851351376,0.816718851351376,0.011570001490979573,5,0.06354166666666661,915,0.08408442149615984,244.72727272727272,33.00162780858739,5.046256313131313,0.7232700510331587
RHF_MPM_P28,1093,0.05465,54.65,0,255,4.527986111111111,28.617249947459353,65203,255.69803921568626,5,220,255,0.690830560826926,107,107,230,0.01597222222222222,21,18,0.6084656084656085,62.02608695652174,53.50869565217391,0.058125,0.006458333333333333,0.020763888888888887,0.014722222222222222,0.011041666666666667,1,61.48962471051946,52.92891431375857,7.8042627124464765,4.254206434725928,0.8383624664682572,-139.69012293019495,0.7547002388681177,0.7547002388681177,0.012315384261460362,-6,-0.12965277777777828,-1867,0.01564421360160711,235.9090909090909,20.389188514123433,4.850107323232323,0.5145316366393767
RHF_MPM_P28,1094,0.0547,54.7,0,255,4.4714583333333335,28.4593353525095,64389,252.50588235294117,5,216,255,0.6899040492000807,109,109,223,0.015486111111111112,20,17,0.6558823529411765,62.36771300448431,53.7982062780269,0.058194444444444444,0.006527777777777778,0.020069444444444445,0.014375,0.010902777777777779,1,61.69412477286493,52.945860317756136,7.777741185420114,4.618337554736071,0.8046207574512634,-138.9857578665224,0.8858951198326971,0.8858951198326971,0.014117318175464754,-7,-0.05652777777777729,-814,0.20520098087189625,230.1818181818182,13.03713703804483,4.70479797979798,0.3484359537412222
RHF_MPM_P28,1095,0.05475,54.75,0,255,4.494375,28.570613720383655,64719,253.8,5,219,255,0.6828926256514909,108,108,227,0.01576388888888889,20,18,0.6305555555555555,62.22907488986784,53.68281938325991,0.057430555555555554,0.006388888888888889,0.020416666666666666,0.014722222222222222,0.010972222222222222,1,61.61869002920317,52.932261005268934,7.7269176742914905,4.485043592263927,0.8143001131423548,-139.3225864755712,0.8075245410155859,0.8075245410155859,0.013118249663931766,4,0.022916666666666252,330,0.07665077854425152,226.54545454545453,5.867687113856337,4.600479797979798,0.1863386768653218
RHF_MPM_P28,1096,0.0548,54.8,0,255,4.43375,28.378318207230564,63846,250.3764705882353,4,217,255,0.6742202197653686,109,109,223,0.015486111111111112,20,17,0.6558823529411765,62.45291479820628,53.83408071748879,0.05652777777777778,0.006388888888888889,0.019930555555555556,0.014444444444444444,0.010763888888888889,1,61.7816464617987,53.07251824703192,7.6459516088124735,4.335221911164195,0.823720730939726,-139.42996439431317,0.7032489698479872,0.7032489698479872,0.014268709081226702,-4,-0.06062499999999993,-873,0.21500440179499217,225.45454545454547,5.2805584478027665,4.539703282828282,0.10326275782985404
RHF_MPM_P28,1097,0.05485,54.85,0,255,4.40375,28.28775083050279,63414,248.68235294117648,4,215,255,0.6696510713792143,109,109,224,0.015555555555555555,19,18,0.6549707602339181,62.441964285714285,53.745535714285715,0.05597222222222222,0.006319444444444444,0.019791666666666666,0.014444444444444444,0.010625,1,61.87851263128016,53.11599962153468,7.624465309524836,4.416039763737421,0.8151901858678937,-139.08861163177713,0.7264801764097649,0.7264801764097649,0.01299397609360709,1,-0.03000000000000025,-432,0.10617760930939911,225.1818181818182,5.271159641572446,4.5056123737373746,0.07737220543522622
RHF_MPM_P28,1098,0.0549,54.9,0,255,4.436527777777778,28.409038548972518,63886,250.53333333333333,4,216,255,0.6752862955623438,109,109,226,0.015694444444444445,20,18,0.6277777777777778,62.45575221238938,53.76548672566372,0.05659722222222222,0.006388888888888889,0.020069444444444445,0.014444444444444444,0.010694444444444444,1,61.969977772907995,53.164308299157874,7.5878587786780365,4.304990914425579,0.8234750153231719,-138.96773161835358,0.6496131877436868,0.6496131877436868,0.01389975894562189,2,0.03277777777777846,472,0.10343887309276958,225.8181818181818,4.8956043701222764,4.492613636363636,0.07586090648728877
RHF_MPM_P28,1099,0.05495,54.95,0,255,4.439652777777778,28.362467323158164,63931,250.70980392156864,5,217,255,0.6905948589620193,109,109,224,0.015555555555555555,20,18,0.6222222222222222,62.433035714285715,53.816964285714285,0.058125,0.006319444444444444,0.02020833333333333,0.014305555555555556,0.010694444444444444,1,61.85116766513898,53.04256151162973,7.729673863903604,4.483156930364723,0.814621439924529,-139.34407926421125,0.8169975250462101,0.8169975250462101,0.013670989035053416,-2,0.0031249999999998224,45,0.17011208652388105,226.36363636363637,4.291063171347616,4.488813131313131,0.07735701060974032
RHF_MPM_P28,1100,0.055,55.0,0,255,4.518055555555556,28.60704471507406,65060,255.13725490196077,5,220,255,0.7081004087781618,109,109,228,0.015833333333333335,21,18,0.6031746031746031,62.42982456140351,53.74561403508772,0.05986111111111111,0.006388888888888889,0.020625,0.014583333333333334,0.010763888888888889,1,61.888456809099296,53.06910544113126,7.812619292149152,4.659520659660874,0.8026802996408058,-139.76465643258354,0.7123765889765449,0.7123765889765449,0.013249308330771595,4,0.07840277777777782,1129,0.045771830318172696,227.0909090909091,3.80082635643034,4.499633838383838,0.07219350445770108
RHF_MPM_P28,1101,0.05505,55.05,0,255,4.435833333333333,28.31195849371781,63876,250.49411764705883,5,214,255,0.6845971177404815,109,109,225,0.015625,20,18,0.625,62.43555555555555,53.78666666666667,0.05763888888888889,0.0061805555555555555,0.019930555555555556,0.014375,0.010555555555555556,1,61.880221053290754,53.06554887594715,7.763709279157811,4.47964134035081,0.8167458670451763,-138.73170988387216,0.8642031838660374,0.8642031838660374,0.014042832988916025,-3,-0.08222222222222264,-1184,0.008970887896232682,227.0,3.8376128944009875,4.492102272727274,0.07410967343359472
RHF_MPM_P28,1102,0.0551,55.1,0,255,4.415486111111111,28.315861214017033,63583,249.34509803921569,4,213,255,0.6758265832109467,108,108,227,0.01576388888888889,20,18,0.6305555555555555,62.51541850220264,53.74449339207048,0.05673611111111111,0.0061805555555555555,0.02013888888888889,0.01423611111111111,0.010555555555555556,1,61.94625922023182,53.04093861566771,7.746958571454599,4.440221186754901,0.8194457887271868,-138.6003072282541,0.860991281465914,0.860991281465914,0.013384080650488338,2,-0.020347222222222072,-293,0.07047484944260805,226.63636363636363,3.6249821886139793,4.475864898989898,0.06940105566025263
RHF_MPM_P28,1103,0.05515,55.15,0,255,4.4411805555555555,28.3437115550769,63953,250.79607843137254,5,213,255,0.688617236607691,108,108,227,0.01576388888888889,20,18,0.6305555555555555,62.629955947136565,53.779735682819386,0.057847222222222223,0.006319444444444444,0.02034722222222222,0.014305555555555556,0.010555555555555556,1,62.002892749362815,53.046721811330194,7.763999099634443,4.488299307194455,0.8159721818660859,-139.41767129492524,0.791867758440301,0.791867758440301,0.01382265100933498,0,0.025694444444444464,370,0.056928042069803925,225.8181818181818,2.124240262826895,4.456186868686869,0.039177125082848666
RHF_MPM_P28,1104,0.0552,55.2,0,255,4.290763888888889,27.816037005552232,61787,242.30196078431374,3,207,255,0.658768370956978,107,107,219,0.015208333333333334,20,18,0.6083333333333333,62.51141552511415,53.853881278538815,0.05493055555555556,0.006111111111111111,0.019375,0.013888888888888888,0.010347222222222223,1,62.02633240001942,53.15187660834803,7.684960514779978,4.18511735072982,0.8387053918627084,-139.0155752656406,0.8034923643346035,0.8034923643346035,0.013611277453185945,-8,-0.15041666666666664,-2166,0.10773554918765971,224.8181818181818,2.4796693994519736,4.434621212121211,0.05557721613435287
RHF_MPM_P28,1105,0.05525,55.25,0,255,4.32875,27.99361496829331,62334,244.4470588235294,4,208,255,0.6699836459522387,109,109,219,0.015208333333333334,20,18,0.6083333333333333,62.61643835616438,53.89041095890411,0.05611111111111111,0.006111111111111111,0.01972222222222222,0.014097222222222223,0.010416666666666666,1,62.10677960663522,53.18014245836943,7.58648750836983,4.229926001581798,0.830136286742368,-138.16485699789567,0.6991587797493262,0.6991587797493262,0.014005197805371065,0,0.0379861111111115,547,0.08526846620948221,224.45454545454547,2.965364805509107,4.4216477272727275,0.06177481992340176
RHF_MPM_P28,1106,0.0553,55.3,0,255,4.359375,28.075913008770375,62775,246.1764705882353,4,209,255,0.6769587041360685,109,109,221,0.015347222222222222,20,18,0.6138888888888889,62.619909502262445,53.85972850678733,0.056805555555555554,0.006111111111111111,0.019930555555555556,0.014097222222222223,0.010416666666666666,1,62.06972520908005,53.13204301075269,7.610910246929939,4.446251418513944,0.8116137388219664,-138.52338391749817,0.7382974062756514,0.7382974062756514,0.01306252489048188,2,0.03062499999999968,441,0.06071725651915309,223.9090909090909,2.9986222731764802,4.409375,0.05947438740108221
RHF_MPM_P28,1107,0.05535,55.35,0,255,4.261458333333334,27.660150599853885,61365,240.64705882352942,3,202,255,0.6599355001073375,108,108,214,0.014861111111111111,20,17,0.6294117647058823,62.64485981308411,53.925233644859816,0.05493055555555556,0.0059722222222222225,0.019305555555555555,0.01375,0.010208333333333333,1,61.98086857329096,53.14760857166137,7.681263631784782,4.165578843571993,0.8401824407976679,-137.7538104551158,0.6833142535441344,0.6833142535441344,0.012857492055732094,-7,-0.09791666666666643,-1410,0.09020969133167497,223.0909090909091,4.144098661833266,4.393712121212121,0.0722972692088902
RHF_MPM_P28,1108,0.0554,55.4,0,255,4.222777777777778,27.584140633816617,60808,238.46274509803922,3,202,255,0.6520568621614229,107,107,213,0.014791666666666667,20,17,0.6264705882352941,62.72769953051643,54.02347417840375,0.054375,0.005833333333333334,0.01902777777777778,0.013680555555555555,0.010069444444444445,1,62.12638139718458,53.30553545586107,7.575559682301244,4.078732672116551,0.8426850790999396,-138.06259293349422,0.679297923425611,0.679297923425611,0.013682410209183002,-1,-0.03868055555555561,-557,0.21474376049263802,222.0909090909091,5.035411790591356,4.377260101010102,0.08719689245112079
RHF_MPM_P28,1109,0.05545,55.45,0,255,4.214444444444444,27.594413428611524,60688,237.9921568627451,3,200,255,0.6615680662500294,108,108,214,0.014861111111111111,19,18,0.6257309941520468,62.799065420560744,54.0607476635514,0.05548611111111111,0.0059722222222222225,0.019097222222222224,0.013680555555555555,0.010069444444444445,1,62.34883337727393,53.34451621407857,7.469050352340808,4.428787387236409,0.8052379012997233,-138.03933273930343,0.6074354985008975,0.6074354985008975,0.014137885578697601,1,-0.008333333333333748,-120,0.22584149963388456,221.0,5.359782899266791,4.357070707070708,0.09636522910916631
RHF_MPM_P28,1110,0.0555,55.5,0,255,4.361458333333333,28.194820260819725,62805,246.2941176470588,3,212,255,0.6612423764110045,108,108,226,0.015694444444444445,20,18,0.6277777777777778,62.60619469026549,53.80088495575221,0.05534722222222222,0.006111111111111111,0.019930555555555556,0.014305555555555556,0.010625,1,62.237990605843486,53.24693893798265,7.480666691559781,4.508632980685992,0.7979643121985794,-137.89583206510758,0.793174622125705,0.793174622125705,0.011846190589921184,12,0.147013888888889,2117,0.14767343968595098,221.1818181818182,5.490788680196909,4.349962121212122,0.09283045744985284
RHF_MPM_P28,1111,0.05555,55.55,0,255,4.389097222222222,28.230685246071694,63203,247.8549019607843,3,213,255,0.6607233403464284,108,108,226,0.015694444444444445,20,18,0.6277777777777778,62.53982300884956,53.75221238938053,0.05520833333333333,0.00625,0.020277777777777777,0.014305555555555556,0.010555555555555556,1,62.07899941458475,53.19424710852333,7.547581053906271,4.335428776698016,0.8185656296785712,-137.91272374002756,0.7713256330054997,0.7713256330054997,0.010584940588263215,0,0.027638888888889213,398,0.16749515751102137,221.0,5.291502622129181,4.338238636363636,0.07778568723721224
RHF_MPM_P28,1112,0.0556,55.6,0,255,4.368055555555555,28.094188438125663,62900,246.66666666666666,4,209,255,0.6747374833748112,107,107,224,0.015555555555555555,20,18,0.6222222222222222,62.669642857142854,53.794642857142854,0.05652777777777778,0.0061805555555555555,0.019930555555555556,0.01423611111111111,0.010555555555555556,1,62.17034976152623,53.15009538950716,7.511859709518761,4.65903257756028,0.7844250770812349,-137.98184851165954,0.6387524956389209,0.6387524956389209,0.013131955484896662,-2,-0.02104166666666707,-303,0.10146063363892421,220.9090909090909,5.230236314051827,4.3320770202020205,0.07230204804791679
RHF_MPM_P28,1113,0.05565,55.65,0,255,4.423333333333333,28.33002598343711,63696,249.78823529411764,4,215,255,0.6670188527724439,108,108,228,0.015833333333333335,20,18,0.6333333333333333,62.5,53.723684210526315,0.055625,0.00625,0.020277777777777777,0.014375,0.010625,1,62.01069140919367,53.122613664908314,7.568604120883017,4.382117238673954,0.8153373507929393,-138.04876061772347,0.701149663981764,0.701149663981764,0.012999246420497362,4,0.05527777777777754,796,0.16200627968222595,221.0,5.34279463815095,4.332790404040404,0.07315518239871734
RHF_MPM_P28,1114,0.0557,55.7,0,255,4.380833333333333,28.123642572180756,63084,247.38823529411764,3,211,255,0.6583000855413901,107,107,228,0.015833333333333335,20,18,0.6333333333333333,62.45614035087719,53.70614035087719,0.05493055555555556,0.005902777777777778,0.020277777777777777,0.014097222222222223,0.010347222222222223,1,61.97325787838437,53.096744023841225,7.660957551957431,4.27524082762167,0.8298035099249298,-138.3208374658054,0.8136986374367008,0.8136986374367008,0.011603576184135439,0,-0.04249999999999954,-612,0.0455028302173666,221.0909090909091,5.451514309296345,4.327304292929292,0.06680848773845725
RHF_MPM_P28,1115,0.05575,55.75,0,255,4.304305555555556,27.870591994589176,61982,243.06666666666666,3,206,255,0.6539017154556914,107,107,224,0.015555555555555555,20,18,0.6222222222222222,62.580357142857146,53.754464285714285,0.05430555555555556,0.005902777777777778,0.019791666666666666,0.013819444444444445,0.010277777777777778,1,62.054515827175635,53.12771449775742,7.562764788141694,4.124994827001656,0.8381532785110459,-138.2083185804191,0.719820506329357,0.719820506329357,0.012616566099835436,-4,-0.07652777777777775,-1102,0.08695990165792952,221.54545454545453,5.46665322849924,4.3285353535353535,0.06624622428614461
RHF_MPM_P28,1116,0.0558,55.8,0,255,4.430555555555555,28.302263056791112,63800,250.19607843137254,4,212,255,0.6636375312148522,108,108,228,0.015833333333333335,20,18,0.6333333333333333,62.6359649122807,53.675438596491226,0.05548611111111111,0.006319444444444444,0.020416666666666666,0.014375,0.010555555555555556,1,62.02390282131662,53.06811912225705,7.627532181030276,4.308438415614548,0.8251911892607675,-137.60185710251545,0.6582639941558834,0.6582639941558834,0.012821316614420063,4,0.12624999999999975,1818,0.06699824556474372,222.36363636363637,5.693261204309519,4.337790404040405,0.0724506380815421
RHF_MPM_P28,1117,0.05585,55.85,0,255,4.294722222222222,27.707601743335417,61844,242.52549019607844,3,201,255,0.6543974181863949,107,107,219,0.015208333333333334,20,18,0.6083333333333333,62.51598173515982,53.83561643835616,0.05409722222222222,0.005763888888888889,0.01972222222222222,0.01375,0.010208333333333333,1,61.91001552292866,53.005934286268676,7.750280295667964,4.29478032559305,0.8324200502513855,-137.66464976195476,0.7516603274676165,0.7516603274676165,0.013178319642972641,-9,-0.13583333333333325,-1956,0.1297585086266367,222.1818181818182,5.765385452984701,4.331912878787879,0.07308091388130802
RHF_MPM_P28,1118,0.0559,55.9,0,255,4.2675,27.512057445075076,61452,240.98823529411766,4,195,255,0.6755954921121707,106,106,215,0.014930555555555556,19,18,0.6286549707602339,62.674418604651166,53.82325581395349,0.05638888888888889,0.005763888888888889,0.01951388888888889,0.01361111111111111,0.00986111111111111,1,61.92958732018486,52.91357482262579,7.906210174403811,4.494289870129912,0.8227174011482385,-135.87056917391183,0.9777619903880792,0.9777619903880792,0.014010935364186683,-4,-0.027222222222222037,-392,0.09441041135510049,222.27272727272728,5.642225690611964,4.332462121212121,0.07257026522925442
RHF_MPM_P28,1119,0.05595,55.95,0,255,4.403611111111111,28.101369347099418,63412,248.67450980392158,5,209,255,0.68783995141178,109,109,220,0.015277777777777777,19,18,0.6432748538011696,62.768181818181816,53.70454545454545,0.05763888888888889,0.0061805555555555555,0.02013888888888889,0.01423611111111111,0.010555555555555556,1,62.098262158581974,52.880795433041065,7.708834922214958,4.670389279351106,0.7955797202541101,45.70493444866832,-0.8451317374767512,0.8451317374767512,0.015612186967766353,5,0.13611111111111107,1960,0.17183040909524866,222.9090909090909,4.9074071186421016,4.348901515151515,0.0660506764915263
RHF_MPM_P28,1120,0.056,56.0,0,255,4.357986111111111,27.896549445124062,62755,246.09803921568627,5,203,255,0.6789612123402051,107,107,219,0.015208333333333334,18,19,0.6403508771929824,62.44748858447488,53.62557077625571,0.05694444444444444,0.0060416666666666665,0.020069444444444445,0.013958333333333333,0.010208333333333333,1,62.00103577404191,52.82156003505697,7.654465370720001,4.558420595205347,0.8033372492287935,46.562029584303495,-0.692198011445501,0.692198011445501,0.012413353517647996,-1,-0.04562500000000025,-657,0.1138499109576588,223.36363636363637,4.24848052565379,4.361950757575758,0.05056078837236028
RHF_MPM_P28,1121,0.05605,56.05,0,255,4.383472222222222,28.074049487210416,63122,247.53725490196078,4,204,255,0.6793634745573465,109,109,220,0.015277777777777777,18,18,0.6790123456790124,62.57727272727273,53.68636363636364,0.056875,0.0061805555555555555,0.02013888888888889,0.014027777777777778,0.010486111111111111,1,62.055289756344855,52.90599157187668,7.618339167964328,4.582070324469915,0.7989084446738828,46.549558763472064,-0.7555437530936356,0.7555437530936356,0.012372865245080954,1,0.02548611111111132,367,0.10036024614092542,222.8181818181818,4.260136186858175,4.36395202020202,0.050935968640658046
RHF_MPM_P28,1122,0.0561,56.1,0,255,4.523611111111111,28.55883543501592,65140,255.45098039215685,5,213,255,0.6874725179705452,108,108,229,0.015902777777777776,19,19,0.6343490304709142,62.419213973799124,53.45414847161572,0.05763888888888889,0.006527777777777778,0.020833333333333332,0.014861111111111111,0.010972222222222222,1,61.88794903285232,52.8039453484802,7.733187199577323,4.379001381881897,0.8242260714150301,-135.36960306206757,0.7689727374206277,0.7689727374206277,0.011759287688056494,9,0.14013888888888903,2018,0.19600089144820446,223.0909090909091,4.541816726107926,4.376180555555556,0.06859170251597785
RHF_MPM_P28,1123,0.05615,56.15,0,255,4.577222222222222,28.766007776454867,65912,258.47843137254904,5,221,255,0.6892027765301326,109,109,231,0.016041666666666666,19,18,0.6754385964912281,62.333333333333336,53.59307359307359,0.05763888888888889,0.006319444444444444,0.020902777777777777,0.014930555555555556,0.010972222222222222,1,61.768099890763445,52.88731945624469,7.797432701904811,4.41315812264819,0.8244218620945339,-136.0055240511269,0.8771547106661486,0.8771547106661486,0.012471173686126958,2,0.05361111111111061,772,0.14599677635127511,223.72727272727272,5.0827857267252226,4.395195707070707,0.08950745954031357
RHF_MPM_P28,1124,0.0562,56.2,0,255,4.5881944444444445,28.647030572624065,66070,259.0980392156863,7,219,255,0.7096042590083778,108,108,230,0.01597222222222222,19,18,0.672514619883041,62.334782608695654,53.608695652173914,0.05951388888888889,0.006319444444444444,0.021041666666666667,0.014583333333333334,0.010833333333333334,1,61.674935674284846,52.85477523838353,7.936812161805091,4.42141494528361,0.8304608932134762,-137.25759825381965,0.8356203472442119,0.8356203472442119,0.012441350083245043,-1,0.010972222222222605,158,0.09868483849237263,223.9090909090909,5.264884449298275,4.41018308080808,0.10536231428057719
RHF_MPM_P28,1125,0.05625,56.25,0,255,4.659305555555555,28.906091429661828,67094,263.1137254901961,7,221,255,0.7118517907287263,110,110,229,0.015902777777777776,19,18,0.6695906432748538,62.39301310043668,53.58951965065502,0.05979166666666667,0.006666666666666667,0.020902777777777777,0.015,0.010972222222222222,1,61.69870629266402,52.76872745700063,7.952268499080202,4.646376280913308,0.8115498943991858,-136.79366317694385,0.8018577141836829,0.8018577141836829,0.013250067070080782,-1,0.07111111111111068,1024,0.08927072856792456,224.0,5.34279463815095,4.435498737373737,0.12658604065750262
RHF_MPM_P28,1126,0.0563,56.3,0,255,4.655486111111111,28.899810008262957,67039,262.89803921568625,7,221,255,0.7093224575754615,110,110,229,0.015902777777777776,19,18,0.6695906432748538,62.427947598253276,53.59825327510917,0.059722222222222225,0.006527777777777778,0.020902777777777777,0.015,0.011041666666666667,1,61.68839033995137,52.86263219916765,8.042277614571827,4.320379825743903,0.8434494867116639,-136.74557122088856,0.8748385533026891,0.8748385533026891,0.013231104282581781,0,-0.0038194444444439313,-55,0.0944696749323512,224.45454545454547,5.532772383528342,4.467424242424243,0.13356491769617038
RHF_MPM_P28,1127,0.05635,56.35,0,255,4.701736111111111,29.148258424958094,67705,265.5098039215686,7,228,255,0.7193192280170784,109,109,238,0.016527777777777777,20,19,0.6263157894736842,62.5,53.819327731092436,0.06090277777777778,0.006944444444444444,0.021111111111111112,0.015069444444444444,0.011111111111111112,1,61.810545749944616,53.01705930138099,7.94919391062671,4.684959559131022,0.8078684508585671,-137.95861414037898,0.8260862483042959,0.8260862483042959,0.01426777933682889,9,0.04624999999999968,666,0.19690016274403585,225.36363636363637,6.732184938754044,4.49207702020202,0.1486585035311646
RHF_MPM_P28,1128,0.0564,56.4,0,255,4.827916666666667,29.647605741699916,69522,272.63529411764705,8,229,255,0.7204798010086624,109,109,246,0.017083333333333332,21,18,0.6507936507936508,62.52439024390244,54.08943089430894,0.06104166666666667,0.007291666666666667,0.021666666666666667,0.015486111111111112,0.012013888888888888,1,61.941083398061046,53.41445873248756,7.638048591869865,4.167537680205829,0.8380271130757236,-140.282822766955,0.5700449502612701,0.5700449502612701,0.014455855700353844,8,0.12618055555555596,1817,0.4182898342293238,227.8181818181818,8.621518341475397,4.540549242424242,0.16267287018778867
RHF_MPM_P28,1129,0.05645,56.45,0,12,0.02048611111111111,0.3600691096109018,295,24.583333333333332,0,0,7,0.05886463379568902,3,8,10,0.0006944444444444445,89,107,0.0010500892575868949,92.0,69.7,0.004791666666666666,0.0,0.0,0.0,0.0,0,83.2813559322034,67.39322033898306,31.50680776356004,26.54664892769123,0.5385889399728456,123.68751237002894,0.03402429716067258,0.03402429716067258,0.0,-236,-4.807430555555555,-69227,25.51103698172034,209.1818181818182,63.44477653378162,4.15445707070707,1.3145259462234138
RHF_MPM_P28,1130,0.0565,56.5,0,255,3.4358333333333335,22.732262178454658,49476,194.0235294117647,12,104,255,0.8297243038720137,104,104,146,0.010138888888888888,13,13,0.863905325443787,67.0958904109589,57.21232876712329,0.07388888888888889,0.0031944444444444446,0.01361111111111111,0.009027777777777777,0.006388888888888889,1,69.86025547740319,58.963234699652354,9.200219137385012,5.700061263388812,0.7849515757256694,-143.83118669735194,-0.8118569469796628,0.8118569469796628,0.029549680653246018,136,3.4153472222222225,49181,15.848993510540671,202.45454545454547,65.81981414349556,4.066477272727273,1.3272309021187783
RHF_MPM_P28,1131,0.05655,56.55,0,255,4.801458333333334,25.869559773472453,69141,271.1411764705882,22,154,255,1.0574548212069084,103,103,191,0.01326388888888889,20,19,0.5026315789473684,69.20942408376963,59.67015706806283,0.09534722222222222,0.004930555555555555,0.018541666666666668,0.011111111111111112,0.008194444444444445,1,76.59387338916127,65.6307400818617,18.391428774372468,4.07299837433907,0.9751690542181582,-140.0302069239761,-1.2779120250816862,1.2779120250816862,0.015519011874285879,45,1.365625,19665,9.476140469797818,199.9090909090909,65.67198731084184,4.106792929292929,1.3421252287363123
RHF_MPM_P28,1132,0.0566,56.6,0,255,5.287013888888889,27.66726501812459,76133,298.5607843137255,24,193,255,1.0927232874899797,110,110,200,0.013888888888888888,17,18,0.6535947712418301,69.115,59.785,0.09868055555555555,0.0060416666666666665,0.021736111111111112,0.012847222222222222,0.009722222222222222,1,76.56972666255106,65.92419844219984,18.18679909723989,4.248075750098026,0.9723375447685633,-138.66023722272993,-1.3257362728789746,1.3257362728789746,0.01816557865840043,9,0.4855555555555551,6992,0.2944501208326044,198.0909090909091,65.36673402699093,4.188933080808081,1.3835545282367636
RHF_MPM_P28,1133,0.05665,56.65,0,255,5.417916666666667,29.3040016435706,78018,305.9529411764706,21,228,255,0.9883763681904272,109,109,232,0.01611111111111111,19,19,0.6426592797783933,69.80603448275862,60.452586206896555,0.08729166666666667,0.007083333333333333,0.022291666666666668,0.014930555555555556,0.011111111111111112,1,75.01647055807634,64.4806839447307,16.302084343424802,4.240883803355986,0.9655699243569207,-140.0228785704732,-1.557297396632719,1.557297396632719,0.022622984439488323,32,0.13090277777777803,1885,2.1204571748779983,198.36363636363637,65.5012459663211,4.270233585858586,1.4264430726828934
RHF_MPM_P28,1134,0.0567,56.7,0,255,5.346388888888889,30.166839562375422,76988,301.9137254901961,15,233,255,0.8474879344593628,106,106,264,0.018333333333333333,22,21,0.5714285714285714,70.53787878787878,61.06439393939394,0.07263888888888889,0.007569444444444445,0.02388888888888889,0.016319444444444445,0.011805555555555555,1,72.46335792591053,62.455551514521744,11.066106929025576,4.316031628999548,0.9208052906476786,-137.61587099911938,-1.6843902414361884,1.6843902414361884,0.011962903309606691,32,-0.07152777777777786,-1030,3.2587644088532457,201.36363636363637,67.64784848728507,4.340157828282829,1.4582749164859874
RHF_MPM_P28,1135,0.05675,56.75,0,255,5.6310416666666665,31.062151769090978,81087,317.98823529411766,18,240,255,0.8880799987581668,106,106,277,0.01923611111111111,22,21,0.5995670995670995,70.78339350180505,61.29963898916967,0.07680555555555556,0.007847222222222222,0.02486111111111111,0.017569444444444443,0.012638888888888889,1,72.37210650289195,62.466585272608434,10.262657440466304,4.4184015078886745,0.9025753567478987,-137.40119102684326,-0.9305467416914588,0.9305467416914588,0.01968256317288838,13,0.28465277777777764,4099,0.09191608140271625,205.63636363636363,70.7354517355435,4.434962121212121,1.5044846771110694
RHF_MPM_P28,1136,0.0568,56.8,0,255,5.821805555555556,31.801112350670522,83834,328.7607843137255,17,246,255,0.8944113610941775,106,106,292,0.020277777777777777,22,22,0.6033057851239669,70.8458904109589,61.45890410958904,0.07729166666666666,0.008125,0.025902777777777778,0.018333333333333333,0.01326388888888889,1,72.11701696209175,62.36386191759907,9.558086710060385,4.5155670844455535,0.8813659416535597,-136.2260036700339,-0.8872587493915094,0.8872587493915094,0.016640026719469427,15,0.19076388888888918,2747,0.2749959299517666,211.36363636363637,74.82740471156117,4.54064393939394,1.5564635089462528
RHF_MPM_P28,1137,0.05685,56.85,0,255,6.402152777777777,33.24994792525568,92191,361.53333333333336,21,251,255,0.9443918947216722,105,105,333,0.023125,25,24,0.555,71.66666666666667,62.0960960960961,0.08131944444444444,0.00875,0.029444444444444443,0.02020833333333333,0.014375,1,72.81842045318957,62.974498595307566,10.179036270105255,4.5664951363024935,0.8937237947201355,-137.07161571423146,-0.6328270395630996,0.6328270395630996,0.012495796769749759,41,0.5803472222222217,8357,0.9299698970865046,220.8181818181818,82.62271114345144,4.699431818181818,1.6465678391325238
RHF_MPM_P28,1138,0.0569,56.9,0,255,6.513541666666667,33.274378447503835,93795,367.8235294117647,24,251,255,0.9987576552825304,105,105,325,0.022569444444444444,25,24,0.5416666666666666,71.59384615384616,62.12307692307692,0.08715277777777777,0.00875,0.029097222222222222,0.020069444444444445,0.014375,1,73.3586225278533,63.485750839596996,11.138551424644671,4.652464478008803,0.908589480400389,-136.6374729349926,-0.7817233023299457,0.7817233023299457,0.014350445119675889,-8,0.11138888888888943,1604,0.7437722358101113,228.72727272727272,87.88534980725629,4.864141414141415,1.7272050362339717
RHF_MPM_P28,1139,0.05695,56.95,0,255,6.289444444444444,32.61379819991365,90568,355.1686274509804,23,250,255,1.0253485322777687,109,109,297,0.020625,23,22,0.5869565217391305,70.94612794612794,61.4040404040404,0.09097222222222222,0.008680555555555556,0.02638888888888889,0.018958333333333334,0.014305555555555556,1,73.36039219150251,63.372051938874655,11.798770749536581,4.640533328505248,0.919407412600094,-137.06536042315705,-1.0552371058959942,1.0552371058959942,0.022270559137885344,-28,-0.2240972222222224,-3227,0.11371267183080347,233.36363636363637,89.99421469008968,4.997007575757576,1.7748648737053607
RHF_MPM_P28,1140,0.057,57.0,0,255,6.216875,32.2911125752193,89523,351.0705882352941,24,250,255,1.0356749436620099,110,110,289,0.020069444444444445,22,21,0.6255411255411255,70.44290657439447,60.92733564013841,0.09243055555555556,0.008611111111111111,0.025347222222222222,0.018333333333333333,0.014097222222222223,1,73.43828960155491,63.45895468203702,12.500195994280007,4.597558488614263,0.9299053501331169,-137.2448257307767,-1.3058493557087847,1.3058493557087847,0.025032673167789284,-8,-0.07256944444444446,-1045,0.11670515525038037,258.72727272727275,56.58154358428343,5.560315656565657,0.846567037067674
RHF_MPM_P28,1141,0.05705,57.05,0,255,6.196180555555555,32.16123960039579,89225,349.9019607843137,23,250,255,1.0622671878317236,110,110,285,0.019791666666666666,21,21,0.6462585034013606,70.24912280701754,60.74035087719298,0.09597222222222222,0.008611111111111111,0.025,0.018333333333333333,0.013958333333333333,1,73.53453628467358,63.52479686186607,13.222894244471462,4.6929050945966715,0.9349013990183609,-136.87954313073257,-1.4459396384306744,1.4459396384306744,0.02908377696833847,-4,-0.02069444444444457,-298,0.11661310670754901,271.3636363636364,44.15113038246684,5.811256313131313,0.5292918866915187
RHF_MPM_P28,1142,0.0571,57.1,0,255,6.375555555555556,32.42675399560304,91808,360.03137254901964,23,251,255,1.1164684168642622,109,109,296,0.020555555555555556,22,21,0.6406926406926406,70.64189189189189,61.00337837837838,0.10208333333333333,0.008611111111111111,0.026458333333333334,0.01875,0.013958333333333333,1,74.14255838271174,64.04538820146392,13.932466257033427,4.595181097774214,0.9440444627215147,-136.9555631815781,-1.5903380104529918,1.5903380104529918,0.03045486232136633,11,0.17937500000000028,2583,0.800441262409062,280.90909090909093,36.41791403704937,5.95435606060606,0.44263032744224656
RHF_MPM_P28,1143,0.05715,57.15,0,255,6.153680555555556,31.615026869409913,88613,347.5019607843137,21,249,255,1.1141614629832843,108,108,283,0.01965277777777778,22,21,0.6125541125541125,70.44876325088339,60.812720848056536,0.10208333333333333,0.008263888888888888,0.025833333333333333,0.017847222222222223,0.01326388888888889,1,74.18703801925226,64.01086747994087,14.236484398772395,4.442311154226071,0.950069921045958,-137.48421214935797,-1.6635299725804087,1.6635299725804087,0.031744777854265174,-13,-0.22187499999999982,-3195,0.05630380343501164,288.45454545454544,25.97328570373671,6.03314393939394,0.39094751174547787
RHF_MPM_P28,1144,0.0572,57.2,0,255,6.067708333333333,31.55053374303652,87375,342.6470588235294,20,249,255,1.1157880681881671,106,106,279,0.019375,21,20,0.6642857142857143,70.16129032258064,60.53405017921147,0.10305555555555555,0.008333333333333333,0.025208333333333333,0.017638888888888888,0.013402777777777777,1,73.88306723891273,63.68781688125894,14.09558973409704,4.50010868029074,0.9476683415421641,-137.58367633073183,-1.753210592825959,1.753210592825959,0.03169098712446352,-4,-0.08597222222222278,-1238,0.4435762895026901,292.72727272727275,19.35830058793624,6.09221590909091,0.3391895625696465
RHF_MPM_P28,1145,0.05725,57.25,0,255,5.883958333333333,31.204641631199635,84729,332.2705882352941,19,247,255,1.0716323452360537,109,109,272,0.01888888888888889,21,20,0.6476190476190476,70.1875,60.525735294117645,0.09777777777777778,0.008194444444444445,0.024583333333333332,0.017152777777777777,0.012986111111111111,1,73.50976643180022,63.32338396534835,13.463861075349024,4.437127340575341,0.9441352225315915,-137.86675996689272,-1.7127572959531918,1.7127572959531918,0.028502637821761146,-7,-0.18374999999999986,-2646,0.5216942042901668,293.45454545454544,18.391517987493515,6.141085858585859,0.2569731919366191
RHF_MPM_P28,1146,0.0573,57.3,0,255,5.582083333333333,30.580066784567546,80382,315.22352941176473,18,241,255,0.9969990618421378,110,110,255,0.017708333333333333,21,20,0.6071428571428571,69.86274509803921,60.1843137254902,0.09,0.007916666666666667,0.022916666666666665,0.016458333333333332,0.012430555555555556,1,73.0204896618646,62.88600681744669,12.918803320996515,4.37345795086195,0.9409540543239158,-137.65213828872643,-1.7359660937679668,1.7359660937679668,0.026821925306660697,-17,-0.3018749999999999,-4347,0.6562701631989799,291.45454545454544,21.072876303496855,6.136635101010101,0.26603285493785744
RHF_MPM_P28,1147,0.05735,57.35,0,255,5.512083333333333,30.533576574608816,79374,311.2705882352941,17,240,255,0.9809730076825319,108,108,257,0.017847222222222223,21,19,0.6441102756892231,69.93385214007782,60.24124513618677,0.08861111111111111,0.00798611111111111,0.022916666666666665,0.016458333333333332,0.012638888888888889,1,72.78882253634691,62.57750648827072,12.428461605654196,4.437350576047626,0.9340923971787045,-138.0722586002138,-1.608105432387998,1.608105432387998,0.028497996825156854,2,-0.07000000000000028,-1008,0.38580060931433297,288.27272727272725,23.27734329221876,6.108478535353536,0.31053250930707293
RHF_MPM_P28,1148,0.0574,57.4,0,255,5.4430555555555555,30.55816324099962,78380,307.37254901960785,16,238,255,0.9362060129448274,110,110,256,0.017777777777777778,22,19,0.6124401913875598,69.96484375,60.2109375,0.08361111111111111,0.007847222222222222,0.022847222222222224,0.016666666666666666,0.0125,1,72.57339882623118,62.30558816024496,11.711887075032339,4.4201746192326885,0.9260465708755327,-138.37403312779009,-1.6226715223891914,1.6226715223891914,0.02693289104363358,-1,-0.06902777777777747,-994,0.34691058213371334,281.27272727272725,20.14082651139182,6.021287878787879,0.3481971355902674
RHF_MPM_P28,1149,0.05745,57.45,0,255,5.3469444444444445,30.29463037491082,76996,301.9450980392157,16,235,255,0.9158128514859883,108,108,257,0.017847222222222223,22,19,0.6148325358851675,69.95330739299611,60.206225680933855,0.08125,0.007638888888888889,0.02277777777777778,0.016180555555555556,0.012222222222222223,1,72.46325783157566,62.233038079900254,11.561189813166107,4.225416683004135,0.9308180709750589,-138.80095449618585,-1.4801078846949811,1.4801078846949811,0.026300067535975895,1,-0.09611111111111104,-1384,0.13188841064222134,275.09090909090907,15.721754155278228,5.9152335858585845,0.3595902124503499
RHF_MPM_P28,1150,0.0575,57.5,0,255,5.148263888888889,29.644526448820308,74135,290.72549019607845,15,230,255,0.9087320645581337,109,109,245,0.017013888888888887,21,19,0.6140350877192983,69.71836734693878,59.881632653061224,0.08083333333333333,0.007152777777777778,0.021736111111111112,0.015625,0.011805555555555555,1,72.25874418290955,61.98402913603561,11.521885206495313,4.313827230102412,0.9272661261879014,-138.70497715712042,-1.5351037276861668,1.5351037276861668,0.027085721993660213,-12,-0.19868055555555575,-2861,0.32222862476091435,270.3636363636364,16.23281036146868,5.811489898989898,0.39910978222687266
RHF_MPM_P28,1151,0.05755,57.55,0,255,5.018125,29.489732522729884,72261,283.3764705882353,15,230,255,0.8674337260278968,109,109,241,0.01673611111111111,21,18,0.6375661375661376,69.56846473029046,59.74688796680498,0.0763888888888889,0.007291666666666667,0.021041666666666667,0.015416666666666667,0.01173611111111111,1,71.8402872919002,61.54402789886661,10.84584239472441,4.349240755218069,0.9160757143771061,-138.88166435301912,-1.5075067707554761,1.5075067707554761,0.027718963202834172,-4,-0.13013888888888836,-1874,0.607212696131649,266.0,17.066714015085836,5.702512626262626,0.43553823317273066
RHF_MPM_P28,1152,0.0576,57.6,0,255,4.9660416666666665,29.55506677088714,71511,280.43529411764706,13,231,255,0.8352973592183042,109,109,243,0.016875,21,18,0.6428571428571429,69.53909465020575,59.794238683127574,0.07361111111111111,0.007222222222222222,0.02125,0.015486111111111112,0.011805555555555555,1,71.57377186726518,61.358014850862105,10.303134822120692,4.223417530253213,0.912123376876127,-138.76237759957118,-1.5500601008089407,1.5500601008089407,0.027548209366391185,2,-0.052083333333333925,-750,0.3250097315409332,262.1818181818182,17.087040181048334,5.590681818181818,0.4520401331767725
RHF_MPM_P28,1153,0.05765,57.65,0,255,4.920694444444444,29.387666811587103,70858,277.87450980392157,13,229,255,0.826278071827223,109,109,240,0.016666666666666666,21,18,0.6349206349206349,69.56666666666666,59.71666666666667,0.07263888888888889,0.007222222222222222,0.021180555555555557,0.015347222222222222,0.011597222222222222,1,71.60207739422506,61.3186372745491,10.168949198512967,4.309371402251296,0.9057663437077756,-139.0486860571332,-1.6270652094156626,1.6270652094156626,0.026771853566287505,-3,-0.04534722222222243,-653,0.04849532320506224,257.09090909090907,14.38088722420741,5.458421717171717,0.4143098666747432
RHF_MPM_P28,1154,0.0577,57.7,0,255,4.810277777777777,29.104127808240452,69268,271.6392156862745,13,225,255,0.8167212628883109,108,108,235,0.016319444444444445,20,18,0.6527777777777778,69.42127659574469,59.702127659574465,0.07152777777777777,0.006875,0.020763888888888887,0.015,0.011527777777777777,1,71.35823179534562,61.11946353294451,9.909249126852394,4.344008306982946,0.8987901380235586,-139.1753594674891,-1.442805053172169,1.442805053172169,0.025668418317260494,-5,-0.11041666666666661,-1590,0.3148505287237856,252.72727272727272,13.0808041808036,5.336294191919192,0.388565962461431
RHF_MPM_P28,1155,0.05775,57.75,0,255,4.72625,28.9033337147532,68058,266.8941176470588,12,223,255,0.7937347425905487,109,109,235,0.016319444444444445,20,18,0.6527777777777778,69.42127659574469,59.702127659574465,0.06923611111111111,0.006875,0.020694444444444446,0.014791666666666667,0.011458333333333333,1,71.17448352875489,60.93921361191924,9.478565191103066,4.259949640392027,0.8933156533686935,-139.79790015149507,-1.3892902294929235,1.3892902294929235,0.025037468041964207,0,-0.08402777777777715,-1210,0.2573974737729776,248.72727272727272,10.996618563663592,5.2143434343434345,0.34829637181922596
RHF_MPM_P28,1156,0.0578,57.8,0,255,4.735277777777778,28.981884762162792,68188,267.4039215686274,12,223,255,0.7788245368630905,109,109,234,0.01625,20,18,0.65,69.44444444444444,59.68376068376068,0.06736111111111111,0.006875,0.020555555555555556,0.014791666666666667,0.011458333333333333,1,71.10796621106353,60.900437027042884,9.350379172862327,4.1921833831303745,0.8938612571118975,-139.61322358001652,-1.2372322721702897,1.2372322721702897,0.025532351733442836,-1,0.009027777777777857,130,0.07699465622708725,245.27272727272728,8.914655034277283,5.10991792929293,0.3008446038077478
RHF_MPM_P28,1157,0.05785,57.85,0,255,4.736041666666667,29.036353763638314,68199,267.4470588235294,12,223,255,0.7778682475113303,107,107,236,0.01638888888888889,20,18,0.6555555555555556,69.38135593220339,59.6271186440678,0.06763888888888889,0.007083333333333333,0.02048611111111111,0.014861111111111111,0.011527777777777777,1,71.04296250678162,60.79945453745656,9.149571781319992,4.28812089680738,0.8833738415246696,-139.9695635480215,-1.2899562053869797,1.2899562053869797,0.023739351016877082,2,0.0007638888888887863,11,0.12009556516966455,243.54545454545453,8.700717173822108,5.03300505050505,0.2775467238088954
RHF_MPM_P28,1158,0.0579,57.9,0,255,4.725069444444444,28.99075828548469,68041,266.82745098039214,12,221,255,0.7694195460936007,110,110,231,0.016041666666666666,20,18,0.6416666666666667,69.45021645021644,59.67099567099567,0.06652777777777778,0.006944444444444444,0.020625,0.015,0.01138888888888889,1,71.08086300906807,60.81900618744581,9.159404254221128,4.184507295401774,0.8895418705634197,-140.3708009179046,-1.0743554513578364,1.0743554513578364,0.023015534751105952,-5,-0.010972222222222605,-158,0.042646395989192495,241.1818181818182,8.244206580912461,4.961458333333334,0.24427147698471474
RHF_MPM_P28,1159,0.05795,57.95,0,255,4.706666666666667,28.813999973006943,67776,265.78823529411767,12,218,255,0.7895886389363451,108,108,232,0.01611111111111111,20,18,0.6444444444444445,69.41810344827586,59.63793103448276,0.06875,0.006805555555555555,0.020416666666666666,0.014722222222222222,0.01138888888888889,1,71.17473737016053,60.88239199716714,9.426777389479113,4.276761486306237,0.8911635229843976,-140.46919841477353,-1.1473876189703418,1.1473876189703418,0.02525967894239849,1,-0.018402777777777324,-265,0.11327028094141264,239.0,7.135060680126758,4.894513888888889,0.20000905957665632
RHF_MPM_P28,1160,0.058,58.0,0,255,4.691111111111111,28.822972683624908,67552,264.90980392156865,12,215,255,0.7653908550994566,108,108,232,0.01611111111111111,20,18,0.6444444444444445,69.45258620689656,59.668103448275865,0.0661111111111111,0.006944444444444444,0.020555555555555556,0.014791666666666667,0.01138888888888889,1,71.14502901468498,60.88081774040739,9.307518773123238,4.263167219046787,0.8889342774445509,-139.00616514507882,-1.2721310222638336,1.2721310222638336,0.02389270487920417,0,-0.01555555555555621,-224,0.02975003646060287,236.72727272727272,4.554536381772854,4.834892676767677,0.14697481762183937
RHF_MPM_P28,1161,0.05805,58.05,0,255,4.675902777777778,28.72576567766864,67333,264.0509803921569,12,214,255,0.7704485344636786,108,108,231,0.016041666666666666,20,18,0.6416666666666667,69.46753246753246,59.64502164502164,0.066875,0.006875,0.02048611111111111,0.014722222222222222,0.01125,1,71.1802682191496,60.88280635052649,9.331789799761422,4.21184940603403,0.8923499276430785,-139.91306090463203,-1.2063662431740108,1.2063662431740108,0.02429714998589102,-1,-0.015208333333332824,-219,0.03529527024269452,235.45454545454547,3.985510948505995,4.7919507575757585,0.1145781773195071
RHF_MPM_P28,1162,0.0581,58.1,0,255,4.570347222222222,28.427694265774104,65813,258.09019607843135,10,212,255,0.7462387849433098,108,108,229,0.015902777777777776,20,18,0.6361111111111111,69.41048034934498,59.5938864628821,0.06395833333333334,0.006527777777777778,0.020416666666666666,0.014375,0.010694444444444444,1,71.02924954036436,60.73860787382432,9.121595194721113,4.150257568323786,0.8904952601302958,-139.777853960441,-1.236279306319033,1.236279306319033,0.02251834743895583,-2,-0.10555555555555607,-1520,0.20880575189697909,234.36363636363637,3.9605492565076297,4.751243686868687,0.10623103603185545
RHF_MPM_P28,1163,0.05815,58.15,0,255,4.524861111111111,28.348154334054566,65158,255.521568627451,10,212,255,0.7399093052115296,109,109,225,0.015625,20,18,0.625,69.27555555555556,59.44888888888889,0.06340277777777778,0.006458333333333333,0.02013888888888889,0.014444444444444444,0.010833333333333334,1,70.87111329383958,60.57159519936155,8.861405315490929,4.145329978971776,0.8838364670474264,-140.39558498670365,-1.3656962276793632,1.3656962276793632,0.023113048282636054,-4,-0.045486111111110894,-655,0.23000066499067212,232.72727272727272,3.768069413829583,4.711136363636364,0.10070284392313211
RHF_MPM_P28,1164,0.0582,58.2,0,255,4.582430555555556,28.634165387273523,65987,258.7725490196078,10,217,255,0.7471860411929807,110,110,226,0.015694444444444445,20,18,0.6277777777777778,69.29646017699115,59.48672566371681,0.06465277777777778,0.006944444444444444,0.020069444444444445,0.014722222222222222,0.011180555555555555,1,70.86570081985846,60.50487217179141,8.860637636269894,4.278636674438623,0.8756857887665366,-140.216215670084,-1.1867187602975413,1.1867187602975413,0.023595556700562233,1,0.057569444444444784,829,0.06694219359060616,231.45454545454547,3.4473609501560984,4.680385101010101,0.0819091762168975
RHF_MPM_P28,1165,0.05825,58.25,0,255,4.604930555555556,28.74764175102329,66311,260.043137254902,9,217,255,0.7483304488085354,107,107,232,0.01611111111111111,20,18,0.6444444444444445,69.45258620689656,59.53879310344828,0.06472222222222222,0.007013888888888889,0.020277777777777777,0.014791666666666667,0.011180555555555555,1,70.8264088914358,60.45292636214203,8.78177581711431,4.4240761234515755,0.8638324507640035,-139.4487225014083,-1.0294188926434926,1.0294188926434926,0.022228589525116495,6,0.022499999999999964,324,0.0651323481789272,231.1818181818182,3.2702010452009,4.661717171717172,0.0731052281184611
RHF_MPM_P28,1166,0.0583,58.3,0,255,4.612361111111111,28.792659413326533,66418,260.4627450980392,10,219,255,0.7422561783914554,110,110,228,0.015833333333333335,20,18,0.6333333333333333,69.34210526315789,59.478070175438596,0.06395833333333334,0.006875,0.020277777777777777,0.014861111111111111,0.01125,1,70.75473516215484,60.41801921165949,8.708635682041352,4.261480714181879,0.8720932917184594,-139.9896331642289,-1.0009998058676677,1.0009998058676677,0.021801318919569997,-4,0.007430555555555607,107,0.07972222164397401,230.54545454545453,3.1439302665073785,4.651363636363636,0.07127443779674111
RHF_MPM_P28,1167,0.05835,58.35,0,255,4.618680555555556,28.799007958090804,66509,260.81960784313725,10,220,255,0.7497253139519502,108,108,229,0.015902777777777776,20,18,0.6361111111111111,69.3406113537118,59.4410480349345,0.06451388888888888,0.006805555555555555,0.02020833333333333,0.014791666666666667,0.011319444444444444,1,70.7646784645687,60.410846652332765,8.570741145240197,4.339338086560866,0.8623593429807764,-140.28044821358475,-1.0734404493555987,1.0734404493555987,0.02124524500443549,1,0.006319444444444322,91,0.012260296496776103,230.0909090909091,2.9681504940571832,4.640763888888889,0.06651807672674677
RHF_MPM_P28,1168,0.0584,58.4,0,255,4.544930555555555,28.52743675677582,65447,256.6549019607843,9,217,255,0.746037355878218,109,109,227,0.01576388888888889,20,18,0.6305555555555555,69.32599118942731,59.440528634361236,0.06430555555555556,0.006736111111111111,0.02013888888888889,0.014652777777777778,0.010902777777777779,1,70.74674163827218,60.388818433236054,8.550235603924556,4.294236024516723,0.8647306011422683,-140.391414519906,-1.1171763464949127,1.1171763464949127,0.021162161749201644,-2,-0.07375000000000043,-1062,0.02840725566055678,229.27272727272728,2.4155145919248038,4.623390151515152,0.06428421157183555
RHF_MPM_P28,1169,0.05845,58.45,0,255,4.629652777777777,28.826918768969573,66667,261.4392156862745,10,222,255,0.754611200984045,109,109,232,0.01611111111111111,20,18,0.6444444444444445,69.375,59.48275862068966,0.06534722222222222,0.006944444444444444,0.02034722222222222,0.014722222222222222,0.01125,1,70.82262588687057,60.48226258868706,8.63475858823627,4.171328832282341,0.875573045349394,-140.52242972696675,-1.1315704575569072,1.1315704575569072,0.02155489222553887,5,0.08472222222222214,1220,0.12037536863201163,229.36363636363637,2.4962782214083603,4.61471590909091,0.05586504274561416
RHF_MPM_P28,1170,0.0585,58.5,0,255,4.543541666666667,28.472621717302342,65427,256.5764705882353,10,218,255,0.7353550973362377,107,107,231,0.016041666666666666,20,18,0.6416666666666667,69.37662337662337,59.55844155844156,0.06326388888888888,0.006805555555555555,0.02034722222222222,0.014305555555555556,0.010763888888888889,1,70.79199718770538,60.51834869396426,8.784733089041099,4.1289250919001725,0.8826603206780568,-139.4171348455099,-0.9045672998173537,0.9045672998173537,0.0211686306876366,-1,-0.08611111111111036,-1240,0.04733206319852797,229.27272727272728,2.415514591924804,4.599886363636363,0.05092034275959276
RHF_MPM_P28,1171,0.05855,58.55,0,255,4.505694444444444,28.270967554404493,64882,254.4392156862745,10,212,255,0.735670525651898,109,109,223,0.015486111111111112,20,18,0.6194444444444445,69.20179372197309,59.35874439461883,0.06333333333333334,0.006736111111111111,0.019791666666666666,0.01423611111111111,0.010625,1,70.83437625227336,60.50944792084091,8.737401026447294,4.209532747250387,0.8762904649493033,-139.36494235788007,-1.2539575265703053,1.2539575265703053,0.02247156376190623,-8,-0.03784722222222303,-545,0.04330368201262469,228.45454545454547,2.8400907912387834,4.583030303030303,0.04856716332968676
RHF_MPM_P28,1172,0.0586,58.6,0,255,4.52625,28.29852528241926,65178,255.6,10,209,255,0.7451000763208584,107,107,225,0.015625,19,18,0.6578947368421053,69.20444444444445,59.4,0.06430555555555556,0.006736111111111111,0.019930555555555556,0.01423611111111111,0.010763888888888889,1,70.85071649943232,60.47945625824665,8.78827693815058,4.325904264947059,0.8704619157713424,-139.7756899711027,-1.229227367701788,1.229227367701788,0.022737733591089018,2,0.020555555555556104,296,0.03415411398915462,227.9090909090909,2.874797872880345,4.569425505050505,0.04102014286855972
RHF_MPM_P28,1173,0.05865,58.65,0,255,4.450833333333334,28.13903130242562,64092,251.34117647058824,10,210,255,0.7274725724097442,109,109,220,0.015277777777777777,19,18,0.6432748538011696,69.07272727272728,59.25,0.0625,0.006736111111111111,0.01951388888888889,0.014027777777777778,0.010625,1,70.63427572864008,60.341883542407786,8.748985117852799,4.184617557629644,0.8781978809406613,-138.9170953147069,-1.0282144957426396,1.0282144957426396,0.02285776695999501,-5,-0.07541666666666647,-1086,0.25646219878263277,227.0909090909091,3.629539050486751,4.558560606060606,0.053320574768359365
RHF_MPM_P28,1174,0.0587,58.7,0,255,4.528611111111111,28.42733207992088,65212,255.73333333333332,10,217,255,0.7526612221050821,109,109,223,0.015486111111111112,19,18,0.652046783625731,69.10762331838565,59.2780269058296,0.06534722222222222,0.006875,0.01965277777777778,0.014444444444444444,0.010902777777777779,1,70.66254677053303,60.291127399865054,8.661115126590907,4.414225945463071,0.860375759676736,-139.53011072392349,-1.174906000441464,1.174906000441464,0.024059988959087286,3,0.0777777777777775,1120,0.05809851818704988,226.9090909090909,3.7768323777892703,4.558901515151515,0.05311561875132576
RHF_MPM_P28,1175,0.05875,58.75,0,255,4.581180555555555,28.66182262843845,65969,258.7019607843137,10,222,255,0.7544543170827911,110,110,226,0.015694444444444445,20,18,0.6277777777777778,69.24778761061947,59.309734513274336,0.06555555555555556,0.006875,0.020069444444444445,0.014583333333333334,0.011180555555555555,1,70.73874092376722,60.30048962391426,8.672033512094437,4.324273800106074,0.8668057938661982,-140.0011757943771,-1.0468999293448833,1.0468999293448833,0.022813745850323638,3,0.052569444444444,757,0.07676718196093917,226.9090909090909,3.7768323777892703,4.558787878787879,0.05306647320469728
RHF_MPM_P28,1176,0.0588,58.8,0,255,4.592638888888889,28.737550951723986,66134,259.34901960784316,10,221,255,0.7494058738320357,109,109,229,0.015902777777777776,20,18,0.6361111111111111,69.33187772925764,59.414847161572055,0.06513888888888889,0.006944444444444444,0.020069444444444445,0.014861111111111111,0.01125,1,70.70128829346478,60.330042035866576,8.602542665095845,4.243495538300213,0.8698683943715472,-139.63719125961887,-1.0158869292544377,1.0158869292544377,0.022650981340913902,3,0.01145833333333357,165,0.0477079088702349,226.63636363636363,3.497342556667517,4.557670454545454,0.052205507913431225
RHF_MPM_P28,1177,0.05885,58.85,0,255,4.606319444444445,28.775205406316967,66331,260.121568627451,10,222,255,0.750065349036192,109,109,228,0.015833333333333335,20,18,0.6333333333333333,69.2719298245614,59.34649122807018,0.06493055555555556,0.006875,0.020069444444444445,0.014861111111111111,0.011319444444444444,1,70.6740588864935,60.298638645580496,8.511806358963163,4.25987401092445,0.8657558972956086,-139.40865767384645,-0.9535103669264622,0.9535103669264622,0.022086204037327948,-1,0.01368055555555614,197,0.04156457055555655,226.63636363636363,3.497342556667517,4.557121212121213,0.051656121334398945
RHF_MPM_P28,1178,0.0589,58.9,0,255,4.517916666666666,28.479794710826713,65058,255.12941176470588,9,217,255,0.723158728227855,108,108,227,0.01576388888888889,19,18,0.6637426900584795,69.16740088105728,59.330396475770925,0.06201388888888889,0.006666666666666667,0.020069444444444445,0.014652777777777778,0.010972222222222222,1,70.4845983583879,60.18781702480863,8.307109546752008,4.246121240467257,0.8594956608640197,-139.400683347904,-0.9787241560719987,0.9787241560719987,0.020520151249654155,-1,-0.0884027777777785,-1273,0.2194919664601772,226.45454545454547,3.4208886767685054,4.547960858585859,0.04878180953711255
RHF_MPM_P28,1179,0.05895,58.95,0,255,4.568888888888889,28.657117671005864,65792,258.0078431372549,10,224,255,0.7521493668136365,111,111,223,0.015486111111111112,19,17,0.6904024767801857,68.71748878923766,58.7982062780269,0.06534722222222222,0.007083333333333333,0.01986111111111111,0.014791666666666667,0.011111111111111112,1,70.23879803015564,59.85761186770428,8.327043362584142,4.43673957501086,0.8462343240454314,-140.74362656022214,-1.2195934657734675,1.2195934657734675,0.02375668774319066,-4,0.05097222222222264,734,0.41164699335401245,226.0909090909091,3.5536036883076476,4.550138888888889,0.04913148601527923
RHF_MPM_P28,1180,0.059,59.0,0,255,4.351388888888889,28.091198171983596,62660,245.72549019607843,7,217,255,0.70119040760301,110,110,217,0.015069444444444444,18,17,0.7091503267973857,68.54838709677419,58.774193548387096,0.06,0.006736111111111111,0.019097222222222224,0.014027777777777778,0.010555555555555556,1,69.83533354612193,59.67511969358442,7.81945373026615,4.116877529755373,0.8501802656751669,-141.0739257894467,-1.4298060371236965,1.4298060371236965,0.02144909032875838,-6,-0.21750000000000025,-3132,0.4428170993667436,224.72727272727272,3.886828786623991,4.524842171717172,0.06921171286593736
RHF_MPM_P28,1181,0.05905,59.05,0,12,0.020625,0.36313396431849587,297,24.75,0,0,7,0.05932016890057973,3,8,12,0.0008333333333333334,89,107,0.001260107109104274,91.0,64.91666666666667,0.004861111111111111,0.0,0.0,0.0,0.0,0,82.56228956228956,64.54208754208754,31.902867643055703,26.54583174019413,0.554651232258997,117.65564529210809,-0.20109566242594337,0.20109566242594337,0.0,-205,-4.330763888888889,-62363,13.625813204202846,204.8181818181818,61.06601224281531,4.113667929292929,1.296169485904596
RHF_MPM_P28,1182,0.0591,59.1,0,255,3.6125694444444445,22.956243893018144,52021,204.00392156862745,13,109,255,0.8110713785708349,104,104,148,0.010277777777777778,13,14,0.8131868131868132,64.72972972972973,55.25675675675676,0.06986111111111111,0.002916666666666667,0.014791666666666667,0.009236111111111112,0.006319444444444444,1,64.79500586301685,52.84408219757405,7.5821422768853575,5.816978805889341,0.64141437958901,103.51854926486871,-1.5691954101968075,1.5691954101968075,0.014993944753080487,136,3.5919444444444446,51724,21.272510408757775,198.0,62.81719509815764,4.0324747474747475,1.2970423677287097
RHF_MPM_P28,1183,0.05915,59.15,0,255,5.977291666666667,27.444951942194667,86073,337.54117647058825,31,167,255,1.393357034439473,104,104,211,0.014652777777777778,19,24,0.46271929824561403,61.829383886255926,52.06635071090047,0.13083333333333333,0.005277777777777778,0.02298611111111111,0.012361111111111111,0.008888888888888889,1,58.11987498983421,44.90910041476421,14.798706589058616,8.095232070804594,0.8371176123368297,71.74519902501703,-1.0170327191680566,1.0170327191680566,0.036991855750351445,63,2.3647222222222224,34052,10.36924819201663,196.72727272727272,62.397684847918555,4.164387626262626,1.409467846264678
RHF_MPM_P28,1184,0.0592,59.2,0,255,6.653472222222222,30.64743602923244,95810,375.72549019607845,35,226,255,1.2866708898246901,95,95,321,0.022291666666666668,31,35,0.295852534562212,57.875389408099686,48.18068535825545,0.11694444444444445,0.007291666666666667,0.028680555555555556,0.015277777777777777,0.011041666666666667,1,54.2555787496086,44.38007514873186,16.804344702516566,8.162272696150168,0.8741122604182769,48.87828030341548,-0.7582188839649475,0.7582188839649475,0.051153324287652645,110,0.6761805555555549,9737,3.900340134439861,205.9090909090909,71.86028685196213,4.364627525252525,1.5818582427097239
RHF_MPM_P28,1185,0.05925,59.25,0,255,6.768263888888889,31.210274412929515,97463,382.2078431372549,36,236,255,1.2464456022702488,110,110,245,0.017013888888888887,40,43,0.14244186046511628,61.03265306122449,51.926530612244896,0.1123611111111111,0.007569444444444445,0.032916666666666664,0.015277777777777777,0.012152777777777778,1,52.752306003303815,43.64556806172599,19.702402976241903,6.777314832669986,0.9389754455637125,-135.8290294146205,0.8589607682758256,0.8589607682758256,0.025732842206786163,-76,0.11479166666666707,1653,1.6731197239422504,207.9090909090909,72.61036057485128,4.568232323232324,1.727310142207855
RHF_MPM_P28,1186,0.0593,59.3,0,255,6.2525,31.634626235872197,90036,353.08235294117645,26,245,255,1.0793475617836366,107,107,278,0.019305555555555555,22,20,0.6318181818181818,60.597122302158276,51.52877697841727,0.095625,0.008125,0.027083333333333334,0.017569444444444443,0.012916666666666667,1,55.67744013505709,46.25417610733484,18.66768741533198,4.706097593322968,0.9677015568614752,45.820849074677085,-1.6781601662110135,1.6781601662110135,0.018614776311697542,33,-0.5157638888888885,-7427,3.9193424989866896,212.63636363636363,75.27799718047854,4.720170454545454,1.7939863280664612
RHF_MPM_P28,1187,0.05935,59.35,0,255,6.169027777777778,32.475874150399115,88834,348.3686274509804,21,246,255,0.9480449665074882,107,107,305,0.021180555555555557,25,22,0.5545454545454546,59.83934426229508,50.87540983606557,0.08201388888888889,0.008541666666666666,0.027569444444444445,0.019305555555555555,0.013472222222222222,1,57.903201476911995,48.952698291194814,13.191457252705058,4.685358445580454,0.9347974489346148,-139.64047794672337,1.8034484553863606,1.8034484553863606,0.04993583537834613,27,-0.08347222222222239,-1202,3.4980045065265624,219.54545454545453,79.81383297326533,4.8634785353535355,1.8404364693476798
RHF_MPM_P28,1188,0.0594,59.4,0,255,6.701666666666667,33.80784380551025,96504,378.4470588235294,24,252,255,1.004944223768951,107,107,328,0.02277777777777778,25,23,0.5704347826086956,59.44512195121951,50.673780487804876,0.08743055555555555,0.009166666666666667,0.03076388888888889,0.020902777777777777,0.015,1,57.22824960623394,48.3808857663931,14.223710880494872,4.8107866767855825,0.9410659795880643,-139.36352151469873,2.0159502639931186,2.0159502639931186,0.04296194976374036,23,0.5326388888888891,7670,0.8846070264540752,228.63636363636363,85.73455092983514,5.053964646464646,1.9110430431152035
RHF_MPM_P28,1189,0.05945,59.45,0,255,6.991666666666666,34.34147860500153,100680,394.8235294117647,27,254,255,1.08972113761772,108,108,333,0.023125,25,23,0.5791304347826087,59.231231231231234,50.585585585585584,0.09638888888888889,0.009652777777777777,0.03194444444444444,0.021388888888888888,0.015486111111111112,1,56.96275327771156,48.09257052046087,14.4933190636317,5.206851115811213,0.9332380077031794,-138.959888747433,2.1079872831726787,2.1079872831726787,0.03316448152562575,5,0.28999999999999915,4176,0.391936195694942,238.27272727272728,90.81558827855581,5.27885101010101,1.9790716299093651
RHF_MPM_P28,1190,0.0595,59.5,0,255,6.864166666666667,33.639300253242155,98844,387.6235294117647,26,252,255,1.146856740651758,107,107,322,0.02236111111111111,26,23,0.5384615384615384,59.36645962732919,50.72981366459627,0.103125,0.009097222222222222,0.030416666666666668,0.020416666666666666,0.014791666666666667,1,56.710655173809236,48.22402978430659,14.43731129775953,5.260657545454261,0.9312506201930627,-142.81493981576241,1.8518570931612683,1.8518570931612683,0.03157500708186638,-11,-0.1274999999999995,-1836,0.2843149521956364,247.27272727272728,93.71532416564045,5.487512626262627,2.013911003409184
RHF_MPM_P28,1191,0.05955,59.55,0,255,6.6478472222222225,33.16327791865563,95729,375.40784313725493,24,251,255,1.1116865277167158,108,108,312,0.021666666666666667,25,23,0.542608695652174,59.57692307692308,51.0,0.09965277777777778,0.008819444444444444,0.029583333333333333,0.01986111111111111,0.01423611111111111,1,57.389652038567206,48.49592077635826,12.61111917858124,5.040582404464,0.9166488441355702,-137.62624102402992,1.1524527130622173,1.1524527130622173,0.023576972495273116,-10,-0.2163194444444443,-3115,0.7314105918770907,255.9090909090909,94.89750887184893,5.696281565656566,2.0043222133343988
RHF_MPM_P28,1192,0.0596,59.6,0,255,6.358402777777778,32.18355049476178,91561,359.0627450980392,22,248,255,1.1617260750177802,108,108,292,0.020277777777777777,24,21,0.5793650793650794,60.205479452054796,51.571917808219176,0.10652777777777778,0.008472222222222223,0.0275,0.018472222222222223,0.013333333333333334,1,57.823745918021864,48.42665545374122,12.653779257286093,5.770257462935772,0.889974344178777,46.58482436738162,-1.1208846396107868,1.1208846396107868,0.032371861382029465,-20,-0.2894444444444444,-4168,0.4395852375788313,281.3636363636364,55.38669470561701,6.272443181818182,0.8926022042048787
RHF_MPM_P28,1193,0.05965,59.65,0,255,5.963125,31.120151808236873,85869,336.74117647058824,20,240,255,1.1117616279700222,108,108,274,0.01902777777777778,24,20,0.5708333333333333,60.52919708029197,51.916058394160586,0.10145833333333333,0.007638888888888889,0.025347222222222222,0.017291666666666667,0.012430555555555556,1,58.403614808603805,48.69717825990753,12.666444806352398,7.408429183556879,0.8111153400621709,45.20056370948536,-1.3484956656467189,1.3484956656467189,0.03632277073216178,-18,-0.3952777777777783,-5692,0.6398675792074702,292.8181818181818,36.39385108358574,6.486130050505053,0.3414663868666045
RHF_MPM_P28,1194,0.0597,59.7,0,255,5.314722222222223,29.574270535393044,76532,300.12549019607843,18,227,255,0.9827927941826933,109,109,242,0.016805555555555556,22,18,0.6111111111111112,61.48760330578512,52.66942148760331,0.08840277777777777,0.006944444444444444,0.022152777777777778,0.015625,0.011527777777777777,1,58.60722312235405,49.73814874823603,13.07954867013277,4.921296698810178,0.9265145623276099,-138.5299817734175,1.7263328992140172,1.7263328992140172,0.03199968640568651,-32,-0.6484027777777772,-9337,1.060695952193223,295.6363636363636,30.70467162345385,6.425896464646464,0.46279419073246447
RHF_MPM_P28,1195,0.05975,59.75,0,255,4.839513888888889,28.389958265542617,69689,273.2901960784314,15,215,255,0.9142589997029945,110,110,220,0.015277777777777777,20,17,0.6470588235294118,62.10454545454545,53.263636363636365,0.08236111111111111,0.00625,0.02,0.014305555555555556,0.010486111111111111,1,59.21826974127911,50.42617916744393,13.208934294118658,4.459728962509967,0.9412790039152769,-138.54069624175503,2.0763762739287355,2.0763762739287355,0.037093371981230895,-22,-0.4752083333333337,-6843,0.9201977115028823,286.45454545454544,36.332714125185845,6.260991161616162,0.6411389507120241
RHF_MPM_P28,1196,0.0598,59.8,0,255,4.2120138888888885,26.57804770022363,60653,237.8549019607843,12,183,255,0.8229455696244385,108,108,196,0.01361111111111111,19,16,0.6447368421052632,62.535714285714285,53.65816326530612,0.07284722222222222,0.005625,0.017986111111111112,0.012638888888888889,0.009305555555555555,1,60.0258849521046,51.13608560170148,12.620157375009757,4.210065978836328,0.9427152375914584,-138.6594350190212,2.410376253289699,2.410376253289699,0.0359091883336356,-24,-0.6275000000000004,-9036,1.0752718140809674,282.0,43.449029699386635,6.028604797979798,0.8457699718220185
RHF_MPM_P28,1197,0.05985,59.85,0,255,3.865763888888889,25.825342207043807,55667,218.30196078431374,7,173,255,0.7367878815705746,108,108,187,0.012986111111111111,18,15,0.6925925925925925,62.850267379679146,53.962566844919785,0.06395833333333334,0.004930555555555555,0.01673611111111111,0.012013888888888888,0.008611111111111111,1,60.94659313417285,52.03664648714678,11.4265926827335,4.191563993714045,0.9302898225939582,-138.6058379018583,2.8247204441780607,2.8247204441780607,0.030305207753246986,-9,-0.3462499999999995,-4986,1.2879105034595584,273.72727272727275,51.365164900828034,5.811628787878789,1.043529089004781
RHF_MPM_P28,1198,0.0599,59.9,0,255,3.7624305555555555,25.748330953096307,54179,212.46666666666667,5,172,255,0.7015869834682756,108,108,187,0.012986111111111111,18,16,0.6493055555555556,62.9144385026738,54.11764705882353,0.060833333333333336,0.004930555555555555,0.01638888888888889,0.01173611111111111,0.008611111111111111,1,61.552631093228,52.53552114287824,10.5234428643639,4.6281945802346325,0.8980964665399063,-139.20239493082389,3.015091728150643,3.015091728150643,0.02703999704682626,0,-0.1033333333333335,-1488,0.7849572790584917,263.0,55.84068246522259,5.592847222222222,1.1879486828824626
RHF_MPM_P28,1199,0.05995,59.95,0,255,3.8093055555555555,26.261973926530096,54854,215.1137254901961,2,185,255,0.6457712904332193,108,108,197,0.013680555555555555,18,17,0.6437908496732027,62.70558375634518,53.86294416243655,0.05486111111111111,0.005416666666666667,0.01673611111111111,0.012361111111111111,0.009097222222222222,1,62.105972217158275,52.99307251977978,8.806154606327443,4.436658291918764,0.863812539784718,-139.67480258099806,2.6692739700466253,2.6692739700466253,0.01792029751704525,10,0.046875,675,0.7180109065584693,251.0909090909091,54.665020468393834,5.329905303030302,1.2326785373025666
RHF_MPM_P28,1200,0.06,60.0,0,255,3.879583333333333,26.53629484820428,55866,219.08235294117648,1,187,255,0.608161574861746,107,107,201,0.013958333333333333,18,17,0.6568627450980392,62.73134328358209,53.90547263681592,0.050347222222222224,0.005416666666666667,0.017569444444444443,0.012777777777777779,0.009236111111111112,1,62.278219310492965,53.2248057852719,7.4492159247124725,4.125020314230156,0.8326814580943181,-139.91010224273984,1.3729082810187097,1.3729082810187097,0.011348584111982243,4,0.07027777777777766,1012,0.28873754085308945,239.0909090909091,49.623041835338306,5.046988636363636,1.174578565917693
RHF_MPM_P28,1201,0.06005,60.05,0,255,3.9149305555555554,26.640141482162253,56375,221.07843137254903,0,188,255,0.6042388939637076,107,107,203,0.014097222222222223,18,17,0.6633986928104575,62.714285714285715,53.90147783251231,0.05,0.005486111111111111,0.0175,0.012569444444444444,0.009444444444444445,1,62.3799911308204,53.24033702882483,7.084363176768427,4.312717515439197,0.7933500405964863,-138.66941553620921,0.8070721991266154,0.8070721991266154,0.010607538802660754,2,0.0353472222222222,509,0.10295009926687991,228.27272727272728,42.88269604204837,4.778876262626263,1.0602176317191931
RHF_MPM_P28,1202,0.0601,60.1,0,255,3.945763888888889,26.777590446321312,56819,222.81960784313725,0,188,255,0.6060004318332373,107,107,204,0.014166666666666666,18,18,0.6296296296296297,62.720588235294116,53.877450980392155,0.049930555555555554,0.005416666666666667,0.017777777777777778,0.013055555555555556,0.00951388888888889,1,62.389728787905455,53.260229852690124,7.05025004762011,4.169344710033402,0.8063963611719914,-137.4888331325428,0.6378004142149449,0.6378004142149449,0.011369436280117566,1,0.030833333333333712,444,0.022148282254874828,218.45454545454547,34.041054455315454,4.5332323232323235,0.89959329586316
RHF_MPM_P28,1203,0.06015,60.15,0,255,3.9138888888888888,26.669181160384962,56360,221.01960784313727,0,184,255,0.5985070448381393,105,105,204,0.014166666666666666,18,17,0.6666666666666666,62.720588235294116,53.911764705882355,0.049166666666666664,0.005347222222222222,0.017569444444444443,0.012916666666666667,0.009375,1,62.44849183818311,53.32462739531583,6.944119544297324,4.255987750806855,0.7901675339484409,-138.21742569089704,0.5256981321419509,0.5256981321419509,0.011231369765791342,0,-0.03187500000000032,-459,0.08717877937986845,210.45454545454547,24.941253290532117,4.311003787878788,0.701365385122015
RHF_MPM_P28,1204,0.0602,60.2,0,255,3.9494444444444445,26.86105089617518,56872,223.02745098039216,0,188,255,0.5977019763075446,108,108,204,0.014166666666666666,18,17,0.6666666666666666,62.75,53.911764705882355,0.049375,0.005486111111111111,0.017847222222222223,0.012986111111111111,0.009583333333333333,1,62.459505556337035,53.33390772260515,6.96541092958674,4.145412801056677,0.803620109553134,-137.94543099481794,0.6126247491439168,0.6126247491439168,0.011024757349838233,0,0.035555555555555785,512,0.014402307529384739,204.0909090909091,14.773776186538003,4.12794191919192,0.47132694421429866
RHF_MPM_P28,1205,0.06025,60.25,0,255,3.9836805555555554,26.939228373180995,57365,224.9607843137255,0,186,255,0.60445730081824,107,107,206,0.014305555555555556,18,18,0.6358024691358025,62.73300970873787,53.786407766990294,0.049652777777777775,0.005416666666666667,0.018055555555555554,0.01326388888888889,0.009652777777777777,1,62.52631395450187,53.30600540399198,6.908352652358435,4.253748690304983,0.7879494391693425,-136.35385622063825,0.5333647515999345,0.5333647515999345,0.010459339318399721,2,0.03423611111111091,493,0.0724009768535074,200.8181818181818,8.788610209895964,4.006938131313132,0.2852339935199356
RHF_MPM_P28,1206,0.0603,60.3,0,255,3.987361111111111,26.915925815039497,57418,225.16862745098038,1,186,255,0.6114379359142897,108,108,203,0.014097222222222223,17,18,0.6633986928104575,62.87192118226601,53.935960591133004,0.050486111111111114,0.005416666666666667,0.017986111111111112,0.013333333333333334,0.009652777777777777,1,62.534362046744924,53.2806437005817,7.045914414369049,4.293957116932478,0.7928436440858033,-136.15491977327017,0.6742751969120253,0.6742751969120253,0.010449684767842837,-3,0.0036805555555554648,53,0.026608039924500705,199.27272727272728,6.467975784107548,3.929469696969697,0.1112444759625181
RHF_MPM_P28,1207,0.06035,60.35,0,255,3.977847222222222,26.7808569863084,57281,224.6313725490196,1,182,255,0.6175432142142969,108,108,204,0.014166666666666666,17,18,0.6666666666666666,62.877450980392155,53.8921568627451,0.050902777777777776,0.005208333333333333,0.018194444444444444,0.013194444444444444,0.009444444444444445,1,62.51812992091619,53.233271067195055,7.143691159536354,4.225769080733567,0.80627667862382,-135.57673874346244,0.7052730115389078,0.7052730115389078,0.011452314030830467,1,-0.009513888888888822,-137,0.05007642462182464,200.0,6.508735388970454,3.908181818181818,0.06983937460673345
RHF_MPM_P28,1208,0.0604,60.4,0,255,3.965902777777778,26.766148109163172,57109,223.95686274509805,1,186,255,0.6156503180934958,107,107,203,0.014097222222222223,17,18,0.6633986928104575,62.91133004926108,53.99014778325123,0.050902777777777776,0.005486111111111111,0.017986111111111112,0.012986111111111111,0.009583333333333333,1,62.574427848500235,53.35393720779562,7.123526539431009,4.326058850105799,0.7944789101037394,-135.37444613234848,0.6156388601197589,0.6156388601197589,0.012064648304120192,-1,-0.011944444444444091,-172,0.1331531980002483,201.45454545454547,5.069761270399523,3.917285353535354,0.07024226339538356
RHF_MPM_P28,1209,0.06045,60.45,0,255,3.9839583333333333,26.884414751930525,57369,224.9764705882353,1,186,255,0.611891875301524,107,107,206,0.014305555555555556,18,18,0.6358024691358025,62.883495145631066,53.99029126213592,0.050555555555555555,0.005486111111111111,0.017986111111111112,0.01326388888888889,0.009583333333333333,1,62.61890568076836,53.35264689989367,6.897044381585605,4.312884259392564,0.780365594477714,45.075218583577104,-0.4541864300992525,0.4541864300992525,0.011887953424323241,3,0.01805555555555527,260,0.04449654433495918,203.1818181818182,2.3671302847802793,3.9374242424242425,0.05246443445653053
RHF_MPM_P28,1210,0.0605,60.5,0,255,4.034652777777778,27.05302625845301,58099,227.8392156862745,1,190,255,0.6151239152041129,108,108,206,0.014305555555555556,18,17,0.673202614379085,62.93689320388349,54.077669902912625,0.050763888888888886,0.005555555555555556,0.01826388888888889,0.013402777777777777,0.009722222222222222,1,62.563038950756464,53.38451608461419,7.044341183582022,4.1707848896449855,0.8058821797956482,-135.470260091526,0.7048361627528104,0.7048361627528104,0.010499320125991841,0,0.050694444444444375,730,0.06431746618899369,204.0,1.4770978917519928,3.957910353535354,0.04123126311681886
RHF_MPM_P28,1211,0.06055,60.55,0,255,4.0313888888888885,27.035752835908248,58052,227.65490196078431,1,190,255,0.6151572461413355,107,107,208,0.014444444444444444,18,18,0.6419753086419753,62.95192307692308,54.0,0.050694444444444445,0.005555555555555556,0.018333333333333333,0.013333333333333334,0.009652777777777777,1,62.56197891545511,53.32555295252532,7.057189473416004,4.2649840051103896,0.7967220034087286,45.140307596769546,-0.5897945618398323,0.5897945618398323,0.011265761730861986,2,-0.003263888888889177,-47,0.05897265994144785,204.63636363636363,1.5534552264213692,3.9717108585858587,0.03798225347343827
RHF_MPM_P28,1212,0.0606,60.6,0,255,3.975138888888889,26.824971652312634,57242,224.478431372549,1,187,255,0.609143560000497,107,107,203,0.014097222222222223,17,18,0.6633986928104575,62.926108374384235,54.04433497536946,0.050277777777777775,0.005416666666666667,0.017986111111111112,0.013125,0.009583333333333333,1,62.560462597393524,53.32858740085951,7.083799241911828,4.233803582036631,0.8017391276186657,-135.79729282205565,0.7421950289856127,0.7421950289856127,0.010953495684986549,-5,-0.05624999999999947,-810,0.0033922112488397526,204.63636363636363,1.5534552264213692,3.977184343434344,0.0334764049164327
RHF_MPM_P28,1213,0.06065,60.65,0,255,3.957013888888889,26.80015857073375,56981,223.45490196078433,0,186,255,0.5970063249150999,108,108,204,0.014166666666666666,18,17,0.6666666666666666,63.127450980392155,54.068627450980394,0.04895833333333333,0.005486111111111111,0.017986111111111112,0.013055555555555556,0.00951388888888889,1,62.68772046822625,53.35327565328794,6.929183316006113,4.161694683026153,0.7995467013466053,-135.52665497446324,0.6338235583645522,0.6338235583645522,0.011617907723627174,1,-0.018124999999999947,-261,0.1296305345852171,204.63636363636363,1.5534552264213692,3.978207070707071,0.03266282727049993
RHF_MPM_P28,1214,0.0607,60.7,0,255,3.995416666666667,26.976604701394088,57534,225.6235294117647,0,193,255,0.6031139700908674,108,108,207,0.014375,18,17,0.6764705882352942,63.03864734299517,54.091787439613526,0.049652777777777775,0.005555555555555556,0.017986111111111112,0.013194444444444444,0.009722222222222222,1,62.7036534918483,53.42710397330274,6.929964440152454,4.293331763652949,0.7849717391536861,-135.9444753359922,0.6572845780994528,0.6572845780994528,0.01110647617061216,3,0.038402777777777786,553,0.07552802180614233,204.9090909090909,1.6762808104168887,3.9856186868686865,0.025744464936661746
RHF_MPM_P28,1215,0.06075,60.75,0,255,4.039513888888889,27.15813582391771,58169,228.1137254901961,0,195,255,0.6032670933796,104,104,211,0.014652777777777778,18,18,0.6512345679012346,62.90047393364929,54.023696682464454,0.049652777777777775,0.005555555555555556,0.018333333333333333,0.013541666666666667,0.00986111111111111,1,62.60601007409445,53.445856040158844,6.91643974899718,4.347708871053594,0.777724698229047,-136.56989374391,0.5232395567019871,0.5232395567019871,0.010297581185855009,4,0.04409722222222223,635,0.09942774784751358,205.54545454545453,2.387986461193399,3.993806818181818,0.027218257193294702
RHF_MPM_P28,1216,0.0608,60.8,0,255,4.035208333333333,27.115838377760323,58107,227.87058823529412,0,195,255,0.5982946247574371,107,107,210,0.014583333333333334,19,17,0.6501547987616099,62.833333333333336,54.06666666666667,0.04909722222222222,0.005486111111111111,0.018472222222222223,0.013472222222222222,0.009652777777777777,1,62.54210336104084,53.39678524102087,6.978399357482134,4.255798208114173,0.792514507217949,-135.88504205121575,0.593881424601647,0.593881424601647,0.009534135302115063,-1,-0.0043055555555557845,-62,0.08057301844510921,205.9090909090909,2.7120788891229632,3.9984911616161622,0.029417587852398123
RHF_MPM_P28,1217,0.06085,60.85,0,255,4.051666666666667,27.131779183582243,58344,228.8,1,195,255,0.614607920109262,106,106,212,0.014722222222222222,18,17,0.6928104575163399,63.00471698113208,54.06132075471698,0.050555555555555555,0.005555555555555556,0.018472222222222223,0.013472222222222222,0.009791666666666667,1,62.563794049088166,53.349050459344575,7.07404606944442,4.247976510759681,0.7996234981703799,-136.8151489259889,0.7500093223538616,0.7500093223538616,0.010438091320444261,2,0.016458333333333464,237,0.0524318160056496,206.72727272727272,3.047828111680038,4.004337121212122,0.03281791065748172
RHF_MPM_P28,1218,0.0609,60.9,0,255,4.0031944444444445,26.861692898085938,57646,226.06274509803922,1,190,255,0.6176485844228763,107,107,207,0.014375,18,18,0.6388888888888888,63.111111111111114,53.94685990338164,0.050763888888888886,0.005277777777777778,0.018333333333333333,0.013055555555555556,0.009583333333333333,1,62.71550497866287,53.252784234812474,7.028159553133459,4.500874024886256,0.7680367390396369,-135.03680427987845,0.6550821518224914,0.6550821518224914,0.012628803386184644,-5,-0.04847222222222225,-698,0.17967579730750044,207.0,2.9232609437842774,4.006641414141415,0.03174951881654475
RHF_MPM_P28,1219,0.06095,60.95,0,255,4.012569444444445,27.013480077508625,57781,226.5921568627451,0,193,255,0.6033248863444667,107,107,209,0.014513888888888889,18,17,0.6830065359477124,63.11483253588517,54.08612440191388,0.04951388888888889,0.005486111111111111,0.018055555555555554,0.013125,0.009722222222222222,1,62.69519392187743,53.36505079524411,6.94743472152045,4.220747904915657,0.7942997171701056,-135.40328180935984,0.6188756151838662,0.6188756151838662,0.011197452449767225,2,0.009375000000000355,135,0.11408908632683194,207.54545454545453,2.6752616308294837,4.010883838383839,0.029023308263952732
RHF_MPM_P28,1220,0.061,61.0,0,255,4.116319444444445,27.39640863138735,59275,232.45098039215685,1,197,255,0.6124874312870323,107,107,217,0.015069444444444444,18,18,0.6697530864197531,63.06912442396313,53.87096774193548,0.050138888888888886,0.005486111111111111,0.019097222222222224,0.013541666666666667,0.009930555555555555,1,62.70245466048081,53.27902150991143,6.9846002341328095,4.365892679360055,0.7805654195107807,-135.6499812983179,0.5088611596323795,0.5088611596323795,0.011168283424715309,8,0.10374999999999979,1494,0.08633513919556718,208.54545454545453,3.7504820626793216,4.022916666666666,0.04052483226396434
RHF_MPM_P28,1221,0.06105,61.05,0,255,4.118611111111111,27.23200911231505,59308,232.58039215686276,1,195,255,0.6239083558057814,106,106,216,0.015,18,18,0.6666666666666666,63.13425925925926,53.96296296296296,0.051319444444444445,0.005555555555555556,0.01902777777777778,0.01326388888888889,0.00986111111111111,1,62.63247791191745,53.18832198017131,7.149197890652632,4.445716512769364,0.7831377267604757,45.07593054517555,-0.6141230849436123,0.6141230849436123,0.011937681257165982,-1,0.0022916666666663588,33,0.11455631817834928,209.45454545454547,4.207431441965867,4.030549242424243,0.04903037498616075
RHF_MPM_P28,1222,0.0611,61.1,0,255,4.081527777777778,27.038809924076535,58774,230.48627450980393,1,189,255,0.6223750438133302,107,107,210,0.014583333333333334,18,18,0.6481481481481481,62.976190476190474,53.838095238095235,0.051111111111111114,0.005347222222222222,0.018541666666666668,0.013194444444444444,0.009791666666666667,1,62.45026712491918,53.07870827236533,7.326012378749859,4.337484385478542,0.8058893240739435,45.74932739640542,-0.5899413328342026,0.5899413328342026,0.012913873481471399,-6,-0.03708333333333336,-534,0.21264039088917833,209.63636363636363,4.183793999637763,4.035107323232324,0.05118000616144588
RHF_MPM_P28,1223,0.06115,61.15,0,255,4.051041666666666,26.99851524257991,58335,228.76470588235293,1,193,255,0.6194079651288478,106,106,212,0.014722222222222222,18,17,0.6928104575163399,63.09905660377358,54.08018867924528,0.050972222222222224,0.005486111111111111,0.01840277777777778,0.012986111111111111,0.009722222222222222,1,62.52304791291677,53.23375332133367,7.335310829494161,4.1772104547596856,0.8220148553246817,-135.70755787574237,0.8270709079260841,0.8270709079260841,0.014742435930401988,2,-0.030486111111111214,-439,0.17127758262874238,210.45454545454547,3.6522380775637577,4.042007575757577,0.0476228222471194
RHF_MPM_P28,1224,0.0612,61.2,0,255,4.076180555555555,27.167969587787663,58697,230.1843137254902,1,194,255,0.624600782558129,106,106,216,0.015,19,18,0.631578947368421,62.907407407407405,53.89351851851852,0.051666666666666666,0.005486111111111111,0.01875,0.01326388888888889,0.009722222222222222,1,62.56902397056068,53.25914441964666,7.251627401358946,4.299532286515584,0.8052717905128403,-136.3505209499146,0.7395045122357543,0.7395045122357543,0.013237473806157043,4,0.025138888888888822,362,0.05252147893972016,211.54545454545453,3.340213285613425,4.052840909090909,0.04000018034630543
RHF_MPM_P28,1225,0.06125,61.25,0,255,4.139583333333333,27.371608665504112,59610,233.76470588235293,1,197,255,0.6230058630383325,105,105,218,0.01513888888888889,18,18,0.6728395061728395,63.05045871559633,53.80275229357798,0.051180555555555556,0.005416666666666667,0.019097222222222224,0.013402777777777777,0.00986111111111111,1,62.630447911424255,53.15801040093944,7.178874185701468,4.424622460046379,0.7874806906497692,-135.07999212579523,0.7139368733522079,0.7139368733522079,0.010635799362523067,2,0.06340277777777814,913,0.1183257801625861,212.54545454545453,3.4736314862805093,4.065946969696969,0.042573365745449614
RHF_MPM_P28,1226,0.0613,61.3,0,255,4.132638888888889,27.30127014205747,59510,233.37254901960785,1,195,255,0.6229457757666581,106,106,218,0.01513888888888889,18,18,0.6728395061728395,62.977064220183486,53.84862385321101,0.05125,0.005555555555555556,0.018958333333333334,0.013472222222222222,0.00986111111111111,1,62.539220299109395,53.204318601915645,7.193798058880496,4.113559180828329,0.8203789595332956,45.00658915816224,-0.5794328832379735,0.5794328832379735,0.01135943538901025,0,-0.006944444444444642,-100,0.10230799932714506,213.1818181818182,3.7614837937413093,4.074412878787879,0.04562507556183839
RHF_MPM_P28,1227,0.06135,61.35,0,255,4.077916666666667,27.137093537439156,58722,230.28235294117647,1,192,255,0.6264138412711773,109,109,205,0.01423611111111111,17,17,0.7093425605536332,63.30731707317073,54.24878048780488,0.05173611111111111,0.005625,0.01840277777777778,0.013194444444444444,0.009722222222222222,1,62.687732025475974,53.52620823541432,7.08168469933081,4.328443754922354,0.7914633154629116,45.306607938538974,-0.8900984275409632,0.8900984275409632,0.013248867545383331,-13,-0.054722222222221895,-788,0.3544977701231628,212.72727272727272,4.37120555642593,4.078295454545455,0.043908566699670595
RHF_MPM_P28,1228,0.0614,61.4,0,255,4.175416666666667,27.91645882696264,60126,235.78823529411764,1,214,255,0.6076955759689494,107,107,218,0.01513888888888889,18,16,0.7569444444444444,63.288990825688074,54.49082568807339,0.050208333333333334,0.00625,0.018819444444444444,0.014027777777777778,0.010625,1,63.02488108305891,53.983102152147154,6.576815513029885,4.0992035155207835,0.7819980276542506,-139.24891864007878,0.3312318773378004,0.3312318773378004,0.012906230249808736,13,0.09750000000000014,1404,0.5678217485941585,213.27272727272728,4.614028196527098,4.089545454545455,0.050935640786650555
RHF_MPM_P28,1229,0.06145,61.45,0,11,0.01951388888888889,0.3493562131921911,281,25.545454545454547,0,0,7,0.057160354143543986,3,8,10,0.0006944444444444445,32,107,0.0029205607476635513,96.8,62.6,0.004652777777777777,0.0,0.0,0.0,0.0,0,87.50533807829181,61.15302491103203,31.38377019489215,23.528148662049055,0.661787364527922,89.26382513423876,-0.2344282278218987,0.2344282278218987,0.0,-208,-4.155902777777778,-59845,25.50883311842827,195.36363636363637,58.764975232272384,3.7273926767676766,1.1733223343855461
RHF_MPM_P28,1230,0.0615,61.5,0,255,3.6793055555555556,22.972052817039625,52982,207.77254901960785,14,107,255,0.8986356554195215,103,103,146,0.010138888888888888,14,13,0.8021978021978022,67.28082191780823,57.363013698630134,0.080625,0.0034027777777777776,0.014444444444444444,0.008958333333333334,0.006597222222222222,1,70.96395002076177,58.936148125778566,9.474622903819386,5.879058951620516,0.7842018161030949,-145.29773894433558,-0.9066685096026244,0.9066685096026244,0.02770752330980333,136,3.6597916666666666,52701,16.689279839189982,189.63636363636363,60.20913963733221,3.69709595959596,1.1698651081784097
RHF_MPM_P28,1231,0.06155,61.55,0,255,5.705972222222222,26.650929062381994,82166,322.2196078431373,27,159,255,1.3844122476063885,103,103,202,0.014027777777777778,23,23,0.3818525519848771,69.63366336633663,60.36138613861386,0.13159722222222223,0.005069444444444444,0.020972222222222222,0.011666666666666667,0.00798611111111111,1,79.39235206776526,67.43969525107708,19.24070914136063,5.882591912246569,0.9521160846729275,-141.15093254394301,-0.8417237174131648,0.8417237174131648,0.023586398266923058,56,2.0266666666666664,29184,11.972813987451122,188.27272727272728,59.74200731492481,3.8416098484848487,1.30330128687468
RHF_MPM_P28,1232,0.0616,61.6,0,255,5.749722222222222,28.584258972972354,82796,324.69019607843137,26,193,255,1.1402617932115306,108,108,206,0.014305555555555556,18,18,0.6358024691358025,69.2864077669903,59.907766990291265,0.10236111111111111,0.0061805555555555555,0.027916666666666666,0.013194444444444444,0.00986111111111111,1,77.78310546403208,67.30273201603943,19.04490821315831,4.3276489886305,0.973840207341979,-137.52693257334786,-1.0550955773891026,1.0550955773891026,0.015000724672689501,4,0.04375000000000018,630,1.6150645681763824,187.36363636363637,59.38820318620484,3.989892676767677,1.4144332000221918
RHF_MPM_P28,1233,0.06165,61.65,0,255,5.7271527777777775,29.561201795859855,82471,323.4156862745098,26,216,255,1.0505268198719755,108,108,242,0.016805555555555556,21,20,0.5761904761904761,69.92561983471074,60.586776859504134,0.09298611111111112,0.007152777777777778,0.022291666666666668,0.015277777777777777,0.011319444444444444,1,76.70963126432322,66.22991112027258,19.37585829064475,4.1811336596493245,0.9764396001823762,-138.43393385828864,-1.5106703240099262,1.5106703240099262,0.011434322367862643,36,-0.022569444444444642,-325,1.5176598867449054,190.27272727272728,61.18242604047626,4.139494949494949,1.5006156457008168
RHF_MPM_P28,1234,0.0617,61.7,0,255,5.525833333333333,30.85460571373421,79572,312.0470588235294,16,237,255,0.8760304017214973,107,107,274,0.01902777777777778,22,22,0.5661157024793388,70.77372262773723,61.31751824817518,0.0757638888888889,0.007847222222222222,0.024583333333333332,0.017291666666666667,0.0125,1,72.38910672095712,62.45953350424772,10.929396837083338,4.3834248322288225,0.9160485447352443,-138.17882994488681,-1.4931020417205998,1.4931020417205998,0.02019554617202031,32,-0.2013194444444446,-2899,5.734342132908546,195.9090909090909,65.61936319750657,4.273566919191919,1.5517351690918233
RHF_MPM_P28,1235,0.06175,61.75,0,255,5.773541666666667,31.730801850374156,83139,326.0352941176471,17,246,255,0.8807368373302163,107,107,290,0.02013888888888889,22,22,0.5991735537190083,70.94137931034483,61.54137931034483,0.07604166666666666,0.008333333333333333,0.026111111111111113,0.018472222222222223,0.013125,1,72.09034267912773,62.31266914444485,9.606140184144667,4.423210055832219,0.8876822496344235,-137.08571946854028,-0.8456632345441226,0.8456632345441226,0.015901081321642068,16,0.24770833333333364,3567,0.3329100372030559,202.63636363636363,70.9138693028672,4.427872474747474,1.6078148073548506
RHF_MPM_P28,1236,0.0618,61.8,0,255,6.191388888888889,32.823364108578524,89156,349.6313725490196,18,248,255,0.9129455712579254,107,107,313,0.021736111111111112,24,23,0.5670289855072463,71.55591054313099,62.00958466453674,0.07840277777777778,0.008402777777777778,0.028680555555555556,0.01972222222222222,0.013958333333333333,1,72.68653820270089,62.827269056485264,10.020944260749621,4.418286910129921,0.8975536544791349,-136.62684315890974,-0.5883678181169013,0.5883678181169013,0.010790075822154426,23,0.41784722222222204,6017,0.7875672490655492,211.27272727272728,77.71754325070769,4.614400252525251,1.680906513690095
RHF_MPM_P28,1237,0.06185,61.85,0,255,6.509166666666666,33.309871732882904,93732,367.5764705882353,23,250,255,0.9869114406172746,106,106,326,0.02263888888888889,25,25,0.5216,71.53680981595092,62.2239263803681,0.08555555555555555,0.00875,0.03013888888888889,0.020069444444444445,0.014583333333333334,1,73.18656382025348,63.40366150300858,10.825839826579415,4.62852209432994,0.9039945734148158,-136.69794792201384,-0.7697573360336315,0.7697573360336315,0.011340844108735544,13,0.3177777777777777,4576,0.7630556143676461,221.0909090909091,84.47533749342526,4.830448232323231,1.756145456617122
RHF_MPM_P28,1238,0.0619,61.9,0,255,6.483055555555556,33.070635541338255,93356,366.10196078431375,24,249,255,1.0119772475738265,107,107,316,0.021944444444444444,23,23,0.5973534971644613,71.04430379746836,61.7626582278481,0.08854166666666667,0.008680555555555556,0.028055555555555556,0.019791666666666666,0.014375,1,73.22412057071854,63.51624962509105,11.374398010809951,4.641251124373907,0.9129624100831322,-136.36994086295562,-1.0154675646749338,1.0154675646749338,0.018134881528771584,-10,-0.026111111111110752,-376,0.11868696111853223,231.1818181818182,88.48504566188076,5.049097222222222,1.7980656659976628
RHF_MPM_P28,1239,0.06195,61.95,0,255,6.301458333333334,32.585413796938475,90741,355.84705882352944,24,249,255,1.0348473359674406,109,109,299,0.020763888888888887,22,22,0.6177685950413223,70.59197324414716,61.37123745819398,0.0920138888888889,0.008611111111111111,0.026111111111111113,0.019097222222222224,0.014305555555555556,1,73.16128321266021,63.47577170187677,11.995331882178023,4.67987178134804,0.9207550894305229,-136.4907202785504,-1.2651504983479651,1.2651504983479651,0.024740745638685932,-17,-0.18159722222222197,-2615,0.07474620950584558,238.54545454545453,90.43065011011942,5.242373737373738,1.8080028722499093
RHF_MPM_P28,1240,0.062,62.0,0,255,6.235833333333333,32.41205098887689,89796,352.1411764705882,23,251,255,1.0577671399073822,109,109,292,0.020277777777777777,21,21,0.6621315192743764,70.43493150684931,60.897260273972606,0.0954861111111111,0.00875,0.025625,0.018680555555555554,0.014166666666666666,1,73.20218049801773,63.319256982493656,12.374054178723968,4.688787140455023,0.9254290835242611,-136.8204909951378,-1.3529891146810982,1.3529891146810982,0.0298342910597354,-7,-0.06562500000000071,-945,0.16176972934758316,264.1818181818182,55.06164839493041,5.807493686868686,0.7479273839389426
RHF_MPM_P28,1241,0.06205,62.05,0,255,6.2832638888888885,32.39389042040569,90479,354.81960784313725,22,252,255,1.0978647423535697,109,109,291,0.02020833333333333,21,20,0.6928571428571428,70.29209621993127,60.76975945017182,0.10027777777777777,0.009027777777777777,0.025833333333333333,0.018472222222222223,0.013819444444444445,1,73.3966666298257,63.37064954298788,12.793604988659391,4.727098616459764,0.9292350326292393,-137.4089599834722,-1.484556910698445,1.484556910698445,0.03089114601178174,-1,0.04743055555555564,683,0.20116175267625347,277.3636363636364,40.66553762601969,6.044217171717171,0.33494959728084484
RHF_MPM_P28,1242,0.0621,62.1,0,255,6.430694444444445,32.70491047170427,92602,363.14509803921567,22,250,255,1.1054884789303094,107,107,310,0.021527777777777778,23,22,0.6126482213438735,71.04838709677419,61.45161290322581,0.10041666666666667,0.00875,0.027569444444444445,0.019305555555555555,0.014097222222222223,1,73.89684888015378,63.8212673592363,13.079781436714567,4.573763453791812,0.936868472710048,-137.4814954511862,-1.4620946387472207,1.4620946387472207,0.02780717479104123,19,0.14743055555555618,2123,0.6732300497331961,287.1818181818182,33.731070602145756,6.11010101010101,0.3332090682246326
RHF_MPM_P28,1243,0.06215,62.15,0,255,6.267222222222222,32.06566150634517,90248,353.9137254901961,21,250,255,1.1141222242688946,108,108,293,0.02034722222222222,22,21,0.6341991341991342,70.580204778157,60.98293515358362,0.10138888888888889,0.008472222222222223,0.026597222222222223,0.01826388888888889,0.013472222222222222,1,73.87050128534705,63.71926247673078,13.387428960237456,4.555927682584695,0.940311902381812,-137.50502516162248,-1.5196997339584035,1.5196997339584035,0.028255473805513697,-17,-0.16347222222222246,-2354,0.10535270194477499,295.09090909090907,21.890033205068654,6.157146464646464,0.31504390695967627
RHF_MPM_P28,1244,0.0622,62.2,0,255,6.071736111111111,31.552109562107756,87433,342.87450980392157,21,248,255,1.0858796081371516,107,107,281,0.01951388888888889,21,20,0.669047619047619,70.25622775800711,60.629893238434164,0.09840277777777778,0.008333333333333333,0.025902777777777778,0.017569444444444443,0.013194444444444444,1,73.6159344869786,63.41786282067412,13.258263345700035,4.493161912744141,0.9408241270673918,-137.8501907799946,-1.5225465417820352,1.5225465417820352,0.026271545068795536,-12,-0.19548611111111125,-2815,0.39451997098073116,298.6363636363636,15.11334586186976,6.188472222222222,0.28657623453709324
RHF_MPM_P28,1245,0.06225,62.25,0,255,5.891805555555556,31.227224403750512,84842,332.71372549019605,20,245,255,1.0517653069816322,109,109,270,0.01875,21,20,0.6428571428571429,70.08148148148148,60.45185185185185,0.095,0.008194444444444445,0.024791666666666667,0.017152777777777777,0.013125,1,73.37612267509017,63.16918507343061,13.049840633995348,4.4284492300849125,0.9406605739839166,-138.0025692349329,-1.6026163901747394,1.6026163901747394,0.026260578487070082,-11,-0.17993055555555504,-2591,0.3454711668074722,298.27272727272725,15.73699121693799,6.221742424242424,0.22159138572281753
RHF_MPM_P28,1246,0.0623,62.3,0,255,5.7624305555555555,30.937978138763718,82979,325.40784313725493,19,243,255,1.0305438545129282,107,107,270,0.01875,21,19,0.6766917293233082,70.02222222222223,60.31111111111111,0.09326388888888888,0.008125,0.024444444444444446,0.016875,0.012916666666666667,1,73.20094240711505,62.89476855589969,12.746880897911383,4.536449684911597,0.9345289809696027,-138.134474128444,-1.692568436761757,1.692568436761757,0.026488629653285772,0,-0.12937500000000046,-1863,0.32556497259630873,296.45454545454544,17.629333181653582,6.2207323232323235,0.2236479406186768
RHF_MPM_P28,1247,0.06235,62.35,0,255,5.601944444444444,30.569995213121093,80668,316.3450980392157,18,238,255,0.9971214546242806,109,109,258,0.017916666666666668,21,18,0.6825396825396826,69.80232558139535,60.05038759689923,0.08972222222222222,0.0077777777777777776,0.02326388888888889,0.016527777777777777,0.0125,1,72.99169435215947,62.640105122229386,12.59748002199015,4.4258580246758426,0.9362521280131032,-138.76302420334733,-1.6181761587987051,1.6181761587987051,0.02806565180740814,-12,-0.1604861111111111,-2311,0.3296031142926928,291.45454545454544,19.88312960716211,6.167146464646464,0.28614267419088846
RHF_MPM_P28,1248,0.0624,62.4,0,255,5.455,30.312805370741327,78552,308.0470588235294,18,238,255,0.9729088554460021,110,110,252,0.0175,21,18,0.6666666666666666,69.73015873015873,59.96825396825397,0.08756944444444445,0.0077777777777777776,0.022569444444444444,0.016319444444444445,0.012222222222222223,1,72.68982330176189,62.34066605560648,12.260432290940283,4.467083327842487,0.9312622537270682,-138.91694044915275,-1.6524989506774768,1.6524989506774768,0.029521845401772075,-6,-0.14694444444444432,-2116,0.42519393891274754,284.72727272727275,19.57313051140591,6.071313131313132,0.3288830122049764
RHF_MPM_P28,1249,0.06245,62.45,0,255,5.383680555555555,30.1566732583199,77525,304.01960784313724,17,236,255,0.9725674379467576,110,110,250,0.017361111111111112,21,18,0.6613756613756614,69.66,59.908,0.08805555555555555,0.007847222222222222,0.022430555555555554,0.01597222222222222,0.012083333333333333,1,72.5884037407288,62.20135440180587,12.253870643704609,4.583241353008529,0.9274190365951708,-138.74939255694218,-1.7444803458379663,1.7444803458379663,0.030570783618187682,-2,-0.07131944444444471,-1027,0.17231849652549056,278.72727272727275,19.179017460334133,5.971369949494949,0.3546106818749275
RHF_MPM_P28,1250,0.0625,62.5,0,255,5.307708333333333,30.056628895829242,76431,299.7294117647059,16,238,255,0.9650117267688972,111,111,245,0.017013888888888887,20,18,0.6805555555555556,69.53061224489795,59.77142857142857,0.08777777777777777,0.00798611111111111,0.022083333333333333,0.01597222222222222,0.012222222222222223,1,72.44874461932986,61.98475749368712,11.982377365447869,4.543824416028116,0.9253110788801668,-139.39897681003143,-1.7392200245889116,1.7392200245889116,0.03127003441012155,-5,-0.07597222222222211,-1094,0.25771862718190536,273.8181818181818,20.243150050497132,5.881029040404041,0.38434693299271033
RHF_MPM_P28,1251,0.06255,62.55,0,255,5.159097222222222,29.858007148027465,74291,291.33725490196076,15,234,255,0.8968482656018875,111,111,240,0.016666666666666666,20,18,0.6666666666666666,69.48333333333333,59.7375,0.08013888888888888,0.007569444444444445,0.021805555555555557,0.015694444444444445,0.012083333333333333,1,71.94936129544628,61.64279657024404,11.188671783373277,4.244870993005658,0.9252368201168237,-139.7484765479547,-1.706671751295238,1.706671751295238,0.029209460096108548,-5,-0.14861111111111125,-2140,0.6052445599384234,269.09090909090907,21.479184619087064,5.783143939393939,0.41722582230019895
RHF_MPM_P28,1252,0.0626,62.6,0,255,5.191111111111111,29.928621174923826,74752,293.14509803921567,15,233,255,0.9002552425919996,110,110,245,0.017013888888888887,20,18,0.6805555555555556,69.55918367346939,59.714285714285715,0.0804861111111111,0.0077083333333333335,0.022222222222222223,0.015833333333333335,0.012013888888888888,1,71.94188784246575,61.54177814640411,10.819362171315806,4.384445505351083,0.9142100440358856,-140.0175621662677,-1.6358564741616912,1.6358564741616912,0.028413955479452056,5,0.032013888888888786,461,0.10129449370303863,264.90909090909093,21.28360250373959,5.683857323232323,0.4163475391566215
RHF_MPM_P28,1253,0.06265,62.65,0,255,5.194791666666666,29.951841681196935,74805,293.3529411764706,15,232,255,0.892426777429268,110,110,246,0.017083333333333332,21,18,0.6507936507936508,69.55284552845528,59.71138211382114,0.07944444444444444,0.0075,0.022222222222222223,0.01597222222222222,0.012013888888888888,1,71.87752155604572,61.49066238887775,10.715212829500539,4.524909275850295,0.9064615660475893,-139.56110710705838,-1.4582596701376467,1.4582596701376467,0.02809972595414745,1,0.0036805555555554648,53,0.08219391397785147,259.09090909090907,16.33431716832301,5.571502525252526,0.36298734399064525
RHF_MPM_P28,1254,0.0627,62.7,0,255,5.056111111111111,29.686920359513525,72808,285.52156862745096,15,234,255,0.8627879432490829,111,111,238,0.016527777777777777,20,18,0.6611111111111111,69.4201680672269,59.621848739495796,0.07645833333333334,0.007430555555555556,0.021597222222222223,0.015625,0.011875,1,71.63572684320404,61.2982089880233,10.329133843630704,4.486142074860211,0.9007589880414437,-139.87698558769935,-1.4556568657671825,1.4556568657671825,0.02825238984726953,-8,-0.13868055555555525,-1997,0.3090355880131547,254.0909090909091,13.331129294416987,5.461401515151516,0.31588487362161816
RHF_MPM_P28,1255,0.06275,62.75,0,255,5.065833333333333,29.769376964610988,72948,286.0705882352941,14,233,255,0.8658405437868424,110,110,243,0.016875,21,18,0.6428571428571429,69.55555555555556,59.68312757201646,0.07694444444444444,0.0077777777777777776,0.021736111111111112,0.015833333333333335,0.012013888888888888,1,71.66506278444919,61.25267313702911,10.167323401570984,4.552029826564521,0.8941779563682097,-140.08980826724667,-1.484336376067443,1.484336376067443,0.028431211273784066,5,0.009722222222221966,140,0.054167436477126366,250.63636363636363,10.542319283144892,5.3699558080808085,0.26792064019982154
RHF_MPM_P28,1256,0.0628,62.8,0,255,5.0782638888888885,29.799646712807526,73127,286.7725490196078,14,234,255,0.8622952865926381,110,110,244,0.016944444444444446,21,18,0.6455026455026455,69.57377049180327,59.72950819672131,0.0763888888888889,0.007569444444444445,0.02201388888888889,0.01576388888888889,0.011944444444444445,1,71.67246024040368,61.2302432753976,9.981071459445078,4.5095485197116725,0.892114156059412,-140.60298822849526,-1.545751765826072,1.545751765826072,0.02797872194948514,1,0.0124305555555555,179,0.02361823548463203,248.27272727272728,8.687408956654757,5.295997474747474,0.22201248836995685
RHF_MPM_P28,1257,0.06285,62.85,0,255,4.965833333333333,29.531044387879152,71508,280.4235294117647,14,231,255,0.8383901501901392,109,109,242,0.016805555555555556,20,18,0.6722222222222223,69.48760330578513,59.66942148760331,0.07368055555555555,0.007291666666666667,0.021597222222222223,0.015277777777777777,0.011666666666666667,1,71.46120713766292,61.04816244336298,9.646731899545966,4.524230945574926,0.8832029171088192,-140.9078760556968,-1.489479282439395,1.489479282439395,0.026318733568272083,-2,-0.11243055555555515,-1619,0.2788929952724051,245.72727272727272,5.44544695704434,5.2235795454545455,0.18486988421939288
RHF_MPM_P28,1258,0.0629,62.9,0,255,4.932152777777778,29.432331420829502,71023,278.52156862745096,14,228,255,0.81880237076721,108,108,242,0.016805555555555556,20,18,0.6722222222222223,69.50826446280992,59.72314049586777,0.07159722222222223,0.007152777777777778,0.021458333333333333,0.015208333333333334,0.011597222222222222,1,71.42200413950411,61.122565929346834,9.572366108319157,4.250502917256794,0.8960075084928252,-141.07516240711297,-1.4635488115006026,1.4635488115006026,0.026216859327260183,0,-0.03368055555555571,-485,0.08409966582091172,244.27272727272728,3.886828786623991,5.162689393939394,0.15866816804782521
RHF_MPM_P28,1259,0.06295,62.95,0,255,4.848541666666667,29.105331543587557,69819,273.8,13,223,255,0.8176242837727136,109,109,234,0.01625,20,18,0.65,69.47435897435898,59.58974358974359,0.07145833333333333,0.006944444444444444,0.021180555555555557,0.015,0.011458333333333333,1,71.38651369970925,61.04139274409545,9.681176833881388,4.339654253737902,0.8939047809244169,-140.54624902012642,-1.348465121208127,1.348465121208127,0.026396826078861055,-8,-0.08361111111111086,-1204,0.08859264823160175,242.63636363636363,4.0737011822560145,5.107556818181819,0.1527740926385841
RHF_MPM_P28,1260,0.063,63.0,0,255,4.792916666666667,28.958802727011086,69018,270.6588235294118,13,220,255,0.7993814176754854,110,110,229,0.015902777777777776,20,18,0.6361111111111111,69.32751091703057,59.60262008733624,0.06951388888888889,0.006944444444444444,0.020833333333333332,0.015069444444444444,0.01125,1,71.29702396476281,61.03235387869831,9.548067320845407,4.30236523386756,0.8927256377706014,-139.92336240026913,-1.470841166808546,1.470841166808546,0.026427888376945145,-5,-0.055625000000000036,-801,0.08994505961114077,240.72727272727272,4.99255644281672,5.053851010101011,0.15008052740369016
RHF_MPM_P28,1261,0.06305,63.05,0,255,4.763402777777777,28.84373958801292,68593,268.9921568627451,13,221,255,0.8051346758083677,108,108,233,0.016180555555555556,20,18,0.6472222222222223,69.40343347639485,59.62660944206009,0.07041666666666667,0.006875,0.020833333333333332,0.015,0.011180555555555555,1,71.25362646334175,60.99816307786509,9.53616248034042,4.253511253066085,0.8950129568981515,-140.71618364579513,-1.2739377148915045,1.2739377148915045,0.026533319726502705,4,-0.029513888888889284,-425,0.05524811301038943,239.63636363636363,5.244438218856712,5.004368686868687,0.14794008106088963
RHF_MPM_P28,1262,0.0631,63.1,0,255,4.666111111111111,28.457439788585827,67192,263.4980392156863,13,215,255,0.7989175320007315,108,108,227,0.01576388888888889,20,18,0.6305555555555555,69.20264317180617,59.55506607929515,0.06923611111111111,0.006458333333333333,0.020416666666666666,0.014513888888888889,0.010902777777777779,1,71.20737587808073,60.95609596380522,9.576215990428858,4.424421891639999,0.8868684946354423,-139.93737469448013,-1.2753042470346956,1.2753042470346956,0.026550779854744612,-6,-0.09729166666666611,-1401,0.0625200665571697,238.45454545454547,6.372720788480685,4.959551767676768,0.16763924812407716
RHF_MPM_P28,1263,0.06315,63.15,0,255,4.593194444444444,28.239475587591762,66142,259.38039215686274,12,213,255,0.7879053652438515,108,108,223,0.015486111111111112,19,18,0.652046783625731,69.05381165919283,59.399103139013455,0.06847222222222223,0.006597222222222222,0.02013888888888889,0.014166666666666666,0.010694444444444444,1,71.03527259532521,60.86891838771129,9.55114935856989,4.264458532973122,0.8947904068418836,-139.50867230381004,-1.247206971019106,1.247206971019106,0.025823228810740527,-4,-0.07291666666666696,-1050,0.19292348148641064,236.45454545454547,7.377652205553994,4.905195707070707,0.1802093875092796
RHF_MPM_P28,1264,0.0632,63.2,0,255,4.712152777777778,28.777163343313912,67855,266.0980392156863,13,221,255,0.8171544763015286,110,110,226,0.015694444444444445,19,18,0.6608187134502924,69.1283185840708,59.309734513274336,0.071875,0.006944444444444444,0.02034722222222222,0.014791666666666667,0.01125,1,71.03762434603198,60.745133004200135,9.43579358786486,4.4346316831195045,0.8826772101612314,-139.9847342278471,-1.3199443087747245,1.3199443087747245,0.028089308083413162,3,0.1189583333333335,1713,0.1238077214974515,234.63636363636363,7.264768372366199,4.861319444444445,0.16221563059546293
RHF_MPM_P28,1265,0.06325,63.25,0,255,4.819513888888889,29.301976512540477,69401,272.1607843137255,12,226,255,0.7989119011663015,106,106,240,0.016666666666666666,20,18,0.6666666666666666,69.48333333333333,59.45,0.07013888888888889,0.007291666666666667,0.020763888888888887,0.015277777777777777,0.011527777777777777,1,71.0799700292503,60.669024942003716,9.094081259901998,4.3872344458884776,0.8759359303314233,-140.18423034174597,-1.4182013419048867,1.4182013419048867,0.027060128816587658,14,0.10736111111111146,1546,0.08709531570940515,234.8181818181818,7.370927927499813,4.839810606060606,0.15020228740602048
RHF_MPM_P28,1266,0.0633,63.3,0,255,4.8746527777777775,29.443789135052516,70195,275.27450980392155,12,228,255,0.8056675218873848,109,109,240,0.016666666666666666,20,18,0.6666666666666666,69.57916666666667,59.43333333333333,0.07048611111111111,0.007222222222222222,0.021388888888888888,0.015486111111111112,0.011527777777777777,1,71.09631740152433,60.65504665574471,9.07247377409331,4.452671651204472,0.8712783795403148,-140.1822589776414,-1.2116216083005542,1.2116216083005542,0.025144241042809316,0,0.05513888888888818,794,0.02150881370518289,234.54545454545453,7.114180926005037,4.822430555555555,0.13313457802916318
RHF_MPM_P28,1267,0.06335,63.35,0,255,4.9118055555555555,29.51835351035338,70730,277.37254901960785,13,230,255,0.818284542351102,110,110,240,0.016666666666666666,20,18,0.6666666666666666,69.5,59.40416666666667,0.071875,0.007361111111111111,0.021388888888888888,0.015555555555555555,0.011805555555555555,1,71.17715255195814,60.662378057401384,9.056531471472228,4.507042966287954,0.8673741262009353,-140.9108335818453,-1.2921485873949485,1.2921485873949485,0.0255054432348367,0,0.037152777777778034,535,0.08116693289701592,234.1818181818182,6.712514524354448,4.807297979797979,0.11077874237249427
RHF_MPM_P28,1268,0.0634,63.4,0,255,5.0025,29.787606844588538,72036,282.49411764705883,13,233,255,0.8287500911942812,110,110,244,0.016944444444444446,20,18,0.6777777777777778,69.59016393442623,59.48770491803279,0.07284722222222222,0.007361111111111111,0.021527777777777778,0.01597222222222222,0.011944444444444445,1,71.2843161752457,60.69483313898606,9.060162950900661,4.619471627711826,0.8602536667434254,-140.66992466785968,-1.223807238140007,1.223807238140007,0.025917596757176968,4,0.09069444444444485,1306,0.11197041786466039,234.36363636363637,6.944883365376101,4.810631313131313,0.11593076912383936
RHF_MPM_P28,1269,0.06345,63.45,0,255,4.956666666666667,29.586033867350313,71376,279.90588235294115,13,231,255,0.8175273084941918,108,108,243,0.016875,20,18,0.675,69.57613168724279,59.48148148148148,0.07173611111111111,0.007430555555555556,0.021527777777777778,0.015625,0.01173611111111111,1,71.31759975341852,60.75082660838377,9.085091001188044,4.424792770153792,0.8733802753247171,-141.21758445067397,-1.1939643772881445,1.1939643772881445,0.024602107150863035,-1,-0.04583333333333339,-660,0.0651388147817995,234.45454545454547,7.049998534669562,4.812859848484848,0.11845352121495
RHF_MPM_P28,1270,0.0635,63.5,0,255,4.953402777777778,29.546375662845556,71329,279.721568627451,13,232,255,0.824788719177418,108,108,242,0.016805555555555556,20,18,0.6722222222222223,69.53719008264463,59.47520661157025,0.07236111111111111,0.007291666666666667,0.021527777777777778,0.015486111111111112,0.011666666666666667,1,71.24790758317094,60.67705982139102,9.133221589459241,4.521169558571949,0.8688789468658413,-140.68155583468163,-1.1938499778929608,1.1938499778929608,0.024786552454121046,-1,-0.003263888888889177,-47,0.10148170996317998,235.1818181818182,7.370927927499813,4.822392676767676,0.12498112709530292
RHF_MPM_P28,1271,0.06355,63.55,0,255,4.888125,29.398971034260086,70389,276.0352941176471,13,234,255,0.8253083787807352,110,110,236,0.01638888888888889,20,17,0.6941176470588235,69.08474576271186,59.13135593220339,0.07284722222222222,0.0075,0.021180555555555557,0.015347222222222222,0.01173611111111111,1,70.95000639304436,60.35728593956442,9.11986035973343,4.781570661437752,0.8515317404227983,-141.04718465671772,-1.1627870073369224,1.1627870073369224,0.026609271335009732,-6,-0.06527777777777821,-940,0.4370359877370339,235.8181818181818,7.107207376615295,4.8310479797979795,0.12593322530761672
RHF_MPM_P28,1272,0.0636,63.6,0,255,4.946805555555556,29.810022612015207,71234,279.34901960784316,13,237,255,0.8006593198763909,110,110,241,0.01673611111111111,19,18,0.7046783625730995,69.12863070539419,59.12033195020747,0.07034722222222223,0.0077777777777777776,0.021388888888888888,0.015625,0.011875,1,70.7879383440492,60.265238509700424,8.660042323122628,4.3286044615346935,0.8661198321628283,-142.3261179549178,-1.4179805130722605,1.4179805130722605,0.02656035039447455,5,0.05868055555555607,845,0.18638342697157118,236.54545454545453,7.190443612103705,4.84772095959596,0.12799752191504019
RHF_MPM_P28,1273,0.06365,63.65,0,12,0.01972222222222222,0.35241221216630764,284,23.666666666666668,0,0,7,0.056436457202490006,3,8,10,0.0006944444444444445,32,107,0.0029205607476635513,95.6,56.8,0.0045138888888888885,0.0,0.0,0.0,0.0,0,88.32042253521126,57.66549295774648,36.37886069559059,21.62951131936044,0.8040492967236322,103.30155229043118,-0.009349581138673685,0.009349581138673685,0.0,-231,-4.927083333333333,-70950,17.724183446586537,216.8181818181818,65.72645542054401,4.42532196969697,1.397861246835564
RHF_MPM_P28,1274,0.0637,63.7,0,255,3.642916666666667,22.934934957244927,52458,205.71764705882353,12,106,255,0.8200465313797081,103,103,147,0.010208333333333333,13,16,0.7067307692307693,64.80952380952381,54.72108843537415,0.07069444444444445,0.0028472222222222223,0.015902777777777776,0.008819444444444444,0.006319444444444444,1,64.34852644019978,52.562716840138776,7.615094161491588,5.892060200633995,0.6335101426847074,103.14057714392644,-1.6246507113455666,1.6246507113455666,0.01915818368980899,137,3.6231944444444446,52174,24.50898052748124,209.9090909090909,68.64328682723665,4.33893308080808,1.4140869257235642
RHF_MPM_P28,1275,0.06375,63.75,0,255,5.747013888888889,27.23108335717407,82757,324.5372549019608,29,165,255,1.3163392247510908,100,100,229,0.015902777777777776,23,25,0.3982608695652174,60.96506550218341,51.12663755458515,0.12298611111111112,0.005138888888888889,0.021111111111111112,0.013055555555555556,0.008611111111111111,1,58.77172927969839,44.11636477881025,14.54444045591591,7.073338924805748,0.8737774679388455,65.56011396752724,-0.7614258924884489,0.7614258924884489,0.026318015394468142,82,2.104097222222222,30299,10.121340312097255,210.1818181818182,68.71260064648483,4.433011363636363,1.4691401576836387
RHF_MPM_P28,1276,0.0638,63.8,0,255,6.510347222222222,30.89803173597332,93749,367.64313725490194,27,226,255,1.2671249859202676,97,97,317,0.02201388888888889,29,31,0.3526140155728587,58.49211356466877,48.62145110410095,0.11645833333333333,0.007222222222222222,0.029444444444444443,0.016666666666666666,0.011458333333333333,1,56.47627174689863,43.78850974410394,16.70933362804165,7.142371501220355,0.904039929407955,57.95767230595386,-1.078708542041357,1.078708542041357,0.039776424281859006,88,0.7633333333333336,10992,2.3187527269352013,217.1818181818182,75.02583577047211,4.586723484848485,1.5853918162444323
RHF_MPM_P28,1277,0.06385,63.85,0,255,6.990138888888889,31.83873056309876,100658,394.7372549019608,38,240,255,1.2325512394139126,105,105,277,0.01923611111111111,34,36,0.22630718954248366,59.49097472924188,49.935018050541515,0.10986111111111112,0.007916666666666667,0.035555555555555556,0.01576388888888889,0.012291666666666666,1,54.17093524608079,43.01129567446204,18.298126115801086,4.539862339023135,0.9687330658133868,51.11025967408058,-0.7874919774881047,0.7874919774881047,0.009378290846231796,-40,0.4797916666666664,6909,2.4328251256620126,220.54545454545453,76.78229393002677,4.779040404040404,1.7303388495355672
RHF_MPM_P28,1278,0.0639,63.9,0,255,6.990069444444444,32.56286823200895,100657,394.73333333333335,34,246,255,1.2126412443558685,108,108,281,0.01951388888888889,21,21,0.63718820861678,60.711743772241995,51.362989323843415,0.10854166666666666,0.008194444444444445,0.03375,0.017986111111111112,0.013194444444444444,1,53.72497690175547,42.955313589715566,21.04896457773412,4.7280534612768,0.9744460517639275,49.2168328995807,-1.087536401285056,1.087536401285056,0.009765838441439741,4,-6.944444444467734e-05,-1,0.449458383708594,224.27272727272728,78.60961184473668,4.967973484848485,1.8442334675002012
RHF_MPM_P28,1279,0.06395,63.95,0,255,6.557083333333333,33.34067114807628,94422,370.2823529411765,24,249,255,0.9787647915862995,107,107,321,0.022291666666666668,24,24,0.5572916666666666,59.73831775700935,50.66978193146417,0.084375,0.008888888888888889,0.03027777777777778,0.020277777777777777,0.014305555555555556,1,56.8349960814217,47.26850733939124,16.85157405751219,4.616604464205053,0.9617419789126964,45.7959097950693,-2.077991903165356,2.077991903165356,0.06221007815975091,40,-0.43298611111111107,-6235,5.317505018345835,231.27272727272728,83.3405837066311,5.109299242424242,1.9001804524865296
RHF_MPM_P28,1280,0.064,64.0,0,255,6.747569444444444,34.85068488778886,97165,381.03921568627453,20,254,255,0.9143266149347883,108,108,348,0.024166666666666666,25,24,0.58,59.06896551724138,50.1867816091954,0.07875,0.01,0.030972222222222224,0.02236111111111111,0.016458333333333332,1,58.66691709977873,49.46186383986003,9.621239350251097,4.846646741457397,0.8638526746957208,-136.22384294296106,0.5762009335056332,0.5762009335056332,0.005588432048577162,27,0.19048611111111136,2743,2.857752150842851,240.8181818181818,89.8926816536031,5.272108585858586,1.956030305546303
RHF_MPM_P28,1281,0.06405,64.05,0,255,6.809930555555556,34.53963783741256,98063,384.5607843137255,23,254,255,0.9803187652946609,108,108,335,0.02326388888888889,25,24,0.5583333333333333,59.39402985074627,50.6,0.08534722222222223,0.009722222222222222,0.031180555555555555,0.021388888888888888,0.01597222222222222,1,58.37255641781304,49.23276873030603,10.398182408532621,4.888548919423028,0.8825945462475772,-135.936021364911,0.7334578282776669,0.7334578282776669,0.00947350172848067,-13,0.062361111111111533,898,0.37300506740373873,249.27272727272728,93.89074008857405,5.440883838383838,2.0008313543087497
RHF_MPM_P28,1282,0.0641,64.1,0,255,7.138333333333334,35.25800385885609,102792,403.1058823529412,25,255,255,1.0512660668370026,109,109,352,0.024444444444444446,26,25,0.5415384615384615,58.91761363636363,50.08238636363637,0.09277777777777778,0.010277777777777778,0.03236111111111111,0.022569444444444444,0.016666666666666666,1,57.94067631722313,48.74836563156666,10.803897791106408,5.030733560870682,0.8849739103818772,-136.61094379024837,0.7113123889665086,0.7113123889665086,0.011304381663942719,17,0.3284027777777778,4729,0.648973638412111,259.8181818181818,98.22221391205314,5.645448232323232,2.0483267482327214
RHF_MPM_P28,1283,0.06415,64.15,0,255,6.555625,33.146054571202775,94401,370.2,23,249,255,1.0305043172960486,106,106,319,0.022152777777777778,25,23,0.5547826086956522,59.37931034482759,50.76802507836991,0.0901388888888889,0.008611111111111111,0.029861111111111113,0.01986111111111111,0.014166666666666666,1,57.747598012732915,48.80963125390621,11.639271409078749,4.842590949242396,0.9093389051646151,-137.4654182690906,0.9350216688599455,0.9350216688599455,0.015402379212084618,-33,-0.5827083333333336,-8391,0.2025653182197506,266.90909090909093,99.41598055686342,5.791704545454546,2.0506559327768317
RHF_MPM_P28,1284,0.0642,64.2,0,255,6.01875,31.418917843196002,86670,339.88235294117646,22,242,255,1.030933768117487,108,108,276,0.019166666666666665,24,20,0.575,60.59057971014493,51.78623188405797,0.09145833333333334,0.00798611111111111,0.02625,0.0175,0.012847222222222222,1,58.21172262605285,49.241294565593634,12.17821801872873,4.699090221364311,0.9225572444232019,-138.4861501363005,1.2048621971986686,1.2048621971986686,0.02254528671974155,-43,-0.5368750000000002,-7731,0.6338334728825303,291.09090909090907,57.49854471748045,6.3370707070707075,0.9400768946831831
RHF_MPM_P28,1285,0.06425,64.25,0,255,5.470833333333333,29.963359279385806,78780,308.94117647058823,19,230,255,0.9746760359994027,106,106,253,0.017569444444444443,22,19,0.6052631578947368,61.34782608695652,52.383399209486164,0.08659722222222223,0.007222222222222222,0.02326388888888889,0.01597222222222222,0.011666666666666667,1,58.4988575780655,49.46505458238131,12.674217733320273,4.7510180499376915,0.9270826822676533,-138.67446445383484,1.5065267803463442,1.5065267803463442,0.027418126428027417,-23,-0.5479166666666666,-7890,0.3640261333752418,300.72727272727275,38.17922069086774,6.50324494949495,0.5142813851318938
RHF_MPM_P28,1286,0.0643,64.3,0,255,4.979305555555555,28.644225510097197,71702,281.1843137254902,16,209,255,0.9362924681247655,108,108,233,0.016180555555555556,21,17,0.6526610644257703,61.88841201716738,52.858369098712444,0.08444444444444445,0.006458333333333333,0.020625,0.014722222222222222,0.010763888888888889,1,58.96729519399738,49.9334886056177,13.191424736842055,4.346240266023098,0.9441644158329164,-138.90465843385755,1.8143240144352162,1.8143240144352162,0.03513151655462888,-20,-0.4915277777777778,-7078,0.6624682891621086,301.09090909090907,37.50746482175744,6.433453282828283,0.6471100081623575
RHF_MPM_P28,1287,0.06435,64.35,0,255,4.208402777777778,26.222296999860276,60601,237.65098039215687,13,167,255,0.8487958472703134,108,108,192,0.013333333333333334,18,16,0.6666666666666666,62.677083333333336,53.536458333333336,0.07597222222222222,0.005069444444444444,0.017847222222222223,0.012430555555555556,0.008958333333333334,1,59.426890645368886,50.36293130476395,13.459327866657347,4.214795189732104,0.9497035154224349,-138.47007298326727,2.130142245991392,2.130142245991392,0.03833270078051517,-41,-0.7709027777777777,-11101,0.6290063678305607,289.72727272727275,48.3379973051333,6.2241856060606064,0.9080187971360099
RHF_MPM_P28,1288,0.0644,64.4,0,255,3.7999305555555556,25.23291308535254,54719,214.5843137254902,10,157,255,0.7646347724653599,103,103,185,0.012847222222222222,17,16,0.6801470588235294,62.92972972972973,53.71351351351351,0.06729166666666667,0.0045138888888888885,0.01659722222222222,0.01125,0.008402777777777778,1,60.386319194429724,51.173468082384545,12.707859047923215,3.984431574192594,0.9495747480661008,-137.84562113771528,2.536867842741951,2.536867842741951,0.03751896050731921,-7,-0.4084722222222221,-5882,1.2559749235667759,281.3636363636364,56.99963752240843,5.934166666666667,1.1051362226449062
RHF_MPM_P28,1289,0.06445,64.45,0,255,3.6302083333333335,25.16632982580181,52275,205.0,5,158,255,0.6845667792389366,107,107,183,0.012708333333333334,17,16,0.6727941176470589,63.01092896174863,53.80874316939891,0.059444444444444446,0.004861111111111111,0.01576388888888889,0.01125,0.008541666666666666,1,61.33844093735055,52.02014347202296,11.343799848773648,4.020471901900708,0.9350862613481109,-137.6721389470735,2.996906536836188,2.996906536836188,0.02976566236250598,-2,-0.1697222222222221,-2444,1.2741252013683528,272.45454545454544,63.63298692339837,5.628724747474748,1.2285112082310177
RHF_MPM_P28,1290,0.0645,64.5,0,255,3.662638888888889,25.631018398561082,52742,206.83137254901962,2,167,255,0.6376567911416084,107,107,186,0.012916666666666667,17,16,0.6838235294117647,63.075268817204304,53.795698924731184,0.05423611111111111,0.005069444444444444,0.016180555555555556,0.011805555555555555,0.008680555555555556,1,61.91564597474498,52.55879564673315,10.025939947609986,4.048436639186422,0.9148489568281957,-138.1335230666739,3.119778098593678,3.119778098593678,0.02286602707519624,3,0.03243055555555552,467,0.78950099462479,260.1818181818182,66.0589518836542,5.365593434343435,1.3088392723111302
RHF_MPM_P28,1291,0.06455,64.55,0,255,3.7424305555555555,26.115677064492203,53891,211.3372549019608,1,178,255,0.6086546242671621,108,108,194,0.013472222222222222,17,17,0.671280276816609,62.93298969072165,53.68556701030928,0.051041666666666666,0.005277777777777778,0.01659722222222222,0.012291666666666666,0.009097222222222222,1,62.34165259505298,52.82750366480489,8.337668892095783,4.2943252073669935,0.8571594978660058,-137.48842433966325,2.7610777038229886,2.7610777038229886,0.014436547846579207,8,0.07979166666666648,1149,0.5036721548013939,246.1818181818182,62.16812714774228,5.09239898989899,1.3054945227257082
RHF_MPM_P28,1292,0.0646,64.6,0,255,3.8152777777777778,26.398290978574853,54940,215.45098039215685,0,182,255,0.5909724493958677,106,106,198,0.01375,17,17,0.6851211072664359,62.792929292929294,53.54040404040404,0.04868055555555555,0.005347222222222222,0.017361111111111112,0.012569444444444444,0.009097222222222222,1,62.54526756461595,53.101274117218786,6.985540949743334,4.188337265297411,0.8003205523200544,-137.79926533602003,0.8419986725215621,0.8419986725215621,0.009537677466326902,4,0.07284722222222229,1049,0.3411880954034597,233.72727272727272,56.60082059972262,4.82015782828283,1.228943803660061
RHF_MPM_P28,1293,0.06465,64.65,0,255,3.8197916666666667,26.35342239973434,55005,215.7058823529412,0,180,255,0.5928162821949211,108,108,197,0.013680555555555555,17,18,0.6437908496732027,62.80203045685279,53.7005076142132,0.04895833333333333,0.005277777777777778,0.017361111111111112,0.012569444444444444,0.009027777777777777,1,62.52058903736024,53.0315244068721,6.9588653409636745,4.366339095069831,0.7786569663080785,-136.53876473797303,0.7554649435963238,0.7554649435963238,0.010853558767384783,-1,0.004513888888888928,65,0.07398683532194868,219.63636363636363,43.081893955313284,4.518472222222223,1.0108039162983018
RHF_MPM_P28,1294,0.0647,64.7,0,255,3.8604166666666666,26.581571829699982,55590,218.0,0,187,255,0.5892187125544647,106,106,200,0.013888888888888888,17,18,0.6535947712418301,62.865,53.71,0.048541666666666664,0.005416666666666667,0.017291666666666667,0.012916666666666667,0.009236111111111112,1,62.50557654254362,53.1261737722612,6.853390091054763,4.1983055774732545,0.7904022740597452,-136.59006878998167,0.5406488486806114,0.5406488486806114,0.010271631588415183,3,0.04062499999999991,585,0.0958325485895968,208.8181818181818,29.6059520484347,4.273453282828283,0.7898008216203858
RHF_MPM_P28,1295,0.06475,64.75,0,255,3.868611111111111,26.567423938682015,55708,218.46274509803922,0,187,255,0.6012377843321173,107,107,201,0.013958333333333333,18,18,0.6203703703703703,62.7363184079602,53.646766169154226,0.04986111111111111,0.005416666666666667,0.017291666666666667,0.012847222222222222,0.009236111111111112,1,62.536834924965895,53.13705392403246,6.939152132240986,4.3249269013708815,0.7820111340849896,-136.64022829914117,0.5312849808681958,0.5312849808681958,0.011255115961800819,1,0.008194444444444393,118,0.033097797120393325,202.0,20.622141675217133,4.077986111111111,0.5688260400137279
RHF_MPM_P28,1296,0.0648,64.8,0,255,3.858888888888889,26.549894410522175,55568,217.91372549019607,0,186,255,0.5961888059641968,109,109,196,0.01361111111111111,17,17,0.6782006920415224,62.92857142857143,53.84183673469388,0.049305555555555554,0.005347222222222222,0.017291666666666667,0.012708333333333334,0.009305555555555555,1,62.552476245321046,53.22543550244745,6.937423045991318,4.191560619367874,0.796836026179347,-137.03899553334622,0.6098343408762127,0.6098343408762127,0.009951770803340051,-5,-0.009722222222221966,-140,0.08975496813869711,196.8181818181818,12.854558312967724,3.9314457070707074,0.36067599662155236
RHF_MPM_P28,1297,0.06485,64.85,0,255,3.885,26.69124331020278,55944,219.38823529411764,0,190,255,0.5901808478942526,105,105,203,0.014097222222222223,18,18,0.6265432098765432,62.76354679802956,53.689655172413794,0.04875,0.005555555555555556,0.017361111111111112,0.012916666666666667,0.009583333333333333,1,62.499249249249246,53.26732089232089,6.93806763756456,4.0163513165313205,0.8154083740250627,-137.31554454332218,0.5063500535238404,0.5063500535238404,0.010063635063635064,7,0.026111111111110752,376,0.06773107850667279,194.0909090909091,6.501112428647682,3.8319633838383838,0.1434135160912966
RHF_MPM_P28,1298,0.0649,64.9,0,255,3.874236111111111,26.621155488734193,55789,218.78039215686275,0,187,255,0.5981881932338389,109,109,196,0.01361111111111111,17,17,0.6782006920415224,62.933673469387756,53.91836734693877,0.049375,0.005486111111111111,0.0175,0.012847222222222222,0.009583333333333333,1,62.519941207047985,53.27232967072362,6.975176903654955,4.482415217437902,0.766181802202907,-137.0906689504648,0.6110382463763785,0.6110382463763785,0.011220849988348958,-7,-0.010763888888888573,-155,0.021289550926040825,194.45454545454547,6.485839629722535,3.801584595959596,0.08321417626885373
RHF_MPM_P28,1299,0.06495,64.95,0,255,3.862013888888889,26.63694544445586,55613,218.09019607843138,0,187,255,0.5749050448875973,106,106,201,0.013958333333333333,18,17,0.6568627450980392,62.766169154228855,53.885572139303484,0.04722222222222222,0.005486111111111111,0.017638888888888888,0.013055555555555556,0.009583333333333333,1,62.46615000089907,53.34544081419812,6.884817646808478,4.149725854763381,0.7979408458464711,-137.5704981007637,0.49173022199111727,0.49173022199111727,0.009799866937586535,5,-0.012222222222222356,-176,0.09076746751509514,195.9090909090909,5.976538150506763,3.807228535353535,0.0849968766681306
RHF_MPM_P28,1300,0.065,65.0,0,255,3.8793055555555553,26.68516576189792,55862,219.06666666666666,0,187,255,0.5781978767429368,106,106,201,0.013958333333333333,18,17,0.6568627450980392,62.766169154228855,53.90049751243781,0.04715277777777778,0.005486111111111111,0.017777777777777778,0.012986111111111111,0.009583333333333333,1,62.47427589416777,53.3546775983674,6.841313665012855,3.9803254169199738,0.8133267512400881,-137.02845353179893,0.33183744074358035,0.33183744074358035,0.009970999964197487,0,0.017291666666666483,249,0.012302370633506655,197.54545454545453,4.499770425732576,3.8298737373737377,0.06584226845944882
RHF_MPM_P28,1301,0.06505,65.05,0,255,3.9027777777777777,26.74851487166168,56200,220.3921568627451,0,189,255,0.5851688312995202,109,109,200,0.013888888888888888,18,17,0.6535947712418301,62.825,53.855,0.04798611111111111,0.005416666666666667,0.017847222222222223,0.013125,0.009583333333333333,1,62.48311387900356,53.26909252669039,7.007863227860578,4.14871936301887,0.805931219649481,-137.20162779308347,0.654268600503658,0.654268600503658,0.010320284697508897,-1,0.02347222222222234,338,0.08604019101510943,198.8181818181818,2.656661672036811,3.8517045454545453,0.04241818439190197
RHF_MPM_P28,1302,0.0651,65.1,0,255,3.9073611111111113,26.72995669100367,56266,220.65098039215687,0,191,255,0.5919427036128306,107,107,204,0.014166666666666666,18,18,0.6296296296296297,62.759803921568626,53.64705882352941,0.04875,0.005277777777777778,0.017847222222222223,0.012986111111111111,0.009583333333333333,1,62.49265986563822,53.19297622009739,7.128086128067049,4.05582668212134,0.8223427952478604,-136.84217364817644,0.6515842730249948,0.6515842730249948,0.010574769843244588,4,0.004583333333333606,66,0.07671256735495624,199.72727272727272,2.561636873382795,3.8666982323232317,0.027759121949238852
RHF_MPM_P28,1303,0.06515,65.15,0,255,3.8958333333333335,26.65083872716037,56100,220.0,0,188,255,0.596733127468547,107,107,202,0.014027777777777778,17,18,0.6601307189542484,62.90594059405941,53.698019801980195,0.04909722222222222,0.005208333333333333,0.017916666666666668,0.012916666666666667,0.009583333333333333,1,62.51440285204991,53.16750445632798,7.078536005939789,4.099271977072951,0.8152473080657696,45.071145092534046,-0.7184249012392562,0.7184249012392562,0.01017825311942959,-2,-0.011527777777777803,-166,0.03348982244837655,200.0909090909091,2.5745095015465993,3.8740214646464652,0.023531644617151595
RHF_MPM_P28,1304,0.0652,65.2,0,255,3.944652777777778,26.868102329641804,56803,222.75686274509803,0,190,255,0.5963139934581728,107,107,204,0.014166666666666666,18,18,0.6296296296296297,62.779411764705884,53.700980392156865,0.04909722222222222,0.005486111111111111,0.017777777777777778,0.013125,0.009652777777777777,1,62.458373677446616,53.22335087935496,7.131353756077936,4.04106907270079,0.8239501667597562,-136.03479994969,0.6487933526056032,0.6487933526056032,0.010686055313979896,2,0.048819444444444304,703,0.0791080992796235,200.72727272727272,2.596883064924673,3.8853724747474745,0.024719761977644642
RHF_MPM_P28,1305,0.06525,65.25,0,255,4.020069444444444,27.16090071726185,57889,227.01568627450982,0,196,255,0.5956545090895584,107,107,210,0.014583333333333334,18,18,0.6481481481481481,62.65238095238095,53.63333333333333,0.04888888888888889,0.005694444444444445,0.018541666666666668,0.013402777777777777,0.009930555555555555,1,62.38699925719912,53.19305913040474,7.035996024695546,4.115871234185952,0.8110524039978757,-136.85496212206723,0.5551317754920742,0.5551317754920742,0.01110746428509734,6,0.07541666666666647,1086,0.07753642963232842,201.63636363636363,3.6994527180683283,3.8998863636363637,0.04464509701845162
RHF_MPM_P28,1306,0.0653,65.3,0,255,4.057638888888889,27.15598736891571,58430,229.13725490196077,1,195,255,0.6233290955475932,107,107,211,0.014652777777777778,18,18,0.6512345679012346,62.687203791469194,53.59715639810427,0.05173611111111111,0.005694444444444445,0.018680555555555554,0.013333333333333334,0.009791666666666667,1,62.38504193051514,53.04105767585145,7.1920161456194105,4.272664759366601,0.8044026969102798,-135.8072502930593,0.64375468855533,0.64375468855533,0.010610987506417936,1,0.03756944444444432,541,0.1520140563042268,202.54545454545453,4.559976801448892,3.9170707070707067,0.06221986756416362
RHF_MPM_P28,1307,0.06535,65.35,0,255,4.065,27.072837915109265,58536,229.5529411764706,1,191,255,0.6241795803894987,108,108,207,0.014375,18,18,0.6388888888888888,62.7487922705314,53.79710144927536,0.051458333333333335,0.005555555555555556,0.01861111111111111,0.013333333333333334,0.009722222222222222,1,62.20052617192839,53.065925242585756,7.3103325293360015,4.210066481550758,0.8175157159236379,-135.2428353779386,0.6212146643779888,0.6212146643779888,0.012402624026240263,-4,0.007361111111111818,106,0.18618394410402594,203.54545454545453,4.207431441965867,3.9358080808080804,0.07212388454220277
RHF_MPM_P28,1308,0.0654,65.4,0,255,4.071944444444444,27.084635180961964,58636,229.94509803921568,1,194,255,0.6281468319700403,108,108,208,0.014444444444444444,18,18,0.6419753086419753,62.67788461538461,53.87019230769231,0.05201388888888889,0.005625,0.018541666666666668,0.01326388888888889,0.009722222222222222,1,62.024967596698275,53.0321133774473,7.517292261195301,4.284441607078602,0.8216829857603537,-135.98177177065136,0.7411395325573963,0.7411395325573963,0.013285353707619893,1,0.006944444444443754,100,0.17878494220981866,204.0,4.390071442781686,3.9528030303030306,0.07976951968188437
RHF_MPM_P28,1309,0.06545,65.45,0,255,4.101388888888889,27.20226447403657,59060,231.6078431372549,2,195,255,0.6327979492163629,107,107,210,0.014583333333333334,19,17,0.6501547987616099,62.614285714285714,53.93333333333333,0.052708333333333336,0.005833333333333334,0.01875,0.013333333333333334,0.00986111111111111,1,62.02905519810362,53.14915340331866,7.490838779927561,4.157562229028012,0.8318372800910994,-137.31834217277577,0.6787462802149979,0.6787462802149979,0.013647138503217067,2,0.029444444444444606,424,0.11711138348263264,205.27272727272728,3.886828786623991,3.9734532828282827,0.0859223610066497
RHF_MPM_P28,1310,0.0655,65.5,0,255,4.150347222222222,27.434573050998036,59765,234.37254901960785,2,200,255,0.6427531285684501,109,109,210,0.014583333333333334,19,17,0.6501547987616099,62.666666666666664,53.833333333333336,0.05361111111111111,0.005902777777777778,0.01888888888888889,0.013472222222222222,0.010069444444444445,1,62.06505479795867,53.15617836526395,7.527830341130775,4.150072251958249,0.8343088933264805,-138.47384213349292,0.7892041400277038,0.7892041400277038,0.011980256002677152,0,0.048958333333333215,705,0.03667862156702079,206.0909090909091,3.848365543366677,3.999665404040405,0.09171302689289532
RHF_MPM_P28,1311,0.06555,65.55,0,255,4.2225,27.723449648567662,60804,238.4470588235294,2,198,255,0.6413634773223033,104,104,221,0.015347222222222222,19,19,0.6121883656509696,62.61538461538461,53.90497737556561,0.05340277777777778,0.0059722222222222225,0.019166666666666665,0.013680555555555555,0.01,1,62.16965989079666,53.3202256430498,7.4196025550822196,4.251796516165828,0.8195210410792416,-137.25139088842946,0.6745277528193135,0.6745277528193135,0.01218669824353661,11,0.07215277777777818,1039,0.19456036286097175,207.9090909090909,5.418059791182305,4.030864898989899,0.10312628754610793
RHF_MPM_P28,1312,0.0656,65.6,0,255,4.264375,27.964467191488186,61407,240.81176470588235,1,209,255,0.6261082304716121,109,109,218,0.01513888888888889,18,18,0.6728395061728395,62.674311926605505,54.169724770642205,0.051875,0.0061805555555555555,0.019097222222222224,0.013888888888888888,0.010486111111111111,1,62.24052632436042,53.619961893595196,7.156888843916447,3.8847239774408653,0.8398651752072859,-138.8598395137141,0.3944309869752919,0.3944309869752919,0.012262445649518785,-3,0.04187500000000011,603,0.3079997910665808,209.54545454545453,5.4998121680924275,4.063737373737374,0.1141049772281289
RHF_MPM_P28,1313,0.06565,65.65,0,11,0.018680555555555554,0.3347858903832289,269,24.454545454545453,0,0,7,0.05504729991424353,2,8,9,0.000625,93,101,0.0009581603321622484,88.33333333333333,53.888888888888886,0.0044444444444444444,0.0,0.0,0.0,0.0,0,85.08921933085502,59.301115241635685,35.72684403773634,23.97744307567179,0.7413374961366662,117.29404229884976,0.011658922667477672,0.011658922667477672,0.0,-209,-4.245694444444445,-61138,23.544389469021848,191.8181818181818,58.04671814670753,3.7102209595959597,1.1718880696308904
RHF_MPM_P28,1314,0.0657,65.7,0,255,3.7100694444444446,22.95590661695348,53425,209.50980392156862,14,108,255,0.9212332554829301,106,106,146,0.010138888888888888,13,13,0.863905325443787,67.21232876712328,57.23972602739726,0.08368055555555555,0.003472222222222222,0.014166666666666666,0.009166666666666667,0.006597222222222222,1,71.19779129620964,58.95150210575573,9.858231515407036,5.818210250963262,0.8072658097653896,-149.9018678951659,-0.8870330865288865,0.8870330865288865,0.02416471689284043,137,3.691388888888889,53156,13.895826790317704,186.72727272727272,59.371084037894335,3.6933333333333334,1.1704291786162395
RHF_MPM_P28,1315,0.06575,65.75,0,255,5.364583333333333,26.581379156882445,77250,302.94117647058823,24,159,255,1.2481035724459104,106,106,191,0.01326388888888889,21,19,0.47869674185463656,69.10471204188482,59.56020942408377,0.11604166666666667,0.005138888888888889,0.02201388888888889,0.011666666666666667,0.008194444444444445,1,78.95809708737865,66.73540453074433,19.711958941764085,4.848464405448012,0.9692785506312861,-141.99290128819172,-0.9679981194028907,0.9679981194028907,0.025398058252427184,45,1.6545138888888884,23825,10.991427702268465,185.54545454545453,59.144451267236214,3.8224179292929295,1.2654705564265842
RHF_MPM_P28,1316,0.0658,65.8,0,255,5.388819444444445,27.928552196147862,77599,304.30980392156863,25,191,255,1.0774440691837648,109,109,200,0.013888888888888888,17,17,0.6920415224913494,69.04,59.705,0.09583333333333334,0.006111111111111111,0.022847222222222224,0.012847222222222222,0.009583333333333333,1,76.79007461436359,65.84858052294489,17.81459623164127,4.36365914445811,0.969536083941206,-140.33134809796263,-1.2134162770340502,1.2134162770340502,0.014368741865230222,9,0.02423611111111157,349,2.3423873002361923,184.63636363636363,58.83763904674491,3.9468497474747477,1.3436654262636694
RHF_MPM_P28,1317,0.06585,65.85,0,255,5.356736111111111,28.698246228110378,77137,302.4980392156863,23,209,255,1.0150582123776792,105,105,234,0.01625,21,20,0.5571428571428572,69.77350427350427,60.64957264957265,0.0901388888888889,0.006597222222222222,0.021458333333333333,0.014513888888888889,0.010555555555555556,1,75.2843641832065,64.92559990665958,17.011771393432383,4.153427750418306,0.96973742293415,-139.95020530341932,-1.5020716243799253,1.5020716243799253,0.024424076642856216,34,-0.032083333333333464,-462,1.7660852529064517,186.72727272727272,60.13181113806403,4.064949494949495,1.4039517871067466
RHF_MPM_P28,1318,0.0659,65.9,0,255,5.500208333333333,30.315118156548333,79203,310.6,18,233,255,0.9152610644605619,107,107,261,0.018125,22,22,0.5392561983471075,70.40613026819923,61.11494252873563,0.07965277777777778,0.0077083333333333335,0.02423611111111111,0.01625,0.011944444444444445,1,73.30894031791725,63.350011994495155,13.829170433808077,4.516398220177338,0.9451678708990092,-138.6602040776288,-2.0385509115646023,2.0385509115646023,0.03497342272388672,27,0.143472222222222,2066,2.526811571232216,191.63636363636363,63.68569516457397,4.19542297979798,1.463327407706556
RHF_MPM_P28,1319,0.06595,65.95,0,255,5.580069444444445,30.93425788840406,80353,315.10980392156864,17,237,255,0.8630244217564376,105,105,278,0.019305555555555555,22,22,0.5743801652892562,70.81654676258992,61.44604316546763,0.07402777777777778,0.0077777777777777776,0.025,0.017430555555555557,0.0125,1,72.23337025375531,62.566599878038154,10.247187159757853,4.250851062204175,0.9098984712793565,-136.4656993642643,-0.9036344866691454,0.9036344866691454,0.019152987442908168,17,0.0798611111111116,1150,1.3306334984258252,198.0,68.33074644031711,4.332525252525253,1.5150706446747013
RHF_MPM_P28,1320,0.066,66.0,0,255,5.894444444444445,31.90098130190812,84880,332.8627450980392,18,245,255,0.9077879237795315,107,107,294,0.020416666666666666,23,22,0.5810276679841897,71.1734693877551,61.636054421768705,0.07847222222222222,0.008194444444444445,0.026319444444444444,0.01861111111111111,0.01326388888888889,1,72.50650329877475,62.61608152686145,10.139640000169372,4.463632883028666,0.8978918509662519,-135.9055322141922,-0.865517000041458,0.865517000041458,0.01748350612629595,16,0.31437500000000007,4527,0.2775789866900242,205.63636363636363,73.72587152575008,4.4955303030303035,1.5766396969505614
RHF_MPM_P28,1321,0.06605,66.05,0,255,6.3254166666666665,32.719323098026585,91086,357.2,22,248,255,0.956901192224665,104,104,327,0.022708333333333334,25,24,0.545,71.65443425076452,61.896024464831804,0.0825,0.008472222222222223,0.02875,0.01972222222222222,0.013680555555555555,1,73.10744790637419,63.03161847045649,10.699631322421252,4.509153380580619,0.9068605981124255,-136.4302651254649,-0.7511414384048793,0.7511414384048793,0.012427815471093253,33,0.43097222222222165,6206,0.7306198552565901,216.27272727272728,81.60669637083701,4.69326388888889,1.6553760500483004
RHF_MPM_P28,1322,0.0661,66.1,0,255,6.3000694444444445,32.71739301274985,90721,355.7686274509804,23,249,255,0.9759906657682458,108,108,305,0.021180555555555557,22,22,0.6301652892561983,70.92131147540984,61.41639344262295,0.08513888888888889,0.008541666666666666,0.02701388888888889,0.019375,0.014097222222222223,1,73.0828915025187,63.196779136032454,11.113977922179439,4.554100205158723,0.9121918891981887,-136.47254511278547,-1.0278631009530799,1.0278631009530799,0.018419109136804047,-22,-0.025347222222221966,-365,0.16697623311060772,223.9090909090909,85.52772495242225,4.882133838383839,1.7085555716624439
RHF_MPM_P28,1323,0.06615,66.15,0,255,6.314305555555555,32.448884432390514,90926,356.57254901960783,24,247,255,1.015322136177024,107,107,305,0.021180555555555557,22,23,0.6027667984189723,70.9377049180328,61.488524590163934,0.08930555555555555,0.008472222222222223,0.02701388888888889,0.019166666666666665,0.013888888888888888,1,73.38003431361767,63.498295317071026,11.940895801349113,4.519883897210887,0.9255925637360445,-136.2018628222852,-1.1100130869244538,1.1100130869244538,0.020390207421419615,0,0.014236111111110894,205,0.42332712837223185,231.8181818181818,88.58362067131637,5.068491161616162,1.7424709161513439
RHF_MPM_P28,1324,0.0662,66.2,0,255,6.127361111111111,31.735942228762905,88234,346.0156862745098,24,247,255,1.0369818206382067,108,108,287,0.019930555555555556,21,21,0.6507936507936508,70.36236933797909,60.745644599303134,0.09256944444444444,0.008263888888888888,0.025138888888888888,0.01826388888888889,0.01326388888888889,1,73.4466872180792,63.3785615522361,12.761849807703852,4.65301842033873,0.9311627668825906,-136.87925857255846,-1.345171766572722,1.345171766572722,0.026180383978965025,-18,-0.18694444444444436,-2692,0.1370357037954118,257.09090909090907,54.5134754740923,5.623825757575758,0.7151929551883753
RHF_MPM_P28,1325,0.06625,66.25,0,255,6.232013888888889,32.15587884905904,89741,351.92549019607844,23,250,255,1.0684223876636127,108,108,288,0.02,21,21,0.6530612244897959,70.42013888888889,60.72222222222222,0.0967361111111111,0.008680555555555556,0.025208333333333333,0.01826388888888889,0.013819444444444445,1,73.7221671253942,63.6138331420421,13.301530508772865,4.468654937669147,0.94187966661406,-136.96019269772557,-1.5006771327883213,1.5006771327883213,0.029005694164317312,1,0.10465277777777793,1507,0.362273239839925,270.0,42.07136793592526,5.853093434343435,0.3995155962329621
RHF_MPM_P28,1326,0.0663,66.3,0,255,6.293819444444445,32.29192994508862,90631,355.4156862745098,22,251,255,1.1011010895377824,110,110,287,0.019930555555555556,21,20,0.6833333333333333,70.37282229965157,60.65853658536585,0.10076388888888889,0.008680555555555556,0.025625,0.01861111111111111,0.014097222222222223,1,73.95270933786453,63.74295770762763,13.983828797626344,4.632624256435877,0.9435309480566848,-137.08577306561895,-1.6234532340998786,1.6234532340998786,0.031037945073981308,-1,0.06180555555555589,890,0.2642401656985031,278.72727272727275,33.95208096203961,5.937569444444444,0.38527899761664836
RHF_MPM_P28,1327,0.06635,66.35,0,255,6.379097222222223,32.480784392322605,91859,360.2313725490196,22,251,255,1.1329263221457144,110,110,291,0.02020833333333333,22,21,0.6298701298701299,70.57388316151203,60.86941580756014,0.10430555555555555,0.008541666666666666,0.02625,0.018958333333333334,0.014027777777777778,1,74.19402562623151,63.950336929424445,14.306947560301646,4.536552504995943,0.9483963274958256,-137.3592088011431,-1.5860354800652876,1.5860354800652876,0.03125442253889112,4,0.08527777777777779,1228,0.3181818547061798,287.0,23.12023906765357,6.027594696969697,0.36150055640396955
RHF_MPM_P28,1328,0.0664,66.4,0,255,6.209097222222222,31.91186148364992,89411,350.6313725490196,21,250,255,1.1179390792774553,108,108,290,0.02013888888888889,22,21,0.6277056277056277,70.67241379310344,60.710344827586205,0.10215277777777777,0.008194444444444445,0.026319444444444444,0.01826388888888889,0.013472222222222222,1,74.0992607173614,63.65194439162966,14.082148533959257,4.670105520695718,0.9434084674978417,-136.95163678583768,-1.6871822092405298,1.6871822092405298,0.03014170515932044,-1,-0.17000000000000082,-2448,0.3130790548164632,292.09090909090907,15.939970032220861,6.105082070707071,0.2945495598924456
RHF_MPM_P28,1329,0.06645,66.45,0,255,6.015,31.328256193269223,86616,339.67058823529413,20,245,255,1.1053535558388123,109,109,274,0.01902777777777778,21,19,0.6867167919799498,70.18978102189782,60.127737226277375,0.10131944444444445,0.008194444444444445,0.025277777777777777,0.017291666666666667,0.012847222222222222,1,73.9564860995659,63.385148240509835,14.27150386435123,4.524128182159335,0.9484240980684222,-137.55667365176487,-1.7469709867414236,1.7469709867414236,0.03209568670915304,-16,-0.19409722222222214,-2795,0.3025967246005938,293.27272727272725,13.94854771906647,6.151881313131312,0.22813563685851737
RHF_MPM_P28,1330,0.0665,66.5,0,255,5.7913194444444445,30.86339965941607,83395,327.03921568627453,19,244,255,1.0600064930302877,109,109,261,0.018125,21,18,0.6904761904761905,69.90421455938697,59.84674329501916,0.09652777777777778,0.00798611111111111,0.024375,0.01673611111111111,0.012569444444444444,1,73.50461058816475,62.93981653576353,13.577026350983125,4.4684085249117755,0.9442897067394708,-138.1067849210255,-1.760847728664414,1.760847728664414,0.029246357695305474,-13,-0.22368055555555522,-3221,0.6344381806419678,291.72727272727275,16.298861695283616,6.171085858585858,0.1837695307136286
RHF_MPM_P28,1331,0.06655,66.55,0,255,5.589166666666666,30.378939513620654,80484,315.6235294117647,19,237,255,1.0251920561906214,108,108,253,0.017569444444444443,20,18,0.7027777777777777,69.65612648221344,59.63636363636363,0.09305555555555556,0.007847222222222222,0.023055555555555555,0.01597222222222222,0.012222222222222223,1,73.19031111773769,62.61157497142289,13.371275552312312,4.540650486982142,0.940576291911739,-137.84029641744704,-1.8022838233135468,1.8022838233135468,0.02821678842999851,-8,-0.20215277777777807,-2911,0.45445206751815187,288.0,19.688483020191363,6.1433333333333335,0.23838679212853978
RHF_MPM_P28,1332,0.0666,66.6,0,255,5.477569444444445,30.288906058217272,78877,309.321568627451,18,238,255,0.9832821822207677,107,107,255,0.017708333333333333,20,18,0.7083333333333334,69.62352941176471,59.63137254901961,0.08875,0.0077083333333333335,0.022847222222222224,0.015833333333333335,0.012152777777777778,1,72.7891146975671,62.24498903355858,12.59606166386435,4.545134300449234,0.9326286144294443,-138.15173598402143,-1.9155391699662256,1.9155391699662256,0.029717154557095223,2,-0.11159722222222168,-1607,0.5434554419614845,281.45454545454544,17.479149325897552,6.066256313131313,0.2969310552468247
RHF_MPM_P28,1333,0.06665,66.65,0,255,5.378333333333333,30.15826867451851,77448,303.7176470588235,17,240,255,0.9635624179391711,110,110,247,0.017152777777777777,20,18,0.6861111111111111,69.4574898785425,59.522267206477736,0.08694444444444445,0.007847222222222222,0.022430555555555554,0.01576388888888889,0.012152777777777778,1,72.42680249974177,61.86916382605103,11.937875954151314,4.527017467829056,0.9253087312894439,-138.80680830804604,-1.8192828285111278,1.8192828285111278,0.030123437661398616,-8,-0.09923611111111175,-1429,0.5220294199478782,276.1818181818182,18.30955131677146,5.98246212121212,0.3452511444831677
RHF_MPM_P28,1334,0.0667,66.7,0,255,5.430486111111111,30.46348271177087,78199,306.66274509803924,16,241,255,0.9705891268707416,110,110,253,0.017569444444444443,20,18,0.7027777777777777,69.59683794466403,59.56521739130435,0.08819444444444445,0.008055555555555555,0.02263888888888889,0.016180555555555556,0.0125,1,72.34921162674715,61.715725265028965,11.700457103423222,4.660478200029074,0.9172482963205586,-139.0969498164263,-1.7457255801414866,1.7457255801414866,0.03108735405823604,6,0.052152777777777715,751,0.17194108171286115,271.45454545454544,16.91886325626806,5.902114898989899,0.3611505470449326
RHF_MPM_P28,1335,0.06675,66.75,0,255,5.480277777777777,30.61001832970803,78916,309.4745098039216,17,242,255,0.9576087493383961,111,111,254,0.017638888888888888,21,18,0.671957671957672,69.66535433070867,59.503937007874015,0.08631944444444445,0.00798611111111111,0.023194444444444445,0.016666666666666666,0.012638888888888889,1,72.35591008160576,61.65222515079325,11.409962244182811,4.658945459893557,0.9128376929013816,-139.2869488933096,-1.795635148199318,1.795635148199318,0.02986720056769223,1,0.04979166666666668,717,0.06385243774079198,268.45454545454544,16.82186691813873,5.84328914141414,0.3722013662471861
RHF_MPM_P28,1336,0.0668,66.8,0,255,5.461458333333334,30.62397232898758,78645,308.4117647058824,16,243,255,0.948375136078228,110,110,254,0.017638888888888888,20,18,0.7055555555555556,69.55118110236221,59.57874015748032,0.08520833333333333,0.008055555555555555,0.02326388888888889,0.016458333333333332,0.0125,1,72.22801195244453,61.617699790196454,11.142335018220791,4.502922013269905,0.9147027426995935,-139.96799739628392,-1.5834138811045635,1.5834138811045635,0.02890202810096001,0,-0.01881944444444361,-271,0.13247615622171371,265.3636363636364,16.052599490837085,5.773238636363636,0.36488883216961854
RHF_MPM_P28,1337,0.06685,66.85,0,255,5.269166666666667,30.088922276312918,75876,297.5529411764706,16,238,255,0.8951624292211118,111,111,245,0.017013888888888887,20,18,0.6805555555555556,69.44897959183673,59.42040816326531,0.07944444444444444,0.0077083333333333335,0.022291666666666668,0.01576388888888889,0.012222222222222223,1,71.99107754757763,61.4554009172861,10.740659816014237,4.526884922556877,0.9068415217705562,-139.60923377336087,-1.5898851593256178,1.5898851593256178,0.027953503083979123,-9,-0.19229166666666675,-2769,0.2871912887912934,261.54545454545456,15.435282112235509,5.680088383838384,0.3506124467731237
RHF_MPM_P28,1338,0.0669,66.9,0,255,5.2252777777777775,29.985143542363986,75244,295.07450980392156,16,236,255,0.9066392775667999,110,110,246,0.017083333333333332,20,18,0.6833333333333333,69.34146341463415,59.49593495934959,0.08076388888888889,0.007569444444444445,0.022152777777777778,0.015833333333333335,0.012083333333333333,1,71.82683004624954,61.319679974483016,10.63149582302687,4.58186547202008,0.902365818993263,-139.99668411291063,-1.5474373862878938,1.5474373862878938,0.029397692839296156,1,-0.04388888888888953,-632,0.21306669380238455,257.45454545454544,12.830104062241034,5.575195707070706,0.29378905347617923
RHF_MPM_P28,1339,0.06695,66.95,0,255,5.170902777777778,29.81917542112966,74461,292.00392156862745,15,232,255,0.8957026832767323,110,110,244,0.016944444444444446,20,18,0.6777777777777778,69.45901639344262,59.614754098360656,0.07993055555555556,0.0075,0.022083333333333333,0.015694444444444445,0.011944444444444445,1,71.83536347886813,61.367883858664264,10.650432209152722,4.608428617215776,0.9015385731008387,-139.57163789977963,-1.514132054900615,1.514132054900615,0.02907562348074831,-2,-0.054374999999999396,-783,0.04895338519872996,253.27272727272728,8.203002876894967,5.480814393939394,0.23607925752696093
RHF_MPM_P28,1340,0.067,67.0,0,255,5.046180555555556,29.465472131154527,72665,284.96078431372547,15,228,255,0.8725991842227607,109,109,237,0.016458333333333332,20,18,0.6583333333333333,69.36286919831224,59.46413502109704,0.07729166666666666,0.007361111111111111,0.021319444444444443,0.015347222222222222,0.01173611111111111,1,71.69320855982936,61.32124131287415,10.537968772471336,4.419391937511062,0.9078117202425918,-139.6557522130211,-1.6067075259862835,1.6067075259862835,0.028514415468244684,-7,-0.12472222222222218,-1796,0.149611323383971,249.9090909090909,6.402478858785094,5.392739898989899,0.19801092776514065
RHF_MPM_P28,1341,0.06705,67.05,0,255,4.95875,29.299413979610772,71406,280.0235294117647,14,227,255,0.8633492963255188,110,110,234,0.01625,20,18,0.65,69.27350427350427,59.34615384615385,0.07666666666666666,0.007222222222222222,0.020902777777777777,0.015347222222222222,0.011666666666666667,1,71.54241940453183,61.174621180292974,10.404927644907671,4.431507033792972,0.9047680541536909,-139.66661218247026,-1.6099397682888776,1.6099397682888776,0.02994146150183458,-3,-0.08743055555555568,-1259,0.21032078507238583,247.45454545454547,6.84056930596804,5.317051767676769,0.19015724488161415
RHF_MPM_P28,1342,0.0671,67.1,0,255,5.000277777777778,29.466016205689407,72004,282.3686274509804,14,231,255,0.8787534664137058,109,109,237,0.016458333333333332,20,17,0.6970588235294117,69.16033755274262,59.38396624472574,0.07847222222222222,0.007222222222222222,0.02125,0.015416666666666667,0.011805555555555555,1,71.53326204099773,61.11353535914672,10.39742642100998,4.593299893062317,0.8971269797534784,-140.18164086754905,-1.4815471175511283,1.4815471175511283,0.030262207655130272,3,0.04152777777777761,598,0.06176839687095806,246.0,7.198484689028783,5.263516414141415,0.18890363660659518
RHF_MPM_P28,1343,0.06715,67.15,0,255,5.032291666666667,29.688463416385183,72465,284.1764705882353,14,235,255,0.8498629948073635,109,109,246,0.017083333333333332,20,18,0.6833333333333333,69.29674796747967,59.520325203252035,0.07506944444444444,0.007291666666666667,0.021944444444444444,0.015555555555555555,0.01173611111111111,1,71.40219416269923,61.02165183191886,9.891446926718515,4.416659493602197,0.8947771533693281,-140.8273335214573,-1.4196882003097615,1.4196882003097615,0.027696129165804183,9,0.032013888888888786,461,0.16006677137214168,245.1818181818182,6.617032867301035,5.223036616161616,0.18638958533348543
RHF_MPM_P28,1344,0.0672,67.2,0,255,5.015347222222222,29.667700834343457,72221,283.2196078431373,14,234,255,0.8413845187908201,109,109,245,0.017013888888888887,20,18,0.6805555555555556,69.38367346938776,59.546938775510206,0.07423611111111111,0.007361111111111111,0.021805555555555557,0.01576388888888889,0.01173611111111111,1,71.42207945057531,61.01117403525291,9.785807279149825,4.324315868163874,0.8970659470363954,-141.15737804786482,-1.3809535787519358,1.3809535787519358,0.027180459977014997,-1,-0.01694444444444443,-244,0.022476852468430234,245.0,6.592006178284836,5.190037878787879,0.1880985194877712
RHF_MPM_P28,1345,0.06725,67.25,0,255,5.026458333333333,29.643887461759906,72381,283.84705882352944,14,233,255,0.8616488859884218,109,109,246,0.017083333333333332,20,18,0.6833333333333333,69.3739837398374,59.54471544715447,0.07645833333333334,0.007291666666666667,0.021805555555555557,0.015694444444444445,0.011666666666666667,1,71.46695956121081,60.977038173001205,9.75100588247388,4.5668177956459814,0.883546602749652,-141.3210367887817,-1.322735524986571,1.322735524986571,0.02741050828256034,1,0.011111111111111072,160,0.056386890518295193,244.36363636363637,6.1091991332405255,5.15330808080808,0.17665956989134632
RHF_MPM_P28,1346,0.0673,67.3,0,255,5.040208333333333,29.695587166763,72579,284.6235294117647,14,235,255,0.8558413033174956,110,110,243,0.016875,20,18,0.675,69.35802469135803,59.41975308641975,0.07569444444444444,0.007291666666666667,0.021944444444444444,0.015555555555555555,0.011805555555555555,1,71.45965086319734,60.925736094462586,9.608068913091232,4.529602109949086,0.8818995792690177,-141.73951815477537,-1.4316270777874647,1.4316270777874647,0.02759751443254936,-3,0.013749999999999929,198,0.05182007650548955,243.36363636363637,5.29618605950164,5.113301767676767,0.14509290256577598
RHF_MPM_P28,1347,0.06735,67.35,0,255,5.040694444444444,29.62363938865139,72586,284.65098039215684,14,233,255,0.8667263091520028,109,109,243,0.016875,20,17,0.7147058823529412,69.26337448559671,59.39506172839506,0.076875,0.0075,0.021805555555555557,0.015555555555555555,0.011875,1,71.37970131981373,60.89124624583253,9.642364058622281,4.565960819286791,0.8807770115702562,-142.36215288191593,-1.3785069536164567,1.3785069536164567,0.027773950899622517,0,0.00048611111111096506,7,0.0870716896917216,242.36363636363637,4.09595648220684,5.075050505050505,0.09512457539469504
RHF_MPM_P28,1348,0.0674,67.4,0,255,5.044027777777778,29.74158154278106,72634,284.8392156862745,14,236,255,0.8432376388184499,109,109,242,0.016805555555555556,20,17,0.711764705882353,69.2107438016529,59.27272727272727,0.0745138888888889,0.0077083333333333335,0.021805555555555557,0.01576388888888889,0.011944444444444445,1,71.21180163559765,60.74050720048462,9.47325681660389,4.231581846177439,0.8946902329236861,-141.9955667913685,-1.5384345390820593,1.5384345390820593,0.029201200539692156,-1,0.0033333333333338544,48,0.2256381256619934,242.0909090909091,4.010317272747777,5.054583333333333,0.07274419838908444
RHF_MPM_P28,1349,0.06745,67.45,0,11,0.02125,0.3720716683501834,306,27.818181818181817,0,0,7,0.05929934447879646,3,8,12,0.0008333333333333334,32,107,0.0035046728971962616,97.25,62.666666666666664,0.004791666666666666,0.0,0.0,0.0,0.0,0,92.18300653594771,60.627450980392155,31.873183104714933,19.63822651750649,0.7876395148185857,86.94487003323623,-0.15698996458329065,0.15698996458329065,0.0392156862745098,-230,-5.022777777777778,-72328,20.97150964240219,220.8181818181818,66.1442200894354,4.5814898989899,1.4428987673072533
RHF_MPM_P28,1350,0.0675,67.5,0,255,3.3141666666666665,22.82872932598065,47724,187.1529411764706,6,107,255,0.7038185217458985,105,105,148,0.010277777777777778,13,14,0.8131868131868132,64.8445945945946,54.86486486486486,0.060208333333333336,0.00375,0.014305555555555556,0.009236111111111112,0.006666666666666667,1,65.17473388651412,52.79609839912832,7.346644426471465,5.45467006366223,0.6698782643188708,91.82274941925587,-1.49770784681056,1.49770784681056,0.018229821473472466,136,3.2929166666666663,47418,28.12075523093593,212.0909090909091,68.79013479146627,4.412695707070707,1.472376549592458
RHF_MPM_P28,1351,0.06755,67.55,0,255,5.820972222222222,27.68924839775471,83822,328.71372549019605,26,168,255,1.2534784877469585,93,93,264,0.018333333333333333,23,30,0.3826086956521739,60.03409090909091,49.68181818181818,0.11513888888888889,0.005277777777777778,0.025833333333333333,0.012291666666666666,0.008958333333333334,1,59.75405024933788,44.588878814631,13.359242234174896,6.880316158643173,0.857176396874193,72.44101537741352,-0.7442373590885044,0.7442373590885044,0.02969387511631791,116,2.5068055555555557,36098,9.835764556073235,214.54545454545453,70.10429066931592,4.483131313131313,1.518796967427682
RHF_MPM_P28,1352,0.0676,67.6,0,255,7.248819444444444,31.354433808308865,104383,409.3450980392157,37,237,255,1.5078652020601562,102,102,295,0.02048611111111111,28,30,0.35119047619047616,58.9728813559322,49.59322033898305,0.1436111111111111,0.007916666666666667,0.029027777777777777,0.016041666666666666,0.011944444444444445,1,55.57720126840577,41.42626672925668,17.897407695433174,7.554677834657283,0.9065445399857149,57.89210537465986,-0.7614160156833044,0.7614160156833044,0.027935583380435513,31,1.4278472222222218,20561,5.239101317217418,220.0909090909091,73.74212382652321,4.691319444444445,1.7141188814483241
RHF_MPM_P28,1353,0.06765,67.65,0,255,6.822013888888889,31.379581141419308,98237,385.24313725490197,32,236,255,1.3368535682908396,105,105,279,0.019375,34,35,0.23445378151260504,59.04659498207885,49.770609318996414,0.12368055555555556,0.00798611111111111,0.03180555555555555,0.015416666666666667,0.012361111111111111,1,55.02831926870731,42.85210256827875,18.262143531190958,7.232231801470719,0.9182405219922436,54.31378683382115,-0.890665530453397,0.890665530453397,0.018933802945936867,-16,-0.4268055555555552,-6146,1.5278348370922685,223.9090909090909,75.58313249234496,4.856931818181819,1.8206627279717353
RHF_MPM_P28,1354,0.0677,67.7,0,255,7.1021527777777775,32.45346961127565,102271,401.0627450980392,40,247,255,1.2236386559650194,108,108,278,0.019305555555555555,21,21,0.6303854875283447,60.802158273381295,51.510791366906474,0.10888888888888888,0.008263888888888888,0.03395833333333333,0.017569444444444443,0.013194444444444444,1,54.21185868916897,43.46282915000342,19.20337028498352,4.746939298835843,0.9689662561790282,49.78046344590377,-1.0057426692613638,1.0057426692613638,0.0074703483881061105,-1,0.2801388888888887,4034,1.0196052351597535,226.8181818181818,76.98030229967118,5.04510101010101,1.9325847611087155
RHF_MPM_P28,1355,0.06775,67.75,0,255,7.010763888888889,33.75706441661633,100955,395.9019607843137,29,252,255,1.1455415649509189,108,108,318,0.022083333333333333,23,23,0.6011342155009451,59.9496855345912,50.562893081761004,0.10222222222222223,0.009097222222222222,0.03125,0.02034722222222222,0.014722222222222222,1,55.86076964984399,45.58511217869348,17.695361092610973,4.695022416464872,0.9641590233704782,48.766683412182836,-1.5399871705570805,1.5399871705570805,0.021365955128522608,40,-0.09138888888888896,-1316,2.687562577894708,233.45454545454547,81.28777570667586,5.226502525252525,2.0132446923950567
RHF_MPM_P28,1356,0.0678,67.8,0,255,6.994097222222222,34.740662712630716,100715,394.96078431372547,26,254,255,1.0366434733839007,109,109,340,0.02361111111111111,25,23,0.591304347826087,59.258823529411764,50.54117647058823,0.09090277777777778,0.009930555555555555,0.03194444444444444,0.021736111111111112,0.016319444444444445,1,57.00467656257757,47.72306012014099,14.62695794701962,4.723373718858756,0.9464254137528262,45.932045041420274,-1.7891271802709694,1.7891271802709694,0.05256416621158715,22,-0.016666666666666607,-240,2.4247359496116982,242.0,86.90433611945744,5.405378787878788,2.074019057276734
RHF_MPM_P28,1357,0.06785,67.85,0,255,6.928263888888889,34.50954467063869,99767,391.24313725490197,25,254,255,1.053253476239301,107,107,338,0.02347222222222222,26,22,0.5909090909090909,59.69526627218935,50.77810650887574,0.09291666666666666,0.009791666666666667,0.031180555555555555,0.021111111111111112,0.01597222222222222,1,57.674661962372326,48.19449316908396,13.74029298525179,4.957120137293887,0.9326538415782782,46.22069881128043,-1.923456169111725,1.923456169111725,0.03475096975953973,-2,-0.06583333333333297,-948,0.8192249725037691,250.63636363636363,91.18938607223653,5.577020202020202,2.114428067821184
RHF_MPM_P28,1358,0.0679,67.9,0,255,6.998680555555556,35.02509117972364,100781,395.2196078431373,24,255,255,1.049791485374066,109,109,342,0.02375,26,23,0.5719063545150501,59.52923976608187,50.66081871345029,0.09340277777777778,0.010625,0.031180555555555555,0.021736111111111112,0.016666666666666666,1,58.37420743989443,49.111141981127396,10.555801439312164,5.226377614226603,0.8688251827740837,-137.7286190764693,0.7267373382370182,0.7267373382370182,0.012760341731080264,4,0.07041666666666657,1014,1.1530866922058645,259.6363636363636,94.80532467523572,5.755018939393938,2.1439941566425684
RHF_MPM_P28,1359,0.06795,67.95,0,255,6.588680555555555,33.328575446823734,94877,372.06666666666666,24,249,255,1.0288263346809243,105,105,332,0.023055555555555555,28,23,0.515527950310559,59.32831325301205,50.56024096385542,0.09034722222222222,0.008680555555555556,0.029930555555555554,0.02020833333333333,0.014375,1,57.84721270697851,48.68909219304995,11.566648994781142,5.070108136353835,0.8988099446056608,-138.95170921914183,0.8886403846373891,0.8886403846373891,0.014819186947310728,-10,-0.41000000000000014,-5904,0.6751662551826284,267.8181818181818,96.79295445980482,5.895441919191919,2.143412718358874
RHF_MPM_P28,1360,0.068,68.0,0,255,5.755416666666667,30.576682493795644,82878,325.01176470588234,21,234,255,1.001618147411606,107,107,268,0.01861111111111111,23,21,0.5548654244306418,60.93283582089552,51.84701492537314,0.08791666666666667,0.007083333333333333,0.025347222222222222,0.01673611111111111,0.012083333333333333,1,58.167668138709914,48.96497261034291,12.496894719428377,4.596274586558437,0.9299075559951385,-138.98326815868754,1.1965923921602992,1.1965923921602992,0.021320495185694635,-64,-0.8332638888888884,-11999,0.4228494866638695,291.09090909090907,53.64607000001287,6.416729797979798,1.089650639717764
RHF_MPM_P28,1361,0.06805,68.05,0,255,5.343958333333333,29.57920085500091,76953,301.77647058823527,19,225,255,0.9647671485505303,106,106,250,0.017361111111111112,22,19,0.5980861244019139,61.532,52.376,0.08548611111111111,0.006875,0.022430555555555554,0.015416666666666667,0.011319444444444444,1,58.62331553025873,49.394110690941226,12.945631879029452,4.354980622350612,0.9417172606253814,-138.83874501642768,1.5240546858453556,1.5240546858453556,0.02857588398113134,-18,-0.4114583333333339,-5925,0.6259185551210672,300.3636363636364,32.92490830324148,6.601256313131313,0.6187313950814091
RHF_MPM_P28,1362,0.0681,68.1,0,255,4.648819444444444,27.33120555733683,66943,262.52156862745096,15,195,255,0.9075517475584508,105,105,215,0.014930555555555556,20,18,0.5972222222222222,62.2,52.86046511627907,0.08104166666666666,0.005694444444444445,0.019444444444444445,0.01326388888888889,0.00986111111111111,1,58.87362382922785,49.56286691663057,13.680554722940354,4.197494989855961,0.9517669189469451,-138.74066333657552,1.773178170272959,1.773178170272959,0.034223145063710915,-35,-0.6951388888888888,-10010,0.3018822754679854,295.90909090909093,40.08049751427414,6.494696969696971,0.8140458198590806
RHF_MPM_P28,1363,0.06815,68.15,0,255,4.026111111111111,25.507041759502172,57976,227.35686274509803,13,161,255,0.8263864154377879,106,106,188,0.013055555555555556,18,17,0.6143790849673203,62.63297872340426,53.36702127659574,0.07340277777777778,0.004583333333333333,0.017013888888888887,0.01173611111111111,0.008541666666666666,1,59.49523940941079,50.15282185732027,13.824314143484015,3.9984710474578353,0.9572582207235485,-138.05603699975387,2.153434178902545,2.153434178902545,0.04005105560921761,-27,-0.6227083333333336,-8967,0.857002194612337,286.1818181818182,50.6984277716025,6.201723484848485,1.0388115547172327
RHF_MPM_P28,1364,0.0682,68.2,0,255,3.596388888888889,24.392699004777114,51788,203.09019607843138,9,139,255,0.74721897316987,105,105,170,0.011805555555555555,17,15,0.6666666666666666,63.22352941176471,53.98235294117647,0.06555555555555556,0.004097222222222223,0.015416666666666667,0.010625,0.0077083333333333335,1,60.68556422337221,51.330945392755076,12.92672055691022,4.044651267502804,0.949789123783791,-138.13710872670688,2.616685550458436,2.616685550458436,0.03919826986946783,-18,-0.4297222222222219,-6188,1.674768111553863,276.27272727272725,60.78290864602545,5.908484848484849,1.2550825472125609
RHF_MPM_P28,1365,0.06825,68.25,0,255,3.4320833333333334,24.263466446348005,49422,193.81176470588235,4,144,255,0.6746280620904772,107,107,169,0.01173611111111111,16,15,0.7041666666666667,63.37869822485207,54.10650887573964,0.058125,0.004166666666666667,0.015208333333333334,0.010486111111111111,0.0077777777777777776,1,61.59505888066043,52.08943385536806,11.710173783039421,4.190018404519376,0.9337943752558929,-138.17621715994883,3.0922870331909915,3.0922870331909915,0.03364898223463235,-1,-0.16430555555555548,-2366,1.1842657132387229,266.3636363636364,68.13392257134971,5.5748421717171714,1.3754597165030054
RHF_MPM_P28,1366,0.0683,68.3,0,255,3.45,24.65474374007746,49680,194.8235294117647,2,151,255,0.6328543098398752,106,106,173,0.012013888888888888,16,15,0.7208333333333333,63.410404624277454,54.17341040462428,0.05361111111111111,0.004375,0.015347222222222222,0.010902777777777779,0.008125,1,62.22252415458937,52.65144927536232,10.382792493841439,4.213402753808833,0.9139590993553647,-138.6382375347134,3.3523604387178736,3.3523604387178736,0.024879227053140097,4,0.017916666666666803,258,0.8423621562594356,253.1818181818182,70.84145958895974,5.2511363636363635,1.4177840223317912
RHF_MPM_P28,1367,0.06835,68.35,0,255,3.503125,25.18088982654499,50445,197.8235294117647,0,158,255,0.5707809598631777,108,108,177,0.012291666666666666,16,15,0.7375,63.38418079096045,54.11864406779661,0.04715277777777778,0.004722222222222222,0.01576388888888889,0.011458333333333333,0.008541666666666666,1,62.80677966101695,53.246347507186044,7.946834049842364,4.293134604716478,0.8415160789219333,-139.246148524488,3.0414264119290486,3.0414264119290486,0.01296461492714838,4,0.053124999999999645,765,0.8338215654550668,238.36363636363637,68.12725089161889,4.933775252525252,1.3823878952841475
RHF_MPM_P28,1368,0.0684,68.4,0,255,3.5284722222222222,25.341912371916514,50810,199.2549019607843,0,164,255,0.5467343373589846,107,107,182,0.012638888888888889,17,15,0.7137254901960784,63.494505494505496,54.12637362637363,0.04451388888888889,0.004930555555555555,0.016041666666666666,0.01173611111111111,0.008611111111111111,1,63.086695532375515,53.50415272584137,6.5521576472287215,4.273945162972388,0.7579644713142064,-141.49375821091945,0.850316737679402,0.850316737679402,0.010509742176736862,5,0.02534722222222241,365,0.3805475342245013,224.1818181818182,61.8588101784557,4.624703282828282,1.2780336673161299
RHF_MPM_P28,1369,0.06845,68.45,0,255,3.600972222222222,25.72692761699965,51854,203.34901960784313,0,169,255,0.5390945160691356,108,108,187,0.012986111111111111,17,15,0.7333333333333333,63.5668449197861,54.11229946524064,0.043680555555555556,0.005069444444444444,0.016458333333333332,0.012013888888888888,0.008680555555555556,1,63.115227369151846,53.531588691325645,6.376664866117793,4.297712098633568,0.7387542400289311,-142.5618925306424,0.8757889824190893,0.8757889824190893,0.009430323600879392,5,0.07249999999999979,1044,0.03958279818160146,210.0909090909091,49.917121394011325,4.315820707070707,1.0587228538574065
RHF_MPM_P28,1370,0.0685,68.5,0,255,3.6820138888888887,25.986060554968194,53021,207.92549019607844,0,172,255,0.5546204857455617,107,107,192,0.013333333333333334,18,15,0.7111111111111111,63.390625,54.005208333333336,0.04527777777777778,0.005208333333333333,0.01673611111111111,0.012222222222222223,0.008958333333333334,1,63.0963203259086,53.50710095999698,6.476135442155483,4.295271601830885,0.7484013664844241,-141.59097839433153,0.23690972297515106,0.23690972297515106,0.010222364723411478,5,0.08104166666666668,1167,0.030937441229466844,197.36363636363637,31.755522718741314,4.051578282828283,0.7861060210437862
RHF_MPM_P28,1371,0.06855,68.55,0,255,3.7214583333333335,26.088886215865454,53589,210.1529411764706,0,172,255,0.5508522379793046,107,107,190,0.013194444444444444,17,15,0.7450980392156863,63.6578947368421,54.00526315789474,0.04486111111111111,0.005208333333333333,0.017152777777777777,0.012361111111111111,0.008888888888888889,1,63.17195693145982,53.413443057343855,6.386752929099493,4.41978441488853,0.7218747771538192,-141.17999107904515,0.6403487447202253,0.6403487447202253,0.010058034298083562,-2,0.03944444444444484,568,0.12038562550692336,190.27272727272728,22.57146593334525,3.86667297979798,0.5742515841092468
RHF_MPM_P28,1372,0.0686,68.6,0,255,3.770347222222222,26.2947786566394,54293,212.91372549019607,0,177,255,0.5701563300001558,105,105,197,0.013680555555555555,17,15,0.7725490196078432,63.69543147208122,54.06091370558376,0.04652777777777778,0.005416666666666667,0.017152777777777777,0.012222222222222223,0.009166666666666667,1,63.29996500469674,53.4172545263662,6.302069021374542,4.515902403937112,0.6975104906234144,-141.26318033379397,0.48444141360868537,0.48444141360868537,0.011935240270384765,7,0.04888888888888854,704,0.12806480433724549,185.45454545454547,12.886664258157708,3.723617424242424,0.3342843814432484
RHF_MPM_P28,1373,0.06865,68.65,0,255,3.8427083333333334,26.647653031915876,55335,217.0,0,187,255,0.5683979653572024,108,108,199,0.013819444444444445,17,15,0.7803921568627451,63.66834170854271,54.02512562814071,0.04652777777777778,0.005555555555555556,0.017291666666666667,0.012569444444444444,0.00951388888888889,1,63.300894551368934,53.540887322671004,6.223863734623317,4.361189470720663,0.7134358094345712,-142.51794193137448,0.19765601597755802,0.19765601597755802,0.011475557965121532,2,0.07236111111111132,1042,0.12363629070447303,184.0,10.063435162643383,3.650334595959596,0.17276265609621547
RHF_MPM_P28,1374,0.0687,68.7,0,255,3.921388888888889,26.912547430187626,56468,221.44313725490196,0,187,255,0.5683913865453365,107,107,208,0.014444444444444444,18,16,0.7222222222222222,63.42788461538461,53.74038461538461,0.04638888888888889,0.005555555555555556,0.017916666666666668,0.012777777777777779,0.009791666666666667,1,63.13398739108876,53.3457179287384,6.393320066548113,4.385250644437013,0.7276851330448466,-140.9154761748377,0.5196787926416697,0.5196787926416697,0.009793157186371042,9,0.07868055555555564,1133,0.2568055538356039,185.8181818181818,12.201476675298414,3.6408143939393938,0.15361751569757265
RHF_MPM_P28,1375,0.06875,68.75,0,255,4.033194444444445,27.149148407269962,58078,227.75686274509803,0,196,255,0.5808848457130505,107,107,213,0.014791666666666667,18,17,0.696078431372549,63.291079812206576,53.755868544600936,0.04722222222222222,0.005486111111111111,0.018819444444444444,0.013194444444444444,0.009791666666666667,1,62.89889459003409,53.23118909053342,6.552275603806974,4.286897969861468,0.7562688857460468,-139.67489903306688,0.7196210270605674,0.7196210270605674,0.00814421984228107,5,0.11180555555555571,1610,0.26150617562175,189.72727272727272,13.342283497423512,3.6805239898989908,0.18931091761999494
RHF_MPM_P28,1376,0.0688,68.8,0,255,4.0675,27.11950711152808,58572,229.69411764705882,0,191,255,0.6031461795093431,107,107,211,0.014652777777777778,18,17,0.6895424836601307,63.33649289099526,53.834123222748815,0.049444444444444444,0.005555555555555556,0.01875,0.013125,0.009652777777777777,1,62.78826060233559,53.12466707641877,6.826433376364184,4.496379456610184,0.7524303307062489,-139.91239982891523,0.7540843188719294,0.7540843188719294,0.011063306699446834,-2,0.034305555555555145,494,0.15358000756971546,193.54545454545453,12.865483323879628,3.738289141414142,0.2012568669331083
RHF_MPM_P28,1377,0.06885,68.85,0,255,3.9827083333333335,26.700063324902796,57351,224.90588235294118,1,184,255,0.614278776831808,107,107,204,0.014166666666666666,18,16,0.7083333333333334,63.52450980392157,53.98039215686274,0.050277777777777775,0.005416666666666667,0.018125,0.012708333333333334,0.009166666666666667,1,62.81759690327981,53.2068490523269,6.970237004997698,4.356558901157407,0.7806062819423542,-140.32766230651208,0.8417645926675836,0.8417645926675836,0.014106118463496714,-7,-0.08479166666666638,-1221,0.08726107790564414,196.36363636363637,11.363999994182004,3.786717171717172,0.18982759842858948
RHF_MPM_P28,1378,0.0689,68.9,0,255,3.9863194444444443,26.848696824533828,57403,225.10980392156864,1,189,255,0.616326451383045,107,107,207,0.014375,18,16,0.71875,63.56038647342995,54.009661835748794,0.050763888888888886,0.005416666666666667,0.018125,0.012847222222222222,0.009444444444444445,1,63.14001010400153,53.41527446300716,6.669074245869434,4.717160822306821,0.7068948143687651,-144.043686297054,0.8234576890842815,0.8234576890842815,0.014859850530460081,3,0.0036111111111107874,52,0.38391590722039853,199.0909090909091,9.894484647836943,3.8306439393939398,0.17440054881367956
RHF_MPM_P28,1379,0.06895,68.95,0,255,4.0604861111111115,27.31014046075044,58471,229.2980392156863,0,199,255,0.5859745787120508,107,107,215,0.014930555555555556,18,16,0.7465277777777778,63.44186046511628,54.12093023255814,0.04784722222222222,0.005763888888888889,0.01875,0.013125,0.01,1,63.17052898017821,53.59003608626499,6.264927673914169,4.666705236797198,0.6671831504988526,-144.87498714638036,0.5258563206491221,0.5258563206491221,0.011287646867677994,8,0.07416666666666716,1068,0.1774063887429057,202.0909090909091,9.238797102481819,3.879008838383839,0.15677428619615877
RHF_MPM_P28,1380,0.069,69.0,0,255,4.186041666666667,27.89016975663324,60279,236.38823529411764,0,210,255,0.5879846433418054,110,110,215,0.014930555555555556,17,16,0.7904411764705882,63.76279069767442,54.53488372093023,0.04826388888888889,0.0061805555555555555,0.01888888888888889,0.013958333333333333,0.010833333333333334,1,63.50352527414191,54.102655983012326,6.008794683136029,4.379081493994253,0.6847493167147001,-146.40343507881215,0.19047665234947558,0.19047665234947558,0.010766601967517709,0,0.12555555555555564,1808,0.6112820055709215,204.63636363636363,8.56284497404845,3.93219696969697,0.15261537877166456
RHF_MPM_P28,1381,0.06905,69.05,0,12,0.01861111111111111,0.33962931408765984,268,22.333333333333332,0,0,7,0.0534938432825381,3,8,9,0.000625,32,101,0.0027846534653465345,96.11111111111111,54.888888888888886,0.0043055555555555555,0.0,0.0,0.0,0.0,0,84.76492537313433,63.64179104477612,33.015827328165095,22.92751242137559,0.7195505764475086,117.98623453407446,0.06009386347056902,0.06009386347056902,0.0,-206,-4.167430555555556,-60011,23.303266549906827,188.0,57.1091459002369,3.599160353535354,1.1397655829984683
RHF_MPM_P28,1382,0.0691,69.1,0,255,3.4575,22.789251837336735,49788,195.24705882352941,10,106,255,0.8014002953547552,107,107,143,0.009930555555555555,13,13,0.8461538461538461,66.88111888111888,57.02097902097902,0.07013888888888889,0.0035416666666666665,0.014444444444444444,0.009027777777777777,0.006458333333333333,1,68.56991644572989,57.48318872017354,7.911322711634328,5.70385707411201,0.6929622331424682,52.63298836299272,0.15557182044310633,0.15557182044310633,0.022977424278942716,134,3.438888888888889,49520,17.326473869524346,183.72727272727272,58.539948922378734,3.5751641414141417,1.1397168023763817
RHF_MPM_P28,1383,0.06915,69.15,0,255,5.102083333333334,26.26827926720215,73470,288.11764705882354,22,152,255,1.172276570728372,104,104,196,0.01361111111111111,24,21,0.3888888888888889,69.37755102040816,59.785714285714285,0.10833333333333334,0.005,0.020972222222222222,0.011319444444444444,0.008125,1,77.14938069960527,65.92903225806451,17.670866623642695,4.718733902706843,0.9636869248311971,-138.82634054261564,-1.080642319704116,1.080642319704116,0.027916156254253435,53,1.6445833333333337,23682,12.039081358229133,183.63636363636363,58.52003965585049,3.696231060606061,1.2217965490984637
RHF_MPM_P28,1384,0.0692,69.2,0,255,5.395763888888889,27.833819284177505,77699,304.7019607843137,25,186,255,1.0776228159215682,112,112,192,0.013333333333333334,16,16,0.75,68.74479166666667,59.432291666666664,0.0961111111111111,0.006111111111111111,0.024930555555555556,0.012777777777777779,0.009583333333333333,1,77.61312243400816,66.11881748799856,18.675235759037488,4.295282631702263,0.9731909020663279,-141.21935312251875,-1.092035803213311,1.092035803213311,0.014350249037954156,-4,0.2936805555555555,4229,0.5010736769459326,183.0,58.38742081211422,3.8374179292929296,1.316618950655526
RHF_MPM_P28,1385,0.06925,69.25,0,255,5.2468055555555555,28.891988572689378,75554,296.2901960784314,21,211,255,0.9732261932041426,109,109,224,0.015555555555555555,18,19,0.6549707602339181,69.52678571428571,60.223214285714285,0.08631944444444445,0.007152777777777778,0.021180555555555557,0.014444444444444444,0.010833333333333334,1,75.53813166741668,64.5853561690976,17.985904217392875,4.250210647624523,0.9716782349951061,-141.77459665272295,-1.7472906731436344,1.7472906731436344,0.023029885909415782,32,-0.14895833333333375,-2145,2.580133775215035,184.45454545454547,59.185937574829126,3.9579103535353535,1.3780077769006898
RHF_MPM_P28,1386,0.0693,69.3,0,255,5.341180555555556,30.467697807963763,76913,301.61960784313726,15,241,255,0.8383747890439446,107,107,265,0.01840277777777778,22,21,0.5735930735930735,70.52830188679245,61.052830188679245,0.07208333333333333,0.007847222222222222,0.02388888888888889,0.016666666666666666,0.012291666666666666,1,72.40787643181257,62.22499447427613,11.08929767079123,4.471905301643696,0.9150840496449478,-140.7713855630773,-1.8680120959330626,1.8680120959330626,0.020230650215178187,41,0.09437500000000032,1359,3.9204343089009153,189.1818181818182,63.216537223359495,4.076818181818182,1.434642772601131
RHF_MPM_P28,1387,0.06935,69.35,0,255,5.535694444444444,30.910171884132836,79714,312.60392156862747,16,239,255,0.8497372343615944,106,106,281,0.01951388888888889,22,22,0.5805785123966942,70.87188612099644,61.40925266903915,0.07256944444444445,0.0077083333333333335,0.025416666666666667,0.017291666666666667,0.012430555555555556,1,72.1104950196954,62.27864616002208,9.653992201480717,4.411717071848671,0.8894750689747783,-135.75210010838316,-0.9025107626133015,0.9025107626133015,0.012858469026770705,16,0.19451388888888843,2801,0.30218240791975115,195.54545454545453,68.40303506871292,4.2102904040404034,1.4946105811071178
RHF_MPM_P28,1388,0.0694,69.4,0,255,5.9525,31.969372832533885,85716,336.1411764705882,18,243,255,0.8925168432953938,105,105,306,0.02125,24,24,0.53125,71.62091503267973,61.93464052287582,0.07618055555555556,0.007847222222222222,0.027569444444444445,0.01902777777777778,0.012847222222222222,1,72.76265808017173,62.82261188109571,10.007893067232137,4.388752687546522,0.898716973227065,-135.33897331544904,-0.7916067092170128,0.7916067092170128,0.012179756404871903,25,0.41680555555555543,6002,0.8492439950644369,204.8181818181818,75.4692209167759,4.389362373737374,1.572584291264039
RHF_MPM_P28,1389,0.06945,69.45,0,255,6.0147916666666665,32.020915310429665,86613,339.6588235294118,20,241,255,0.9168802637584649,104,104,315,0.021875,25,24,0.525,71.57460317460317,61.98730158730159,0.07888888888888888,0.007847222222222222,0.026805555555555555,0.019166666666666665,0.012986111111111111,1,72.85740015932943,62.95703878170713,10.524690708489485,4.4262925316022255,0.9072634678736383,-136.15711999660505,-0.7939769643697333,0.7939769643697333,0.015805941371387668,9,0.062291666666666856,897,0.16445866705989332,214.63636363636363,81.86826749810024,4.57376893939394,1.6323086849296522
RHF_MPM_P28,1390,0.0695,69.5,0,255,6.183541666666667,32.585430345323516,89043,349.18823529411765,20,248,255,0.962318786243089,106,106,308,0.021388888888888888,23,23,0.5822306238185255,71.20779220779221,61.675324675324674,0.08444444444444445,0.008541666666666666,0.02701388888888889,0.01951388888888889,0.014027777777777778,1,72.96067068719607,62.96227665285311,10.76062900612953,4.511126466624046,0.9078822948710922,-136.92737869687974,-0.9483434669851672,0.9483434669851672,0.02059679031479173,-7,0.16875000000000018,2430,0.1034032747063487,223.0909090909091,86.1588960694183,4.766773989898991,1.684876488562036
RHF_MPM_P28,1391,0.06955,69.55,0,255,6.214722222222222,32.265551890704245,89492,350.9490196078431,22,247,255,1.001305621332449,107,107,301,0.020902777777777777,23,22,0.5948616600790514,70.93023255813954,61.46511627906977,0.08791666666666667,0.008333333333333333,0.02722222222222222,0.01875,0.013541666666666667,1,73.34224288204533,63.3042506592768,11.527087934739335,4.548549977950931,0.9188544524104523,-137.05376315784426,-1.1695420252494038,1.1695420252494038,0.021856702275063693,-7,0.031180555555555323,449,0.5123900476702765,230.9090909090909,88.92740097758451,4.951199494949495,1.721839930660782
RHF_MPM_P28,1392,0.0696,69.6,0,255,6.114375,31.95481686909116,88047,345.2823529411765,22,248,255,1.0373470156714184,110,110,283,0.01965277777777778,21,21,0.6417233560090703,70.41342756183745,60.96819787985866,0.09284722222222222,0.008472222222222223,0.02486111111111111,0.018125,0.01361111111111111,1,73.3238497620589,63.32455393142299,12.237738617807766,4.595123856326,0.9268272603659651,-137.23554661287753,-1.2855697160155313,1.2855697160155313,0.025690824218883097,-18,-0.10034722222222214,-1445,0.02739579753679823,255.8181818181818,55.2955993347131,5.505359848484848,0.7541749636905835
RHF_MPM_P28,1393,0.06965,69.65,0,255,6.108472222222222,32.0218334439229,87962,344.9490196078431,22,249,255,1.0501378887747537,109,109,285,0.019791666666666666,21,21,0.6462585034013606,70.37894736842105,60.810526315789474,0.09493055555555556,0.008541666666666666,0.024583333333333332,0.018125,0.013888888888888888,1,73.4854482617494,63.35509651895136,12.809565146371584,4.6259414571503426,0.9325147801576611,-137.16757710121968,-1.4587430293447814,1.4587430293447814,0.02819399286055342,2,-0.005902777777778034,-85,0.1644594927486655,268.72727272727275,42.559244074564425,5.746357323232323,0.40313719744164117
RHF_MPM_P28,1394,0.0697,69.7,0,255,6.210416666666666,32.07743283133192,89430,350.70588235294116,22,249,255,1.099830964650451,108,108,290,0.02013888888888889,21,21,0.6575963718820862,70.43448275862069,60.765517241379314,0.10048611111111111,0.008541666666666666,0.025833333333333333,0.018333333333333333,0.01375,1,73.83866711394387,63.58014089231801,13.644651317031183,4.548942624542506,0.9427902406126928,-137.88300004699,-1.6047044563743105,1.6047044563743105,0.032282231913228224,5,0.1019444444444444,1468,0.41881801242254296,277.27272727272725,36.03556553560766,5.847114898989898,0.366346175078669
RHF_MPM_P28,1395,0.06975,69.75,0,255,6.2531944444444445,31.94820988405336,90046,353.121568627451,21,249,255,1.1184868675693502,107,107,289,0.020069444444444445,22,20,0.6568181818181819,70.51903114186851,60.705882352941174,0.10236111111111111,0.008402777777777778,0.026319444444444444,0.018055555555555554,0.013472222222222222,1,74.18587166559314,63.759900495302404,14.153639448435136,4.558236145411666,0.9467213019254194,-137.76396239035392,-1.623261970015014,1.623261970015014,0.03142838104968572,-1,0.04277777777777825,616,0.3909789195737746,286.09090909090907,23.9220497200787,5.92506313131313,0.35299399772316054
RHF_MPM_P28,1396,0.0698,69.8,0,255,6.237916666666667,31.891675265110763,89826,352.25882352941176,21,249,255,1.1395996582265755,107,107,289,0.020069444444444445,22,20,0.6568181818181819,70.47404844290658,60.581314878892734,0.10506944444444444,0.008402777777777778,0.025972222222222223,0.017916666666666668,0.013333333333333334,1,74.22732839044374,63.705630886380334,14.289285511205655,4.581515127311174,0.9472059056852233,-137.81953184591725,-1.7181496816432362,1.7181496816432362,0.03162781377329504,0,-0.015277777777777501,-220,0.06829238967771688,292.0,13.698042328608992,6.015164141414141,0.2890731694086499
RHF_MPM_P28,1397,0.06985,69.85,0,255,6.077361111111111,31.502349801820582,87514,343.1921568627451,20,245,255,1.1030348223808601,108,108,279,0.019375,21,20,0.6642857142857143,70.43010752688173,60.34767025089606,0.10069444444444445,0.008194444444444445,0.025833333333333333,0.017638888888888888,0.013125,1,74.01659163105332,63.45612130630528,13.938238152561874,4.508820833763079,0.9462330563198993,-137.68134391117962,-1.7362272228692566,1.7362272228692566,0.029343876408346094,-10,-0.16055555555555578,-2312,0.3265960996515578,293.27272727272725,11.6235725152179,6.082089646464647,0.1952950224044158
RHF_MPM_P28,1398,0.0699,69.9,0,255,5.917430555555556,31.17487506093042,85211,334.1607843137255,20,243,255,1.0582813907923283,109,109,270,0.01875,21,20,0.6428571428571429,70.15185185185184,60.2037037037037,0.09569444444444444,0.008125,0.024930555555555556,0.016944444444444446,0.012847222222222222,1,73.70212765957447,63.20160542652944,13.492365591595368,4.500900965476484,0.9427187098957217,-137.50627614940336,-1.764520857091327,1.764520857091327,0.026956613582753402,-9,-0.15993055555555546,-2303,0.404556451458033,292.27272727272725,13.025087046234411,6.116792929292928,0.11072447653112444
RHF_MPM_P28,1399,0.06995,69.95,0,255,5.713333333333333,30.60392658176761,82272,322.63529411764705,20,238,255,1.0402348201101335,110,110,255,0.017708333333333333,20,18,0.7083333333333334,69.81176470588235,59.752941176470586,0.09395833333333334,0.007916666666666667,0.02388888888888889,0.01638888888888889,0.012361111111111111,1,73.40550855698172,62.87400330610657,13.340912058882619,4.474418630491766,0.9420791040614652,-137.88546880985643,-1.7007367931921147,1.7007367931921147,0.026485316997277325,-15,-0.20409722222222282,-2939,0.44193443102850816,287.6363636363636,16.04126909099111,6.095050505050505,0.15534314584139872
RHF_MPM_P28,1400,0.07,70.0,0,255,5.592777777777778,30.4209883332682,80536,315.82745098039214,19,239,255,1.0031992227847333,110,110,250,0.017361111111111112,20,18,0.6944444444444444,69.64,59.576,0.09034722222222222,0.007847222222222222,0.023125,0.01625,0.012361111111111111,1,73.10602711830734,62.56697625906427,12.908361071202215,4.408498913307713,0.9398735097271369,-138.29563701135518,-1.7429848341620742,1.7429848341620742,0.02777639813251217,-5,-0.12055555555555486,-1736,0.4288994517669517,281.72727272727275,16.82579680183167,6.056685606060605,0.21215181394519997
RHF_MPM_P28,1401,0.07005,70.05,0,255,5.520416666666667,30.446822947627336,79494,311.74117647058824,18,241,255,0.9910672799048221,108,108,254,0.017638888888888888,20,18,0.7055555555555556,69.60236220472441,59.62204724409449,0.089375,0.007916666666666667,0.022847222222222224,0.01611111111111111,0.012569444444444444,1,72.85835408961682,62.3053815382293,12.530150226740789,4.5439858596051526,0.9319276849514827,-138.25654471846224,-1.7928239377910256,1.7928239377910256,0.029234910810878808,4,-0.07236111111111132,-1042,0.3602412068454391,276.8181818181818,16.314066333400095,5.996401515151515,0.2570122638079831
RHF_MPM_P28,1402,0.0701,70.1,0,255,5.44375,30.403502216827114,78390,307.4117647058824,17,242,255,0.9722817115796265,110,110,256,0.017777777777777778,20,18,0.7111111111111111,69.5625,59.66015625,0.08798611111111111,0.007847222222222222,0.02263888888888889,0.01611111111111111,0.012430555555555556,1,72.51380278096696,61.98568694986606,12.044644327688163,4.624722956499333,0.923347609960444,-138.54277073488225,-1.785366811587965,1.785366811587965,0.0311009057277714,2,-0.0766666666666671,-1104,0.47002152516781565,272.72727272727275,15.35098995381026,5.9263131313131305,0.2908188924475032
RHF_MPM_P28,1403,0.07015,70.15,0,255,5.440138888888889,30.544796792446025,78338,307.2078431372549,16,243,255,0.9636025693614593,110,110,255,0.017708333333333333,20,18,0.7083333333333334,69.57254901960785,59.63137254901961,0.08777777777777777,0.008263888888888888,0.02263888888888889,0.01638888888888889,0.0125,1,72.39842732773367,61.796841890270365,11.759677209056692,4.629136271468075,0.9192626059687566,-138.93619345937284,-1.8366806716826725,1.8366806716826725,0.03145344532666139,-1,-0.0036111111111107874,-52,0.2213005913740096,270.1818181818182,15.75273818517208,5.86501893939394,0.3147875589833724
RHF_MPM_P28,1404,0.0702,70.2,0,255,5.436944444444444,30.614737220953327,78292,307.02745098039213,16,242,255,0.9525539773170603,108,108,262,0.018194444444444444,21,18,0.6931216931216931,69.72137404580153,59.69083969465649,0.08659722222222223,0.008333333333333333,0.023055555555555555,0.016319444444444445,0.0125,1,72.28242987789302,61.66023348490267,11.32120942186019,4.600780773915158,0.9137015027374241,-139.53287560526118,-1.8899942733170707,1.8899942733170707,0.03048842793644306,7,-0.0031944444444444997,-46,0.1792129035160092,268.09090909090907,15.162480880326973,5.80397095959596,0.3265503077339691
RHF_MPM_P28,1405,0.07025,70.25,0,255,5.465,30.717589468865846,78696,308.61176470588236,16,241,255,0.9439720391717553,109,109,264,0.018333333333333333,21,18,0.6984126984126984,69.75378787878788,59.69318181818182,0.08541666666666667,0.008263888888888888,0.023541666666666666,0.01638888888888889,0.012569444444444444,1,72.22851224966962,61.50387567347769,10.93634001311586,4.64544314845415,0.9053007011417257,-140.20211201094037,-1.7054237738561828,1.7054237738561828,0.029721968079699096,2,0.0280555555555555,404,0.16539309485842305,265.72727272727275,13.498086794336375,5.7362058080808085,0.31220274059528313
RHF_MPM_P28,1406,0.0703,70.3,0,255,5.414166666666667,30.587383825779476,77964,305.74117647058824,16,242,255,0.9220449485687459,108,108,261,0.018125,21,18,0.6904761904761905,69.6896551724138,59.662835249042146,0.0825,0.008055555555555555,0.02375,0.01625,0.0125,1,72.05707762557077,61.38343337950849,10.491016249420053,4.634497421015579,0.8971339222609577,-140.33118970934515,-1.5954294658161001,1.5954294658161001,0.028461854189112925,-3,-0.050833333333333286,-732,0.20951414395328272,263.1818181818182,11.336330830309024,5.6599305555555555,0.27709712219810484
RHF_MPM_P28,1407,0.07035,70.35,0,255,5.355972222222222,30.437174919994458,77126,302.4549019607843,16,240,255,0.9140181887448211,109,109,259,0.017986111111111112,21,18,0.6851851851851852,69.5019305019305,59.648648648648646,0.08159722222222222,0.007916666666666667,0.023055555555555555,0.01625,0.0125,1,71.91270129398646,61.33476389285066,10.362141095626052,4.663641966530382,0.8929955583000687,-140.7277161640307,-1.637638460883433,1.637638460883433,0.029173041516479526,-2,-0.058194444444444215,-838,0.1523589316491804,260.45454545454544,7.878205106652106,5.579753787878788,0.21996326870527094
RHF_MPM_P28,1408,0.0704,70.4,0,255,5.309722222222222,30.410550342686363,76460,299.84313725490193,15,242,255,0.8986433728689104,109,109,254,0.017638888888888888,21,17,0.711484593837535,69.48818897637796,59.39370078740158,0.08006944444444444,0.00798611111111111,0.022847222222222224,0.01638888888888889,0.012430555555555556,1,71.67694219199582,61.08299764582788,10.058888605111957,4.366637537471016,0.9008611454586137,-141.60555099857947,-1.597067905351533,1.597067905351533,0.029466387653675125,-5,-0.04625000000000057,-666,0.34491824728675496,258.1818181818182,5.4241577782459265,5.509968434343434,0.16622992905296202
RHF_MPM_P28,1409,0.07045,70.45,0,11,0.021319444444444443,0.37290665075521134,307,27.90909090909091,0,0,7,0.06032851436295584,3,8,12,0.0008333333333333334,93,107,0.0012059089538739825,87.33333333333333,63.583333333333336,0.004930555555555555,0.0,0.0,0.0,0.0,0,87.55048859934854,61.91205211726384,30.331163918268988,24.209649253382725,0.6024224879743267,92.99107144846025,-0.35779734736414526,0.35779734736414526,0.0,-242,-5.288402777777778,-76153,15.895181875744246,234.72727272727272,70.54217424425929,4.973958333333333,1.5696792817847032
RHF_MPM_P28,1410,0.0705,70.5,0,255,3.8893055555555556,23.500333261607924,56006,219.6313725490196,14,116,255,0.8806871684736071,99,99,171,0.011875,13,20,0.6576923076923077,65.11695906432749,56.27485380116959,0.07659722222222222,0.003263888888888889,0.01673611111111111,0.009444444444444445,0.006388888888888889,1,65.35372995750456,53.76238260186408,8.969519128405324,5.376010886283211,0.8004762693529798,91.78911631381575,-0.8826889595427263,0.8826889595427263,0.015587615612612935,159,3.867986111111111,55699,23.645574795604183,227.0909090909091,72.45494467780969,4.808137626262626,1.579129743250258
RHF_MPM_P28,1411,0.07055,70.55,0,255,6.852916666666666,27.87840223071437,98682,386.98823529411766,36,171,255,1.6489468149094368,102,102,225,0.015625,21,23,0.4658385093167702,61.382222222222225,51.41777777777778,0.16090277777777778,0.005277777777777778,0.023055555555555555,0.012847222222222222,0.009166666666666667,1,60.59460691919499,48.35495835106706,19.993754036057226,7.038078590545681,0.9359947865138599,77.53846699850318,-0.2226212548043183,0.2226212548043183,0.02206076082770921,54,2.9636111111111108,42676,7.203435924742902,224.8181818181818,72.09188351972423,4.922695707070708,1.6747119228592744
RHF_MPM_P28,1412,0.0706,70.6,0,255,7.118055555555555,31.434620539166023,102500,401.96078431372547,33,234,255,1.4479837170135443,95,95,336,0.023333333333333334,31,34,0.3187855787476281,57.660714285714285,47.267857142857146,0.13625,0.007638888888888889,0.03027777777777778,0.016805555555555556,0.011666666666666667,1,58.13186341463415,49.11734634146342,21.2367487305848,6.001261563370011,0.9592412229676363,63.90886377848287,0.6582193419497896,0.6582193419497896,0.04004878048780488,111,0.26513888888888903,3818,2.578049847686659,232.27272727272728,78.66394681762172,5.067935606060606,1.7858421460881404
RHF_MPM_P28,1413,0.07065,70.65,0,255,7.586041666666667,32.27410532624219,109239,428.38823529411764,41,240,255,1.4189896064591354,103,103,295,0.02048611111111111,38,46,0.16876430205949658,58.277966101694915,48.16271186440678,0.13006944444444443,0.007847222222222222,0.03798611111111111,0.015902777777777776,0.012222222222222223,1,54.15792894479078,43.33233552119664,23.66971926614072,5.465217044518085,0.9729787013692227,57.32181743789726,0.2548919412829939,0.2548919412829939,0.038511886780362325,-41,0.4679861111111112,6739,7.018440379543945,235.8181818181818,80.51066353067002,5.262689393939394,1.9274089091820108
RHF_MPM_P28,1414,0.0707,70.7,0,255,6.900486111111111,32.42848156220643,99367,389.6745098039216,33,248,255,1.23843337702987,106,106,301,0.020902777777777777,23,23,0.5689981096408318,60.01993355481728,50.69435215946844,0.11201388888888889,0.008125,0.03,0.018680555555555554,0.013125,1,55.14366942747592,44.47662704922157,20.989706902147024,4.787787037055458,0.97363732037329,51.848086599100654,-0.7202200074766701,0.7202200074766701,0.017551098453208812,6,-0.6855555555555553,-9872,1.5103269183570678,240.0,82.56677738214522,5.395448232323233,1.98450753904515
RHF_MPM_P28,1415,0.07075,70.75,0,255,6.523958333333334,33.36826891588337,93945,368.4117647058824,23,252,255,1.0177869538315272,108,108,318,0.022083333333333333,24,22,0.6022727272727273,59.77987421383648,50.581761006289305,0.08965277777777778,0.009236111111111112,0.029513888888888888,0.02013888888888889,0.014444444444444444,1,57.90894672414711,48.08707222310927,13.392762126631823,4.828670054967588,0.9327424944954451,47.104149843109425,-1.8711656460825017,1.8711656460825017,0.04313161956463889,17,-0.3765277777777776,-5422,4.547754707669936,245.0909090909091,85.44264907522316,5.494267676767676,2.0110008114833913
RHF_MPM_P28,1416,0.0708,70.8,0,255,7.033333333333333,35.09604084983566,101280,397.1764705882353,24,254,255,1.0075641822283377,106,106,365,0.025347222222222222,27,24,0.5632716049382716,58.73972602739726,49.679452054794524,0.08777777777777777,0.009791666666666667,0.03208333333333333,0.022847222222222224,0.01659722222222222,1,57.77757701421801,48.1867397314376,12.138190311444635,4.837197087526237,0.9171637416674983,46.886740635222104,-1.6661643799503743,1.6661643799503743,0.02394352290679305,47,0.5093749999999995,7335,0.1648987959423378,254.27272727272728,92.14523211568188,5.636843434343434,2.0588970367394777
RHF_MPM_P28,1417,0.07085,70.85,0,255,7.019166666666667,34.91763792404126,101076,396.3764705882353,24,254,255,1.0261565166705648,107,107,355,0.024652777777777777,27,24,0.5478395061728395,58.98028169014084,50.02253521126761,0.08965277777777778,0.01,0.03277777777777778,0.022222222222222223,0.01625,1,58.101300011872254,48.76854050417508,10.525560682508424,5.015891239363675,0.8791507017932062,-136.95388836561006,0.6720890634391342,0.6720890634391342,0.008231429815188571,-10,-0.014166666666666217,-204,0.6657993078760138,262.8181818181818,96.6228075670996,5.782752525252525,2.094509610032189
RHF_MPM_P28,1418,0.0709,70.9,0,255,7.190138888888889,35.04400150735325,103538,406.03137254901964,27,255,255,1.1087648475985343,109,109,347,0.02409722222222222,27,23,0.5587761674718197,59.10951008645533,50.236311239193085,0.09916666666666667,0.010208333333333333,0.03236111111111111,0.022152777777777778,0.016527777777777777,1,57.80076879986092,48.50771697347834,11.129680865322948,5.414899318902946,0.8736650872730701,-137.03124180839782,0.7795056610222175,0.7795056610222175,0.012777917286406922,-8,0.17097222222222186,2462,0.3979295459727964,270.8181818181818,99.57347052833828,5.949494949494948,2.1266584357266263
RHF_MPM_P28,1419,0.07095,70.95,0,255,6.878611111111111,33.85030138162057,99052,388.4392156862745,26,252,255,1.0893485481586627,106,106,335,0.02326388888888889,27,23,0.5394524959742351,59.014925373134325,50.47761194029851,0.09625,0.009166666666666667,0.03145833333333333,0.020763888888888887,0.014791666666666667,1,57.36101239752857,48.463362678189235,11.936205248632623,4.978324404659599,0.9088708577086259,-138.39463936612896,0.938091753483042,0.938091753483042,0.016243993054153374,-12,-0.31152777777777807,-4486,0.4419875528823005,278.1818181818182,101.04168193178153,6.092121212121211,2.131572617602397
RHF_MPM_P28,1420,0.071,71.0,0,255,6.244375,32.047496266798845,89919,352.6235294117647,23,245,255,1.0552616604156784,107,107,293,0.02034722222222222,24,20,0.6104166666666667,60.34470989761092,51.430034129692835,0.09402777777777778,0.008333333333333333,0.027083333333333334,0.01840277777777778,0.01326388888888889,1,57.88932261257354,48.8300470423381,12.476342585729705,4.893799261531347,0.9198602270577444,-139.1108516760382,1.2641995499921654,1.2641995499921654,0.025511849553487027,-42,-0.634236111111111,-9133,0.643093388422023,303.72727272727275,55.99690074068371,6.657853535353535,0.9355398782464642
RHF_MPM_P28,1421,0.07105,71.05,0,255,5.632430555555556,30.33558766225936,81107,318.06666666666666,20,234,255,1.0098445052537852,108,108,261,0.018125,22,19,0.6244019138755981,61.030651340996165,51.97318007662835,0.09020833333333333,0.007430555555555556,0.023958333333333335,0.01638888888888889,0.012013888888888888,1,58.20650498723908,49.094997965650315,12.95632785408874,4.6816734884798725,0.93243311232371,-139.18609785769146,1.5543757376160454,1.5543757376160454,0.029689176026730123,-32,-0.6119444444444442,-8812,0.4132839829493353,311.90909090909093,40.41254203485607,6.816319444444446,0.49890716798670925
RHF_MPM_P28,1422,0.0711,71.1,0,255,4.927013888888889,28.17393186824433,70949,278.2313725490196,16,209,255,0.952056935181217,106,106,231,0.016041666666666666,22,18,0.5833333333333334,61.705627705627705,52.36796536796537,0.08583333333333333,0.0059722222222222225,0.020625,0.01423611111111111,0.010416666666666666,1,58.510493453043736,49.33770736726381,13.582743972577699,4.4031350430037675,0.9459984159675653,-138.74135669804224,1.826919199010269,1.826919199010269,0.035659417327939785,-30,-0.7054166666666664,-10158,0.3889946541713017,312.45454545454544,39.259888473799904,6.641237373737374,0.736634673499482
RHF_MPM_P28,1423,0.07115,71.15,0,255,4.541527777777778,27.281759227637494,65398,256.4627450980392,14,196,255,0.8897259156554747,108,108,207,0.014375,19,18,0.6052631578947368,62.265700483091784,52.8743961352657,0.07993055555555556,0.005763888888888889,0.01923611111111111,0.01361111111111111,0.009930555555555555,1,59.19084681488731,49.82231872534328,13.443709551405385,4.4908412287358965,0.9425561446088353,-138.0867777102922,2.11129984501253,2.11129984501253,0.0378299030551393,-24,-0.38548611111111164,-5551,0.83530166128859,300.72727272727275,48.62489244501479,6.407007575757576,0.9316096671984053
RHF_MPM_P28,1424,0.0712,71.2,0,255,4.167222222222223,26.404578371006362,60008,235.32549019607842,12,181,255,0.8124352689185046,105,105,199,0.013819444444444445,18,17,0.6503267973856209,62.53266331658291,53.14070351758794,0.07173611111111111,0.005138888888888889,0.017708333333333333,0.0125,0.009166666666666667,1,60.00471603786162,50.499550059992,12.649277172244712,4.300369936102578,0.9404364191232939,-137.9261469197577,2.399758022025615,2.399758022025615,0.035361951739768034,-8,-0.374305555555555,-5390,1.0587848661247954,292.0,56.79788728465171,6.096205808080808,1.0492769895104561
RHF_MPM_P28,1425,0.07125,71.25,0,255,3.9477083333333334,26.086732505314256,56847,222.9294117647059,8,174,255,0.743913350463382,107,107,194,0.013472222222222222,17,17,0.671280276816609,62.70103092783505,53.30927835051546,0.06479166666666666,0.005138888888888889,0.017291666666666667,0.012291666666666666,0.009027777777777777,1,60.85828627720021,51.175945960208985,11.459275688532939,4.429015280442494,0.9222892157114839,-137.45061881210032,2.7515704708016893,2.7515704708016893,0.030027969813710486,-5,-0.21951388888888923,-3161,1.0890792291265472,282.27272727272725,63.222681357377816,5.827771464646466,1.1788805104437718
RHF_MPM_P28,1426,0.0713,71.3,0,255,3.8627777777777776,26.087538064829936,55624,218.13333333333333,4,174,255,0.6812567238136191,104,104,196,0.01361111111111111,18,17,0.6405228758169934,62.67857142857143,53.285714285714285,0.058055555555555555,0.005,0.017361111111111112,0.012430555555555556,0.009097222222222222,1,61.412070329354236,51.84452754206817,10.264597684515628,4.048909583624815,0.9189157730790164,-137.59732866148764,2.893015905373901,2.893015905373901,0.021231842370199913,2,-0.08493055555555573,-1223,0.868146363248426,271.1818181818182,66.59349979446968,5.585845959595959,1.2799171997478533
RHF_MPM_P28,1427,0.07135,71.35,0,255,3.8710416666666667,26.2113200793821,55743,218.6,3,173,255,0.6556375165846013,108,108,193,0.013402777777777777,17,17,0.6678200692041523,62.78756476683938,53.48186528497409,0.05527777777777778,0.005208333333333333,0.017638888888888888,0.0125,0.009027777777777777,1,61.87176865256624,52.287210950253844,9.0685182331459,4.226395975408736,0.8847576254950478,-137.5970309987585,2.6278931073124534,2.6278931073124534,0.01619934341531672,-3,0.00826388888888907,119,0.6381936604564553,255.54545454545453,62.814826906860475,5.298364898989899,1.2776506680037538
RHF_MPM_P28,1428,0.0714,71.4,0,255,3.8540277777777776,26.24064008575895,55498,217.6392156862745,1,175,255,0.6147088098642172,106,106,197,0.013680555555555555,18,17,0.6437908496732027,62.878172588832484,53.47715736040609,0.050625,0.005138888888888889,0.017708333333333333,0.012569444444444444,0.009027777777777777,1,62.20452989296911,52.6592489819453,7.698697361089068,4.0522357105612175,0.8502658842002818,-137.82589425198128,1.6822399442744622,1.6822399442744622,0.010865256405636238,4,-0.017013888888889106,-245,0.4991416032944057,241.1818181818182,56.140761697423926,5.010625000000001,1.2124549767029313
RHF_MPM_P28,1429,0.07145,71.45,0,255,3.9010416666666665,26.428480513420816,56175,220.2941176470588,0,177,255,0.6055350431007832,107,107,200,0.013888888888888888,18,17,0.6535947712418301,62.885,53.6,0.04972222222222222,0.005277777777777778,0.017638888888888888,0.012430555555555556,0.009097222222222222,1,62.34615042278594,52.775487316421895,7.305053213616526,4.230154215365029,0.8152761690637668,-137.90755141073578,0.9568605588597149,0.9568605588597149,0.012621272808188696,3,0.04701388888888891,677,0.18321496900497028,227.8181818181818,45.9284387673183,4.7116161616161625,1.0299136335305072
RHF_MPM_P28,1430,0.0715,71.5,0,255,3.8977083333333336,26.43215676812867,56127,220.10588235294117,1,177,255,0.6089789021001788,107,107,199,0.013819444444444445,18,16,0.6909722222222222,63.10552763819096,53.80904522613066,0.050208333333333334,0.005347222222222222,0.017638888888888888,0.012222222222222223,0.009166666666666667,1,62.48276230691111,52.9471911914052,7.128582531111536,4.153486733976164,0.8127213637387892,-137.57009514380843,0.8050718830352085,0.8050718830352085,0.014876975430719619,-1,-0.0033333333333329662,-48,0.2194197520017586,215.45454545454547,31.427734238071366,4.440625000000001,0.7877888245670882
RHF_MPM_P28,1431,0.07155,71.55,0,255,3.8935416666666667,26.431141932301866,56067,219.87058823529412,0,183,255,0.6050222483223968,107,107,201,0.013958333333333333,18,16,0.6979166666666666,63.07462686567164,53.93532338308458,0.04958333333333333,0.005208333333333333,0.017708333333333333,0.0125,0.009027777777777777,1,62.49075213583748,53.18217489789002,7.000185610740148,4.265721694414627,0.7928839554202278,-138.80809638636998,0.8042365009950895,0.8042365009950895,0.013929762605454189,2,-0.004166666666666874,-60,0.2351195008492833,207.0909090909091,19.75050998400039,4.2269128787878785,0.5535101285161016
RHF_MPM_P28,1432,0.0716,71.6,0,255,3.8522916666666664,26.48211244350582,55473,217.54117647058823,0,186,255,0.5687986935114238,107,107,202,0.014027777777777778,18,16,0.7013888888888888,63.21782178217822,54.55940594059406,0.04638888888888889,0.005347222222222222,0.017361111111111112,0.012361111111111111,0.009375,1,62.74374921132803,53.845095812377195,6.4741117556594485,3.960083668908132,0.791105409166458,-142.39002356904714,0.463451616906665,0.463451616906665,0.012564671101256468,1,-0.04125000000000023,-594,0.7095573684144789,201.72727272727272,9.973518655929075,4.065082070707071,0.33668003208452735
RHF_MPM_P28,1433,0.07165,71.65,0,12,0.01965277777777778,0.3523175516696637,283,23.583333333333332,0,0,7,0.05598101219894169,3,8,10,0.0006944444444444445,93,107,0.0010049241282283187,82.3,60.4,0.0045138888888888885,0.0,0.0,0.0,0.0,0,82.96466431095406,63.92226148409894,32.63266843489268,26.869779514479323,0.5674596064895129,125.98544306829422,0.09916239159376176,0.09916239159376176,0.0,-192,-3.8326388888888885,-55190,22.592801407563677,181.63636363636363,54.402995785280275,3.618958333333333,1.1552319448103594
RHF_MPM_P28,1434,0.0717,71.7,0,255,3.515138888888889,22.650559074106734,50618,198.50196078431372,14,104,255,0.8913817999010372,108,108,139,0.009652777777777777,14,13,0.7637362637362637,66.94244604316546,56.94244604316547,0.08159722222222222,0.003472222222222222,0.013194444444444444,0.008819444444444444,0.006527777777777778,1,70.16770713975265,58.13015132956656,8.525760268432466,6.598432611646058,0.6332581146908067,-153.66631328717662,-0.5205461910364954,0.5205461910364954,0.02771741277806314,129,3.495486111111111,50335,14.046731039063872,175.45454545454547,55.02951875025165,3.525650252525253,1.117791777212832
RHF_MPM_P28,1435,0.07175,71.75,0,255,5.3156944444444445,26.80823988826263,76546,300.18039215686275,24,167,255,1.1958603163993466,103,103,202,0.014027777777777778,24,21,0.4007936507936508,69.7871287128713,59.96534653465346,0.109375,0.005208333333333333,0.021458333333333333,0.011805555555555555,0.008263888888888888,1,77.92446372116113,64.96356439265278,17.726671953606992,5.190472417550378,0.9561719310222343,-144.76884526753216,-1.0429196119963438,1.0429196119963438,0.027277715360698142,63,1.8005555555555555,25928,10.33744681988649,175.72727272727272,55.152830487145465,3.630056818181819,1.2216523313454475
RHF_MPM_P28,1436,0.0718,71.8,0,255,5.669097222222222,28.500265895767303,81635,320.1372549019608,25,192,255,1.1017060496106228,104,104,225,0.015625,39,33,0.17482517482517482,71.40444444444445,61.431111111111115,0.0973611111111111,0.005902777777777778,0.027430555555555555,0.012916666666666667,0.009791666666666667,1,77.93383965211,66.21596129111288,18.360692614264615,4.438751123059272,0.9703378400429413,-141.3436111668812,-0.95158571640517,0.95158571640517,0.013511361548355486,23,0.3534027777777773,5089,1.2524319939037065,178.54545454545453,56.78246149899014,3.786546717171717,1.3552652178007643
RHF_MPM_P28,1437,0.07185,71.85,0,255,5.387222222222222,29.4267013678914,77576,304.2196078431373,20,219,255,0.9559391514863848,109,109,236,0.01638888888888889,21,20,0.5619047619047619,69.83050847457628,60.41525423728814,0.08361111111111111,0.007152777777777778,0.02340277777777778,0.014861111111111111,0.011111111111111112,1,75.64913117459008,64.73985510982779,18.74107766101415,4.424065447642469,0.9717378767314131,-140.56472553378723,-1.7178439290303131,1.7178439290303131,0.01780189749407033,11,-0.28187499999999943,-4059,2.720070272195079,182.1818181818182,59.020517513855346,3.9251325757575755,1.4317588157753216
RHF_MPM_P28,1438,0.0719,71.9,0,255,5.326527777777778,30.601096869398965,76702,300.7921568627451,12,235,255,0.788743243079226,105,105,274,0.01902777777777778,22,23,0.541501976284585,70.42700729927007,61.0,0.06680555555555556,0.007569444444444445,0.024722222222222222,0.016805555555555556,0.012083333333333333,1,71.40915491121483,61.58745534666632,8.904124213631803,4.45037571316974,0.8661347232372747,-135.0459645115457,-0.48370613308083416,0.48370613308083416,0.009152303720893849,38,-0.060694444444444606,-874,5.28346694706857,189.54545454545453,64.69138433061677,4.057449494949495,1.486841179380085
RHF_MPM_P28,1439,0.07195,71.95,0,255,5.737222222222222,31.725646443909554,82616,323.9843137254902,15,241,255,0.8423015095088159,105,105,298,0.020694444444444446,22,23,0.5889328063241107,70.79194630872483,61.352348993288594,0.07166666666666667,0.008125,0.026319444444444444,0.018541666666666668,0.013125,1,71.81727510409605,61.99369371550305,9.255637401442891,4.457462508575473,0.8763942604207077,-135.1885323255597,-0.6410478448207493,0.6410478448207493,0.010203834608308319,24,0.41069444444444425,5914,0.5758399987431745,198.72727272727272,71.86741695535406,4.228648989898989,1.56017241769199
RHF_MPM_P28,1440,0.072,72.0,0,255,6.313055555555556,33.34743945854551,90908,356.5019607843137,19,249,255,0.898748660570348,106,106,330,0.022916666666666665,24,24,0.5729166666666666,71.56666666666666,61.75454545454546,0.07708333333333334,0.008958333333333334,0.029027777777777777,0.020625,0.014513888888888889,1,72.58185198222378,62.469947639371675,9.638559250554996,4.555128383001984,0.8812800950536339,-135.8233845316188,-0.6392765101138846,0.6392765101138846,0.011572138865666388,32,0.5758333333333336,8292,0.9007750010784068,210.54545454545453,81.18930027619922,4.44792297979798,1.6647153719535763
RHF_MPM_P28,1441,0.07205,72.05,0,255,6.642708333333333,33.8365441152747,95655,375.11764705882354,23,252,255,0.9787491743431845,103,103,351,0.024375,25,24,0.585,71.81766381766381,61.997150997150996,0.08486111111111111,0.008958333333333334,0.03027777777777778,0.021388888888888888,0.014791666666666667,1,73.0656839684282,62.96461240917882,10.419230310254159,4.640955621751844,0.8953206898840468,-136.3448432238175,-0.7972591404630395,0.7972591404630395,0.014123673618733993,21,0.3296527777777776,4747,0.6919440912117617,224.36363636363637,90.4546825033224,4.697468434343435,1.7661821764366028
RHF_MPM_P28,1442,0.0721,72.1,0,255,6.535138888888889,33.462686744303376,94106,369.043137254902,24,251,255,1.014444732587738,106,106,325,0.022569444444444444,23,23,0.6143667296786389,71.14769230769231,61.495384615384616,0.089375,0.008888888888888889,0.028333333333333332,0.020277777777777777,0.015,1,73.1727838820054,63.07182326312881,11.170498482691364,4.672283571868387,0.9083227780607502,-136.500704978271,-0.9349940782600327,0.9349940782600327,0.01981807748708903,-26,-0.1075694444444446,-1549,0.1515406173041764,235.63636363636363,94.47777297744088,4.937613636363636,1.81933458957642
RHF_MPM_P28,1443,0.07215,72.15,0,255,6.445138888888889,32.98875298631067,92810,363.96078431372547,24,251,255,1.0367866739820395,107,107,310,0.021527777777777778,23,23,0.5860113421550095,70.81290322580645,61.30967741935484,0.09194444444444444,0.009097222222222222,0.02763888888888889,0.01972222222222222,0.014513888888888889,1,73.32292856373236,63.35204180583989,11.906096970457327,4.654395862201939,0.9204223608415227,-136.34473715017907,-1.092336030818033,1.092336030818033,0.022314405775239736,-15,-0.08999999999999986,-1296,0.31790856724852207,245.45454545454547,96.07039430103858,5.17332702020202,1.8313755797137266
RHF_MPM_P28,1444,0.0722,72.2,0,255,6.318958333333334,32.65951242276449,90993,356.83529411764704,23,250,255,1.0448663306675587,109,109,301,0.020902777777777777,21,22,0.6515151515151515,70.35548172757476,61.01328903654485,0.09347222222222222,0.008819444444444444,0.025902777777777778,0.01923611111111111,0.014444444444444444,1,73.24840372336334,63.35656588968382,12.527924524052068,4.616464946408384,0.9296301287435186,-135.80196073362032,-1.3074311528106068,1.3074311528106068,0.025826162452056753,-9,-0.12618055555555507,-1817,0.0746620329662623,271.90909090909093,61.40247928878701,5.745991161616161,0.8548273698564155
RHF_MPM_P28,1445,0.07225,72.25,0,255,6.387013888888889,32.90353764710189,91973,360.678431372549,22,252,255,1.072940953880496,108,108,303,0.021041666666666667,21,22,0.6558441558441559,70.46534653465346,60.864686468646866,0.09791666666666667,0.009236111111111112,0.02625,0.019305555555555555,0.014722222222222222,1,73.35119002315896,63.363715438226436,12.906126392111698,4.642026405562786,0.933077186664767,-135.95432657015485,-1.4528941188181295,1.4528941188181295,0.029976188664064454,2,0.06805555555555554,980,0.10303465179268213,286.8181818181818,45.0551544459539,6.0070707070707074,0.49748902311850646
RHF_MPM_P28,1446,0.0723,72.3,0,255,6.528611111111111,33.00421922966633,94012,368.6745098039216,22,252,255,1.1389155423467177,109,109,308,0.021388888888888888,21,22,0.6666666666666666,70.62987012987013,60.88636363636363,0.10479166666666667,0.009236111111111112,0.027708333333333335,0.019583333333333335,0.014513888888888889,1,73.77602859209463,63.51470025103178,13.35814730038552,4.706080675703718,0.9358869729449616,-136.6875441550543,-1.542069631203205,1.542069631203205,0.03144279453686764,5,0.14159722222222193,2039,0.45087051728093014,296.45454545454544,36.38522086672913,6.117335858585858,0.46541373830718724
RHF_MPM_P28,1447,0.07235,72.35,0,255,6.5448611111111115,32.83473243605582,94246,369.59215686274507,22,251,255,1.1503024112688556,108,108,308,0.021388888888888888,23,21,0.6376811594202898,70.85064935064935,60.79220779220779,0.10569444444444444,0.008958333333333334,0.02763888888888889,0.019444444444444445,0.014375,1,74.13510387708762,63.644080385374444,13.89346661806992,4.641738868577521,0.9425393764745824,-136.89857227358377,-1.5688616577290373,1.5688616577290373,0.031184347346306474,0,0.01625000000000032,234,0.3816730006894865,304.0,28.546612599555324,6.196950757575758,0.4567519257779514
RHF_MPM_P28,1448,0.0724,72.4,0,255,6.472986111111111,32.61320401011472,93211,365.53333333333336,22,251,255,1.159919626447616,109,109,300,0.020833333333333332,23,20,0.6521739130434783,70.66666666666667,60.56666666666667,0.106875,0.009027777777777777,0.02784722222222222,0.01902777777777778,0.014097222222222223,1,74.04195856712191,63.432770810312086,13.82813511748131,4.692865571574593,0.9406526700459188,-137.10538495726584,-1.6144071895358452,1.6144071895358452,0.030253939985624013,-8,-0.07187500000000036,-1035,0.2309280954791817,309.8181818181818,19.030206523592394,6.295656565656565,0.3823622214267521
RHF_MPM_P28,1449,0.07245,72.45,0,255,6.360625,32.40568609482048,91593,359.18823529411765,21,250,255,1.127882209502942,109,109,294,0.020416666666666666,22,20,0.6681818181818182,70.5374149659864,60.45578231292517,0.10319444444444445,0.008888888888888889,0.02722222222222222,0.018819444444444444,0.013819444444444445,1,73.90885766379527,63.22347777668599,13.455278278996182,4.66237589884801,0.938046623422461,-137.44705866655926,-1.6841250257943283,1.6841250257943283,0.028168091448036423,-6,-0.11236111111111136,-1618,0.24803109561258774,311.6363636363636,16.277551341831188,6.389665404040404,0.22883212652847224
RHF_MPM_P28,1450,0.0725,72.5,0,255,6.167083333333333,31.8194472304063,88806,348.25882352941176,22,248,255,1.0891300973868236,109,109,281,0.01951388888888889,21,20,0.669047619047619,70.25978647686833,60.145907473309606,0.09895833333333333,0.008541666666666666,0.02638888888888889,0.017638888888888888,0.01326388888888889,1,73.7711753710335,63.08193140103146,13.352310325545222,4.53335951383105,0.9405992921764834,-137.6071922349152,-1.6940652179455837,1.6940652179455837,0.02587662995743531,-13,-0.1935416666666665,-2787,0.19746338952087666,310.09090909090907,18.193178269263186,6.428743686868688,0.129005990723935
RHF_MPM_P28,1451,0.07255,72.55,0,255,6.048125,31.61348346453065,87093,341.54117647058825,21,247,255,1.0555864674154973,109,109,274,0.01902777777777778,21,19,0.6867167919799498,70.18248175182482,60.02189781021898,0.09527777777777778,0.008402777777777778,0.025486111111111112,0.017638888888888888,0.013055555555555556,1,73.53184526885055,62.82475055400549,13.090246779354441,4.52988035295488,0.9382160590427205,-137.9172766589521,-1.6283719944504758,1.6283719944504758,0.024973304398746166,-7,-0.1189583333333335,-1713,0.35131308812496004,305.0,19.683865104560777,6.4046590909090915,0.16737929103694035
RHF_MPM_P28,1452,0.0726,72.6,0,255,5.877430555555556,31.11995682584408,84635,331.9019607843137,21,244,255,1.0532577664331662,108,108,267,0.018541666666666668,21,18,0.7063492063492064,69.73408239700375,59.62172284644195,0.095625,0.008402777777777778,0.024791666666666667,0.016944444444444446,0.012638888888888889,1,73.19763691144325,62.40281207538253,12.850125026853295,4.598272464567596,0.9337834014518934,-139.01211890542538,-1.5852707425972867,1.5852707425972867,0.026891947775742896,-7,-0.17069444444444404,-2458,0.5382632310529303,297.3636363636364,16.372219970940396,6.335088383838383,0.2080724673401281
RHF_MPM_P28,1453,0.07265,72.65,0,255,5.7498611111111115,31.001896223056328,82798,324.69803921568626,20,245,255,1.0079751071726581,109,109,265,0.01840277777777778,21,18,0.701058201058201,69.56226415094339,59.54716981132076,0.09104166666666667,0.008472222222222223,0.024305555555555556,0.01673611111111111,0.012638888888888889,1,72.94241406797266,62.23197420227542,12.505016848777412,4.259826639052958,0.9401903945316905,-139.17453106112595,-1.7236909630017718,1.7236909630017718,0.028853353945747482,-2,-0.12756944444444418,-1837,0.307122579301775,291.90909090909093,16.250619822889806,6.263699494949495,0.2563105922088993
RHF_MPM_P28,1454,0.0727,72.7,0,12,0.01951388888888889,0.34836090373568507,281,23.416666666666668,0,0,7,0.0575544555543614,3,8,9,0.000625,89,107,0.0009450803318282054,88.66666666666667,60.111111111111114,0.004652777777777777,0.0,0.0,0.0,0.0,0,78.23487544483986,61.02135231316726,34.777375315364324,27.373680816245137,0.6168104164017398,122.81401654769785,0.07837111332443512,0.07837111332443512,0.0,-256,-5.730347222222223,-82517,5.429157649582373,264.54545454545456,82.22957180563962,5.679551767676767,1.807209443656857
RHF_MPM_P28,1455,0.07275,72.75,0,255,3.399027777777778,22.63877755212909,48946,191.94509803921568,9,108,255,0.7713600800419367,102,102,152,0.010555555555555556,13,18,0.6495726495726496,65.00657894736842,55.0,0.06680555555555556,0.0029861111111111113,0.014930555555555556,0.00875,0.00625,1,65.79166836922323,53.41893106689004,7.772601958719513,5.417456476580041,0.717077014841718,110.66125714324853,-1.5586759008567512,1.5586759008567512,0.026641605034119234,143,3.379513888888889,48665,14.581845258146275,251.0,87.22906104566924,5.414103535353534,1.9055642021456547
RHF_MPM_P28,1456,0.0728,72.8,0,255,5.4823611111111115,27.526065323669705,78946,309.59215686274507,22,170,255,1.1785778551919264,99,99,233,0.016180555555555556,21,25,0.4438095238095238,61.2961373390558,51.0343347639485,0.1076388888888889,0.005416666666666667,0.02375,0.013055555555555556,0.008819444444444444,1,61.58868087046842,45.64826590327566,12.322454168923278,6.859562150950113,0.8307325445314467,85.63412124887789,-0.9660107444808151,0.9660107444808151,0.03418792592404935,81,2.0833333333333335,30000,8.834497212614837,244.63636363636363,85.74409359703361,5.331862373737374,1.8811657183492596
RHF_MPM_P28,1457,0.07285,72.85,0,255,6.68125,30.69845152797251,96210,377.29411764705884,32,229,255,1.3196415796989878,97,97,303,0.021041666666666667,29,34,0.30730223123732253,58.696369636963695,48.333333333333336,0.12125,0.007222222222222222,0.029027777777777777,0.014652777777777778,0.011319444444444444,1,57.425974430932335,42.11656792433219,16.535777769143042,8.104901189287048,0.8716418504755722,67.55212229309699,-0.7638678509404719,0.7638678509404719,0.04540068599937636,70,1.198888888888889,17264,5.459030638879819,244.1818181818182,85.41962536030121,5.345738636363635,1.8904821517517982
RHF_MPM_P28,1458,0.0729,72.9,0,255,6.684444444444445,30.99228859682898,96256,377.4745098039216,36,234,255,1.2300755661156257,110,110,240,0.016666666666666666,20,20,0.6,61.1375,51.81666666666667,0.110625,0.0075,0.03361111111111111,0.015069444444444444,0.011666666666666667,1,54.37056391289894,42.49487824135638,19.332744384278637,5.008830122918665,0.96585444078088,52.77643163687779,-0.9270315075861967,0.9270315075861967,0.007781333111702127,-63,0.0031944444444444997,46,3.078741971922308,238.0,83.00383342735662,5.35842803030303,1.8989379263696071
RHF_MPM_P28,1459,0.07295,72.95,0,255,6.486666666666666,31.30086021182165,93408,366.3058823529412,32,239,255,1.159299027301499,107,107,276,0.019166666666666665,22,21,0.5974025974025974,60.54347826086956,51.155797101449274,0.10333333333333333,0.007638888888888889,0.026041666666666668,0.017222222222222222,0.012291666666666666,1,55.07763788968825,44.456245717711546,19.01034336627944,4.882805998417944,0.9664512901776684,49.561499537111914,-1.2490375440092176,1.2490375440092176,0.011883350462487154,36,-0.1977777777777785,-2848,2.084925894595891,235.8181818181818,81.649826790239,5.359671717171716,1.8996718238354107
RHF_MPM_P28,1460,0.073,73.0,0,255,6.394652777777778,32.60223896139809,92083,361.10980392156864,25,249,255,1.0169265088880706,108,108,301,0.020902777777777777,23,22,0.5948616600790514,60.16611295681063,50.794019933554814,0.08902777777777778,0.008541666666666666,0.02736111111111111,0.01888888888888889,0.013888888888888888,1,56.84016593725226,47.27226523896919,15.925579275484116,4.569492190450035,0.9579521961005734,-136.01281790559244,1.957593356033494,1.957593356033494,0.048043612827557744,25,-0.0920138888888884,-1325,3.322118460042317,236.45454545454547,82.12669108413995,5.362765151515152,1.9013262471646142
RHF_MPM_P28,1461,0.07305,73.05,0,255,6.9411805555555555,34.659213120927085,99953,391.97254901960787,24,254,255,1.0234029866181837,105,105,357,0.024791666666666667,25,25,0.5712,59.030812324929975,49.675070028011206,0.08944444444444444,0.009722222222222222,0.03152777777777778,0.022291666666666668,0.015625,1,58.050273628605446,48.356377497423786,11.260648022511408,4.970849530836693,0.8972929954424401,-136.81672850208568,1.0912995713761473,1.0912995713761473,0.025231858973717648,56,0.5465277777777775,7870,1.6247030539774534,243.36363636363637,88.53070625728242,5.433137626262627,1.9436481348371122
RHF_MPM_P28,1462,0.0731,73.1,0,255,7.108611111111111,34.83479675177758,102364,401.42745098039217,26,254,255,1.0619346502004468,106,106,357,0.024791666666666667,27,26,0.5085470085470085,58.76750700280112,49.74229691876751,0.09354166666666666,0.009722222222222222,0.033125,0.021944444444444444,0.01576388888888889,1,57.47248055957172,48.08934781759212,11.928638517671565,4.810290016710014,0.9150873942130479,-136.60462957713398,1.0812546004196484,1.0812546004196484,0.01776991911218788,0,0.16743055555555575,2411,0.6365136923385167,250.9090909090909,94.17725506671357,5.529545454545455,1.9973211959633983
RHF_MPM_P28,1463,0.07315,73.15,0,255,7.240833333333334,35.042054882907,104268,408.8941176470588,28,254,255,1.1215788667593878,107,107,356,0.024722222222222222,27,24,0.5493827160493827,58.94662921348315,49.98033707865169,0.10006944444444445,0.009930555555555555,0.03284722222222222,0.022152777777777778,0.016041666666666666,1,57.43963632178617,48.015172440250126,12.075740155061144,5.170064365151272,0.9037141092404299,-136.75753837421303,1.0514544585717114,1.0514544585717114,0.012822726052096521,-1,0.13222222222222246,1904,0.08112170214893952,259.0,98.91594227607416,5.653491161616161,2.0564909609588264
RHF_MPM_P28,1464,0.0732,73.2,0,255,6.930833333333333,34.00450246944432,99804,391.38823529411764,26,251,255,1.0960972330681389,105,105,345,0.023958333333333335,29,25,0.47586206896551725,58.8,50.05507246376811,0.096875,0.009027777777777777,0.03180555555555555,0.021041666666666667,0.014930555555555556,1,57.10747064245922,47.99735481543826,12.482641054231113,4.7793921689400465,0.9237968066411661,-137.6131330769976,0.9854442757656727,0.9854442757656727,0.013225922808705062,-11,-0.3100000000000005,-4464,0.3326432116798261,266.27272727272725,101.98314558529303,5.760852272727273,2.089285026990449
RHF_MPM_P28,1465,0.07325,73.25,0,255,6.6033333333333335,32.914390469823374,95088,372.8941176470588,24,249,255,1.0930392471992372,105,105,317,0.02201388888888889,28,24,0.47172619047619047,59.70031545741325,50.76340694006309,0.096875,0.008680555555555556,0.029861111111111113,0.01923611111111111,0.013888888888888888,1,57.21889197375063,48.06352010768972,13.032865355116746,4.738115784906125,0.9315741604579044,-137.8888929807787,1.0610788074582844,1.0610788074582844,0.015901060070671377,-28,-0.3274999999999997,-4716,0.12958610637514956,294.27272727272725,61.91356278068924,6.359381313131314,1.036709476685223
RHF_MPM_P28,1466,0.0733,73.3,0,255,6.115833333333334,31.602284101258675,88068,345.36470588235295,23,243,255,1.0492438927113474,107,107,283,0.01965277777777778,25,21,0.539047619047619,60.879858657243815,51.667844522968196,0.09319444444444444,0.007916666666666667,0.02625,0.017638888888888888,0.013194444444444444,1,57.69107962029341,48.40023618113276,13.535344433910131,4.740125891152983,0.9366736156138092,-138.36492348781186,1.3095676093732094,1.3095676093732094,0.02205114229913249,-34,-0.4874999999999998,-7020,0.5799473145575452,306.1818181818182,43.16104763624084,6.606363636363636,0.4716558400359648
RHF_MPM_P28,1467,0.07335,73.35,0,255,5.453541666666666,29.663793071706817,78531,307.9647058823529,20,229,255,0.9990238648038691,107,107,252,0.0175,23,19,0.5766590389016019,61.595238095238095,52.301587301587304,0.08923611111111111,0.006875,0.02263888888888889,0.015486111111111112,0.011458333333333333,1,57.96481644191466,48.698093746418614,14.38191675302247,4.409530846088701,0.9518376649784546,-138.24129962877646,1.6213917281025314,1.6213917281025314,0.03014096344118883,-31,-0.6622916666666674,-9537,0.404537979316305,307.90909090909093,40.49568898594369,6.603743686868686,0.47793046825904206
RHF_MPM_P28,1468,0.0734,73.4,0,255,4.845486111111111,27.805878683239435,69775,273.62745098039215,17,193,255,0.9349627032008756,106,106,222,0.015416666666666667,19,18,0.6491228070175439,62.25675675675676,52.950450450450454,0.08375,0.005763888888888889,0.020416666666666666,0.013888888888888888,0.01,1,58.28220709423146,49.08173414546757,14.952499269516574,4.21814238539178,0.9593841734827324,-137.93620210834524,1.8472539183111096,1.8472539183111096,0.037076316732353995,-30,-0.6080555555555556,-8756,0.4979124239869184,300.54545454545456,47.48083562940016,6.436856060606061,0.6935867943151327
RHF_MPM_P28,1469,0.07345,73.45,0,255,4.270069444444444,26.248633165380884,61489,241.13333333333333,14,171,255,0.8621378555727668,108,108,190,0.013194444444444444,17,16,0.6985294117647058,63.11052631578947,53.77368421052632,0.07756944444444444,0.005416666666666667,0.017638888888888888,0.012083333333333333,0.009027777777777777,1,59.1210623038267,49.881702418318724,15.029727828192648,4.108469572423188,0.9619128741773969,-137.69135333828018,2.1422902575918408,2.1422902575918408,0.04226772268210574,-32,-0.5754166666666665,-8286,1.1591493865044,296.0,54.876721343886295,6.217367424242425,0.9241913128133706
RHF_MPM_P28,1470,0.0735,73.5,0,255,3.817222222222222,25.48877057877221,54968,215.5607843137255,10,162,255,0.7628149937103147,108,108,182,0.012638888888888889,18,15,0.674074074074074,63.104395604395606,54.15934065934066,0.06763888888888889,0.004861111111111111,0.015902777777777776,0.011527777777777777,0.008680555555555556,1,60.42510187745597,51.4448042497453,13.622984844108917,3.5944603454549737,0.9645630051808484,-137.92548496389676,2.7235959590073584,2.7235959590073584,0.042788531509241744,-8,-0.4528472222222222,-6521,2.035634187421784,287.45454545454544,63.90243079224002,5.974690656565657,1.145576003153656
RHF_MPM_P28,1471,0.07355,73.55,0,11,0.021388888888888888,0.36831186044330677,308,28.0,0,0,7,0.061697171857220075,3,8,11,0.0007638888888888889,64,107,0.0016063084112149532,93.0,63.72727272727273,0.005069444444444444,0.0,0.0,0.0,0.0,0,84.56818181818181,61.20779220779221,30.012435380410217,26.779427072970954,0.45148697722388503,90.72891069914365,-0.2668286162499907,0.2668286162499907,0.0,-171,-3.7958333333333334,-54660,26.042354787792277,261.09090909090907,101.5860177793404,5.39530303030303,2.0451412862209044
RHF_MPM_P28,1472,0.0736,73.6,0,255,3.47875,22.919650559527152,50094,196.4470588235294,11,108,255,0.8069757259034636,105,105,147,0.010208333333333333,14,14,0.75,67.15646258503402,57.45578231292517,0.07125,0.003472222222222222,0.014652777777777778,0.008958333333333334,0.006458333333333333,1,69.40645586297761,58.16305345949615,7.765984300967883,6.23437406281285,0.5962758199352018,-144.4030074143217,-0.5430230325767551,0.5430230325767551,0.02090070667145766,136,3.457361111111111,49786,15.464422652853495,242.0,101.50055978349891,5.0805366161616154,2.0494392366373435
RHF_MPM_P28,1473,0.07365,73.65,0,255,5.619583333333333,26.79320767665131,80922,317.3411764705882,27,160,255,1.3346858561174495,102,102,204,0.014166666666666666,22,22,0.4214876033057851,69.67156862745098,60.259803921568626,0.12597222222222224,0.005138888888888889,0.022152777777777778,0.011597222222222222,0.008541666666666666,1,78.2486221299523,66.77410345765058,18.18807208656057,5.5240499586727605,0.9527618835751798,-140.59821095530356,-0.8886387866649778,0.8886387866649778,0.0211561750821779,57,2.140833333333333,30828,12.342369560321087,228.0909090909091,95.06787483922359,4.945170454545454,1.9581562353575588
RHF_MPM_P28,1474,0.0737,73.7,0,255,5.685902777777778,28.78076414207342,81877,321.0862745098039,25,201,255,1.12602200747762,109,109,208,0.014444444444444444,17,17,0.7197231833910035,69.1826923076923,59.93269230769231,0.10138888888888889,0.006597222222222222,0.02486111111111111,0.01361111111111111,0.010208333333333333,1,77.12127948019591,66.62636637883655,18.62561580019919,4.62247134733763,0.9687144022841271,-136.92004529221734,-1.2534748063282466,1.2534748063282466,0.028432893242302477,4,0.06631944444444482,955,1.1369818355700558,214.63636363636363,86.05946435435605,4.803813131313131,1.839885119023803
RHF_MPM_P28,1475,0.07375,73.75,0,255,5.804027777777778,29.890600257890544,83578,327.75686274509803,27,230,255,1.057725335740205,110,110,239,0.01659722222222222,21,20,0.569047619047619,69.94142259414225,60.63598326359833,0.09381944444444444,0.007361111111111111,0.02277777777777778,0.015416666666666667,0.011666666666666667,1,76.56739811912226,65.59999042810308,18.179750203482428,4.238291849518776,0.9724449628456227,-140.34168096894413,-1.4408848497810833,1.4408848497810833,0.01602096245423437,31,0.11812500000000004,1701,1.1662899100947528,205.0,76.3044142652549,4.701376262626262,1.7476669572923846
RHF_MPM_P28,1476,0.0738,73.8,0,255,5.576041666666667,30.69827258800001,80295,314.88235294117646,18,238,255,0.8889962430270069,106,106,272,0.01888888888888889,22,22,0.5619834710743802,70.73529411764706,61.13235294117647,0.07645833333333334,0.0077083333333333335,0.025,0.017013888888888887,0.012222222222222223,1,73.02988978143097,62.734516470514976,12.096524027852409,4.343407502093562,0.9333135379265681,-140.2917085109335,-1.7609167521767877,1.7609167521767877,0.01884301637710941,33,-0.227986111111111,-3283,4.55246155841552,200.9090909090909,71.22749028219953,4.607986111111111,1.6692240351715995
RHF_MPM_P28,1477,0.07385,73.85,0,255,5.911458333333333,31.810188040171056,85125,333.8235294117647,19,244,255,0.9281713317734988,107,107,294,0.020416666666666666,23,23,0.555765595463138,71.08843537414965,61.45238095238095,0.08034722222222222,0.00798611111111111,0.026180555555555554,0.01875,0.013125,1,72.75162408223201,62.710273127753304,10.860517663501414,4.460904691497338,0.9117502080158311,-137.95820315049278,-1.055228398618563,1.055228398618563,0.025327459618208516,22,0.33541666666666625,4830,0.2793197791402225,201.9090909090909,72.43988673433059,4.589406565656566,1.6533997225958266
RHF_MPM_P28,1478,0.0739,73.9,0,255,6.385902777777778,33.193846210831396,91957,360.6156862745098,20,249,255,0.9609512180316997,105,105,335,0.02326388888888889,25,24,0.5583333333333333,71.9313432835821,62.16119402985075,0.08368055555555555,0.008541666666666666,0.028541666666666667,0.020625,0.014513888888888889,1,73.22412649390476,63.03105799449743,10.837356247019015,4.497251933316002,0.909831971208243,-137.58262443199268,-0.9703558264011618,0.9703558264011618,0.019324249377426404,41,0.4744444444444449,6832,0.5711054716675474,209.45454545454547,81.07276600949145,4.674166666666667,1.7181564965998766
RHF_MPM_P28,1479,0.07395,73.95,0,255,6.469027777777778,33.229787284056954,93154,365.30980392156863,22,251,255,0.9991881974078769,106,106,328,0.02277777777777778,24,24,0.5694444444444444,71.51524390243902,61.88719512195122,0.0875,0.008888888888888889,0.02861111111111111,0.02013888888888889,0.014375,1,73.16555381411426,63.120005582154285,11.003117619884076,4.522781062322907,0.911614867015769,-136.99176473021535,-0.9140836577708109,0.9140836577708109,0.016166777594091505,-7,0.0831249999999999,1197,0.10650085524452041,219.0909090909091,87.99530415720493,4.821761363636363,1.7945682978141895
RHF_MPM_P28,1480,0.074,74.0,0,255,6.601875,33.37006574987591,95067,372.81176470588235,25,251,255,1.0410690531854678,109,109,313,0.021736111111111112,22,23,0.6185770750988142,70.92012779552715,61.329073482428115,0.09194444444444444,0.009027777777777777,0.028680555555555556,0.019930555555555556,0.014861111111111111,1,73.35828415748892,63.22992205497176,11.451772449018561,4.7836677247894315,0.9085744710988815,-137.04385321609016,-1.0126523480699412,1.0126523480699412,0.016630376471330744,-15,0.1328472222222219,1913,0.22187071968592442,230.27272727272728,91.33961692406375,5.033743686868687,1.8536295637672175
RHF_MPM_P28,1481,0.07405,74.05,0,255,6.578680555555556,33.25918717576243,94733,371.5019607843137,25,252,255,1.0666920587198303,106,106,319,0.022152777777777778,23,23,0.6030245746691871,71.01253918495298,61.45454545454545,0.09506944444444444,0.008888888888888889,0.027569444444444445,0.019930555555555556,0.014722222222222222,1,73.58136024405434,63.52709193206169,12.240137882442125,4.6397290705953775,0.9253726850252194,-137.1337235387077,-1.209735993312189,1.209735993312189,0.02045749633179568,6,-0.023194444444444073,-334,0.3715815876049064,242.72727272727272,93.22903460061133,5.284785353535353,1.8588616386537158
RHF_MPM_P28,1482,0.0741,74.1,0,255,6.5055555555555555,32.92915538988751,93680,367.37254901960785,25,252,255,1.0815596955023494,109,109,304,0.021111111111111112,22,21,0.658008658008658,70.42763157894737,60.74671052631579,0.0973611111111111,0.009236111111111112,0.027291666666666665,0.019444444444444445,0.014444444444444444,1,73.40971391972673,63.25732280102476,12.687140917029701,4.736284610420385,0.9277051347888402,-137.46320262196744,-1.3717047578600994,1.3717047578600994,0.027006831767719897,-15,-0.0731250000000001,-1053,0.3197465319836891,269.3636363636364,58.66743362884592,5.874255050505051,0.8514026016056028
RHF_MPM_P28,1483,0.07415,74.15,0,255,6.546388888888889,33.137754370772534,94268,369.678431372549,24,252,255,1.09695158749885,110,110,302,0.020972222222222222,22,20,0.6863636363636364,70.3543046357616,60.556291390728475,0.09979166666666667,0.009444444444444445,0.02722222222222222,0.019791666666666666,0.014722222222222222,1,73.56644884796538,63.28747825349005,13.085652283684787,4.495033300183636,0.9391495533249995,-137.81702486614134,-1.5505270912503046,1.5505270912503046,0.03099673271948063,-2,0.0408333333333335,588,0.1596094892021166,283.45454545454544,44.48567417283423,6.153131313131312,0.4080528120358207
RHF_MPM_P28,1484,0.0742,74.2,0,11,0.021388888888888888,0.3589541349360031,308,28.0,0,0,7,0.06263533571358593,3,8,10,0.0006944444444444445,64,107,0.0014602803738317756,91.6,56.9,0.005138888888888889,0.0,0.0,0.0,0.0,0,87.28571428571429,60.92857142857143,31.806152035926466,22.036926142677178,0.7210807230052286,107.17329515750845,0.027129200818921846,0.027129200818921846,0.0,-292,-6.525,-93960,13.920584957538948,265.8181818181818,88.83674319868305,5.644204545454546,1.8164925938488374
RHF_MPM_P28,1485,0.07425,74.25,0,255,3.425763888888889,22.833577616693905,49331,193.45490196078433,9,106,255,0.7516455701545142,107,107,144,0.01,13,14,0.7912087912087912,65.16666666666667,55.166666666666664,0.06451388888888888,0.0033333333333333335,0.013333333333333334,0.009027777777777777,0.006527777777777778,1,65.57685836492267,52.14199995945754,8.057434996367284,5.39262548463633,0.7430163885958321,94.93328191439467,-1.5005093768420934,1.5005093768420934,0.015933186029068944,134,3.4043750000000004,49023,23.41961279721626,260.0,94.35715514613996,5.438737373737374,1.9247539308493684
RHF_MPM_P28,1486,0.0743,74.3,0,255,5.378888888888889,27.105253670519478,77456,303.74901960784314,23,174,255,1.2326479687939491,103,103,218,0.01513888888888889,22,23,0.4308300395256917,61.65596330275229,51.74770642201835,0.11625,0.005416666666666667,0.020694444444444446,0.012916666666666667,0.008680555555555556,1,59.957692109068375,44.65927752530469,15.248781965447188,6.241260911407964,0.9124017912861788,74.10888112535241,-1.1478573660838949,1.1478573660838949,0.028287027473662466,74,1.9531249999999996,28125,9.357679436564709,258.09090909090907,94.97315845251373,5.4000883838383835,1.9212961583915964
RHF_MPM_P28,1487,0.07435,74.35,0,255,6.17125,30.240202381997495,88866,348.49411764705883,26,210,255,1.1255342553406853,91,91,339,0.023541666666666666,31,36,0.30376344086021506,57.64896755162242,47.0117994100295,0.099375,0.006527777777777778,0.029930555555555554,0.01597222222222222,0.010763888888888889,1,56.940595953458015,45.25778137870502,14.807326273593468,4.660882465475226,0.9491684157682374,51.89651963104424,-0.8807587041495619,0.8807587041495619,0.022460783651790335,121,0.7923611111111111,11410,3.075886225908537,264.1818181818182,97.77694297999092,5.4541982323232325,1.9338302139095198
RHF_MPM_P28,1488,0.0744,74.4,0,255,6.958055555555555,31.4770007147586,100196,392.92549019607844,36,224,255,1.2253371106197926,85,85,416,0.028888888888888888,39,52,0.20512820512820512,54.0625,42.31971153846154,0.108125,0.006597222222222222,0.03756944444444445,0.015555555555555555,0.011319444444444444,1,54.11715038524492,41.79006147950018,19.173953975823895,4.446255081544265,0.972741929365372,53.21463769133579,-0.746422421661173,0.746422421661173,0.005918399936125194,77,0.7868055555555555,11330,4.471792277823667,275.27272727272725,107.01324549205954,5.549343434343434,1.9792012531010474
RHF_MPM_P28,1489,0.07445,74.45,0,255,7.008611111111111,32.564044730071515,100924,395.7803921568627,36,244,255,1.2000196970054267,108,108,290,0.02013888888888889,22,23,0.5731225296442688,60.46551724137931,50.782758620689656,0.10645833333333334,0.00798611111111111,0.034166666666666665,0.01826388888888889,0.013194444444444444,1,54.90539415798026,43.390164876540766,19.162262463529952,4.692777160416327,0.969549146287014,51.78687236020089,-1.1051771736108642,1.1051771736108642,0.009551741904799651,-126,0.050555555555555465,728,1.7837205853151057,271.1818181818182,105.50124357889919,5.605953282828282,2.0109697524061216
RHF_MPM_P28,1490,0.0745,74.5,0,255,6.942916666666667,33.52867458267376,99978,392.0705882352941,28,247,255,1.1370395687543522,106,106,328,0.02277777777777778,25,25,0.5248,59.65548780487805,49.88414634146341,0.10069444444444445,0.008680555555555556,0.03236111111111111,0.020555555555555556,0.014305555555555556,1,56.1582748204605,45.33485366780692,17.580965214690305,4.625963918467535,0.9647621774998582,49.82775973943721,-1.544450571623972,1.544450571623972,0.01870411490527916,38,-0.06569444444444361,-946,2.3133362162239033,271.1818181818182,105.50124357889919,5.649034090909091,2.033942673404049
RHF_MPM_P28,1491,0.07455,74.55,0,255,6.899375,34.67487602554843,99351,389.61176470588236,23,254,255,1.0498058898678058,109,109,339,0.023541666666666666,23,25,0.5895652173913043,59.73746312684366,50.48377581120944,0.09326388888888888,0.009791666666666667,0.030833333333333334,0.021805555555555557,0.01597222222222222,1,58.39330253344204,48.61529325321335,11.879668225618623,4.880320478353713,0.911719690555177,47.01642831409662,-1.505160504888805,1.505160504888805,0.02755885698181196,11,-0.043541666666667034,-627,3.969462526753091,273.54545454545456,106.69613917899035,5.676079545454545,2.048359684186703
RHF_MPM_P28,1492,0.0746,74.6,0,255,7.470277777777778,36.40377086588933,107572,421.8509803921569,26,255,255,1.0544259058023528,110,110,373,0.025902777777777778,26,25,0.5738461538461539,58.9142091152815,49.975871313672926,0.09319444444444444,0.010902777777777779,0.03361111111111111,0.024166666666666666,0.017777777777777778,1,58.01094150894285,48.6275982597702,11.220385993472785,4.650795000036566,0.9100515442201202,45.01286642299667,-1.0841580184745652,1.0841580184745652,0.015431524932138474,34,0.5709027777777775,8221,0.38255897093446145,278.45454545454544,109.86964477495687,5.7571338383838375,2.0994748755739208
RHF_MPM_P28,1493,0.07465,74.65,0,12,0.016180555555555556,0.31460181298432577,233,19.416666666666668,0,0,6,0.047954513023611006,3,8,8,0.0005555555555555556,32,107,0.002336448598130841,99.625,67.25,0.0038194444444444443,0.0,0.0,0.0,0.0,0,87.41630901287553,64.57081545064378,31.91784470130306,26.246702368229027,0.5690244027301565,83.59860313043212,-0.22932045385501343,0.22932045385501343,0.0,-365,-7.454097222222222,-107339,33.44939180966833,251.54545454545453,133.9310294933815,5.167190656565656,2.646709608658176
RHF_MPM_P28,1494,0.0747,74.7,0,255,3.4897916666666666,23.327386890161186,50253,197.0705882352941,10,114,255,0.7994944472715089,102,102,160,0.011111111111111112,15,14,0.7619047619047619,67.00625,57.59375,0.070625,0.0038888888888888888,0.014513888888888889,0.009375,0.006736111111111111,1,69.45052036694327,58.887867391001535,8.646308685865954,5.513070016907615,0.7703500253118213,-145.7015584641096,-0.7949276493928695,0.7949276493928695,0.02461544584402921,152,3.473611111111111,50020,18.843180737839887,238.63636363636363,135.2823799097635,4.889318181818182,2.64777650545139
RHF_MPM_P28,1495,0.07475,74.75,0,255,5.564444444444445,26.99092465219091,80128,314.2274509803922,29,165,255,1.2354373090656614,103,103,211,0.014652777777777778,21,22,0.45670995670995673,69.60189573459715,60.3696682464455,0.11340277777777778,0.005277777777777778,0.020277777777777777,0.012291666666666666,0.008402777777777778,1,78.36708765974441,67.05640974440895,19.548048806692083,4.949944614154524,0.9674088847960423,-139.81044121144828,-1.0276904815664016,1.0276904815664016,0.011968350638977636,51,2.074652777777778,29875,12.092570300248909,256.90909090909093,115.25896103632704,5.393232323232323,2.1549891465549105
RHF_MPM_P28,1496,0.0748,74.8,0,255,5.529166666666667,28.026011913042492,79620,312.2352941176471,27,189,255,1.112317256776585,108,108,205,0.01423611111111111,20,18,0.5694444444444444,69.14146341463415,59.59512195121951,0.099375,0.0059722222222222225,0.023541666666666666,0.012777777777777779,0.009652777777777777,1,76.97472996734489,66.55234865611655,19.044673269876395,4.646116986975515,0.9697855790455147,-136.21772954875865,-1.3208120596696664,1.3208120596696664,0.01827430293896006,-6,-0.03527777777777796,-508,1.4807894935859929,262.45454545454544,111.08503183381937,5.584450757575758,2.063296064753298
RHF_MPM_P28,1497,0.07485,74.85,0,255,5.465833333333333,29.54429488778953,78708,308.6588235294118,20,217,255,0.9234894066380629,107,107,245,0.017013888888888887,21,20,0.5833333333333334,69.92244897959183,60.71836734693878,0.079375,0.006666666666666667,0.023541666666666666,0.015416666666666667,0.01125,1,75.18440311023022,64.90798902271688,17.161079903057047,3.7438021079037846,0.9759137854292488,-139.41686907453303,-1.5178562942527145,1.5178562942527145,0.013912181735020582,40,-0.06333333333333346,-912,2.4308823211460444,264.90909090909093,110.37164865329449,5.592354797979798,2.0626598970121734
