video_id,frame_index,physical_time_s,physical_time_ms,pixel_min,pixel_max,mean_intensity,std_intensity,total_intensity,effective_area,p95,p99,p999,entropy,otsu_threshold,segmentation_threshold,threshold_area,threshold_area_fraction,bbox_width,bbox_height,bbox_fill,threshold_centroid_x,threshold_centroid_y,nonzero_fraction,saturation_fraction,bright_fraction_64,bright_fraction_128,bright_fraction_200,active_candidate,centroid_x,centroid_y,major_sigma,minor_sigma,eccentricity,orientation_deg,tail_skewness,abs_tail_skewness,outer_intensity_fraction,delta_area,delta_mean_intensity,delta_total_intensity,centroid_motion,rolling_area_mean,rolling_area_std,rolling_intensity_mean,rolling_intensity_std
RHF_MPM_P44,0,0.0,0.0,0,11,0.01986111111111111,0.3466425995474123,286,26.0,0,0,7,0.05937255773579502,3,8,9,0.000625,64,107,0.001314252336448598,92.33333333333333,64.66666666666667,0.004861111111111111,0.0,0.0,0.0,0.0,0,84.32517482517483,65.63986013986013,30.696184861259482,25.606866125716994,0.5514566629718364,120.39829762170478,-0.029438963136597173,0.029438963136597173,0.0,0.0,0.0,0.0,0.0,9.0,0.0,0.01986111111111111,0.0
RHF_MPM_P44,1,5e-05,0.05,0,255,3.076388888888889,21.948978039076817,44300,173.72549019607843,3,96,255,0.6608402865733616,105,105,136,0.009444444444444445,14,13,0.7472527472527473,65.48529411764706,57.51470588235294,0.05576388888888889,0.0029861111111111113,0.012777777777777779,0.008263888888888888,0.005833333333333334,1,66.23471783295712,58.883860045146726,7.078397591940366,5.343041299425801,0.6559116244955139,72.10573519785065,-0.17030608740080025,0.17030608740080025,0.014943566591422121,127,3.0565277777777777,44014,19.3108304188879,72.5,63.5,1.548125,1.5282638888888889
RHF_MPM_P44,2,0.0001,0.1,0,255,4.4840277777777775,24.057059379716975,64570,253.2156862745098,21,124,255,1.086831848993447,101,101,171,0.011875,12,23,0.6195652173913043,66.11111111111111,60.53216374269006,0.09916666666666667,0.0038888888888888888,0.016805555555555556,0.009791666666666667,0.006736111111111111,1,68.44245005420474,68.54224872231687,15.024541052898059,5.264784676707177,0.9365955305399001,76.13896571051342,0.9754831235811517,0.9754831235811517,0.04023540343812916,35,1.4076388888888887,20270,9.90749985617075,105.33333333333333,69.60044699728746,2.526759259259259,1.8634672976773785
RHF_MPM_P44,3,0.00015,0.15,0,255,5.235347222222222,26.756428885129502,75389,295.64313725490194,23,148,255,1.1108756467962242,90,90,266,0.018472222222222223,16,37,0.44932432432432434,66.78195488721805,65.5375939849624,0.09895833333333333,0.004722222222222222,0.024583333333333332,0.012430555555555556,0.007916666666666667,1,68.71762458714136,70.15745002586584,16.499506560111204,5.427565258099063,0.9443462294691057,71.28471406503377,1.0768783770521577,1.0768783770521577,0.04621363859448991,95,0.7513194444444444,10819,1.6384737637701687,145.5,92.05025801158843,3.2039062499999997,1.9949854431404996
RHF_MPM_P44,4,0.0002,0.2,0,255,6.055625,29.273398101602943,87201,341.9647058823529,30,200,255,1.1422673764615092,103,103,247,0.017152777777777777,13,41,0.4634146341463415,66.29554655870446,63.611336032388664,0.10076388888888889,0.006111111111111111,0.02826388888888889,0.014513888888888889,0.010069444444444445,1,68.11212027385007,71.71260650680611,17.445588245774708,4.847152401636451,0.9606262017692826,77.90273752034993,0.8643342321272868,0.8643342321272868,0.022453870941846997,-19,0.8202777777777781,11812,1.6688760150547075,165.8,91.79847493286584,3.77425,2.117815267517506
RHF_MPM_P44,5,0.00025,0.25,0,255,5.879722222222222,30.109865583864618,84668,332.03137254901964,25,231,255,1.0713127994400813,107,107,253,0.017569444444444443,14,26,0.695054945054945,65.98418972332016,62.426877470355734,0.095,0.007083333333333333,0.023680555555555555,0.015694444444444445,0.011597222222222222,1,67.57699485047479,69.59490008031369,17.341626061338857,4.796443524630184,0.9609892936989713,77.91181282075318,1.396809580489894,1.396809580489894,0.020763452544054425,6,-0.17590277777777796,-2533,2.1842709830856286,180.33333333333334,89.88078524109342,4.125162037037037,2.0864597315698714
RHF_MPM_P44,6,0.0003,0.3,0,255,5.666597222222222,31.55127697413975,81599,319.99607843137255,17,247,255,0.8698775532776801,109,109,278,0.019305555555555555,15,25,0.7413333333333333,65.97841726618705,62.84532374100719,0.0751388888888889,0.008263888888888888,0.02423611111111111,0.017847222222222223,0.013125,1,66.35284746136595,64.94577139425728,10.624929396301365,4.47855487472189,0.9068219648484757,84.23561038486551,1.4341235331943263,1.4341235331943263,0.030196448485888306,25,-0.2131249999999998,-3069,4.807591327242221,194.28571428571428,89.95826696818013,4.345367063492064,2.0055806399419667
RHF_MPM_P44,7,0.00035,0.35,0,255,6.080486111111111,32.87394032575764,87559,343.3686274509804,18,252,255,0.8859003766519269,108,108,308,0.021388888888888888,15,28,0.7333333333333333,66.09740259740259,63.45779220779221,0.07673611111111112,0.009097222222222222,0.02715277777777778,0.019375,0.014583333333333334,1,66.38306741739855,65.04831028220971,10.106063511889301,4.496728813146241,0.895553650189204,86.60895105451849,1.0791657838345525,1.0791657838345525,0.0253771742482212,30,0.41388888888888875,5960,0.10689934183676672,208.5,92.16968048116473,4.562256944444444,1.9618481168564097
RHF_MPM_P44,8,0.0004,0.4,0,255,6.802152777777778,34.8915316585079,97951,384.121568627451,20,254,255,0.9490858999459714,108,108,352,0.024444444444444446,15,31,0.7569892473118279,66.13636363636364,64.78977272727273,0.0825,0.009930555555555555,0.030833333333333334,0.0225,0.016319444444444445,1,66.39406437912834,66.00947412481752,10.421376777990343,4.6713624060074,0.8939091873217865,84.98607299840087,0.9287629122995583,0.9287629122995583,0.017855866708864635,44,0.7216666666666667,10392,0.9612267503060264,224.44444444444446,97.90370678615359,4.8111342592592585,1.979069881215906
RHF_MPM_P44,9,0.00045,0.45,0,255,7.135486111111111,35.643515331408636,102751,402.9450980392157,23,255,255,0.9977009494588163,108,108,364,0.025277777777777777,15,32,0.7583333333333333,66.13736263736264,64.90934065934066,0.08701388888888889,0.010625,0.03277777777777778,0.02326388888888889,0.016944444444444446,1,66.36895018053352,66.3428190479898,10.713747067215323,4.736036129033663,0.8969892961311761,85.48587669090928,0.8418004375856907,0.8418004375856907,0.012934180689239034,12,0.33333333333333304,4800,0.33428963605801576,238.4,101.87953670880134,5.0435694444444445,2.002818232658917
RHF_MPM_P44,10,0.0005,0.5,0,255,7.347847222222223,35.88515113183219,105809,414.9372549019608,27,255,255,1.025255118447867,108,108,368,0.025555555555555557,16,33,0.696969696969697,66.06521739130434,65.02173913043478,0.08930555555555555,0.010763888888888889,0.03388888888888889,0.02340277777777778,0.017083333333333332,1,66.36246444064305,66.81426910754284,11.186758913056591,4.725540225528622,0.9063989815677205,85.08195439813404,0.8641808758890026,0.8641808758890026,0.009072952206334054,4,0.2123611111111119,3058,0.47149466961407666,250.1818181818182,104.03829555576523,5.253049242424242,2.021246356369171
RHF_MPM_P44,11,0.00055,0.55,0,255,7.159375,35.320034087507736,103095,404.29411764705884,29,255,255,1.007042120053227,111,111,341,0.023680555555555555,17,29,0.691683569979716,65.87683284457478,63.82697947214076,0.08784722222222222,0.010555555555555556,0.03125,0.022222222222222223,0.016875,1,66.24643290169261,66.45597749648383,11.30246388729479,4.738084164815363,0.9078901845456276,86.30668447042689,0.8442917683185966,0.8442917683185966,0.012745525971191619,-27,-0.18847222222222282,-2714,0.3766114663502324,280.3636363636364,73.31286967173044,5.90209595959596,1.2267379874724342
RHF_MPM_P44,12,0.0006,0.6,0,255,7.235416666666667,35.379662960736034,104190,408.5882352941176,28,255,255,1.061821118485492,110,110,348,0.024166666666666666,17,29,0.7058823529411765,65.74425287356321,63.666666666666664,0.09402777777777778,0.010763888888888889,0.03131944444444444,0.022430555555555554,0.016805555555555556,1,66.1641520299453,66.38444188501775,11.32261795510251,4.966084150205831,0.8986830843782526,85.91542298908735,0.979379675675626,0.979379675675626,0.018926960360879163,7,0.07604166666666679,1095,0.10902974623158289,299.6363636363636,59.368299969952936,6.280189393939394,0.8931237087994712
RHF_MPM_P44,13,0.00065,0.65,0,255,7.491875,36.01464888048161,107883,423.0705882352941,27,255,255,1.1107383511327562,107,107,372,0.025833333333333333,16,31,0.75,65.74462365591398,64.89784946236558,0.09930555555555555,0.010902777777777779,0.032916666666666664,0.02347222222222222,0.0175,1,66.12249381274158,67.2543959660002,11.553610048023303,4.943449324742444,0.9038400325095155,86.53439256961117,0.8182667372051605,0.8182667372051605,0.018733257325065117,24,0.2564583333333337,3693,0.8709509228875161,317.90909090909093,46.502110500403475,6.55363005050505,0.7503870085547656
RHF_MPM_P44,14,0.0007,0.7,0,255,6.935069444444444,34.02033735087587,99865,391.62745098039215,26,254,255,1.0976692341298593,106,106,342,0.02375,16,30,0.7125,65.81286549707602,64.09356725146199,0.09791666666666667,0.00951388888888889,0.030972222222222224,0.020763888888888887,0.015069444444444444,1,66.11421418915536,67.20364492064287,12.129447967971553,4.744916269144969,0.9203100260018224,86.54481262438537,1.057936366753896,1.057936366753896,0.020737996294998246,-30,-0.556805555555556,-8018,0.05142198723883855,324.8181818181818,43.84646390182696,6.708150252525252,0.6280469194569449
RHF_MPM_P44,15,0.00075,0.75,0,255,6.375972222222222,32.5294850080372,91814,360.0549019607843,22,251,255,1.0645060865778886,108,108,299,0.020763888888888887,15,27,0.7382716049382716,65.7190635451505,62.702341137123746,0.09541666666666666,0.008888888888888889,0.027569444444444445,0.01861111111111111,0.014027777777777778,1,66.04180190384909,66.45063933604897,12.148869841736637,4.6569423468977,0.9236143174854228,86.99586274891917,1.246062084463729,1.246062084463729,0.02351493236325615,-43,-0.5590972222222224,-8051,0.7564793120058797,329.54545454545456,37.55326795212765,6.737272727272727,0.6040842805569591
RHF_MPM_P44,16,0.0008,0.8,0,255,6.026111111111111,31.687219407285202,86776,340.2980392156863,20,248,255,1.0538260544214593,108,108,281,0.01951388888888889,15,26,0.7205128205128205,65.75800711743773,62.15658362989324,0.09541666666666666,0.008611111111111111,0.025277777777777777,0.017708333333333333,0.01326388888888889,1,66.04962201530377,65.83368673365908,11.943836968428426,4.811627259831137,0.9152640785398092,87.38892796683952,1.3604645601338923,1.3604645601338923,0.02549091914815156,-18,-0.3498611111111112,-5038,0.6170021618591116,332.09090909090907,32.944732081181456,6.750580808080807,0.5863993224139313
RHF_MPM_P44,17,0.00085,0.85,0,255,5.761875,31.112493548696932,82971,325.3764705882353,19,246,255,1.025166428112753,109,109,270,0.01875,15,25,0.72,65.81481481481481,61.818518518518516,0.0926388888888889,0.00798611111111111,0.024166666666666666,0.017013888888888887,0.012916666666666667,1,66.10491617553122,65.36213857853949,11.712934670532741,4.698393326710555,0.9160217408960987,87.77728997773923,1.4506538637384307,1.4506538637384307,0.026659917320509575,-11,-0.2642361111111109,-3805,0.4747790083311914,331.3636363636364,34.19535515314305,6.759242424242425,0.5708207264811175
RHF_MPM_P44,18,0.0009,0.9,0,255,5.433680555555555,30.386956568716556,78245,306.84313725490193,17,241,255,0.9592829291919693,109,109,255,0.017708333333333333,15,24,0.7083333333333334,65.78823529411764,61.65098039215686,0.08611111111111111,0.0077083333333333335,0.022569444444444444,0.01625,0.0125,1,66.08643363793213,64.88408204997124,11.323034447630747,4.470216319379878,0.9187715527932175,88.59963977390613,1.4963039306712493,1.4963039306712493,0.02658316825356253,-15,-0.3281944444444447,-4726,0.47841367946874536,326.54545454545456,40.331272856778696,6.70044191919192,0.6635011105936864
RHF_MPM_P44,19,0.00095,0.95,0,255,5.078888888888889,29.379053363633243,73136,286.8078431372549,15,229,255,0.9098822396852666,110,110,235,0.016319444444444445,15,22,0.7121212121212122,65.80425531914894,61.204255319148935,0.08104166666666666,0.007222222222222222,0.021319444444444443,0.015069444444444444,0.011458333333333333,1,66.08299606213083,64.34915773353752,10.968286345507737,4.4106035306419535,0.9155855227090092,89.26109500659015,1.5304073199075288,1.5304073199075288,0.025910632246773136,-20,-0.3547916666666664,-5109,0.5349353617395927,315.90909090909093,47.07914911074472,6.543781565656565,0.808572983303539
RHF_MPM_P44,20,0.001,1.0,0,255,4.800902777777778,28.620182986574218,69133,271.10980392156864,14,219,255,0.8717960692939108,109,109,221,0.015347222222222222,14,20,0.7892857142857143,65.7918552036199,60.98190045248869,0.0775,0.006805555555555555,0.02013888888888889,0.01423611111111111,0.010902777777777779,1,66.06737737404713,63.88157609245946,10.69298925108195,4.356927455690882,0.9132246383928808,89.33985958159555,1.5696537856251618,1.5696537856251618,0.02707824049296284,-14,-0.2779861111111108,-4003,0.46784242485126365,302.90909090909093,51.53719670905762,6.331546717171716,0.9236156827044286
RHF_MPM_P44,21,0.00105,1.05,0,255,4.6559027777777775,28.352454330200473,67045,262.921568627451,13,216,255,0.8293764788327105,111,111,215,0.014930555555555556,14,20,0.7678571428571429,65.88837209302325,60.86511627906977,0.07319444444444445,0.006597222222222222,0.01986111111111111,0.014097222222222223,0.010763888888888889,1,66.0990677902901,63.368289954508164,10.090199124607468,4.3158204560620606,0.9039093810599164,89.29044984518445,1.557967615070334,1.557967615070334,0.025922887612797374,-6,-0.14500000000000046,-2088,0.5142634946159523,289.0,52.72570530585627,6.086824494949496,0.977002023410567
RHF_MPM_P44,22,0.0011,1.1,0,255,4.618611111111111,28.405500509269306,66508,260.8156862745098,13,213,255,0.7985506737465891,110,110,221,0.015347222222222222,14,21,0.7517006802721088,65.90045248868778,60.59276018099548,0.06986111111111111,0.006597222222222222,0.01965277777777778,0.014027777777777778,0.010833333333333334,1,66.1473356588681,62.871429001022435,9.353997800586429,4.311361783705478,0.8874462922493097,89.88911105237759,1.521950392949501,1.521950392949501,0.02320021651530643,6,-0.0372916666666665,-537,0.4991999541624685,278.09090909090907,53.249762347663534,5.8558459595959595,0.9962788275329679
RHF_MPM_P44,23,0.00115,1.15,0,255,4.536388888888889,28.2682597480301,65324,256.17254901960786,12,213,255,0.765171531991679,110,110,216,0.015,15,20,0.72,65.91666666666667,60.726851851851855,0.06618055555555556,0.006597222222222222,0.01951388888888889,0.013958333333333333,0.010625,1,66.1798726348662,62.63385585695916,8.730518843794103,4.379245087102493,0.8650985524934108,89.1611409723278,1.2500483802945033,1.2500483802945033,0.021676566040046537,-5,-0.08222222222222175,-1184,0.23979085384395096,266.09090909090907,50.96782326394235,5.6104797979797985,0.9579233250677643
RHF_MPM_P44,24,0.0012,1.2,0,255,4.499236111111111,28.19449068474246,64789,254.07450980392156,11,206,255,0.7550869265052712,110,110,217,0.015069444444444444,15,20,0.7233333333333334,66.01382488479263,60.654377880184335,0.06534722222222222,0.006597222222222222,0.019444444444444445,0.013888888888888888,0.010555555555555556,1,66.20154655882943,62.271326922780105,8.44269585392988,4.488123309291123,0.8469965635634334,90.16394790863163,0.7516720322426409,0.7516720322426409,0.02001883035700505,1,-0.037152777777778034,-535,0.36317624798018455,252.0,39.981814047707424,5.338421717171716,0.7962886123965033
RHF_MPM_P44,25,0.00125,1.25,0,255,4.5025,28.341900555243882,64836,254.25882352941176,10,215,255,0.7270145371502814,109,109,221,0.015347222222222222,15,21,0.7015873015873015,65.95927601809954,60.619909502262445,0.06222222222222222,0.006805555555555555,0.01951388888888889,0.013958333333333333,0.010902777777777779,1,66.17440927879574,62.21019186871491,8.041025578120834,4.3650429551398835,0.8398319048110042,90.73198604942638,0.6790659793423227,0.6790659793423227,0.017937565550003084,4,0.003263888888889177,47,0.06688741887068116,241.0,28.78446550737836,5.117279040404039,0.6457108366628542
RHF_MPM_P44,26,0.0013,1.3,0,255,4.528611111111111,28.44539141083195,65212,255.73333333333332,10,219,255,0.7291436926134743,110,110,221,0.015347222222222222,14,21,0.7517006802721088,65.88235294117646,60.660633484162894,0.06243055555555556,0.006736111111111111,0.019583333333333335,0.014027777777777778,0.010833333333333334,1,66.14577071704595,62.18384653131326,7.937096163515553,4.398951145763898,0.8323657193709632,91.04007597558355,0.5992332238676197,0.5992332238676197,0.018064159970557565,0,0.026111111111110752,376,0.03891328850024348,233.9090909090909,22.556815319441082,4.949337121212121,0.5255593872683058
RHF_MPM_P44,27,0.00135,1.35,0,255,4.580208333333333,28.646617697594824,65955,258.6470588235294,10,219,255,0.721030357938319,110,110,226,0.015694444444444445,15,22,0.6848484848484848,65.96902654867256,60.823008849557525,0.06159722222222222,0.006944444444444444,0.01986111111111111,0.014305555555555556,0.010972222222222222,1,66.1693124099765,62.14755515123948,7.81583882309265,4.36523540579839,0.8294968173377906,92.17182162734436,0.4773617806446697,0.4773617806446697,0.016662876203472066,5,0.05159722222222207,743,0.04325824284105474,228.9090909090909,16.967640568042484,4.817891414141413,0.4073300525418916
RHF_MPM_P44,28,0.0014,1.4,0,255,4.627430555555556,28.775418913992077,66635,261.3137254901961,10,221,255,0.7357926234027736,108,108,233,0.016180555555555556,15,22,0.706060606060606,66.00429184549357,60.92274678111588,0.06305555555555556,0.006944444444444444,0.02034722222222222,0.014375,0.011041666666666667,1,66.23805807758686,62.25039393712013,7.873883549362753,4.648077779798716,0.8071723913005953,88.12536324663648,0.5487649039352029,0.5487649039352029,0.017588354468372477,7,0.0472222222222225,680,0.12370037468253653,225.54545454545453,11.162955264979516,4.714760101010101,0.2785137619897201
RHF_MPM_P44,29,0.00145,1.45,0,255,4.652291666666667,28.780078498144775,66993,262.7176470588235,11,223,255,0.7498720765481054,110,110,227,0.01576388888888889,15,22,0.6878787878787879,65.99559471365639,60.863436123348016,0.064375,0.006944444444444444,0.02020833333333333,0.014513888888888889,0.011041666666666667,1,66.25457883659487,62.24972758347887,7.926675375062069,4.518865519625183,0.8215868749676163,92.01029406830223,0.37102964040984066,0.37102964040984066,0.01704655710298091,-6,0.024861111111111,358,0.016534192008568132,223.0,6.2812853345908,4.643724747474747,0.1609117547966162
RHF_MPM_P44,30,0.0015,1.5,0,255,4.685069444444444,28.929697820188164,67465,264.5686274509804,11,227,255,0.7341870446772267,110,110,229,0.015902777777777776,15,22,0.693939393939394,66.10480349344978,60.930131004366814,0.06277777777777778,0.007083333333333333,0.020277777777777777,0.014652777777777778,0.011041666666666667,1,66.25039650188987,62.354969243311345,7.898739742845879,4.429563300476093,0.8279555859738087,90.13573318493401,0.5368896694314148,0.5368896694314148,0.01541540057807752,2,0.03277777777777757,472,0.10532473065656792,222.45454545454547,5.416534221733175,4.60792297979798,0.08689630334600246
RHF_MPM_P44,31,0.00155,1.55,0,255,4.679791666666667,28.85810174054608,67389,264.2705882352941,11,220,255,0.7482183897933036,110,110,229,0.015902777777777776,15,22,0.693939393939394,65.9650655021834,61.004366812227076,0.06402777777777778,0.006944444444444444,0.02020833333333333,0.014513888888888889,0.010972222222222222,1,66.22573417026517,62.47003220110107,8.131588210984823,4.629658924508091,0.8221004164936931,90.3329729810535,0.4701838433288186,0.4701838433288186,0.017510276157829914,0,-0.005277777777777715,-76,0.11767631391442597,223.1818181818182,5.701964283842444,4.596912878787879,0.06718434818016633
RHF_MPM_P44,32,0.0016,1.6,0,255,4.592083333333333,28.658155104490863,66126,259.3176470588235,11,220,255,0.7287627616021324,110,110,224,0.015555555555555555,15,21,0.7111111111111111,65.91964285714286,61.004464285714285,0.06243055555555556,0.006875,0.019791666666666666,0.014305555555555556,0.011111111111111112,1,66.19644315397876,62.33702325862747,7.971349276363126,4.491958400066306,0.8261072423383534,91.93349398564357,0.5412273675334784,0.5412273675334784,0.017058343163052353,-5,-0.0877083333333335,-1263,0.13619597061967897,224.0,5.081159495448044,4.591111111111112,0.06454339891665849
RHF_MPM_P44,33,0.00165,1.65,0,255,4.619305555555556,28.728824367135992,66518,260.85490196078433,11,223,255,0.7339096406220829,110,110,228,0.015833333333333335,15,22,0.6909090909090909,65.98684210526316,60.86842105263158,0.06305555555555556,0.006805555555555555,0.01965277777777778,0.014513888888888889,0.011111111111111112,1,66.17913948104272,62.35340810006314,8.002252207256115,4.427999077296979,0.8329527613323553,91.19121471065056,0.7915718270604709,0.7915718270604709,0.017589223969451877,4,0.027222222222222925,392,0.023830235541209523,224.63636363636363,5.103879580952073,4.591174242424243,0.06457060028808864
RHF_MPM_P44,34,0.0017,1.7,0,255,4.609444444444445,28.64776207513565,66376,260.2980392156863,11,218,255,0.7493970688265579,110,110,226,0.015694444444444445,15,21,0.7174603174603175,66.07964601769912,61.07079646017699,0.06472222222222222,0.006805555555555555,0.019791666666666666,0.014444444444444444,0.011041666666666667,1,66.35393817042305,62.313230685790046,7.962015560659932,4.647915940840742,0.8119253873229269,90.44994911631593,0.625691643197081,0.625691643197081,0.019223815837049536,-2,-0.00986111111111132,-142,0.1793566458951301,225.54545454545453,4.314112915528972,4.597815656565657,0.06231165056486415
RHF_MPM_P44,35,0.00175,1.75,0,255,4.603958333333333,28.65657328894944,66297,259.98823529411766,10,218,255,0.7433016499672315,110,110,224,0.015555555555555555,14,21,0.7619047619047619,66.20089285714286,61.02232142857143,0.06395833333333334,0.006736111111111111,0.020069444444444445,0.014513888888888889,0.010833333333333334,1,66.37488875816402,62.28778074422674,7.971725078099697,4.552845079690071,0.8208636623759586,91.71202845254788,0.4971071715180457,0.4971071715180457,0.018914883026381283,-2,-0.005486111111111747,-79,0.03296402057194966,226.1818181818182,3.432946834272583,4.607335858585858,0.053963783091981236
RHF_MPM_P44,36,0.0018,1.8,0,255,4.630347222222222,28.719695789968345,66677,261.47843137254904,10,218,255,0.742640762474036,111,111,223,0.015486111111111112,15,21,0.707936507936508,66.13004484304933,60.964125560538115,0.0636111111111111,0.006875,0.02013888888888889,0.014513888888888889,0.010833333333333334,1,66.37194234893592,62.33468812334088,7.899344464058665,4.523598930104973,0.819796484621145,90.0471540813009,0.6905826265983219,0.6905826265983219,0.017757247626617876,-1,0.02638888888888946,380,0.046999824921988925,226.36363636363637,3.198656742865306,4.618958333333333,0.042731777871595045
RHF_MPM_P44,37,0.00185,1.85,0,255,4.63375,28.73705070392093,66726,261.67058823529413,10,218,255,0.7336921436429351,109,109,228,0.015833333333333335,15,21,0.7238095238095238,66.12280701754386,61.0,0.06270833333333334,0.006805555555555555,0.020277777777777777,0.014305555555555556,0.010902777777777779,1,66.27639900488565,62.39272547432785,8.00777500437179,4.523243811380643,0.8251891464427931,89.750781381514,0.5724507280316509,0.5724507280316509,0.016650181338608638,5,0.0034027777777776436,49,0.11178937651625226,227.0,2.73030134866931,4.628516414141414,0.03181951957264753
RHF_MPM_P44,38,0.0019,1.9,0,255,4.588055555555556,28.651488648492442,66068,259.09019607843135,9,219,255,0.7206709769071953,110,110,223,0.015486111111111112,14,21,0.7585034013605442,66.2152466367713,61.03139013452915,0.06118055555555556,0.006805555555555555,0.02013888888888889,0.014305555555555556,0.010972222222222222,1,66.30093237270691,62.34968517285221,7.871943139445592,4.338602345495843,0.8344077865534414,92.3625668146013,0.47612697249343905,0.47612697249343905,0.01627111460919053,-5,-0.04569444444444404,-658,0.04954143405036784,226.72727272727272,2.956991994052835,4.629229797979797,0.030800106860514573
RHF_MPM_P44,39,0.00195,1.95,0,255,4.567986111111111,28.4724640876414,65779,257.956862745098,11,217,255,0.7287014122908336,110,110,219,0.015208333333333334,14,21,0.7448979591836735,66.20091324200914,60.926940639269404,0.06208333333333333,0.006736111111111111,0.01986111111111111,0.014166666666666666,0.010763888888888889,1,66.27493576977454,62.47860259353289,8.055199507166677,4.447629927281868,0.83374877735784,90.69401165993261,0.6490587818372262,0.6490587818372262,0.01705711549278645,-4,-0.02006944444444514,-289,0.13151245081353444,225.45454545454547,2.9958649187789237,4.623825757575758,0.035498302311782054
RHF_MPM_P44,40,0.002,2.0,0,255,4.5945833333333335,28.559437506010553,66162,259.45882352941175,11,216,255,0.7416329319823012,110,110,221,0.015347222222222222,14,21,0.7517006802721088,66.28506787330316,60.914027149321264,0.06368055555555556,0.006805555555555555,0.02013888888888889,0.01423611111111111,0.010833333333333334,1,66.35623167377044,62.464798524832986,8.143717663137688,4.513354866605434,0.832374831145802,89.55133764212226,0.7579206232217809,0.7579206232217809,0.018424473262597867,2,0.026597222222222605,383,0.08245954353003242,224.9090909090909,3.2038200339465632,4.618579545454545,0.03516646824175127
RHF_MPM_P44,41,0.00205,2.05,0,255,4.597152777777778,28.637056028936303,66199,259.60392156862747,10,217,255,0.7314898513939103,110,110,222,0.015416666666666667,14,21,0.7551020408163265,66.27927927927928,60.96396396396396,0.0625,0.006805555555555555,0.020069444444444445,0.014375,0.010972222222222222,1,66.34559434432545,62.40718137736219,8.034266992105465,4.493900416811985,0.8289372004240262,89.78496875669593,0.6974415189265752,0.6974415189265752,0.017598453148839108,1,0.00256944444444418,37,0.058590856457235656,224.27272727272728,3.0178532132177875,4.610587121212121,0.028506805857208828
RHF_MPM_P44,42,0.0021,2.1,0,255,4.519097222222222,28.392901533980737,65075,255.19607843137254,10,212,255,0.7317386109875439,111,111,218,0.01513888888888889,14,20,0.7785714285714286,66.28440366972477,60.84862385321101,0.06284722222222222,0.006736111111111111,0.01965277777777778,0.014097222222222223,0.010833333333333334,1,66.44903572800615,62.28302727621975,7.96682222851243,4.5049680077134155,0.8247715282085486,90.84546075965594,0.6316959146266318,0.6316959146266318,0.018947368421052633,-4,-0.07805555555555532,-1124,0.16159938331648058,223.27272727272728,3.1069104528427385,4.5959785353535345,0.03041027293371557
RHF_MPM_P44,43,0.00215,2.15,0,255,4.575625,28.576390853162486,65889,258.38823529411764,10,217,255,0.732809022433653,109,109,223,0.015486111111111112,14,21,0.7585034013605442,66.26008968609865,60.937219730941706,0.06277777777777778,0.006805555555555555,0.020069444444444445,0.014166666666666666,0.010902777777777779,1,66.30938396393935,62.33504833887295,8.123572014692225,4.435046888205152,0.8378191430869525,90.44636382929531,0.6212781924807074,0.6212781924807074,0.01821244820835041,5,0.05652777777777729,814,0.14902619288748248,223.1818181818182,3.098920099828966,4.594482323232324,0.03096493668609849
RHF_MPM_P44,44,0.0022,2.2,0,255,4.581944444444445,28.60266997244259,65980,258.7450980392157,10,217,255,0.7359530720350207,110,110,224,0.015555555555555555,14,20,0.8,66.25892857142857,60.955357142857146,0.063125,0.006805555555555555,0.01986111111111111,0.01423611111111111,0.010902777777777779,1,66.33652622006669,62.34931797514398,8.087435953407152,4.442546717274013,0.8356156176817497,90.89662750687856,0.6318637432763191,0.6318637432763191,0.017535616853591996,1,0.00631944444444521,91,0.03066471240676041,222.8181818181818,2.7242407388675813,4.591085858585859,0.030092599803394415
RHF_MPM_P44,45,0.00225,2.25,0,255,4.596666666666667,28.696614008547343,66192,259.5764705882353,10,221,255,0.7250351128012014,110,110,224,0.015555555555555555,14,22,0.7272727272727273,66.25,60.90625,0.06194444444444445,0.006805555555555555,0.019930555555555556,0.014375,0.010833333333333334,1,66.35992264926276,62.25667754411409,7.822026058303294,4.395440880911733,0.8271839397683444,91.79284184709435,0.588142052652265,0.588142052652265,0.01714708726130046,0,0.014722222222221859,212,0.09554916200852236,222.63636363636363,2.568081253059188,4.589924242424242,0.029604169029395656
RHF_MPM_P44,46,0.0023,2.3,0,255,4.627916666666667,28.634466384135163,66642,261.3411764705882,10,216,255,0.7393974957449322,107,107,226,0.015694444444444445,14,21,0.7687074829931972,66.30088495575221,61.07964601769911,0.06326388888888888,0.006736111111111111,0.02048611111111111,0.014375,0.010902777777777779,1,66.44983643948261,62.390894631013474,7.8299588048498885,4.468311368766883,0.8211804837788669,91.97414449675556,0.5951043116380789,0.5951043116380789,0.01754149035143003,2,0.03125,450,0.1615509705556001,222.8181818181818,2.7242407388675813,4.592102272727273,0.03138436449063733
RHF_MPM_P44,47,0.00235,2.35,0,255,4.541805555555555,28.423419081727744,65402,256.47843137254904,10,215,255,0.7315070836422788,111,111,218,0.01513888888888889,14,20,0.7785714285714286,66.3440366972477,60.825688073394495,0.0625,0.006736111111111111,0.01951388888888889,0.014097222222222223,0.010833333333333334,1,66.46815082107581,62.306565548454174,7.991149768995435,4.570975734623945,0.8202502974105432,90.6789824091792,0.5443387721997727,0.5443387721997727,0.016528546527629126,-8,-0.08611111111111125,-1240,0.08629490563431078,222.36363636363637,3.053246477044848,4.58405303030303,0.03189350451969656
RHF_MPM_P44,48,0.0024,2.4,0,255,4.597291666666667,28.621613936527012,66201,259.61176470588236,10,216,255,0.7485860723054418,110,110,225,0.015625,15,21,0.7142857142857143,66.25777777777778,61.04,0.0642361111111111,0.006805555555555555,0.01986111111111111,0.014375,0.010902777777777779,1,66.45818039002432,62.3056449298349,8.041813623462067,4.748267458592562,0.8070761669738891,90.39393154271716,0.49455497784062874,0.49455497784062874,0.018534463225631032,7,0.05548611111111157,799,0.010012843452015883,222.0909090909091,2.6441890131361796,4.580738636363637,0.028242114511188025
RHF_MPM_P44,49,0.00245,2.45,0,255,4.552708333333333,28.501756761614956,65559,257.09411764705885,10,216,255,0.7482194348496594,109,109,223,0.015486111111111112,14,21,0.7585034013605442,66.27802690582959,60.75784753363229,0.06465277777777778,0.006805555555555555,0.01951388888888889,0.01423611111111111,0.010972222222222222,1,66.49411980048507,62.07614515169542,7.983760664931842,4.68916393118837,0.8093419433702265,90.28400292722523,0.38808535467267047,0.38808535467267047,0.019524397870620356,-2,-0.04458333333333364,-642,0.23229677008158084,222.0909090909091,2.644189013136179,4.577525252525253,0.029220733208370625
RHF_MPM_P44,50,0.0025,2.5,0,255,4.628611111111111,28.921020100033527,66652,261.38039215686274,10,223,255,0.7210893048558391,109,109,229,0.015902777777777776,14,22,0.7435064935064936,66.27510917030568,61.0,0.06145833333333333,0.006944444444444444,0.02013888888888889,0.014861111111111111,0.01125,1,66.45380483706415,62.28128188201404,7.534750933133074,4.396520234319983,0.8121137999896227,88.50697070244698,1.0440631559854765,1.0440631559854765,0.0183040268859149,6,0.07590277777777743,1093,0.20906069549641348,223.0,3.1042492870843406,4.583036616161617,0.03244156571950598
RHF_MPM_P44,51,0.00255,2.55,0,12,0.02034722222222222,0.3644857739840176,293,24.416666666666668,0,0,7,0.05729495835683922,3,8,11,0.0007638888888888889,93,107,0.0011054165410511506,83.72727272727273,63.27272727272727,0.004652777777777777,0.0,0.0,0.0,0.0,0,82.37542662116041,64.31399317406144,32.18496176901982,26.19221341878912,0.5811410596771435,120.03068420243606,-0.12197435444792391,0.12197435444792391,0.0,-218,-4.608263888888889,-66359,16.05085528663895,203.9090909090909,61.078867860934956,4.16719696969697,1.3117451754558604
RHF_MPM_P44,52,0.0026,2.6,0,255,3.7050694444444443,23.213678962357516,53353,209.22745098039215,11,115,255,0.8032709518367107,101,101,161,0.011180555555555555,15,15,0.7155555555555555,64.34782608695652,56.09316770186335,0.06840277777777778,0.0030555555555555557,0.016458333333333332,0.009375,0.006458333333333333,1,62.82284032762919,55.797724589057786,7.260823878545476,5.919466629857026,0.5790936718809696,171.2489775577003,0.060475387158931096,0.060475387158931096,0.0156317357974247,150,3.6847222222222222,53060,21.326754590839773,198.36363636363637,61.94759181946789,4.086098484848486,1.3102318568118418
RHF_MPM_P44,53,0.00265,2.65,0,255,5.533055555555555,25.73186020388866,79676,312.4549019607843,26,160,255,1.4385734198450877,101,101,198,0.01375,24,12,0.6875,60.686868686868685,57.11616161616162,0.1398611111111111,0.0038888888888888888,0.01902777777777778,0.011944444444444445,0.0077083333333333335,1,53.081668256438576,53.43594055926502,16.1379289007074,8.183009434287607,0.8619067049789155,-174.13349180359253,1.1184566473700204,1.1184566473700204,0.027298057131382097,37,1.827986111111111,26323,10.02339548875171,196.54545454545453,61.637302218651556,4.1782765151515155,1.3716782978452677
RHF_MPM_P44,54,0.0027,2.7,0,255,4.794652777777777,26.34913527500567,69043,270.75686274509803,18,173,255,1.0483175219667213,95,95,247,0.017152777777777777,31,12,0.6639784946236559,57.659919028340084,57.38461538461539,0.094375,0.003611111111111111,0.020833333333333332,0.014583333333333334,0.007083333333333333,1,55.53549237431746,53.09928595223267,16.298704123681492,11.561660936659656,0.7048456073756133,-160.55154383793607,2.2224930423269225,2.2224930423269225,0.1002708457048506,49,-0.738402777777778,-10633,2.4768102724916528,198.72727272727272,62.94599548110617,4.198188131313132,1.37887264763167
RHF_MPM_P44,55,0.00275,2.75,0,255,4.403263888888889,27.44062687396041,63407,248.65490196078431,9,190,255,0.732465593438748,104,104,228,0.015833333333333335,25,12,0.76,59.85526315789474,56.73245614035088,0.06159722222222222,0.005138888888888889,0.02,0.014027777777777778,0.009652777777777777,1,60.85468481397953,54.65341366095226,11.875703678559866,6.647477303171363,0.828658566358365,116.71514898435393,-3.580578820356899,3.580578820356899,0.04188811960824514,-19,-0.3913888888888888,-5636,5.54158110516919,199.0909090909091,63.102304446401014,4.181944444444444,1.3753040090281412
RHF_MPM_P44,56,0.0028,2.8,0,255,4.506180555555556,28.54741602668678,64889,254.46666666666667,3,213,255,0.6639493763475265,106,106,240,0.016666666666666666,25,12,0.8,59.979166666666664,56.2375,0.05486111111111111,0.005625,0.021319444444444443,0.015,0.010972222222222222,1,59.8670961179861,56.33719120343972,7.493157330444265,4.331397867721281,0.8160034005545163,-177.15482373859672,0.2933431885379093,0.2933431885379093,0.006996563362049037,12,0.10291666666666721,1482,1.952034386233788,200.54545454545453,63.8398046766829,4.173718434343434,1.3730676499329777
RHF_MPM_P44,57,0.00285,2.85,0,255,5.825486111111111,31.520573579671325,83887,328.96862745098036,15,225,255,0.8170981136651307,99,99,331,0.02298611111111111,36,13,0.7072649572649573,55.794561933534744,56.948640483383684,0.06715277777777778,0.006388888888888889,0.029027777777777777,0.019375,0.01173611111111111,1,56.06425310238774,56.866892367112904,10.352718263881114,4.108824961905384,0.9178689130447227,177.13495989278832,0.4181750702765437,0.4181750702765437,0.003802734631110899,91,1.3193055555555553,18998,3.8395570479004437,210.0909090909091,73.97721337799602,4.282588383838384,1.4500822416505381
RHF_MPM_P44,58,0.0029,2.9,0,255,6.192638888888889,32.097342850090655,89174,349.7019607843137,19,235,255,0.8978414470690854,95,95,368,0.025555555555555557,42,14,0.6258503401360545,54.80978260869565,56.875,0.0751388888888889,0.007013888888888889,0.03215277777777778,0.01923611111111111,0.012222222222222223,1,55.445241886648574,56.80422544687914,11.354311429157928,4.317983527177196,0.9248653975302935,177.72257429028113,0.5493768817954179,0.5493768817954179,0.004339829995290107,37,0.3671527777777781,5287,0.6221752390624871,223.72727272727272,86.87827525189368,4.432664141414142,1.5510545652922159
RHF_MPM_P44,59,0.00295,2.95,0,255,6.354027777777778,32.78715361403517,91498,358.8156862745098,21,243,255,0.9369667804528935,103,103,331,0.02298611111111111,35,14,0.6755102040816326,57.48036253776435,56.73716012084592,0.07951388888888888,0.007638888888888889,0.03048611111111111,0.01965277777777778,0.01375,1,56.09295285142845,56.79121948020722,11.075911998481532,4.385580927175279,0.9182692074149635,177.5421559308414,0.687183222171025,0.687183222171025,0.0063826531727469455,-37,0.16138888888888836,2324,0.6478415308276773,233.36363636363637,92.20064358607237,4.592367424242425,1.6472415616504394
RHF_MPM_P44,60,0.003,3.0,0,255,6.940486111111111,34.6796810472858,99943,391.93333333333334,25,252,255,1.0126382291362876,105,105,363,0.025208333333333333,34,15,0.711764705882353,57.37190082644628,56.853994490358126,0.08798611111111111,0.009236111111111112,0.03159722222222222,0.02236111111111111,0.015694444444444445,1,56.01653942747366,56.85175550063536,10.910631026647883,4.551769630594593,0.9088208279344695,176.70884373246116,0.6955325286519876,0.6955325286519876,0.012827311567593529,32,0.5864583333333337,8445,0.0974865176820431,246.0909090909091,99.28238381272475,4.809438131313132,1.7797145915285153
RHF_MPM_P44,61,0.00305,3.05,0,255,7.937222222222222,36.94618764057855,114296,448.2196078431373,28,255,255,1.2796049754654344,109,109,386,0.026805555555555555,33,16,0.7310606060606061,57.4300518134715,56.63989637305699,0.11916666666666667,0.011527777777777777,0.035347222222222224,0.024930555555555556,0.01840277777777778,1,55.089320711136,56.91393399594037,11.635303408016046,5.208386217505714,0.8942156256421917,176.01420138084725,0.8245889577773793,0.8245889577773793,0.0196857282844544,23,0.9967361111111108,14353,0.9293011961712186,260.3636363636364,106.79995976103493,5.11022095959596,1.990805816764921
RHF_MPM_P44,62,0.0031,3.1,0,255,8.901597222222222,39.602119720259545,128183,502.678431372549,36,255,255,1.2904001012342707,110,110,443,0.03076388888888889,35,17,0.7445378151260504,56.03160270880361,56.88939051918736,0.11951388888888889,0.013680555555555555,0.03923611111111111,0.028819444444444446,0.021805555555555557,1,54.552538168087814,57.0844417746503,11.124001340322115,5.506525994188855,0.8688855309338986,176.31929681735923,0.5462562239956021,0.5462562239956021,0.015828932073675916,57,0.9643749999999995,13887,0.5632125718783892,299.6363636363636,85.10771007405607,5.917607323232323,1.504342349849837
RHF_MPM_P44,63,0.00315,3.15,0,255,9.292083333333334,40.31086796653327,133806,524.7294117647059,41,255,255,1.3435125246674404,110,110,463,0.03215277777777778,38,17,0.7167182662538699,54.70194384449244,56.99784017278618,0.12493055555555556,0.013958333333333333,0.041666666666666664,0.029652777777777778,0.022083333333333333,1,53.54401895281228,57.19149365499305,12.159330155644545,5.3508545654855535,0.8979675761264588,177.87432419249828,0.44606777950211657,0.44606777950211657,0.018011150471578256,20,0.3904861111111124,5623,1.0141849499301878,327.09090909090907,84.66667751241769,6.425517676767678,1.6109728071524927
RHF_MPM_P44,64,0.0032,3.2,0,255,8.3875,36.922568894241365,120780,473.6470588235294,38,255,255,1.348106409852642,104,104,422,0.029305555555555557,37,15,0.7603603603603604,54.91943127962085,56.89336492890995,0.123125,0.010208333333333333,0.03840277777777778,0.025,0.017361111111111112,1,52.937713197549265,57.09984268918695,12.948434577286138,5.131361133235219,0.9181245257336633,176.07073160883314,0.697409764860776,0.697409764860776,0.01923331677430038,-41,-0.9045833333333348,-13026,0.6131937445850595,347.45454545454544,77.83124359368058,6.685012626262627,1.674942042990878
RHF_MPM_P44,65,0.00325,3.25,0,255,7.305138888888889,34.01723748063684,105194,412.5254901960784,30,251,255,1.2732432441699855,104,104,349,0.02423611111111111,35,14,0.7122448979591837,56.79942693409742,56.836676217765046,0.11625,0.008888888888888889,0.03277777777777778,0.020972222222222222,0.014513888888888889,1,54.129769758731484,57.10695476928342,13.434881504297849,5.041241613530786,0.9269295979674367,177.1489363978586,0.9018760053507202,0.9018760053507202,0.02497290720003042,-73,-1.0823611111111102,-15586,1.1920777771357363,356.72727272727275,71.09544277568762,6.913238636363636,1.569536043706874
RHF_MPM_P44,66,0.0033,3.3,0,255,6.359444444444445,31.614206014283834,91576,359.121568627451,24,238,255,1.1389249616209547,106,106,282,0.019583333333333335,29,14,0.6945812807881774,59.52127659574468,56.56382978723404,0.10256944444444445,0.0077777777777777776,0.028194444444444446,0.017361111111111112,0.012916666666666667,1,54.705141085000434,56.943249322966714,13.654047320733403,4.528137673948987,0.9434083476867432,176.66572531159727,1.0994017901694924,1.0994017901694924,0.02344500742552634,-67,-0.9456944444444444,-13618,0.5982070178844797,361.6363636363636,63.4955585093416,7.091073232323233,1.3736717721217948
RHF_MPM_P44,67,0.00335,3.35,0,255,5.816319444444445,30.439914819711444,83755,328.45098039215685,21,233,255,1.0833204257816529,107,107,263,0.01826388888888889,27,14,0.6957671957671958,60.23574144486692,56.50950570342205,0.09798611111111111,0.007222222222222222,0.02347222222222222,0.016041666666666666,0.012013888888888888,1,55.37809086024715,56.764431974210495,13.78135609016776,4.439521757756955,0.9466921469539161,176.06375100546492,1.3075401767610277,1.3075401767610277,0.025717867589994628,-19,-0.5431249999999999,-7821,0.6963024085990268,363.72727272727275,59.72222200867021,7.210176767676768,1.1887350193530741
RHF_MPM_P44,68,0.0034,3.4,0,255,4.586736111111111,26.63395085146288,66049,259.0156862745098,17,175,255,0.924184492457405,103,103,208,0.014444444444444444,23,12,0.7536231884057971,60.91826923076923,56.61057692307692,0.08180555555555556,0.004861111111111111,0.019097222222222224,0.012847222222222222,0.009097222222222222,1,55.57675362231071,56.79407712455904,14.072763386660087,3.7905565990133545,0.9630412066238845,175.99431567346312,1.4851600468456299,1.4851600468456299,0.02773698314887432,-55,-1.2295833333333341,-17706,0.2008624603302259,352.54545454545456,74.49144384834791,7.097563131313132,1.360800998432903
RHF_MPM_P44,69,0.00345,3.45,0,255,3.8670138888888888,24.561442699321006,55685,218.37254901960785,14,140,255,0.8544171531809421,106,106,171,0.011875,20,12,0.7125,62.333333333333336,56.2046783625731,0.07680555555555556,0.004166666666666667,0.015416666666666667,0.010833333333333334,0.0077777777777777776,1,57.01310945496992,56.48821046960582,14.322294619487401,3.947301238142661,0.9612708685433273,175.91878423536022,1.7653709283197219,1.7653709283197219,0.03530573763131903,-37,-0.7197222222222219,-10364,1.4685613669936999,334.6363636363636,90.56918272516393,6.886142676767676,1.637499445087882
RHF_MPM_P44,70,0.0035,3.5,0,255,3.428402777777778,23.66442504534304,49369,193.60392156862744,11,127,255,0.7457629054362136,106,106,159,0.011041666666666667,18,11,0.803030303030303,62.880503144654085,56.16352201257862,0.06680555555555556,0.0038194444444444443,0.014097222222222223,0.009930555555555555,0.007222222222222222,1,58.39350604630436,56.356154671960134,13.52081262031841,3.8808986847541167,0.9579211537549464,176.15441645454572,2.1527916000237832,2.1527916000237832,0.04203042395025218,-12,-0.43861111111111084,-6316,1.38669877156489,319.0,103.73743078298472,6.620176767676767,1.916202475301081
RHF_MPM_P44,71,0.00355,3.55,0,255,3.3609722222222222,24.188363344323367,48398,189.79607843137254,5,137,255,0.6763190420114559,108,108,165,0.011458333333333333,18,12,0.7638888888888888,62.92121212121212,56.339393939393936,0.05986111111111111,0.004375,0.014097222222222223,0.010555555555555556,0.007847222222222222,1,59.97966858134634,56.355055994049344,12.112294450655467,3.797088387592843,0.9495913598564739,175.99360679024807,2.6419064179432086,2.6419064179432086,0.04388611099632216,6,-0.06743055555555566,-971,1.5861629155493289,301.0,111.43363291867742,6.294766414141415,2.126566941070686
RHF_MPM_P44,72,0.0036,3.6,0,255,3.32375,24.582452918556676,47862,187.69411764705882,1,148,255,0.5929579019645036,109,109,169,0.01173611111111111,18,12,0.7824074074074074,62.78698224852071,56.337278106508876,0.050763888888888886,0.0045138888888888885,0.014513888888888889,0.010833333333333334,0.008055555555555555,1,61.25203710668171,56.280013371777194,9.915039601761114,4.051839988888718,0.9126885062766227,174.65888911322222,3.1177002678536008,3.1177002678536008,0.031005808365718108,4,-0.03722222222222227,-536,1.2745795618248372,281.27272727272725,113.82210274977425,5.875359848484848,2.2144055926124695
RHF_MPM_P44,73,0.00365,3.65,0,255,3.3208333333333333,24.72656543465842,47820,187.52941176470588,0,151,255,0.5512724009547461,109,109,171,0.011875,18,12,0.7916666666666666,62.60233918128655,56.39181286549707,0.04583333333333333,0.004652777777777777,0.014930555555555556,0.010833333333333334,0.008263888888888888,1,61.87252195734003,56.23785027185278,8.319738138453532,4.137016503235711,0.8676054657760977,174.54874459700173,2.794690537548371,2.794690537548371,0.01863237139272271,2,-0.0029166666666666785,-42,0.6219157313428463,256.54545454545456,105.22215773941743,5.368017676767677,2.099256353562653
RHF_MPM_P44,74,0.0037,3.7,0,255,3.2599305555555556,24.63129231498601,46943,184.09019607843138,0,150,255,0.48034434676035276,105,105,172,0.011944444444444445,18,12,0.7962962962962963,62.645348837209305,56.31976744186046,0.03868055555555556,0.0045138888888888885,0.015069444444444444,0.010694444444444444,0.00798611111111111,1,62.33423513622905,56.170930703193235,6.096024303915888,3.897416634877273,0.7689262804458821,170.48490585755755,0.5558681637194224,0.5558681637194224,0.006518543765843683,1,-0.06090277777777775,-877,0.4665375528608431,230.0909090909091,84.53880716780533,4.819640151515151,1.7636092290080034
RHF_MPM_P44,75,0.00375,3.75,0,255,3.2952777777777778,24.707270183547987,47452,186.08627450980393,0,150,255,0.4948332864319651,108,108,173,0.012013888888888888,18,13,0.7393162393162394,62.67052023121387,56.335260115606935,0.03993055555555555,0.0045138888888888885,0.015,0.010902777777777779,0.008055555555555555,1,62.3859900531063,56.147938969906434,6.000401536928659,4.026044305913222,0.7414913001937404,166.1577807383481,-0.4084977410625629,0.4084977410625629,0.008155609879457135,1,0.0353472222222222,509,0.05663206883473802,207.45454545454547,59.85492101947787,4.356710858585858,1.3964308580458058
RHF_MPM_P44,76,0.0038,3.8,0,255,3.270625,24.60803896196971,47097,184.69411764705882,0,149,255,0.48109376430690604,108,108,171,0.011875,18,13,0.7307692307692307,62.58479532163743,56.1812865497076,0.03861111111111111,0.0045138888888888885,0.015069444444444444,0.010902777777777779,0.008055555555555555,1,62.37484340828503,56.05541754251863,5.926671224628036,3.7990911647927326,0.7675275042468495,166.82182750754825,-0.6375884062973345,0.6375884062973345,0.007728730067732552,-2,-0.024652777777777857,-355,0.09319046204761325,191.27272727272728,40.25168750633242,3.9899368686868684,1.0641603792465988
RHF_MPM_P44,77,0.00385,3.85,0,255,3.1722916666666667,24.153547508559978,45681,179.14117647058825,0,136,255,0.47800873752808803,110,110,159,0.011041666666666667,18,12,0.7361111111111112,62.81761006289308,56.0251572327044,0.03840277777777778,0.0044444444444444444,0.014722222222222222,0.010486111111111111,0.007638888888888889,1,62.47459556489569,55.99426457389286,5.992230206383953,3.879874871600461,0.7620788048577146,168.35507080492508,-0.5818997235276979,0.5818997235276979,0.007508592193691032,-12,-0.09833333333333316,-1416,0.11700503544814272,180.0909090909091,29.0092604194358,3.7001957070707068,0.7738533227870132
RHF_MPM_P44,78,0.0039,3.9,0,255,3.1975,24.347921297880397,46044,180.56470588235294,0,142,255,0.47847131373343765,109,109,163,0.011319444444444444,18,12,0.7546296296296297,62.69938650306749,55.93251533742331,0.03819444444444445,0.0042361111111111115,0.014513888888888889,0.010625,0.00798611111111111,1,62.48036660585527,55.896468595256714,5.920705285249964,3.9939407638416387,0.7382092520366734,167.5422265133065,-0.6008614057221554,0.6008614057221554,0.007992355138563114,4,0.025208333333333055,363,0.09796610817603894,171.0,12.670653280137316,3.4621212121212115,0.3975593497721964
RHF_MPM_P44,79,0.00395,3.95,0,255,3.2003472222222222,24.37428488732184,46085,180.72549019607843,0,143,255,0.4753805764602995,109,109,164,0.01138888888888889,18,12,0.7592592592592593,62.71951219512195,55.94512195121951,0.03826388888888889,0.004375,0.014513888888888889,0.010555555555555556,0.007916666666666667,1,62.486231962677664,55.94188998589563,5.8291606490453605,3.920085490921676,0.7401010261485651,170.01660597691736,-0.34683638374243736,0.34683638374243736,0.009135293479440166,1,0.0028472222222224453,41,0.045798527686235636,167.0,4.954336943068623,3.336085858585858,0.18281156207546495
RHF_MPM_P44,80,0.004,4.0,0,255,3.174513888888889,24.255678668723384,45713,179.26666666666668,0,143,255,0.4710836486016299,108,108,165,0.011458333333333333,18,12,0.7638888888888888,62.61818181818182,56.02424242424242,0.03756944444444445,0.0042361111111111115,0.014444444444444444,0.010555555555555556,0.0077777777777777776,1,62.4625380088815,55.9283354844355,5.867810532888655,3.865279527418474,0.7523828942626736,166.5747443622232,-0.6936611838937294,0.6936611838937294,0.008115853258372892,1,-0.025833333333333375,-372,0.027297032005829024,166.45454545454547,4.812174642860381,3.2731313131313127,0.07876642386669
RHF_MPM_P44,81,0.00405,4.05,0,255,3.1704166666666667,24.209172098923123,45654,179.03529411764706,0,142,255,0.48063731640962315,107,107,164,0.01138888888888889,18,12,0.7592592592592593,62.71341463414634,55.896341463414636,0.03840277777777778,0.0042361111111111115,0.014583333333333334,0.010416666666666666,0.007847222222222222,1,62.50197134971744,55.7917597581811,6.009856281544112,4.126202705363849,0.7270612442771672,165.69643756738017,-0.8516009100037443,0.8516009100037443,0.007403513383274193,-1,-0.0040972222222221966,-59,0.1421545545221806,166.9090909090909,4.294913385824624,3.2496780303030306,0.06649408343567736
RHF_MPM_P44,82,0.0041,4.1,0,255,3.1525,24.154581906614183,45396,178.0235294117647,0,139,255,0.4713292147957345,106,106,168,0.011666666666666667,18,12,0.7777777777777778,62.74404761904762,55.767857142857146,0.03777777777777778,0.004166666666666667,0.01423611111111111,0.010416666666666666,0.007847222222222222,1,62.54833024936118,55.691933209974444,5.81152854076218,3.866554662545991,0.7465539320605955,163.1990858519818,-0.8052636907775637,0.8052636907775637,0.008436866684289364,4,-0.017916666666666803,-258,0.1100658316782943,167.1818181818182,4.260136186858175,3.23072601010101,0.06160157694481989
RHF_MPM_P44,83,0.00415,4.15,0,255,3.1579166666666665,24.19343474061943,45474,178.3294117647059,0,143,255,0.4826159373802384,108,108,166,0.011527777777777777,18,12,0.7685185185185185,62.83132530120482,55.674698795180724,0.03895833333333333,0.004375,0.014305555555555556,0.010347222222222223,0.007847222222222222,1,62.59453753793377,55.60940317544091,5.882668379570132,4.074040776466498,0.7213700730927147,172.72778383588476,-0.24002972794212046,0.24002972794212046,0.009324009324009324,-2,0.005416666666666625,78,0.09458498885836347,166.9090909090909,4.230936828443671,3.215650252525252,0.057120265283215364
RHF_MPM_P44,84,0.0042,4.2,0,255,3.181875,24.33768321476292,45819,179.68235294117648,0,141,255,0.47114606426662164,103,103,170,0.011805555555555555,18,12,0.7870370370370371,62.8,55.68235294117647,0.03770833333333334,0.004375,0.014444444444444444,0.010555555555555556,0.008125,1,62.547720378009124,55.62028852659377,5.661410388657697,3.92853234333605,0.7200578163563665,167.6147368783163,-0.5126312482908056,0.5126312482908056,0.007726052510967066,4,0.023958333333333304,345,0.04806596855500409,166.8181818181818,4.152068089697904,3.2030176767676766,0.046915647019807986
RHF_MPM_P44,85,0.00425,4.25,0,255,3.185138888888889,24.344855177055805,45866,179.86666666666667,0,140,255,0.47201572954498616,108,108,169,0.01173611111111111,18,12,0.7824074074074074,62.710059171597635,55.74556213017752,0.03770833333333334,0.0043055555555555555,0.014583333333333334,0.010625,0.007916666666666667,1,62.43890899577029,55.647494876379014,5.78128340261098,3.9863221539909692,0.7242647287324826,172.75229048222963,-0.0629264535310437,0.0629264535310437,0.008175990930100728,-1,0.003263888888889177,47,0.11216105551109401,166.54545454545453,3.893202382793429,3.196218434343434,0.043467758060921104
RHF_MPM_P44,86,0.0043,4.3,0,255,3.1731944444444444,24.251503465787028,45694,179.1921568627451,0,139,255,0.4673553776055525,107,107,169,0.01173611111111111,18,12,0.7824074074074074,62.710059171597635,55.74556213017752,0.03743055555555556,0.0043055555555555555,0.014444444444444444,0.010555555555555556,0.007916666666666667,1,62.44690769028757,55.66422287390029,5.7391327664211795,3.804937447503926,0.7486359961494586,168.32183959922884,-0.39995635216845615,0.39995635216845615,0.008184882041405874,0,-0.011944444444444535,-172,0.01854197980401856,166.1818181818182,3.432946834272583,3.1851199494949496,0.030370913811563406
RHF_MPM_P44,87,0.00435,4.35,0,255,3.1307638888888887,24.04490990775448,45083,176.79607843137254,0,134,255,0.47358656222409556,106,106,166,0.011527777777777777,18,12,0.7685185185185185,62.86144578313253,55.626506024096386,0.03784722222222222,0.004027777777777778,0.01423611111111111,0.010486111111111111,0.007847222222222222,1,62.56114278109265,55.50005545327507,5.85427678052674,3.917933759690344,0.7430436097410125,164.18932146544844,-0.9364702726042289,0.9364702726042289,0.008650710910986403,-3,-0.04243055555555575,-611,0.200001494909376,165.72727272727272,3.077511069056501,3.1724053030303025,0.019096643074948214
RHF_MPM_P44,88,0.0044,4.4,0,255,3.145486111111111,24.16764108178828,45295,177.62745098039215,0,135,255,0.4698283741368928,107,107,167,0.011597222222222222,18,12,0.7731481481481481,62.778443113772454,55.67065868263473,0.03763888888888889,0.0042361111111111115,0.014513888888888889,0.010625,0.007916666666666667,1,62.49614747764654,55.50027596864996,5.851856561825718,4.110341014446445,0.711782950401813,170.9961572226525,-0.1861729116599479,0.1861729116599479,0.008676454354785297,1,0.014722222222222303,212,0.06499567752614446,166.45454545454547,2.2305171175245992,3.1699684343434344,0.020606283034425424
RHF_MPM_P44,89,0.00445,4.45,0,255,3.186736111111111,24.33665626083707,45889,179.95686274509805,0,140,255,0.46993961463936995,107,107,169,0.01173611111111111,18,12,0.7824074074074074,62.739644970414204,55.69822485207101,0.03756944444444445,0.004375,0.014652777777777778,0.010763888888888889,0.00798611111111111,1,62.45302795877008,55.63113164374904,5.725501949683609,3.794791080156241,0.7488075452832821,165.71195518272015,-0.5666399148325811,0.5666399148325811,0.008062934472313626,2,0.04125000000000023,594,0.13777699595278775,167.0,2.04494943258218,3.1689898989898992,0.019501615169256557
RHF_MPM_P44,90,0.0045,4.5,0,255,3.1756944444444444,24.27407666892519,45730,179.33333333333334,0,139,255,0.47910135734373704,106,106,170,0.011805555555555555,18,12,0.7870370370370371,62.76470588235294,55.66470588235294,0.03833333333333333,0.004375,0.014513888888888889,0.010694444444444444,0.008055555555555555,1,62.49381150229608,55.53247321233326,5.925142719385799,4.149295251420989,0.7138622691095043,167.01302641400318,-0.4596969006619084,0.4596969006619084,0.00824404111086814,1,-0.011041666666666838,-159,0.10675571887238951,167.54545454545453,1.970862126243527,3.1667487373737373,0.017029016110146438
RHF_MPM_P44,91,0.00455,4.55,0,255,3.207777777777778,24.39223226893612,46192,181.1450980392157,0,142,255,0.48012413831436956,104,104,171,0.011875,18,12,0.7916666666666666,62.71345029239766,55.66081871345029,0.03854166666666667,0.0043055555555555555,0.014583333333333334,0.010763888888888889,0.008055555555555555,1,62.4717700034638,55.584408555594045,5.861715593980701,3.95315477039311,0.7383640501778254,165.6606268744536,-0.48269782684024115,0.48269782684024115,0.00891929338413578,1,0.032083333333333464,462,0.056419035355004074,168.0909090909091,2.0205555246266247,3.1697727272727274,0.020697729785255334
RHF_MPM_P44,92,0.0046,4.6,0,255,3.19625,24.3388940528381,46026,180.49411764705883,0,140,255,0.47996353538036335,107,107,170,0.011805555555555555,18,12,0.7870370370370371,62.76470588235294,55.66470588235294,0.03840277777777778,0.004375,0.014583333333333334,0.010694444444444444,0.008055555555555555,1,62.49126580628341,55.59420762177899,5.824000684912396,3.9629685703587922,0.732790159085712,164.7614168349397,-0.5786820753837184,0.5786820753837184,0.008256203015686785,-1,-0.011527777777777803,-166,0.02181989976324136,168.63636363636363,1.610913195151759,3.1721212121212123,0.02205843133405215
RHF_MPM_P44,93,0.00465,4.65,0,255,3.1947916666666667,24.28383751675032,46005,180.41176470588235,0,142,255,0.48620493710184826,102,102,171,0.011875,18,12,0.7916666666666666,62.75438596491228,55.68421052631579,0.03909722222222222,0.0043055555555555555,0.014513888888888889,0.010694444444444444,0.00798611111111111,1,62.535094011520485,55.58997935007064,5.894452246788906,4.159094442367263,0.7086156058157149,165.93921430339765,-0.5140701614516541,0.5140701614516541,0.009042495380936854,1,-0.0014583333333333393,-21,0.04403169149536435,168.9090909090909,1.7296634173127678,3.1759659090909094,0.021988999778040218
RHF_MPM_P44,94,0.0047,4.7,0,255,3.2191666666666667,24.462891838115407,46356,181.78823529411764,0,143,255,0.4804802504929242,104,104,172,0.011944444444444445,18,12,0.7962962962962963,62.72093023255814,55.66279069767442,0.03868055555555556,0.0045138888888888885,0.014861111111111111,0.010902777777777779,0.008125,1,62.53960652342739,55.56238674605229,5.814155200416324,3.984248424886985,0.7282919755226787,165.42137990476448,-0.6472624903015314,0.6472624903015314,0.008456294762274571,1,0.024375000000000036,351,0.027959158789625935,169.45454545454547,1.6713433009863852,3.181534090909091,0.024342548589757682
RHF_MPM_P44,95,0.00475,4.75,0,255,3.2499305555555558,24.624670753482157,46799,183.52549019607844,0,147,255,0.4723532577375478,105,105,173,0.012013888888888888,18,12,0.8009259259259259,62.69364161849711,55.63583815028902,0.03770833333333334,0.004583333333333333,0.015,0.011111111111111112,0.008125,1,62.578986730485695,55.531678027308274,5.730683112321814,3.9048527155616855,0.7319168706099467,163.2938937592064,-0.7629318694578711,0.7629318694578711,0.007649736105472339,1,0.030763888888889035,443,0.04993822298454639,169.72727272727272,1.9582417480489105,3.1877209595959597,0.03129778638960761
RHF_MPM_P44,96,0.0048,4.8,0,255,3.2581944444444444,24.678082990242626,46918,183.9921568627451,0,149,255,0.4782307258175326,108,108,171,0.011875,18,12,0.7916666666666666,62.77777777777778,55.590643274853804,0.03847222222222222,0.004583333333333333,0.015,0.011111111111111112,0.008263888888888888,1,62.61652244341191,55.480497889935634,5.843785498911184,4.0514626437307975,0.7206546607606977,170.43930883964774,-0.3486357761673493,0.3486357761673493,0.00850419881495375,-2,0.008263888888888626,119,0.0634691752456376,169.9090909090909,1.9750509984000393,3.194362373737374,0.03723356078930839
RHF_MPM_P44,97,0.00485,4.85,0,255,3.2895833333333333,24.821552627230815,47370,185.76470588235293,0,152,255,0.47619952252980957,108,108,172,0.011944444444444445,18,12,0.7962962962962963,62.76162790697674,55.55813953488372,0.03826388888888889,0.004583333333333333,0.015208333333333334,0.01125,0.008333333333333333,1,62.627211315178386,55.46145239603124,5.764022368729677,3.8839872035061367,0.7388838797017121,168.01102151846274,-0.7299847434301717,0.7299847434301717,0.007135317711631835,1,0.03138888888888891,452,0.021839936302618705,170.1818181818182,2.0368505911280073,3.2049431818181815,0.04536436322540919
RHF_MPM_P44,98,0.0049,4.9,0,255,3.305972222222222,24.855185975729846,47606,186.69019607843137,0,153,255,0.48002983063941684,107,107,174,0.012083333333333333,18,12,0.8055555555555556,62.67816091954023,55.60344827586207,0.03854166666666667,0.004722222222222222,0.015347222222222222,0.01125,0.008263888888888888,1,62.63128597235642,55.44347351174222,5.859613103541988,3.967024760292082,0.7359725468927868,168.42651471052537,-0.6515006278490871,0.6515006278490871,0.007457043229844977,2,0.016388888888888786,236,0.018434834184135433,170.9090909090909,1.8317674254190803,3.220871212121213,0.04724285017776859
RHF_MPM_P44,99,0.00495,4.95,0,255,3.308125,24.827809577746066,47637,186.81176470588235,0,149,255,0.4865432866511712,105,105,176,0.012222222222222223,18,12,0.8148148148148148,62.58522727272727,55.58522727272727,0.03909722222222222,0.0045138888888888885,0.015277777777777777,0.01125,0.008194444444444445,1,62.600772508764194,55.44175745743855,5.881551553721289,3.9975356687444825,0.7335146327256716,163.0887570484867,-0.850563567073001,0.850563567073001,0.008165921447614249,2,0.0021527777777778923,31,0.030561680300130897,171.72727272727272,1.9112541856026033,3.2356565656565652,0.04678421683760068
RHF_MPM_P44,100,0.005,5.0,0,255,3.3385416666666665,24.933799306829748,48075,188.52941176470588,0,153,255,0.4935804566449714,108,108,174,0.012083333333333333,18,12,0.8055555555555556,62.64367816091954,55.632183908045974,0.03979166666666667,0.004652777777777777,0.015416666666666667,0.011319444444444444,0.008125,1,62.53980239209569,55.46529381175247,5.9979067923264795,4.112699385984808,0.7278945259030715,168.65171584661888,-0.5935001782573638,0.5935001782573638,0.007217888715548622,-2,0.030416666666666536,438,0.06535529895090128,172.1818181818182,1.79990817029303,3.2494570707070705,0.052374119386799194
RHF_MPM_P44,101,0.00505,5.05,0,255,3.3216666666666668,24.87985580745998,47832,187.57647058823528,0,148,255,0.4770248682450692,105,105,175,0.012152777777777778,18,12,0.8101851851851852,62.66285714285714,55.55428571428571,0.03798611111111111,0.0045138888888888885,0.015416666666666667,0.01138888888888889,0.008194444444444445,1,62.51624435524335,55.40173942130791,5.932113670975099,3.952735433321942,0.7456584661888137,166.34262368812304,-0.7213948041684684,0.7213948041684684,0.007087305569493226,1,-0.01687499999999975,-243,0.06778009770659366,172.63636363636363,1.822721605069402,3.2627272727272727,0.05046128311905092
RHF_MPM_P44,102,0.0051,5.1,0,255,3.3163194444444444,24.862270842654553,47755,187.27450980392157,0,150,255,0.4807715250407033,108,108,174,0.012083333333333333,18,12,0.8055555555555556,62.64367816091954,55.52298850574713,0.03840277777777778,0.0044444444444444444,0.015208333333333334,0.011319444444444444,0.008194444444444445,1,62.49921474191184,55.36999267092451,5.9732954980674124,3.9710752607458404,0.7470171586834988,173.04998374194201,-0.09605805758918579,0.09605805758918579,0.0070568526855826616,-1,-0.005347222222222392,-77,0.036025878061839135,172.9090909090909,1.7814470856604931,3.2725946969696973,0.049351613435364
RHF_MPM_P44,103,0.00515,5.15,0,255,3.3447916666666666,24.916852158416297,48165,188.88235294117646,0,153,255,0.48712811864207295,107,107,178,0.012361111111111111,19,12,0.7807017543859649,62.37640449438202,55.556179775280896,0.03895833333333333,0.0044444444444444444,0.015277777777777777,0.011319444444444444,0.008263888888888888,1,62.374483546143466,55.40321810443268,6.078238099811527,3.9543530000973424,0.7594415540502875,168.06051510350332,-0.6772042127633521,0.6772042127633521,0.0068722101110765075,4,0.028472222222222232,410,0.12908059741733047,173.63636363636363,2.05703790890632,3.2860984848484844,0.04687450727557922
RHF_MPM_P44,104,0.0052,5.2,0,255,3.360763888888889,24.93434550028504,48395,189.7843137254902,0,149,255,0.49137590940347126,107,107,177,0.012291666666666666,19,12,0.7763157894736842,62.47457627118644,55.61581920903955,0.03930555555555556,0.0044444444444444444,0.015625,0.011527777777777777,0.008125,1,62.384275235044946,55.458394462237834,6.08723638982486,4.117003652556363,0.7365952794775356,167.4233673196933,-0.48507523769638256,0.48507523769638256,0.006984192581878293,-1,0.0159722222222225,230,0.0560384478031425,174.1818181818182,2.081004207683563,3.301186868686869,0.04145440943126273
RHF_MPM_P44,105,0.00525,5.25,0,255,3.356527777777778,24.953419920352612,48334,189.54509803921567,0,150,255,0.47456889105500827,107,107,176,0.012222222222222223,19,12,0.7719298245614035,62.46022727272727,55.58522727272727,0.03770833333333334,0.0044444444444444444,0.015416666666666667,0.01138888888888889,0.008125,1,62.4309181942318,55.4550419994207,5.981159528508157,3.765345588260874,0.7769726233872989,168.03375025765595,-0.4378265797320881,0.4378265797320881,0.006579219596971077,-1,-0.004236111111111107,-61,0.046763283125191867,174.54545454545453,2.01646118298353,3.3136742424242427,0.03506250499580659
RHF_MPM_P44,106,0.0053,5.3,0,255,3.2693055555555555,24.53079362003721,47078,184.61960784313726,0,146,255,0.47928925219151103,106,106,171,0.011875,18,12,0.7916666666666666,62.748538011695906,55.53216374269006,0.03805555555555556,0.0042361111111111115,0.014861111111111111,0.010833333333333334,0.00798611111111111,1,62.630443094439016,55.449976634521434,6.044994387302107,3.878753903029515,0.7669998907657481,164.94985307269286,-0.6195981904121992,0.6195981904121992,0.007391987764985768,-5,-0.08722222222222253,-1256,0.19958918739316042,174.36363636363637,2.2268088570756164,3.315435606060606,0.03218464930645503
RHF_MPM_P44,107,0.00535,5.35,0,255,3.2352777777777777,24.446993224129162,46588,182.69803921568626,0,142,255,0.47924139850010317,108,108,169,0.01173611111111111,18,12,0.7824074074074074,62.79289940828402,55.59763313609467,0.03847222222222222,0.004097222222222223,0.014861111111111111,0.010902777777777779,0.007916666666666667,1,62.818214990984806,55.43307289430755,6.01592990389867,3.9235970095621204,0.7580458614929451,166.62411727264572,-0.6198760523371727,0.6198760523371727,0.009229844595174723,-2,-0.03402777777777777,-490,0.18853122172632683,174.1818181818182,2.5519397904760366,3.3133522727272724,0.036300954103502765
RHF_MPM_P44,108,0.0054,5.4,0,255,3.2864583333333335,24.74484424326134,47325,185.58823529411765,0,156,255,0.4813678001470135,109,109,171,0.011875,19,12,0.75,62.853801169590646,55.280701754385966,0.03854166666666667,0.0044444444444444444,0.014861111111111111,0.010972222222222222,0.008125,1,62.803444268357104,55.20393026941363,5.896011319029984,3.9141498324071184,0.7478532946346361,170.63045127662286,-0.5993961272965498,0.5993961272965498,0.008008452192287374,2,0.051180555555555785,737,0.2296181978637997,174.0909090909091,2.644189013136179,3.3130681818181817,0.03649755367791103
RHF_MPM_P44,109,0.00545,5.45,0,255,3.3851388888888887,25.114031629806714,48746,191.1607843137255,0,163,255,0.49092863508747175,108,108,180,0.0125,20,12,0.75,62.71666666666667,55.41111111111111,0.039375,0.004791666666666666,0.015625,0.011319444444444444,0.008194444444444445,1,62.64893529725516,55.2192590161244,6.110854278943508,4.122350110707386,0.7381882864204155,175.41725780096883,-0.30910141132917834,0.30910141132917834,0.0060928076149837935,9,0.09868055555555522,1421,0.1552674873458868,174.63636363636363,3.1413004623947267,3.3202651515151516,0.04180785022333617
RHF_MPM_P44,110,0.0055,5.5,0,255,3.409375,25.16303745131024,49095,192.52941176470588,0,161,255,0.4800186843806766,109,109,176,0.012222222222222223,19,11,0.8421052631578947,62.52272727272727,55.20454545454545,0.038125,0.004652777777777777,0.015694444444444445,0.011458333333333333,0.008263888888888888,1,62.443018637335776,55.17205418067013,5.973998507935848,3.817710376145197,0.7691614916463355,170.62865261321397,-0.4624178484461993,0.4624178484461993,0.0044607393828292085,-4,0.024236111111111125,349,0.21125805859805352,174.63636363636363,3.1413004623947267,3.329469696969696,0.04869952523025537
RHF_MPM_P44,111,0.00555,5.55,0,255,3.424097222222222,25.170519901298402,49307,193.3607843137255,0,161,255,0.493842512243063,107,107,181,0.012569444444444444,20,12,0.7541666666666667,62.53591160220994,55.370165745856355,0.03944444444444444,0.004583333333333333,0.015694444444444445,0.01138888888888889,0.008194444444444445,1,62.4061492283043,55.173950960309895,6.133464086731331,3.969289659330889,0.7623601509930735,169.8636658263344,-0.5702492482414508,0.5702492482414508,0.006489950716936743,5,0.014722222222222303,212,0.036918167551112505,175.27272727272728,3.620419591225432,3.3372474747474743,0.05583638202710438
RHF_MPM_P44,112,0.0056,5.6,0,255,3.421597222222222,25.198009570951633,49271,193.21960784313725,0,161,255,0.4978355991607197,107,107,181,0.012569444444444444,20,12,0.7541666666666667,62.613259668508285,55.392265193370164,0.04,0.004722222222222222,0.015625,0.011458333333333333,0.008263888888888888,1,62.47397048974042,55.18631649448966,6.210563129445671,4.125410156161568,0.7475042551959125,170.6091054696189,-0.5386874406976849,0.5386874406976849,0.006677355848267744,0,-0.0024999999999999467,-36,0.06893932069825526,175.8181818181818,3.9730497060749377,3.3463320707070707,0.06049718756348528
RHF_MPM_P44,113,0.00565,5.65,0,255,3.479375,25.443529348745745,50103,196.48235294117646,0,168,255,0.49487613528757235,108,108,184,0.012777777777777779,20,12,0.7666666666666667,62.67391304347826,55.45108695652174,0.03958333333333333,0.004722222222222222,0.01597222222222222,0.011666666666666667,0.008541666666666666,1,62.50384208530427,55.274674171207316,6.060079269677301,3.937054066942117,0.7602160110245926,171.47111130640062,-0.4668060401293077,0.4668060401293077,0.0061473364868371155,3,0.05777777777777793,832,0.0932705272659716,176.72727272727272,4.554536381772854,3.3611553030303027,0.07047995179293337
RHF_MPM_P44,114,0.0057,5.7,0,255,3.4147916666666664,25.19580466810425,49173,192.83529411764707,0,161,255,0.4961996858809836,107,107,182,0.012638888888888889,20,12,0.7583333333333333,62.604395604395606,55.5,0.03986111111111111,0.004722222222222222,0.015416666666666667,0.011319444444444444,0.008541666666666666,1,62.45488377768287,55.29160311553088,6.120109471945952,4.120324754222493,0.7394207235741708,171.1820464552998,-0.5061322202257038,0.5061322202257038,0.006995709027311736,-2,-0.06458333333333366,-930,0.05180255824823539,177.0909090909091,4.794969816087488,3.367518939393939,0.0718617966628322
RHF_MPM_P44,115,0.00575,5.75,0,255,3.4390972222222222,25.295169428316044,49523,194.2078431372549,0,163,255,0.4962103998796197,107,107,184,0.012777777777777779,20,12,0.7666666666666667,62.58152173913044,55.53260869565217,0.03972222222222222,0.004722222222222222,0.01576388888888889,0.01138888888888889,0.008472222222222223,1,62.525069159784344,55.326090907255214,6.186772106482376,4.030097109180799,0.7587298142641482,173.57694945308546,-0.2304454856468058,0.2304454856468058,0.006481836722331038,2,0.024305555555555802,350,0.07820099512634282,177.72727272727272,5.188990251938304,3.374640151515152,0.07466609769695545
RHF_MPM_P44,116,0.0058,5.8,0,255,3.4294444444444445,25.188586364158898,49384,193.6627450980392,0,164,255,0.495649812151699,106,106,185,0.012847222222222222,20,12,0.7708333333333334,62.502702702702706,55.58378378378379,0.03958333333333333,0.004652777777777777,0.015833333333333335,0.01138888888888889,0.008194444444444445,1,62.356491981208485,55.423618985906366,6.256093321377078,3.9249270590226435,0.7787159309620336,172.12925582590847,-0.14767195868917896,0.14767195868917896,0.0051028673254495385,1,-0.009652777777777732,-139,0.19475623548934784,178.54545454545453,5.549179077102492,3.381268939393939,0.07598886935425603
RHF_MPM_P44,117,0.00585,5.85,0,255,3.3870833333333334,24.985493565572764,48774,191.27058823529413,0,158,255,0.49549593827104527,106,106,182,0.012638888888888889,20,12,0.7583333333333333,62.543956043956044,55.57142857142857,0.03944444444444444,0.0044444444444444444,0.015555555555555555,0.011041666666666667,0.008194444444444445,1,62.31385574281379,55.398101447492515,6.233541661886807,3.9272644600255617,0.7765777957733501,171.9135510052986,-0.09644258562150138,0.09644258562150138,0.006089309878213802,-3,-0.04236111111111107,-610,0.04968896850560898,179.54545454545453,5.069761270399522,3.391976010101011,0.06725416092911544
RHF_MPM_P44,118,0.0059,5.9,0,255,3.3938888888888887,25.038079141554878,48872,191.65490196078431,0,158,255,0.48994607978302834,106,106,182,0.012638888888888889,20,12,0.7583333333333333,62.527472527472526,55.543956043956044,0.03916666666666667,0.004583333333333333,0.015694444444444445,0.01125,0.008125,1,62.363807497135376,55.39564576853822,6.1281040981089765,3.7630735512141937,0.7892530052001429,168.68024202966006,-0.37176541232095006,0.37176541232095006,0.006977410378130627,0,0.006805555555555287,98,0.05001207973010461,180.72727272727272,3.8397658330805227,3.406395202020202,0.04564350279909107
RHF_MPM_P44,119,0.00595,5.95,0,255,3.339583333333333,24.84073636508632,48090,188.58823529411765,0,150,255,0.49652256040676873,107,107,175,0.012152777777777778,20,12,0.7291666666666666,62.87428571428571,55.55428571428571,0.03958333333333333,0.0045138888888888885,0.015347222222222222,0.011111111111111112,0.007916666666666667,1,62.5543564150551,55.398024537325846,6.183038888200663,3.9360810312469834,0.7711997087024557,171.0724144145031,-0.17612139267862367,0.17612139267862367,0.0075483468496568935,-7,-0.05430555555555561,-782,0.19056376534200833,181.0909090909091,2.9986222731764802,3.4112247474747472,0.03403077023441702
RHF_MPM_P44,120,0.006,6.0,0,255,3.3329166666666667,24.865088753416458,47994,188.21176470588236,0,152,255,0.4890478951112064,105,105,181,0.012569444444444444,20,12,0.7541666666666667,62.58563535911602,55.6243093922652,0.03916666666666667,0.0044444444444444444,0.015208333333333334,0.010972222222222222,0.008333333333333333,1,62.45105638204775,55.434825186481646,6.2128502003860895,4.044975193628415,0.7590211682438288,168.34712946963012,-0.44493884785211996,0.44493884785211996,0.007271742301120973,6,-0.0066666666666663765,-96,0.10965940268671924,181.1818181818182,2.979267201486171,3.4064772727272725,0.04038765154514319
RHF_MPM_P44,121,0.00605,6.05,0,255,3.334791666666667,24.878947159438898,48021,188.31764705882352,0,151,255,0.4802025480760457,107,107,178,0.012361111111111111,20,12,0.7416666666666667,62.53370786516854,55.674157303370784,0.03819444444444445,0.0044444444444444444,0.015277777777777777,0.011111111111111112,0.008263888888888888,1,62.39141209054372,55.52262551800254,6.115533931917324,3.72303907101039,0.7933360377913182,168.79577113019894,-0.5660905530249869,0.5660905530249869,0.0061847941525582555,-3,0.001875000000000071,27,0.10614301542823046,181.36363636363637,2.705977466570403,3.39969696969697,0.04529450906172558
RHF_MPM_P44,122,0.0061,6.1,0,255,3.346597222222222,24.915048906879846,48191,188.98431372549018,0,152,255,0.4893176597387858,105,105,180,0.0125,20,12,0.75,62.638888888888886,55.62222222222222,0.03902777777777778,0.0045138888888888885,0.01513888888888889,0.011041666666666667,0.008263888888888888,1,62.50397377103609,55.43655454337947,6.168365547291162,3.909855140370643,0.7734511281983397,167.92228439592344,-0.6400957851525623,0.6400957851525623,0.008051295885123778,2,0.01180555555555518,170,0.14169807545563692,181.27272727272728,2.7333266142496195,3.392651515151515,0.04694843030959444
RHF_MPM_P44,123,0.00615,6.15,0,255,3.305763888888889,24.763532666219465,47603,186.67843137254903,0,147,255,0.48586538382961075,108,108,172,0.011944444444444445,18,12,0.7962962962962963,62.71511627906977,55.598837209302324,0.03888888888888889,0.0044444444444444444,0.014930555555555556,0.010902777777777779,0.008125,1,62.51792954225574,55.46618910572863,6.102851039427748,3.9231960131953287,0.7659950818363697,168.94578561342837,-0.6004022299362133,0.6004022299362133,0.0073524777850135494,-8,-0.040833333333333055,-588,0.03275623354358032,180.45454545454547,3.822508371205207,3.3821212121212123,0.05199436309710001
RHF_MPM_P44,124,0.0062,6.2,0,255,3.308125,24.749693950654052,47637,186.81176470588235,0,148,255,0.4924897256248064,107,107,175,0.012152777777777778,19,12,0.7675438596491229,62.542857142857144,55.565714285714286,0.03958333333333333,0.0045138888888888885,0.015,0.010833333333333334,0.008125,1,62.52037281944707,55.42003064844553,6.164694346701836,4.022600867040047,0.7577694751568981,168.3377439625993,-0.6676603907795596,0.6676603907795596,0.008291873963515755,3,0.002361111111111036,34,0.046223076295172014,179.63636363636363,3.9375286959468574,3.3665530303030304,0.04581448832743883
RHF_MPM_P44,125,0.00625,6.25,0,255,3.2943055555555554,24.735381110555252,47438,186.0313725490196,0,145,255,0.4759037647940755,108,108,174,0.012083333333333333,18,12,0.8055555555555556,62.793103448275865,55.60344827586207,0.038125,0.0045138888888888885,0.014930555555555556,0.010972222222222222,0.008125,1,62.53731185969054,55.44755259496606,5.9871123672998285,3.8483712745919427,0.7660543057971289,169.74096409039618,-0.235100083009481,0.235100083009481,0.00712508959062355,-1,-0.013819444444444606,-199,0.03231700209872258,178.9090909090909,4.165977904505309,3.355599747474747,0.04734943012524429
RHF_MPM_P44,126,0.0063,6.3,0,255,3.2828472222222222,24.74644890807552,47273,185.3843137254902,0,148,255,0.47137151410095374,108,108,173,0.012013888888888888,18,12,0.8009259259259259,62.797687861271676,55.58381502890173,0.0375,0.0045138888888888885,0.014791666666666667,0.010972222222222222,0.008194444444444445,1,62.611638779007045,55.46153195270027,5.778195877010095,3.525087806983967,0.7923496739010389,173.3817731376985,-0.19800307815772575,0.19800307815772575,0.008630719438157087,-1,-0.011458333333333126,-165,0.07563010893647559,177.9090909090909,4.144098661833265,3.3413952020202022,0.0434462000422055
RHF_MPM_P44,127,0.00635,6.35,0,11,0.01625,0.31492916972621704,234,21.272727272727273,0,0,6,0.04823378125885981,3,8,7,0.0004861111111111111,29,85,0.002839756592292089,99.14285714285714,74.57142857142857,0.0038888888888888888,0.0,0.0,0.0,0.0,0,84.62393162393163,66.76495726495726,29.638174284731853,27.73396024457529,0.3526605967003714,-170.81262454010223,0.9701892116248088,0.9701892116248088,0.0,-166,-3.2665972222222224,-47039,24.744867348209606,161.72727272727272,49.0530156780135,3.031104797979798,0.9539639671807002
RHF_MPM_P44,128,0.0064,6.4,0,255,3.348611111111111,22.663231927602936,48220,189.09803921568627,4,103,255,0.6869639754207402,105,105,142,0.00986111111111111,12,17,0.696078431372549,65.52112676056338,53.58450704225352,0.05763888888888889,0.0035416666666666665,0.014513888888888889,0.008958333333333334,0.006111111111111111,1,65.63293239319785,50.71277478224803,8.229071431832073,4.780680046226815,0.8139391602579321,92.28656897418678,-1.3098590090602082,1.3098590090602082,0.011986727498963085,135,3.332361111111111,47986,24.866254527771726,158.0909090909091,48.897768206097,3.027607323232323,0.9527221641691496
RHF_MPM_P44,129,0.00645,6.45,0,255,5.434236111111111,26.964894515314338,78253,306.87450980392157,27,161,255,1.1239228397695702,100,100,220,0.015277777777777777,12,30,0.6111111111111112,65.48181818181818,48.972727272727276,0.09958333333333333,0.004652777777777777,0.023819444444444445,0.0125,0.008194444444444445,1,65.2649738668166,40.72532682453069,16.402281285248442,4.336167646073232,0.9644230597020919,88.89650663310596,-0.8348937285401749,0.8348937285401749,0.01583325878880043,78,2.085625,30033,9.994223841061846,161.54545454545453,51.725435340430195,3.2130934343434343,1.177968922604087
RHF_MPM_P44,130,0.0065,6.5,0,255,5.523611111111111,28.638988542503636,79540,311.921568627451,23,186,255,1.0265012645482101,94,94,290,0.02013888888888889,14,38,0.5451127819548872,65.43793103448276,45.41034482758621,0.08979166666666667,0.005555555555555556,0.025277777777777777,0.015208333333333334,0.009583333333333333,1,65.4772190093035,42.12476741262258,14.97233146660882,4.1621872872615535,0.9605834102813807,90.10228023639574,-0.990317355906892,0.990317355906892,0.012786019612773447,70,0.08937500000000043,1287,1.4154440858289887,172.0,63.638181792208535,3.411641414141414,1.3535333070368876
RHF_MPM_P44,131,0.00655,6.55,0,255,6.011805555555555,30.084679093924425,86570,339.4901960784314,27,215,255,1.0052614878988613,100,100,277,0.01923611111111111,14,44,0.4496753246753247,65.15884476534296,47.07942238267148,0.08625,0.006736111111111111,0.03173611111111111,0.014930555555555556,0.010694444444444444,1,65.50541758114821,41.118678526048285,16.20221717314165,4.152661143854635,0.9665967461536665,91.23512320229369,-0.9131590421360172,0.9131590421360172,0.0038928035116091025,-13,0.48819444444444393,7030,1.0064839825562995,180.72727272727272,70.48802723492177,3.655176767676767,1.5449280174356412
RHF_MPM_P44,132,0.0066,6.6,0,255,5.410833333333334,30.557031730756254,77916,305.5529411764706,15,239,255,0.8384136823971838,106,106,268,0.01861111111111111,14,27,0.708994708994709,65.15671641791045,49.01865671641791,0.07152777777777777,0.0075,0.02451388888888889,0.016944444444444446,0.012083333333333333,1,65.24812618717593,46.53018635453565,11.377658531100689,4.3415410254921705,0.9243338552331737,88.3765325071576,-1.6149381003476548,1.6149381003476548,0.021009805431490322,-9,-0.6009722222222216,-8654,5.417620865213092,188.9090909090909,74.78873826921287,3.8439078282828287,1.6192786886760644
RHF_MPM_P44,133,0.00665,6.65,0,255,5.641736111111111,31.721002414932297,81241,318.59215686274507,14,243,255,0.7970203961269153,106,106,291,0.02020833333333333,14,28,0.7423469387755102,65.34020618556701,48.77319587628866,0.06715277777777778,0.0077777777777777776,0.026041666666666668,0.01861111111111111,0.013055555555555556,1,65.40422939156338,47.60135891975727,9.199349860532827,4.331521888516858,0.8822128189317427,88.3366001871871,-0.9640194687348616,0.9640194687348616,0.010733496633473246,23,0.23090277777777768,3325,1.0824873555397712,199.0,80.19861708170647,4.052556818181818,1.6881589884302848
RHF_MPM_P44,134,0.0067,6.7,0,255,6.394583333333333,34.31870843195443,92082,361.1058823529412,17,255,255,0.8549816362665321,110,110,330,0.022916666666666665,16,28,0.7366071428571429,65.34242424242424,48.64242424242424,0.07347222222222222,0.010069444444444445,0.028819444444444446,0.021041666666666667,0.01638888888888889,1,65.4489802567277,47.49104059425295,8.95186042152808,4.780616056984476,0.8454617152406521,88.88254369983102,-0.7877481270540597,0.7877481270540597,0.007873417171651353,39,0.752847222222222,10841,0.11904945558477459,213.36363636363637,87.85967399239304,4.333358585858585,1.7941503694657268
RHF_MPM_P44,135,0.00675,6.75,0,255,7.7879861111111115,38.09376017144812,112147,439.7921568627451,25,255,255,1.0389132067724414,112,112,396,0.0275,16,32,0.7734375,65.1969696969697,46.785353535353536,0.09388888888888888,0.01326388888888889,0.034513888888888886,0.026111111111111113,0.02013888888888889,1,65.5029737754911,45.80581736470882,9.68094018444465,5.340194198374246,0.8340959551166038,91.63132596086695,-0.6594532460198209,0.6594532460198209,0.010798327195555834,66,1.3934027777777782,20065,1.6860879672969604,233.45454545454547,101.06556255166394,4.740618686868686,2.010599408019944
RHF_MPM_P44,136,0.0068,6.8,0,255,8.938125,40.49428960889201,128709,504.74117647058824,34,255,255,1.2243785733315287,110,110,466,0.03236111111111111,17,36,0.761437908496732,65.01931330472102,44.91416309012875,0.11395833333333333,0.014722222222222222,0.04,0.03,0.022916666666666665,1,65.50687209130675,43.99721853172661,10.569549668041551,5.860355138096576,0.83221273073973,93.24749705502127,-0.564353009914999,0.564353009914999,0.01628479748890909,70,1.150138888888888,16562,1.8086030342589887,260.0,118.76179367272809,5.253693181818181,2.278339657389198
RHF_MPM_P44,137,0.00685,6.85,0,255,8.631597222222222,39.135401194002704,124295,487.4313725490196,35,255,255,1.221522521294844,109,109,441,0.030625,16,35,0.7875,65.23356009070295,45.0249433106576,0.11145833333333334,0.012986111111111111,0.03986111111111111,0.028541666666666667,0.020625,1,65.56983788567521,43.63405607627016,11.145268132820972,5.634173434885536,0.8628139678654264,91.64311501851772,-0.5597280302905547,0.5597280302905547,0.015511484774126071,-25,-0.3065277777777773,-4414,0.368580602193886,284.3636363636364,125.70186425700278,5.739943181818182,2.3745682815461966
RHF_MPM_P44,138,0.0069,6.9,0,255,8.335138888888888,38.01601875427192,120026,470.69019607843137,33,255,255,1.2393822617020063,107,107,426,0.029583333333333333,16,36,0.7395833333333334,65.22300469483568,45.42723004694836,0.1129861111111111,0.012222222222222223,0.03854166666666667,0.026597222222222223,0.019375,1,65.62259010547714,43.793069834869115,11.488437063925304,5.565748556080709,0.8748105050261442,89.75567365408281,-0.6291340508693569,0.6291340508693569,0.01732957859130522,-15,-0.2964583333333337,-4269,0.16753558463143636,322.45454545454544,95.81266156256427,6.496205808080808,1.6433732525920863
RHF_MPM_P44,139,0.00695,6.95,0,255,7.7011111111111115,36.13402288531603,110896,434.8862745098039,31,255,255,1.1886296007495953,108,108,373,0.025902777777777778,15,33,0.7535353535353535,65.11260053619303,46.80428954423593,0.10722222222222222,0.011041666666666667,0.035277777777777776,0.02347222222222222,0.017152777777777777,1,65.45998052229116,44.06066043860915,11.855364699272894,5.280244081684946,0.8953373723541593,89.08023618289259,-0.7932827413683468,0.7932827413683468,0.018269369499350742,-53,-0.634027777777777,-9130,0.3131239495054221,343.45454545454544,77.53047921051159,6.891887626262627,1.332450627430131
RHF_MPM_P44,140,0.007,7.0,0,255,6.49625,32.84518800108152,93546,366.84705882352944,25,247,255,1.0220948502426839,107,107,311,0.021597222222222223,14,30,0.7404761904761905,65.09003215434083,48.231511254019296,0.08902777777777778,0.008263888888888888,0.028819444444444446,0.01972222222222222,0.014097222222222223,1,65.15374254377525,44.385403972377226,12.41226423488522,4.464170911556554,0.9330841750636609,89.1085449298934,-1.0188273257115674,1.0188273257115674,0.017274923567015158,-62,-1.2048611111111116,-17350,0.4463631505956666,351.72727272727275,68.2110240478245,6.988434343434344,1.2598311090653336
RHF_MPM_P44,141,0.00705,7.05,0,255,5.291458333333333,29.015723406761868,76197,298.81176470588235,20,213,255,0.9294190418772066,104,104,251,0.017430555555555557,14,26,0.6895604395604396,65.17131474103586,50.00796812749004,0.080625,0.006111111111111111,0.023055555555555555,0.015069444444444444,0.010555555555555556,1,65.20086092628318,45.38068427890862,12.7166170315084,4.07322293055651,0.9473137554381917,88.81074372172407,-1.2803181680475522,1.2803181680475522,0.022888040211556885,-60,-1.204791666666667,-17349,0.9963950173196294,348.1818181818182,72.22291021781508,6.967329545454547,1.2858686344782901
RHF_MPM_P44,142,0.0071,7.1,0,255,4.485763888888889,26.798034600400296,64595,253.31372549019608,16,181,255,0.8599450904182013,104,104,204,0.014166666666666666,13,21,0.7472527472527473,65.1029411764706,51.779411764705884,0.07541666666666667,0.005347222222222222,0.018680555555555554,0.012638888888888889,0.009305555555555555,1,65.19407074850994,46.792352349253036,12.584312738991663,4.196830130693605,0.9427511723553558,88.74366877136751,-1.6025507464912883,1.6025507464912883,0.030838300178032355,-47,-0.8056944444444438,-11602,1.4116844007582317,341.54545454545456,81.24862363742051,6.828598484848484,1.4529428515982072
RHF_MPM_P44,143,0.00715,7.15,0,255,3.8594444444444442,25.23384730260841,55576,217.94509803921568,12,158,255,0.7558404087972083,107,107,179,0.012430555555555556,13,19,0.7246963562753036,65.22346368715084,52.46368715083799,0.06590277777777778,0.004583333333333333,0.01597222222222222,0.01125,0.008402777777777778,1,65.18662732114582,48.432308910321005,11.67782488509834,3.8896955049384934,0.9428971909933119,88.82397304058125,-1.9955772261639013,1.9955772261639013,0.038847704044911474,-25,-0.6263194444444449,-9019,1.6399734530780683,333.45454545454544,91.90248155356024,6.687563131313132,1.6461660481940572
RHF_MPM_P44,144,0.0072,7.2,0,255,3.4756944444444446,24.431647129536543,50050,196.27450980392157,4,144,255,0.6697818652174835,105,105,170,0.011805555555555555,13,18,0.7264957264957265,65.31176470588235,52.95882352941177,0.0575,0.004375,0.014861111111111111,0.010486111111111111,0.00798611111111111,1,65.34821178821178,50.11942057942058,10.136560973373092,3.922270938938459,0.9221036510543276,90.0356048694496,-2.4472626013177883,2.4472626013177883,0.0354045954045954,-9,-0.3837499999999996,-5526,1.6948319456538856,322.45454545454544,102.9080468948006,6.490650252525253,1.8733614427217176
RHF_MPM_P44,145,0.00725,7.25,0,255,3.2816666666666667,24.18068495721327,47256,185.31764705882352,0,137,255,0.5906109348643471,107,107,168,0.011666666666666667,13,18,0.717948717948718,65.23809523809524,53.26190476190476,0.04972222222222222,0.0042361111111111115,0.014583333333333334,0.010486111111111111,0.007847222222222222,1,65.3490138818351,51.3235991196885,8.50219769127489,4.153781893697114,0.8725337132155013,90.25675810072953,-2.705447380067194,2.705447380067194,0.02437785678009142,-2,-0.1940277777777779,-2794,1.2041788074019455,307.72727272727275,111.96760157140498,6.207657828282828,2.089187075770306
RHF_MPM_P44,146,0.0073,7.3,0,255,3.207777777777778,24.202677665350162,46192,181.1450980392157,0,133,255,0.5347300156924066,105,105,168,0.011666666666666667,13,17,0.7601809954751131,65.16071428571429,53.31547619047619,0.04416666666666667,0.0044444444444444444,0.01423611111111111,0.010625,0.00798611111111111,1,65.3198822306893,51.98406650502251,7.480525406140008,3.9610748132566616,0.8482985382619124,91.59422217449803,-2.8325142402633823,2.8325142402633823,0.01571700727398684,0,-0.07388888888888889,-1064,0.6611095372087918,287.0,114.7764625854812,5.791275252525252,2.186871008911509
RHF_MPM_P44,147,0.00735,7.35,0,255,3.169027777777778,24.23463514727322,45634,178.95686274509805,0,136,255,0.4861672148526268,104,104,168,0.011666666666666667,13,17,0.7601809954751131,65.16071428571429,53.31547619047619,0.03923611111111111,0.004375,0.014444444444444444,0.010625,0.007916666666666667,1,65.31700048209669,52.56996975938993,5.733680932842531,4.146100245144182,0.6907295641232167,93.25746215095933,-1.2441838598644956,1.2441838598644956,0.009335144848139545,0,-0.03874999999999984,-558,0.5859103412240477,259.90909090909093,103.99165573645762,5.266811868686869,2.057233162649917
RHF_MPM_P44,148,0.0074,7.4,0,255,3.2085416666666666,24.460663928391405,46203,181.18823529411765,0,144,255,0.48188828402108436,106,106,169,0.01173611111111111,13,17,0.7647058823529411,65.12426035502959,53.31360946745562,0.03888888888888889,0.004583333333333333,0.014652777777777778,0.010694444444444444,0.008055555555555555,1,65.31420037659892,52.71796203709716,5.679068772260816,4.0912068232578145,0.6935577834856274,96.44059745943282,-1.2873870986176437,1.2873870986176437,0.009003744345605264,1,0.039513888888888626,569,0.14801876520148738,235.1818181818182,89.29096277372001,4.773806818181819,1.8289438858053442
RHF_MPM_P44,149,0.00745,7.45,0,255,3.1968055555555557,24.34898220131529,46034,180.52549019607844,0,143,255,0.4824470357716166,107,107,167,0.011597222222222222,13,17,0.755656108597285,65.23952095808383,53.365269461077844,0.03875,0.0045138888888888885,0.014722222222222222,0.010625,0.00798611111111111,1,65.37987139940044,52.73374027892427,5.674579076903337,4.159644452268787,0.6801948371216268,94.9617345223363,-1.1759798350871276,1.1759798350871276,0.00873267584828605,-2,-0.011736111111110947,-169,0.0675398856302941,211.63636363636363,67.31239616657507,4.306685606060606,1.4832095260923153
RHF_MPM_P44,150,0.0075,7.5,0,255,3.195625,24.36012783385172,46017,180.45882352941177,0,143,255,0.4819691075303207,108,108,168,0.011666666666666667,13,17,0.7601809954751131,65.2797619047619,53.44642857142857,0.03881944444444444,0.0044444444444444444,0.014722222222222222,0.010694444444444444,0.00798611111111111,1,65.39494100006519,52.80763630832084,5.707747992381734,4.145143307991359,0.6874507922083661,95.95368771084891,-1.2588045108805015,1.2588045108805015,0.009235717234934916,1,-0.001180555555555518,-17,0.0754169478616898,193.0,44.605340079819634,3.89709595959596,1.0473319426394387
RHF_MPM_P44,151,0.00755,7.55,0,255,3.234652777777778,24.49522644576769,46579,182.6627450980392,0,148,255,0.48209711455271426,108,108,170,0.011805555555555555,13,18,0.7264957264957265,65.33529411764705,53.4,0.03875,0.0044444444444444444,0.014930555555555556,0.010833333333333334,0.007847222222222222,1,65.4173554606153,52.76171665342751,5.843989053929932,4.0682766543018705,0.7178990646180402,97.11202749190902,-1.4069729384077727,1.4069729384077727,0.009059876768500827,2,0.03902777777777766,562,0.05109816774870189,180.1818181818182,24.649610661937928,3.6005871212121208,0.6593442347275876
RHF_MPM_P44,152,0.0076,7.6,0,255,3.241597222222222,24.483138306552334,46679,183.05490196078432,0,151,255,0.4985494120819562,108,108,170,0.011805555555555555,13,17,0.7692307692307693,65.25882352941177,53.529411764705884,0.04027777777777778,0.004375,0.015,0.010625,0.008194444444444445,1,65.41108421345787,52.83213007990745,5.875664313398496,4.310219350620637,0.6796123803615667,93.875762132206,-1.3016009619013051,1.3016009619013051,0.010732877739454572,0,0.006944444444444198,100,0.07069214361974867,172.8181818181818,10.338086527876,3.4142361111111112,0.3896289168762524
RHF_MPM_P44,153,0.00765,7.65,0,255,3.2743055555555554,24.73290163181138,47150,184.90196078431373,0,157,255,0.4859724761789132,101,101,173,0.012013888888888888,13,17,0.7828054298642534,65.16763005780346,53.47398843930636,0.03923611111111111,0.0045138888888888885,0.015,0.011041666666666667,0.008125,1,65.38419936373276,52.941230116648995,5.696204817843243,4.144707868775482,0.6859738423379481,92.68356566723352,-0.9829521514478056,0.9829521514478056,0.009544008483563097,3,0.03270833333333334,471,0.11236375377205937,170.0,3.2473765635439547,3.3041035353535353,0.19256766855115476
RHF_MPM_P44,154,0.0077,7.7,0,255,3.3091666666666666,24.869313406396152,47652,186.87058823529412,0,160,255,0.4869258344660719,106,106,173,0.012013888888888888,13,17,0.7828054298642534,65.23121387283237,53.445086705202314,0.03923611111111111,0.004652777777777777,0.01513888888888889,0.011111111111111112,0.008333333333333333,1,65.37228238059264,52.971522706287246,5.6606693652793005,4.088098919549246,0.6916910238279312,93.31934512903229,-0.953930522440072,0.953930522440072,0.008771929824561403,0,0.03486111111111123,502,0.03255234974857367,169.45454545454547,1.9241827716833386,3.254078282828283,0.08090381600164606
RHF_MPM_P44,155,0.00775,7.75,0,255,3.3736805555555556,25.10973447928467,48581,190.51372549019607,0,164,255,0.49697911660706995,106,106,177,0.012291666666666666,13,17,0.8009049773755657,65.2768361581921,53.49152542372882,0.04020833333333333,0.004930555555555555,0.015416666666666667,0.01138888888888889,0.008541666666666666,1,65.46773429941747,52.98077437681398,5.748028204962155,4.1953119853880905,0.6835862261798284,94.70377310163182,-1.137008806953799,1.137008806953799,0.0083983450320084,4,0.06451388888888898,929,0.0958992294801073,170.0909090909091,2.906248611481051,3.2448042929292935,0.057401779079846206
RHF_MPM_P44,156,0.0078,7.8,0,255,3.314583333333333,24.79101671066782,47730,187.1764705882353,0,156,255,0.49343084042353824,108,108,170,0.011805555555555555,13,17,0.7692307692307693,65.38235294117646,53.582352941176474,0.03965277777777778,0.0045138888888888885,0.015069444444444444,0.011111111111111112,0.008055555555555555,1,65.4636287450241,52.99168238005447,5.837287753619226,4.167206230545436,0.7002535135734961,94.02898566271509,-1.1312166718999879,1.1312166718999879,0.008296668761785041,-7,-0.059097222222222356,-851,0.011655046613869076,170.27272727272728,2.831347545890443,3.247796717171717,0.060042701401652396
RHF_MPM_P44,157,0.00785,7.85,0,255,3.2683333333333335,24.660752613098495,47064,184.56470588235294,0,152,255,0.49146986632160394,109,109,168,0.011666666666666667,13,17,0.7601809954751131,65.29761904761905,53.732142857142854,0.03951388888888889,0.004583333333333333,0.014791666666666667,0.010833333333333334,0.008125,1,65.41386197518273,53.151835798062216,5.740151040992268,4.1203021031234845,0.6962454569954587,91.79853287785798,-1.0028360124810496,1.0028360124810496,0.009837667856535781,-2,-0.04624999999999968,-666,0.16770762856831334,170.27272727272728,2.831347545890443,3.2533017676767675,0.058886069975803076
RHF_MPM_P44,158,0.0079,7.9,0,255,3.319722222222222,24.925650552761805,47804,187.46666666666667,0,159,255,0.4968798021768316,109,109,171,0.011875,13,17,0.7737556561085973,65.39181286549707,53.567251461988306,0.04020833333333333,0.004791666666666666,0.015,0.011111111111111112,0.008263888888888888,1,65.53204752740356,53.109321395699105,5.706476613153445,4.271468325691371,0.663101048153133,94.75871814541438,-1.156000015821688,1.156000015821688,0.010333863275039745,3,0.051388888888888484,740,0.12559975781042157,170.54545454545453,2.74238238709061,3.267001262626262,0.05509363536668781
RHF_MPM_P44,159,0.00795,7.95,0,255,3.3374305555555557,24.945564937772446,48059,188.46666666666667,0,155,255,0.4997268094270203,109,109,174,0.012083333333333333,13,18,0.7435897435897436,65.29885057471265,53.695402298850574,0.040625,0.004791666666666666,0.01513888888888889,0.011041666666666667,0.008402777777777778,1,65.47079631286543,53.15940822738717,5.755505664600407,4.2522633840012,0.6739064960583893,95.60182719524464,-1.1824435027198226,1.1824435027198226,0.009675607066314321,3,0.01770833333333366,255,0.07912270212110147,171.0,2.860387767736777,3.2787184343434346,0.05512048203403446
RHF_MPM_P44,160,0.008,8.0,0,255,3.3938194444444445,25.144567628916942,48871,191.65098039215687,0,160,255,0.5110885860247256,107,107,177,0.012291666666666666,13,18,0.7564102564102564,65.2090395480226,53.63841807909605,0.04145833333333333,0.004930555555555555,0.015486111111111112,0.011111111111111112,0.008402777777777778,1,65.45339772052955,53.11880256184649,5.822924778897297,4.358233666512162,0.663178505023255,94.13218072115768,-1.327518837804723,1.327518837804723,0.00902375641996276,3,0.05638888888888882,812,0.044176137102187284,171.9090909090909,3.028787499810488,3.2966287878787877,0.057549091573185475
RHF_MPM_P44,161,0.00805,8.05,0,255,3.334375,24.8482910551083,48015,188.2941176470588,0,153,255,0.4979303878700865,109,109,171,0.011875,12,18,0.7916666666666666,65.35087719298245,53.654970760233915,0.04020833333333333,0.004722222222222222,0.015347222222222222,0.011180555555555555,0.00798611111111111,1,65.44979693845673,53.09476205352494,5.884096924998686,4.108604745529885,0.7158483442973682,94.83547898541241,-1.1503787116545994,1.1503787116545994,0.008559825054670416,-6,-0.05944444444444441,-856,0.024308674828026195,172.1818181818182,2.790183500585965,3.3092424242424245,0.048527168274417186
RHF_MPM_P44,162,0.0081,8.1,0,255,3.3427777777777776,24.965423379269435,48136,188.7686274509804,0,158,255,0.49522678868042486,109,109,174,0.012083333333333333,13,18,0.7435897435897436,65.27011494252874,53.764367816091955,0.03986111111111111,0.004722222222222222,0.015208333333333334,0.011041666666666667,0.008333333333333333,1,65.46262672428121,53.20201096892139,5.809822374561228,4.024795728246303,0.7211709877662711,95.81309160797929,-1.219159434077284,1.219159434077284,0.008517533654645172,3,0.008402777777777537,121,0.10801357904457083,172.54545454545453,2.7423823870906103,3.3190719696969695,0.04306647255624633
RHF_MPM_P44,163,0.00815,8.15,0,255,3.366111111111111,25.04985010797667,48472,190.08627450980393,0,159,255,0.5041751741527982,109,109,174,0.012083333333333333,13,18,0.7435897435897436,65.3103448275862,53.793103448275865,0.04097222222222222,0.004791666666666666,0.015347222222222222,0.011111111111111112,0.008472222222222223,1,65.53614457831326,53.27813995708863,5.845771974675165,4.402448701703212,0.6579064901175309,94.60623561949247,-1.3314104304174739,1.3314104304174739,0.009242449249050998,0,0.023333333333333428,336,0.1058324038319281,172.9090909090909,2.6441890131361796,3.330391414141414,0.03717629734079262
RHF_MPM_P44,164,0.0082,8.2,0,255,3.3490972222222224,24.92741697891195,48227,189.12549019607843,0,157,255,0.5055935616833298,108,108,173,0.012013888888888888,13,18,0.7393162393162394,65.34682080924856,53.79190751445087,0.041041666666666664,0.004722222222222222,0.015347222222222222,0.011041666666666667,0.008333333333333333,1,65.57782984635163,53.26624090239907,5.866812122659519,4.171767653047444,0.703111991489925,96.55155641461945,-1.3516330359259123,1.3516330359259123,0.009372343293176022,-1,-0.017013888888888662,-245,0.04335030650337465,172.9090909090909,2.6441890131361796,3.337190656565656,0.03288907662451381
RHF_MPM_P44,165,0.00825,8.25,0,255,3.352013888888889,24.955553047141553,48269,189.29019607843136,0,160,255,0.4964650970642555,109,109,171,0.011875,12,18,0.7916666666666666,65.4093567251462,53.67251461988304,0.04,0.004652777777777777,0.015416666666666667,0.01125,0.008263888888888888,1,65.57262425159004,53.20095713605005,5.839274908968199,4.152026524972595,0.7031396998508123,95.02616153767775,-1.149855655481396,1.149855655481396,0.00839047836085272,-2,0.0029166666666666785,42,0.06549097926840915,172.72727272727272,2.6998622554395446,3.341085858585858,0.031860620597497266
RHF_MPM_P44,166,0.0083,8.3,0,255,3.3406944444444444,24.908689571802316,48106,188.65098039215687,0,160,255,0.4980139313795522,109,109,172,0.011944444444444445,13,18,0.7350427350427351,65.34302325581395,53.74418604651163,0.04013888888888889,0.004722222222222222,0.015277777777777777,0.011111111111111112,0.008125,1,65.59061239762192,53.23444061031888,5.8805796185235755,4.082138742917675,0.7198083407158233,97.79513846948058,-1.3714982795389608,1.3714982795389608,0.00914646821602295,1,-0.01131944444444466,-163,0.03800942576224411,172.27272727272728,2.3390327873215653,3.338087121212121,0.03015853993890969
RHF_MPM_P44,167,0.00835,8.35,0,255,3.4097222222222223,25.121939613072065,49100,192.54901960784315,0,160,255,0.5078797449449761,108,108,178,0.012361111111111111,13,19,0.7206477732793523,65.3314606741573,53.668539325842694,0.04097222222222222,0.004722222222222222,0.015416666666666667,0.01125,0.008402777777777778,1,65.53476578411406,53.1849083503055,5.9273832864314,4.31494047753812,0.6856119816114099,90.45407395314777,-0.985137454745138,0.985137454745138,0.008553971486761711,6,0.06902777777777791,994,0.0746477663586132,173.0,2.73030134866931,3.3467361111111114,0.03536975750654546
RHF_MPM_P44,168,0.0084,8.4,0,255,3.377847222222222,24.970008584277288,48641,190.74901960784314,0,160,255,0.5044158134659038,109,109,173,0.012013888888888888,13,18,0.7393162393162394,65.39306358381504,53.86705202312139,0.04041666666666666,0.004583333333333333,0.015416666666666667,0.011041666666666667,0.008263888888888888,1,65.57169877264036,53.20219567854279,5.952059607757107,4.059292156866868,0.7313541300541725,94.59325713666011,-1.173855521118016,1.173855521118016,0.00914866059497132,-5,-0.03187500000000032,-459,0.04077863851415322,173.45454545454547,2.2305171175245992,3.3566919191919196,0.026097411258112647
RHF_MPM_P44,169,0.00845,8.45,0,255,3.4034722222222222,25.127577018737036,49010,192.19607843137254,0,161,255,0.5142781578476252,109,109,176,0.012222222222222223,13,18,0.7521367521367521,65.38068181818181,53.9375,0.041805555555555554,0.004722222222222222,0.015347222222222222,0.011111111111111112,0.008541666666666666,1,65.61922056723118,53.33923689043053,5.916427090448991,4.236519685621825,0.6980382322249901,96.7386454054417,-1.3787465518916011,1.3787465518916011,0.010059171597633136,3,0.02562500000000023,369,0.14504693970157045,173.9090909090909,2.193152378511785,3.364305555555555,0.02641593842265913
RHF_MPM_P44,170,0.0085,8.5,0,255,3.4202777777777778,25.27091059192489,49252,193.1450980392157,0,162,255,0.5071555854352211,107,107,184,0.012777777777777779,14,18,0.7301587301587301,65.42391304347827,53.84239130434783,0.041041666666666664,0.004722222222222222,0.01513888888888889,0.011180555555555555,0.008680555555555556,1,65.57587509136685,53.431495167708924,5.745482374830228,4.2782088192223595,0.667487116818156,94.80690351768038,-1.2497212467914103,1.2497212467914103,0.009360025988792334,8,0.016805555555555518,242,0.10193340965690588,174.8181818181818,3.6386356538526363,3.371837121212121,0.02932959190136998
RHF_MPM_P44,171,0.00855,8.55,0,255,3.4100694444444444,25.174482147286888,49105,192.5686274509804,0,162,255,0.5130170603811359,104,104,183,0.012708333333333334,14,18,0.7261904761904762,65.50819672131148,53.85792349726776,0.04159722222222222,0.004861111111111111,0.015208333333333334,0.011111111111111112,0.008472222222222223,1,65.6391609815701,53.38436004480195,5.8796036884283485,4.2920039226362,0.6834665407719848,96.77920867097826,-1.4909339584626555,1.4909339584626555,0.008064351898991956,-1,-0.010208333333333375,-147,0.07891022563820739,175.36363636363637,4.312196809320517,3.373314393939394,0.03077330143801205
RHF_MPM_P44,172,0.0086,8.6,0,255,3.42125,25.185046678838567,49266,193.2,0,160,255,0.5036833676924442,108,108,180,0.0125,14,18,0.7142857142857143,65.42777777777778,53.93333333333333,0.04055555555555555,0.004791666666666666,0.015416666666666667,0.011180555555555555,0.008402777777777778,1,65.58620549669143,53.381439532334674,5.825137287325938,3.994336421704553,0.7278778357246912,96.184476975735,-1.1234664663245373,1.1234664663245373,0.007814720090934925,-3,0.011180555555555749,161,0.05303595734787995,176.1818181818182,4.260136186858175,3.3812121212121213,0.03091393884870242
RHF_MPM_P44,173,0.00865,8.65,0,255,3.4539583333333335,25.279069452556055,49737,195.04705882352943,0,166,255,0.5080548269254614,108,108,181,0.012569444444444444,14,18,0.7182539682539683,65.48066298342542,53.850828729281766,0.04083333333333333,0.004722222222222222,0.015625,0.011319444444444444,0.008472222222222223,1,65.64316303757766,53.27100548887147,5.960508976097881,3.9935191591988,0.7423644073008127,95.9400721278974,-1.2215376158126778,1.2215376158126778,0.008162937048877094,1,0.03270833333333334,471,0.12425715037550278,176.8181818181818,4.4069816885602995,3.3913194444444446,0.03464555930767843
RHF_MPM_P44,174,0.0087,8.7,0,255,3.422361111111111,25.042501649587624,49282,193.2627450980392,0,157,255,0.5207004610557564,107,107,179,0.012430555555555556,14,18,0.7103174603174603,65.56424581005587,54.05027932960894,0.04201388888888889,0.0045138888888888885,0.015347222222222222,0.011041666666666667,0.008402777777777778,1,65.67767136074023,53.301225599610405,6.060609683891284,4.040548402605042,0.745335043290344,95.17122731690833,-1.2955263480145363,1.2955263480145363,0.009638407532161844,-2,-0.0315972222222225,-455,0.04587024591787134,177.27272727272728,4.350358586911054,3.3964330808080803,0.03469863179344257
RHF_MPM_P44,175,0.00875,8.75,0,255,3.42875,25.155230427923826,49374,193.6235294117647,0,154,255,0.5110711284410845,104,104,181,0.012569444444444444,14,18,0.7182539682539683,65.51933701657458,54.07734806629834,0.041180555555555554,0.004722222222222222,0.015416666666666667,0.011180555555555555,0.008333333333333333,1,65.61817960870094,53.456373799975694,5.814785089329537,4.063874374407439,0.7152326630283425,94.7567150594126,-1.0065294718502522,1.0065294718502522,0.010774901770162434,2,0.006388888888888999,92,0.16616327102369113,178.0,4.242640687119285,3.403674242424242,0.0322925077894344
RHF_MPM_P44,176,0.0088,8.8,0,255,3.42125,25.2536283112337,49266,193.2,0,155,255,0.4996435726693571,107,107,182,0.012638888888888889,14,18,0.7222222222222222,65.34065934065934,54.0,0.04041666666666666,0.004791666666666666,0.015416666666666667,0.01138888888888889,0.008472222222222223,1,65.46252993951204,53.56186822555109,5.713220432420072,4.122759235045673,0.692292089999056,93.0862772928299,-1.0359999521078163,1.0359999521078163,0.009337068160597572,1,-0.00749999999999984,-108,0.18803162857907038,179.0,3.7416573867739413,3.4099684343434338,0.028082988070311392
RHF_MPM_P44,177,0.00885,8.85,0,255,3.3810416666666665,25.136140736739062,48687,190.9294117647059,0,156,255,0.489295669916898,109,109,176,0.012222222222222223,14,17,0.7394957983193278,65.2215909090909,54.11931818181818,0.03930555555555556,0.004722222222222222,0.015347222222222222,0.011319444444444444,0.008472222222222223,1,65.39176782303284,53.70028960502803,5.381658924757268,3.944744478571409,0.6802309433486284,87.03937595383397,-0.21850161954891525,0.21850161954891525,0.008934623205373098,-6,-0.040208333333333623,-579,0.15545981932614142,179.36363636363637,3.198656742865306,3.413636363636364,0.020371722518220066
RHF_MPM_P44,178,0.0089,8.9,0,11,0.019583333333333335,0.3452532786070089,282,25.636363636363637,0,0,7,0.05713487049441699,3,8,8,0.0005555555555555556,32,101,0.0024752475247524753,99.125,64.375,0.004652777777777777,0.0,0.0,0.0,0.0,0,86.58156028368795,64.90780141843972,29.982042866043617,25.748508923540687,0.5123148845204213,119.3524460287983,0.04284844829626879,0.04284844829626879,0.0,-168,-3.361458333333333,-48405,23.971141515860246,163.9090909090909,49.404553609514295,3.1054419191919194,0.976046001077702
RHF_MPM_P44,179,0.00895,8.95,0,255,2.8275,21.515423263195277,40716,159.6705882352941,1,92,255,0.5989424853207701,103,103,135,0.009375,16,12,0.703125,67.66666666666667,56.096296296296295,0.050138888888888886,0.0029861111111111113,0.012777777777777779,0.008263888888888888,0.005763888888888889,1,69.0929855585028,56.14925336477061,6.765148151415956,5.16444726492717,0.6459377085891727,-169.51648051832296,-0.7428050393578304,0.7428050393578304,0.021858728755280478,127,2.807916666666667,40434,19.559202691490665,160.45454545454547,49.97338134422371,3.055410353535353,0.9749049411264319
RHF_MPM_P44,180,0.009,9.0,0,255,4.697013888888889,25.318401673592327,67637,265.24313725490197,19,132,255,0.9579363984218704,93,93,216,0.015,36,11,0.5454545454545454,73.73611111111111,56.97222222222222,0.08236111111111111,0.004097222222222223,0.022569444444444444,0.010277777777777778,0.006944444444444444,1,79.31830211274894,57.87778878424531,15.616089660303379,3.9994060649638437,0.966648164277225,-171.92720723118728,-0.7957534340433818,0.7957534340433818,0.00569215074589352,81,1.8695138888888887,26921,10.37038732791204,164.0909090909091,52.3701069234497,3.17300505050505,1.0819358722847476
RHF_MPM_P44,181,0.00905,9.05,0,255,4.1056944444444445,24.70126111976139,59122,231.85098039215686,15,131,255,0.8848310354249177,107,107,167,0.011597222222222222,32,11,0.4744318181818182,69.77245508982035,56.35928143712575,0.07791666666666666,0.0043055555555555555,0.017777777777777778,0.010069444444444445,0.0075,1,76.61992151821657,57.33780995230202,15.411924567937879,4.300310101575904,0.9602838784756474,-171.11728212476353,-1.3442545734343043,1.3442545734343043,0.024238016305267073,-49,-0.5913194444444443,-8515,2.7518784442441664,162.54545454545453,52.00937614134177,3.2353156565656565,1.1136546928964126
RHF_MPM_P44,182,0.0091,9.1,0,255,4.650902777777778,28.663825062970005,66973,262.6392156862745,8,213,255,0.7131879331926794,106,106,239,0.01659722222222222,27,13,0.6809116809116809,71.7907949790795,56.41004184100419,0.05951388888888889,0.005902777777777778,0.021041666666666667,0.014722222222222222,0.011041666666666667,1,73.25166858286175,56.377077329670165,9.033608047853983,3.956229537349857,0.8990014401112104,-178.7873074058054,-0.9263419155391291,0.9263419155391291,0.010750600988458035,72,0.5452083333333331,7851,3.5025897574102824,167.63636363636363,56.324179737839906,3.348118686868687,1.1861271117064085
RHF_MPM_P44,183,0.00915,9.15,0,255,5.034513888888889,29.749493280695393,72497,284.30196078431374,11,219,255,0.7549331733163117,102,102,281,0.01951388888888889,33,13,0.655011655011655,73.52313167259787,56.256227758007114,0.06319444444444444,0.00625,0.024027777777777776,0.016944444444444446,0.01125,1,73.60205249872409,56.20046346745382,9.17790658664444,4.264288529716489,0.8855073328821272,-179.31376809248889,-0.5304728226133766,0.5304728226133766,0.009531428886712554,42,0.38361111111111157,5524,0.3923790830587164,176.8181818181818,65.13457144016697,3.4947790404040404,1.2819676464688265
RHF_MPM_P44,184,0.0092,9.2,0,255,5.538125,31.576750709553128,79749,312.74117647058824,12,238,255,0.7719753688178687,104,104,305,0.021180555555555557,33,13,0.710955710955711,73.87868852459016,56.12786885245902,0.06444444444444444,0.0075,0.026319444444444444,0.018958333333333334,0.012638888888888889,1,74.0210284768461,56.109167513072265,9.163689098466959,4.166509441532418,0.8906569155830834,-179.5357126268206,-0.4480752813891356,0.4480752813891356,0.00555492858844625,24,0.5036111111111108,7252,0.42880744108484314,188.0909090909091,74.88349077121501,3.6842487373737374,1.4095957339936718
RHF_MPM_P44,185,0.00925,9.25,0,255,6.150972222222222,33.42624944310327,88574,347.34901960784316,15,250,255,0.8258009228392076,106,106,333,0.023125,34,15,0.6529411764705882,74.30930930930931,56.2012012012012,0.06979166666666667,0.00875,0.028680555555555556,0.020902777777777777,0.014861111111111111,1,74.72338383724343,56.115914376679385,9.496866108382541,4.2438808467488895,0.8945980494983924,178.84744050272747,-0.5690241939480654,0.5690241939480654,0.00482082778241922,28,0.6128472222222223,8825,0.7023877650182996,202.0909090909091,85.5160320380757,3.9323042929292926,1.5723709353907267
RHF_MPM_P44,186,0.0093,9.3,0,255,6.465694444444445,34.193133095793314,93106,365.121568627451,18,253,255,0.8749711441896868,108,108,334,0.023194444444444445,32,15,0.6958333333333333,73.48502994011976,56.16766467065868,0.07506944444444444,0.00951388888888889,0.029861111111111113,0.021319444444444443,0.015555555555555555,1,74.65853972891114,56.098049534938674,9.608841449071315,4.490065071884428,0.8841068728690104,178.17094926780527,-0.5920955528146798,0.5920955528146798,0.005230597383627264,1,0.31472222222222257,4532,0.0672600249467025,216.0,93.06400534529497,4.208390151515152,1.719458034659892
RHF_MPM_P44,187,0.00935,9.35,0,255,7.465902777777778,36.80942593113124,107509,421.60392156862747,24,255,255,1.0098391648255247,109,109,380,0.02638888888888889,33,16,0.7196969696969697,74.36578947368422,56.19210526315789,0.08923611111111111,0.011805555555555555,0.033819444444444444,0.024305555555555556,0.01861111111111111,1,75.70849882335432,56.05778120901506,10.167738808800623,4.803368506383257,0.8813774909213867,178.5899935728833,-0.5484120417536439,0.5484120417536439,0.008380693709363868,46,1.0002083333333331,14403,1.0507310017681197,234.0,103.32912992428172,4.576085858585858,1.9312382436635094
RHF_MPM_P44,188,0.0094,9.4,0,255,8.47423611111111,39.21568779908575,122029,478.5450980392157,32,255,255,1.1203711117059862,109,109,437,0.030347222222222223,35,17,0.7344537815126051,75.95652173913044,56.11899313501144,0.10041666666666667,0.013125,0.03770833333333334,0.027916666666666666,0.021388888888888888,1,77.37844282916356,56.001401306246876,10.902841856891527,4.946342326868619,0.8911674168880545,178.44271513567256,-0.5408547849303632,0.5408547849303632,0.009858312368371452,57,1.0083333333333329,14520,1.6708954712890833,257.72727272727275,116.4232801689132,5.039103535353536,2.183318958152387
RHF_MPM_P44,189,0.00945,9.45,0,255,8.871041666666667,39.9233288841588,127743,500.9529411764706,36,255,255,1.1859575962483513,110,110,456,0.03166666666666667,37,16,0.7702702702702703,77.03289473684211,56.300438596491226,0.1070138888888889,0.01375,0.03958333333333333,0.029097222222222222,0.021805555555555557,1,78.44166803660474,56.15376967818197,11.555033072743319,4.9981270522572565,0.9016100514750651,178.44487732717425,-0.5087181600262081,0.5087181600262081,0.010873394236866209,19,0.39680555555555586,5714,1.0740875022569103,298.45454545454544,98.99528330027891,5.843781565656565,1.7786943917085647
RHF_MPM_P44,190,0.0095,9.5,0,255,8.74451388888889,39.16970472844665,125921,493.8078431372549,36,255,255,1.209552163704922,108,108,451,0.03131944444444444,38,15,0.7912280701754386,77.46119733924613,56.28381374722838,0.10854166666666666,0.012083333333333333,0.03972222222222222,0.029027777777777777,0.020416666666666666,1,79.0670261513171,56.15871062015073,12.260428398088168,4.83054338855224,0.9191127261480228,178.83836684074913,-0.5642989936312408,0.5642989936312408,0.0115945711994028,-5,-0.12652777777777757,-1822,0.6253776335496258,327.1818181818182,93.06675823087052,6.38169191919192,1.6769767609635515
RHF_MPM_P44,191,0.00955,9.55,0,255,8.627291666666666,38.577167140802025,124233,487.18823529411765,36,255,255,1.2352246046845006,107,107,443,0.03076388888888889,41,15,0.7203252032520325,77.52144469525959,56.354401805869074,0.11145833333333334,0.012152777777777778,0.039375,0.027708333333333335,0.01951388888888889,1,79.29246657490361,56.21741405262692,12.708780770782674,4.821695072442901,0.9252332767052049,179.12338965215315,-0.5834390984840909,0.5834390984840909,0.012122382941730458,-8,-0.11722222222222278,-1688,0.23295810260936684,347.8181818181818,91.27562472764285,6.7389898989898995,1.698530366762501
RHF_MPM_P44,192,0.0096,9.6,0,255,8.053402777777778,36.835167689300405,115969,454.7803921568627,34,255,255,1.201695685629439,106,106,396,0.0275,37,15,0.7135135135135136,76.11616161616162,56.29545454545455,0.10756944444444444,0.010902777777777779,0.03680555555555556,0.024722222222222222,0.018055555555555554,1,79.15446369288344,56.17901335701782,12.991636066459366,4.761358769778329,0.9304203509232688,179.07876322556214,-0.6814577693800558,0.6814577693800558,0.011580681044072123,-47,-0.573888888888888,-8264,0.1432459733086303,368.6363636363636,71.67004284442918,7.097872474747475,1.5109218139011358
RHF_MPM_P44,193,0.00965,9.65,0,255,7.217013888888889,34.32407726322777,103925,407.54901960784315,31,253,255,1.1338022223596482,106,106,342,0.02375,35,15,0.6514285714285715,74.60526315789474,56.51754385964912,0.10041666666666667,0.00951388888888889,0.03284722222222222,0.020902777777777777,0.015277777777777777,1,78.62435410151552,56.277729131585275,13.316091791187565,4.536688357673836,0.9401748973755513,179.07881095701936,-0.8378947965045533,0.8378947965045533,0.01089247053163339,-54,-0.8363888888888891,-12044,0.5392225727922679,378.0,59.88018339681638,7.331155303030303,1.298237838061933
RHF_MPM_P44,194,0.0097,9.7,0,255,6.394236111111111,32.14045879849236,92077,361.0862745098039,26,247,255,1.0816848629322475,109,109,287,0.019930555555555556,30,14,0.6833333333333333,72.74564459930313,56.57142857142857,0.0961111111111111,0.008194444444444445,0.026944444444444444,0.018194444444444444,0.013333333333333334,1,77.77617646100546,56.37793368593677,13.410316222274359,4.393921217267053,0.9447983686680478,179.2411520290854,-1.031732302000235,1.031732302000235,0.015606503252712404,-55,-0.8227777777777785,-11848,0.854076262738868,378.54545454545456,59.01519625003167,7.454766414141415,1.1271369739412016
RHF_MPM_P44,195,0.00975,9.75,0,255,5.634236111111111,30.190396423731,81133,318.1686274509804,22,234,255,1.0141288912433448,107,107,252,0.0175,27,14,0.6666666666666666,71.43253968253968,56.53174603174603,0.09041666666666667,0.007361111111111111,0.02326388888888889,0.01597222222222222,0.012152777777777778,1,76.60538868278013,56.369824855484204,13.17431972966274,4.327869507228375,0.9445011857444633,178.90132928887192,-1.2187047059659786,1.2187047059659786,0.02309787632652558,-35,-0.7599999999999998,-10944,1.1708158586101904,373.72727272727275,66.51054722795463,7.463503787878787,1.1125234156240624
RHF_MPM_P44,196,0.0098,9.8,0,255,5.055625,28.901278860082716,72801,285.49411764705883,18,220,255,0.919818440220395,108,108,232,0.01611111111111111,25,14,0.6628571428571428,70.86206896551724,56.5948275862069,0.08166666666666667,0.006875,0.020625,0.014583333333333334,0.01125,1,75.41502177167897,56.43907363909836,12.495318982012257,4.051634204497865,0.9459706839722143,178.2983008107883,-1.4283963895034473,1.4283963895034473,0.030686391670444086,-20,-0.578611111111111,-8332,1.1923794601873052,364.54545454545456,77.55392685253231,7.363926767676768,1.2642231386481233
RHF_MPM_P44,197,0.00985,9.85,0,255,4.4934722222222225,27.277078017373768,64706,253.74901960784314,15,189,255,0.8317949638117726,108,108,205,0.01423611111111111,23,13,0.68561872909699,70.42926829268292,56.73170731707317,0.073125,0.005625,0.018819444444444444,0.013055555555555556,0.009375,1,74.5538435384663,56.54368992056378,11.910216327420935,3.9857667813986515,0.9423421105331226,178.64234181093943,-1.5403250402142605,1.5403250402142605,0.03185176026952678,-27,-0.5621527777777775,-8095,0.867509374996574,352.8181818181818,90.03516301152787,7.1846338383838395,1.497268545743728
RHF_MPM_P44,198,0.0099,9.9,0,255,4.073680555555556,26.170154789975708,58661,230.04313725490195,12,177,255,0.7706731507442939,108,108,189,0.013125,21,12,0.75,69.82010582010582,56.67195767195767,0.0675,0.005486111111111111,0.017222222222222222,0.012291666666666666,0.00875,1,73.43921856088372,56.48858696578647,11.123388259059203,3.9694335048169584,0.9341598980314877,177.8935285846387,-1.727238771371915,1.727238771371915,0.03227016245887387,-16,-0.4197916666666668,-6045,1.1159861900024373,335.45454545454544,100.88279755724068,6.87625,1.7376252258585922
RHF_MPM_P44,199,0.00995,9.95,0,255,3.872013888888889,25.822553021639106,55757,218.65490196078431,9,173,255,0.726694785099435,110,110,183,0.012708333333333334,20,12,0.7625,69.53005464480874,56.68852459016394,0.06340277777777778,0.005208333333333333,0.016458333333333332,0.011805555555555555,0.00875,1,72.4371110353857,56.48758003479384,10.194555832462788,4.075462195280349,0.9166161432660871,178.7201863094425,-1.7177604850404253,1.7177604850404253,0.0272970210018473,-6,-0.20166666666666666,-2904,1.0021080313867297,312.3636363636364,104.0177194059417,6.4578661616161614,1.8527408512921073
RHF_MPM_P44,200,0.01,10.0,0,255,3.7672916666666665,25.830006767505402,54249,212.74117647058824,6,176,255,0.6916551821273752,110,110,183,0.012708333333333334,20,12,0.7625,69.42622950819673,56.80327868852459,0.060208333333333336,0.005486111111111111,0.01625,0.011805555555555555,0.008819444444444444,1,71.65236225552545,56.57761433390477,9.132582574895814,4.195742552514218,0.8882162380395947,176.77886480813402,-1.9076861415391888,1.9076861415391888,0.024922118380062305,0,-0.1047222222222226,-1508,0.789896716355088,287.54545454545456,99.24475130281209,5.993888888888889,1.8292295042530335
RHF_MPM_P44,201,0.01005,10.05,0,255,3.8397916666666667,26.43752515020474,55293,216.83529411764707,3,186,255,0.6477303955717669,111,111,189,0.013125,20,12,0.7875,69.52910052910053,56.67724867724868,0.05555555555555555,0.005694444444444445,0.017013888888888887,0.012430555555555556,0.009305555555555555,1,71.26366809541895,56.58390754706744,8.178149399388095,4.124492499934247,0.8635105442921713,176.63533373793433,-1.6150305546893982,1.6150305546893982,0.021358942361600925,6,0.07250000000000023,1044,0.3887451023907636,263.72727272727275,87.9556612567232,5.548005050505051,1.697435149465144
RHF_MPM_P44,202,0.0101,10.1,0,255,3.8950694444444443,26.694413234080347,56089,219.95686274509805,2,186,255,0.627570187948484,110,110,197,0.013680555555555555,21,13,0.7216117216117216,69.83248730964468,56.66497461928934,0.05326388888888889,0.005763888888888889,0.017430555555555557,0.0125,0.009583333333333333,1,70.99477615931822,56.592932660592986,7.4470902151223175,4.290709205413987,0.817337523995623,177.4794701795529,-0.869938174284122,0.869938174284122,0.01854196009912817,8,0.05527777777777754,796,0.26904335333575463,241.36363636363637,68.69600058131309,5.117803030303031,1.4431192682488894
RHF_MPM_P44,203,0.01015,10.15,0,255,3.9344444444444444,26.819647280434424,56656,222.18039215686275,1,191,255,0.62163327223536,109,109,199,0.013819444444444445,21,13,0.7289377289377289,69.82914572864321,56.79396984924623,0.05201388888888889,0.005763888888888889,0.0175,0.012708333333333334,0.009583333333333333,1,71.11287418808246,56.680333945213214,7.341465437858824,4.237657466467662,0.8165870632955176,177.51631765633138,-0.7377469851099351,0.7377469851099351,0.01699731714205027,2,0.03937500000000016,567,0.14692218672230753,223.45454545454547,48.86412261914505,4.743352272727273,1.1341304255329518
RHF_MPM_P44,204,0.0102,10.2,0,255,3.8938888888888887,26.663762683314197,56072,219.89019607843136,1,190,255,0.6162003253335385,109,109,196,0.01361111111111111,20,13,0.7538461538461538,69.6938775510204,56.714285714285715,0.051597222222222225,0.005694444444444445,0.017152777777777777,0.012569444444444444,0.009583333333333333,1,71.0576758453417,56.66386075046369,7.302440894660842,4.246654177030499,0.8135185254348573,176.2630592213235,-0.896799861983448,0.896799861983448,0.01918961335425881,-3,-0.04055555555555568,-584,0.05760402057652955,210.1818181818182,31.662476161763074,4.44125,0.8392330198390094
RHF_MPM_P44,205,0.01025,10.25,0,255,4.0441666666666665,27.208691817444418,58236,228.3764705882353,3,199,255,0.6478099578373209,110,110,202,0.014027777777777778,20,13,0.7769230769230769,69.8019801980198,56.801980198019805,0.05479166666666667,0.005902777777777778,0.017777777777777778,0.013055555555555556,0.01,1,71.17757057490212,56.64437804794285,7.358759354258846,4.26756886787445,0.8146659650960618,175.8774697651753,-1.1049749066504908,1.1049749066504908,0.019764406896078026,6,0.15027777777777773,2164,0.12146736958492353,202.45454545454547,20.30836655337193,4.2276073232323235,0.5711931669907625
RHF_MPM_P44,206,0.0103,10.3,0,255,3.9609722222222223,26.896648988908673,57038,223.67843137254903,2,193,255,0.6252550708266916,108,108,202,0.014027777777777778,21,13,0.73992673992674,69.81188118811882,56.68811881188119,0.05263888888888889,0.005833333333333334,0.0175,0.012777777777777779,0.009652777777777777,1,71.13685613100039,56.60180932010239,7.272466480174684,4.093824077410486,0.8265107088209951,175.7790430472128,-1.077835112101728,1.077835112101728,0.02016199726498124,0,-0.08319444444444413,-1198,0.0589046902392561,197.9090909090909,12.985688244122978,4.075492424242425,0.36015644794321966
RHF_MPM_P44,207,0.01035,10.35,0,255,3.9590972222222223,26.91091645011355,57011,223.57254901960783,2,193,255,0.6224522769177232,106,106,201,0.013958333333333333,21,13,0.7362637362637363,69.71641791044776,56.78109452736319,0.05236111111111111,0.005833333333333334,0.017638888888888888,0.012777777777777779,0.009791666666666667,1,71.1104523688411,56.611004893792426,7.260900109877787,4.097960276547824,0.8255100864612798,175.18947688124484,-1.0706483444737296,1.0706483444737296,0.019838276823770852,-1,-0.001875000000000071,-27,0.027959206563371287,195.0909090909091,7.476685525437123,3.975808080808081,0.18350641860280179
RHF_MPM_P44,208,0.0104,10.4,0,255,4.014027777777778,27.181362546570714,57802,226.67450980392158,2,196,255,0.629794394186282,110,110,204,0.014166666666666666,20,13,0.7846153846153846,69.77450980392157,56.740196078431374,0.053125,0.006111111111111111,0.0175,0.012916666666666667,0.01,1,71.06229888239162,56.62041105844089,7.23930746025253,4.200863522139576,0.8144132853388621,175.53707379462443,-0.9003006728312949,0.9003006728312949,0.019359191723469775,3,0.05493055555555548,791,0.04906357295014406,195.0,7.36082999272624,3.9322222222222223,0.08686889103584773
RHF_MPM_P44,209,0.01045,10.45,0,255,3.9965277777777777,27.069745086623627,57550,225.68627450980392,2,198,255,0.6257842370041982,109,109,206,0.014305555555555556,21,13,0.7545787545787546,69.92718446601941,56.71844660194175,0.05236111111111111,0.005902777777777778,0.017569444444444443,0.013055555555555556,0.009930555555555555,1,71.20196350999132,56.55059947871416,7.293393226221661,4.203471590661277,0.8172102697651676,174.4107884701272,-0.9496462578559236,0.9496462578559236,0.01843614248479583,2,-0.01750000000000007,-252,0.1561405292244898,196.54545454545453,7.714963457918955,3.925208333333333,0.07780619858623061
RHF_MPM_P44,210,0.0105,10.5,0,255,3.904513888888889,26.641795311175727,56225,220.49019607843138,2,186,255,0.6231732584074745,107,107,202,0.014027777777777778,21,13,0.73992673992674,69.9950495049505,56.806930693069305,0.05229166666666667,0.005486111111111111,0.017361111111111112,0.012708333333333334,0.009652777777777777,1,71.25047576700756,56.61316140506892,7.408670185333649,4.138371156450405,0.8294473644089877,175.68589950929035,-0.7716970132094779,0.7716970132094779,0.017216540684748777,-4,-0.09201388888888884,-1325,0.0791671251848163,198.27272727272728,6.523954588366965,3.928162878787879,0.07633326351459697
RHF_MPM_P44,211,0.01055,10.55,0,255,3.944375,26.850859240822928,56799,222.74117647058824,2,191,255,0.6193139315080013,110,110,198,0.01375,20,13,0.7615384615384615,69.70707070707071,56.86868686868687,0.05173611111111111,0.005625,0.017569444444444443,0.012916666666666667,0.009791666666666667,1,71.15296043944436,56.68249441011285,7.2757684063651284,4.172636710524269,0.8192071450597687,175.43993539008122,-0.9312198418790485,0.9312198418790485,0.018539058786246235,-4,0.039861111111111125,574,0.11965076137735196,199.63636363636363,4.416348291451317,3.9442613636363633,0.05691057653175206
RHF_MPM_P44,212,0.0106,10.6,0,255,3.959375,26.862886461693197,57015,223.58823529411765,2,186,255,0.627390895101251,109,109,202,0.014027777777777778,21,13,0.73992673992674,69.83168316831683,56.93564356435643,0.052569444444444446,0.005625,0.0175,0.012847222222222222,0.009652777777777777,1,71.22958870472682,56.7567657633956,7.429803307010283,4.144265025956827,0.8299825665273959,175.2790899460374,-0.942768801090999,0.942768801090999,0.018766991142681752,4,0.015000000000000124,216,0.10671515805475101,200.8181818181818,2.8862741575250084,3.9551325757575757,0.0463596999454014
RHF_MPM_P44,213,0.01065,10.65,0,255,4.035625,27.193819156268205,58113,227.89411764705883,3,198,255,0.6356198704123885,110,110,204,0.014166666666666666,21,13,0.7472527472527473,69.82352941176471,56.98039215686274,0.05368055555555556,0.0059722222222222225,0.017708333333333333,0.01326388888888889,0.01,1,71.23994631149657,56.81819902603548,7.464639614610431,4.222000593847815,0.8246796803408195,177.40991871826887,-0.8647487013497523,0.8647487013497523,0.01935883537246399,2,0.07624999999999948,1098,0.06230028713077659,201.45454545454547,2.7423823870906103,3.9679103535353537,0.04740243811553373
RHF_MPM_P44,214,0.0107,10.7,0,255,3.9946527777777776,27.03600041850563,57523,225.58039215686276,3,198,255,0.6417802655415552,110,110,200,0.013888888888888888,21,13,0.7326007326007326,69.72,57.01,0.05444444444444444,0.0059722222222222225,0.017291666666666667,0.013055555555555556,0.009930555555555555,1,71.27065695460946,56.91709403195244,7.457083022604203,4.063228609061197,0.8385128829484009,176.8002902301365,-1.1772295395261627,1.1772295395261627,0.020809067677276916,-4,-0.040972222222221966,-590,0.10355368557286089,201.54545454545453,2.675261630829484,3.9733838383838385,0.0466929460460915
RHF_MPM_P44,215,0.01075,10.75,0,255,4.007708333333333,27.18905026790171,57711,226.31764705882352,2,202,255,0.6255602281652843,110,110,203,0.014097222222222223,21,13,0.7435897435897436,70.08866995073892,56.98029556650246,0.05291666666666667,0.0060416666666666665,0.017430555555555557,0.013402777777777777,0.010138888888888888,1,71.29609606487499,56.825180641472166,7.279165877385613,4.199347489299028,0.8168151038783569,177.05167030108484,-0.8462176462204419,0.8462176462204419,0.018713936684514217,3,0.01305555555555582,188,0.09536886116904415,202.1818181818182,2.0368505911280073,3.983731060606061,0.040072153319812454
RHF_MPM_P44,216,0.0108,10.8,0,255,3.9859027777777776,27.065137654708604,57397,225.08627450980393,2,195,255,0.6201423145185637,109,109,204,0.014166666666666666,21,13,0.7472527472527473,70.07352941176471,56.86764705882353,0.05201388888888889,0.005902777777777778,0.017638888888888888,0.013333333333333334,0.00986111111111111,1,71.22954161367319,56.73911528477098,7.153412947822615,4.0772935103086185,0.821659419848826,173.96400182505124,-1.008783415721578,1.008783415721578,0.018607244281059986,1,-0.021805555555555856,-314,0.10879678579293706,202.36363636363637,2.10076727423479,3.9784343434343428,0.0353002687645505
RHF_MPM_P44,217,0.01085,10.85,0,255,4.078541666666666,27.364200266161575,58731,230.31764705882352,2,199,255,0.6338034424631012,109,109,209,0.014513888888888889,21,13,0.7655677655677655,70.08133971291866,56.866028708133975,0.05347222222222222,0.0060416666666666665,0.017916666666666668,0.013472222222222222,0.01,1,71.36306209667808,56.75741942074884,7.310029999589189,4.100932054750818,0.827815316377336,174.52897124037398,-1.0283074102988359,1.0283074102988359,0.017588666973148762,5,0.09263888888888872,1334,0.13476928721245837,203.0,2.8284271247461903,3.989122474747475,0.04489092999120136
RHF_MPM_P44,218,0.0109,10.9,0,255,4.055416666666667,27.15615310045364,58398,229.01176470588234,2,195,255,0.6331275960585362,109,109,203,0.014097222222222223,21,13,0.7435897435897436,70.03448275862068,56.92118226600985,0.053125,0.0059722222222222225,0.018125,0.01326388888888889,0.009930555555555555,1,71.43371348333847,56.76553991575054,7.419578963895424,4.02052148108468,0.8404558649369939,175.43546371468017,-0.9497400671275096,0.9497400671275096,0.017688961950751737,-6,-0.023124999999999396,-333,0.07111653025920292,203.1818181818182,2.757409252382382,3.997878787878788,0.0474984711974532
RHF_MPM_P44,219,0.01095,10.95,0,255,4.0159722222222225,27.042533789883777,57830,226.7843137254902,2,193,255,0.6311934683240152,109,109,205,0.01423611111111111,21,13,0.7509157509157509,70.13658536585366,56.89756097560976,0.05305555555555556,0.0059722222222222225,0.017638888888888888,0.013125,0.009791666666666667,1,71.45545564585855,56.72394950717621,7.388359766761213,4.058294604775974,0.8356369129212782,173.3604762475819,-1.0246462851780083,1.0246462851780083,0.01869272004150095,2,-0.03944444444444439,-568,0.04693062663580571,203.27272727272728,2.7990553306073913,3.9980555555555553,0.04756181738605001
RHF_MPM_P44,220,0.011,11.0,0,255,4.0934027777777775,27.337143247257995,58945,231.15686274509804,4,203,255,0.6557079861132866,110,110,204,0.014166666666666666,21,13,0.7472527472527473,69.90686274509804,56.995098039215684,0.05569444444444444,0.0060416666666666665,0.017777777777777778,0.013472222222222222,0.010277777777777778,1,71.46222750021207,56.79221307998982,7.541398777703306,4.115369358019938,0.8379781926024196,174.42151840271137,-1.1072894678219642,1.1072894678219642,0.021121384341335144,-1,0.077430555555555,1115,0.06859863981643322,203.0909090909091,2.6783490659374976,4.006862373737373,0.05487091411410763
RHF_MPM_P44,221,0.01105,11.05,0,255,4.100694444444445,27.37284237191576,59050,231.5686274509804,3,206,255,0.6529553008153447,109,109,209,0.014513888888888889,21,13,0.7655677655677655,70.2822966507177,57.11483253588517,0.05541666666666667,0.006111111111111111,0.017916666666666668,0.013402777777777777,0.010208333333333333,1,71.57788314987299,56.881744284504656,7.594157131104363,4.202200635571922,0.8329511375282558,175.95834445085333,-1.0175746464620308,1.0175746464620308,0.018577476714648603,5,0.00729166666666714,105,0.14626026760664426,203.72727272727272,3.13603423830188,4.024696969696969,0.05040692013443227
RHF_MPM_P44,222,0.0111,11.1,0,255,4.1809722222222225,27.651502353183584,60206,236.10196078431372,4,210,255,0.6625494710555957,110,110,211,0.014652777777777778,22,13,0.7377622377622378,70.27962085308057,57.052132701421804,0.05638888888888889,0.006319444444444444,0.01840277777777778,0.013819444444444445,0.010347222222222223,1,71.60233199348902,56.87253762083513,7.629457939207272,4.304696923995522,0.825624112713139,176.8311681954902,-0.8996773893702674,0.8996773893702674,0.018469919941534067,2,0.08027777777777789,1156,0.026124865742903396,204.9090909090909,3.2038200339465632,4.046205808080807,0.06092531783989696
RHF_MPM_P44,223,0.01115,11.15,0,255,4.1026388888888885,27.368575222377434,59078,231.67843137254903,4,206,255,0.656860389079564,109,109,208,0.014444444444444444,21,13,0.7619047619047619,70.24038461538461,57.0,0.05590277777777778,0.0061805555555555555,0.017777777777777778,0.013472222222222222,0.010277777777777778,1,71.68467111276617,56.85263549883205,7.637596120645481,4.132136165518772,0.8410060275541789,175.6846393664197,-1.0053841034335602,1.0053841034335602,0.019736619384542468,-3,-0.07833333333333403,-1128,0.0847102415506085,205.45454545454547,3.1727142484754816,4.059229797979797,0.05609251597184089
RHF_MPM_P44,224,0.0112,11.2,0,255,4.164305555555556,27.592666161620482,59966,235.1607843137255,5,209,255,0.6712368437630076,110,110,211,0.014652777777777778,21,13,0.7728937728937729,70.2132701421801,57.014218009478675,0.057430555555555554,0.00625,0.01826388888888889,0.013541666666666667,0.010277777777777778,1,71.51877730714071,56.78722943001034,7.638916368431221,4.280967824366314,0.828211546870032,176.46398744691217,-0.8706154343485373,0.8706154343485373,0.02057832771904079,3,0.061666666666667425,888,0.17832192401274574,206.0909090909091,3.502065506228768,4.070928030303031,0.06294908991806888
RHF_MPM_P44,225,0.01125,11.25,0,255,4.143194444444444,27.50115999201917,59662,233.9686274509804,4,207,255,0.672089486645256,109,109,211,0.014652777777777778,21,13,0.7728937728937729,70.23222748815166,56.96208530805687,0.057430555555555554,0.00625,0.017986111111111112,0.013541666666666667,0.010208333333333333,1,71.56654151721364,56.76804331064999,7.612105892390136,4.239830939128096,0.8305223638169354,175.8134306254943,-0.817887258374659,0.817887258374659,0.02051557105024974,0,-0.021111111111111747,-304,0.05147355573496204,207.0909090909091,3.175318035740542,4.084431818181819,0.06104179823090176
RHF_MPM_P44,226,0.0113,11.3,0,255,4.216875,27.755386988853925,60723,238.12941176470588,4,211,255,0.6701248406656364,110,110,213,0.014791666666666667,22,13,0.7447552447552448,70.30046948356808,57.08920187793427,0.057152777777777775,0.006388888888888889,0.018680555555555554,0.013819444444444445,0.010486111111111111,1,71.63117764273834,56.85158836025888,7.647354358806703,4.37769425430031,0.8199427114241673,176.33447394703768,-0.8062029210884291,0.8062029210884291,0.018576157304481002,2,0.07368055555555575,1061,0.10562956043170935,208.0,3.302891295379082,4.10344696969697,0.06651348453039481
RHF_MPM_P44,227,0.01135,11.35,0,255,4.165694444444444,27.522113145936792,59986,235.23921568627452,4,207,255,0.6612566472178659,107,107,215,0.014930555555555556,22,13,0.7517482517482518,70.45116279069768,57.009302325581395,0.05597222222222222,0.0060416666666666665,0.01826388888888889,0.01375,0.010208333333333333,1,71.72645283899577,56.82045810689161,7.6729709978984655,4.206965820726708,0.8362923273802031,175.72260223613418,-0.896351323371234,0.896351323371234,0.0176874604074284,2,-0.051180555555555785,-737,0.10023200934134215,209.0,3.592922335521728,4.119791666666666,0.0570358345231582
RHF_MPM_P44,228,0.0114,11.4,0,255,4.132430555555556,27.41538555128731,59507,233.3607843137255,4,201,255,0.6548471117892367,109,109,206,0.014305555555555556,21,13,0.7545787545787546,70.18932038834951,56.898058252427184,0.05527777777777778,0.0060416666666666665,0.01826388888888889,0.013541666666666667,0.010138888888888888,1,71.69170013611844,56.783655704370915,7.595959042207985,4.0742856178210385,0.8439795160260225,176.24914141097344,-1.0413495118414993,1.0413495118414993,0.018619658191473272,-9,-0.03326388888888854,-479,0.05061785444460113,208.72727272727272,3.6949820787093772,4.124690656565656,0.05557806018016881
RHF_MPM_P44,229,0.01145,11.45,0,255,4.079722222222222,27.227126586275347,58748,230.3843137254902,4,198,255,0.6563173830087455,107,107,206,0.014305555555555556,21,13,0.7545787545787546,70.19902912621359,56.883495145631066,0.05555555555555555,0.005833333333333334,0.017847222222222223,0.013333333333333334,0.009930555555555555,1,71.60058214747735,56.741965683938176,7.571434923066515,4.092190671780885,0.8413584297424955,174.8196120188941,-0.9766371240899662,0.9766371240899662,0.020102812010621637,0,-0.05270833333333336,-759,0.10020252321014476,209.0,3.3574882386580707,4.126900252525253,0.053212863670970556
RHF_MPM_P44,230,0.0115,11.5,0,255,4.0534027777777775,27.190017997398993,58369,228.89803921568628,4,204,255,0.6640971639778941,108,108,205,0.01423611111111111,21,13,0.7509157509157509,70.0439024390244,56.9609756097561,0.05659722222222222,0.005694444444444445,0.017708333333333333,0.013333333333333334,0.010069444444444445,1,71.51551337182408,56.76771916599565,7.525568899704576,4.246685103353958,0.8255692122512757,173.23314565104468,-1.0956706094982787,1.0956706094982787,0.021107094519351024,-1,-0.026319444444444784,-379,0.08888159780984442,209.0,3.3574882386580707,4.130303030303031,0.04682382890387188
RHF_MPM_P44,231,0.01155,11.55,0,255,4.098472222222222,27.398958777850293,59018,231.44313725490196,3,203,255,0.6552573004313464,108,108,210,0.014583333333333334,21,13,0.7692307692307693,70.15714285714286,56.89523809523809,0.055625,0.0059722222222222225,0.017847222222222223,0.013333333333333334,0.010138888888888888,1,71.47278796299435,56.73235284150598,7.590180678083854,4.267568887485599,0.8269682269986729,176.1208975816832,-0.8611694559764199,0.8611694559764199,0.0185536615947677,5,0.045069444444444606,649,0.05546383927909353,209.54545454545453,2.9653648055091075,4.130763888888889,0.046482074643753125
RHF_MPM_P44,232,0.0116,11.6,0,255,4.095208333333333,27.309232857444982,58971,231.25882352941176,3,203,255,0.6474596636890273,109,109,210,0.014583333333333334,21,13,0.7692307692307693,70.15714285714286,56.82857142857143,0.05451388888888889,0.005694444444444445,0.018125,0.013194444444444444,0.010069444444444445,1,71.49178409726815,56.6398060063421,7.5016729604303505,4.063222639881205,0.8406091410745716,175.3647930525935,-0.8775070013376683,0.8775070013376683,0.018670193824083022,0,-0.003263888888889177,-47,0.09447629234997958,209.63636363636363,2.962576497600059,4.130265151515151,0.04683016297613103
RHF_MPM_P44,233,0.01165,11.65,0,255,4.067222222222222,27.132843117102272,58568,229.67843137254903,3,192,255,0.6503758453286314,107,107,205,0.01423611111111111,20,13,0.7884615384615384,69.85853658536585,56.75121951219512,0.05493055555555556,0.005833333333333334,0.017847222222222223,0.013125,0.009930555555555555,1,71.40073077448436,56.57666302417702,7.497678293436774,4.1772673590136895,0.8304176083452178,172.7927969681059,-1.062173664148917,1.062173664148917,0.01932796066111187,-5,-0.027986111111110823,-403,0.11080498087481744,209.0909090909091,3.2038200339465632,4.119924242424242,0.04704990707471395
RHF_MPM_P44,234,0.0117,11.7,0,255,4.005833333333333,27.03699049193736,57684,226.21176470588236,3,197,255,0.6428117946605478,110,110,202,0.014027777777777778,20,13,0.7769230769230769,69.76732673267327,56.92079207920792,0.05444444444444444,0.005902777777777778,0.017152777777777777,0.013055555555555556,0.009930555555555555,1,71.20827265792941,56.671399348172805,7.46916922749417,4.217109523293787,0.8253631526738338,174.50349680191593,-0.9531527119163758,0.9531527119163758,0.019849524998266418,-3,-0.061388888888888715,-884,0.21451129973059888,208.54545454545453,3.798651348322941,4.111123737373737,0.05737963340205435
RHF_MPM_P44,235,0.01175,11.75,0,255,4.039791666666667,27.24435237012817,58173,228.12941176470588,3,202,255,0.6432715063715595,110,110,205,0.01423611111111111,20,13,0.7884615384615384,69.86341463414634,56.89756097560976,0.05451388888888889,0.0059722222222222225,0.0175,0.013194444444444444,0.010208333333333333,1,71.30417891461674,56.73348460626064,7.487329607235929,4.191130182111227,0.8286527433140675,176.2876336128026,-1.041694827461315,1.041694827461315,0.02050779571278772,3,0.033958333333333535,489,0.11424792927492668,208.0,3.8376128944009875,4.099804292929293,0.05804948993691082
RHF_MPM_P44,236,0.0118,11.8,0,255,4.119513888888889,27.437531721820715,59321,232.6313725490196,4,202,255,0.6564572991560873,107,107,213,0.014791666666666667,21,13,0.7802197802197802,70.14553990610328,56.72769953051643,0.05569444444444444,0.0060416666666666665,0.018194444444444444,0.013541666666666667,0.010208333333333333,1,71.3905362350601,56.561993223310466,7.528576198580715,4.337853190582088,0.8173192565697905,175.65790399323112,-0.9164163259771984,0.9164163259771984,0.02004349218657811,8,0.07972222222222225,1148,0.1920075030313113,208.1818181818182,4.018552019145517,4.097651515151515,0.05682665831832798
RHF_MPM_P44,237,0.01185,11.85,0,255,4.167708333333334,27.566911003017072,60015,235.35294117647058,4,205,255,0.6737394195178525,110,110,209,0.014513888888888889,21,13,0.7655677655677655,69.94258373205741,56.79904306220096,0.0575,0.006319444444444444,0.018125,0.013541666666666667,0.010277777777777778,1,71.383504123969,56.63592435224527,7.50829229996874,4.35003364313374,0.8150689852490837,175.29018884738693,-0.9810511759467077,0.9810511759467077,0.019528451220528202,-4,0.04819444444444443,694,0.07426481274447433,207.8181818181818,3.7372372347444482,4.093181818181818,0.048613427237227474
RHF_MPM_P44,238,0.0119,11.9,0,255,4.080902777777778,27.272343984469224,58765,230.45098039215685,4,201,255,0.6542658612221551,109,109,207,0.014375,21,13,0.7582417582417582,69.94202898550725,56.82125603864734,0.05527777777777778,0.0059722222222222225,0.017708333333333333,0.013125,0.010069444444444445,1,71.3419382285374,56.69362715902323,7.443601315551471,4.180560606369339,0.8273875231238831,175.35095684689585,-0.8697791812956126,0.8697791812956126,0.01819110014464392,-2,-0.08680555555555536,-1250,0.07111496026213915,207.0909090909091,2.9681504940571832,4.085473484848486,0.04288993293666362
RHF_MPM_P44,239,0.01195,11.95,0,255,4.037361111111111,27.08294089423654,58138,227.9921568627451,2,192,255,0.6322386414448322,108,108,207,0.014375,21,13,0.7582417582417582,70.13526570048309,56.68599033816425,0.05291666666666667,0.005694444444444445,0.017916666666666668,0.01326388888888889,0.009722222222222222,1,71.39260036464962,56.59941862465169,7.340029456237324,3.990134089046052,0.8393361098336346,174.77744901742957,-1.0091744161356553,1.0091744161356553,0.018094877704771407,0,-0.043541666666667034,-627,0.10696681720929557,207.1818181818182,2.9485954073139737,4.076830808080809,0.04212879533360275
RHF_MPM_P44,240,0.012,12.0,0,255,4.0477083333333335,27.039754971429208,58287,228.57647058823528,4,196,255,0.6586947095710297,108,108,203,0.014097222222222223,20,13,0.7807692307692308,69.85714285714286,56.59113300492611,0.05576388888888889,0.005902777777777778,0.017708333333333333,0.012847222222222222,0.009652777777777777,1,71.36635956559782,56.527973647640124,7.535677223973278,4.19348671915814,0.830858066844183,173.9294282490972,-1.0916209430201516,1.0916209430201516,0.02027896443460806,-4,0.010347222222222285,149,0.07611152524460729,206.9090909090909,3.175318035740542,4.073920454545455,0.04292676203175316
RHF_MPM_P44,241,0.01205,12.05,0,255,3.9602083333333336,26.816268123430376,57027,223.63529411764705,2,195,255,0.6259114921874843,109,109,202,0.014027777777777778,21,13,0.73992673992674,70.00990099009901,56.67821782178218,0.0525,0.005694444444444445,0.017569444444444443,0.012847222222222222,0.009722222222222222,1,71.33100110473985,56.599961421782666,7.4052216112340465,3.860523171885519,0.8533585444596742,174.34332748229085,-1.0044497101564394,1.0044497101564394,0.017447875567713537,-1,-0.08749999999999991,-1260,0.08020262078162914,206.63636363636363,3.444962785726621,4.065448232323233,0.053927293891654605
RHF_MPM_P44,242,0.0121,12.1,0,255,4.0176388888888885,26.978277681263805,57854,226.87843137254902,3,194,255,0.6449818781602561,109,109,203,0.014097222222222223,21,13,0.7435897435897436,69.88669950738917,56.82266009852217,0.05430555555555556,0.005763888888888889,0.017777777777777778,0.012777777777777779,0.009791666666666667,1,71.3012583399592,56.66088775192726,7.584997822875721,4.159070643055889,0.8362630162381802,177.01810919780792,-0.753682516492223,0.753682516492223,0.017941715352438898,1,0.057430555555554985,827,0.06779859704806163,206.0,3.411211461689767,4.058099747474748,0.05443163366409757
RHF_MPM_P44,243,0.01215,12.15,0,255,3.899027777777778,26.572209253472685,56146,220.18039215686275,2,186,255,0.6296426139065113,110,110,194,0.013472222222222222,20,12,0.8083333333333333,69.72164948453609,56.72680412371134,0.05284722222222222,0.005694444444444445,0.017222222222222222,0.012569444444444444,0.009375,1,71.2009938374951,56.635112029352044,7.412764335520536,4.0827684077068485,0.8346534814704807,174.57767877962957,-1.0613820642591014,1.0613820642591014,0.019484914330495495,-9,-0.11861111111111056,-1708,0.10352467497484892,204.54545454545453,4.5996765966085515,4.040265151515151,0.06942548237443638
RHF_MPM_P44,244,0.0122,12.2,0,255,3.9008333333333334,26.678021527821155,56172,220.28235294117647,2,187,255,0.6222306953622107,108,108,195,0.013541666666666667,20,12,0.8125,69.70769230769231,56.64102564102564,0.052222222222222225,0.005763888888888889,0.017152777777777777,0.012569444444444444,0.00951388888888889,1,71.08863846756391,56.62712739443139,7.292563460697554,3.961397471356165,0.8395965036784169,175.53922511987932,-1.0694020186879134,1.0694020186879134,0.02107811721142206,1,0.0018055555555553937,26,0.11263873022718071,203.63636363636363,5.347433152673725,4.025138888888889,0.0793247524484641
RHF_MPM_P44,245,0.01225,12.25,0,255,4.002569444444444,27.075500027354774,57637,226.02745098039216,3,195,255,0.6370136647266536,111,111,199,0.013819444444444445,20,13,0.7653846153846153,69.74371859296483,56.61306532663317,0.05388888888888889,0.0059722222222222225,0.017569444444444443,0.012986111111111111,0.009930555555555555,1,71.10722279091556,56.53401460867151,7.380149933032794,4.082553208137245,0.8330615868831737,175.17891479452882,-0.9825966871942408,0.9825966871942408,0.020091260822041396,4,0.1017361111111108,1465,0.09494929144761176,203.36363636363637,5.498309281831797,4.024842171717172,0.07940247692292587
RHF_MPM_P44,246,0.0123,12.3,0,255,3.986597222222222,26.957065159846586,57407,225.12549019607843,2,190,255,0.632196046608097,109,109,200,0.013888888888888888,20,12,0.8333333333333334,69.845,56.415,0.05340277777777778,0.0059722222222222225,0.017638888888888888,0.012916666666666667,0.009791666666666667,1,71.0879335272702,56.366732280035535,7.369781652976456,4.203219910433938,0.8214145001916496,174.3098014164834,-0.8905608946114068,0.8905608946114068,0.017611092723883847,1,-0.015972222222222054,-230,0.1683907751803981,202.9090909090909,5.5506681899904535,4.020006313131313,0.07996262462618688
RHF_MPM_P44,247,0.01235,12.35,0,255,3.929027777777778,26.756948041569096,56578,221.87450980392157,1,188,255,0.6147862968286487,109,109,195,0.013541666666666667,20,12,0.8125,69.73333333333333,56.46666666666667,0.051458333333333335,0.005833333333333334,0.017222222222222222,0.012708333333333334,0.00951388888888889,1,71.06467178055074,56.385856693414404,7.3170641915167405,4.003100598986333,0.8370730810410655,172.92455234713424,-1.0497529714077785,1.0497529714077785,0.0189826434303086,-5,-0.05756944444444434,-829,0.03011398425193786,201.27272727272728,4.956004789250549,4.002689393939394,0.07711322158584497
RHF_MPM_P44,248,0.0124,12.4,0,255,3.9898611111111113,26.989756955857636,57454,225.30980392156863,3,191,255,0.6439705843101875,111,111,196,0.01361111111111111,21,12,0.7777777777777778,69.7295918367347,56.61734693877551,0.05451388888888889,0.005763888888888889,0.0175,0.013055555555555556,0.01,1,71.06227590768266,56.50835450969471,7.483917365158404,4.237995156373678,0.82421271146229,175.03003120481287,-0.9559004126295273,0.9559004126295273,0.017909980158039476,1,0.06083333333333352,876,0.1225212438732327,200.0909090909091,4.501606692050889,3.9865214646464646,0.056784145950506626
RHF_MPM_P44,249,0.01245,12.45,0,255,3.9399305555555557,26.722435226596062,56735,222.49019607843138,3,187,255,0.6399891078774709,108,108,197,0.013680555555555555,21,12,0.7817460317460317,69.84263959390863,56.69035532994924,0.05416666666666667,0.005763888888888889,0.017569444444444443,0.012708333333333334,0.009375,1,71.13212302811316,56.556111747598486,7.586948557099167,4.346271904688038,0.8196520753054719,176.57374851680802,-0.8106465830061936,0.8106465830061936,0.01794306865250727,1,-0.04993055555555559,-719,0.08461308412195918,199.1818181818182,3.9958656319701653,3.973705808080808,0.049474566928916004
RHF_MPM_P44,250,0.0125,12.5,0,255,3.980277777777778,26.86270442103193,57316,224.7686274509804,3,193,255,0.6479984053755155,111,111,193,0.013402777777777777,20,12,0.8041666666666667,69.58549222797927,56.601036269430054,0.05479166666666667,0.005763888888888889,0.017430555555555557,0.012847222222222222,0.009791666666666667,1,70.87342103426617,56.59060297299183,7.458519594373792,3.9996246792692554,0.8440597522930446,174.55326948543222,-0.9931558418690458,0.9931558418690458,0.019645474213134204,-4,0.04034722222222209,581,0.2609911229324464,197.9090909090909,3.502065506228768,3.9685164141414146,0.04534717168550312
RHF_MPM_P44,251,0.01255,12.55,0,255,4.126111111111111,27.31929134002176,59416,233.00392156862745,4,203,255,0.6726984254019696,111,111,199,0.013819444444444445,21,13,0.7289377289377289,69.77386934673366,56.537688442211056,0.05701388888888889,0.0059722222222222225,0.017847222222222223,0.013194444444444444,0.010138888888888888,1,70.93212266056281,56.585734482294335,7.613145630700885,4.1699053228871765,0.8366588461151606,174.42153204303546,-0.8632248895616029,0.8632248895616029,0.019001615726403662,6,0.14583333333333348,2100,0.05890316741518944,197.54545454545453,3.1439302665073785,3.97564393939394,0.06077225476976345
RHF_MPM_P44,252,0.0126,12.6,0,255,4.288680555555556,27.906546617100435,61757,242.1843137254902,5,206,255,0.677217656661513,109,109,217,0.015069444444444444,22,14,0.7045454545454546,69.76958525345623,56.82027649769585,0.057291666666666664,0.00625,0.018958333333333334,0.013472222222222222,0.010486111111111111,1,70.989685379795,56.730508282461905,7.673952437292087,4.22547049110648,0.834752686501573,175.76696782331507,-0.8117772951301817,0.8117772951301817,0.018524215878361967,18,0.16256944444444432,2341,0.15579768888004733,198.9090909090909,6.374017506530219,4.00550505050505,0.10811233889994278
RHF_MPM_P44,253,0.01265,12.65,0,255,4.224583333333333,27.880047746128213,60834,238.56470588235294,3,215,255,0.6368168852820237,109,109,209,0.014513888888888889,21,14,0.7108843537414966,69.51196172248804,56.688995215311,0.05347222222222222,0.006319444444444444,0.01861111111111111,0.013680555555555555,0.010625,1,70.79794194036229,56.67477068744452,7.341713232386506,3.8788026487955607,0.8490428993903192,176.63865505739605,-1.0794422665559464,1.0794422665559464,0.019479238583686755,-8,-0.06409722222222225,-923,0.19968030965472877,199.45454545454547,6.932973078159135,4.024318181818182,0.12523644801000317
RHF_MPM_P44,254,0.0127,12.7,0,12,0.020972222222222222,0.36625605691700863,302,25.166666666666668,0,0,7,0.05979906533649477,3,8,11,0.0007638888888888889,89,107,0.0011550981833455844,90.36363636363636,62.54545454545455,0.004861111111111111,0.0,0.0,0.0,0.0,0,82.57615894039735,62.9271523178808,32.17506318969505,26.266796514252192,0.5775274748799628,116.66996152199982,-0.14820989722980285,0.14820989722980285,0.0,-198,-4.203611111111111,-60532,13.33486676920815,182.8181818181818,54.74705169615518,3.6717676767676766,1.160579658820831
RHF_MPM_P44,255,0.01275,12.75,0,255,3.0330555555555554,21.877055880463292,43676,171.27843137254902,3,87,255,0.6635398800155041,108,108,130,0.009027777777777777,13,13,0.7692307692307693,67.02307692307693,56.93076923076923,0.05631944444444444,0.003125,0.012708333333333334,0.008125,0.0060416666666666665,1,69.36326586683762,58.58526421833501,8.458417249549527,5.157049610501734,0.7926365758701334,-141.9108335682349,-0.8583614359118411,0.8583614359118411,0.020995512409561316,119,3.012083333333333,43374,13.90800257557856,176.9090909090909,56.590160637620876,3.5928787878787882,1.171767145004405
RHF_MPM_P44,256,0.0128,12.8,0,255,5.328194444444445,26.85746708843996,76726,300.8862745098039,24,167,255,1.1619067047652443,102,102,214,0.014861111111111111,26,23,0.35785953177257523,70.6822429906542,60.626168224299064,0.10604166666666667,0.005069444444444444,0.021805555555555557,0.012152777777777778,0.008402777777777778,1,77.76167140213227,66.51820764799416,18.32785477488104,4.478163629270925,0.9696905081888817,-139.9516569032894,-1.007645027218804,1.007645027218804,0.017699345723744233,84,2.2951388888888893,33050,11.552696957569689,178.27272727272728,57.28253884211441,3.713390151515151,1.2716182167420935
RHF_MPM_P44,257,0.01285,12.85,0,255,6.0997916666666665,29.697205254983125,87837,344.45882352941175,28,213,255,1.156410960397266,106,106,242,0.016805555555555556,30,27,0.29876543209876544,71.33884297520662,61.43801652892562,0.10354166666666667,0.006944444444444444,0.027916666666666666,0.013958333333333333,0.010694444444444444,1,78.12676890148798,67.43715063128295,18.80634257549084,4.158154329604812,0.9752502742116635,-137.49141501485516,-0.9703484241850817,0.9703484241850817,0.013661668772840602,28,0.7715972222222218,11111,0.9888136278245209,182.0909090909091,59.94156934496452,3.9054987373737373,1.4460431614431164
RHF_MPM_P44,258,0.0129,12.9,0,255,6.175625,30.195334955611887,88929,348.74117647058824,31,232,255,1.1206509840935783,111,111,232,0.01611111111111111,19,19,0.6426592797783933,69.64655172413794,59.7198275862069,0.09958333333333333,0.007430555555555556,0.025208333333333333,0.014722222222222222,0.011666666666666667,1,78.48842334896378,67.62349739679969,21.01160120384212,3.8187296687282033,0.9833459038224086,-137.4265152413963,-1.1911198104926721,1.1911198104926721,0.008703572512903553,-10,0.07583333333333364,1092,0.4068403328058554,185.45454545454547,61.587135073906225,4.109734848484848,1.586750035448211
RHF_MPM_P44,259,0.01295,12.95,0,11,0.017986111111111112,0.3266349471443429,259,23.545454545454547,0,0,7,0.05281496711377596,3,8,8,0.0005555555555555556,32,101,0.0024752475247524753,97.125,58.625,0.0043055555555555555,0.0,0.0,0.0,0.0,0,88.57915057915058,62.59073359073359,29.157339251092093,22.81170051610943,0.6228193945688968,116.6420406414977,-0.017736998839355374,0.017736998839355374,0.0,-224,-6.157638888888889,-88670,11.27614684019689,168.36363636363637,79.70887110122314,3.748655303030303,1.9768985724253036
RHF_MPM_P44,260,0.013,13.0,0,255,3.2580555555555555,22.609856911366535,46916,183.98431372549018,5,102,255,0.7151446878664568,106,106,143,0.009930555555555555,13,14,0.7857142857142857,64.83916083916084,54.94405594405595,0.06131944444444445,0.0029861111111111113,0.013125,0.008819444444444444,0.006527777777777778,1,64.62771762298576,53.08913803393299,7.353056647357369,5.592677935419958,0.6492298682817167,70.59364097074418,-0.8110260432295091,0.8110260432295091,0.015367891550856851,135,3.2400694444444444,46657,25.767255553874403,163.45454545454547,79.45652171455285,3.6866666666666674,1.9806160889710893
RHF_MPM_P44,261,0.01305,13.05,0,255,5.2409027777777775,26.875767829165632,75469,295.956862745098,26,163,255,1.111383262495167,99,99,224,0.015555555555555555,20,28,0.4,61.669642857142854,51.098214285714285,0.09944444444444445,0.005208333333333333,0.021319444444444443,0.011944444444444445,0.008541666666666666,1,58.287800288860325,44.8795929454478,15.638805560597929,5.007875849857281,0.9473428279022337,60.85035546419999,-1.117158169661232,1.117158169661232,0.025387907617697332,81,1.982847222222222,28553,10.372616948649721,166.27272727272728,80.98943916461174,3.8012689393939394,2.0301413503242385
RHF_MPM_P44,262,0.0131,13.1,0,255,6.458541666666667,29.989386142543786,93003,364.7176470588235,32,215,255,1.2691773372338835,103,103,258,0.017916666666666668,25,28,0.36857142857142855,60.395348837209305,50.44961240310077,0.11548611111111111,0.006736111111111111,0.027708333333333335,0.014375,0.010902777777777779,1,55.5116824188467,43.07853510101825,17.479496796314727,5.07025221362206,0.9570058718996146,54.96171455921533,-0.888677368997508,0.888677368997508,0.019472490134726836,34,1.2176388888888896,17534,3.3091750916490024,171.63636363636363,84.84132004381391,4.013308080808081,2.169985803544533
RHF_MPM_P44,263,0.01315,13.15,0,255,6.0929166666666665,29.838148677373656,87738,344.0705882352941,28,224,255,1.2140304734919205,112,112,223,0.015486111111111112,18,18,0.6882716049382716,61.91031390134529,52.3542600896861,0.11118055555555556,0.007083333333333333,0.02701388888888889,0.014513888888888889,0.01125,1,55.89860721694135,44.600104857644354,17.442151288564432,5.11916704957299,0.9559609102321952,52.11017230871259,-1.0588920938931419,1.0588920938931419,0.026681711459116915,-35,-0.36562500000000053,-5265,1.5699953259993527,172.1818181818182,85.1499406734627,4.177329545454546,2.251266929863123
RHF_MPM_P44,264,0.0132,13.2,0,255,6.0100694444444445,31.12746815284354,86545,339.3921568627451,26,242,255,1.0384674721425566,110,110,264,0.018333333333333333,21,20,0.6285714285714286,61.0,51.71212121212121,0.09208333333333334,0.007916666666666667,0.02340277777777778,0.017013888888888887,0.0125,1,56.32690507828298,46.05978392743659,18.643604510436226,4.547596596593004,0.9697947011114164,48.37153011149989,-1.6347120820147243,1.6347120820147243,0.020058928880928997,41,-0.08284722222222207,-1193,1.5212172904681769,177.1818181818182,88.70566055712585,4.3396464646464645,2.3123604369976922
RHF_MPM_P44,265,0.01325,13.25,0,255,6.229861111111111,33.17188313219895,89710,351.80392156862746,19,251,255,0.9099510957216914,109,109,310,0.021527777777777778,24,23,0.5615942028985508,60.041935483870965,50.85806451612903,0.07875,0.009305555555555555,0.028055555555555556,0.01986111111111111,0.014583333333333334,1,58.755802028759334,49.126318136216696,12.874614230022763,4.752319133012897,0.9293804626301151,-135.94598188080437,2.4117906804226403,2.4117906804226403,0.03066547765020622,46,0.2197916666666666,3165,3.9119269484043246,204.36363636363637,78.88573177505518,4.90409090909091,1.9125069234464924
RHF_MPM_P44,266,0.0133,13.3,0,255,6.671458333333334,34.536571467165025,96069,376.74117647058824,20,254,255,0.9075789823662854,107,107,348,0.024166666666666666,28,23,0.5403726708074534,59.367816091954026,50.44827586206897,0.07777777777777778,0.009791666666666667,0.030833333333333334,0.021805555555555557,0.015694444444444445,1,59.13843175217812,49.85937190977318,9.433933764148472,4.529529641985572,0.8771964739192666,-138.47103072771492,0.48694636664182755,0.48694636664182755,0.0067035151817964175,38,0.44159722222222264,6359,0.826905883501224,224.1818181818182,84.87083039089266,5.234854797979798,1.8745635157529017
RHF_MPM_P44,267,0.01335,13.35,0,12,0.021458333333333333,0.3630856739079941,309,25.75,0,0,7,0.06294516203865083,3,8,11,0.0007638888888888889,93,107,0.0011054165410511506,84.9090909090909,68.54545454545455,0.005138888888888889,0.0,0.0,0.0,0.0,0,85.08090614886731,63.407766990291265,35.18596064324036,26.167223275574543,0.6685317076431034,117.48804358731549,-0.1684578733279317,0.1684578733279317,0.0,-337,-6.65,-95760,29.267234018278543,205.72727272727272,104.80726111997716,4.752424242424243,2.3981911910708247
RHF_MPM_P44,268,0.0134,13.4,0,255,3.200625,22.472590394830306,46089,180.74117647058824,5,100,255,0.7032281672514462,106,106,141,0.009791666666666667,13,14,0.7747252747252747,67.1418439716312,57.51063829787234,0.060069444444444446,0.0034027777777777776,0.013402777777777777,0.008680555555555556,0.006597222222222222,1,69.03697194558355,59.304259150773504,8.77898929222148,5.049977068512103,0.8179885871173803,48.794879920848025,0.8073025904534542,0.8073025904534542,0.021849031222200527,130,3.1791666666666667,45780,16.560392546926007,196.54545454545453,105.64809823729448,4.488863636363637,2.3949398676711566
RHF_MPM_P44,269,0.01345,13.45,0,255,5.607847222222222,27.538231648201236,80753,316.678431372549,27,180,255,1.2289610146660699,106,106,209,0.014513888888888889,21,23,0.432712215320911,69.8133971291866,60.42583732057416,0.11333333333333333,0.005555555555555556,0.021458333333333333,0.012638888888888889,0.009027777777777777,1,76.85055663566679,68.69381942466534,19.800455062804794,4.476779765034184,0.9741053049436962,49.33167375606271,1.0999764902788964,1.0999764902788964,0.02227781011231781,68,2.4072222222222224,34664,12.215397981488403,194.45454545454547,105.15215264849108,4.437247474747474,2.363948171355263
RHF_MPM_P44,270,0.0135,13.5,0,255,6.384444444444444,30.185150547582943,91936,360.53333333333336,30,228,255,1.2442098195737392,111,111,232,0.01611111111111111,19,21,0.581453634085213,70.01293103448276,60.491379310344826,0.11368055555555556,0.007152777777777778,0.02847222222222222,0.014930555555555556,0.011319444444444444,1,77.42239166376609,68.84803558997564,19.6472468876856,4.451791190109493,0.9739911612228499,50.5897997694681,1.0491496430376228,1.0491496430376228,0.018023407587887227,23,0.7765972222222217,11183,0.5922650800142978,214.8181818181818,87.23512447488547,5.016016414141413,1.9551274598483046
RHF_MPM_P44,271,0.01355,13.55,0,255,5.998402777777778,29.781396788450053,86377,338.73333333333335,30,229,255,1.1552348859675907,113,113,225,0.015625,18,19,0.6578947368421053,69.85777777777778,60.13333333333333,0.10486111111111111,0.007430555555555556,0.02125,0.014930555555555556,0.011458333333333333,1,77.57301133403568,67.8394827326719,20.794835957705185,4.230003409906543,0.9790923910596142,46.405934240230664,1.2862811247721826,1.2862811247721826,0.008104009169107517,-7,-0.3860416666666664,-5559,1.0197377854368546,222.27272727272728,84.23138144322881,5.265138888888888,1.88871605576268
RHF_MPM_P44,272,0.0136,13.6,0,255,5.643472222222222,31.08323456908895,81266,318.69019607843137,19,247,255,0.9477364983088473,111,111,259,0.017986111111111112,21,19,0.6491228070175439,70.3976833976834,60.552123552123554,0.08423611111111111,0.008541666666666666,0.02340277777777778,0.016805555555555556,0.01326388888888889,1,73.84264021854158,63.38786208254375,15.049962568548816,4.3750051122792275,0.9568146342112175,-137.27357717382574,-2.324611074090421,2.324611074090421,0.046698496296113993,34,-0.35493055555555575,-5111,5.807976848435272,225.45454545454547,84.8949764402664,5.301736111111111,1.8917896176243518
RHF_MPM_P44,273,0.01365,13.65,0,255,6.057083333333333,33.00841336090189,87222,342.0470588235294,17,252,255,0.8952759581771317,110,110,304,0.021111111111111112,23,24,0.5507246376811594,71.43092105263158,61.60526315789474,0.07819444444444444,0.009097222222222222,0.02701388888888889,0.019583333333333335,0.015,1,72.70628969755337,62.42640618192658,9.722242585171085,4.497404811387057,0.8865727239026371,-137.73270624972412,-0.999261468486249,0.999261468486249,0.023572034578432047,45,0.41361111111111093,5956,1.488519383609675,229.63636363636363,87.48846441079348,5.265239898989898,1.8728987293674346
RHF_MPM_P44,274,0.0137,13.7,0,255,6.518402777777778,33.98705137751391,93865,368.0980392156863,19,255,255,0.9744752564516983,109,109,320,0.022222222222222223,23,24,0.5797101449275363,71.584375,61.75625,0.08659722222222223,0.010069444444444445,0.02847222222222222,0.02048611111111111,0.01576388888888889,1,73.14086187609865,62.896052841847336,10.438088795588097,4.6182694702128355,0.896796148158698,-136.92370054914232,-0.9265548046091585,0.9265548046091585,0.018739679326692592,16,0.4613194444444453,6643,0.6398601124779644,238.45454545454547,91.18548891369588,5.303920454545454,1.8938694513179475
RHF_MPM_P44,275,0.01375,13.75,0,255,6.745763888888889,34.520660321028146,97139,380.9372549019608,22,255,255,1.0148275419130892,111,111,328,0.02277777777777778,24,24,0.5694444444444444,71.47256097560975,61.77743902439025,0.09041666666666667,0.010069444444444445,0.028958333333333332,0.02125,0.01625,1,73.33842226088389,63.104757100649586,10.783528021292405,4.680963026068567,0.9008721296548236,-137.1165505699372,-0.9820984918103429,0.9820984918103429,0.015616796549274751,8,0.22736111111111068,3274,0.28738053740412944,244.27272727272728,94.6074097704354,5.370801767676768,1.9302665470132927
RHF_MPM_P44,276,0.0138,13.8,0,255,6.854652777777778,34.59090357732945,98707,387.0862745098039,24,255,255,1.0641247059373018,110,110,334,0.023194444444444445,25,24,0.5566666666666666,71.58083832335329,61.88922155688623,0.09541666666666666,0.010416666666666666,0.029236111111111112,0.021111111111111112,0.016319444444444445,1,73.60562067533205,63.405077654067085,11.284678785286621,4.763131367784592,0.9065547037283265,-137.43078659772965,-0.934246824678291,0.934246824678291,0.01736452328608913,6,0.10888888888888903,1568,0.40197938689515383,246.45454545454547,96.3585761964734,5.427601010101011,1.9636135876814904
RHF_MPM_P44,277,0.01385,13.85,0,255,6.924791666666667,34.59777364121598,99717,391.0470588235294,25,255,255,1.0753987191391956,109,109,330,0.022916666666666665,25,24,0.55,71.55757575757576,61.88484848484848,0.0967361111111111,0.010416666666666666,0.029236111111111112,0.021388888888888888,0.016458333333333332,1,74.12717991917125,63.89986662254179,12.102421939584495,4.710286695399819,0.9211524365977413,-137.6745172404174,-1.1088613144326556,1.1088613144326556,0.017710119638577174,-4,0.07013888888888875,1010,0.7189159673831085,244.8181818181818,94.7598094531817,5.450631313131312,1.9794885936688429
RHF_MPM_P44,278,0.0139,13.9,0,255,6.764583333333333,33.85917930838697,97410,382.0,25,254,255,1.0595971720577588,108,108,326,0.02263888888888889,25,24,0.5433333333333333,71.46932515337423,61.70858895705521,0.09430555555555556,0.00986111111111111,0.029027777777777777,0.02048611111111111,0.015277777777777777,1,74.28471409506211,64.02016220100606,12.718118977349631,4.218051938806781,0.9434000738717563,-137.93685387576434,-1.1740298124249564,1.1740298124249564,0.021250384970742223,-4,-0.16020833333333329,-2307,0.19821211560261504,273.45454545454544,61.55022138113002,6.063642676767676,1.0099083861474152
RHF_MPM_P44,279,0.01395,13.95,0,11,0.017569444444444443,0.3342232839148142,253,23.0,0,0,7,0.051220621034802495,3,8,10,0.0006944444444444445,32,107,0.0029205607476635513,96.4,63.5,0.004097222222222223,0.0,0.0,0.0,0.0,0,90.26086956521739,62.316205533596836,32.331620834796205,20.332421061804933,0.7775095976855323,91.20515970733214,-0.28923222796301795,0.28923222796301795,0.04743083003952569,-316,-6.747013888888889,-97157,16.066767314272674,261.54545454545456,91.44135093685473,5.77427398989899,1.8746180008279447
RHF_MPM_P44,280,0.014,14.0,0,255,3.2624305555555555,23.112880119659103,46979,184.2313725490196,2,109,255,0.6492063195801119,108,108,146,0.010138888888888888,14,13,0.8021978021978022,64.34246575342466,55.24657534246575,0.054375,0.0034027777777777776,0.014513888888888889,0.009305555555555555,0.006666666666666667,1,63.86808999765853,54.16007152131804,6.561147963720573,5.587021827936849,0.5243040260411845,45.9908528776713,-0.6332276441946773,0.6332276441946773,0.01234594180378467,136,3.244861111111111,46726,27.624288865561834,255.8181818181818,96.39201983361126,5.561054292929293,2.009922876811453
RHF_MPM_P44,281,0.01405,14.05,0,255,5.869652777777778,27.942669902289676,84523,331.4627450980392,26,167,255,1.2592440440810444,96,96,257,0.017847222222222223,26,28,0.35302197802197804,59.782101167315176,50.61089494163424,0.11569444444444445,0.005416666666666667,0.025486111111111112,0.013402777777777777,0.008958333333333334,1,53.729966991233155,46.137666670610365,17.019876088159126,4.9021167195638045,0.9576234747283605,-143.03037362127367,0.957267954474818,0.957267954474818,0.019710611312897083,111,2.607222222222222,37544,12.928283632488478,258.09090909090907,96.09791838200957,5.51425505050505,1.9961521963577515
RHF_MPM_P44,282,0.0141,14.1,0,255,6.948888888888889,30.8076992341,100064,392.40784313725493,35,228,255,1.428562400919843,97,97,309,0.021458333333333333,33,30,0.31212121212121213,58.11003236245955,49.262135922330096,0.135,0.0075,0.028541666666666667,0.014652777777777778,0.011319444444444444,1,51.2087863767189,43.15208266709306,20.881025043450137,5.317871706448082,0.9670267452381204,-138.86445022818435,0.9565585806100964,0.9565585806100964,0.03417812599936041,52,1.0792361111111113,15541,3.9076928657535124,265.72727272727275,96.50161648112986,5.600662878787879,2.035425023495788
RHF_MPM_P44,283,0.01415,14.15,0,255,6.585,30.92370984464115,94824,371.8588235294118,32,239,255,1.2461860340655837,111,111,239,0.01659722222222222,35,31,0.22027649769585253,61.32635983263598,52.1255230125523,0.11347222222222222,0.007916666666666667,0.030833333333333334,0.014861111111111111,0.011875,1,52.62270100396524,44.56987682443263,19.811043169466068,4.523828435900931,0.9735793824747049,-140.05212211130333,1.0169633861725993,1.0169633861725993,0.018803256559520795,-70,-0.36388888888888893,-5240,2.0023223630892675,263.90909090909093,96.79918721057578,5.686256313131313,2.0551267074691366
RHF_MPM_P44,284,0.0142,14.2,0,255,6.885277777777778,31.876515736171594,99148,388.8156862745098,33,244,255,1.2923505487364302,111,111,263,0.01826388888888889,21,20,0.6261904761904762,61.09505703422053,51.78326996197718,0.11805555555555555,0.00798611111111111,0.029513888888888888,0.017152777777777777,0.012916666666666667,1,51.625559769233874,43.80117601968774,22.278022434319336,4.702435199551013,0.9774688838265336,-140.90746293169968,1.0673859191390624,1.0673859191390624,0.016712389559043046,24,0.30027777777777764,4324,1.259043910758097,260.1818181818182,95.96951995467404,5.761546717171718,2.0823236217069683
RHF_MPM_P44,285,0.01425,14.25,0,255,7.085972222222222,33.77132614938474,102038,400.1490196078431,31,251,255,1.14748246485955,108,108,315,0.021875,24,23,0.5706521739130435,59.644444444444446,50.81269841269841,0.10173611111111111,0.009236111111111112,0.03263888888888889,0.02013888888888889,0.014652777777777778,1,53.50982967129893,45.19875928575629,20.740858281253843,4.523479554254906,0.9759275216410767,-139.2400205320316,1.4681543027711559,1.4681543027711559,0.00767361179168545,52,0.2006944444444443,2890,2.345999158018412,259.72727272727275,95.69657627493159,5.81314393939394,2.1073200373051955
RHF_MPM_P44,286,0.0143,14.3,0,255,7.161597222222222,34.48027109335284,103127,404.41960784313727,30,253,255,1.108614919993921,106,106,350,0.024305555555555556,29,26,0.46419098143236076,58.425714285714285,49.72857142857143,0.09763888888888889,0.00951388888888889,0.03180555555555555,0.021736111111111112,0.015347222222222222,1,55.142823896748666,46.6108778496417,18.036201623470433,4.454844184206982,0.9690168593125777,-139.5371597531039,1.8937683892550945,1.8937683892550945,0.051790510729488884,35,0.0756250000000005,1089,2.158876786391939,261.72727272727275,97.31868073414635,5.850946969696969,2.127345799594609
RHF_MPM_P44,287,0.01435,14.35,0,255,7.005347222222222,34.502897008262515,100877,395.5960784313726,27,254,255,1.0486779141063183,108,108,338,0.02347222222222222,28,25,0.4828571428571429,59.13609467455621,50.68343195266272,0.091875,0.00986111111111111,0.03243055555555555,0.021041666666666667,0.015416666666666667,1,56.88101351150411,48.289620032316584,14.271559570989737,4.465184655908019,0.9497949935608337,-138.91202125078468,1.9325591543420855,1.9325591543420855,0.025555874976456477,-12,-0.15625,-2250,2.4165012834127966,262.09090909090907,97.59513265196873,5.864646464646464,2.134239311316494
RHF_MPM_P44,288,0.0144,14.4,0,255,6.893055555555556,34.406006526593934,99260,389.2549019607843,27,254,255,1.041589588952099,109,109,332,0.023055555555555555,28,23,0.515527950310559,59.41566265060241,51.10843373493976,0.091875,0.009930555555555555,0.03013888888888889,0.021041666666666667,0.01597222222222222,1,57.70687084424743,49.1161293572436,11.69202081645124,4.7024081583405,0.9155564404339138,-137.738914721174,0.9385843770722713,0.9385843770722713,0.01309691718718517,-6,-0.11229166666666668,-1617,1.1683997596016666,262.27272727272725,97.7232557313959,5.861761363636364,2.1328252211704273
RHF_MPM_P44,289,0.01445,14.45,0,255,6.863472222222223,34.33451210192168,98834,387.5843137254902,25,254,255,1.080275981328153,112,112,317,0.02201388888888889,25,22,0.5763636363636364,59.93059936908517,51.58359621451104,0.09701388888888889,0.01,0.029444444444444443,0.020763888888888887,0.01597222222222222,1,57.55896756177024,49.065746605419186,12.24266176394369,4.781711546856904,0.920569934630802,-138.06828067573883,1.1076323972082371,1.1076323972082371,0.019618754679563713,-15,-0.029583333333333073,-426,0.15624916847436182,261.45454545454544,97.22267191290464,5.870751262626262,2.1368163616759497
RHF_MPM_P44,290,0.0145,14.5,0,255,6.623402777777778,33.379855777915466,95377,374.02745098039213,24,252,255,1.0608904160078343,107,107,324,0.0225,29,24,0.46551724137931033,59.583333333333336,51.120370370370374,0.09430555555555556,0.009027777777777777,0.028888888888888888,0.019791666666666666,0.014444444444444444,1,57.33782777818551,48.881564737829876,12.889536221790602,4.493213887679703,0.9372738568698105,-138.27666183975205,1.185454426286702,1.185454426286702,0.021661406838126594,7,-0.2400694444444449,-3457,0.28779465636558466,290.0,56.96410352940781,6.471281565656567,1.0687958224910614
RHF_MPM_P44,291,0.01455,14.55,0,255,6.0176388888888885,31.429157021654603,86654,339.81960784313725,21,243,255,1.0282998080132246,106,106,281,0.01951388888888889,25,21,0.5352380952380953,61.04270462633452,52.220640569395016,0.09166666666666666,0.00798611111111111,0.026111111111111113,0.017291666666666667,0.012847222222222222,1,57.78955385787153,49.11087774367023,13.426130743475957,4.462424763491436,0.9431495585155157,-138.10273127850195,1.3866837915743933,1.3866837915743933,0.024949800355436563,-43,-0.6057638888888892,-8723,0.5065973802893547,302.27272727272725,34.87924860817782,6.72175505050505,0.4027778377426257
RHF_MPM_P44,292,0.0146,14.6,0,255,5.386458333333334,29.529298491515867,77565,304.1764705882353,18,225,255,0.9752404397670664,108,108,244,0.016944444444444446,21,19,0.6115288220551378,61.877049180327866,53.0,0.08708333333333333,0.006875,0.022569444444444444,0.015277777777777777,0.011458333333333333,1,58.10212080190808,49.372603622768004,14.053016316891428,4.315475611332017,0.9516819742305023,-137.99068501584335,1.6436436522402775,1.6436436522402775,0.028595371623799395,-37,-0.631180555555555,-9089,0.40767453966840844,301.09090909090907,36.572355544627484,6.677828282828283,0.5063455271884855
RHF_MPM_P44,293,0.01465,14.65,0,255,4.7115277777777775,27.29021203043126,67846,266.0627450980392,16,193,255,0.9394449839289979,107,107,210,0.014583333333333334,19,17,0.6501547987616099,62.78095238095238,53.58571428571429,0.08423611111111111,0.005277777777777778,0.019791666666666666,0.013194444444444444,0.00951388888888889,1,58.70601067122601,49.79242696695457,14.55588732361407,4.255229816439247,0.9563152525042543,-138.23029675125952,1.8627304897922787,1.8627304897922787,0.034371960027120244,-34,-0.674930555555556,-9719,0.7354825725935473,292.09090909090907,44.779164281158806,6.474431818181818,0.7482121846476976
RHF_MPM_P44,294,0.0147,14.7,0,255,4.172916666666667,25.932746133963736,60090,235.64705882352942,14,170,255,0.8715681330880116,108,108,188,0.013055555555555556,16,16,0.734375,63.5531914893617,54.297872340425535,0.07854166666666666,0.005069444444444444,0.016805555555555556,0.011597222222222222,0.008680555555555556,1,59.87909801963721,50.81316358795141,14.073067546987295,3.8299031294448924,0.9622564922232743,-138.10438171888876,2.2713589774797045,2.2713589774797045,0.04306873023797637,-22,-0.5386111111111109,-7756,1.5550039152511674,287.45454545454544,52.08099223388621,6.255151515151514,0.9960768732365461
RHF_MPM_P44,295,0.01475,14.75,0,11,0.021597222222222223,0.36077494368689733,311,28.272727272727273,0,0,7,0.0626581294239651,3,8,9,0.000625,93,107,0.0009044317154054868,90.0,69.22222222222223,0.005138888888888889,0.0,0.0,0.0,0.0,0,84.02250803858522,64.33440514469453,30.530824902674787,26.893456547395612,0.4733723515785468,120.083146252056,0.009202560561632545,0.009202560561632545,0.0,-179,-4.151319444444445,-59779,27.671794675785595,264.3636363636364,95.77936077471608,5.631180555555555,2.0246495361105517
RHF_MPM_P44,296,0.0148,14.8,0,255,3.245277777777778,22.465231901035075,46732,183.2627450980392,6,101,255,0.7299720034609616,108,108,137,0.00951388888888889,13,13,0.8106508875739645,67.02189781021897,57.0,0.06305555555555556,0.0036805555555555554,0.013472222222222222,0.00875,0.0061805555555555555,1,69.36518873576992,58.698236754258325,8.600352643434471,5.103772159243636,0.8048800408325478,-143.49983726735914,-0.8814091930501016,0.8814091930501016,0.01949413677993666,128,3.2236805555555557,46421,15.703611153808989,248.1818181818182,100.76418752514857,5.282026515151515,2.0742223619110236
RHF_MPM_P44,297,0.01485,14.85,0,255,6.089236111111111,27.93383095668179,87685,343.8627450980392,28,178,255,1.3902282501290268,102,102,232,0.01611111111111111,27,25,0.3437037037037037,71.16810344827586,60.94827586206897,0.13125,0.005277777777777778,0.02277777777777778,0.01361111111111111,0.008888888888888889,1,78.30616411016707,67.47908992416035,18.27313117366167,5.195661888398199,0.9587254591550313,-138.3016046443774,-0.8399688586446687,0.8399688586446687,0.023584421508809943,95,2.843958333333333,40953,12.531736632923417,237.45454545454547,95.4971333566555,5.184539141414142,2.0077269393674544
RHF_MPM_P44,298,0.0149,14.9,0,255,6.451319444444445,29.864927259303865,92899,364.30980392156863,31,210,255,1.2760567322445429,94,94,306,0.02125,39,34,0.23076923076923078,74.98039215686275,64.76470588235294,0.11631944444444445,0.006736111111111111,0.029166666666666667,0.013680555555555555,0.010486111111111111,1,78.77287161325741,68.59852097439155,19.096007546968785,4.460450577018053,0.9723375226731722,-135.71053988974606,-0.8929465039064801,0.8929465039064801,0.014208979644560221,74,0.36208333333333353,5214,1.21282388237639,234.54545454545453,92.84039445723616,5.13417297979798,1.967973764378294
RHF_MPM_P44,299,0.01495,14.95,0,255,6.133541666666667,29.792721658913372,88323,346.36470588235295,32,226,255,1.208130978457277,112,112,224,0.015555555555555555,18,19,0.6549707602339181,69.87946428571429,60.200892857142854,0.11006944444444444,0.007152777777777778,0.02361111111111111,0.014791666666666667,0.011319444444444444,1,78.43218640671172,68.03362657518427,20.838044989970435,4.240099176464059,0.979079364315776,-136.20549308739214,-1.1238367861209284,1.1238367861209284,0.008548169785899482,-82,-0.3177777777777777,-4576,0.6596757477843384,224.72727272727272,87.57655446843056,5.065126262626263,1.9177343646370824
RHF_MPM_P44,300,0.015,15.0,0,255,5.558541666666667,30.155436041836037,80043,313.8941176470588,20,238,255,1.0461105817553022,110,110,245,0.017013888888888887,20,19,0.6447368421052632,70.06122448979592,60.22857142857143,0.09520833333333334,0.007569444444444445,0.021944444444444444,0.015833333333333335,0.012222222222222223,1,74.55775020926252,63.871356645802884,16.10470276624257,4.458708722723582,0.96091096940115,-138.04171844098988,-1.9281017020271458,1.9281017020271458,0.04213984983071599,21,-0.5750000000000002,-8280,5.686452920154809,218.1818181818182,83.0069199544868,4.946496212121212,1.841673216972397
RHF_MPM_P44,301,0.01505,15.05,0,255,6.064166666666667,32.908617908366935,87324,342.4470588235294,17,253,255,0.9658585858560254,111,111,299,0.020763888888888887,23,22,0.5909090909090909,71.1571906354515,61.147157190635454,0.08673611111111111,0.009444444444444445,0.025763888888888888,0.019305555555555555,0.014791666666666667,1,73.15940634877009,62.45567083505107,11.790656166429427,4.883298990731948,0.9102009754250554,-140.86531916761336,-1.940905511283503,1.940905511283503,0.029602400256515962,54,0.5056250000000002,7281,1.9898572478800804,215.9090909090909,80.37916345269694,4.895656565656566,1.8019712152904974
RHF_MPM_P44,302,0.0151,15.1,0,255,6.396388888888889,34.027429103655784,92108,361.2078431372549,17,255,255,0.9366732454870242,110,110,319,0.022152777777777778,23,24,0.5778985507246377,71.28213166144201,61.59561128526646,0.08284722222222222,0.010069444444444445,0.02798611111111111,0.020555555555555556,0.015902777777777776,1,72.47840578451382,62.40589308203413,9.529925376855392,4.685008879079632,0.8708153502670467,-136.325899716579,-0.6140574912825654,0.6140574912825654,0.015329830199331219,20,0.33222222222222175,4784,0.6828173937538263,219.36363636363637,83.8443067154535,4.930088383838385,1.8265321088012847
RHF_MPM_P44,303,0.01515,15.15,0,255,6.714097222222223,34.59502808114184,96683,379.1490196078431,21,255,255,1.015773392391054,110,110,333,0.023125,23,25,0.5791304347826087,71.3993993993994,61.77477477477478,0.09083333333333334,0.010138888888888888,0.029027777777777777,0.021597222222222223,0.01638888888888889,1,72.98094804670934,62.888532627245745,10.371452666526944,4.710964026390406,0.8908874469007635,-136.93524820171493,-0.7404821874115823,0.7404821874115823,0.015783540022547914,14,0.3177083333333339,4575,0.6967708776166386,227.45454545454547,89.90637922190722,5.050782828282828,1.8952713971118924
RHF_MPM_P44,304,0.0152,15.2,0,255,6.820416666666667,34.65915944104419,98214,385.15294117647056,22,255,255,1.0613504692479518,112,112,326,0.02263888888888889,23,24,0.5905797101449275,71.25460122699387,61.58588957055215,0.09569444444444444,0.010555555555555556,0.02875,0.021388888888888888,0.01638888888888889,1,73.41031828456228,63.24718471908282,11.243966135947986,4.7005970002795125,0.9084216874049328,-137.02353763192784,-0.860628721524322,0.860628721524322,0.018500417455759872,-7,0.10631944444444397,1531,0.5594552029724942,238.0,93.95259926734816,5.2425,1.9569175686460556
RHF_MPM_P44,305,0.01525,15.25,0,255,6.839930555555555,34.406828739133545,98495,386.2549019607843,23,255,255,1.0797366541041782,108,108,339,0.023541666666666666,25,25,0.5424,71.8023598820059,61.92330383480826,0.0973611111111111,0.010069444444444445,0.029513888888888888,0.02125,0.015833333333333335,1,73.95242398091274,63.68016650591401,11.965093997232978,4.675980942376267,0.920474828161429,-137.26635393863316,-0.9686316500336715,0.9686316500336715,0.018813137722727042,13,0.01951388888888861,281,0.6937952246471218,251.72727272727272,96.6371760848427,5.484955808080808,1.9745179605186098
RHF_MPM_P44,306,0.0153,15.3,0,255,6.436736111111111,32.853488279402036,92689,363.48627450980393,23,251,255,1.0722931328793863,108,108,308,0.021388888888888888,25,23,0.5356521739130434,71.25324675324676,61.26623376623377,0.09645833333333333,0.009027777777777777,0.028125,0.019166666666666665,0.014166666666666666,1,74.06838999233997,63.702888152855245,12.651911107348027,4.534255353747078,0.9335738754504948,-137.66452202236573,-1.1001006651280856,1.1001006651280856,0.020951785001456485,-31,-0.40319444444444397,-5806,0.11817101609981707,278.90909090909093,59.42826775419643,6.068150252525253,0.9630566058950248
RHF_MPM_P44,307,0.01535,15.35,0,255,6.0500694444444445,31.773662332987882,87121,341.65098039215684,21,246,255,1.0403240898944368,106,106,284,0.01972222222222222,24,21,0.5634920634920635,70.58802816901408,60.735915492957744,0.09375,0.008680555555555556,0.025625,0.017986111111111112,0.01326388888888889,1,73.73985606225824,63.31738616407066,12.72166996105415,4.453472528810518,0.936723615204717,-138.0537070120882,-1.2284391330265405,1.2284391330265405,0.0254244097289976,-24,-0.3866666666666667,-5568,0.5065040242404965,292.27272727272725,39.04796795804991,6.323131313131313,0.37158229734801457
RHF_MPM_P44,308,0.0154,15.4,0,255,5.683263888888889,30.79953819841977,81839,320.9372549019608,19,239,255,1.0068536464223288,108,108,270,0.01875,22,20,0.6136363636363636,70.0037037037037,60.44444444444444,0.09034722222222222,0.008055555555555555,0.023680555555555555,0.01659722222222222,0.012708333333333334,1,73.41272498442063,63.15710113759943,12.851590770758337,4.260515996401729,0.9434493772543057,-138.6616701244895,-1.3883968919539662,1.3883968919539662,0.02700424003225846,-14,-0.3668055555555556,-5282,0.36428839097352045,295.72727272727275,35.03787796887796,6.286224747474748,0.4110460884721819
RHF_MPM_P44,309,0.01545,15.45,0,255,5.34,29.85758948743183,76896,301.5529411764706,17,232,255,0.9796892946197028,109,109,247,0.017152777777777777,21,20,0.5880952380952381,69.75708502024291,60.21457489878542,0.088125,0.007222222222222222,0.022222222222222223,0.01576388888888889,0.011805555555555555,1,73.10395859342489,62.93047752808989,13.026175272986391,4.269517868397349,0.9447594563533329,-138.614219231511,-1.5465173276948676,1.5465173276948676,0.028584061589679566,-23,-0.34326388888888903,-4943,0.3830077604901377,290.3636363636364,37.48520369249404,6.185195707070707,0.4875129119075765
RHF_MPM_P44,310,0.0155,15.5,0,255,4.948333333333333,28.743143578561092,71256,279.43529411764706,16,221,255,0.9273188401829895,109,109,231,0.016041666666666666,20,19,0.6078947368421053,69.2987012987013,59.77489177489178,0.08319444444444445,0.006736111111111111,0.02048611111111111,0.014444444444444444,0.010972222222222222,1,72.72960873470305,62.61385707870215,12.893900708888822,4.205625106220515,0.9453105535972572,-138.5283866562783,-1.7998845354991788,1.7998845354991788,0.03136577972381273,-16,-0.3916666666666666,-5640,0.49029208202413277,291.0,36.39680305641242,6.077449494949494,0.604063205244186
RHF_MPM_P44,311,0.01555,15.55,0,255,4.561319444444444,27.653935141578348,65683,257.58039215686273,14,207,255,0.8708133486389292,109,109,212,0.014722222222222222,19,18,0.6198830409356725,69.10377358490567,59.509433962264154,0.07756944444444444,0.005763888888888889,0.019305555555555555,0.013680555555555555,0.010277777777777778,1,72.20136108277636,62.13988398824658,12.534707277008707,4.097237265580321,0.9450688284476676,-138.59022608404035,-1.880987965884007,1.880987965884007,0.031027815416470015,-19,-0.3870138888888892,-5573,0.7097154868269834,288.0,41.1184541626661,5.986792929292929,0.7356380143148993
RHF_MPM_P44,312,0.0156,15.6,0,255,4.236458333333333,26.779334719371814,61005,239.23529411764707,13,188,255,0.8212710374543666,109,109,199,0.013819444444444445,18,17,0.6503267973856209,68.7286432160804,59.27638190954774,0.07319444444444445,0.005416666666666667,0.017777777777777778,0.012708333333333334,0.009652777777777777,1,71.53212031800672,61.565609376280634,11.973460374489418,4.345845489941108,0.9318060773564839,-138.41982706183688,-1.9909828684223152,1.9909828684223152,0.031849848373084175,-13,-0.3248611111111108,-4678,0.8818585664255304,278.90909090909093,48.1370289249244,5.820637626262626,0.8896780438991655
RHF_MPM_P44,313,0.01565,15.65,0,255,4.115555555555556,26.381458813640357,59264,232.4078431372549,11,178,255,0.7950637488198022,105,105,198,0.01375,18,17,0.6470588235294118,68.74747474747475,59.14646464646464,0.07,0.005069444444444444,0.018055555555555554,0.012361111111111111,0.009166666666666667,1,71.28712203023758,61.27256007019439,11.360806258492747,4.204658895274888,0.9289910622774129,-138.28898410442838,-2.146240106657926,2.146240106657926,0.031823704103671704,-1,-0.12090277777777736,-1741,0.3819712774639455,267.90909090909093,51.431250750093646,5.613289141414142,0.991311585514642
RHF_MPM_P44,314,0.0157,15.7,0,255,3.988541666666667,26.289725376528068,57435,225.23529411764707,8,177,255,0.7175838333768578,107,107,194,0.013472222222222222,17,17,0.671280276816609,68.41237113402062,58.83505154639175,0.06180555555555556,0.005277777777777778,0.017013888888888887,0.012430555555555556,0.009305555555555555,1,70.48106555236355,60.696979193871336,10.112856006495075,3.5900124808229643,0.934868230689339,-138.3436667470855,-2.214518065456004,2.214518065456004,0.029424566901714983,-4,-0.12701388888888898,-1829,0.9904647347137153,255.27272727272728,50.96003944106314,5.365511363636364,1.025244054425871
RHF_MPM_P44,315,0.01575,15.75,0,11,0.017916666666666668,0.32418460747269023,258,23.454545454545453,0,0,7,0.052779356620796046,2,8,8,0.0005555555555555556,32,107,0.002336448598130841,96.125,56.375,0.0042361111111111115,0.0,0.0,0.0,0.0,0,92.13565891472868,57.68217054263566,33.701301866233585,21.00623117897566,0.7819778464094246,96.51770078288293,-0.22604511583890863,0.22604511583890863,0.046511627906976744,-186,-3.970625,-57177,21.863450891681158,226.36363636363637,82.8550461811829,4.747102272727274,1.753844370722246
RHF_MPM_P44,316,0.0158,15.8,0,255,3.5029166666666667,23.170754851362624,50442,197.81176470588235,7,117,255,0.726745266513049,104,104,154,0.010694444444444444,15,13,0.7897435897435897,64.04545454545455,54.675324675324674,0.06145833333333333,0.0033333333333333335,0.015555555555555555,0.009097222222222222,0.006597222222222222,1,62.475754331707705,53.15667499306134,7.787960046938468,5.274114967748667,0.735786180797438,-144.97016730305856,1.0262948387781436,1.0262948387781436,0.01738630506324095,146,3.485,50184,30.00316733018575,209.54545454545453,76.84265344474872,4.443737373737373,1.6512090766643743
RHF_MPM_P44,317,0.01585,15.85,0,255,5.785138888888889,26.870167808115106,83306,326.69019607843137,26,161,255,1.4046733357086072,104,104,203,0.014097222222222223,20,22,0.46136363636363636,61.70443349753695,52.24630541871921,0.1348611111111111,0.005138888888888889,0.021319444444444443,0.011875,0.008611111111111111,1,53.77286149857153,44.52039468945814,18.34488255288916,5.573016949352596,0.9527385818250389,-137.9894435743711,1.0112575298081683,1.0112575298081683,0.0355676661945118,49,2.282222222222222,32864,12.260737381881135,200.0,70.25926014671401,4.384501262626262,1.5891713545592698
RHF_MPM_P44,318,0.0159,15.9,0,255,6.203125,29.376437150866668,89325,350.29411764705884,29,211,255,1.2866679919258635,100,100,266,0.018472222222222223,30,32,0.27708333333333335,59.545112781954884,49.82706766917293,0.11881944444444445,0.006458333333333333,0.02652777777777778,0.013680555555555555,0.010625,1,54.08010075566751,44.406358802127066,17.90764451882769,5.460623605262091,0.9523739514688545,-135.61290301259322,0.9408139606162339,0.9408139606162339,0.02834592779177162,63,0.4179861111111114,6019,0.3277196129319626,198.36363636363637,68.47066090639609,4.398415404040403,1.6042915975277365
RHF_MPM_P44,319,0.01595,15.95,0,255,6.379305555555556,30.513228270993334,91862,360.24313725490197,28,234,255,1.2392712597933992,112,112,233,0.016180555555555556,19,19,0.6454293628808865,61.351931330472105,51.96995708154506,0.11319444444444444,0.007430555555555556,0.02736111111111111,0.014861111111111111,0.011805555555555555,1,53.03635888615532,43.75967211687096,21.066600231802514,4.735722288588148,0.9744054675596705,-136.33100024423325,1.1939195593176515,1.1939195593176515,0.02720384925213908,-33,0.17618055555555578,2537,1.227843947356638,195.0,65.72255735631828,4.461691919191919,1.6662509333330109
RHF_MPM_P44,320,0.016,16.0,0,255,5.728611111111111,31.032395049616,82492,323.4980392156863,18,240,255,0.9287555558644304,108,108,268,0.01861111111111111,22,21,0.5800865800865801,60.55597014925373,51.36940298507463,0.08090277777777778,0.00798611111111111,0.025972222222222223,0.016944444444444446,0.012708333333333334,1,57.558017747175484,48.07075837656985,15.503788807378001,4.444265222620764,0.9580333636068725,45.54715246302108,-2.2358941826769816,2.2358941826769816,0.05232022499151433,35,-0.6506944444444445,-9370,6.247468574871483,196.9090909090909,67.48663779587582,4.4970202020202015,1.6884701007383545
RHF_MPM_P44,321,0.01605,16.05,0,255,5.995902777777777,32.46526643783224,86341,338.59215686274507,17,249,255,0.8540949471261302,105,105,309,0.021458333333333333,25,24,0.515,59.592233009708735,50.49190938511327,0.07270833333333333,0.008611111111111111,0.02847222222222222,0.019166666666666665,0.013680555555555555,1,58.924566544283714,49.63400933507835,9.918459461621124,4.416468767567835,0.8953925252571865,-136.6723307118769,0.804004027416057,0.804004027416057,0.006184778957853163,41,0.26729166666666604,3849,2.076345148128246,204.0,74.43606164170208,4.592253787878788,1.7399959699729963
RHF_MPM_P44,322,0.0161,16.1,0,255,6.173680555555555,33.00548420857358,88901,348.6313725490196,18,250,255,0.8943724165707397,108,108,312,0.021666666666666667,25,22,0.5672727272727273,59.93269230769231,50.756410256410255,0.076875,0.009097222222222222,0.028125,0.019791666666666666,0.014375,1,59.078997986524335,49.67179221831026,9.926538007125245,4.5224977186744955,0.8901863113758248,-135.74703937085874,0.8422906712990713,0.8422906712990713,0.008773804569127457,3,0.17777777777777803,2560,0.15898621518180203,213.0909090909091,80.70085562850963,4.738832070707072,1.798157195466819
RHF_MPM_P44,323,0.01615,16.15,0,255,6.318472222222222,33.316872483928314,90986,356.8078431372549,20,252,255,0.9224001906665547,109,109,312,0.021666666666666667,24,23,0.5652173913043478,59.92628205128205,50.80128205128205,0.07979166666666666,0.009305555555555555,0.028402777777777777,0.020069444444444445,0.014652777777777778,1,58.88658694744247,49.53800584705339,10.266000810135205,4.546959345543225,0.8965639159028074,-135.70781205715207,0.829955423390724,0.829955423390724,0.010507110984107445,0,0.14479166666666643,2085,0.23435187452769538,223.36363636363637,85.31361686823796,4.928106060606061,1.8443001840116855
RHF_MPM_P44,324,0.0162,16.2,0,255,6.505972222222222,33.76596277481718,93686,367.39607843137253,22,253,255,0.9730986569809139,111,111,312,0.021666666666666667,24,22,0.5909090909090909,59.958333333333336,51.15064102564103,0.08527777777777777,0.009652777777777777,0.02847222222222222,0.02034722222222222,0.015347222222222222,1,58.50438699485515,49.42116218004825,10.871473037148796,4.462187794026581,0.9118834494008309,-136.70761041477206,0.9694775049919612,0.9694775049919612,0.0156586896654783,0,0.1875,2700,0.39966141454605486,233.72727272727272,88.46888606540094,5.145416666666667,1.8763076715707
RHF_MPM_P44,325,0.01625,16.25,0,255,6.696180555555555,33.99533647544191,96425,378.1372549019608,24,254,255,1.0285659378250696,111,111,314,0.021805555555555557,25,21,0.5980952380952381,59.89808917197452,51.29299363057325,0.09118055555555556,0.01,0.029305555555555557,0.020416666666666666,0.015347222222222222,1,57.90026445423904,49.078734767954366,11.85271836041702,4.586046652623263,0.9221135393511838,-136.88352018920472,1.081213911571163,1.081213911571163,0.017671765620948923,2,0.19020833333333353,2739,0.6944210370040484,244.63636363636363,90.27762506167771,5.391565656565656,1.8859736226414208
RHF_MPM_P44,326,0.0163,16.3,0,255,6.587430555555556,33.408151372384815,94859,371.99607843137255,24,254,255,1.0543382376044004,109,109,308,0.021388888888888888,27,20,0.5703703703703704,60.035714285714285,51.52922077922078,0.09375,0.009375,0.028333333333333332,0.01986111111111111,0.014722222222222222,1,57.47268050474916,48.916591994433844,12.667975019333337,4.508511570862526,0.9345246680920364,-137.4871109922315,1.2159419246254757,1.2159419246254757,0.021547770902075714,-6,-0.10874999999999968,-1566,0.457294558098275,271.90909090909093,51.7747824637975,5.988794191919192,0.8397158496906781
RHF_MPM_P44,327,0.01635,16.35,0,255,6.109861111111111,31.68699807812239,87982,345.02745098039213,22,245,255,1.0389345060894644,108,108,283,0.01965277777777778,25,20,0.566,60.745583038869256,51.869257950530034,0.0926388888888889,0.00798611111111111,0.02652777777777778,0.017847222222222223,0.012777777777777779,1,57.6636130117524,49.02658498329204,13.237925263131018,4.478377265425502,0.9410386638325301,-137.96952627811066,1.3520643137263313,1.3520643137263313,0.024243595280852903,-25,-0.4775694444444447,-6877,0.22034899552415463,283.6363636363636,35.92232207333618,6.225789141414141,0.2975028268557623
RHF_MPM_P44,328,0.0164,16.4,0,255,5.570625,30.18945522121622,80217,314.5764705882353,19,236,255,0.996507303474353,108,108,256,0.017777777777777778,22,19,0.6124401913875598,61.52734375,52.43359375,0.08895833333333333,0.007222222222222222,0.023819444444444445,0.015833333333333335,0.011666666666666667,1,58.27750975479013,49.33435556054203,13.395327037781918,4.447622662578696,0.9432695563586229,-137.85502217957625,1.6047059323910557,1.6047059323910557,0.02782452597329743,-27,-0.5392361111111112,-7765,0.6867255196460387,288.45454545454544,27.3042242364991,6.206287878787879,0.33090390905669603
RHF_MPM_P44,329,0.01645,16.45,0,255,5.2224305555555555,29.28813818829808,75203,294.9137254901961,17,223,255,0.969844912512245,108,108,238,0.016527777777777777,22,18,0.601010101010101,61.99579831932773,52.747899159663866,0.08729166666666667,0.006805555555555555,0.021805555555555557,0.015069444444444444,0.011111111111111112,1,58.72364134409531,49.60474981051288,13.61571467577452,4.376823922947056,0.9469252459300554,-137.52099671880933,1.8159771300882335,1.8159771300882335,0.03163437628817999,-18,-0.34819444444444425,-5014,0.5216765716354007,285.90909090909093,30.40769802490076,6.117133838383839,0.4353685715335342
RHF_MPM_P44,330,0.0165,16.5,0,255,4.737222222222222,27.705291372980152,68216,267.51372549019607,15,194,255,0.9234889825559058,107,107,217,0.015069444444444444,20,17,0.638235294117647,62.41013824884793,53.23041474654378,0.08270833333333333,0.005902777777777778,0.02013888888888889,0.013472222222222222,0.009791666666666667,1,59.0906971971385,49.94370822094523,13.592203139799818,4.40965009086131,0.9459114329995628,-137.5024254334108,1.9671607182390023,1.9671607182390023,0.033247332004221884,-21,-0.48520833333333346,-6987,0.4996226608712747,284.45454545454544,33.16176230749571,5.967853535353535,0.5780291818209556
RHF_MPM_P44,331,0.01655,16.55,0,255,4.306319444444444,26.535746101734787,62011,243.18039215686275,13,177,255,0.8495432854039189,106,106,201,0.013958333333333333,18,16,0.6979166666666666,62.840796019900495,53.701492537313435,0.07506944444444444,0.005208333333333333,0.01840277777777778,0.0125,0.009236111111111112,1,59.790472658076794,50.64709487026495,13.256373081967949,4.213237267271183,0.9481486208599847,-137.59643344449984,2.1878617613103724,2.1878617613103724,0.03415523052361678,-16,-0.43090277777777786,-6205,0.9921887291098491,278.3636363636364,40.87958531917574,5.838554292929292,0.7504454706186204
RHF_MPM_P44,332,0.0166,16.6,0,255,4.03875,25.90036515387701,58158,228.0705882352941,12,172,255,0.810383996327823,106,106,190,0.013194444444444444,17,16,0.6985294117647058,63.16842105263158,53.8,0.071875,0.005069444444444444,0.017361111111111112,0.011944444444444445,0.00875,1,60.536435228171534,51.17994085078579,12.639194256396882,4.428997471766323,0.9365935246966767,-137.39159422281196,2.446447742389621,2.446447742389621,0.034595412496990954,-11,-0.26756944444444386,-3853,0.9167251468894942,267.54545454545456,46.67559930250423,5.660631313131312,0.9076025832885484
RHF_MPM_P44,333,0.01665,16.65,0,255,3.7622916666666666,25.22324947727213,54177,212.45882352941177,7,158,255,0.733647291037921,107,107,178,0.012361111111111111,17,15,0.6980392156862745,63.29213483146067,54.050561797752806,0.06368055555555556,0.004722222222222222,0.01625,0.011458333333333333,0.008402777777777778,1,61.217029366705425,51.93954999353969,11.422354084344624,4.358008836368129,0.9243550805926674,-137.64174591662194,2.7410643184468197,2.7410643184468197,0.02968049172157927,-12,-0.2764583333333337,-3981,1.019909030826773,255.36363636363637,50.788818968660856,5.441414141414141,1.0389252741160195
RHF_MPM_P44,334,0.0167,16.7,0,255,3.6230555555555557,25.025173361531206,52172,204.59607843137255,4,154,255,0.677854479102356,108,108,176,0.012222222222222223,17,15,0.6901960784313725,63.41477272727273,54.15909090909091,0.057916666666666665,0.004652777777777777,0.016041666666666666,0.011180555555555555,0.008263888888888888,1,61.84911446753048,52.542302384420765,10.366105607544135,4.18101738295321,0.9150522130849931,-137.63470026460985,3.046391620003946,3.046391620003946,0.02227248332438856,-2,-0.1392361111111109,-2005,0.873408277610113,243.0,52.034953287538976,5.196376262626263,1.1180234533388456
RHF_MPM_P44,335,0.01675,16.75,0,255,3.735,25.808766221748932,53784,210.91764705882352,3,175,255,0.6607774451082602,109,109,184,0.012777777777777779,18,15,0.6814814814814815,63.28260869565217,53.97826086956522,0.05618055555555555,0.005069444444444444,0.016527777777777777,0.011805555555555555,0.00875,1,62.34253681392236,52.855198572066044,9.154956028484925,4.540733455131408,0.8683303033269077,-137.49095081954414,3.054471530343567,3.054471530343567,0.018462739848282016,8,0.11194444444444418,1612,0.5842684624056131,231.36363636363637,49.55671264919659,4.944469696969697,1.1066860346392324
RHF_MPM_P44,336,0.0168,16.8,0,255,4.039583333333334,27.164810056062315,58170,228.11764705882354,1,194,255,0.6285135958092598,109,109,206,0.014305555555555556,19,16,0.6776315789473685,63.05825242718446,53.66019417475728,0.05229166666666667,0.005763888888888889,0.017986111111111112,0.013194444444444444,0.009930555555555555,1,62.56154375107444,53.03106412239986,7.345741619735802,4.406666807167696,0.800079439632021,-138.26076838156195,1.7493130954092027,1.7493130954092027,0.010400550111741447,22,0.30458333333333387,4386,0.28087849742362253,221.54545454545453,42.39288884699164,4.7029608585858576,0.9807710538947224
RHF_MPM_P44,337,0.01685,16.85,0,255,4.083541666666667,27.248993991846902,58803,230.6,1,195,255,0.6117209792498821,108,108,209,0.014513888888888889,19,16,0.6875,63.057416267942585,53.54545454545455,0.050416666666666665,0.005763888888888889,0.018541666666666668,0.013194444444444444,0.009930555555555555,1,62.65316395422002,53.00329915140384,6.925491229255377,4.268694926310253,0.7874533010565352,-139.9580701116796,0.6979396659983952,0.6979396659983952,0.009489311769807662,3,0.04395833333333332,633,0.09573481727588776,212.54545454545453,32.41874776439661,4.475334595959596,0.7887581544570247
RHF_MPM_P44,338,0.0169,16.9,0,255,4.150763888888889,27.576735982926433,59771,234.39607843137256,1,202,255,0.6173071200348534,110,110,210,0.014583333333333334,18,17,0.6862745098039216,63.24285714285714,53.695238095238096,0.051180555555555556,0.0059722222222222225,0.018194444444444444,0.013541666666666667,0.010347222222222223,1,62.83993910090177,53.10254136621438,6.752006250175058,4.032295328201908,0.8020926730037077,-138.6299497546265,0.39332422620058705,0.39332422620058705,0.01264827424670827,1,0.06722222222222207,968,0.2115040723449384,205.9090909090909,23.58525943910555,4.297234848484848,0.597592760623497
RHF_MPM_P44,339,0.01695,16.95,0,11,0.02048611111111111,0.36045463164421315,295,26.818181818181817,0,0,7,0.05807676489309338,3,8,11,0.0007638888888888889,93,101,0.0011710848504205259,91.54545454545455,61.45454545454545,0.004722222222222222,0.0,0.0,0.0,0.0,0,86.77627118644068,61.938983050847455,29.01169833591264,27.1508614399462,0.35237448013239336,75.67909314266942,-0.21819489651988652,0.21819489651988652,0.0,-199,-4.130277777777778,-59476,25.51530316016489,183.63636363636363,57.320903258874274,3.792676767676768,1.2719697695700785
RHF_MPM_P44,340,0.017,17.0,0,255,3.1816666666666666,22.23826275938738,45816,179.6705882352941,5,94,255,0.7055713432332886,107,107,134,0.009305555555555555,13,14,0.7362637362637363,67.2089552238806,57.52238805970149,0.06034722222222222,0.0034027777777777776,0.013055555555555556,0.008541666666666666,0.006458333333333333,1,69.74476165531692,59.64381438798673,9.221297594697374,5.067684988457719,0.8354522054796301,45.52189820200698,0.8679101323693589,0.8679101323693589,0.020909725859961585,123,3.1611805555555557,45521,17.185462347569743,174.1818181818182,56.13914236773771,3.6071527777777774,1.1964912654840527
RHF_MPM_P44,341,0.01705,17.05,0,255,5.452361111111111,27.07923984413642,78514,307.89803921568625,23,168,255,1.2508174437332356,102,102,219,0.015208333333333334,24,25,0.365,70.42922374429224,61.24657534246575,0.11729166666666667,0.005347222222222222,0.021180555555555557,0.012708333333333334,0.00875,1,76.78960440176274,67.73307945079858,18.273933596002653,4.599670935856192,0.9678035716547383,45.056659462651815,1.0230602217613358,1.0230602217613358,0.024097613164531167,85,2.2706944444444446,32698,10.726882985218904,174.36363636363637,56.28058397201831,3.6721654040404044,1.2731046025367396
RHF_MPM_P44,342,0.0171,17.1,0,255,6.3746527777777775,29.89594424864894,91795,359.98039215686276,31,225,255,1.2688270638512331,109,109,231,0.016041666666666666,25,26,0.3553846153846154,70.19047619047619,60.87012987012987,0.11611111111111111,0.007013888888888889,0.02826388888888889,0.014375,0.010972222222222222,1,78.16442072008279,69.52746881638433,20.08310922599488,4.424080287522242,0.9754347373004713,47.576487589216704,0.9920755497282671,0.9920755497282671,0.013061713600958659,12,0.9222916666666663,13281,2.260520538381876,177.0909090909091,58.199429152862045,3.860195707070707,1.4875582779666252
RHF_MPM_P44,343,0.01715,17.15,0,255,5.950138888888889,29.633050007693903,85682,336.0078431372549,29,228,255,1.1469752440062806,111,111,231,0.016041666666666666,19,19,0.6398891966759003,69.60606060606061,60.1991341991342,0.10430555555555555,0.0075,0.021805555555555557,0.014791666666666667,0.011319444444444444,1,77.18090147288812,67.50163394878737,19.91472287526944,4.149268092119596,0.9780539519837417,45.79752695325739,1.324865219341031,1.324865219341031,0.009196797460376742,0,-0.42451388888888886,-6113,2.2519584854907815,180.8181818181818,60.185800472473545,4.033958333333333,1.6052464791874181
RHF_MPM_P44,344,0.0172,17.2,0,255,5.885138888888889,31.912227737144523,84746,332.33725490196076,20,249,255,0.9500257419952411,109,109,284,0.01972222222222222,22,21,0.6147186147186147,70.80985915492958,61.348591549295776,0.08423611111111111,0.008541666666666666,0.024583333333333332,0.018472222222222223,0.013819444444444445,1,73.91506383782125,63.88650791777783,15.338237245083919,4.460805028695338,0.9567750317204549,-135.9524793722107,-2.334214084867865,2.334214084867865,0.048899063082623366,53,-0.0649999999999995,-936,4.871840686917216,190.45454545454547,67.05677870467635,4.226944444444444,1.6865339791194445
RHF_MPM_P44,345,0.01725,17.25,0,255,6.422986111111111,34.36454951407573,92491,362.7098039215686,17,255,255,0.9120297064861738,111,111,325,0.022569444444444444,24,23,0.5887681159420289,71.65538461538462,62.08,0.08034722222222222,0.010208333333333333,0.02847222222222222,0.021111111111111112,0.01625,1,72.57295304407997,62.61156220605248,9.597564986468289,4.649979657456449,0.8747936024642469,-137.86686104632577,-0.6454849390232427,0.6454849390232427,0.019385669957076905,41,0.5378472222222221,7745,1.8511477387079898,204.0,77.07021591910964,4.481483585858586,1.7846209371371595
RHF_MPM_P44,346,0.0173,17.3,0,255,6.751666666666667,34.89401608203523,97224,381.2705882352941,19,255,255,0.9481613172294814,109,109,343,0.023819444444444445,25,25,0.5488,72.01166180758017,62.44606413994169,0.08291666666666667,0.010069444444444445,0.030208333333333334,0.022083333333333333,0.01659722222222222,1,73.1345861104254,63.273800707644206,10.170625781224016,4.533686380750388,0.8951511311690101,-136.41756829995978,-0.7326755918430234,0.7326755918430234,0.010717518308236649,18,0.32868055555555564,4733,0.8683268590818943,218.45454545454547,86.31903154352214,4.755726010101011,1.8781709254819858
RHF_MPM_P44,347,0.01735,17.35,0,255,6.8313194444444445,34.80671159230899,98371,385.7686274509804,22,255,255,1.003399156405217,109,109,343,0.023819444444444445,25,25,0.5488,71.69970845481049,62.23906705539358,0.08840277777777777,0.010138888888888888,0.029861111111111113,0.021736111111111112,0.016458333333333332,1,73.25334702300475,63.52609000620102,11.033593689996447,4.5129964987432345,0.9125239558229763,-136.39832649918117,-0.7312656412578021,0.7312656412578021,0.012371532260523935,0,0.07965277777777757,1147,0.278844122267203,230.9090909090909,93.23036429429138,5.009520202020202,1.9514443983743983
RHF_MPM_P44,348,0.0174,17.4,0,255,6.971805555555555,34.96376353639376,100394,393.7019607843137,24,255,255,1.0407142301928802,110,110,342,0.02375,25,25,0.5472,71.70175438596492,62.27485380116959,0.09229166666666666,0.010208333333333333,0.030208333333333334,0.022083333333333333,0.016458333333333332,1,73.78076379066478,63.940484491105046,11.674843586464837,4.474369095310077,0.9236451717061972,-136.77783601570158,-0.8983488534335057,0.8983488534335057,0.015150307787317968,-1,0.14048611111111065,2023,0.6707393203978939,243.0,98.10198774744578,5.2720896464646465,2.0028217674857998
RHF_MPM_P44,349,0.01745,17.45,0,255,6.909513888888889,34.55183414551609,99497,390.1843137254902,25,255,255,1.0683100398534067,110,110,332,0.023055555555555555,25,24,0.5533333333333333,71.54819277108433,61.86746987951807,0.09569444444444444,0.010486111111111111,0.029791666666666668,0.021041666666666667,0.01597222222222222,1,74.16937194086253,64.06878599354755,12.446357864547316,4.411145757123987,0.9350891538858473,-137.056463944931,-0.9840795089971822,0.9840795089971822,0.017990492175643486,-10,-0.06229166666666597,-897,0.4092402349832238,254.0909090909091,100.60856148771883,5.522885101010101,2.0193642134077936
RHF_MPM_P44,350,0.0175,17.5,0,255,6.612222222222222,33.45424596130521,95216,373.39607843137253,24,253,255,1.05586006757709,109,109,315,0.021875,25,24,0.525,71.58412698412698,61.819047619047616,0.09354166666666666,0.009097222222222222,0.028541666666666667,0.02020833333333333,0.014930555555555556,1,74.42893001176273,64.31514661401445,12.99378792339745,4.3382428058750415,0.9426189431655495,-136.9597123149969,-1.0471537072484056,1.0471537072484056,0.018641824903377582,-17,-0.2972916666666672,-4281,0.35786023456968374,281.72727272727275,65.75310695609876,6.1221338383838395,1.036441520002584
RHF_MPM_P44,351,0.01755,17.55,0,255,5.985069444444444,31.3188173267315,86185,337.98039215686276,22,242,255,1.0169480177322892,109,109,273,0.018958333333333334,23,22,0.5395256916996047,70.62271062271063,61.065934065934066,0.08986111111111111,0.0077777777777777776,0.025416666666666667,0.017152777777777777,0.013055555555555556,1,74.25642513198352,64.28757904507745,13.715090951938135,4.083711370623967,0.9546429011604711,-137.27345882091697,-1.1739644502959214,1.1739644502959214,0.01995706909555027,-42,-0.6271527777777779,-9031,0.17469374460677314,294.3636363636364,46.76298599858794,6.376988636363637,0.4742745733117977
RHF_MPM_P44,352,0.0176,17.6,0,255,5.384652777777778,29.40979193542505,77539,304.07450980392156,20,223,255,0.9948883052524637,107,107,245,0.017013888888888887,22,20,0.5568181818181818,70.01632653061225,60.53061224489796,0.08833333333333333,0.006597222222222222,0.02236111111111111,0.015416666666666667,0.011319444444444444,1,74.00733824269078,64.00239879286552,14.11357895222882,3.9908033356393546,0.9591896939809531,-137.74945625140913,-1.4249876331368125,1.4249876331368125,0.024207173164472073,-28,-0.6004166666666659,-8646,0.378645024619622,296.72727272727275,43.43247823103416,6.370833333333334,0.48651615971128154
RHF_MPM_P44,353,0.01765,17.65,0,255,4.946527777777778,28.026231297151796,71230,279.3333333333333,18,203,255,0.9566408720167023,107,107,223,0.015486111111111112,20,20,0.5575,69.27802690582959,60.06726457399103,0.08506944444444445,0.0059722222222222225,0.020694444444444446,0.013819444444444445,0.010138888888888888,1,73.63723150357995,63.74630071599045,14.427317888231464,4.01131338135519,0.9605706622410877,-137.62596787423237,-1.5140118773989264,1.5140118773989264,0.026140671065562265,-22,-0.4381250000000003,-6309,0.45007246451472294,296.0,44.57883721310738,6.241003787878788,0.6358170561705072
RHF_MPM_P44,354,0.0177,17.7,0,255,4.610833333333333,27.15923608758374,66396,260.3764705882353,16,190,255,0.917981817092018,107,107,210,0.014583333333333334,19,19,0.5817174515235457,68.9952380952381,59.70952380952381,0.08166666666666667,0.005486111111111111,0.018958333333333334,0.013125,0.009722222222222222,1,73.09646665461774,63.23885475028616,14.174941460284188,3.982567416181101,0.9597199774992126,-137.63904325078084,-1.7684811673466678,1.7684811673466678,0.02869148743900235,-13,-0.33569444444444496,-4834,0.7415713249463504,294.09090909090907,47.66446083243029,6.119248737373738,0.7895155432830483
RHF_MPM_P44,355,0.01775,17.75,0,255,4.3834027777777775,26.85889599325816,63121,247.53333333333333,14,184,255,0.8713473318862514,107,107,202,0.014027777777777778,18,17,0.6601307189542484,68.8069306930693,59.54455445544554,0.07791666666666666,0.005486111111111111,0.018194444444444444,0.012916666666666667,0.009652777777777777,1,72.35639486066444,62.55580551638916,13.411957271290278,3.920110058344462,0.9563313482099985,-137.92330340525425,-1.8638155753725183,1.8638155753725183,0.03127326880119136,-8,-0.22743055555555536,-3275,1.0071060103745506,286.6363636363636,54.5715089288986,5.982727272727272,0.9346860087667478
RHF_MPM_P44,356,0.0178,17.8,0,255,4.271736111111111,26.84335436145801,61513,241.22745098039215,13,187,255,0.8294060184667816,109,109,201,0.013958333333333333,18,16,0.6979166666666666,68.7363184079602,59.3681592039801,0.07402777777777778,0.005625,0.017916666666666668,0.012986111111111111,0.009652777777777777,1,71.78126574870353,61.99798416594866,12.57076228660409,4.101407101686707,0.9452781434823447,-137.31635661551567,-2.120860254483393,2.120860254483393,0.035195812267325606,-1,-0.11166666666666636,-1608,0.8012104308059155,275.3636363636364,58.17102172555543,5.787159090909091,1.0411079825247636
RHF_MPM_P44,357,0.01785,17.85,0,255,4.157222222222222,26.88156902777555,59864,234.76078431372548,11,192,255,0.7636093441860567,109,109,201,0.013958333333333333,19,16,0.6611842105263158,68.86567164179104,59.36318407960199,0.06701388888888889,0.005555555555555556,0.017777777777777778,0.012847222222222222,0.00986111111111111,1,71.09877388747829,61.25290658826674,11.085111596832913,3.886433304808311,0.9365255316709319,-137.99087725828758,-2.263682538996774,2.263682538996774,0.03200587999465455,0,-0.11451388888888925,-1649,1.0104136466829088,262.45454545454544,57.481006564799124,5.551300505050505,1.0886798293220799
RHF_MPM_P44,358,0.0179,17.9,0,255,4.1774305555555555,27.274769151852485,60155,235.90196078431373,8,197,255,0.7322080501160626,107,107,209,0.014513888888888889,19,17,0.6470588235294118,68.96172248803828,59.2200956937799,0.06368055555555556,0.0059722222222222225,0.018333333333333333,0.013333333333333334,0.01,1,70.68710830354917,60.692444518327655,9.687414826720476,4.18061828135317,0.9020883068649114,-138.10339304022574,-2.3030639921877327,2.3030639921877327,0.026597955282187682,8,0.020208333333333606,291,0.6954036847990583,250.27272727272728,53.156870605425816,5.310037878787878,1.0722214589887589
RHF_MPM_P44,359,0.01795,17.95,0,255,4.295486111111111,27.86409441203114,61855,242.5686274509804,6,208,255,0.7095073152505343,108,108,217,0.015069444444444444,19,18,0.6345029239766082,69.06912442396313,59.36866359447004,0.060833333333333336,0.00625,0.01888888888888889,0.013680555555555555,0.010625,1,70.32673187292862,60.323353002990864,8.457174298205393,4.330520230565752,0.8589539425308406,-138.64578774497835,-1.4133687404711708,1.4133687404711708,0.019836714897744724,8,0.11805555555555536,1700,0.5158485421520692,238.9090909090909,45.08064399284817,5.066736111111111,0.9659163173955594
RHF_MPM_P44,360,0.018,18.0,0,255,4.361666666666666,28.074215186418538,62808,246.30588235294118,5,214,255,0.6893734528606876,105,105,224,0.015555555555555555,19,18,0.6549707602339181,69.25446428571429,59.59375,0.058472222222222224,0.00625,0.019305555555555555,0.013958333333333333,0.010555555555555556,1,70.35592599668831,60.43016813144823,8.066749563604414,4.210371307573984,0.8529812883723579,-138.6281261069871,-1.0119455978842928,1.0119455978842928,0.017736594064450387,7,0.06618055555555546,953,0.11073287014007778,229.0909090909091,34.17988389111229,4.835113636363636,0.7847461638615144
RHF_MPM_P44,361,0.01805,18.05,0,255,4.315972222222222,27.84821499165522,62150,243.72549019607843,6,208,255,0.6985854287078153,107,107,218,0.01513888888888889,19,18,0.6374269005847953,69.20183486238533,59.51376146788991,0.05951388888888889,0.006111111111111111,0.018958333333333334,0.013819444444444445,0.010486111111111111,1,70.45581657280772,60.51832662912309,8.330065679032266,4.194745703325145,0.8639562110438617,-139.0916606274458,-0.8598481333270576,0.8598481333270576,0.018567980691874496,-6,-0.04569444444444404,-658,0.13322930574672937,220.27272727272728,20.754368254728753,4.626363636363636,0.5564614381063644
RHF_MPM_P44,362,0.0181,18.1,0,255,4.332916666666667,27.844102205030183,62394,244.68235294117648,6,209,255,0.7100982000627754,109,109,216,0.015,19,18,0.631578947368421,69.13888888888889,59.333333333333336,0.060625,0.00625,0.019097222222222224,0.013680555555555555,0.010347222222222223,1,70.45344103599705,60.36761547584704,8.142798590837323,4.346677378056725,0.8456067697728649,-139.23786699326035,-1.1995168523369597,1.1995168523369597,0.02110779882681027,-2,0.01694444444444443,244,0.1507298739365744,215.0909090909091,12.361630853385483,4.476167929292929,0.35650144071595685
RHF_MPM_P44,363,0.01815,18.15,0,255,4.273263888888889,27.608132993786178,61535,241.31372549019608,7,204,255,0.7085756064808655,107,107,215,0.014930555555555556,19,18,0.6286549707602339,69.1767441860465,59.348837209302324,0.06041666666666667,0.005763888888888889,0.018819444444444444,0.01361111111111111,0.010208333333333333,1,70.48245713821403,60.417242219874865,8.409108074264145,4.274612263114348,0.8611616335467632,-139.15641612016015,-0.9734476158688505,0.9734476158688505,0.021207442918664176,-1,-0.059652777777778,-859,0.05748693686977859,212.36363636363637,8.003098573481367,4.375132575757576,0.21353343573392444
RHF_MPM_P44,364,0.0182,18.2,0,255,4.3215972222222225,27.741484783703207,62231,244.04313725490195,8,205,255,0.7170488166999425,105,105,218,0.01513888888888889,19,18,0.6374269005847953,69.12844036697248,59.477064220183486,0.06111111111111111,0.0060416666666666665,0.01902777777777778,0.013680555555555555,0.010555555555555556,1,70.54210923816105,60.54824765791969,8.675471450247864,4.146589322356243,0.8783777765264917,-138.73105192259936,-1.0635626804776048,1.0635626804776048,0.0221754431071331,3,0.04833333333333378,696,0.1439472049933755,211.9090909090909,7.513074004143413,4.318320707070708,0.11379083461473112
RHF_MPM_P44,365,0.01825,18.25,0,255,4.319444444444445,27.60747251343822,62200,243.92156862745097,7,203,255,0.7190221425443601,106,106,218,0.01513888888888889,20,18,0.6055555555555555,69.22935779816514,59.444954128440365,0.06131944444444445,0.005694444444444445,0.019166666666666665,0.013680555555555555,0.010208333333333333,1,70.59512861736334,60.45024115755627,8.70604977961611,4.29676706471021,0.8697241900475343,-138.25327496495433,-1.1183620214587033,1.1183620214587033,0.022202572347266882,0,-0.0021527777777778923,-31,0.11142858109336955,212.63636363636363,7.678455423192246,4.2918308080808085,0.06684490766942192
RHF_MPM_P44,366,0.0183,18.3,0,255,4.147083333333334,27.044138918190548,59718,234.18823529411765,6,190,255,0.681083104512026,108,108,205,0.01423611111111111,19,17,0.6346749226006192,68.79024390243903,59.09756097560975,0.057430555555555554,0.005625,0.018680555555555554,0.013055555555555556,0.009791666666666667,1,70.26529689540843,60.18892126327071,8.486049707362197,3.6808934650241416,0.9010293238577994,-139.7241384769112,-1.406968612276679,1.406968612276679,0.023510499346930575,-13,-0.17236111111111097,-2482,0.4208052423118847,212.9090909090909,7.3417182216618055,4.270347222222223,0.07175721391133087
RHF_MPM_P44,367,0.01835,18.35,0,12,0.020416666666666666,0.35765415285657676,294,24.5,0,0,7,0.058350140862556125,3,8,10,0.0006944444444444445,89,101,0.001112470797641562,89.1,56.2,0.004722222222222222,0.0,0.0,0.0,0.0,0,85.73469387755102,58.1530612244898,35.069840460771296,22.19630014856349,0.7742196079384901,116.8941515635416,0.1172480631742753,0.1172480631742753,0.0,-195,-4.126666666666667,-59424,15.602787221795584,195.54545454545453,59.01211529903089,3.883863636363636,1.2238346104000948
RHF_MPM_P44,368,0.0184,18.4,0,255,3.342013888888889,22.381351645953096,48125,188.72549019607843,9,99,255,0.7334177024639241,103,103,142,0.00986111111111111,13,14,0.7802197802197802,64.73239436619718,55.30281690140845,0.06263888888888888,0.0033333333333333335,0.012569444444444444,0.008680555555555556,0.006388888888888889,1,63.94988051948052,52.22778181818182,8.354757871933076,5.227920891700927,0.7800302880720954,72.44470940574428,-0.9812973289270777,0.9812973289270777,0.010077922077922078,132,3.321597222222222,47831,22.576249225431233,190.1818181818182,60.92292922853533,3.8097537878787877,1.229705949923639
RHF_MPM_P44,369,0.01845,18.45,0,255,5.581736111111111,27.189882458315804,80377,315.20392156862744,24,168,255,1.2926510356163958,99,99,232,0.01611111111111111,21,25,0.4419047619047619,61.37068965517241,51.25,0.12180555555555556,0.005277777777777778,0.02236111111111111,0.0125,0.008541666666666666,1,57.007029374074676,44.31516478594623,16.34033262642252,5.843772091845144,0.9338638579496653,57.494727579769815,-0.9815388871603735,0.9815388871603735,0.04151685183572415,90,2.239722222222222,32252,10.526760675824638,192.27272727272728,61.91943579301753,3.9374179292929297,1.3300512512811153
RHF_MPM_P44,370,0.0185,18.5,0,255,7.080347222222223,31.11466030652669,101957,399.8313725490196,36,229,255,1.404129249321691,99,99,302,0.020972222222222222,30,32,0.3145833333333333,58.658940397350996,49.056291390728475,0.13034722222222223,0.007361111111111111,0.029791666666666668,0.015416666666666667,0.011666666666666667,1,53.48911796149357,42.389330796316095,18.66667875786011,5.134606829919154,0.9614247608096704,49.87527927584278,-0.779250240646379,0.779250240646379,0.017615269182106184,70,1.4986111111111118,21580,4.010553236447949,200.0,69.37775383559723,4.190587121212122,1.6097473071542607
RHF_MPM_P44,371,0.01855,18.55,0,255,6.96625,31.84488402734853,100314,393.38823529411764,34,246,255,1.2923123047063285,114,114,246,0.017083333333333332,21,19,0.6165413533834586,61.11788617886179,51.829268292682926,0.11770833333333333,0.008333333333333333,0.0325,0.01597222222222222,0.012777777777777779,1,52.74731343581155,42.89528879318939,20.10483297282744,4.704089326993603,0.9722418828725113,46.597773092216386,-0.8907736488951973,0.8907736488951973,0.026197739099228422,-56,-0.11409722222222296,-1643,0.8979239661142595,202.0,70.35106770527884,4.427367424242425,1.7980411689256846
RHF_MPM_P44,372,0.0186,18.6,0,255,6.387986111111111,31.152493793520968,91987,360.73333333333335,32,244,255,1.1649047873130811,109,109,259,0.017986111111111112,20,19,0.6815789473684211,61.424710424710426,51.965250965250966,0.10513888888888889,0.008194444444444445,0.024166666666666666,0.016527777777777777,0.0125,1,53.47159924771979,44.17376368399883,22.256645104295707,4.456624102032414,0.9797473038235892,-136.64724136381744,1.3208859524804901,1.3208859524804901,0.010740648135062564,13,-0.5782638888888885,-8327,1.4693835386861354,205.72727272727272,72.16280949616753,4.615732323232323,1.8830293425524207
RHF_MPM_P44,373,0.01865,18.65,0,255,6.5524305555555555,33.61167581416975,94355,370.01960784313724,23,253,255,1.0291366885579032,109,109,318,0.022083333333333333,25,22,0.5781818181818181,59.638364779874216,50.874213836477985,0.09118055555555556,0.00951388888888889,0.028055555555555556,0.02048611111111111,0.015277777777777777,1,56.99197710773144,47.83657463833395,16.12394268828785,4.503502073578595,0.9602023585436185,-136.28042177808945,2.102959782567663,2.102959782567663,0.052684012505961525,59,0.1644444444444444,2368,5.0802799494179025,215.0,79.10637257401063,4.817506313131313,1.9592848817996498
RHF_MPM_P44,374,0.0187,18.7,0,255,6.647569444444445,34.24632422989461,95725,375.3921568627451,21,253,255,0.9625733941084784,108,108,334,0.023194444444444445,27,23,0.537842190016103,59.38922155688623,50.68562874251497,0.08388888888888889,0.009722222222222222,0.03090277777777778,0.021041666666666667,0.015486111111111112,1,58.3017498041264,49.29250457038391,11.775797254656638,4.574877084475337,0.9214494448865116,-137.23068398992834,1.779441719607461,1.779441719607461,0.01698615826586576,16,0.0951388888888891,1370,1.9583759810773684,225.8181818181818,86.1867087219983,5.033352272727272,2.0173613890824815
RHF_MPM_P44,375,0.01875,18.75,0,255,6.785416666666666,34.5384054929155,97710,383.1764705882353,23,254,255,0.9831735119933671,110,110,331,0.02298611111111111,26,23,0.5535117056856187,59.661631419939575,51.03323262839879,0.08569444444444445,0.01,0.03048611111111111,0.02125,0.01576388888888889,1,58.45753761129874,49.60407327806775,10.553875925968006,4.621558719773767,0.8990229278313531,-138.51970061698194,0.8303841543964304,0.8303841543964304,0.0092109303039607,-3,0.1378472222222218,1985,0.34834594941142,236.0909090909091,91.22943558608357,5.257335858585858,2.0621810164414143
RHF_MPM_P44,376,0.0188,18.8,0,255,7.008958333333333,34.82360494571075,100929,395.8,25,255,255,1.082227369512007,109,109,342,0.02375,28,23,0.531055900621118,59.40350877192982,51.046783625730995,0.09666666666666666,0.010208333333333333,0.03111111111111111,0.021388888888888888,0.01611111111111111,1,57.904834091291896,49.23982205312645,11.32212619085792,4.808224521618779,0.9053458459348542,-138.3494594704372,0.8892622702236701,0.8892622702236701,0.013455003021926305,11,0.22354166666666675,3219,0.6619366555035251,247.36363636363637,95.84198427835905,5.501837121212121,2.095654539494021
RHF_MPM_P44,377,0.01885,18.85,0,255,6.652638888888889,33.58373914118158,95798,375.678431372549,25,253,255,1.0393100680481977,106,106,326,0.02263888888888889,28,23,0.5062111801242236,59.6840490797546,51.374233128834355,0.09173611111111112,0.009097222222222222,0.029236111111111112,0.019930555555555556,0.015,1,57.72369986847325,49.212342637633355,11.991624306617894,4.6330226806011385,0.9223502044085992,-139.65038777310295,1.0667810722615134,1.0667810722615134,0.01630514206977181,-16,-0.35631944444444397,-5131,0.18320678194859014,258.3636363636364,97.28147794114368,5.729614898989898,2.0720592402046836
RHF_MPM_P44,378,0.0189,18.9,0,255,5.972152777777778,31.47005171727192,85999,337.25098039215686,22,245,255,1.0037654229550572,106,106,279,0.019375,24,20,0.58125,61.14695340501792,52.25806451612903,0.08868055555555555,0.007916666666666667,0.025555555555555557,0.0175,0.012916666666666667,1,58.24508424516564,49.47186595192967,12.324630519823408,4.546134445593233,0.929482671491607,-139.42537541986405,1.278466907775458,1.278466907775458,0.022139792323166547,-47,-0.6804861111111116,-9799,0.5824036563434873,282.8181818181818,57.4168460895932,6.270681818181817,1.021198809301007
RHF_MPM_P44,379,0.01895,18.95,0,255,5.246458333333333,29.270873747747903,75549,296.2705882352941,18,221,255,0.9623390070595752,106,106,243,0.016875,22,18,0.6136363636363636,61.61316872427984,52.60493827160494,0.08555555555555555,0.006388888888888889,0.022291666666666668,0.015208333333333334,0.011041666666666667,1,58.77197580378297,49.84907808177474,12.640944141766159,4.444625091691059,0.9361482757948822,-139.22157531741115,1.569555960776413,1.569555960776413,0.029411375398747833,-36,-0.7256944444444446,-10450,0.647999772719445,292.0,39.41850050189862,6.4438131313131315,0.5731520525440218
RHF_MPM_P44,380,0.019,19.0,0,255,4.524583333333333,27.05903948557569,65154,255.50588235294117,14,183,255,0.8876508327505341,107,107,208,0.014444444444444444,19,17,0.6439628482972136,62.65865384615385,53.23076923076923,0.07909722222222222,0.005555555555555556,0.019305555555555555,0.012986111111111111,0.009375,1,59.497175921662524,50.29634404641311,12.866658489226248,4.374513223675057,0.9404296690080525,-138.99926315638032,1.8908158980210263,1.8908158980210263,0.03468704914510237,-35,-0.7218749999999998,-10395,0.8520340686242583,289.8181818181818,43.165259983249115,6.347708333333333,0.7658747110473655
RHF_MPM_P44,381,0.01905,19.05,0,255,4.064861111111111,25.839710798446966,58534,229.54509803921567,12,167,255,0.815876680072094,107,107,190,0.013194444444444444,17,17,0.657439446366782,63.026315789473685,53.536842105263155,0.07208333333333333,0.004930555555555555,0.017569444444444443,0.012083333333333333,0.008611111111111111,1,60.262872860217996,50.88223938223938,12.567661051059016,4.290475049126192,0.9399216990659555,-137.98990091939243,2.3096991337263097,2.3096991337263097,0.0351590528581679,-18,-0.45972222222222214,-6620,0.9641395885742906,279.6363636363636,51.49628888177323,6.073573232323232,0.9676675759066752
RHF_MPM_P44,382,0.0191,19.1,0,255,3.8241666666666667,25.507434632431732,55068,215.95294117647057,8,166,255,0.7453856862095815,106,106,184,0.012777777777777779,17,16,0.6764705882352942,63.21739130434783,53.78260869565217,0.06520833333333333,0.004791666666666666,0.01673611111111111,0.011875,0.008611111111111111,1,61.227137357448974,51.652502360717655,11.464861299059137,4.5073317646467785,0.9194772744200268,-137.44549054926958,2.733940417404437,2.733940417404437,0.03176073218566136,-6,-0.24069444444444432,-3466,1.2341438638320612,274.0,57.86818878042817,5.7879292929292925,1.1145984575337908
RHF_MPM_P44,383,0.01915,19.15,0,255,3.6280555555555556,25.07030650872378,52244,204.87843137254902,4,150,255,0.6718949931759797,108,108,175,0.012152777777777778,16,15,0.7291666666666666,63.32,54.10285714285714,0.05708333333333333,0.004722222222222222,0.01611111111111111,0.01138888888888889,0.008263888888888888,1,61.76517877651022,52.301967690069674,10.382582349405201,4.352412236291433,0.9078924151286871,-137.52227758344796,3.008495239559903,3.008495239559903,0.02383048771150754,-9,-0.19611111111111112,-2824,0.843382346658835,266.3636363636364,64.50549339153953,5.537026515151516,1.2532916322588803
RHF_MPM_P44,384,0.0192,19.2,0,255,3.577986111111111,25.099209291437102,51523,202.05098039215687,1,156,255,0.6208928036504884,107,107,179,0.012430555555555556,17,15,0.7019607843137254,63.273743016759774,54.13966480446928,0.051875,0.004583333333333333,0.01597222222222222,0.011458333333333333,0.008263888888888888,1,62.20633503483881,52.86089707509268,9.07541992134658,4.082333793816518,0.8931176584541901,-137.58491475010914,2.9541501707072553,2.9541501707072553,0.015682316635289094,4,-0.0500694444444445,-721,0.7120540019581926,253.72727272727272,66.72888281436227,5.266622474747475,1.3239277381423609
RHF_MPM_P44,385,0.01925,19.25,0,255,3.6055555555555556,25.362463454269108,51920,203.6078431372549,0,163,255,0.5816080329669452,108,108,180,0.0125,17,16,0.6617647058823529,63.42777777777778,54.083333333333336,0.04770833333333333,0.004930555555555555,0.016458333333333332,0.011597222222222222,0.008333333333333333,1,62.666987673343606,53.200924499229586,7.604079543875567,4.013283504173235,0.8493809146054812,-138.26776591945577,2.1605978381175017,2.1605978381175017,0.01059322033898305,1,0.027569444444444535,397,0.5725552397163183,239.72727272727272,64.53764357347214,4.990075757575757,1.324300880272844
RHF_MPM_P44,386,0.0193,19.3,0,255,3.582708333333333,25.314688169309438,51591,202.31764705882352,0,162,255,0.5632366184327549,105,105,186,0.012916666666666667,17,16,0.6838235294117647,63.52150537634409,54.03763440860215,0.04583333333333333,0.004722222222222222,0.01625,0.01138888888888889,0.008402777777777778,1,62.99534802581846,53.398441588649185,6.862708231754188,4.149246449693698,0.7965233782584853,-136.5260148496963,1.1990306790697627,1.1990306790697627,0.009710996103971622,6,-0.022847222222222463,-329,0.3831886241659572,226.54545454545453,59.13061602982093,4.698920454545455,1.2474136737506043
RHF_MPM_P44,387,0.01935,19.35,0,255,3.592986111111111,25.406628470731945,51739,202.89803921568628,0,165,255,0.5572221303923064,107,107,184,0.012777777777777779,17,15,0.7215686274509804,63.48913043478261,54.244565217391305,0.045208333333333336,0.004791666666666666,0.01625,0.011458333333333333,0.008541666666666666,1,63.01584877945071,53.54067531262684,6.5583141937526985,4.298154063936878,0.7553037993949943,-136.49790653055499,0.8336996408392003,0.8336996408392003,0.010707590019134502,-2,0.010277777777778052,148,0.14370355992821324,212.1818181818182,47.35901216302818,4.388377525252525,1.0419587916446054
RHF_MPM_P44,388,0.0194,19.4,0,255,3.70125,25.992294234034272,53298,209.01176470588234,0,177,255,0.5560501675988831,106,106,194,0.013472222222222222,17,17,0.671280276816609,63.50515463917526,54.08762886597938,0.04513888888888889,0.005069444444444444,0.017013888888888887,0.012013888888888888,0.008888888888888889,1,63.126552591091595,53.61293106683178,6.445859342933773,4.180175325028103,0.7612099569631166,-138.1302735548783,0.6935075093377848,0.6935075093377848,0.009418739915193815,10,0.10826388888888872,1559,0.13219768503096369,200.1818181818182,30.84217355215886,4.120069444444445,0.7684602422404955
RHF_MPM_P44,389,0.01945,19.45,0,255,3.789861111111111,26.27532656489393,54574,214.01568627450982,0,183,255,0.5621071874737069,106,106,199,0.013819444444444445,18,17,0.6503267973856209,63.28643216080402,53.994974874371856,0.04555555555555556,0.005069444444444444,0.017638888888888888,0.012361111111111111,0.008819444444444444,1,63.00925349067322,53.52708249349507,6.35898535188887,4.262022228650829,0.7421478461564458,-137.34705575690626,0.5695310875772887,0.5695310875772887,0.009088576978048156,5,0.0886111111111112,1276,0.14535837266187462,192.9090909090909,18.267977673088577,3.921679292929292,0.49924691270852634
RHF_MPM_P44,390,0.0195,19.5,0,255,3.8749305555555558,26.4348987424381,55799,218.81960784313725,0,181,255,0.5962937291221067,108,108,195,0.013541666666666667,18,16,0.6770833333333334,63.676923076923075,54.36923076923077,0.04881944444444444,0.005138888888888889,0.017569444444444443,0.012638888888888889,0.009166666666666667,1,63.20946611946451,53.63574616032545,6.7340574270663005,4.498236891000198,0.7441763981720272,-139.9840293351085,0.7601710411700535,0.7601710411700535,0.010036022150934604,-4,0.08506944444444464,1225,0.22780010802575043,188.54545454545453,9.326049893259752,3.796994949494949,0.2726736604969636
RHF_MPM_P44,391,0.01955,19.55,0,255,3.794861111111111,26.245666335027558,54646,214.2980392156863,0,185,255,0.5714799531537051,107,107,197,0.013680555555555555,18,17,0.6437908496732027,63.401015228426395,54.17766497461929,0.04652777777777778,0.005138888888888889,0.017291666666666667,0.012361111111111111,0.008819444444444444,1,62.95496468176994,53.55486220400395,6.553894168997569,4.345533703660534,0.7485786016678263,-138.0135909013216,0.6857857257767704,0.6857857257767704,0.010503971013431907,2,-0.08006944444444475,-1153,0.2670453073521837,187.54545454545453,7.620112578071229,3.7306565656565653,0.14773172260845244
RHF_MPM_P44,392,0.0196,19.6,0,255,3.8218055555555557,26.26233672149724,55034,215.81960784313725,0,182,255,0.5742248307673452,105,105,203,0.014097222222222223,18,17,0.6633986928104575,63.3448275862069,54.04926108374384,0.04659722222222222,0.005,0.017708333333333333,0.0125,0.008888888888888889,1,62.99104190137006,53.47474288621579,6.6343247469106315,4.395431617660067,0.7490363865827073,-136.16419214385365,0.7982032561307687,0.7982032561307687,0.009321510339063125,6,0.02694444444444466,388,0.08786734807034818,188.72727272727272,8.822398242190252,3.7085606060606064,0.10926040409601352
RHF_MPM_P44,393,0.01965,19.65,0,255,3.698888888888889,25.58723692018887,53264,208.87843137254902,0,165,255,0.5787316859739513,106,106,189,0.013125,17,16,0.6948529411764706,63.58730158730159,54.55026455026455,0.04708333333333333,0.004722222222222222,0.017152777777777777,0.011458333333333333,0.008472222222222223,1,62.97362195854611,53.56490312406128,6.793824745960558,4.412076773385143,0.7604260099342469,-136.98850049878382,0.9334718356112788,0.9334718356112788,0.010175728446981076,-14,-0.12291666666666679,-1770,0.09182768044737195,189.1818181818182,8.695016146340611,3.697171717171717,0.10296433676865782
RHF_MPM_P44,394,0.0197,19.7,0,255,3.6572916666666666,25.615617163459692,52665,206.52941176470588,0,172,255,0.5829187026136788,107,107,189,0.013125,16,16,0.73828125,63.883597883597886,54.4973544973545,0.04770833333333333,0.004791666666666666,0.016527777777777777,0.011875,0.008333333333333333,1,63.33891578847432,53.76063799487326,6.53256043081592,4.404954517946308,0.7384506687872051,-137.57249425608475,0.8496544133545701,0.8496544133545701,0.014829583214658692,0,-0.041597222222222285,-599,0.41442939306400245,190.45454545454547,7.463409364281379,3.6998295454545453,0.10151304044176625
RHF_MPM_P44,395,0.01975,19.75,0,255,3.7188194444444442,26.09856384396275,53551,210.00392156862745,0,178,255,0.5455392502488924,107,107,196,0.01361111111111111,17,16,0.7205882352941176,63.61734693877551,54.46938775510204,0.04416666666666667,0.005069444444444444,0.017222222222222222,0.012222222222222223,0.009097222222222222,1,63.42032828518609,53.9608597411813,6.032385001131965,4.37701636685455,0.688131100958762,-137.7168593722355,0.4208354576051108,0.4208354576051108,0.009448936527795933,7,0.061527777777777626,886,0.2161405614767562,192.0,6.646940512883967,3.7126325757575755,0.093936908959611
RHF_MPM_P44,396,0.0198,19.8,0,255,3.8023611111111113,26.302898445748834,54754,214.72156862745098,0,179,255,0.5538100542176752,106,106,203,0.014097222222222223,17,17,0.7024221453287197,63.679802955665025,54.19211822660098,0.04479166666666667,0.005138888888888889,0.017916666666666668,0.012430555555555556,0.009166666666666667,1,63.35217518354823,53.73684114402601,6.140703918083433,4.508493493535313,0.678935245546833,-136.89815108929477,0.42488233316695184,0.42488233316695184,0.008127260108850495,7,0.08354166666666707,1203,0.23415630919171335,194.0909090909091,6.141580274201649,3.7305239898989897,0.09051878941831008
RHF_MPM_P44,397,0.01985,19.85,0,255,3.7830555555555554,26.20663119214978,54476,213.6313725490196,0,177,255,0.5629416590076335,107,107,197,0.013680555555555555,16,16,0.76953125,64.15736040609137,54.47715736040609,0.045625,0.005,0.017222222222222222,0.012083333333333333,0.009097222222222222,1,63.84356413833615,53.90357221528747,6.21853906899511,4.488316022514802,0.6921395105442667,-137.57023340931866,1.128045075776862,1.128045075776862,0.009637271458991115,-6,-0.01930555555555591,-278,0.5189049575900712,195.0909090909091,5.615798258720182,3.7487373737373733,0.07827182229572353
RHF_MPM_P44,398,0.0199,19.9,0,255,3.803263888888889,26.44280994297623,54767,214.77254901960785,0,180,255,0.568041491006406,109,109,194,0.013472222222222222,16,16,0.7578125,64.4020618556701,54.74226804123711,0.04645833333333333,0.005347222222222222,0.017152777777777777,0.012569444444444444,0.00951388888888889,1,64.23673014771668,54.28909744919386,5.714724314524816,4.3101726468622505,0.6566191344588268,-140.7038433633048,0.060058229677307465,0.060058229677307465,0.0116128325451458,-3,0.020208333333333606,291,0.550644365185729,196.0,4.431293675255978,3.7678535353535354,0.06185484539044371
RHF_MPM_P44,399,0.01995,19.95,0,11,0.015902777777777776,0.3117333110440817,229,20.818181818181817,0,0,7,0.046227472478502236,3,8,7,0.0004861111111111111,32,101,0.002165841584158416,95.42857142857143,48.42857142857143,0.0036805555555555554,0.0,0.0,0.0,0.0,0,89.19650655021834,56.97816593886463,30.10391623619684,20.856629125731214,0.7211094841967242,98.61849516876246,-0.20845578913357196,0.20845578913357196,0.0,-187,-3.787361111111111,-54538,25.104213339696962,179.0,54.567722727234674,3.4328219696969695,1.0820887649433788
RHF_MPM_P44,400,0.02,20.0,0,255,3.309513888888889,22.370130594595363,47657,186.89019607843136,11,93,255,0.7743174656143097,108,108,137,0.00951388888888889,13,13,0.8106508875739645,67.26277372262774,57.27007299270073,0.068125,0.0030555555555555557,0.013125,0.00875,0.006458333333333333,1,70.29049247749543,59.04398094718509,9.167526454777423,5.372568659070529,0.8102796410873396,-146.90738863608294,-0.8506757102487916,0.8506757102487916,0.027551041819669723,130,3.2936111111111113,47428,19.018542524772997,173.36363636363637,55.406387434979386,3.38915404040404,1.0764769647975976
RHF_MPM_P44,401,0.02005,20.05,0,255,5.1727083333333335,26.518520093374526,74487,292.1058823529412,20,162,255,1.2214152217121845,102,102,211,0.014652777777777778,24,23,0.3822463768115942,70.35071090047393,60.87677725118483,0.11513888888888889,0.004930555555555555,0.02013888888888889,0.012222222222222223,0.008472222222222223,1,76.59782243881483,66.48505108273928,17.79024897332448,4.779492033068535,0.9632356406618493,-137.88505712597438,-1.2333519538177677,1.2333519538177677,0.02765583256138655,74,1.8631944444444444,26830,9.754585383459089,174.8181818181818,56.16019001168675,3.5071338383838384,1.1885363323412539
RHF_MPM_P44,402,0.0201,20.1,0,255,6.397916666666666,29.711006118080405,92130,361.29411764705884,31,201,255,1.2485680375055652,94,94,302,0.020972222222222222,38,35,0.22706766917293233,74.29139072847683,65.09602649006622,0.11277777777777778,0.006597222222222222,0.030069444444444444,0.013819444444444445,0.010138888888888888,1,78.36905459676544,69.15847172473678,18.713388242519,4.391009824170544,0.9720810421167668,45.63421205036853,0.7794314896229421,0.7794314896229421,0.010604580484098557,91,1.2252083333333328,17643,3.206936433173682,184.36363636363637,66.99697785215625,3.743775252525253,1.4521661680311073
RHF_MPM_P44,403,0.02015,20.15,0,255,6.713472222222222,30.362247879183883,96674,379.1137254901961,37,220,255,1.2787111993606315,109,109,237,0.016458333333333332,20,20,0.5925,70.0464135021097,60.46413502109704,0.11520833333333333,0.006944444444444444,0.03111111111111111,0.014861111111111111,0.010972222222222222,1,81.01319899869665,71.34310155781286,23.85706347118525,4.441902909330522,0.9825141050386287,45.674293735667185,0.8190662636334898,0.8190662636334898,0.011792208866913545,-65,0.31555555555555603,4544,3.429884418727571,187.45454545454547,68.55172385122935,4.00665404040404,1.6854863315070814
RHF_MPM_P44,404,0.0202,20.2,0,255,5.529166666666667,30.878983942247118,79620,312.2352941176471,17,243,255,0.8831090633289451,107,107,273,0.018958333333333334,21,21,0.6190476190476191,70.6117216117216,61.10989010989011,0.07652777777777778,0.008055555555555555,0.02409722222222222,0.017013888888888887,0.0125,1,73.1057523235368,62.985656870133134,13.326545481553483,4.334953444743716,0.9456153007986207,-135.89876825820886,-2.469824334350642,2.469824334350642,0.027694046721929162,36,-1.1843055555555555,-17054,11.505415882449558,195.0909090909091,72.84286268831077,4.173042929292929,1.736461745606662
RHF_MPM_P44,405,0.02025,20.25,0,255,5.957013888888889,32.60050740018944,85781,336.39607843137253,17,251,255,0.8758619771554426,109,109,300,0.020833333333333332,23,23,0.5671077504725898,71.18666666666667,61.54,0.07569444444444444,0.008958333333333334,0.02652777777777778,0.019097222222222224,0.014166666666666666,1,72.38535339993705,62.41614110350777,9.548177940792815,4.499966160104705,0.8819780070694834,-135.64575700353723,-0.8104338450133308,0.8104338450133308,0.01458364905981511,27,0.4278472222222218,6161,0.9183260954359129,205.1818181818182,78.74910467810606,4.382108585858585,1.7990920290014558
RHF_MPM_P44,406,0.0203,20.3,0,255,6.427291666666667,33.77301876989378,92553,362.9529411764706,19,254,255,0.9305894943873205,107,107,331,0.02298611111111111,23,25,0.5756521739130435,71.6344410876133,62.03021148036254,0.08083333333333333,0.009305555555555555,0.029166666666666667,0.020833333333333332,0.015277777777777777,1,72.8107570797273,62.79040117554266,9.98721424435246,4.59007016364519,0.8881287993689816,-135.1867419464145,-0.6897817499681036,0.6897817499681036,0.011841863580867178,31,0.47027777777777846,6772,0.5666029406018372,217.45454545454547,86.49998805713385,4.628333333333334,1.8751965200510927
RHF_MPM_P44,407,0.02035,20.35,0,255,6.717013888888889,34.61391803362769,96725,379.3137254901961,22,254,255,0.9661113120673347,109,109,340,0.02361111111111111,24,24,0.5902777777777778,71.77941176470588,62.02647058823529,0.08458333333333333,0.00986111111111111,0.029375,0.021597222222222223,0.016319444444444445,1,73.144161281985,63.04670974411993,10.358498669002836,4.595492507603068,0.8962027813455443,-136.02717830047996,-0.8024602529353331,0.8024602529353331,0.013729645903334194,9,0.2897222222222222,4172,0.42053827936256705,229.9090909090909,93.13085080627593,4.8933017676767685,1.9444103393391676
RHF_MPM_P44,408,0.0204,20.4,0,255,6.744513888888889,34.472943362429206,97121,380.8666666666667,23,255,255,1.020540005593151,112,112,322,0.02236111111111111,23,24,0.5833333333333334,71.29813664596273,61.661490683229815,0.09111111111111111,0.010208333333333333,0.028819444444444446,0.02125,0.016319444444444445,1,73.34515707210593,63.23561330711175,11.094941596922054,4.696151143105105,0.9060037926617567,-136.34380374074786,-0.9326452707776306,0.9326452707776306,0.01851298895192595,-18,0.027499999999999858,396,0.27583303601515874,241.27272727272728,96.0038738887806,5.162525252525254,1.9767993593519997
RHF_MPM_P44,409,0.02045,20.45,0,255,6.713819444444445,34.018991478954476,96679,379.1333333333333,24,254,255,1.055198133257495,110,110,320,0.022222222222222223,25,23,0.5565217391304348,71.246875,61.528125,0.09444444444444444,0.00986111111111111,0.028680555555555556,0.020416666666666666,0.01576388888888889,1,73.77919713691702,63.53191489361702,11.826417701666456,4.66032361290529,0.9190845189549405,-137.06854924192717,-1.037913661377448,1.037913661377448,0.020697359302433826,-2,-0.030694444444444358,-442,0.5255334509113126,252.72727272727272,97.18968417864008,5.427121212121214,1.971937066889659
RHF_MPM_P44,410,0.0205,20.5,0,255,6.624583333333334,33.44239294159021,95394,374.09411764705885,24,253,255,1.0638584296273623,108,108,318,0.022083333333333333,25,23,0.5530434782608695,71.67610062893081,61.60377358490566,0.09451388888888888,0.008958333333333334,0.028402777777777777,0.020277777777777777,0.014930555555555556,1,74.2951129001824,63.818227561481855,12.493815342248034,4.595622858517145,0.929892332947485,-136.915006660482,-1.0732486312214764,1.0732486312214764,0.01957146151749586,-2,-0.08923611111111107,-1285,0.5900373026899076,281.0,59.53608531424832,6.027910353535353,0.9980025880916691
RHF_MPM_P44,411,0.02055,20.55,0,255,6.224513888888889,32.00900822272669,89633,351.5019607843137,23,249,255,1.0461509161765377,109,109,283,0.01965277777777778,23,21,0.5859213250517599,70.79151943462898,60.685512367491164,0.09305555555555556,0.008541666666666666,0.02701388888888889,0.018125,0.013402777777777777,1,74.3158434951413,63.777994711769104,13.290896238893861,4.28911287341347,0.946497691302415,-137.40437892698444,-1.2040237895153265,1.2040237895153265,0.021108297167337923,-35,-0.40006944444444503,-5761,0.04525969247971585,294.27272727272725,38.51821507497438,6.292910353535354,0.5074534851343948
RHF_MPM_P44,412,0.0206,20.6,0,255,5.910208333333333,31.12586109850238,85107,333.7529411764706,21,242,255,1.052225513751495,109,109,268,0.01861111111111111,22,20,0.6090909090909091,70.38059701492537,60.31716417910448,0.09458333333333334,0.007847222222222222,0.024375,0.017013888888888887,0.012638888888888889,1,74.20145228947091,63.555148225175365,13.829798548894962,4.333144378553457,0.9496478003680282,-137.7026809058653,-1.42386651571046,1.42386651571046,0.02566181395184885,-15,-0.3143055555555554,-4526,0.25049132624084597,299.45454545454544,29.818736136754495,6.359955808080809,0.39019362126096807
RHF_MPM_P44,413,0.02065,20.65,0,255,5.507708333333333,29.937716763742046,79311,311.0235294117647,19,228,255,1.0190256064577408,109,109,247,0.017152777777777777,21,18,0.6534391534391535,69.84210526315789,59.906882591093115,0.09194444444444444,0.007430555555555556,0.022569444444444444,0.015833333333333335,0.012013888888888888,1,73.89591607721502,63.30935179231128,13.800549717177098,4.307766717819686,0.9500346123582717,-138.29575971877986,-1.6304331597909425,1.6304331597909425,0.02864671987492277,-21,-0.40249999999999986,-5796,0.39213296649017193,294.45454545454544,33.37218121937556,6.279027777777778,0.46000035644779547
RHF_MPM_P44,414,0.0207,20.7,0,255,4.939305555555555,28.3690937967902,71126,278.92549019607844,17,209,255,0.9461437858114249,106,106,230,0.01597222222222222,20,18,0.6388888888888888,69.47826086956522,59.76086956521739,0.08465277777777777,0.006319444444444444,0.02034722222222222,0.014027777777777778,0.010902777777777779,1,73.30124005286393,62.88970278098023,13.682294832278997,4.088669507000965,0.95430660515503,-138.58445352792955,-1.7077069152864959,1.7077069152864959,0.030087450440064112,-17,-0.568402777777778,-8185,0.7278357415304267,293.8181818181818,34.50907175016233,6.117739898989899,0.5758444934005951
RHF_MPM_P44,415,0.02075,20.75,0,255,4.605972222222222,27.392963774162183,66326,260.10196078431375,15,200,255,0.9067782577988915,107,107,213,0.014791666666666667,19,18,0.6228070175438597,68.97183098591549,59.52582159624413,0.08138888888888889,0.005833333333333334,0.01923611111111111,0.013402777777777777,0.010138888888888888,1,72.64841841811658,62.418583964056324,13.05184243178137,4.1894226862211,0.9470848741934293,-138.50590517701576,-1.947656285810048,1.947656285810048,0.03184271628019178,-17,-0.33333333333333304,-4800,0.8050646101115043,288.3636363636364,41.418644741606464,6.033813131313132,0.7076920246593157
RHF_MPM_P44,416,0.0208,20.8,0,255,4.214097222222223,26.151084716009034,60683,237.97254901960784,13,172,255,0.8432710806375618,104,104,201,0.013958333333333333,18,18,0.6203703703703703,68.68656716417911,59.41293532338308,0.0745138888888889,0.004861111111111111,0.01826388888888889,0.011944444444444445,0.008888888888888889,1,71.87103472142115,61.90191651698169,12.251849087946377,4.128377841041295,0.9415191160825052,-138.0745622835481,-1.981459526213281,1.981459526213281,0.030469818565331312,-12,-0.39187499999999975,-5643,0.93341880351451,279.3636363636364,48.125352848336185,5.875366161616162,0.8810332787711337
RHF_MPM_P44,417,0.02085,20.85,0,255,3.973333333333333,25.691078434178486,57216,224.3764705882353,11,168,255,0.7797603068104577,105,105,193,0.013402777777777777,18,18,0.595679012345679,68.4559585492228,59.23834196891192,0.06833333333333333,0.004791666666666666,0.017152777777777777,0.011805555555555555,0.008680555555555556,1,71.09593470357942,61.32157088926174,11.299364411956766,3.9972761360466413,0.9353357950700947,-137.78658451395074,-1.9108439433244917,1.9108439433244917,0.030935402684563757,-8,-0.24076388888888944,-3467,0.9682877079008718,266.8181818181818,50.93457154538945,5.65227904040404,1.0137274440000155
RHF_MPM_P44,418,0.0209,20.9,0,255,3.9054166666666665,25.724862565095567,56238,220.54117647058823,9,170,255,0.7451646421608903,106,106,193,0.013402777777777777,18,18,0.595679012345679,68.49740932642487,59.23834196891192,0.06472222222222222,0.004861111111111111,0.017013888888888887,0.01173611111111111,0.008819444444444444,1,70.72714179024858,61.035634268643975,10.374120886090017,4.0506259163962435,0.9206220736210161,-137.39066293495972,-2.08643539274235,2.08643539274235,0.03140225470322558,0,-0.06791666666666663,-978,0.46665615171489483,253.45454545454547,49.23665234237902,5.396679292929293,1.066144325600324
RHF_MPM_P44,419,0.02095,20.95,0,255,3.961875,26.25709966076768,57051,223.72941176470587,7,180,255,0.7167811503426967,105,105,200,0.013888888888888888,18,18,0.6172839506172839,68.695,59.315,0.06159722222222222,0.005277777777777778,0.017361111111111112,0.012083333333333333,0.009097222222222222,1,70.42398906241783,60.7374804999036,9.52016113876806,4.014108056182985,0.9067619814459116,-137.07557163202625,-1.644231901975026,1.644231901975026,0.027238786349056108,7,0.0564583333333335,813,0.42520259430689594,242.36363636363637,46.193806604295354,5.143712121212122,1.0462656504495922
RHF_MPM_P44,420,0.021,21.0,0,255,3.9827777777777778,26.537640627262405,57352,224.90980392156862,5,183,255,0.6918764784179412,106,106,206,0.014305555555555556,18,18,0.6358024691358025,68.6747572815534,59.46601941747573,0.058958333333333335,0.005277777777777778,0.017708333333333333,0.0125,0.00951388888888889,1,70.17894755195982,60.61129515971544,8.864651608366366,3.994111912195857,0.8927430469839956,-136.9062131357233,-1.3235989779204733,1.3235989779204733,0.02397475240619333,6,0.020902777777777715,301,0.27562307945080294,232.0,39.98408774409231,4.895435606060606,0.9651127093850355
RHF_MPM_P44,421,0.02105,21.05,0,255,4.047361111111111,26.88134899129545,58282,228.55686274509804,4,193,255,0.6722199365664434,107,107,207,0.014375,18,18,0.6388888888888888,68.7536231884058,59.47826086956522,0.05659722222222222,0.005486111111111111,0.018125,0.013055555555555556,0.009722222222222222,1,70.10963933976184,60.53843382176315,8.330355513513847,4.084428502215309,0.871550005939528,-135.99947364579057,-1.3754389403157947,1.3754389403157947,0.020641021241549706,1,0.06458333333333321,930,0.10056044374543198,221.9090909090909,29.68762994751899,4.6611426767676765,0.8186086589923555
RHF_MPM_P44,422,0.0211,21.1,0,255,4.058055555555556,26.931256966110798,58436,229.1607843137255,3,189,255,0.6620224420422997,106,106,207,0.014375,18,18,0.6388888888888888,68.77777777777777,59.367149758454104,0.055625,0.005625,0.01840277777777778,0.013125,0.009930555555555555,1,70.00817988910946,60.268242179478406,8.025043515490644,4.131565228438463,0.8572898900768732,-137.11180815218995,-1.0331966294992152,1.0331966294992152,0.01579505784105688,0,0.010694444444444784,154,0.2886131384521681,215.0,22.683594392103174,4.464191919191919,0.6649825986257871
RHF_MPM_P44,423,0.02115,21.15,0,255,3.998125,26.661451246987404,57573,225.7764705882353,2,184,255,0.6446909564942181,105,105,204,0.014166666666666666,18,18,0.6296296296296297,68.74509803921569,59.254901960784316,0.05395833333333333,0.005416666666666667,0.018055555555555554,0.012847222222222222,0.00951388888888889,1,69.8975735153631,60.18845639449047,7.917313648247814,4.170915205514875,0.8499834482762862,-136.30344922926815,-0.6365257411395765,0.6365257411395765,0.014694387994372362,-3,-0.05993055555555582,-863,0.1363801356483342,209.1818181818182,15.373047144674885,4.290366161616162,0.4915750188249415
RHF_MPM_P44,424,0.0212,21.2,0,255,3.8597916666666667,26.0215267713513,55581,217.96470588235294,3,175,255,0.6500927559841978,106,106,197,0.013680555555555555,18,17,0.6437908496732027,68.53807106598985,59.045685279187815,0.05430555555555556,0.005069444444444444,0.017430555555555557,0.012152777777777778,0.009027777777777777,1,69.85705546859538,60.040139616055846,8.004033510967037,4.2846590836580125,0.8446540957178289,-137.4278258143507,-1.0704252869336457,1.0704252869336457,0.01845954552814811,-7,-0.1383333333333332,-1992,0.15375167927244893,204.63636363636363,9.956932050976777,4.140555555555556,0.3183341624127621
RHF_MPM_P44,425,0.02125,21.25,0,255,3.8448611111111113,26.172198751360384,55366,217.12156862745098,3,180,255,0.649127588419688,108,108,194,0.013472222222222222,17,17,0.671280276816609,68.35051546391753,58.94845360824742,0.05472222222222222,0.005347222222222222,0.016944444444444446,0.012361111111111111,0.009375,1,69.71728136401401,59.90048043925875,7.864202479963542,4.138019300466266,0.8503706013150372,-138.207768043057,-1.5391190167828577,1.5391190167828577,0.021836506159014557,-3,-0.014930555555555447,-215,0.19758918486385935,201.36363636363637,6.342823106368148,4.041060606060606,0.20343526461967823
RHF_MPM_P44,426,0.0213,21.3,0,255,3.9061805555555558,26.579030803763324,56249,220.5843137254902,2,183,255,0.6426917211619323,108,108,200,0.013888888888888888,17,17,0.6920415224913494,68.455,58.9,0.05409722222222222,0.005416666666666667,0.017291666666666667,0.0125,0.009652777777777777,1,69.6108019698128,59.77144482568579,7.603019590458704,4.225986850793772,0.8312959413545005,-138.2765525146518,-1.5483176458917032,1.5483176458917032,0.02103148500417785,6,0.06131944444444448,883,0.16729629690942974,200.1818181818182,5.1666444503210265,3.9774431818181823,0.09990610428612584
RHF_MPM_P44,427,0.02135,21.35,0,255,3.98125,27.02003492459603,57330,224.8235294117647,3,196,255,0.6569909810996954,110,110,202,0.014027777777777778,17,17,0.698961937716263,68.49009900990099,58.83168316831683,0.05583333333333333,0.005694444444444445,0.017430555555555557,0.012916666666666667,0.01,1,69.54939822082679,59.659445316588176,7.58500222345911,4.340458702493279,0.8200846375613284,-137.56106943497701,-1.0939704539072421,1.0939704539072421,0.01967556253270539,2,0.07506944444444441,1081,0.12772748501259837,200.27272727272728,5.188990251938304,3.9562752525252534,0.06665650749039631
RHF_MPM_P44,428,0.0214,21.4,0,255,4.108194444444444,27.561843886188672,59158,231.9921568627451,4,213,255,0.6651547498450743,110,110,207,0.014375,18,17,0.6764705882352942,68.57971014492753,58.8743961352657,0.05694444444444444,0.006319444444444444,0.017986111111111112,0.013472222222222222,0.010277777777777778,1,69.62038946549917,59.54849724466683,7.3238210108949575,4.477452310504714,0.7913567117445562,-139.92963847655628,-0.8192120739427771,0.8192120739427771,0.0184252341188005,5,0.12694444444444386,1828,0.13171648144100767,201.54545454545453,4.961004963506274,3.968535353535354,0.07977755540305255
RHF_MPM_P44,429,0.02145,21.45,0,255,4.154791666666667,27.803801660243387,59829,234.6235294117647,1,210,255,0.6292977992685529,108,108,216,0.015,18,18,0.6666666666666666,68.89814814814815,59.138888888888886,0.05284722222222222,0.00625,0.01826388888888889,0.013819444444444445,0.010833333333333334,1,69.70923799495228,59.66185294756723,6.934170845809916,4.281469911932307,0.7866139654023928,-139.26866118905568,-0.6797036879905649,0.6797036879905649,0.01414029985458557,9,0.04659722222222307,671,0.14402630511828055,203.63636363636363,5.709206715675484,3.9912058080808084,0.0929628678334078
RHF_MPM_P44,430,0.0215,21.5,0,255,4.239097222222222,27.89473490277517,61043,239.3843137254902,4,211,255,0.6658870987873402,108,108,219,0.015208333333333334,18,18,0.6759259259259259,68.86301369863014,59.1689497716895,0.05631944444444444,0.006319444444444444,0.018819444444444444,0.013958333333333333,0.010486111111111111,1,69.8424389364874,59.77320904935865,7.279497984669454,4.374502991044644,0.7992981155405836,-140.6695106450924,-0.5020000863171618,0.5020000863171618,0.015988729256425797,3,0.08430555555555497,1214,0.17361645150164504,205.36363636363637,7.061711449432164,4.016407828282828,0.1162545559660084
RHF_MPM_P44,431,0.02155,21.55,0,255,4.1286805555555555,27.443386871545005,59453,233.14901960784314,3,210,255,0.6581228517636363,106,106,213,0.014791666666666667,18,17,0.696078431372549,68.68075117370893,59.140845070422536,0.05548611111111111,0.0059722222222222225,0.018125,0.013541666666666667,0.010277777777777778,1,69.70795418229525,59.750996585538154,7.3231779288337755,4.371498715675584,0.8022857922667666,-140.17345232836288,-0.5849192389989916,0.5849192389989916,0.016164028728575513,-6,-0.11041666666666661,-1590,0.1363067960855149,206.0,7.397788367294155,4.029671717171717,0.11992622215749252
RHF_MPM_P44,432,0.0216,21.6,0,255,4.17625,27.682002122192237,60138,235.83529411764707,3,209,255,0.6600411627258949,109,109,215,0.014930555555555556,19,18,0.6286549707602339,68.8093023255814,59.334883720930236,0.05576388888888889,0.005902777777777778,0.018541666666666668,0.013680555555555555,0.010555555555555556,1,69.8062456350394,59.84894742093186,7.278362511708867,4.381462572461646,0.7985076522470972,-140.34738144424443,-0.7970535068511145,0.7970535068511145,0.01664504971897968,2,0.04756944444444411,685,0.13876446172157972,206.72727272727272,7.8403491236146685,4.041388888888889,0.1271603681348331
RHF_MPM_P44,433,0.02165,21.65,0,255,3.815625,26.02395462247635,54945,215.47058823529412,1,172,255,0.6216151262863725,106,106,198,0.01375,18,17,0.6470588235294118,68.47474747474747,59.07070707070707,0.051527777777777777,0.004791666666666666,0.017430555555555557,0.012430555555555556,0.008680555555555556,1,69.42085722085721,59.613358813358815,7.250554132028792,4.2737993089841275,0.8078088713642437,-138.15850099323472,-0.7810624855521718,0.7810624855521718,0.01537901537901538,-17,-0.36062499999999975,-5193,0.45169261871771454,205.9090909090909,8.229155987369714,4.019349747474748,0.14245125032716796
RHF_MPM_P44,434,0.0217,21.7,0,255,3.50125,25.013138183179525,50418,197.71764705882353,0,151,255,0.5867130882441002,106,106,177,0.012291666666666666,15,15,0.7866666666666666,67.48022598870057,57.87570621468927,0.04861111111111111,0.004930555555555555,0.015694444444444445,0.011041666666666667,0.008402777777777778,1,68.70923083025903,58.838252211511765,6.820890636247843,3.9334091622139202,0.8169765416928106,-140.8423592545816,-1.518450504827312,1.518450504827312,0.019338331548256576,-21,-0.3143749999999996,-4527,1.0522368383698983,203.45454545454547,11.719165626238356,3.9741792929292927,0.20643042736064096
RHF_MPM_P44,435,0.02175,21.75,0,11,0.01888888888888889,0.3340473833470151,272,24.727272727272727,0,0,6,0.0571367716802154,3,8,9,0.000625,93,107,0.0009044317154054868,89.11111111111111,63.22222222222222,0.004652777777777777,0.0,0.0,0.0,0.0,0,86.08088235294117,59.12867647058823,31.908416456981172,27.46205415554856,0.5091929918289814,111.53818220426702,-0.3676720026521308,0.3676720026521308,0.0,-168,-3.4823611111111115,-50146,17.374079051154478,186.36363636363637,57.26219239328818,3.625006313131313,1.1583235110186527
RHF_MPM_P44,436,0.0218,21.8,0,255,3.2761805555555554,22.411131023336985,47177,185.0078431372549,8,100,255,0.7200144673384374,107,107,140,0.009722222222222222,13,14,0.7692307692307693,64.52857142857142,55.107142857142854,0.06173611111111111,0.0033333333333333335,0.012916666666666667,0.00875,0.006388888888888889,1,63.42603387243784,53.28244695508405,7.9881621709282795,5.4001475522384625,0.7368844039787584,58.54736528660729,-0.9806912635566211,0.9806912635566211,0.015728003052334825,131,3.2572916666666667,46905,23.39702030649451,181.45454545454547,58.69391115449345,3.57330808080808,1.1600466454351626
RHF_MPM_P44,437,0.02185,21.85,0,255,5.694791666666666,27.712657067884212,82005,321.5882352941176,26,179,255,1.3153996070365217,101,101,236,0.01638888888888889,24,24,0.4097222222222222,60.91525423728814,51.50423728813559,0.12416666666666666,0.005694444444444445,0.022430555555555554,0.013541666666666667,0.009236111111111112,1,55.108127553197974,45.167221510883486,18.067496364120966,5.336549903240178,0.9553837362021919,48.58901171514357,-1.089069298879813,1.089069298879813,0.031156636790439608,96,2.418611111111111,34828,11.620862685095746,184.72727272727272,60.609166587077944,3.735909090909091,1.3108584613533174
RHF_MPM_P44,438,0.0219,21.9,0,255,6.728888888888889,30.950605341215127,96896,379.9843137254902,32,237,255,1.311875418270836,112,112,233,0.016180555555555556,19,18,0.6812865497076024,61.60085836909871,52.54077253218884,0.12076388888888889,0.0077083333333333335,0.031041666666666665,0.014861111111111111,0.011875,1,53.349642916116245,44.63464952113606,18.454479804889843,5.044045919765924,0.9619221268817253,-136.36699833300216,0.9186356025698135,0.9186356025698135,0.014345277410832233,-3,1.034097222222223,14891,1.8373625508091729,187.54545454545453,62.05036610596506,3.985694444444444,1.569981613120777
RHF_MPM_P44,439,0.02195,21.95,0,255,6.752222222222223,30.736882849175693,97232,381.30196078431374,36,239,255,1.355546431880513,109,109,238,0.016527777777777777,20,18,0.6611111111111111,61.72268907563025,52.53361344537815,0.12638888888888888,0.0077777777777777776,0.025277777777777777,0.015555555555555555,0.012222222222222223,1,52.0738028632549,42.91155175250946,21.877372052620405,4.92460168381371,0.97433561069946,-135.73696407078026,0.9630752474848173,0.9630752474848173,0.017946766496626625,5,0.023333333333333428,336,2.1440227985567737,190.36363636363637,63.55566311548946,4.226060606060606,1.7611050200468295
RHF_MPM_P44,440,0.022,22.0,0,255,6.688263888888889,32.29468224263223,96311,377.69019607843137,29,250,255,1.230483143511916,110,110,281,0.01951388888888889,22,19,0.6722488038277512,60.779359430604984,51.59786476868327,0.11319444444444444,0.008888888888888889,0.024930555555555556,0.018541666666666668,0.013888888888888888,1,54.2442919292708,45.170603565532495,20.851158319322376,4.768056571183918,0.9735037463775701,-137.34963643882452,1.4705414637691636,1.4705414637691636,0.02339296653549439,43,-0.06395833333333378,-921,3.132784365323801,196.27272727272728,68.49431417555888,4.4563762626262635,1.8971334173136936
RHF_MPM_P44,441,0.02205,22.05,0,255,6.857638888888889,34.28301142261182,98750,387.2549019607843,23,254,255,1.115613873847912,110,110,325,0.022569444444444444,25,22,0.5909090909090909,59.55692307692308,50.79692307692308,0.10090277777777777,0.009930555555555555,0.029444444444444443,0.021111111111111112,0.015902777777777776,1,56.88807088607595,47.90180253164557,15.45196139990267,4.673507782020718,0.9531639775741948,-137.39584315770392,1.9901250170476854,1.9901250170476854,0.03330632911392405,44,0.1693750000000005,2439,3.8011859945210347,205.9090909090909,77.83368579624184,4.694425505050504,2.015525588860185
RHF_MPM_P44,442,0.0221,22.1,0,255,7.086944444444445,34.55421579999276,102052,400.20392156862744,27,254,255,1.1627359145321208,108,108,340,0.02361111111111111,29,22,0.5329153605015674,59.41470588235294,50.75,0.10534722222222222,0.00986111111111111,0.031875,0.02125,0.015625,1,56.929202759377574,48.13090385293772,14.53200874213055,4.810389885101708,0.9436236333236847,-136.76875893982006,1.7321103912904563,1.7321103912904563,0.04765217732136558,15,0.22930555555555543,3302,0.23276435813738536,217.45454545454547,86.91831445920792,4.963358585858586,2.116907734040592
RHF_MPM_P44,443,0.02215,22.15,0,255,7.148541666666667,34.74769503684041,102939,403.6823529411765,27,255,255,1.1690942242938938,108,108,344,0.02388888888888889,27,23,0.5539452495974235,59.58139534883721,50.9593023255814,0.10645833333333334,0.010208333333333333,0.031180555555555555,0.021388888888888888,0.016041666666666666,1,57.156500451723836,48.53011977967534,13.832514528592757,4.819567233017196,0.9373373787029395,-137.32021443733134,1.7569217395557353,1.7569217395557353,0.03256297418859713,4,0.06159722222222186,887,0.45938828577458446,229.1818181818182,94.19401465429858,5.233566919191919,2.1877059194951776
RHF_MPM_P44,444,0.0222,22.2,0,255,7.072430555555556,34.60180576426547,101843,399.3843137254902,25,254,255,1.1880063554883193,108,108,343,0.023819444444444445,28,23,0.532608695652174,59.46355685131196,51.06997084548105,0.10895833333333334,0.009930555555555555,0.031180555555555555,0.021388888888888888,0.01576388888888889,1,57.32721934742692,48.9541549247371,12.45219923857948,4.994780654033543,0.9160271159975568,-139.01439150283122,1.2771258897089701,1.2771258897089701,0.02046286931846077,-1,-0.07611111111111057,-1096,0.4571113054799959,242.36363636363637,98.93457225245814,5.529640151515151,2.1961378564775913
RHF_MPM_P44,445,0.02225,22.25,0,255,6.573125,33.16826943298096,94653,371.18823529411765,23,252,255,1.1180423936650135,109,109,307,0.021319444444444443,26,20,0.5903846153846154,60.21172638436482,51.840390879478825,0.10104166666666667,0.009097222222222222,0.028402777777777777,0.01951388888888889,0.014722222222222222,1,57.55796435400885,49.41046770836635,12.253327351377306,4.847713914242267,0.9184124467837105,-141.0060555311049,1.1574512812372237,1.1574512812372237,0.022249690976514216,-36,-0.4993055555555559,-7190,0.5113361072386461,254.1818181818182,98.18240740563934,5.808901515151515,2.1142347498461516
RHF_MPM_P44,446,0.0223,22.3,0,255,5.859930555555556,31.26158283110899,84383,330.9137254901961,20,244,255,0.9913861294908022,109,109,271,0.018819444444444444,24,18,0.6273148148148148,60.99261992619926,52.20664206642066,0.08805555555555555,0.0077777777777777776,0.025486111111111112,0.017083333333333332,0.0125,1,58.35090006280886,49.78069042342652,11.917996571337103,4.655543776009383,0.9205471760992141,-139.6612937126428,1.2849814646437612,1.2849814646437612,0.02287190547859166,-36,-0.7131944444444445,-10270,0.8751067917898354,278.0,60.276635002899155,6.339905303030303,1.0679894812451578
RHF_MPM_P44,447,0.02235,22.35,0,255,5.193402777777778,29.344893997063295,74785,293.27450980392155,17,222,255,0.9526845717788742,109,109,240,0.016666666666666666,22,17,0.6417112299465241,61.733333333333334,52.625,0.08513888888888889,0.006805555555555555,0.021805555555555557,0.015347222222222222,0.01125,1,59.08500367720799,50.13648458915558,11.970383534495166,4.583688393529327,0.9237818838919342,-139.71617493121985,1.575094263959938,1.575094263959938,0.02719796750685298,-31,-0.6665277777777776,-9598,0.8157803656871779,287.09090909090907,44.16591558174192,6.514198232323232,0.6135231556316143
RHF_MPM_P44,448,0.0224,22.4,0,255,4.4835416666666665,27.18255938425996,64563,253.18823529411765,14,186,255,0.8639962501124883,107,107,209,0.014513888888888889,20,17,0.6147058823529412,62.22488038277512,53.038277511961724,0.07666666666666666,0.005416666666666667,0.019305555555555555,0.013125,0.009583333333333333,1,59.59760234189861,50.54656691913325,12.186451748678943,4.390642359444991,0.9328408030748364,-139.11716050452756,1.906196736005307,1.906196736005307,0.03051283242724161,-31,-0.7098611111111115,-10222,0.6564487096510395,284.6363636363636,47.55718610697255,6.4040845959595964,0.8234782722317401
RHF_MPM_P44,449,0.02245,22.45,0,255,3.964097222222222,25.473717989582326,57083,223.8549019607843,11,156,255,0.7915990040995653,107,107,183,0.012708333333333334,18,16,0.6354166666666666,62.85245901639344,53.743169398907106,0.06923611111111111,0.004583333333333333,0.017430555555555557,0.011805555555555555,0.008402777777777778,1,60.184958744284636,51.1108386034371,12.055973118340951,4.262655534337693,0.93540728121705,-138.52493196278647,2.2171087289549907,2.2171087289549907,0.0308322968309304,-26,-0.5194444444444444,-7480,0.8144876163152921,280.09090909090907,54.20072885362763,6.152739898989899,1.0707858603026659
RHF_MPM_P44,450,0.0225,22.5,0,255,3.5102083333333334,24.10205515006132,50547,198.2235294117647,6,135,255,0.7155935159402049,105,105,164,0.01138888888888889,16,14,0.7321428571428571,63.53048780487805,54.396341463414636,0.06194444444444445,0.0042361111111111115,0.015,0.010486111111111111,0.007430555555555556,1,60.97667517360081,51.88001266148337,11.699876167002103,4.176181193414757,0.9341264180500989,-138.2758791683669,2.6060330458963317,2.6060330458963317,0.030664530041347657,-19,-0.4538888888888888,-6536,1.103831344010722,273.3636363636364,62.901470899513264,5.858011363636365,1.2891324059022513
RHF_MPM_P44,451,0.02255,22.55,0,255,3.3481944444444443,24.082592481476283,48214,189.07450980392156,2,141,255,0.6372540008466986,106,106,165,0.011458333333333333,16,15,0.6875,63.57575757575758,54.236363636363635,0.05430555555555556,0.0042361111111111115,0.014791666666666667,0.010486111111111111,0.0075,1,61.96073754511138,52.56749077031568,10.483844690850457,4.405503707859109,0.9074230298712855,-137.7744241666725,3.132561425365627,3.132561425365627,0.02594682042560252,1,-0.16201388888888912,-2333,1.2004186357878033,262.8181818181818,70.05428827548764,5.554368686868687,1.4420994810248444
RHF_MPM_P44,452,0.0226,22.6,0,255,3.2568055555555557,23.96677146050275,46898,183.91372549019607,0,140,255,0.5891863757404094,109,109,159,0.011041666666666667,14,15,0.7571428571428571,63.893081761006286,54.40251572327044,0.049305555555555554,0.004027777777777778,0.014375,0.010416666666666666,0.007638888888888889,1,62.60279756066357,53.05136679602542,9.353282856425018,4.219837993423141,0.8924424927541564,-137.06335183716592,3.489146358067867,3.489146358067867,0.020725830525821998,-6,-0.09138888888888852,-1316,0.8039757905730318,247.72727272727272,72.85738361420508,5.227020202020203,1.515907044161722
RHF_MPM_P44,453,0.02265,22.65,0,255,3.2431944444444443,24.254478871974968,46702,183.1450980392157,0,144,255,0.5380442422893494,107,107,166,0.011527777777777777,15,14,0.7904761904761904,63.6566265060241,54.57831325301205,0.044305555555555556,0.0044444444444444444,0.014444444444444444,0.010625,0.0077777777777777776,1,63.057192411459894,53.7423664939403,7.492019261842245,4.180503620810116,0.8298448193154803,-136.83221961604357,3.1771459004592,3.1771459004592,0.01299730204273907,7,-0.013611111111111462,-196,0.8270158782929595,231.9090909090909,69.93692553808044,4.877588383838384,1.4896867800635654
RHF_MPM_P44,454,0.0227,22.7,0,255,3.3715972222222224,24.870060346037516,48551,190.39607843137256,0,156,255,0.5131579258516308,107,107,174,0.012083333333333333,16,15,0.725,63.367816091954026,54.327586206896555,0.04145833333333333,0.004583333333333333,0.015486111111111112,0.011111111111111112,0.008263888888888888,1,63.216185042532594,54.00908323206525,6.179098548398022,4.256153240668355,0.7249529320301387,-139.60531822208458,1.3936801843434552,1.3936801843434552,0.008115177854215155,8,0.1284027777777781,1849,0.3105100242044238,216.45454545454547,61.765485561206184,4.5342297979797985,1.3559554830592957
RHF_MPM_P44,455,0.02275,22.75,0,255,3.4271527777777777,25.024268197846865,49351,193.53333333333333,0,160,255,0.5091484200266768,108,108,176,0.012222222222222223,16,15,0.7333333333333333,63.35795454545455,54.27272727272727,0.04076388888888889,0.004652777777777777,0.01576388888888889,0.01125,0.008333333333333333,1,63.24611456708071,53.97280703531843,5.901075484357506,4.180855807872637,0.7057203684478388,-138.42302696302983,0.37390380757214553,0.37390380757214553,0.008044416526514154,2,0.05555555555555536,800,0.04702912810259398,201.27272727272728,47.72285693857992,4.2028409090909085,1.1200616818589761
RHF_MPM_P44,456,0.0228,22.8,0,255,3.4055555555555554,24.814175433996105,49040,192.31372549019608,0,154,255,0.5176339833259916,107,107,174,0.012083333333333333,15,16,0.725,63.56896551724138,54.56896551724138,0.04159722222222222,0.004583333333333333,0.015625,0.010972222222222222,0.00798611111111111,1,63.32738580750408,54.068515497553015,5.924547630214367,4.212139760744084,0.7032284604988982,-136.6012588897613,0.49374145060055635,0.49374145060055635,0.008584828711256117,-2,-0.021597222222222268,-311,0.12555924602856505,189.1818181818182,34.390321529116775,3.9148800505050505,0.8477350105561529
RHF_MPM_P44,457,0.02285,22.85,0,255,3.54375,25.463092077745042,51030,200.11764705882354,0,166,255,0.527661342560785,107,107,184,0.012777777777777779,15,16,0.7666666666666667,63.59782608695652,54.42934782608695,0.042638888888888886,0.004861111111111111,0.01597222222222222,0.011666666666666667,0.008611111111111111,1,63.34656084656085,53.93401920438958,5.979741560004114,4.284501757498181,0.6975841833812818,45.43062730208256,-0.8474444132224684,0.8474444132224684,0.008465608465608466,10,0.13819444444444473,1990,0.13585630275233393,181.27272727272728,22.67193262440632,3.7043181818181825,0.5855857883386155
RHF_MPM_P44,458,0.0229,22.9,0,255,3.6599305555555555,25.865989681769367,52703,206.67843137254903,0,167,255,0.5314378902047113,108,108,188,0.013055555555555556,15,17,0.7372549019607844,63.45744680851064,54.3031914893617,0.042569444444444444,0.004930555555555555,0.016875,0.012152777777777778,0.008888888888888889,1,63.15549399464926,53.7803540595412,5.828303338538774,4.391504063116216,0.6574719952285937,48.048321441433785,-0.5580702713321607,0.5580702713321607,0.00865225888469347,4,0.11618055555555529,1673,0.24519281930895945,176.54545454545453,13.499923476979324,3.5649116161616163,0.34939416422730546
RHF_MPM_P44,459,0.02295,22.95,0,255,3.640416666666667,25.688859557830593,52422,205.57647058823528,0,166,255,0.5416345601504184,108,108,184,0.012777777777777779,15,16,0.7666666666666667,63.53260869565217,54.516304347826086,0.043819444444444446,0.004861111111111111,0.016875,0.011944444444444445,0.008958333333333334,1,63.0831711876693,53.92129258708176,6.05210425050555,4.398832484280039,0.6868206331779162,46.801101253645555,-0.8618532783132382,0.8618532783132382,0.010205638853916295,-4,-0.01951388888888861,-281,0.15841166925059755,174.27272727272728,9.294093032096042,3.488263888888889,0.20000802935271267
RHF_MPM_P44,460,0.023,23.0,0,255,3.608611111111111,25.563969507098783,51964,203.78039215686275,0,165,255,0.5366279714349625,105,105,188,0.013055555555555556,16,16,0.734375,63.38297872340426,54.462765957446805,0.043055555555555555,0.004583333333333333,0.016805555555555556,0.011875,0.008819444444444444,1,63.05388345777846,54.03764144407667,6.186654696942297,4.330536266935,0.7141621749701761,-137.7810148375939,0.7980648664014119,0.7980648664014119,0.009237164190593488,4,-0.03180555555555564,-458,0.11997844659013135,174.72727272727272,9.81734003125369,3.45594696969697,0.1403285776376863
RHF_MPM_P44,461,0.02305,23.05,0,255,3.631597222222222,25.73624042201953,52295,205.07843137254903,0,168,255,0.5305977927250869,108,108,187,0.012986111111111111,16,16,0.73046875,63.4331550802139,54.64171122994652,0.042777777777777776,0.004930555555555555,0.01673611111111111,0.011805555555555555,0.008958333333333334,1,63.127201453293814,54.18797208146094,6.049657004473986,4.210516802199353,0.7180489070891313,-139.58402125426545,0.5710981209322898,0.5710981209322898,0.008738885170666412,-1,0.02298611111111093,331,0.16725677565572877,176.8181818181818,9.759081382050649,3.466982323232323,0.1486858656375711
RHF_MPM_P44,462,0.0231,23.1,0,255,3.6255555555555556,25.720626444380354,52208,204.7372549019608,0,167,255,0.5411960472838073,109,109,184,0.012777777777777779,15,16,0.7666666666666667,63.608695652173914,54.54891304347826,0.043819444444444446,0.004930555555555555,0.01673611111111111,0.011944444444444445,0.008888888888888889,1,63.26852206558382,54.114771682500766,6.068627824742552,4.443118578383972,0.6811482663263371,-138.07528229324453,0.8787016860421902,0.8787016860421902,0.010324088262335274,-3,-0.006041666666666501,-87,0.15915342869680785,178.54545454545453,9.178667326158932,3.4921969696969697,0.14991624951259166
RHF_MPM_P44,463,0.02315,23.15,0,255,3.656388888888889,25.842774903977595,52652,206.478431372549,0,167,255,0.5298073885214633,105,105,195,0.013541666666666667,16,16,0.76171875,63.21025641025641,54.743589743589745,0.042430555555555555,0.004791666666666666,0.016875,0.012083333333333333,0.00875,1,63.01682747094127,54.24035174352351,5.9053021748794645,4.281278339795573,0.6887605832739317,-137.8154534091228,0.24484023110872785,0.24484023110872785,0.009002507027273418,11,0.030833333333333268,444,0.2812837014452683,181.8181818181818,7.963760895663918,3.528522727272727,0.13626791849667777
RHF_MPM_P44,464,0.0232,23.2,0,255,3.6907638888888887,25.84899252764509,53147,208.41960784313724,0,170,255,0.5337393979081144,106,106,196,0.01361111111111111,18,16,0.6805555555555556,63.255102040816325,54.60204081632653,0.042708333333333334,0.004791666666666666,0.017083333333333332,0.012083333333333333,0.009027777777777777,1,62.910907483018796,54.05072722825371,6.184179541064656,4.422611714082659,0.6989717222342341,-137.91693570768064,0.7158199358258929,0.7158199358258929,0.007789715317891885,1,0.03437499999999982,495,0.21720152078842273,184.54545454545453,7.177789433873412,3.569210858585859,0.10911112056444332
RHF_MPM_P44,465,0.02325,23.25,0,255,3.650625,25.54890638882476,52569,206.1529411764706,0,161,255,0.5470069676361407,107,107,185,0.012847222222222222,16,16,0.72265625,63.28108108108108,54.61081081081081,0.04388888888888889,0.004583333333333333,0.017152777777777777,0.011805555555555555,0.008680555555555556,1,62.83865015503434,53.99387471703856,6.3192691513430725,4.3019730846014905,0.732496619041929,-137.94475010348324,0.6179581252504794,0.6179581252504794,0.009549354182122544,-11,-0.040138888888888946,-578,0.09194198974855324,185.54545454545453,6.358439436380259,3.59457702020202,0.09118256032315616
RHF_MPM_P44,466,0.0233,23.3,0,255,3.6335416666666664,25.483612925454167,52323,205.18823529411765,0,164,255,0.5490813199352647,107,107,186,0.012916666666666667,17,16,0.6838235294117647,63.51075268817204,54.6505376344086,0.04402777777777778,0.004583333333333333,0.01673611111111111,0.01173611111111111,0.00875,1,62.920608527798485,54.02478833400225,6.303886057652722,4.325486103519874,0.7274489116667601,-137.73492086736638,0.5740230126136718,0.5740230126136718,0.012728627945645318,1,-0.01708333333333334,-246,0.08759467209782311,186.45454545454547,5.598110661214783,3.6133396464646466,0.07451163515839082
RHF_MPM_P44,467,0.02335,23.35,0,255,3.6034027777777777,25.404814221783344,51889,203.48627450980393,0,164,255,0.5493631325110864,106,106,187,0.012986111111111111,16,16,0.73046875,63.22994652406417,54.898395721925134,0.04423611111111111,0.0044444444444444444,0.01659722222222222,0.01173611111111111,0.008541666666666666,1,62.92152479330879,54.244926670392566,6.2298294519452755,4.371797447509939,0.7124209722019474,-138.80307066230486,0.40497734830445964,0.40497734830445964,0.012199117346643798,1,-0.030138888888888715,-434,0.22014024323412593,187.63636363636363,3.9834367818557532,3.6313257575757576,0.0362288588084864
RHF_MPM_P44,468,0.0234,23.4,0,255,3.585347222222222,25.43945031871415,51629,202.46666666666667,0,164,255,0.5492842621983854,106,106,189,0.013125,17,15,0.7411764705882353,63.46031746031746,54.804232804232804,0.044444444444444446,0.004583333333333333,0.016319444444444445,0.011805555555555555,0.008611111111111111,1,63.139650196594935,54.316430688179125,6.139081041574684,4.428873053804133,0.6924948657492087,-139.5449795785352,0.8574382989258141,0.8574382989258141,0.011756958298630615,2,-0.018055555555555713,-260,0.2295463267368131,188.0909090909091,3.8246698123568414,3.635107323232324,0.028163551699350836
RHF_MPM_P44,469,0.02345,23.45,0,255,3.6217361111111113,25.727104973534264,52153,204.521568627451,0,171,255,0.543400610927701,106,106,193,0.013402777777777777,17,15,0.7568627450980392,63.53367875647668,54.87564766839378,0.043958333333333335,0.004791666666666666,0.016805555555555556,0.011875,0.008680555555555556,1,63.2776062738481,54.389220179088454,5.907844962365165,4.63556140148404,0.6199452557422303,-139.5052434043448,0.4517499861699405,0.4517499861699405,0.0103924989933465,4,0.03638888888888925,524,0.1559813746506951,188.54545454545453,4.075729412992708,3.6316351010101013,0.027228025233694806
RHF_MPM_P44,470,0.0235,23.5,0,255,3.6972916666666666,25.95479175195118,53241,208.78823529411764,0,170,255,0.5377042702408348,104,104,200,0.013888888888888888,17,16,0.7352941176470589,63.385,54.585,0.043263888888888886,0.004861111111111111,0.017222222222222222,0.012083333333333333,0.008958333333333334,1,63.15181908679401,54.23964613737533,6.041421463925366,4.348262138824746,0.6942420901367884,-138.43109366978445,0.7985597350279842,0.7985597350279842,0.007250051651922391,7,0.07555555555555538,1088,0.19543492620659922,190.0,4.954336943068623,3.6368055555555556,0.03315887109542831
RHF_MPM_P44,471,0.02355,23.55,0,255,3.6666666666666665,25.638886481280732,52800,207.05882352941177,0,163,255,0.5444253778373109,105,105,193,0.013402777777777777,16,16,0.75390625,63.2020725388601,54.56476683937824,0.043611111111111114,0.004583333333333333,0.017430555555555557,0.012013888888888888,0.008611111111111111,1,62.97837121212121,54.15784090909091,6.05048679847025,4.298891760527578,0.7036937144611586,-138.51010198689693,0.17070343881500966,0.17070343881500966,0.008011363636363636,-7,-0.030625000000000124,-441,0.19177137587027687,190.45454545454547,4.979295977319692,3.6420833333333325,0.032870231066238695
RHF_MPM_P44,472,0.0236,23.6,0,255,3.654236111111111,25.616023416339896,52621,206.35686274509803,0,166,255,0.5462931539008539,107,107,187,0.012986111111111111,16,16,0.73046875,63.68983957219251,54.74331550802139,0.043958333333333335,0.004583333333333333,0.017013888888888887,0.012152777777777778,0.008680555555555556,1,63.29666863039471,54.179681115904295,6.005247434378493,4.351022147095573,0.6892362245083474,-138.32142857058037,0.3094528867638588,0.3094528867638588,0.010832177267630794,-6,-0.0124305555555555,-179,0.3190458291738483,190.45454545454547,4.979295977319692,3.644141414141414,0.03285797511131
RHF_MPM_P44,473,0.02365,23.65,0,255,3.725902777777778,26.065261495405743,53653,210.40392156862745,0,176,255,0.5669379986452764,108,108,192,0.013333333333333334,16,15,0.8,64.265625,54.942708333333336,0.04638888888888889,0.005069444444444444,0.017013888888888887,0.012083333333333333,0.008819444444444444,1,63.98417609453339,54.402586994203496,5.878922257457659,4.6720717844120525,0.6069818489921521,-137.14120323168882,0.7268762567490156,0.7268762567490156,0.012413098987941028,5,0.07166666666666677,1032,0.7227403017867007,191.1818181818182,4.549089455707929,3.6532638888888886,0.03965783569963634
RHF_MPM_P44,474,0.0237,23.7,0,255,3.8350694444444446,26.79603423437174,55225,216.5686274509804,0,192,255,0.544463638407182,109,109,197,0.013680555555555555,16,16,0.76953125,64.16751269035532,55.01015228426396,0.044444444444444446,0.005486111111111111,0.017430555555555557,0.013055555555555556,0.01,1,64.05093707559982,54.76135808057945,5.417302344369427,4.390187177312673,0.5858756157329785,-141.93014974510442,-0.11187751034096162,0.11187751034096162,0.009923042100497962,5,0.10916666666666686,1572,0.36492974805068096,191.36363636363637,4.734260569560559,3.6695075757575752,0.0656722209628101
RHF_MPM_P44,475,0.02375,23.75,0,11,0.019097222222222224,0.3451799313289867,275,25.0,0,0,7,0.05591225497462697,3,8,10,0.0006944444444444445,64,107,0.0014602803738317756,92.1,62.0,0.0045138888888888885,0.0,0.0,0.0,0.0,0,86.42181818181818,66.01818181818182,32.83538854912478,24.048528540093837,0.6808782186399022,109.26954848241205,-0.2869027814207497,0.2869027814207497,0.0,-187,-3.8159722222222223,-54950,25.0434103533845,174.45454545454547,52.19955352711125,3.3357196969696967,1.0508406737091027
RHF_MPM_P44,476,0.0238,23.8,0,255,3.391111111111111,22.668503697344985,48832,191.49803921568628,9,102,255,0.7737128755083278,105,105,141,0.009791666666666667,15,14,0.6714285714285714,67.0354609929078,57.347517730496456,0.06722222222222222,0.003125,0.014166666666666666,0.008819444444444444,0.006388888888888889,1,69.80711418741808,59.31677998034076,8.866017072947555,5.267733795321259,0.8043551150458301,-143.2447850695432,-0.7560756304484999,0.7560756304484999,0.021993774574049805,131,3.3720138888888886,48557,17.91527770964643,170.45454545454547,52.91908684081874,3.312127525252525,1.046409779779054
RHF_MPM_P44,477,0.02385,23.85,0,255,5.663680555555556,27.12627391392911,81557,319.8313725490196,25,162,255,1.308557387950794,100,100,225,0.015625,26,24,0.3605769230769231,71.13777777777777,61.41777777777778,0.1225,0.005,0.02451388888888889,0.013055555555555556,0.008402777777777778,1,78.48916708559658,67.68071410179384,18.421493568856516,4.905354177635509,0.9638945385619315,-139.70826976836898,-0.8596485289469875,0.8596485289469875,0.021285726547077503,84,2.2725694444444446,32725,12.055431826142799,174.0,55.10320894796996,3.4966856060606064,1.2466873839502872
RHF_MPM_P44,478,0.0239,23.9,0,255,6.341388888888889,29.485012355882496,91316,358.10196078431375,32,205,255,1.2822066727429702,98,98,277,0.01923611111111111,34,33,0.24688057040998218,73.17328519855596,63.72202166064982,0.11701388888888889,0.006527777777777778,0.028333333333333332,0.013958333333333333,0.010208333333333333,1,78.72830610188795,69.37050462131499,19.606003805882153,4.590757885887821,0.9722003335785294,45.70320542365394,0.8389494835070933,0.8389494835070933,0.015550396425599019,52,0.6777083333333334,9759,1.70662809919923,182.1818181818182,62.598022306573036,3.745593434343434,1.4922821388768157
RHF_MPM_P44,479,0.02395,23.95,0,255,6.244027777777778,30.11431517105197,89914,352.60392156862747,32,226,255,1.1476004391466559,110,110,234,0.01625,20,20,0.585,70.30341880341881,60.63247863247863,0.10201388888888889,0.007152777777777778,0.028402777777777777,0.014791666666666667,0.01125,1,79.32505505260582,69.12344017616834,21.798938673273245,3.955786911762887,0.9833970439753913,-135.59832723145388,-1.0731903794479118,1.0731903794479118,0.005605356229285762,-43,-0.09736111111111079,-1402,0.6458716205551196,186.27272727272728,64.35567490565212,3.9872916666666667,1.65336743789157
RHF_MPM_P44,480,0.024,24.0,0,255,5.476319444444444,30.588008186000675,78859,309.25098039215686,17,239,255,0.856607398292188,109,109,258,0.017916666666666668,21,20,0.6142857142857143,70.59302325581395,60.848837209302324,0.07340277777777778,0.0077777777777777776,0.023680555555555555,0.01638888888888889,0.012013888888888888,1,73.28766532672238,62.85424618623112,11.863983970885085,4.2570216689548595,0.9334071981471865,-138.79012079161376,-1.2125690991264237,1.2125690991264237,0.019072014608351614,24,-0.7677083333333341,-11055,8.703612352676785,192.1818181818182,67.60422012354256,4.155890151515151,1.7013565616950954
RHF_MPM_P44,481,0.02405,24.05,0,255,5.911944444444444,32.41560660815545,85132,333.8509803921569,17,250,255,0.8921962108366192,110,110,294,0.020416666666666666,24,22,0.5568181818181818,71.31632653061224,61.46938775510204,0.07791666666666666,0.008819444444444444,0.026180555555555554,0.018819444444444444,0.014166666666666666,1,73.02948362542874,62.665519428651976,10.963859425560845,4.367222440019145,0.9172426397393808,-138.13792673397813,-1.3796228313296957,1.3796228313296957,0.031633228398252125,36,0.43562499999999993,6273,0.319805534519362,200.72727272727272,73.71701531605467,4.357222222222222,1.7650209663965992
RHF_MPM_P44,482,0.0241,24.1,0,255,6.317430555555555,33.254600793777556,90971,356.74901960784314,18,252,255,0.9698011468607454,107,107,319,0.022152777777777778,25,24,0.5316666666666666,71.89655172413794,61.88401253918495,0.08520833333333333,0.009097222222222222,0.028402777777777777,0.01986111111111111,0.014930555555555556,1,73.55511096942982,63.069615591782,11.193399818538138,4.410733757834425,0.9190899785710518,-138.38707518848796,-1.1896458898656115,1.1896458898656115,0.020621956447659143,25,0.4054861111111112,5839,0.6630066468882753,212.1818181818182,81.05084619805945,4.598200757575757,1.833899513090858
RHF_MPM_P44,483,0.02415,24.15,0,255,6.536180555555555,33.65037265553368,94121,369.10196078431375,20,253,255,1.005691127268494,107,107,327,0.022708333333333334,26,25,0.5030769230769231,71.96941896024465,62.13149847094801,0.08895833333333333,0.009375,0.029097222222222222,0.02020833333333333,0.015069444444444444,1,73.7777222936433,63.455095037239296,11.651462608618072,4.482821177319982,0.9230236502490479,-137.96835710820343,-1.2055537163595644,1.2055537163595644,0.015458824279385048,8,0.21875,3150,0.44514065702667943,224.9090909090909,86.87970214398815,4.860195707070707,1.8854636087637573
RHF_MPM_P44,484,0.0242,24.2,0,255,6.629166666666666,33.910349278567516,95460,374.3529411764706,23,254,255,1.0166102093410907,108,108,320,0.022222222222222223,25,23,0.5565217391304348,71.63125,61.75625,0.08972222222222222,0.00951388888888889,0.028541666666666667,0.02034722222222222,0.015625,1,73.94711921223549,63.56146029750681,11.94956749501539,4.455858837433843,0.9278760736944734,-137.7974087652955,-1.1718815645416456,1.1718815645416456,0.01478106012989734,-7,0.09298611111111121,1339,0.2000222103175256,236.54545454545453,90.20115261948872,5.124128787878788,1.9112364784836777
RHF_MPM_P44,485,0.02425,24.25,0,255,6.666597222222222,33.745913675732545,95999,376.46666666666664,24,254,255,1.0603302069309821,109,109,317,0.02201388888888889,25,23,0.551304347826087,71.53943217665615,61.63722397476341,0.09451388888888888,0.009375,0.028333333333333332,0.020069444444444445,0.015416666666666667,1,74.26094021812727,63.826498192689506,12.433130241839383,4.497590282894293,0.9322780922540642,-138.01890560698993,-1.1291372955954662,1.1291372955954662,0.017573099719788748,-3,0.037430555555555856,539,0.41076600348836373,247.45454545454547,91.99739486070801,5.381540404040404,1.910966922841081
RHF_MPM_P44,486,0.0243,24.3,0,255,6.556875,33.33343689502142,94419,370.2705882352941,24,253,255,1.0521172017629898,109,109,310,0.021527777777777778,25,23,0.5391304347826087,71.56451612903226,61.461290322580645,0.09354166666666666,0.009166666666666667,0.027916666666666666,0.019791666666666666,0.015,1,74.50746142195956,63.94370836378271,12.776363759720558,4.347803129838922,0.9403167346613484,-138.18869059472652,-1.1366041348006897,1.1366041348006897,0.021266906025270337,-7,-0.1097222222222225,-1580,0.2729668993607443,274.72727272727275,54.309033082721754,5.975883838383839,0.8999833139328135
RHF_MPM_P44,487,0.02435,24.35,0,255,6.068680555555556,31.710753384357027,87389,342.7019607843137,22,247,255,1.0285084405308307,108,108,276,0.019166666666666665,23,21,0.5714285714285714,70.73550724637681,60.81521739130435,0.0913888888888889,0.008125,0.025902777777777778,0.017430555555555557,0.013333333333333334,1,74.32642552266303,63.819645493139866,13.261131269168846,4.300846412401364,0.9459475237237923,-138.1933550025911,-1.297254318000658,1.297254318000658,0.02360709013720262,-34,-0.48819444444444393,-7030,0.21946660954743757,287.0,34.25306887379184,6.219299242424242,0.3796492579679362
RHF_MPM_P44,488,0.0244,24.4,0,255,5.6402777777777775,30.481971719736887,81220,318.5098039215686,19,237,255,1.0160984508250983,109,109,254,0.017638888888888888,22,20,0.5772727272727273,70.23622047244095,60.25984251968504,0.0913888888888889,0.0077777777777777776,0.02347222222222222,0.01611111111111111,0.012430555555555556,1,73.99432405811376,63.415279487810885,13.55265178933589,4.434341438141354,0.9449573130629061,-138.1875910440395,-1.5157530422701566,1.5157530422701566,0.02716079783304605,-22,-0.42840277777777835,-6169,0.5232621226703559,289.6363636363636,30.263307297700315,6.217171717171717,0.3828093628515139
RHF_MPM_P44,489,0.02445,24.45,0,255,5.235069444444444,29.352720025780304,75385,295.62745098039215,18,223,255,0.9796143743269383,110,110,235,0.016319444444444445,19,18,0.6871345029239766,69.75744680851064,59.808510638297875,0.08805555555555555,0.007083333333333333,0.021527777777777778,0.014930555555555556,0.011597222222222222,1,73.46358028785568,62.994309212708096,13.41418495917904,4.259143738598486,0.9482547768994884,-138.56485909614835,-1.683247357823707,1.683247357823707,0.028254957882867946,-19,-0.4052083333333334,-5835,0.6774252151993487,285.8181818181818,34.03158474609401,6.116597222222222,0.47192069250163576
RHF_MPM_P44,490,0.0245,24.5,0,255,4.9275,28.637092678610607,70956,278.25882352941176,16,218,255,0.9387420308084188,111,111,219,0.015208333333333334,18,17,0.7156862745098039,69.44292237442923,59.6986301369863,0.08451388888888889,0.006666666666666667,0.020069444444444445,0.014444444444444444,0.010833333333333334,1,73.02782005750042,62.646034162015894,13.169382437807448,4.215997363619076,0.947371495023479,-138.51429061723564,-1.8309929821115996,1.8309929821115996,0.030751451603810813,-16,-0.3075694444444439,-4429,0.5578373322877576,284.45454545454544,36.30518028742564,5.996912878787878,0.5791801756742382
RHF_MPM_P44,491,0.02455,24.55,0,255,4.642569444444445,27.955134323852246,66853,262.1686274509804,14,204,255,0.8723797190741417,109,109,212,0.014722222222222222,18,16,0.7361111111111112,69.24056603773585,59.509433962264154,0.07791666666666666,0.006319444444444444,0.019583333333333335,0.013680555555555555,0.010208333333333333,1,72.34333537761955,62.165647016588636,12.38968546381659,4.108735319401785,0.943411121802076,-138.64974573481808,-1.9736738908319813,1.9736738908319813,0.03148699385218315,-7,-0.28493055555555546,-4103,0.8362362623585294,280.27272727272725,41.40287848818531,5.921117424242424,0.6868889409289115
RHF_MPM_P44,492,0.0246,24.6,0,255,4.478472222222222,27.587206835764082,64490,252.90196078431373,13,200,255,0.8457713111706268,110,110,204,0.014166666666666666,17,16,0.75,69.00980392156863,59.46078431372549,0.07555555555555556,0.00625,0.01888888888888889,0.013472222222222222,0.010069444444444445,1,71.9164986819662,61.81251356799504,11.9567170844868,4.321851778027134,0.9323883685736087,-138.22343136008573,-1.9722109635608005,1.9722109635608005,0.031679330128702124,-8,-0.16409722222222278,-2363,0.553979058513836,272.09090909090907,46.464951689818754,5.790801767676768,0.8025141035532632
RHF_MPM_P44,493,0.02465,24.65,0,255,4.358888888888889,27.436741969055713,62768,246.14901960784314,12,194,255,0.7908710867747002,109,109,209,0.014513888888888889,18,17,0.6830065359477124,69.1866028708134,59.6267942583732,0.06965277777777777,0.006111111111111111,0.018819444444444444,0.013402777777777777,0.00986111111111111,1,71.39281162375732,61.40396380321183,10.753957773872777,4.123516896884939,0.9235650426930245,-138.52958097080983,-2.007158261361472,2.007158261361472,0.03036579148610757,5,-0.11958333333333293,-1722,0.6641995522731744,262.09090909090907,47.125469943071884,5.612752525252525,0.879495594212463
RHF_MPM_P44,494,0.0247,24.7,0,255,4.284722222222222,27.20138966896433,61700,241.9607843137255,11,190,255,0.7780372095874127,110,110,203,0.014097222222222223,18,17,0.6633986928104575,69.07389162561576,59.423645320197046,0.06805555555555555,0.005763888888888889,0.018680555555555554,0.013194444444444444,0.009652777777777777,1,71.23567260940032,61.247957860615884,10.316643540237804,4.129926385720183,0.9163767831270969,-138.46321779155176,-1.7152890380459915,1.7152890380459915,0.02940032414910859,-6,-0.07416666666666671,-1068,0.22142837207173613,250.8181818181818,45.034972636058946,5.408074494949495,0.9024591959686339
RHF_MPM_P44,495,0.02475,24.75,0,255,4.288819444444444,27.411445551400597,61759,242.1921568627451,10,198,255,0.7353105466975183,106,106,211,0.014652777777777778,18,18,0.6512345679012346,69.23222748815166,59.60189573459716,0.06326388888888888,0.005902777777777778,0.01902777777777778,0.013333333333333334,0.009930555555555555,1,70.98121731245648,61.063262034683206,9.356993900453002,4.032526234675113,0.9023691866634944,-138.85561389386817,-1.6442373476417838,1.6442373476417838,0.025890963260415487,8,0.0040972222222217525,59,0.3144201747021569,240.9090909090909,40.48446289056075,5.195315656565657,0.8645805511717621
RHF_MPM_P44,496,0.0248,24.8,0,255,4.2325,27.167029125905135,60948,239.01176470588234,8,192,255,0.7168455114062977,105,105,210,0.014583333333333334,18,18,0.6481481481481481,69.22380952380952,59.56666666666667,0.06104166666666667,0.005694444444444445,0.018819444444444444,0.013055555555555556,0.009444444444444445,1,70.89253133818993,60.96083546629914,9.247767781242633,4.182348815467245,0.8918887006442593,-138.0094506991252,-1.2196171504595525,1.2196171504595525,0.023823587320338648,-1,-0.056319444444444144,-811,0.1354858071627578,231.1818181818182,33.2396755859297,4.9740340909090905,0.7655193437911426
RHF_MPM_P44,497,0.02485,24.85,0,255,4.262361111111111,27.30445730772906,61378,240.69803921568626,8,195,255,0.7152733319491149,107,107,212,0.014722222222222222,19,18,0.6198830409356725,69.18867924528301,59.613207547169814,0.06097222222222222,0.005763888888888889,0.018819444444444444,0.013055555555555556,0.009722222222222222,1,70.81796409136824,60.93696438463293,9.114135760635303,4.075005922014301,0.8944798213445918,-138.0574993336921,-1.2020583979739294,1.2020583979739294,0.02349375997914562,2,0.029861111111110894,430,0.07829497326445105,222.27272727272728,22.23057235222337,4.765441919191919,0.6006582733261667
RHF_MPM_P44,498,0.0249,24.9,0,255,4.253333333333333,27.36593310019676,61248,240.18823529411765,8,200,255,0.7254412650743168,110,110,205,0.01423611111111111,18,17,0.6699346405228758,69.0390243902439,59.395121951219515,0.06215277777777778,0.005902777777777778,0.018472222222222223,0.013194444444444444,0.010069444444444445,1,70.74395898641588,60.830835292580986,9.036726755708566,4.141356990098857,0.8888075427245404,-138.24274115849934,-1.3837414943837614,1.3837414943837614,0.02478448275862069,-7,-0.009027777777777857,-130,0.12938369193519036,215.8181818181818,14.739052527943837,4.600410353535353,0.4505480138445938
RHF_MPM_P44,499,0.02495,24.95,0,255,4.286597222222222,27.548739905221577,61727,242.06666666666666,8,203,255,0.7198410031978164,108,108,215,0.014930555555555556,19,18,0.6286549707602339,69.21860465116279,59.609302325581396,0.06152777777777778,0.0059722222222222225,0.01902777777777778,0.013125,0.010208333333333333,1,70.76068819155313,60.80648662659776,8.794228921827942,4.210768742636184,0.8779183043659412,-138.9652479014751,-1.2206533514856446,1.2206533514856446,0.024462552853694492,10,0.033263888888889426,479,0.02954189973050102,212.27272727272728,8.496961051307581,4.477348484848485,0.3138466045675852
RHF_MPM_P44,500,0.025,25.0,0,255,4.253472222222222,27.49282333929884,61250,240.19607843137254,6,202,255,0.7014385314857893,107,107,214,0.014861111111111111,19,18,0.6257309941520468,69.21495327102804,59.57943925233645,0.059722222222222225,0.005902777777777778,0.019166666666666665,0.01326388888888889,0.010138888888888888,1,70.6729306122449,60.69580408163265,8.552902613625434,4.180995437797732,0.8723738191521918,-139.10757024231324,-1.1819126461729748,1.1819126461729748,0.020457142857142858,-1,-0.03312500000000007,-477,0.14125161410049006,210.36363636363637,4.676298599858795,4.388112373737373,0.2071192482062021
RHF_MPM_P44,501,0.02505,25.05,0,255,4.211944444444445,27.247881091874163,60652,237.85098039215686,5,194,255,0.6928663147502634,106,106,215,0.014930555555555556,19,19,0.5955678670360111,69.11162790697675,59.730232558139534,0.05875,0.005625,0.018819444444444444,0.013055555555555556,0.009722222222222222,1,70.55412847061928,60.806733496010025,8.694621011716665,4.071503779231688,0.88358094106936,-138.19227172522534,-0.8744301057192695,0.8744301057192695,0.01937281540592231,1,-0.04152777777777761,-598,0.16254009914153936,210.0,4.112066501054051,4.323061868686867,0.12263437543367008
RHF_MPM_P44,502,0.0251,25.1,0,255,4.339652777777777,27.77881106750037,62491,245.06274509803922,6,205,255,0.7093478947707014,107,107,220,0.015277777777777777,19,19,0.6094182825484764,69.27272727272727,59.904545454545456,0.06013888888888889,0.005833333333333334,0.019166666666666665,0.01375,0.010208333333333333,1,70.73625002000288,60.997039573698615,8.624210878647188,4.18852772642596,0.874141771626237,-137.52883497836297,-1.2008139850797563,1.2008139850797563,0.019778848154134197,5,0.12770833333333265,1839,0.2634096846266322,210.72727272727272,5.010732283462062,4.29552398989899,0.07089016810054212
RHF_MPM_P44,503,0.02515,25.15,0,255,4.251736111111111,27.423864881549314,61225,240.09803921568627,8,197,255,0.7156576753215365,109,109,209,0.014513888888888889,19,18,0.6111111111111112,69.10526315789474,59.73684210526316,0.06104166666666667,0.005833333333333334,0.01861111111111111,0.01326388888888889,0.009930555555555555,1,70.67178440179666,61.0317517354022,8.831861183929844,4.102606593431499,0.8855608211408694,-137.86807468240954,-1.1638183122130343,1.1638183122130343,0.02430379746835443,-11,-0.08791666666666664,-1266,0.07321714349008145,211.1818181818182,4.588883441499623,4.274911616161616,0.04161875497583016
RHF_MPM_P44,504,0.0252,25.2,0,255,4.255069444444445,27.585025287899704,61273,240.28627450980392,7,204,255,0.7152553745757253,108,108,213,0.014791666666666667,19,18,0.6228070175438597,69.15492957746478,59.74178403755869,0.06145833333333333,0.005902777777777778,0.01875,0.013541666666666667,0.010069444444444445,1,70.55600345992525,60.880599937982474,8.658161746988327,4.172730348361564,0.8762032121490615,-137.94047024050352,-1.2324663764065689,1.2324663764065689,0.024725409234083527,4,0.0033333333333338544,48,0.19039982238396344,211.54545454545453,4.559976801448892,4.265473484848485,0.03221376938422449
RHF_MPM_P44,505,0.02525,25.25,0,255,4.140138888888889,27.264528746312262,59618,233.79607843137254,5,197,255,0.7012945151759467,109,109,208,0.014444444444444444,19,18,0.6081871345029239,69.03846153846153,59.50961538461539,0.060208333333333336,0.005763888888888889,0.018125,0.013055555555555556,0.01,1,70.40771243584152,60.63096715756986,8.508888993442401,4.193302976418673,0.8701344566564112,-138.2861838521966,-1.2871977119132034,1.2871977119132034,0.02329833271830655,-5,-0.11493055555555554,-1655,0.2903562516639397,212.0,3.884701930767545,4.252329545454545,0.047532619230955406
RHF_MPM_P44,506,0.0253,25.3,0,255,4.069375,27.051563025255582,58599,229.8,5,195,255,0.6949300328791554,108,108,204,0.014166666666666666,18,18,0.6296296296296297,68.7843137254902,59.3578431372549,0.05951388888888889,0.005694444444444445,0.017986111111111112,0.012916666666666667,0.00986111111111111,1,70.13174286250619,60.379375074659976,8.274895610179888,4.318498972667441,0.8530191751516877,-137.95546672718464,-0.8710502580937665,0.8710502580937665,0.022799023874127546,-4,-0.07076388888888907,-1019,0.3734404659243832,211.36363636363637,4.518099505377883,4.232380050505051,0.06916113986293962
RHF_MPM_P44,507,0.02535,25.35,0,255,3.990625,26.881033863187252,57465,225.35294117647058,4,195,255,0.6688278799592973,109,109,201,0.013958333333333333,18,18,0.6203703703703703,68.57711442786069,59.343283582089555,0.05701388888888889,0.005625,0.017361111111111112,0.012569444444444444,0.00986111111111111,1,69.9038719220395,60.22493691812407,7.828177876684781,4.383124692863024,0.8285491500330672,-137.3806371224399,-1.3081514775361247,1.3081514775361247,0.02300530757852606,-3,-0.07874999999999988,-1134,0.27527497108051896,210.54545454545453,5.416534221733175,4.210391414141415,0.09804585410312111
RHF_MPM_P44,508,0.0254,25.4,0,255,3.9741666666666666,26.966260284844832,57228,224.42352941176472,3,194,255,0.6602005881324774,110,110,200,0.013888888888888888,18,18,0.6172839506172839,68.63,59.25,0.05625,0.005694444444444445,0.017291666666666667,0.012708333333333334,0.00986111111111111,1,69.65280981337807,59.973020199902145,7.643369844778015,4.418286000567636,0.8159980042507782,-138.20037008623078,-0.811760915221189,0.811760915221189,0.020776542951003004,-1,-0.016458333333333464,-237,0.355660252664294,209.45454545454547,6.169774363984419,4.184191919191919,0.11727730060130098
RHF_MPM_P44,509,0.02545,25.45,0,255,3.9636805555555554,26.92345632236693,57077,223.83137254901962,2,194,255,0.638511305149306,105,105,205,0.01423611111111111,18,18,0.6327160493827161,68.7609756097561,59.26829268292683,0.05361111111111111,0.005416666666666667,0.017638888888888888,0.012916666666666667,0.009583333333333333,1,69.75636420975174,59.91402841775146,7.420624634393228,4.196689910547313,0.8247181080824223,-138.09238739049295,-0.89552538268239,0.89552538268239,0.018518842966518914,5,-0.010486111111111196,-151,0.1191786195994415,209.45454545454547,6.169774363984419,4.157859848484849,0.13056213655433369
RHF_MPM_P44,510,0.0255,25.5,0,255,3.8693055555555556,26.549126415131546,55718,218.50196078431372,1,185,255,0.6103790996865068,107,107,203,0.014097222222222223,18,17,0.6633986928104575,68.76847290640394,59.13300492610838,0.050694444444444445,0.005277777777777778,0.017291666666666667,0.012291666666666666,0.009444444444444445,1,69.60924656304964,59.72577981980688,7.112797221431002,4.201554258083377,0.8068886959679742,-137.77510753737403,-0.9525454689289473,0.9525454689289473,0.015865608959402706,-2,-0.09437499999999988,-1359,0.23891658920900308,208.36363636363637,6.153679273007436,4.119924242424243,0.1472077205269185
RHF_MPM_P44,511,0.02555,25.55,0,255,3.776875,26.115467558325097,54387,213.28235294117647,1,179,255,0.6159185673583466,107,107,196,0.01361111111111111,17,17,0.6782006920415224,68.51020408163265,58.857142857142854,0.05138888888888889,0.005069444444444444,0.017013888888888887,0.012152777777777778,0.008958333333333334,1,69.46604887197309,59.51462665710556,7.066055179600047,4.532664029835789,0.7671479297347342,-137.62987938888122,-0.5330863638426171,0.5330863638426171,0.01711806130141394,-7,-0.09243055555555557,-1331,0.25512984311606207,206.72727272727272,6.796936597279543,4.076597222222222,0.16991158801359574
RHF_MPM_P44,512,0.0256,25.6,0,255,3.6177083333333333,25.497598585693375,52095,204.2941176470588,0,166,255,0.5931724696075401,105,105,190,0.013194444444444444,17,16,0.6985294117647058,68.26842105263158,58.6578947368421,0.04909722222222222,0.004652777777777777,0.01625,0.011527777777777777,0.00875,1,69.26261637393223,59.3499760053748,6.852327057494972,4.350739084921366,0.772570741533215,-138.8487909594299,-0.8582227558724234,0.8582227558724234,0.016585084940973223,-6,-0.15916666666666668,-2292,0.26171476529708093,204.45454545454547,7.7619542567769315,4.0225757575757575,0.20839823369271687
RHF_MPM_P44,513,0.02565,25.65,0,255,3.462083333333333,24.86943306984053,49854,195.50588235294117,0,152,255,0.5687933236276805,105,105,180,0.0125,17,15,0.7058823529411765,68.0111111111111,58.47222222222222,0.04680555555555556,0.0044444444444444444,0.015625,0.011111111111111112,0.008125,1,69.01053074978938,59.14662815421029,6.561210305858767,4.250370323711599,0.7618080787587906,-138.82919673809715,-1.3473204947765047,1.3473204947765047,0.017069843944317407,-10,-0.15562500000000012,-2241,0.32387885153667195,200.8181818181818,8.91187340592907,3.9427967171717166,0.2376648393691418
RHF_MPM_P44,514,0.0257,25.7,0,255,3.3702083333333333,24.5919665905338,48531,190.31764705882352,0,149,255,0.552002400341678,105,105,177,0.012291666666666666,16,15,0.7375,67.87570621468926,58.378531073446325,0.045208333333333336,0.0043055555555555555,0.015347222222222222,0.010763888888888889,0.00798611111111111,1,68.7690960417053,58.99208753168078,6.418038432459514,4.333357467102078,0.737649265311823,-138.21342919458579,-0.9501946185053631,0.9501946185053631,0.015577672003461706,-3,-0.09187499999999993,-1323,0.28665924418978006,197.9090909090909,10.79102780052649,3.8626578282828277,0.2668161754227004
RHF_MPM_P44,515,0.02575,25.75,0,255,3.34125,24.492664856459236,48114,188.68235294117648,0,148,255,0.5451366132949748,106,106,174,0.012083333333333333,16,15,0.725,67.79310344827586,58.4367816091954,0.044375,0.0042361111111111115,0.015277777777777777,0.010625,0.007916666666666667,1,68.64941597040362,58.93336658768757,6.418932471987309,4.331251955621595,0.7380353597735786,-138.20345934731105,-0.20031252076682768,0.20031252076682768,0.01390447686743983,-3,-0.028958333333333197,-417,0.13330967230560195,194.36363636363637,11.624994445924203,3.7795833333333335,0.2738718585916618
RHF_MPM_P44,516,0.0258,25.8,0,255,3.3208333333333333,24.404962709684913,47820,187.52941176470588,0,140,255,0.5438980786801518,107,107,171,0.011875,16,15,0.7125,67.67251461988305,58.39181286549707,0.04423611111111111,0.0043055555555555555,0.015,0.010694444444444444,0.007638888888888889,1,68.62607695524885,59.0064617314931,6.305792500631026,4.36665033758427,0.7214347668840058,-136.96881129929304,-0.8333089845814197,0.8333089845814197,0.015077373483897951,-3,-0.02041666666666675,-294,0.07673076095247006,191.0,12.511812600317132,3.7051010101010102,0.2770774779824164
RHF_MPM_P44,517,0.02585,25.85,0,255,3.3310416666666667,24.44533715531763,47967,188.10588235294117,0,138,255,0.5523807313220042,105,105,173,0.012013888888888888,15,15,0.7688888888888888,67.52023121387283,58.10982658959538,0.045208333333333336,0.0044444444444444444,0.01513888888888889,0.010625,0.007847222222222222,1,68.51003815122897,58.72362249046219,6.205398855762325,4.398608653455354,0.7053735580085239,45.12681492017347,1.3213677173558815,1.3213677173558815,0.017366105864448474,2,0.010208333333333375,147,0.3057172554915787,188.1818181818182,12.755164243396989,3.6379797979797974,0.27004347146117635
RHF_MPM_P44,518,0.0259,25.9,0,255,3.3781944444444445,24.880353071493808,48646,190.7686274509804,0,147,255,0.5352562763779463,104,104,177,0.012291666666666666,15,15,0.7866666666666666,67.35593220338983,57.86440677966102,0.043958333333333335,0.004791666666666666,0.01513888888888889,0.01125,0.008333333333333333,1,68.139086461374,58.50071948361633,5.885058557440579,4.040789805024474,0.7270179498585162,-140.9966437337888,-1.3886943087502392,1.3886943087502392,0.017123710068659294,4,0.04715277777777782,679,0.4327711943593037,186.0,12.424316333852595,3.5823042929292925,0.2542709099619283
RHF_MPM_P44,519,0.02595,25.95,0,12,0.021388888888888888,0.3683118604433068,308,25.666666666666668,0,0,7,0.06212941426982352,3,8,12,0.0008333333333333334,89,107,0.001260107109104274,92.08333333333333,67.0,0.005069444444444444,0.0,0.0,0.0,0.0,0,86.45779220779221,59.746753246753244,34.02983581294251,25.80342412918797,0.6519536165865331,102.49728416268768,-0.30936028495645485,0.30936028495645485,0.0,-165,-3.356805555555556,-48338,18.36103429447079,168.9090909090909,50.95890420088889,3.2229608585858585,1.0364865611153344
RHF_MPM_P44,520,0.026,26.0,0,255,3.4166666666666665,23.044485963747018,49200,192.94117647058823,6,107,255,0.7110414341306793,107,107,145,0.010069444444444445,13,15,0.7435897435897436,64.67586206896551,54.59310344827586,0.06,0.0034027777777777776,0.014930555555555556,0.009166666666666667,0.006527777777777778,1,63.68040650406504,52.16884146341464,8.092267800728857,5.296081302538949,0.7560949451430369,58.597309388216026,-0.7560345476895337,0.7560345476895337,0.015284552845528456,133,3.395277777777778,48892,24.00487547337867,163.45454545454547,50.00611532850691,3.1732323232323236,1.0126025145046476
RHF_MPM_P44,521,0.02605,26.05,0,255,5.837777777777778,28.344381484315285,84064,329.66274509803924,26,189,255,1.2745631316910486,103,103,237,0.016458333333333332,22,25,0.4309090909090909,61.43037974683544,51.151898734177216,0.11902777777777777,0.005902777777777778,0.023541666666666666,0.01375,0.009583333333333333,1,57.376023030072325,44.39624571754853,16.139465438404407,5.348444781100423,0.9434941378858094,57.66146019077245,-1.021796745003024,1.021796745003024,0.03496145793681005,92,2.4211111111111117,34864,10.007921643168892,166.54545454545453,53.297388024629626,3.352184343434344,1.2628260093894814
RHF_MPM_P44,522,0.0261,26.1,0,255,6.863958333333334,31.311244978591557,98841,387.61176470588236,34,244,255,1.304149836776196,113,113,234,0.01625,19,19,0.6481994459833795,61.74786324786325,52.004273504273506,0.11958333333333333,0.008125,0.03152777777777778,0.01513888888888889,0.012222222222222223,1,54.34629354215356,42.79945569146407,18.870930171535925,4.90572295003232,0.9656188731209452,50.462839300580434,-0.8897921332701052,0.8897921332701052,0.01750285812567659,-3,1.0261805555555554,14777,3.424762642485946,170.0,56.244595699982995,3.6328282828282834,1.6188617775896812
RHF_MPM_P44,523,0.02615,26.15,0,255,6.113194444444445,30.596374936256247,88030,345.2156862745098,29,240,255,1.1283260343741799,110,110,241,0.01673611111111111,19,18,0.7046783625730995,61.84647302904564,52.33609958506224,0.10194444444444445,0.008125,0.02361111111111111,0.015486111111111112,0.012291666666666666,1,55.76631830057935,44.70938316483017,19.42914755466719,4.557877706958244,0.9720944795756586,50.22249275989751,-1.3377271671232718,1.3377271671232718,0.01184823355674202,7,-0.7507638888888888,-10811,2.3799775772180816,174.63636363636363,59.69813873643836,3.8596906565656566,1.7687618623918695
RHF_MPM_P44,524,0.0262,26.2,0,255,6.203611111111111,33.1083018837654,89332,350.321568627451,20,253,255,0.9574252735550197,112,112,295,0.02048611111111111,23,21,0.6107660455486542,60.58983050847458,51.21694915254237,0.08486111111111111,0.009722222222222222,0.025625,0.019444444444444445,0.015208333333333334,1,58.58433707965791,48.60406125464559,13.752706917072357,4.633717377004136,0.9415292354416646,46.993983889283946,-2.1192451999731587,2.1192451999731587,0.048056687413244974,54,0.09041666666666615,1302,4.807259849698964,185.0909090909091,69.05788684529226,4.108920454545454,1.8845376786292978
RHF_MPM_P44,525,0.02625,26.25,0,255,6.548333333333333,34.60040377895419,94296,369.78823529411767,17,254,255,0.8773706960693128,108,108,345,0.023958333333333335,26,24,0.5528846153846154,59.666666666666664,50.530434782608694,0.07548611111111111,0.01,0.030555555555555555,0.021597222222222223,0.01611111111111111,1,59.44683761771443,49.93715534062951,9.374093837335938,4.725984787682109,0.8636139021416616,-137.69163291624423,0.7660617104703699,0.7660617104703699,0.005843301942818359,50,0.34472222222222193,4964,1.587780532766756,200.36363636363637,82.7913837494005,4.397840909090909,1.989817697439476
RHF_MPM_P44,526,0.0263,26.3,0,255,6.961458333333334,35.46716165985936,100245,393.11764705882354,21,255,255,0.9487925006362157,109,109,351,0.024375,26,22,0.6136363636363636,59.72364672364672,50.6951566951567,0.08270833333333333,0.010625,0.03208333333333333,0.022916666666666665,0.016875,1,58.93997705621228,49.66266646715547,9.870061487328183,4.793631114973583,0.8741400784296992,-138.17766497291234,0.7117076180806332,0.7117076180806332,0.006713551798094668,6,0.41312500000000085,5949,0.5764128472434703,216.45454545454547,92.71006970547151,4.726950757575757,2.0849552620470737
RHF_MPM_P44,527,0.02635,26.35,0,255,7.295486111111111,35.975139667126406,105055,411.98039215686276,25,255,255,1.0482051415714313,109,109,365,0.025347222222222222,26,23,0.6103678929765887,59.56712328767123,50.59178082191781,0.09326388888888888,0.01138888888888889,0.03298611111111111,0.023541666666666666,0.017152777777777777,1,58.43488648803008,49.244976440911906,10.527137466923744,4.918252347108185,0.8841529802061242,-137.02209168297776,0.8433237970060175,0.8433237970060175,0.010623006996335253,14,0.33402777777777715,4810,0.6554246257884752,234.0909090909091,100.5100217033601,5.088282828282828,2.153252529740709
RHF_MPM_P44,528,0.0264,26.4,0,255,7.075833333333334,34.928581091755404,101892,399.5764705882353,27,255,255,1.0434736832132923,107,107,351,0.024375,26,23,0.5869565217391305,59.75498575498575,50.598290598290596,0.09173611111111112,0.010069444444444445,0.032916666666666664,0.02201388888888889,0.015902777777777776,1,58.09268637380756,48.91346720056531,11.145413784716322,4.748827206885312,0.9046859408597505,-138.1255615386391,0.8657112358584722,0.8657112358584722,0.012159934047815334,-14,-0.21965277777777725,-3163,0.47644442971776385,250.27272727272728,103.65159377724001,5.428718434343434,2.1445292154396967
RHF_MPM_P44,529,0.02645,26.45,0,255,6.271041666666667,32.18504130239936,90303,354.1294117647059,23,245,255,0.9933051751396158,106,106,302,0.020972222222222222,26,22,0.527972027972028,60.40728476821192,51.4271523178808,0.08604166666666667,0.008194444444444445,0.028888888888888888,0.018541666666666668,0.013333333333333334,1,58.10858996932549,49.139807093895,11.817840935430688,4.498768378621797,0.9247084867286172,-139.12425201149387,1.0005302590285923,1.0005302590285923,0.014982890933856017,-49,-0.8047916666666666,-11589,0.22689793225786636,261.6363636363636,101.83165495273668,5.691704545454545,2.0523410638976918
RHF_MPM_P44,530,0.0265,26.5,0,255,5.610069444444444,30.171755486909344,80785,316.80392156862746,20,229,255,0.9984059103226073,108,108,255,0.017708333333333333,23,19,0.5835240274599542,61.831372549019605,52.36078431372549,0.08840277777777777,0.007013888888888889,0.02423611111111111,0.015902777777777776,0.011805555555555555,1,58.787250108312186,49.45727548431021,12.3064086669575,4.718395668027843,0.9235783946083314,-139.67193609488285,1.2970934708610768,1.2970934708610768,0.022726991396917744,-47,-0.660972222222223,-9518,0.749243460540204,283.72727272727275,64.9644530900496,6.199766414141414,1.0156919462407517
RHF_MPM_P44,531,0.02655,26.55,0,255,4.786736111111111,27.8181696051405,68929,270.30980392156863,16,196,255,0.9041082351611622,105,105,224,0.015555555555555555,22,18,0.5656565656565656,62.107142857142854,52.66517857142857,0.07972222222222222,0.005694444444444445,0.020069444444444445,0.013888888888888888,0.00986111111111111,1,59.07526585326931,49.805161833190674,12.66253186882751,4.429184501546634,0.93682938952733,-139.059147581433,1.636323544822527,1.636323544822527,0.03037908572589186,-31,-0.8233333333333333,-11856,0.4516392156141738,290.90909090909093,52.37878568736244,6.324318181818182,0.702482435107747
RHF_MPM_P44,532,0.0266,26.6,0,255,4.115486111111111,25.733369692597936,59263,232.40392156862745,14,166,255,0.8378124139150819,107,107,186,0.012916666666666667,18,16,0.6458333333333334,62.913978494623656,53.60215053763441,0.0745138888888889,0.005,0.017569444444444443,0.012013888888888888,0.00875,1,59.716669760221386,50.348514250037965,13.022911521254494,4.352280717652143,0.9425015354100708,-138.46335545450864,1.9906624239352824,1.9906624239352824,0.03533401954001654,-38,-0.6712499999999997,-9666,0.8406133598433843,286.27272727272725,58.80799405939006,6.167746212121212,0.9439208480472973
RHF_MPM_P44,533,0.02665,26.65,0,255,3.651666666666667,24.539886409680058,52584,206.21176470588236,10,140,255,0.7602842532850794,107,107,170,0.011805555555555555,16,16,0.6640625,63.40588235294118,54.01764705882353,0.06701388888888889,0.004166666666666667,0.015486111111111112,0.010972222222222222,0.007847222222222222,1,60.71770880876312,51.22223490034992,12.611489435984973,4.375765796363028,0.9378774804097352,-138.08031347373867,2.5272980314559987,2.5272980314559987,0.038338658146964855,-16,-0.46381944444444434,-6679,1.3287087534470758,280.45454545454544,66.37135696061507,5.875719696969697,1.1563548866010251
RHF_MPM_P44,534,0.0267,26.7,0,255,3.3515972222222223,23.9148705238206,48263,189.26666666666668,4,136,255,0.6659231948423814,107,107,162,0.01125,15,15,0.72,63.74074074074074,54.31481481481482,0.057152777777777775,0.004166666666666667,0.014722222222222222,0.010416666666666666,0.007430555555555556,1,61.72471665665209,52.20767461616559,11.485702578447437,4.191832316340219,0.9310228480658311,-137.69692169378297,3.094917455702508,3.094917455702508,0.03302737086380871,-8,-0.3000694444444445,-4321,1.4089557264927992,273.27272727272725,74.07869391776546,5.624665404040404,1.3594855990839592
RHF_MPM_P44,535,0.02675,26.75,0,255,3.2874305555555554,23.98164709865905,47339,185.64313725490197,1,137,255,0.6197201977804514,106,106,165,0.011458333333333333,15,15,0.7333333333333333,63.70909090909091,54.46666666666667,0.0525,0.004166666666666667,0.014444444444444444,0.010486111111111111,0.007361111111111111,1,62.37227233359386,52.894484463127654,10.25769919112388,4.25333268666017,0.9099819663020474,-137.98867024874897,3.4950113999446746,3.4950113999446746,0.0256025687065633,3,-0.06416666666666693,-924,0.943947096305491,261.45454545454544,79.81724994278964,5.35955808080808,1.4980168654037334
RHF_MPM_P44,536,0.0268,26.8,0,255,3.2525,24.047149735814155,46836,183.6705882352941,0,136,255,0.571523454258323,100,100,169,0.01173611111111111,17,14,0.7100840336134454,63.633136094674555,54.514792899408285,0.04736111111111111,0.004097222222222223,0.014791666666666667,0.010277777777777778,0.0077083333333333335,1,62.829468784695536,53.544687846955334,8.600532682765088,4.197863594711464,0.8727913797096686,-139.15119524965147,3.6272814950920322,3.6272814950920322,0.016418993936288324,4,-0.034930555555555465,-503,0.7948540968259081,245.45454545454547,79.10334280531517,5.059936868686869,1.5586592547318476
RHF_MPM_P44,537,0.02685,26.85,0,255,3.2263888888888888,24.142162824584823,46460,182.19607843137254,0,134,255,0.514481390387372,107,107,165,0.011458333333333333,15,14,0.7857142857142857,63.72121212121212,54.587878787878786,0.041527777777777775,0.004097222222222223,0.014930555555555556,0.010555555555555556,0.007569444444444445,1,63.429789065863105,54.06297890658631,6.297611385240768,4.318527983625207,0.7278459944755866,-141.33618181034598,2.0891005307706534,2.0891005307706534,0.008544984933275936,-4,-0.026111111111111196,-376,0.7931015461304489,228.54545454545453,74.47923888435884,4.720385101010101,1.513619090951673
RHF_MPM_P44,538,0.0269,26.9,0,255,3.3124305555555558,24.57603758255318,47699,187.05490196078432,0,142,255,0.5084283002113723,107,107,169,0.01173611111111111,15,14,0.8047619047619048,63.71597633136095,54.5207100591716,0.041180555555555554,0.004652777777777777,0.015208333333333334,0.011111111111111112,0.0077777777777777776,1,63.50309230801484,54.045619405018975,5.891938928733176,4.510554222475731,0.643380367402323,-141.58221355481487,1.1042725042515023,1.1042725042515023,0.009224512044277659,4,0.08604166666666702,1239,0.07533072151932838,210.72727272727272,62.123178091581465,4.358289141414141,1.3180706541883316
RHF_MPM_P44,539,0.02695,26.95,0,255,3.4081944444444443,24.873812971476024,49078,192.46274509803922,0,151,255,0.5192938282926307,108,108,173,0.012013888888888888,15,15,0.7688888888888888,63.64739884393064,54.358381502890175,0.041805555555555554,0.004652777777777777,0.015694444444444445,0.011319444444444444,0.008125,1,63.39704144423163,53.8970821956885,5.840596384378295,4.525061168525063,0.6322552910313718,-137.86147253223106,0.5165533381755472,0.5165533381755472,0.009352459350421777,4,0.09576388888888854,1379,0.18251051549116581,194.54545454545453,44.02347232673133,4.024867424242425,1.0182505400589652
RHF_MPM_P44,540,0.027,27.0,0,255,3.526388888888889,25.215377765339255,50780,199.13725490196077,0,158,255,0.5285324558574226,101,101,184,0.012777777777777779,17,15,0.7215686274509804,63.45108695652174,54.27173913043478,0.042430555555555555,0.004652777777777777,0.016180555555555556,0.01173611111111111,0.008194444444444445,1,63.140823158723904,53.80718786923986,6.087746690353866,4.44348531879968,0.6835470984103987,-140.91554670446067,0.6762610675958054,0.6762610675958054,0.008940527766837337,11,0.11819444444444471,1702,0.27153047666178043,183.8181818181818,27.98966751505466,3.7753535353535357,0.733827383732911
RHF_MPM_P44,541,0.02705,27.05,0,255,3.531388888888889,25.01774621840995,50852,199.41960784313724,0,150,255,0.548136232637086,106,106,181,0.012569444444444444,17,15,0.7098039215686275,63.51381215469613,54.30939226519337,0.04423611111111111,0.0045138888888888885,0.016041666666666666,0.011319444444444444,0.00798611111111111,1,63.01012742861638,53.76038307244553,6.45839640167692,4.278271845290631,0.749118845778574,-141.2271494487791,0.8794609468742834,0.8794609468742834,0.0103830724455282,-3,0.004999999999999893,72,0.13882385555551346,177.0909090909091,16.681260827944552,3.586382575757576,0.44965187975666476
RHF_MPM_P44,542,0.0271,27.1,0,255,3.5260416666666665,25.069977388821908,50775,199.11764705882354,0,152,255,0.5545499334798341,108,108,176,0.012222222222222223,16,15,0.7333333333333333,63.74431818181818,54.51704545454545,0.04479166666666667,0.004652777777777777,0.015902777777777776,0.01138888888888889,0.00798611111111111,1,63.17711472181192,53.755608074839984,6.312984177954742,4.470927842129851,0.7060003579142223,-137.844565585819,0.8666705295425116,0.8666705295425116,0.012525849335302807,-5,-0.005347222222222392,-77,0.16705554971597342,172.72727272727272,7.699951701039891,3.47177398989899,0.24165357448071234
RHF_MPM_P44,543,0.02715,27.15,0,255,3.5452083333333335,25.271325660737347,51051,200.2,0,157,255,0.5443951792628604,107,107,179,0.012430555555555556,17,15,0.7019607843137254,63.77653631284916,54.597765363128495,0.044097222222222225,0.004791666666666666,0.016180555555555556,0.011527777777777777,0.008194444444444445,1,63.3221484397955,53.9641143170555,6.203882834469175,4.392085625608222,0.7062549982446633,-140.40999842954446,1.028577623899219,1.028577623899219,0.012046776752659106,3,0.019166666666666998,276,0.25398746503513686,172.0909090909091,6.815150841451385,3.4199305555555557,0.1361226385295927
RHF_MPM_P44,544,0.0272,27.2,0,255,3.6294444444444443,25.74430184466333,52264,204.95686274509805,0,168,255,0.5423321929692944,108,108,187,0.012986111111111111,16,16,0.73046875,63.8235294117647,54.4331550802139,0.044097222222222225,0.005138888888888889,0.016458333333333332,0.011666666666666667,0.008680555555555556,1,63.44862620541864,53.980828103474664,6.014139948768922,4.4727183758259415,0.6685130460315495,-139.1720969285648,0.7360612946360829,0.7360612946360829,0.010714832389407623,8,0.08423611111111073,1213,0.1275773328357677,173.63636363636363,7.991731263940331,3.4179103535353534,0.13279261034651577
RHF_MPM_P44,545,0.02725,27.25,0,255,3.671666666666667,25.786166133973634,52872,207.34117647058824,0,165,255,0.5475823495078682,105,105,197,0.013680555555555555,17,16,0.7242647058823529,63.65989847715736,54.40609137055838,0.044305555555555556,0.004861111111111111,0.016805555555555556,0.01173611111111111,0.008819444444444444,1,63.3253707066122,53.86913678317446,6.13704874971443,4.645521270502891,0.6534572788374374,-139.1553797359132,0.7947828194059935,0.7947828194059935,0.009418974126191557,10,0.042222222222222605,608,0.16633360759758598,176.8181818181818,9.542423761271003,3.4470075757575755,0.1491351901363197
RHF_MPM_P44,546,0.0273,27.3,0,255,3.6416666666666666,25.60943700843282,52440,205.64705882352942,0,161,255,0.545098340366822,105,105,194,0.013472222222222222,17,16,0.7132352941176471,63.74742268041237,54.44845360824742,0.04402777777777778,0.005,0.016666666666666666,0.01173611111111111,0.008680555555555556,1,63.26266209000763,53.889282990083906,6.202747404432213,4.31304753622227,0.7186763857845047,-139.9609525738743,0.9113370004450806,0.9113370004450806,0.009344012204424103,-3,-0.03000000000000025,-432,0.0658653190176496,179.45454545454547,9.912009578501099,3.4792108585858585,0.14944568028972757
RHF_MPM_P44,547,0.02735,27.35,0,255,3.6855555555555557,25.755285589611876,53072,208.12549019607843,0,168,255,0.5552557680493231,107,107,191,0.01326388888888889,16,16,0.74609375,63.890052356020945,54.52356020942408,0.04486111111111111,0.005138888888888889,0.017013888888888887,0.01173611111111111,0.008888888888888889,1,63.299140789870364,53.85636493819717,6.078227103828598,4.4034934183995675,0.6893062923203037,-138.4316515131836,0.47978288995264173,0.47978288995264173,0.01175761230027133,-3,0.04388888888888909,632,0.04913546258755939,181.45454545454547,9.819865175556929,3.5185795454545454,0.1413588653467161
RHF_MPM_P44,548,0.0274,27.4,0,255,3.733125,25.92366384558362,53757,210.81176470588235,0,171,255,0.5551179810999591,105,105,200,0.013888888888888888,17,16,0.7352941176470589,63.7,54.325,0.04479166666666667,0.005,0.017152777777777777,0.012013888888888888,0.00875,1,63.242145208996035,53.71663225254385,6.154131840515724,4.647602401445475,0.6554940582742973,-135.46145867914663,0.7276383299217558,0.7276383299217558,0.010826497014342318,9,0.04756944444444411,685,0.15090964077582997,184.63636363636363,9.641508060772983,3.5646464646464646,0.11951272953610967
RHF_MPM_P44,549,0.02745,27.45,0,255,3.635,25.371125265195122,52344,205.27058823529413,0,159,255,0.5571548936018191,106,106,186,0.012916666666666667,16,16,0.7265625,63.833333333333336,54.365591397849464,0.04472222222222222,0.0042361111111111115,0.016944444444444446,0.011666666666666667,0.008472222222222223,1,63.260660247592845,53.70655662540119,6.225948094786447,4.318949521589634,0.7202626127177575,-135.6924792505303,0.49354742638062304,0.49354742638062304,0.010965917774721076,-14,-0.09812500000000002,-1413,0.02107901602445687,186.1818181818182,8.277221556429119,3.5939709595959597,0.08994634098707727
RHF_MPM_P44,550,0.0275,27.5,0,255,3.6831944444444447,25.697020381012884,53038,207.9921568627451,0,169,255,0.5664812714163423,104,104,196,0.01361111111111111,16,16,0.765625,63.954081632653065,54.44897959183673,0.04611111111111111,0.005,0.016944444444444446,0.011666666666666667,0.00875,1,63.4646102794223,53.73019344620838,6.210611726343462,4.614287368573647,0.6693266536200856,45.580499702457665,-0.7909528396599482,0.7909528396599482,0.013179229986047739,10,0.04819444444444487,694,0.20531515964757166,188.27272727272728,7.556946342043784,3.6189709595959596,0.0710740353391294
RHF_MPM_P44,551,0.02755,27.55,0,255,3.6277083333333335,25.554572791999423,52239,204.85882352941175,0,166,255,0.5615711738339377,106,106,191,0.01326388888888889,16,16,0.74609375,63.80628272251309,54.52356020942408,0.045625,0.004791666666666666,0.016458333333333332,0.011666666666666667,0.008611111111111111,1,63.44374892321829,53.87220276038975,6.112611495335231,4.775501952835266,0.6242133015666217,47.130321481734676,-1.0598446064336393,1.0598446064336393,0.012213097494209308,-5,-0.055486111111111125,-799,0.14353341595925498,188.9090909090909,7.464516612913579,3.628181818181818,0.06476416398392777
RHF_MPM_P44,552,0.0276,27.6,0,255,3.6425,25.72749770565425,52452,205.69411764705882,0,172,255,0.552700602714548,106,106,192,0.013333333333333334,16,15,0.8,63.979166666666664,54.78125,0.045,0.005069444444444444,0.01673611111111111,0.011944444444444445,0.00875,1,63.59681232364829,54.18407305727141,5.847363733878838,4.712030859964302,0.5921353738590402,-137.91903640530558,0.589206694744922,0.589206694744922,0.011019598871349044,1,0.014791666666666536,213,0.34740680279501185,189.9090909090909,7.064051701840878,3.6382828282828275,0.0570901766870247
RHF_MPM_P44,553,0.02765,27.65,0,255,3.721736111111111,26.036275437408186,53593,210.16862745098038,0,175,255,0.5361613924894052,104,104,202,0.014027777777777778,17,16,0.7426470588235294,63.63861386138614,54.51485148514851,0.043194444444444445,0.005,0.017430555555555557,0.012222222222222223,0.008958333333333334,1,63.37555277741496,54.12936390946579,5.945171231050134,4.505077125348255,0.6525208222522049,-140.63760751104792,0.819131488906023,0.819131488906023,0.008732483719888792,10,0.07923611111111084,1141,0.22792296429494635,192.27272727272728,6.32586191167811,3.656073232323232,0.04930153956148152
RHF_MPM_P44,554,0.0277,27.7,0,255,3.812152777777778,26.219141747522148,54895,215.27450980392157,0,174,255,0.557432704293884,104,104,204,0.014166666666666666,17,16,0.75,63.65196078431372,54.38725490196079,0.04493055555555556,0.004930555555555555,0.018194444444444444,0.012222222222222223,0.008958333333333334,1,63.29558247563531,53.87993442025685,6.132142040102731,4.62497118730144,0.6566242343009192,-137.12776041197208,0.8652746252399923,0.8652746252399923,0.008124601511977412,2,0.09041666666666703,1302,0.2619357158803651,194.54545454545453,5.598110661214783,3.680340909090909,0.054212324180030476
RHF_MPM_P44,555,0.02775,27.75,0,255,3.759513888888889,25.774093631813205,54137,212.30196078431374,0,166,255,0.5756748562088425,104,104,198,0.01375,17,16,0.7279411764705882,63.68181818181818,54.51010101010101,0.04645833333333333,0.004791666666666666,0.0175,0.011944444444444445,0.008472222222222223,1,63.161848643256924,53.820861887433736,6.36545371410388,4.538952721827765,0.7011026471937729,-135.5633848529299,0.7042583852658618,0.7042583852658618,0.010399541902949923,-6,-0.052638888888889124,-758,0.14619952823708912,195.54545454545453,5.12327374676559,3.692165404040404,0.05597778954896745
RHF_MPM_P44,556,0.0278,27.8,0,255,3.6913194444444444,25.504339111940233,53155,208.45098039215685,0,161,255,0.5792134616901947,105,105,191,0.01326388888888889,16,16,0.74609375,63.81675392670157,54.70157068062827,0.04701388888888889,0.0045138888888888885,0.017083333333333332,0.011666666666666667,0.008263888888888888,1,63.14630796726554,53.90809895588374,6.435061232365551,4.429321372046298,0.7254160240413029,-136.78583476597467,0.787800624969955,0.787800624969955,0.012115511240711127,-7,-0.06819444444444445,-982,0.08861048878106534,195.0,5.2570299253821675,3.6939520202020204,0.05560742886439439
RHF_MPM_P44,557,0.02785,27.85,0,255,3.712013888888889,25.66645660303274,53453,209.61960784313726,0,168,255,0.5777482820585977,105,105,193,0.013402777777777777,17,15,0.7568627450980392,63.689119170984455,54.84455958549223,0.04680555555555556,0.004652777777777777,0.017222222222222222,0.01173611111111111,0.00875,1,63.08867603315062,54.12205114773727,6.355427512556473,4.460799147511839,0.7122871959887634,-139.10107025922758,0.7760003848923767,0.7760003848923767,0.012122799468692122,2,0.02069444444444457,298,0.22157838393840742,194.9090909090909,5.282123289575981,3.7003472222222227,0.05322049827451921
RHF_MPM_P44,558,0.0279,27.9,0,255,3.679236111111111,25.639614249456212,52981,207.7686274509804,0,165,255,0.574853363060285,105,105,193,0.013402777777777777,17,15,0.7568627450980392,63.77720207253886,54.818652849740936,0.04673611111111111,0.004791666666666666,0.01673611111111111,0.01173611111111111,0.008680555555555556,1,63.22104150544535,54.204356278665934,6.200813769583435,4.519731700769079,0.6846272972626032,-142.40542262119158,1.0516340468946694,1.0516340468946694,0.013797399067590269,0,-0.03277777777777802,-472,0.15586774147652177,195.0909090909091,5.177829405781142,3.699772727272727,0.05341083557338605
RHF_MPM_P44,559,0.02795,27.95,0,255,3.7240277777777777,25.79307519900352,53626,210.2980392156863,0,167,255,0.5690056264848307,102,102,202,0.014027777777777778,17,16,0.7426470588235294,63.60891089108911,54.55940594059406,0.04597222222222222,0.004722222222222222,0.017638888888888888,0.012013888888888888,0.008680555555555556,1,63.20393092902697,54.03876850781337,6.2037393793243965,4.390806661792614,0.7064451940016165,-138.90111330918674,0.6956030716867797,0.6956030716867797,0.010330809681870735,9,0.044791666666666785,645,0.1664694617078144,195.27272727272728,5.378254348272378,3.6989457070707066,0.052956500773137315
RHF_MPM_P44,560,0.028,28.0,0,255,3.780486111111111,25.951810465367583,54439,213.48627450980393,0,171,255,0.5703211895797136,104,104,201,0.013958333333333333,17,16,0.7389705882352942,63.75124378109453,54.492537313432834,0.04618055555555556,0.004930555555555555,0.017777777777777778,0.012013888888888888,0.008680555555555556,1,63.278329873803706,53.94217380921766,6.22557255516066,4.42061353578352,0.7041276531124158,-137.95539404921252,0.5916691942585556,0.5916691942585556,0.009331545399437903,-1,0.0564583333333335,813,0.1219251359674841,196.63636363636363,4.715019083596342,3.712171717171717,0.05349926420791873
RHF_MPM_P44,561,0.02805,28.05,0,255,3.809861111111111,25.963328037031143,54862,215.1450980392157,0,168,255,0.582378301346548,102,102,202,0.014027777777777778,17,16,0.7426470588235294,63.68316831683168,54.48514851485149,0.04708333333333333,0.004930555555555555,0.017777777777777778,0.012083333333333333,0.008611111111111111,1,63.12801210309504,53.82065910830812,6.518709762709208,4.468070154979183,0.7281456144842199,-136.08707534175957,1.0841212751713232,1.0841212751713232,0.010590208158652619,1,0.02937499999999993,423,0.1932905965844113,197.1818181818182,4.950999565160037,3.7236868686868685,0.05933635515480229
RHF_MPM_P44,562,0.0281,28.1,0,255,3.723333333333333,25.600631719636223,53616,210.25882352941176,0,161,255,0.5867973914366221,104,104,196,0.01361111111111111,17,16,0.7205882352941176,63.795918367346935,54.6530612244898,0.04770833333333333,0.004652777777777777,0.017291666666666667,0.01173611111111111,0.008333333333333333,1,63.21553267681289,53.97868173679499,6.492218940890337,4.470638803115368,0.7251272281028331,-137.19775139413883,0.8395524136263438,0.8395524136263438,0.012048642196359295,-6,-0.08652777777777798,-1246,0.18064053237798294,197.63636363636363,4.578064840732426,3.7323800505050504,0.05106661754369832
RHF_MPM_P44,563,0.02815,28.15,0,255,3.7125,25.599400153020078,53460,209.64705882352942,0,166,255,0.5928175127610258,105,105,194,0.013472222222222222,16,16,0.7578125,63.95360824742268,54.654639175257735,0.048125,0.0045138888888888885,0.017291666666666667,0.011666666666666667,0.008541666666666666,1,63.366086793864575,54.095454545454544,6.299816316820275,4.423368667831483,0.7120364697845355,-137.9884227629541,0.9701445455231873,0.9701445455231873,0.012775907220351665,-2,-0.01083333333333325,-156,0.190531968455304,197.8181818181818,4.38630475702357,3.738743686868687,0.04322996865048001
RHF_MPM_P44,564,0.0282,28.2,0,255,3.769722222222222,25.902708458352283,54284,212.87843137254902,0,171,255,0.5821533933763936,103,103,200,0.013888888888888888,16,16,0.78125,64.07,54.505,0.04708333333333333,0.004722222222222222,0.017916666666666668,0.012222222222222223,0.008819444444444444,1,63.638254365927345,54.03833542111856,6.235252316364245,4.4515194203925,0.7002194098569842,-138.08364154364486,0.9583788971323844,0.9583788971323844,0.010592439761255618,6,0.057222222222222285,824,0.2780967127591635,197.63636363636363,4.24848052565379,3.74310606060606,0.04371208565287499
RHF_MPM_P44,565,0.02825,28.25,0,255,3.8797916666666667,26.48346827028635,55869,219.09411764705882,1,178,255,0.60894733175089,109,109,196,0.01361111111111111,15,16,0.8166666666666667,64.45918367346938,54.755102040816325,0.050555555555555555,0.005347222222222222,0.017222222222222222,0.012777777777777779,0.00951388888888889,1,64.25430918756376,54.31113855626555,5.870336106391654,4.9314516579771706,0.5424889859421999,-137.83086749296075,0.5977566470814996,0.5977566470814996,0.013585351447135264,-4,0.11006944444444455,1585,0.6737544759090685,196.9090909090909,3.752684989190962,3.7492550505050506,0.056017696603820485
RHF_MPM_P44,566,0.0283,28.3,0,255,3.953888888888889,26.8966558513815,56936,223.27843137254902,0,185,255,0.5795997403363626,109,109,202,0.014027777777777778,16,16,0.7890625,64.31188118811882,54.87623762376238,0.04756944444444444,0.005555555555555556,0.017916666666666668,0.013055555555555556,0.009791666666666667,1,64.230153154419,54.540817760292256,5.493100968803925,4.62149490517891,0.5405262717327897,-144.13666387574366,0.07589373120997919,0.07589373120997919,0.011065055500913306,6,0.07409722222222204,1067,0.23094599087153175,197.27272727272728,4.024717022032483,3.7669255050505055,0.08138174639271997
RHF_MPM_P44,567,0.02835,28.35,0,11,0.021458333333333333,0.35730174912887785,309,28.09090909090909,0,0,7,0.06224067346435161,2,8,9,0.000625,93,101,0.0009581603321622484,88.33333333333333,53.888888888888886,0.005138888888888889,0.0,0.0,0.0,0.0,0,83.36569579288026,59.02265372168285,29.978724609730055,25.96791795044909,0.4996774212070156,133.30205015484086,0.4673650212031639,0.4673650212031639,0.0,-193,-3.9324305555555554,-56627,19.65339272627459,180.72727272727272,54.41772924514902,3.433301767676768,1.081720353443131
RHF_MPM_P44,568,0.0284,28.4,0,255,3.230208333333333,22.546978516740886,46515,182.41176470588235,6,99,255,0.7144976599181534,106,106,138,0.009583333333333333,13,13,0.8165680473372781,67.08695652173913,57.26086956521739,0.06152777777777778,0.003472222222222222,0.013055555555555556,0.00875,0.006666666666666667,1,69.18940126840803,58.884209394818875,8.597155873432897,5.136296505714271,0.8019126013299926,-139.59343402756159,-0.7175881134167383,0.7175881134167383,0.02779748468236053,129,3.2087499999999998,46206,14.176970525335166,175.72727272727272,55.57483228468687,3.3895012626262626,1.0792999129687488
RHF_MPM_P44,569,0.02845,28.45,0,255,5.297777777777778,26.63080548194673,76288,299.1686274509804,23,165,255,1.2072324209087881,103,103,207,0.014375,24,22,0.39204545454545453,69.9951690821256,60.28019323671498,0.111875,0.005208333333333333,0.020833333333333332,0.012083333333333333,0.008263888888888888,1,77.45173552852349,67.07579173657719,18.79753482804021,4.5679268787851015,0.9700246102428433,-137.41731633466608,-1.033637587464037,1.033637587464037,0.022480599832214766,69,2.067569444444445,29773,11.634783568579355,177.0,56.11352130037174,3.536641414141414,1.2110548307256475
RHF_MPM_P44,570,0.0285,28.5,0,255,6.020972222222222,29.449662404201696,86702,340.0078431372549,28,217,255,1.1944395131237338,107,107,236,0.01638888888888889,29,27,0.30140485312899107,71.03389830508475,61.266949152542374,0.10791666666666666,0.006875,0.02673611111111111,0.014305555555555556,0.010763888888888889,1,77.66568245253858,67.54938755738046,18.41295776515063,4.329761870325221,0.9719596857168494,-136.02922499305714,-1.0153678320230966,1.0153678320230966,0.015247629812461073,29,0.7231944444444443,10414,0.5196790238001149,180.0909090909091,58.299313180820334,3.745454545454545,1.4074588831736639
RHF_MPM_P44,571,0.02855,28.55,0,255,5.946319444444445,29.87302469635551,85627,335.7921568627451,28,233,255,1.129394638056119,112,112,228,0.015833333333333335,19,18,0.6666666666666666,69.95175438596492,60.18859649122807,0.10208333333333333,0.0075,0.022708333333333334,0.014791666666666667,0.01138888888888889,1,77.6566036413748,67.11526738061593,20.119598499946086,4.153073074295607,0.978463632468562,-136.75294509354168,-1.2854509735717559,1.2854509735717559,0.009261097551006108,-8,-0.07465277777777768,-1075,0.43421509956035415,182.54545454545453,59.680000664702106,3.9423484848484844,1.5435050202236522
RHF_MPM_P44,572,0.0286,28.6,0,255,5.482777777777778,30.909495719233007,78952,309.6156862745098,16,243,255,0.880748431184593,109,109,267,0.018541666666666668,21,21,0.6054421768707483,70.54307116104869,60.71910112359551,0.07680555555555556,0.008055555555555555,0.02347222222222222,0.016944444444444446,0.012986111111111111,1,72.99609889553146,62.56384892086331,13.193038124741177,4.294663767138054,0.945533432944868,-138.15271006859058,-2.293914500478165,2.293914500478165,0.031310163137095955,39,-0.46354166666666696,-6675,6.514270065157358,188.45454545454547,64.34899679427608,4.0944318181818184,1.604182940748429
RHF_MPM_P44,573,0.02865,28.65,0,255,6.264652777777778,33.836636136269895,90211,353.7686274509804,15,253,255,0.8737788377051581,107,107,323,0.022430555555555554,24,23,0.5851449275362319,71.81114551083591,61.77708978328173,0.07604166666666666,0.009444444444444445,0.028125,0.020763888888888887,0.015486111111111112,1,72.5601977585882,62.13962820498609,9.091983743266903,4.644423637489511,0.8596839992824077,-137.47746308092732,-0.6254127192291213,0.6254127192291213,0.011672634157696956,56,0.7818750000000003,11259,0.6082540727095914,200.0,75.15317691222374,4.325460858585859,1.7133820440253589
RHF_MPM_P44,574,0.0287,28.7,0,255,6.901944444444444,35.33875896389154,99388,389.75686274509803,20,255,255,0.9375838676725831,108,108,360,0.025,26,25,0.5538461538461539,72.42777777777778,62.40277777777778,0.08138888888888889,0.010486111111111111,0.03173611111111111,0.02326388888888889,0.01673611111111111,1,73.29001489113374,62.90089346802431,9.841516325686474,4.6208061155205415,0.882920898037038,-137.4720911082854,-0.5299407829262706,0.5299407829262706,0.009055419165291585,37,0.6372916666666661,9177,1.0545889472517878,215.0909090909091,88.00150261677307,4.615410353535354,1.8495755573270403
RHF_MPM_P44,575,0.02875,28.75,0,255,7.289722222222222,35.92226878090085,104972,411.6549019607843,25,255,255,1.0381171661086055,108,108,373,0.025902777777777778,27,25,0.5525925925925926,72.6112600536193,62.45844504021448,0.09145833333333334,0.011041666666666667,0.03305555555555555,0.02326388888888889,0.017222222222222222,1,74.04464047555538,63.4332869717639,10.76392899359374,4.712909435746697,0.8990515177370201,-138.89797765550747,-0.6246214727377323,0.6246214727377323,0.010297984224364592,13,0.387777777777778,5584,0.9235272684051236,230.8181818181818,98.70692909436332,4.935410353535354,1.975775629524068
RHF_MPM_P44,576,0.0288,28.8,0,255,7.5575,36.15127974336916,108828,426.77647058823527,29,255,255,1.1038466688241484,108,108,373,0.025902777777777778,29,25,0.5144827586206897,72.9195710455764,62.85790884718499,0.098125,0.011111111111111112,0.034583333333333334,0.023333333333333334,0.017222222222222222,1,74.9254236042195,64.20510346601978,11.846636158853052,4.82694668606813,0.9132262068334013,-138.76347049607236,-0.7080345375941335,0.7080345375941335,0.010116881684860513,0,0.2677777777777779,3856,1.1711018830762734,246.9090909090909,105.88540507673596,5.269747474747475,2.07741123003957
RHF_MPM_P44,577,0.02885,28.85,0,255,7.230625,34.81312321841415,104121,408.3176470588235,30,255,255,1.1122712254383906,108,108,342,0.02375,27,24,0.5277777777777778,72.23099415204679,61.98245614035088,0.09868055555555555,0.010208333333333333,0.03256944444444444,0.021527777777777778,0.015902777777777776,1,75.25075633157576,64.34621257959489,12.82935274311339,4.577805994660806,0.9341720749765067,-138.66216044593213,-0.8447648458885395,0.8447648458885395,0.011448218899165395,-31,-0.32687500000000025,-4707,0.3546169277163924,259.6363636363636,108.1129651019733,5.567632575757576,2.1021520918348213
RHF_MPM_P44,578,0.0289,28.9,0,255,6.838541666666667,33.56176479577016,98475,386.1764705882353,29,253,255,1.114450972324522,107,107,323,0.022430555555555554,26,23,0.540133779264214,71.74922600619195,61.37461300309597,0.09923611111111111,0.009166666666666667,0.029375,0.02013888888888889,0.015,1,75.17349581111958,64.1422086824067,13.388215306728625,4.44091159699972,0.9433838557138795,-139.05321321118322,-1.0366475410835634,1.0366475410835634,0.01634932724041635,-19,-0.3920833333333329,-5646,0.21814393892365644,288.1818181818182,74.34907614736676,6.187367424242424,1.1770477194541356
RHF_MPM_P44,579,0.02895,28.95,0,255,6.330763888888889,32.09878369493541,91163,357.5019607843137,25,249,255,1.1012862212129921,108,108,291,0.02020833333333333,24,20,0.60625,70.8487972508591,60.6426116838488,0.09916666666666667,0.00875,0.02625,0.017986111111111112,0.01361111111111111,1,74.8604587387427,63.87028728760572,13.813781962854954,4.429671238929461,0.947190837631202,-139.46076784061572,-1.3000545368155911,1.3000545368155911,0.024275199368164715,-32,-0.5077777777777781,-7312,0.4146485905351716,302.09090909090907,57.31167506864159,6.469236111111113,0.7161562682894489
RHF_MPM_P44,580,0.029,29.0,0,255,5.8381944444444445,30.755529079536114,84070,329.6862745098039,21,236,255,1.0455807171663025,107,107,268,0.01861111111111111,22,20,0.6090909090909091,70.28358208955224,60.35820895522388,0.09423611111111112,0.0077083333333333335,0.02409722222222222,0.01638888888888889,0.012291666666666666,1,74.45862971333413,63.72709646722969,14.156914836035284,4.215371942905181,0.9546405630362219,-139.2434794393742,-1.503567993516846,1.503567993516846,0.028238372784584274,-23,-0.4925694444444444,-7093,0.42657962527616433,307.6363636363636,50.37364521484826,6.518364898989899,0.6495471673868767
RHF_MPM_P44,581,0.02905,29.05,0,255,5.279652777777778,29.325634451628623,76027,298.14509803921567,18,226,255,0.9948598288907984,111,111,230,0.01597222222222222,20,17,0.6764705882352942,69.72173913043478,59.947826086956525,0.08972222222222222,0.006944444444444444,0.02125,0.014722222222222222,0.011597222222222222,1,73.91408315466873,63.33203993318163,14.091606279358924,4.194834311638808,0.9546647151222893,-139.2738277407419,-1.6776182069397831,1.6776182069397831,0.029660515343233326,-38,-0.5585416666666667,-8043,0.6727559881921513,307.09090909090907,51.17253266327116,6.450972222222223,0.7310064974153568
RHF_MPM_P44,582,0.0291,29.1,0,255,4.829861111111111,28.208880053444144,69550,272.7450980392157,16,209,255,0.9299751166472121,110,110,216,0.015,19,17,0.6687306501547987,69.11111111111111,59.726851851851855,0.08375,0.006388888888888889,0.01965277777777778,0.013888888888888888,0.010694444444444444,1,73.01509705248023,62.77713874910137,13.553058673295757,4.1719205663860945,0.9514441801221707,-139.05426593408382,-1.9362716976895806,1.9362716976895806,0.0309273903666427,-14,-0.44979166666666703,-6477,1.0564522402937844,306.0,52.944224511186384,6.349476010101011,0.8601313857631249
RHF_MPM_P44,583,0.02915,29.15,0,255,4.444930555555556,27.425520771327406,64007,251.0078431372549,14,197,255,0.8515590390320771,106,106,204,0.014166666666666666,18,16,0.7083333333333334,68.92647058823529,59.495098039215684,0.07666666666666666,0.005902777777777778,0.01826388888888889,0.013472222222222222,0.009930555555555555,1,72.14240629931102,62.15146780820848,12.56244986281233,4.167043036694527,0.9433827266237963,-138.8956419812214,-2.093403762139513,2.093403762139513,0.033121377349352416,-12,-0.3849305555555551,-5543,1.073803183523328,300.27272727272725,59.815004060384396,6.255126262626263,0.9961878678107327
RHF_MPM_P44,584,0.0292,29.2,0,255,4.200694444444444,26.812996943148715,60490,237.2156862745098,12,187,255,0.8069542855068605,109,109,198,0.01375,18,16,0.6875,68.94444444444444,59.4040404040404,0.071875,0.005555555555555556,0.017847222222222223,0.012777777777777779,0.009444444444444445,1,71.4293932881468,61.42438419573483,11.358114356898415,4.321461538092854,0.9247918223963385,-138.87683558177218,-2.2231833859552514,2.2231833859552514,0.033278227806248964,-6,-0.24423611111111132,-3517,1.0183506928446615,288.90909090909093,65.97445035143191,6.067493686868687,1.1579616287579537
RHF_MPM_P44,585,0.02925,29.25,0,255,4.127569444444444,26.832293788003533,59437,233.08627450980393,9,189,255,0.7601381393408501,110,110,197,0.013680555555555555,18,16,0.6840277777777778,68.90355329949239,59.36548223350254,0.06673611111111111,0.005555555555555556,0.017708333333333333,0.012777777777777779,0.009722222222222222,1,70.90591718962935,60.919646011743524,10.21757824473407,4.181242238757639,0.9124355328193399,-138.74140328790216,-2.331161306937982,2.331161306937982,0.030822551609266956,-1,-0.0731250000000001,-1053,0.7271780112860211,274.09090909090907,66.64485869204499,5.815277777777778,1.2474294644725108
RHF_MPM_P44,586,0.0293,29.3,0,255,4.0623611111111115,26.786540463089104,58498,229.40392156862745,5,189,255,0.7094672852070171,109,109,199,0.013819444444444445,19,16,0.6546052631578947,69.12060301507537,59.53266331658291,0.06069444444444445,0.005416666666666667,0.017916666666666668,0.012847222222222222,0.009305555555555555,1,70.47873431570311,60.590139833840475,8.774695876424191,4.28663924590235,0.8725511138922243,-138.70118775009092,-1.6703682077508808,1.6703682077508808,0.022633252418886116,2,-0.06520833333333265,-939,0.5394993318366198,258.27272727272725,61.76214037313696,5.521881313131313,1.2456731308290212
RHF_MPM_P44,587,0.02935,29.35,0,255,3.9768055555555555,26.45618790915301,57266,224.57254901960783,4,183,255,0.6742886069460657,106,106,199,0.013819444444444445,18,17,0.6503267973856209,68.79899497487438,59.5929648241206,0.056805555555555554,0.005208333333333333,0.017777777777777778,0.012430555555555556,0.009097222222222222,1,70.2512136346174,60.57047811965215,8.381258678824171,4.208351218740987,0.8648011701509147,-137.32952725186192,-1.1325214965382766,1.1325214965382766,0.020186498096601824,0,-0.08555555555555605,-1232,0.22836865662022748,242.45454545454547,51.8377953311422,5.196363636363636,1.1340455882736393
RHF_MPM_P44,588,0.0294,29.4,0,255,3.935763888888889,26.336468143575836,56675,222.2549019607843,4,178,255,0.6637635010094274,107,107,197,0.013680555555555555,18,16,0.6840277777777778,68.7258883248731,59.40609137055838,0.05597222222222222,0.005138888888888889,0.017569444444444443,0.012152777777777778,0.009166666666666667,1,70.1172474636083,60.39077194530216,8.16800114156717,4.162528269199109,0.8604031056371796,-137.69610901668068,-1.1573784162822693,1.1573784162822693,0.02106749007498897,-2,-0.04104166666666664,-591,0.22414558678312071,229.27272727272728,42.43088692555526,4.896830808080808,0.9821417560826146
RHF_MPM_P44,589,0.02945,29.45,0,255,3.993472222222222,26.6444196085598,57506,225.51372549019607,4,186,255,0.6767136418867841,108,108,199,0.013819444444444445,18,16,0.6909722222222222,68.73869346733669,59.37185929648241,0.05763888888888889,0.005486111111111111,0.0175,0.012569444444444444,0.00951388888888889,1,70.16370465690537,60.35571940319271,8.23252874522031,4.241050471626504,0.8570954187774632,-138.677637191307,-1.3501106732279706,1.3501106732279706,0.0221715994852711,2,0.05770833333333325,831,0.05819752157417586,218.0,30.95157508108432,4.6381881313131315,0.7931860964171713
RHF_MPM_P44,590,0.0295,29.5,0,255,4.0325,26.852931236128065,58068,227.71764705882353,4,192,255,0.6882860133842497,109,109,200,0.013888888888888888,18,17,0.6535947712418301,68.725,59.255,0.05875,0.005416666666666667,0.017847222222222223,0.012847222222222222,0.009722222222222222,1,70.10370599986223,60.18502445408831,8.155837075554931,4.471783653420604,0.8362866860982233,-138.62721382668687,-1.177026811327527,1.177026811327527,0.022112006612936556,1,0.03902777777777766,562,0.18093259655665786,209.72727272727272,20.846150327364388,4.429255050505049,0.5986688325329137
RHF_MPM_P44,591,0.02955,29.55,0,255,4.039930555555555,26.96057054077429,58175,228.13725490196077,4,191,255,0.6797445342252489,106,106,203,0.014097222222222223,18,17,0.6633986928104575,68.77832512315271,59.206896551724135,0.057708333333333334,0.005555555555555556,0.017847222222222223,0.012916666666666667,0.009791666666666667,1,70.05423291792007,60.09402664374731,7.8438995308265245,4.329557451888371,0.8338673255097083,-139.82923451308685,-1.2104028653298446,1.2104028653298446,0.02000859475719811,3,0.007430555555555607,107,0.10357696328677797,203.8181818181818,9.749761599119713,4.265776515151515,0.40619452139765877
RHF_MPM_P44,592,0.0296,29.6,0,255,4.031527777777778,27.00918013481312,58054,227.6627450980392,3,195,255,0.653822520965358,108,108,204,0.014166666666666666,19,17,0.631578947368421,68.83823529411765,59.28921568627451,0.05493055555555556,0.005486111111111111,0.017916666666666668,0.013055555555555556,0.009722222222222222,1,69.92813587349708,60.0855410479898,7.597374588728685,4.256982258173578,0.8282743214325781,-138.93393145434052,-1.055603495125056,1.055603495125056,0.017845454232266512,1,-0.008402777777777537,-121,0.12638223746861635,201.45454545454547,5.211240235624188,4.152310606060606,0.25230602605283364
RHF_MPM_P44,593,0.02965,29.65,0,255,3.9180555555555556,26.53021247553275,56420,221.2549019607843,1,184,255,0.6272630129448475,107,107,200,0.013888888888888888,18,17,0.6535947712418301,68.695,59.175,0.05201388888888889,0.005347222222222222,0.017569444444444443,0.012430555555555556,0.009375,1,69.70831265508684,59.87940446650124,7.207519524164596,4.2905445714020285,0.8035129584335985,-139.84552145410328,-1.109333991986919,1.109333991986919,0.015260545905707195,-4,-0.1134722222222222,-1634,0.3013545048278277,200.0,2.449489742783178,4.0694191919191915,0.14156961939087098
RHF_MPM_P44,594,0.0297,29.7,0,255,3.8585416666666665,26.433255634310722,55563,217.89411764705883,1,182,255,0.6134720725781102,108,108,197,0.013680555555555555,18,17,0.6437908496732027,68.54314720812182,59.192893401015226,0.051041666666666666,0.005347222222222222,0.017083333333333332,0.0125,0.009305555555555555,1,69.57468099274698,59.87608660439501,7.121006121840339,4.141312786399382,0.8135014588295706,-139.69289623919278,-1.2128184063515197,1.2128184063515197,0.017799614851609885,-3,-0.05951388888888909,-857,0.13367284461951082,199.36363636363637,2.2268088570756164,4.016111111111111,0.09178176123133083
RHF_MPM_P44,595,0.02975,29.75,0,255,3.817361111111111,26.351501722601423,54970,215.5686274509804,1,183,255,0.6092121751609235,109,109,195,0.013541666666666667,18,17,0.6372549019607843,68.46153846153847,59.16923076923077,0.051041666666666666,0.005486111111111111,0.016805555555555556,0.012430555555555556,0.009236111111111112,1,69.46661815535747,59.85088229943606,7.220684813045457,4.066649950599874,0.8263243664898224,-139.73500600890588,-0.9987161163006845,0.9987161163006845,0.01848280880480262,-2,-0.041180555555555554,-593,0.11096320927738106,199.0909090909091,2.538952735230717,3.9812626262626263,0.08776765729570785
RHF_MPM_P44,596,0.0298,29.8,0,255,3.8361805555555555,26.461676363514833,55241,216.6313725490196,1,186,255,0.6088171523623345,109,109,195,0.013541666666666667,18,17,0.6372549019607843,68.44102564102565,58.94358974358974,0.050763888888888886,0.005555555555555556,0.017083333333333332,0.0125,0.009583333333333333,1,69.3629007440126,59.61767527742076,6.976202933211071,4.3347111838414385,0.7835277389045076,-139.11436979228765,-0.8706851083283662,0.8706851083283662,0.015694864321789976,0,0.0188194444444445,271,0.2552309082641119,198.9090909090909,2.7453943400984544,3.9547727272727276,0.08348055750764713
RHF_MPM_P44,597,0.02985,29.85,0,255,3.72875,26.0211699304357,53694,210.56470588235294,1,177,255,0.6050685064608736,107,107,191,0.01326388888888889,17,16,0.7022058823529411,68.24083769633508,58.86910994764398,0.050347222222222224,0.005138888888888889,0.01673611111111111,0.012222222222222223,0.008958333333333334,1,69.14755838641189,59.49620069281484,6.921892926179402,4.4257897292068344,0.7688825105280654,-139.50482185456343,-0.6124929480809065,0.6124929480809065,0.01622155175624837,-4,-0.1074305555555557,-1547,0.2472415937544017,198.1818181818182,3.5628941713209863,3.924444444444444,0.09818914912929029
RHF_MPM_P44,598,0.0299,29.9,0,255,3.6727083333333335,25.8365058191449,52887,207.4,0,177,255,0.5855084381503867,107,107,190,0.013194444444444444,17,16,0.6985294117647058,68.17894736842105,58.747368421052634,0.04840277777777778,0.005069444444444444,0.01638888888888889,0.011944444444444445,0.008888888888888889,1,69.00173955792539,59.42356344659368,6.61773602791669,4.22350176387651,0.7698627669551817,-138.82397894774374,-1.351083233092926,1.351083233092926,0.016450167337909126,-1,-0.05604166666666632,-807,0.16290887108984384,197.36363636363637,4.2484805256537905,3.896799242424242,0.1199525488048253
RHF_MPM_P44,599,0.02995,29.95,0,255,3.58875,25.51987321663365,51678,202.65882352941176,0,169,255,0.5785731662504976,106,106,189,0.013125,17,16,0.6948529411764706,68.14814814814815,58.76190476190476,0.04770833333333333,0.004652777777777777,0.01625,0.01173611111111111,0.008472222222222223,1,68.89123031077054,59.29072332520608,6.606243232319605,4.430152188731267,0.741818392890332,-135.95596399037308,-0.6875431962074177,0.6875431962074177,0.01489995742869306,-1,-0.08395833333333336,-1209,0.17279696628414787,196.63636363636363,4.88546503365251,3.865252525252525,0.14792617836091365
RHF_MPM_P44,600,0.03,30.0,0,255,3.4984027777777778,25.108589117050784,50377,197.55686274509804,0,157,255,0.5637923536369567,105,105,184,0.012777777777777779,17,16,0.6764705882352942,68.11413043478261,58.70108695652174,0.04611111111111111,0.004583333333333333,0.01597222222222222,0.01138888888888889,0.008194444444444445,1,68.81926275879866,59.25934454215217,6.560931589577047,4.20060097160937,0.7681711149533201,-137.79932959628457,-0.8779649446921335,0.8779649446921335,0.014728943764019295,-5,-0.09034722222222236,-1301,0.07851086907409487,195.27272727272728,6.001377252399639,3.8202462121212117,0.1749183946826702
RHF_MPM_P44,601,0.03005,30.05,0,255,3.429375,24.76290933586039,49383,193.65882352941176,0,149,255,0.5572750056622164,106,106,176,0.012222222222222223,16,15,0.7333333333333333,67.81818181818181,58.4375,0.045625,0.0045138888888888885,0.015625,0.010972222222222222,0.00798611111111111,1,68.7405989915558,59.22240447117429,6.492204732440153,4.203467402761203,0.7620962251240326,-136.99814379944078,-1.3876539867290574,1.3876539867290574,0.015632910110766864,-8,-0.06902777777777791,-994,0.08690544931527136,193.0909090909091,7.936733303897144,3.7654166666666664,0.19334859173287033
RHF_MPM_P44,602,0.0301,30.1,0,255,3.412638888888889,24.699460323223413,49142,192.71372549019608,0,148,255,0.5580099949701836,106,106,176,0.012222222222222223,16,15,0.7333333333333333,67.76704545454545,58.40909090909091,0.04569444444444445,0.0045138888888888885,0.015486111111111112,0.010902777777777779,0.00798611111111111,1,68.68737536119816,59.163159822555045,6.643967185440318,4.210916593438987,0.7735006445822856,-136.8668155966936,-0.9149356493534818,0.9149356493534818,0.016523544015302594,0,-0.01673611111111084,-241,0.07964096444961255,190.63636363636363,8.636842092009905,3.708390151515152,0.19645552000464864
RHF_MPM_P44,603,0.03015,30.15,0,255,3.4072222222222224,24.70129052084246,49064,192.4078431372549,0,149,255,0.5584944004008064,105,105,177,0.012291666666666666,16,16,0.69140625,67.77401129943503,58.57627118644068,0.04604166666666667,0.0044444444444444444,0.015277777777777777,0.010972222222222222,0.007847222222222222,1,68.62677319419534,59.179744823088214,6.567847423102536,4.272121594807717,0.7595405687369402,-136.57890519463098,-1.2796183274517956,1.2796183274517956,0.016774009457035707,1,-0.005416666666666625,-78,0.06283060470920002,188.1818181818182,8.321037761090116,3.651635101010101,0.1847342532433286
RHF_MPM_P44,604,0.0302,30.2,0,255,3.3848611111111113,24.615421289478014,48742,191.1450980392157,0,145,255,0.5595982611734682,107,107,173,0.012013888888888888,16,15,0.7208333333333333,67.60693641618496,58.53757225433526,0.04604166666666667,0.0044444444444444444,0.015416666666666667,0.010972222222222222,0.007638888888888889,1,68.54490993393787,59.18316851996225,6.587137330232643,4.223958001917329,0.7673375837086471,-138.6579441749242,-0.9401643093945281,0.9401643093945281,0.016474498379221207,-4,-0.022361111111111054,-322,0.08193482214703678,185.72727272727272,8.45405668186376,3.603162878787879,0.17830963136754482
RHF_MPM_P44,605,0.03025,30.25,0,255,3.4121527777777776,24.76993988193021,49135,192.68627450980392,0,148,255,0.5559018006008727,106,106,178,0.012361111111111111,16,16,0.6953125,67.7247191011236,58.58988764044944,0.04555555555555556,0.004583333333333333,0.015555555555555555,0.011111111111111112,0.0077777777777777776,1,68.55223364200671,59.124229164546655,6.325012451730163,4.4869592114262025,0.7048068364800789,-136.64967919683966,-1.2736709845993386,1.2736709845993386,0.016118856212475833,5,0.02729166666666627,393,0.059392628470909876,184.0,7.897065047448727,3.5625820707070712,0.1659379080430585
RHF_MPM_P44,606,0.0303,30.3,0,255,3.4077083333333333,24.741088946290617,49071,192.43529411764706,0,150,255,0.5576559885271177,107,107,175,0.012152777777777778,16,15,0.7291666666666666,67.6,58.36571428571428,0.04555555555555556,0.004652777777777777,0.015416666666666667,0.010972222222222222,0.007916666666666667,1,68.49324448248456,58.974812007091764,6.465308304428214,4.653497025222782,0.6942186925528785,-137.1141649567944,-0.39575612265880394,0.39575612265880394,0.015059811293839539,-3,-0.004444444444444251,-64,0.16063999465584586,182.1818181818182,7.444560940935723,3.525340909090909,0.14975945936975857
RHF_MPM_P44,607,0.03035,30.35,0,255,3.3940277777777776,24.767283929035308,48874,191.6627450980392,0,148,255,0.5450082006689374,106,106,179,0.012430555555555556,16,15,0.7458333333333333,67.65921787709497,58.33519553072626,0.04423611111111111,0.004583333333333333,0.015486111111111112,0.010902777777777779,0.008055555555555555,1,68.43980439497483,58.90285223227074,6.313799803361546,4.335992210406204,0.7268951577591354,-139.2839098062034,-0.2994155978464102,0.2994155978464102,0.014363465237140402,4,-0.013680555555555696,-197,0.08963287424455348,180.72727272727272,6.268114245795709,3.485145202020202,0.11660191074486354
RHF_MPM_P44,608,0.0304,30.4,0,255,3.4320833333333334,24.95299132800069,49422,193.81176470588235,0,155,255,0.5427478575681852,105,105,182,0.012638888888888889,16,15,0.7583333333333333,67.64285714285714,58.362637362637365,0.04423611111111111,0.004722222222222222,0.015833333333333335,0.011111111111111112,0.008333333333333333,1,68.4284124478977,58.89670592044029,6.156452099807833,4.508522955748468,0.680955425426735,-137.59375019313703,-0.7331933413825986,0.7331933413825986,0.013617417344502449,3,0.03805555555555573,548,0.012944249971521325,179.9090909090909,5.401254828186526,3.4581755050505047,0.0879190307724508
RHF_MPM_P44,609,0.03045,30.45,0,255,3.431111111111111,24.93674729053689,49408,193.75686274509803,0,151,255,0.5368399560837944,106,106,181,0.012569444444444444,16,16,0.70703125,67.76795580110497,58.59668508287293,0.043402777777777776,0.004583333333333333,0.01576388888888889,0.011319444444444444,0.00798611111111111,1,68.44128481217616,59.06225712435233,6.050564994676718,4.251528541472964,0.7115194814066755,-137.69429031638373,-1.1550903921680502,1.1550903921680502,0.013843911917098446,-1,-0.0009722222222223742,-14,0.16605089243615265,179.0909090909091,4.399474048204676,3.436212121212121,0.05594572871336345
RHF_MPM_P44,610,0.0305,30.5,0,255,3.4716666666666667,24.98697777509984,49992,196.04705882352943,0,150,255,0.5586967373397267,107,107,180,0.0125,16,15,0.75,67.68888888888888,58.327777777777776,0.04576388888888889,0.004722222222222222,0.015902777777777776,0.011180555555555555,0.008125,1,68.52094335093615,58.97421587453993,6.281885587130368,4.447910696164585,0.7061588538641941,-138.1820839818734,-0.8011974385176475,0.8011974385176475,0.014742358777404384,-1,0.04055555555555568,584,0.11872971180755655,178.27272727272728,3.1360342383018796,3.4255681818181816,0.03186928215839345
RHF_MPM_P44,611,0.03055,30.55,0,255,3.457708333333333,24.969175781204882,49791,195.25882352941176,0,149,255,0.5636526906847625,108,108,176,0.012222222222222223,15,15,0.7822222222222223,67.55113636363636,58.14204545454545,0.04638888888888889,0.004791666666666666,0.015555555555555555,0.011111111111111112,0.008263888888888888,1,68.50438834327488,58.841075696410996,6.235742532486471,4.497104935501777,0.692745696842238,-137.8642770752123,-0.8816652163237212,0.8816652163237212,0.01703119037577072,-4,-0.013958333333333517,-201,0.13416547734372142,177.54545454545453,2.606412943060264,3.421868686868687,0.02477117950971693
RHF_MPM_P44,612,0.0306,30.6,0,255,3.4338194444444445,24.912746249452745,49447,193.90980392156862,0,148,255,0.5539941444657397,107,107,178,0.012361111111111111,16,15,0.7416666666666667,67.65730337078652,58.264044943820224,0.04534722222222222,0.004791666666666666,0.015486111111111112,0.011111111111111112,0.008055555555555555,1,68.47994822739498,58.842680041256294,6.102391675688618,4.491267004827965,0.6769981519174921,-138.0650704064008,-1.3332200736776874,1.3332200736776874,0.016765425607215806,2,-0.023888888888888626,-344,0.024492717011501016,177.72727272727272,2.5616368733827946,3.4222727272727274,0.024926081287768655
RHF_MPM_P44,613,0.03065,30.65,0,255,3.410138888888889,24.817441391145305,49106,192.57254901960783,0,145,255,0.5442810263411707,106,106,178,0.012361111111111111,16,15,0.7416666666666667,67.62921348314607,58.31460674157304,0.044375,0.004583333333333333,0.015555555555555555,0.011111111111111112,0.007916666666666667,1,68.38021830326232,58.884067120107524,6.237209690266348,4.468798757665823,0.6976137652751354,-136.3862116349864,-0.5317460500305392,0.5317460500305392,0.013603225675070257,0,-0.023680555555555483,-341,0.1079766088712924,177.9090909090909,2.5028908905338554,3.4220454545454544,0.025024089888291034
RHF_MPM_P44,614,0.0307,30.7,0,255,3.363611111111111,24.596575716141395,48436,189.94509803921568,0,143,255,0.5432439506145631,106,106,172,0.011944444444444445,15,15,0.7644444444444445,67.45930232558139,58.25581395348837,0.044444444444444446,0.0045138888888888885,0.015277777777777777,0.010833333333333334,0.007916666666666667,1,68.33978858700141,58.92945329919894,6.078939468874305,4.293753925859283,0.7078799834535318,-138.41639003646878,-1.3013434161224133,1.3013434161224133,0.01558757948633248,-6,-0.046527777777777946,-670,0.06078212903030246,177.45454545454547,3.0260576321987704,3.4180808080808087,0.030015446721371308
RHF_MPM_P44,615,0.03075,30.75,0,255,3.333263888888889,24.536466153288533,47999,188.2313725490196,0,147,255,0.5399407442013169,105,105,173,0.012013888888888888,15,15,0.7688888888888888,67.40462427745665,58.26589595375722,0.04416666666666667,0.0044444444444444444,0.015277777777777777,0.010763888888888889,0.007847222222222222,1,68.2471718160795,58.87472655680327,6.1060651160026636,4.433886392738911,0.6875419817879979,-137.39827082579265,-0.8290471853658833,0.8290471853658833,0.016187837246609306,1,-0.030347222222222303,-437,0.1075773330643744,177.45454545454547,3.0260576321987704,3.4133901515151517,0.03784962366329306
RHF_MPM_P44,616,0.0308,30.8,0,255,3.294861111111111,24.317434902935126,47446,186.06274509803922,0,142,255,0.5407521275560994,107,107,168,0.011666666666666667,15,15,0.7466666666666667,67.33333333333333,58.285714285714285,0.04402777777777778,0.0043055555555555555,0.01513888888888889,0.010416666666666666,0.007916666666666667,1,68.13094886818699,58.88823083083927,6.1921425207800285,4.421666960835314,0.7000670999451926,45.12289952577929,0.6557872253501643,0.6557872253501643,0.014837921004931923,-5,-0.038402777777777786,-553,0.11700486756568934,176.54545454545453,4.053363056292356,3.402727272727273,0.05095048365086155
RHF_MPM_P44,617,0.03085,30.85,0,255,3.3756944444444446,24.766343499820078,48610,190.62745098039215,0,151,255,0.5450461814155295,110,110,167,0.011597222222222222,15,14,0.7952380952380952,67.07185628742515,57.706586826347305,0.04486111111111111,0.004791666666666666,0.01513888888888889,0.011041666666666667,0.008402777777777778,1,68.0266406089282,58.47204278954948,6.054582039462444,4.555776510996761,0.6586481934111003,-135.8330513819009,-0.9334242151177555,0.9334242151177555,0.016272371939930055,-1,0.08083333333333353,1164,0.4290602506201578,175.8181818181818,4.8956043701222764,3.399816919191919,0.05149427217249352
RHF_MPM_P44,618,0.0309,30.9,0,255,3.496111111111111,25.516179211300617,50344,197.42745098039217,0,164,255,0.5319888065536837,110,110,179,0.012430555555555556,15,14,0.8523809523809524,67.12849162011173,57.798882681564244,0.043472222222222225,0.005138888888888889,0.015625,0.01173611111111111,0.008611111111111111,1,67.7574090259018,58.38858652470999,5.703276052706393,4.135852525270539,0.6885684278998375,-142.59269894521066,-1.4912960552426913,1.4912960552426913,0.01604957889718735,12,0.1204166666666664,1734,0.2818698164753813,175.8181818181818,4.8956043701222764,3.409097222222222,0.058356236485060754
RHF_MPM_P44,619,0.03095,30.95,0,12,0.01986111111111111,0.3498332660614337,286,23.833333333333332,0,0,7,0.057423663517152834,3,8,10,0.0006944444444444445,89,107,0.0010500892575868949,91.7,67.5,0.004652777777777777,0.0,0.0,0.0,0.0,0,90.48251748251748,62.54545454545455,32.83065425739462,23.914671303261326,0.6851254860962792,104.80220419780757,-0.39602659379050537,0.39602659379050537,0.0,-169,-3.47625,-50058,23.102166697235013,160.1818181818182,47.70328401467895,3.098895202020202,0.9753961797671427
RHF_MPM_P44,620,0.031,31.0,0,255,3.30875,22.93234508756742,47646,186.8470588235294,4,107,255,0.6828763862867292,106,106,149,0.010347222222222223,16,15,0.6208333333333333,63.90604026845637,54.91275167785235,0.057708333333333334,0.0038194444444444443,0.014444444444444444,0.009097222222222222,0.006597222222222222,1,62.89917306804349,53.47693405532468,7.626850837041366,5.20929656124478,0.730399070037081,45.892982593601126,-0.6496797478717716,0.6496797478717716,0.011186668345716324,139,3.2888888888888888,47360,29.03582189240385,157.27272727272728,47.31920791831293,3.0877714646464653,0.9722366572947791
RHF_MPM_P44,621,0.03105,31.05,0,255,6.667361111111111,29.582125162796817,96010,376.5098039215686,34,191,255,1.3585145829220413,94,94,297,0.020625,27,33,0.3333333333333333,59.09090909090909,48.49158249158249,0.12423611111111112,0.0060416666666666665,0.03027777777777778,0.014930555555555556,0.009791666666666667,1,54.09174044370378,43.79438600145818,17.157510851085856,5.093543231510631,0.9549180309589577,47.7209955297435,-0.7321208312635769,0.7321208312635769,0.021851890428080407,148,3.358611111111111,48364,13.089026176447105,167.9090909090909,62.079794027092916,3.3782891414141414,1.418557720841469
RHF_MPM_P44,622,0.0311,31.1,0,255,7.1471527777777775,31.43970771269976,102919,403.60392156862747,37,245,255,1.3999402750967622,113,113,235,0.016319444444444445,19,19,0.6509695290858726,61.58723404255319,52.374468085106386,0.13055555555555556,0.008402777777777778,0.03229166666666667,0.015416666666666667,0.012430555555555556,1,53.01640124758305,42.08029615522887,20.335001686841526,5.141550029144102,0.9675074861295417,49.964492004246,-0.8535023377986612,0.8535023377986612,0.018043315617135805,-62,0.4797916666666664,6909,2.023476806800608,173.27272727272728,65.02599607302649,3.713693181818182,1.7862082035034819
RHF_MPM_P44,623,0.03115,31.15,0,255,5.967430555555556,30.148235305056684,85931,336.9843137254902,27,236,255,1.1690684398844762,110,110,240,0.016666666666666666,19,18,0.7017543859649122,61.9125,52.65416666666667,0.10722222222222222,0.007569444444444445,0.021875,0.015486111111111112,0.012083333333333333,1,55.72098544180796,45.950949017234755,18.970307651901223,4.695945999249301,0.9688771892025821,46.99131880460137,-1.4200319672021642,1.4200319672021642,0.01930618752254716,5,-1.179722222222222,-16988,4.721941257767356,178.9090909090909,67.81854740335291,3.944021464646464,1.8952902812744377
RHF_MPM_P44,624,0.0312,31.2,0,255,6.305694444444445,33.060710498784104,90802,356.0862745098039,20,253,255,1.0303032016290885,110,110,305,0.021180555555555557,22,21,0.6601731601731602,60.488524590163934,51.295081967213115,0.0926388888888889,0.009444444444444445,0.026597222222222223,0.01951388888888889,0.014513888888888889,1,57.976046783110505,48.70057928239466,14.462611506708042,4.775548906976088,0.9439111224846822,-136.44762186451663,1.9925138625592747,1.9925138625592747,0.04183828550031938,65,0.33826388888888914,4871,3.556088897668416,190.45454545454547,76.88523163114752,4.207253787878788,2.0009916313509044
RHF_MPM_P44,625,0.03125,31.25,0,255,7.015347222222222,35.21732883927856,101021,396.1607843137255,25,255,255,1.0340678414585966,112,112,335,0.02326388888888889,26,22,0.5856643356643356,59.525373134328355,50.874626865671644,0.09194444444444444,0.010486111111111111,0.03013888888888889,0.022152777777777778,0.017013888888888887,1,57.27448748280061,48.6355510240445,14.655997132691319,4.6551446364872895,0.9482156428250736,-138.440942765154,2.1895320868872763,2.1895320868872763,0.04874234070143831,30,0.7096527777777775,10219,0.70456662299272,205.27272727272728,86.94940107388571,4.539229797979798,2.1321139655266257
RHF_MPM_P44,626,0.0313,31.3,0,255,7.2745138888888885,36.089876087535906,104753,410.79607843137256,24,255,255,1.0448452332836093,109,109,371,0.025763888888888888,28,23,0.5760869565217391,59.078167115902964,50.59568733153639,0.09270833333333334,0.011041666666666667,0.03305555555555555,0.02340277777777778,0.017638888888888888,1,58.01041497618207,49.33182820539746,11.661772529175746,4.909092134728333,0.9070810972362086,-138.48138323346058,1.907027271100147,1.907027271100147,0.01638139241835556,36,0.2591666666666663,3732,1.0131096627648628,223.27272727272728,98.17525230570715,4.897525252525252,2.2283361690608787
RHF_MPM_P44,627,0.03135,31.35,0,255,7.451875,36.03104048495991,107307,420.81176470588235,28,255,255,1.1059003731106996,106,106,388,0.026944444444444444,29,24,0.5574712643678161,58.894329896907216,50.45876288659794,0.09923611111111111,0.010902777777777779,0.03388888888888889,0.023333333333333334,0.017291666666666667,1,58.19199120281063,49.33266236126254,10.64807766720366,5.136337871478,0.8759662950176875,-138.47765820465594,0.7629193936483786,0.7629193936483786,0.01149971576877557,17,0.17736111111111175,2554,0.18157814266225025,243.27272727272728,106.89935020560306,5.275435606060607,2.276470445860558
RHF_MPM_P44,628,0.0314,31.4,0,255,6.940347222222222,34.449582482415806,99941,391.92549019607844,26,254,255,1.064346615804605,108,108,340,0.02361111111111111,26,22,0.5944055944055944,59.944117647058825,51.28823529411765,0.09395833333333334,0.009583333333333333,0.03166666666666667,0.021319444444444443,0.015694444444444445,1,58.19182317567365,49.4341861698402,11.127467679946385,4.947924886219851,0.8957001030543303,-139.58628298288744,0.8156600881001201,0.8156600881001201,0.014428512822565314,-48,-0.5115277777777782,-7366,0.1015239476243519,259.0,107.24652992902932,5.599494949494949,2.236337301144549
RHF_MPM_P44,629,0.03145,31.45,0,255,6.138819444444445,31.890859344291737,88399,346.66274509803924,22,247,255,1.0216814177835374,108,108,287,0.019930555555555556,24,19,0.6293859649122807,60.508710801393725,51.829268292682926,0.09006944444444444,0.008125,0.02736111111111111,0.018055555555555554,0.013055555555555556,1,58.20620142761796,49.39609045351192,11.596184909895674,4.6834865154450185,0.9148112359637447,-138.8342815345595,1.105671130129102,1.105671130129102,0.020520594124367922,-53,-0.8015277777777774,-11542,0.04071876387538573,268.8181818181818,104.37852285340051,5.839741161616161,2.1372241223743953
RHF_MPM_P44,630,0.0315,31.5,0,255,5.3275,29.448976012663742,76716,300.84705882352944,18,224,255,0.9870379442236166,107,107,247,0.017152777777777777,22,18,0.6237373737373737,61.34817813765182,52.35627530364373,0.08826388888888889,0.006458333333333333,0.022291666666666668,0.015416666666666667,0.011041666666666667,1,58.733106522759265,49.72224829240315,11.898235185141965,4.689425318946574,0.9190556420532351,-139.52918116367593,1.3688775506329869,1.3688775506329869,0.029980708066113977,-40,-0.8113194444444449,-11683,0.6196837218743646,290.3636363636364,66.21352886652906,6.322253787878788,1.131185254006724
RHF_MPM_P44,631,0.03155,31.55,0,255,4.603611111111111,27.44214800193083,66292,259.96862745098036,14,190,255,0.881513503323285,106,106,217,0.015069444444444444,20,18,0.6027777777777777,61.92165898617512,52.8110599078341,0.07784722222222222,0.005416666666666667,0.019583333333333335,0.01361111111111111,0.009722222222222222,1,59.434894104869365,50.338607976829785,11.74609606774965,4.4054420281524145,0.9270022170677193,-138.98620284569722,1.7235079138524418,1.7235079138524418,0.030788028721414347,-30,-0.7238888888888884,-10424,0.9340262688974224,296.54545454545456,54.941892670783865,6.439968434343434,0.8418315703186563
RHF_MPM_P44,632,0.0316,31.6,0,255,3.921597222222222,25.22125768306465,56471,221.45490196078433,12,153,255,0.7929533056206657,104,104,185,0.012847222222222222,17,17,0.6401384083044983,62.956756756756754,53.73513513513514,0.06944444444444445,0.004583333333333333,0.017013888888888887,0.01125,0.008125,1,60.162455065431814,51.054895433054135,11.948679821852055,4.219590879973043,0.9355694124367734,-138.12052894755166,2.1316213201690126,2.1316213201690126,0.0315028952913885,-32,-0.6820138888888891,-9821,1.0209861268787666,286.3636363636364,63.60856535700879,6.190353535353535,1.1037369118941964
RHF_MPM_P44,633,0.03165,31.65,0,255,3.435347222222222,23.99267510944152,49469,193.99607843137255,5,133,255,0.6938609552316568,104,104,167,0.011597222222222222,16,15,0.6958333333333333,63.31736526946108,54.467065868263475,0.059930555555555556,0.004166666666666667,0.014930555555555556,0.010416666666666666,0.007569444444444445,1,61.16956073500576,52.169014938648445,11.307934005129768,4.10175426799223,0.9318933369273831,-137.9046385487496,2.765149821243032,2.765149821243032,0.03088803088803089,-18,-0.48625000000000007,-7002,1.5018402386518,280.1818181818182,71.15644503080159,5.852916666666667,1.3081104286406857
RHF_MPM_P44,634,0.0317,31.7,0,255,3.1906944444444445,23.442856577596235,45946,180.18039215686275,2,124,255,0.6312701964554273,102,102,159,0.011041666666666667,15,14,0.7571428571428571,63.54716981132076,54.77987421383648,0.05381944444444445,0.004027777777777778,0.01423611111111111,0.009791666666666667,0.007083333333333333,1,61.815718452095936,52.938732425020675,10.71534331267848,4.169468213095923,0.9211904713075066,-138.0205962573684,3.2926387491351554,3.2926387491351554,0.02783702607408697,-8,-0.2446527777777776,-3523,1.0049800018818145,272.8181818181818,78.7225486720386,5.600486111111111,1.513456685246487
RHF_MPM_P44,635,0.03175,31.75,0,255,3.1155555555555554,23.44630644264613,44864,175.93725490196078,0,125,255,0.5766784380721707,107,107,155,0.010763888888888889,15,14,0.7380952380952381,63.68387096774194,54.909677419354836,0.04847222222222222,0.004097222222222223,0.014097222222222223,0.01,0.007083333333333333,1,62.502541012838805,53.6030447574893,9.291176021619288,4.425822673593262,0.8792574444318275,-138.59270324325828,3.66605267147629,3.66605267147629,0.021509450784593438,-4,-0.07513888888888909,-1082,0.9555292277137822,259.1818181818182,84.72932108331608,5.310473484848485,1.6500259787076572
RHF_MPM_P44,636,0.0318,31.8,0,255,3.1919444444444443,23.993485032335627,45964,180.25098039215686,0,136,255,0.5340228224556882,106,106,165,0.011458333333333333,15,14,0.7857142857142857,63.54545454545455,54.71515151515152,0.043819444444444446,0.004166666666666667,0.014513888888888889,0.010416666666666666,0.0077083333333333335,1,63.00176224871639,53.98925245844574,7.4854463117215335,4.222148519717978,0.8257422301708037,-140.0869172888234,3.126140312580181,3.126140312580181,0.012857888782525456,10,0.07638888888888884,1100,0.6311721085640604,243.72727272727272,84.99421467915107,4.9628914141414135,1.6569706096727788
RHF_MPM_P44,637,0.03185,31.85,0,255,3.2374305555555556,24.288699397002613,46619,182.81960784313725,0,138,255,0.4985950188501109,107,107,167,0.011597222222222222,15,14,0.7952380952380952,63.65269461077844,54.68263473053892,0.04,0.004375,0.014722222222222222,0.010833333333333334,0.0077083333333333335,1,63.329329243441514,54.221926682254015,5.857472825860622,4.301800761247341,0.678703473796397,-138.98600386137355,1.1032391971636966,1.1032391971636966,0.008451489735944572,2,0.04548611111111134,655,0.4017927705397805,225.1818181818182,77.0888721857833,4.5958838383838385,1.5478150040965204
RHF_MPM_P44,638,0.0319,31.9,0,255,3.2585416666666664,24.42101561010146,46923,184.01176470588234,0,143,255,0.49647072922024815,108,108,168,0.011666666666666667,15,14,0.8,63.660714285714285,54.648809523809526,0.03986111111111111,0.004375,0.014861111111111111,0.010694444444444444,0.0077083333333333335,1,63.40606951814675,54.30558574686188,5.830606711090417,4.203847300413018,0.6929386556540676,-139.48787884919324,1.080892093430157,1.080892093430157,0.009419687573258317,1,0.02111111111111086,304,0.11352492613033566,205.1818181818182,58.56591963035123,4.214671717171718,1.2928577658548626
RHF_MPM_P44,639,0.03195,31.95,0,255,3.279861111111111,24.463950461912976,47230,185.2156862745098,0,138,255,0.5133770008550803,108,108,169,0.01173611111111111,15,15,0.7511111111111111,63.662721893491124,54.69230769230769,0.04145833333333333,0.0044444444444444444,0.014861111111111111,0.010763888888888889,0.007847222222222222,1,63.486703366504344,54.34420918907474,5.733788957110379,4.507877690433685,0.6179781677010366,-138.76915999151282,0.6532521932919285,0.6532521932919285,0.010353588820664832,1,0.021319444444444446,307,0.08940686656697779,189.63636363636363,40.68118333684445,3.8819002525252526,0.9822401028401669
RHF_MPM_P44,640,0.032,32.0,0,255,3.3185416666666665,24.67166594802713,47787,187.4,0,145,255,0.5050813180557003,109,109,169,0.01173611111111111,15,15,0.7511111111111111,63.59763313609467,54.80473372781065,0.04083333333333333,0.0045138888888888885,0.014930555555555556,0.010902777777777779,0.008055555555555555,1,63.45409839496097,54.476531274195914,5.629731592963463,4.306276989235496,0.6441289428181971,-142.15947499602046,0.36118829071206854,0.36118829071206854,0.011049030070939795,0,0.03868055555555561,557,0.13627992654884785,178.9090909090909,26.77330605949463,3.6255113636363636,0.6817992631470867
RHF_MPM_P44,641,0.03205,32.05,0,255,3.4594444444444443,25.23884835641327,49816,195.35686274509803,0,159,255,0.5136231448640026,107,107,180,0.0125,16,15,0.75,63.50555555555555,54.74444444444445,0.04145833333333333,0.004722222222222222,0.015694444444444445,0.011458333333333333,0.008402777777777778,1,63.33342701140196,54.339268508109846,5.768738855430659,4.35722372744485,0.6553601775921309,-143.90728246095554,0.3266430165062559,0.3266430165062559,0.009976714308655854,11,0.14090277777777782,2029,0.18276391811198675,172.8181818181818,16.072665569605956,3.4556881313131314,0.4185392626572201
RHF_MPM_P44,642,0.0321,32.1,0,255,3.53125,25.4316812721139,50850,199.41176470588235,0,162,255,0.5243210684577342,108,108,183,0.012708333333333334,16,16,0.71484375,63.431693989071036,54.60655737704918,0.042291666666666665,0.004791666666666666,0.016041666666666666,0.011666666666666667,0.008611111111111111,1,63.283480825958705,54.222812192723694,5.895522109094535,4.3672363586385865,0.6717567878737005,-141.1889028725048,0.7422067514842957,0.7422067514842957,0.008436578171091445,3,0.07180555555555568,1034,0.12671501423924025,169.72727272727272,8.985755485928413,3.3582007575757573,0.2153996324536849
RHF_MPM_P44,643,0.03215,32.15,0,255,3.4852083333333335,25.161659062195252,50187,196.81176470588235,0,156,255,0.5160572468370097,105,105,183,0.012708333333333334,16,16,0.71484375,63.60109289617486,54.66120218579235,0.04145833333333333,0.004652777777777777,0.016041666666666666,0.01138888888888889,0.008194444444444445,1,63.33831470301074,54.217785482296215,5.853983383397684,4.347132656850181,0.6697419071111057,-137.89511119094362,0.8930014343155553,0.8930014343155553,0.008269073664494789,0,-0.046041666666666536,-663,0.055063798364072346,169.54545454545453,8.690262433150382,3.3185290404040404,0.1320365202991579
RHF_MPM_P44,644,0.0322,32.2,0,255,3.408402777777778,24.9154642731955,49081,192.47450980392156,0,153,255,0.52265546210429,105,105,180,0.0125,16,15,0.75,63.6,54.93888888888889,0.042222222222222223,0.0044444444444444444,0.015416666666666667,0.011180555555555555,0.008263888888888888,1,63.40388337645932,54.47187302622196,5.830003975098703,4.501132938419857,0.6355454671828216,-140.35611769989364,1.1661515724839027,1.1661515724839027,0.010716978056681812,-3,-0.07680555555555557,-1106,0.2624113772610146,170.72727272727272,9.136250564655354,3.3160795454545453,0.13008209659688114
RHF_MPM_P44,645,0.03225,32.25,0,255,3.4629861111111113,25.187475215864865,49867,195.55686274509804,0,158,255,0.5097478775323664,107,107,183,0.012708333333333334,17,15,0.7176470588235294,63.53005464480874,54.91256830601093,0.04097222222222222,0.0045138888888888885,0.015833333333333335,0.011458333333333333,0.008402777777777778,1,63.32496440531815,54.55098562175387,5.660466268115642,4.3665718668098075,0.6363316773577765,-144.02937566714974,0.6155900740662367,0.6155900740662367,0.009906350893376381,3,0.05458333333333343,786,0.111745276310798,172.9090909090909,8.938726220568622,3.3408333333333333,0.12977418699954055
RHF_MPM_P44,646,0.0323,32.3,0,255,3.5244444444444443,25.420578108257587,50752,199.02745098039216,0,163,255,0.5227771729478955,106,106,182,0.012638888888888889,16,15,0.7583333333333333,63.65934065934066,54.97802197802198,0.042152777777777775,0.004722222222222222,0.016180555555555556,0.011597222222222222,0.008611111111111111,1,63.351276796973515,54.45710513871374,5.625332644336931,4.640154704514418,0.5653259438832698,-142.2596754390048,0.5138131384701471,0.5138131384701471,0.011034047919293822,-1,0.06145833333333295,885,0.09749813870260496,175.36363636363637,7.227129787037015,3.37800505050505,0.11794397612882154
RHF_MPM_P44,647,0.03235,32.35,0,255,3.6778472222222223,26.026141416510715,52961,207.69019607843137,0,173,255,0.5259622532106367,108,108,192,0.013333333333333334,16,16,0.75,63.307291666666664,54.645833333333336,0.042430555555555555,0.004930555555555555,0.016875,0.012361111111111111,0.009027777777777777,1,63.20499990559091,54.27918657125054,5.703424993652283,4.696044007641052,0.567501119516676,-140.8003694398709,0.4435153882947923,0.4435153882947923,0.009648609354052982,10,0.153402777777778,2209,0.2303300796698434,177.8181818181818,7.848777343327047,3.42217803030303,0.1303288155473427
RHF_MPM_P44,648,0.0324,32.4,0,255,3.7505555555555556,26.02721865283475,54008,211.79607843137254,0,176,255,0.5440868798021468,107,107,193,0.013402777777777777,16,16,0.75390625,63.181347150259064,54.601036269430054,0.04375,0.0045138888888888885,0.0175,0.012569444444444444,0.00875,1,62.835635461413126,54.126851577544066,6.134649819766504,4.483859593707287,0.6824768829319908,-140.1079151048071,0.7900944838256161,0.7900944838256161,0.0081469411938972,1,0.07270833333333337,1047,0.3995447946480028,180.1818181818182,8.144358692518196,3.4688257575757575,0.14666153253798417
RHF_MPM_P44,649,0.03245,32.45,0,255,3.6127083333333334,25.297838448470863,52023,204.01176470588234,0,158,255,0.5497461206313254,106,106,185,0.012847222222222222,16,15,0.7708333333333334,63.24864864864865,54.924324324324324,0.043958333333333335,0.004375,0.016944444444444446,0.011666666666666667,0.008402777777777778,1,62.783711050881344,54.2356842165965,6.172697026254748,4.408755236746344,0.6999061377787423,-139.22339943407923,0.4758618550072779,0.4758618550072779,0.011129692635949484,-8,-0.13784722222222223,-1985,0.12058477404793344,181.72727272727272,7.2499643772279585,3.501022727272727,0.13540691525013185
RHF_MPM_P44,650,0.0325,32.5,0,255,3.6590277777777778,25.59785666264757,52690,206.62745098039215,0,161,255,0.5554289883969921,107,107,186,0.012916666666666667,16,15,0.775,63.365591397849464,54.82258064516129,0.04493055555555556,0.004652777777777777,0.01673611111111111,0.012013888888888888,0.008611111111111111,1,62.89144050104384,54.19937369519833,6.317573841816559,4.35236311465332,0.7248283358278008,-139.13061091004002,0.9108539200787986,0.9108539200787986,0.013095464034921237,1,0.04631944444444436,667,0.11368416071080657,183.27272727272728,6.091587479182165,3.5354924242424244,0.12235148143175485
RHF_MPM_P44,651,0.03255,32.55,0,255,3.8028472222222223,26.192165499629702,54761,214.74901960784314,0,176,255,0.5554138107719716,107,107,196,0.01361111111111111,16,16,0.765625,63.15816326530612,54.566326530612244,0.044583333333333336,0.004930555555555555,0.017569444444444443,0.0125,0.009027777777777777,1,62.761089096254636,54.077993462500686,6.240447194063511,4.374636656977992,0.7131481709178308,-138.3336835373159,0.7477563831552597,0.7477563831552597,0.010628001680027758,10,0.1438194444444445,2071,0.17811414772626352,185.72727272727272,5.223911963112234,3.5795202020202015,0.12349339125032921
RHF_MPM_P44,652,0.0326,32.6,0,255,3.7283333333333335,25.68839345567047,53688,210.54117647058823,0,164,255,0.5708416974016572,106,106,190,0.013194444444444444,16,16,0.7421875,63.242105263157896,54.642105263157895,0.04590277777777778,0.004722222222222222,0.017430555555555557,0.011944444444444445,0.008611111111111111,1,62.742530919386084,53.994505289822676,6.511789105725132,4.505149842671081,0.7220458852189914,-137.4511345720836,1.005038693532425,1.005038693532425,0.011119803308001788,-6,-0.07451388888888877,-1073,0.08552590780458066,186.63636363636363,5.014029902959155,3.603964646464646,0.1239175369110919
RHF_MPM_P44,653,0.03265,32.65,0,255,3.7047916666666665,25.774926001314995,53349,209.21176470588236,0,166,255,0.5651012689053463,106,106,190,0.013194444444444444,16,16,0.7421875,63.33684210526316,54.71578947368421,0.04569444444444445,0.004791666666666666,0.01673611111111111,0.012083333333333333,0.008888888888888889,1,62.9780127087668,54.11212956194118,6.203749762247036,4.6852967897495965,0.6554526576243356,-136.6258880169382,0.6111421461338368,0.6111421461338368,0.013889669909464095,0,-0.023541666666667016,-339,0.26322450972762945,187.27272727272728,4.956004789250549,3.619741161616161,0.12470033205247917
RHF_MPM_P44,654,0.0327,32.7,0,255,3.814375,26.280673645252396,54927,215.4,0,174,255,0.5640357144436514,106,106,200,0.013888888888888888,17,16,0.7352941176470589,63.295,54.55,0.045625,0.005,0.017638888888888888,0.012569444444444444,0.009166666666666667,1,63.02587070111239,54.09392466364447,6.164858722337718,4.567311356143157,0.6716569555312188,-135.64757836383964,0.7475560955720407,0.7475560955720407,0.010759735649134305,10,0.10958333333333359,1578,0.05120357168542218,188.8181818181818,5.9363009881143665,3.649665404040404,0.12826998762585973
RHF_MPM_P44,655,0.03275,32.75,0,255,3.8115972222222223,26.19178182080939,54887,215.24313725490197,0,177,255,0.5740329870826544,106,106,200,0.013888888888888888,18,16,0.6944444444444444,63.275,54.635,0.04645833333333333,0.004791666666666666,0.017708333333333333,0.012569444444444444,0.008958333333333334,1,62.97926649297648,54.191028841073475,6.243633834524181,4.4136809167446875,0.7073045124442734,-138.96664303527538,0.7634003422202682,0.7634003422202682,0.008563047716216955,0,-0.002777777777777768,-40,0.10770874379612155,190.63636363636363,6.019252857180672,3.6863194444444445,0.11046210392219619
RHF_MPM_P44,656,0.0328,32.8,0,255,3.8722916666666665,26.326589516714794,55761,218.6705882352941,0,180,255,0.5812525097313674,107,107,198,0.01375,17,16,0.7279411764705882,63.44444444444444,54.56060606060606,0.04708333333333333,0.005138888888888889,0.017986111111111112,0.012638888888888889,0.009027777777777777,1,62.950646509208944,53.95525546528936,6.3790096396975065,4.535112341907453,0.7032496216324337,45.1859348658459,-0.9882522230617813,0.9882522230617813,0.00790875342981654,-2,0.06069444444444416,874,0.23750408038492846,192.0,5.830951894845301,3.723529040404041,0.0970934113233008
RHF_MPM_P44,657,0.03285,32.85,0,255,3.790763888888889,26.02424960439838,54587,214.06666666666666,0,170,255,0.5875070304203953,108,108,190,0.013194444444444444,16,16,0.7421875,63.52105263157895,54.76842105263158,0.04777777777777778,0.005069444444444444,0.017361111111111112,0.012291666666666666,0.008958333333333334,1,63.018777364573985,54.07932291571253,6.4053954890110205,4.6034163995075295,0.6953430998475268,46.07361761093876,-1.1054401260568314,1.1054401260568314,0.009910784619048492,-8,-0.08152777777777764,-1174,0.1415434410606075,192.72727272727272,4.974314189201619,3.7477398989899,0.07515829467356847
RHF_MPM_P44,658,0.0329,32.9,0,255,3.832152777777778,26.33431078521355,55183,216.40392156862745,0,175,255,0.577393065243619,107,107,199,0.013819444444444445,17,16,0.7316176470588235,63.35678391959799,54.65829145728643,0.04701388888888889,0.005208333333333333,0.017222222222222222,0.012430555555555556,0.009027777777777777,1,63.00608883170542,54.2190348476886,6.236752211019332,4.41779136040822,0.705863314562555,-136.30924163861476,0.9266703564968601,0.9266703564968601,0.010383632640487106,9,0.04138888888888914,596,0.14028693026380482,193.36363636363637,5.278993142166537,3.7617676767676773,0.0752042344292133
RHF_MPM_P44,659,0.03295,32.95,0,255,3.980277777777778,26.76260658145896,57316,224.7686274509804,0,182,255,0.5994826627504031,104,104,208,0.014444444444444444,17,17,0.7197231833910035,63.29807692307692,54.50961538461539,0.04895833333333333,0.005138888888888889,0.018472222222222223,0.012986111111111111,0.009166666666666667,1,62.89838788470933,54.081687486914646,6.295809114972365,4.5770695079266215,0.6866347208390386,45.30746228352793,-0.3480235008172269,0.3480235008172269,0.009438900132598228,9,0.14812499999999984,2133,0.17453879653367754,194.72727272727272,6.743224331146435,3.7826515151515157,0.09771755051084219
RHF_MPM_P44,660,0.033,33.0,0,255,3.8718055555555555,26.118516411116207,55754,218.64313725490197,0,173,255,0.5932637552661741,105,105,201,0.013958333333333333,17,16,0.7389705882352942,63.39303482587065,54.73134328358209,0.04791666666666667,0.005,0.017847222222222223,0.012361111111111111,0.008888888888888889,1,62.66852602503856,53.919198622520355,6.669329000925709,4.446714576275477,0.7452895686347194,45.61630560929283,-0.7488159330771795,0.7488159330771795,0.010366969186067367,-7,-0.1084722222222223,-1562,0.28149441483526977,196.1818181818182,6.191169397811426,3.8062058080808083,0.08420797978852895
RHF_MPM_P44,661,0.03305,33.05,0,255,3.914652777777778,26.24064133206972,56371,221.06274509803922,1,174,255,0.620755708856284,106,106,199,0.013819444444444445,17,16,0.7316176470588235,63.462311557788944,54.75879396984924,0.050694444444444445,0.005,0.017847222222222223,0.012361111111111111,0.008888888888888889,1,62.78364762023026,53.97062319277643,6.796152347717765,4.41839877995925,0.7598209481874941,-136.09605376575232,0.7675285457340606,0.7675285457340606,0.013677245392134253,-2,0.04284722222222248,617,0.12608516211475526,197.36363636363637,5.313323344073622,3.829444444444444,0.07517241918830188
RHF_MPM_P44,662,0.0331,33.1,0,255,3.8654166666666665,26.1866711981019,55662,218.28235294117647,0,172,255,0.5977527511402749,105,105,202,0.014027777777777778,17,16,0.7426470588235294,63.44059405940594,54.584158415841586,0.04875,0.004930555555555555,0.017777777777777778,0.012430555555555556,0.009027777777777777,1,62.82426071646725,53.914843160504475,6.576378668551093,4.396676494211115,0.7436619275669558,-135.68565240231536,0.7732905977176842,0.7732905977176842,0.012054902806223277,3,-0.04923611111111148,-709,0.0689988085854761,197.9090909090909,5.451514309296345,3.835132575757576,0.07531177862623453
RHF_MPM_P44,663,0.03315,33.15,0,255,3.955972222222222,26.488084436409128,56966,223.39607843137256,0,181,255,0.6102098575461655,105,105,205,0.01423611111111111,17,17,0.7093425605536332,63.41463414634146,54.4780487804878,0.04972222222222222,0.005138888888888889,0.018333333333333333,0.012638888888888889,0.008958333333333334,1,62.96959589930836,53.90522416880244,6.584777978774013,4.40777078955943,0.7429130647464844,45.16105509120842,-0.5374169619123124,0.5374169619123124,0.011252325948811571,3,0.0905555555555555,1304,0.14565315091964984,199.27272727272728,5.171440964846505,3.8558270202020206,0.0743919507095657
RHF_MPM_P44,664,0.0332,33.2,0,255,3.9250694444444445,26.334852474549553,56521,221.65098039215687,0,175,255,0.6112262402106846,105,105,204,0.014166666666666666,17,17,0.7058823529411765,63.40686274509804,54.544117647058826,0.049930555555555554,0.005069444444444444,0.018194444444444444,0.0125,0.009027777777777777,1,62.93186603209426,53.901045629058224,6.761534398676139,4.554114953972071,0.7391573685688262,-135.5491893195553,0.8049810604099894,0.8049810604099894,0.01061552343376798,-1,-0.0309027777777775,-445,0.0379605462867352,200.54545454545453,4.397595135435573,3.8758522727272733,0.059120449320038855
RHF_MPM_P44,665,0.03325,33.25,0,255,3.8935416666666667,26.240699145092606,56067,219.87058823529412,1,176,255,0.6170805025553514,106,106,201,0.013958333333333333,17,16,0.7389705882352942,63.50248756218905,54.666666666666664,0.050625,0.005,0.017708333333333333,0.012361111111111111,0.008958333333333334,1,62.96457809406603,54.0063495460788,6.732787687487157,4.380949542723467,0.7593445102365707,-136.2936231256135,0.9593276215511501,0.9593276215511501,0.012806106979149946,-3,-0.03152777777777782,-454,0.11026782821077649,200.63636363636363,4.395715419540576,3.883049242424242,0.05593112834775675
RHF_MPM_P44,666,0.0333,33.3,0,255,3.8450694444444444,26.110397766463752,55369,217.13333333333333,1,173,255,0.6116165341232727,106,106,198,0.01375,17,16,0.7279411764705882,63.41414141414141,54.707070707070706,0.050138888888888886,0.004861111111111111,0.017847222222222223,0.012361111111111111,0.008958333333333334,1,62.914591197240334,54.073687442431684,6.591288718470632,4.440669328712867,0.7389886085858829,-137.0828939892178,0.7095925415190297,0.7095925415190297,0.013437121855189728,-3,-0.04847222222222225,-698,0.0838634732138729,200.45454545454547,4.459181261247536,3.8860921717171717,0.05278293677361563
RHF_MPM_P44,667,0.03335,33.35,0,255,3.8309027777777778,26.1551318103795,55165,216.33333333333334,0,178,255,0.5857163635085166,104,104,201,0.013958333333333333,17,16,0.7389705882352942,63.482587064676615,54.64179104477612,0.04756944444444444,0.004930555555555555,0.017847222222222223,0.012291666666666666,0.008958333333333334,1,63.06250339889423,54.068993020937185,6.390069090146847,4.455568121154018,0.716813966397175,-136.41967194695363,0.7023614503410661,0.7023614503410661,0.011619686395359376,3,-0.01416666666666666,-204,0.14798667842502095,200.72727272727272,4.391953574247695,3.8823295454545454,0.0550587346735341
RHF_MPM_P44,668,0.0334,33.4,0,255,3.8715277777777777,26.34390917164104,55750,218.62745098039215,0,178,255,0.5836459798430359,105,105,206,0.014305555555555556,18,16,0.7152777777777778,63.36893203883495,54.54368932038835,0.04722222222222222,0.004930555555555555,0.018125,0.0125,0.009097222222222222,1,62.98346188340807,54.05015246636771,6.396836068476737,4.440833253149954,0.7197595971854521,-137.3023473582047,0.7092871478967009,0.7092871478967009,0.009704035874439462,5,0.04062499999999991,585,0.08125593927113399,202.1818181818182,3.0396824540546343,3.8896717171717174,0.04718005480384422
RHF_MPM_P44,669,0.03345,33.45,0,255,3.9184722222222224,26.42137219708708,56426,221.27843137254902,0,180,255,0.5925824642639848,106,106,203,0.014097222222222223,17,16,0.7463235294117647,63.48768472906404,54.600985221674875,0.04805555555555555,0.004930555555555555,0.01826388888888889,0.0125,0.009027777777777777,1,62.938166802537836,53.96666430368979,6.606538461236957,4.391523845543526,0.7470891313325286,-139.33604111512477,0.8385595673654134,0.8385595673654134,0.009286499131605997,-3,0.04694444444444468,676,0.09498377576395003,202.54545454545453,2.87192163616933,3.89751893939394,0.044034290485047915
RHF_MPM_P44,670,0.0335,33.5,0,255,3.8690972222222224,26.15222564389954,55715,218.49019607843138,0,175,255,0.5931846013615625,105,105,201,0.013958333333333333,17,16,0.7389705882352942,63.55721393034826,54.62686567164179,0.04819444444444444,0.004861111111111111,0.017916666666666668,0.012222222222222223,0.008819444444444444,1,62.91968051691645,53.848676299021804,6.755138023457448,4.413362804089291,0.7570696152193686,-137.1377200128962,1.1128608001553915,1.1128608001553915,0.011163959436417481,-2,-0.04937499999999995,-711,0.11942743404096069,201.9090909090909,2.3141676475196102,3.887411616161616,0.03588395056280847
RHF_MPM_P44,671,0.03355,33.55,0,255,3.8428472222222223,26.079570233422025,55337,217.0078431372549,0,173,255,0.5925451116391971,102,102,202,0.014027777777777778,17,16,0.7426470588235294,63.524752475247524,54.63861386138614,0.04805555555555555,0.004861111111111111,0.017847222222222223,0.012152777777777778,0.008819444444444444,1,63.002710663751195,53.906048394383504,6.601337583574907,4.452249874473523,0.7383236050587805,-136.82599787495695,0.8410608841840831,0.8410608841840831,0.012938901639048015,1,-0.026250000000000107,-378,0.10092354834027181,202.0,2.2962419891481978,3.884779040404041,0.03793587659239449
RHF_MPM_P44,672,0.0336,33.6,0,255,3.8225,26.01150694884862,55044,215.85882352941175,0,174,255,0.5919389841292104,106,106,197,0.013680555555555555,16,16,0.76953125,64.03045685279187,54.786802030456855,0.04798611111111111,0.004791666666666666,0.017777777777777778,0.012430555555555556,0.00875,1,63.38080444735121,53.98764624663905,6.512968376808829,4.574005496889545,0.7118890125790842,-137.76210533716034,1.0220810402214429,1.0220810402214429,0.012426422498364944,-5,-0.020347222222222516,-293,0.38679855052687717,201.8181818181818,2.5873180855923104,3.876401515151515,0.040502148682863524
RHF_MPM_P44,673,0.03365,33.65,0,255,3.7909722222222224,26.168958002634966,54590,214.07843137254903,0,173,255,0.5600892583581847,105,105,199,0.013819444444444445,16,16,0.77734375,64.15075376884423,54.70854271356784,0.045208333333333336,0.004930555555555555,0.017361111111111112,0.012638888888888889,0.009097222222222222,1,63.75477193625206,54.346327166147645,5.895189433390952,4.197671375806658,0.7021284620539223,-139.4978205413311,0.5078319508769191,0.5078319508769191,0.011833669170177688,2,-0.03152777777777738,-454,0.5181734118751553,201.54545454545453,2.7090298955911525,3.8696338383838382,0.047403822040221776
RHF_MPM_P44,674,0.0337,33.7,0,12,0.01902777777777778,0.3410346175089945,274,22.833333333333332,0,0,7,0.05647181284707726,3,8,8,0.0005555555555555556,93,98,0.0008777704630239193,84.125,69.25,0.004583333333333333,0.0,0.0,0.0,0.0,0,80.65328467153284,60.96350364963504,32.93593454175626,28.9834543932041,0.4749831340077259,140.6381425494009,0.06352870267684049,0.06352870267684049,0.0,-191,-3.7719444444444448,-54316,18.147913303684955,183.63636363636363,55.59639086924574,3.511729797979798,1.1051689603331998
RHF_MPM_P44,675,0.03375,33.75,0,255,3.0209027777777777,21.954028212165255,43501,170.5921568627451,3,96,255,0.653993123433437,107,107,133,0.009236111111111112,14,13,0.7307692307692307,67.34586466165413,57.17293233082707,0.055625,0.003472222222222222,0.0125,0.008333333333333333,0.0061805555555555555,1,69.46867888094526,58.25233902668904,7.497750193689017,5.408450094184809,0.6925779268205053,-142.85306580188603,-0.3320794376548377,0.3320794376548377,0.015539872646605826,125,3.001875,43227,11.508510776966721,177.1818181818182,56.96221743292683,3.429532828282828,1.1049938082937796
RHF_MPM_P44,676,0.0338,33.8,0,255,5.262708333333333,26.245964206128434,75783,297.18823529411765,26,150,255,1.1760226298338317,107,107,182,0.012638888888888889,24,21,0.3611111111111111,69.0989010989011,59.62637362637363,0.10722222222222222,0.004930555555555555,0.020416666666666666,0.010902777777777779,0.008402777777777778,1,78.23994827335946,66.22746526265786,17.38013098613011,4.677479591398685,0.9631044226492775,-144.9324047304021,-0.829854847993451,0.829854847993451,0.01557077444809522,49,2.2418055555555556,32282,11.854864201412864,175.45454545454547,56.49998171578729,3.5540025252525256,1.2212487256962306
RHF_MPM_P44,677,0.03385,33.85,0,255,6.012569444444445,29.418629213252682,86581,339.53333333333336,28,222,255,1.1940478693189596,112,112,216,0.015,20,19,0.5684210526315789,69.86574074074075,60.46296296296296,0.10833333333333334,0.006805555555555555,0.025,0.013958333333333333,0.010902777777777779,1,78.31165036208868,67.96965847010314,19.11408300729925,4.2995359689704244,0.9743724460675528,-137.89805819126835,-1.0297601142338568,1.0297601142338568,0.013986902438179277,34,0.7498611111111115,10798,1.7436680766695865,177.0909090909091,57.383010703128605,3.75104797979798,1.4122409101762874
RHF_MPM_P44,678,0.0339,33.9,0,255,5.828611111111111,29.404290375988197,83932,329.14509803921567,28,224,255,1.1097185196552042,111,111,222,0.015416666666666667,19,18,0.6491228070175439,69.56306306306307,60.2027027027027,0.09972222222222223,0.007013888888888889,0.024375,0.014097222222222223,0.011111111111111112,1,77.71765238526426,67.11825048849069,19.63780582122633,4.074403004065069,0.9782397885447017,-138.5865936824989,-1.208554784729743,1.208554784729743,0.007946909402849926,6,-0.1839583333333339,-2649,1.0381373452606852,179.0,58.48542942088614,3.932657828282828,1.534030832338856
RHF_MPM_P44,679,0.03395,33.95,0,255,5.753125,31.00071387996909,82845,324.88235294117646,20,241,255,1.004529369347305,108,108,270,0.01875,21,21,0.6122448979591837,70.53703703703704,61.17407407407408,0.09027777777777778,0.008194444444444445,0.023680555555555555,0.017291666666666667,0.012777777777777779,1,74.49873860824431,64.20323495684713,15.47233751354477,4.350607315389762,0.9596532385191165,-140.48983599183586,-1.9062825803771934,1.9062825803771934,0.036538113344196994,48,-0.07548611111111114,-1087,4.342662944969599,184.8181818181818,63.821937211443895,4.10371212121212,1.620164556682407
RHF_MPM_P44,680,0.034,34.0,0,255,6.190555555555555,33.375928113973636,89144,349.5843137254902,17,253,255,0.9231889989449981,110,110,310,0.021527777777777778,23,23,0.5860113421550095,71.40645161290323,62.02903225806452,0.0811111111111111,0.009236111111111112,0.027430555555555555,0.020277777777777777,0.015416666666666667,1,72.79680068204254,62.94268823476622,10.525430315341575,4.615462619736589,0.89872834148587,-138.64858813227062,-1.2489011591347086,1.2489011591347086,0.024993269317060036,40,0.4374305555555553,6299,2.117916604399917,194.54545454545453,73.30182142889348,4.310265151515151,1.7248336177918042
RHF_MPM_P44,681,0.03405,34.05,0,255,6.3840972222222225,33.68721377765842,91931,360.51372549019607,18,253,255,0.9531310041802057,109,109,322,0.02236111111111111,24,23,0.5833333333333334,71.52173913043478,62.192546583850934,0.08402777777777778,0.009375,0.028402777777777777,0.02048611111111111,0.015208333333333334,1,72.96228693259074,63.228127617452216,10.325459137578104,4.546712882190318,0.8978310903885433,-137.49617141010958,-0.9584351203797383,0.9584351203797383,0.014945992102772731,12,0.1935416666666674,2787,0.3299414195105885,205.54545454545453,82.00705472575751,4.538901515151515,1.8155062144262466
RHF_MPM_P44,682,0.0341,34.1,0,255,6.409236111111111,33.62979764575237,92293,361.93333333333334,20,253,255,0.9638752972260622,109,109,319,0.022152777777777778,25,23,0.5547826086956522,71.69592476489028,62.03448275862069,0.08479166666666667,0.00951388888888889,0.02784722222222222,0.02034722222222222,0.015277777777777777,1,73.18002448723088,63.28596968350796,10.687112747586161,4.492363684063975,0.9073604896029294,-137.45529390365235,-0.9624044009020106,0.9624044009020106,0.014020564939919603,-3,0.025138888888888822,362,0.2252894744684353,216.1818181818182,88.21030467717289,4.772209595959596,1.8749931300889349
RHF_MPM_P44,683,0.03415,34.15,0,255,6.434861111111111,33.5120883037854,92662,363.38039215686274,21,253,255,0.9806185083325771,109,109,314,0.021805555555555557,25,23,0.5460869565217391,71.63694267515923,61.99363057324841,0.08680555555555555,0.009444444444444445,0.02784722222222222,0.02,0.015277777777777777,1,73.55181196175347,63.53594785348903,11.330401325805333,4.403170807897417,0.9213999721536374,-137.7605210428615,-0.956334145354956,0.956334145354956,0.015184217910254474,-5,0.025624999999999787,369,0.44801228965171375,226.8181818181818,92.21892744178061,5.00969696969697,1.9048657929660553
RHF_MPM_P44,684,0.0342,34.2,0,255,6.461041666666667,33.27972370717704,93039,364.8588235294118,22,253,255,1.0215095004037735,109,109,311,0.021597222222222223,25,22,0.5654545454545454,71.51768488745981,61.89389067524116,0.09055555555555556,0.009375,0.02784722222222222,0.01986111111111111,0.014722222222222222,1,73.98513526585626,63.846623458979565,11.98072518161979,4.469186807953035,0.9278187145742021,-137.97781628995608,-1.0563595310948453,1.0563595310948453,0.018314900203140617,-3,0.02618055555555543,377,0.5331870382196731,237.0,94.73407757795214,5.252430555555556,1.904221302787988
RHF_MPM_P44,685,0.03425,34.25,0,255,6.2027777777777775,32.162534156920245,89320,350.27450980392155,22,247,255,1.015573460928967,109,109,289,0.020069444444444445,25,22,0.5254545454545455,71.17993079584775,61.536332179930795,0.08986111111111111,0.008472222222222223,0.026805555555555555,0.018472222222222223,0.013472222222222222,1,74.23070980743394,64.05416480071652,12.726377090632582,4.238021930446072,0.9429229869027291,-138.1717614703941,-1.135912865953018,1.135912865953018,0.019491715181370352,-22,-0.25826388888888907,-3719,0.32152801433322187,262.54545454545456,61.64762568068713,5.814589646464646,0.949882787019327
RHF_MPM_P44,686,0.0343,34.3,0,255,5.684930555555556,30.472753688439262,81863,321.03137254901964,21,239,255,0.999966741810604,107,107,256,0.017777777777777778,21,19,0.6416040100250626,70.109375,60.66015625,0.08888888888888889,0.007569444444444445,0.023680555555555555,0.01625,0.012013888888888888,1,73.95213955022416,63.921515214443644,13.25912615038054,4.219450585108135,0.948013566004612,-138.05399803641657,-1.3749223945581448,1.3749223945581448,0.024064595727007317,-33,-0.5178472222222217,-7457,0.3085405985284395,273.72727272727275,46.40746591403137,6.056773989898989,0.36828715836245546
RHF_MPM_P44,687,0.03435,34.35,0,255,5.253888888888889,29.287283671869314,75656,296.69019607843137,19,225,255,0.9699414080910618,109,109,237,0.016458333333333332,20,18,0.6583333333333333,69.67088607594937,60.21518987341772,0.08673611111111111,0.007152777777777778,0.021388888888888888,0.015,0.01138888888888889,1,73.64543459870995,63.642738183356244,13.687417831383163,4.1874344529724326,0.9520530056630448,-137.77042040492015,-1.5607497760029947,1.5607497760029947,0.02775721687638786,-19,-0.4310416666666672,-6207,0.414469010114432,278.72727272727275,38.55360119741418,6.0559722222222225,0.3700205017051066
RHF_MPM_P44,688,0.0344,34.4,0,255,4.768888888888889,27.879884801469498,68672,269.30196078431374,16,206,255,0.9177513053899079,108,108,216,0.015,19,18,0.631578947368421,69.21296296296296,60.08796296296296,0.08180555555555556,0.006111111111111111,0.019444444444444445,0.013819444444444445,0.010347222222222223,1,73.08045491612302,63.31043219944082,13.524414277052514,4.053065295869907,0.9540381792411348,-137.85601143256739,-1.7347670863387352,1.7347670863387352,0.030143289841565703,-21,-0.48499999999999943,-6984,0.6554611420076978,278.72727272727275,38.55360119741418,5.942910353535353,0.523984190138671
RHF_MPM_P44,689,0.03445,34.45,0,255,4.372847222222222,26.77453597386046,62969,246.93725490196078,14,184,255,0.857072643634655,108,108,202,0.014027777777777778,18,17,0.6601307189542484,68.82178217821782,59.62376237623762,0.07611111111111112,0.005555555555555556,0.017916666666666668,0.012847222222222222,0.009444444444444445,1,72.38580889008877,62.699868189108926,13.035327882562113,4.080409883338354,0.9497442196481117,-137.73805431058352,-1.9212767104619555,1.9212767104619555,0.030761168193873176,-14,-0.39604166666666707,-5703,0.9248359379899428,276.90909090909093,41.54177425513338,5.810568181818181,0.6927894020548785
RHF_MPM_P44,690,0.0345,34.5,0,255,4.0934027777777775,25.993283551909947,58945,231.15686274509804,13,169,255,0.8173982667681804,106,106,192,0.013333333333333334,18,16,0.6666666666666666,68.61979166666667,59.567708333333336,0.07256944444444445,0.005138888888888889,0.016944444444444446,0.012152777777777778,0.008888888888888889,1,71.84960556450929,62.3132920519128,12.445879884083714,3.9353910221277872,0.9486924510994266,-137.94728192016387,-2.124681679673483,2.124681679673483,0.03226736788531682,-10,-0.2794444444444446,-4024,0.6610258060106032,269.8181818181818,48.23393407855319,5.659684343434344,0.8514405310868016
RHF_MPM_P44,691,0.03455,34.55,0,255,3.700763888888889,24.76200268948882,53291,208.98431372549018,10,150,255,0.7473056997992686,106,106,177,0.012291666666666666,17,16,0.6507352941176471,68.25988700564972,59.32768361581921,0.06520833333333333,0.0043055555555555555,0.015694444444444445,0.011041666666666667,0.007916666666666667,1,71.13769679683249,61.68619466701694,11.79386020125306,3.9713602678085484,0.9416008302476824,-137.73565952547443,-2.034813538468931,2.034813538468931,0.03216302940458989,-15,-0.39263888888888854,-5654,0.9487176733034614,257.72727272727275,53.07300445285619,5.433339646464646,0.998474050321485
RHF_MPM_P44,692,0.0346,34.6,0,255,3.5975694444444444,24.90033036780302,51805,203.15686274509804,5,153,255,0.6798607840350315,107,107,176,0.012222222222222223,17,16,0.6470588235294118,68.2840909090909,59.38068181818182,0.058263888888888886,0.0044444444444444444,0.015625,0.010972222222222222,0.008263888888888888,1,70.37401795193514,61.06460766335296,10.283176600193798,3.9215458395612064,0.9244284672728548,-137.90033485322854,-2.296307664222503,2.296307664222503,0.032545121127304316,-1,-0.10319444444444459,-1486,0.9846703921961433,244.45454545454547,53.59335718057134,5.180018939393939,1.0756258981569475
RHF_MPM_P44,693,0.03465,34.65,0,255,3.6372916666666666,25.439558781517103,52377,205.4,3,162,255,0.6475468780662562,108,108,182,0.012638888888888889,17,16,0.6691176470588235,68.38461538461539,59.395604395604394,0.05513888888888889,0.004861111111111111,0.01576388888888889,0.011597222222222222,0.00875,1,69.86373790022338,60.5597113236726,8.774475459382055,3.9777538221078834,0.8913415481331963,-137.98755849094215,-2.0859858235678916,2.0859858235678916,0.025087347499856808,6,0.039722222222222214,572,0.7178482047045734,232.0,50.661084221969176,4.92802398989899,1.0828077300634564
RHF_MPM_P44,694,0.0347,34.7,0,255,3.7035416666666667,26.047194639110533,53331,209.14117647058825,1,177,255,0.6234358233013176,109,109,188,0.013055555555555556,17,16,0.6911764705882353,68.42553191489361,59.3563829787234,0.05291666666666667,0.005625,0.01611111111111111,0.012083333333333333,0.009027777777777777,1,69.5112973692599,60.140631152612926,7.428281860162743,4.3966064844572355,0.8060305415909482,-138.08745135580514,-1.7884624468678998,1.7884624468678998,0.02010087941347434,6,0.06625000000000014,954,0.5475787775665023,220.54545454545453,44.722098739912454,4.679722222222223,1.020151761750852
RHF_MPM_P44,695,0.03475,34.75,0,255,3.818611111111111,26.652994167091016,54988,215.6392156862745,0,191,255,0.5918003795485764,105,105,199,0.013819444444444445,18,16,0.6909722222222222,68.56281407035176,59.517587939698494,0.04958333333333333,0.005763888888888889,0.017083333333333332,0.012777777777777779,0.009583333333333333,1,69.39870517203754,60.05955844911617,6.782074198014853,4.268736632553957,0.7770696494779036,-139.1474491489466,-1.2446160459426947,1.2446160459426947,0.01418491307194297,11,0.11506944444444445,1657,0.13874359851046902,210.36363636363637,34.56554439762424,4.439501262626263,0.87289757630127
RHF_MPM_P44,696,0.0348,34.8,0,255,3.8738888888888887,26.72666035563426,55784,218.76078431372548,1,183,255,0.6021708213401755,109,109,200,0.013888888888888888,18,17,0.6535947712418301,68.76,59.75,0.050208333333333334,0.005625,0.0175,0.012708333333333334,0.009652777777777777,1,69.48723648357952,60.21974042736269,6.997144980474086,4.348342720998362,0.7834575700515289,-137.94050343432974,-0.825550903781888,0.825550903781888,0.013211673598164348,1,0.05527777777777754,796,0.1830192866293401,202.27272727272728,24.019276005631617,4.227784090909091,0.6808523725635655
RHF_MPM_P44,697,0.03485,34.85,0,255,3.8800694444444446,26.550860364709248,55873,219.10980392156864,1,184,255,0.6096781356429156,106,106,202,0.014027777777777778,18,17,0.6601307189542484,68.7871287128713,59.648514851485146,0.050625,0.005625,0.017708333333333333,0.012569444444444444,0.009305555555555555,1,69.66386268859735,60.25618814096254,7.300022736489179,4.241839534445482,0.8138520846756744,-139.17175776958157,-0.22201427084040468,0.22201427084040468,0.013172731014980402,2,0.0061805555555558556,89,0.18034758696931888,197.36363636363637,17.041514696191058,4.063705808080808,0.5045835933591437
RHF_MPM_P44,698,0.0349,34.9,0,255,3.815347222222222,26.154482312183617,54941,215.45490196078433,1,173,255,0.6116782000014198,107,107,197,0.013680555555555555,18,16,0.6840277777777778,68.5228426395939,59.390862944162436,0.050625,0.005208333333333333,0.017291666666666667,0.0125,0.009097222222222222,1,69.62721828870971,60.20958846762891,7.208787502851972,4.319276961102625,0.8006230991873157,-138.13067051302943,-1.03940573384277,1.03940573384277,0.01665422908210626,-5,-0.06472222222222257,-932,0.05928188254370832,193.72727272727272,11.592245912214604,3.932929292929293,0.3381324894744967
RHF_MPM_P44,699,0.03495,34.95,0,255,3.7267361111111112,25.94043618802134,53665,210.45098039215685,1,165,255,0.6090760233441684,108,108,191,0.01326388888888889,17,16,0.7022058823529411,68.31937172774869,59.27225130890052,0.050902777777777776,0.005347222222222222,0.01638888888888889,0.012083333333333333,0.008958333333333334,1,69.38539085064754,60.05280909345011,7.126432769708477,4.3268334401431225,0.7945851159056226,-137.57321160212524,-1.26667360160725,1.26667360160725,0.019882605049846267,-6,-0.08861111111111075,-1276,0.2882018077105206,191.45454545454547,9.20833255425498,3.838188131313131,0.21375895562815286
RHF_MPM_P44,700,0.035,35.0,0,255,3.723263888888889,26.1262934376745,53615,210.2549019607843,1,177,255,0.6087833865759721,110,110,188,0.013055555555555556,17,15,0.7372549019607844,68.22340425531915,59.16489361702128,0.051180555555555556,0.005416666666666667,0.01625,0.012430555555555556,0.009236111111111112,1,69.26300475613168,59.85190711554602,7.158542692893596,4.289783274307414,0.800559173211272,-138.52800763957364,-0.8241513315734813,0.8241513315734813,0.019658677608878114,-3,-0.003472222222222321,-50,0.2352444704060437,190.1818181818182,8.610967444519721,3.779135101010101,0.13198111984846328
RHF_MPM_P44,701,0.03505,35.05,0,255,3.8419444444444446,26.597715891850193,55324,216.95686274509805,1,187,255,0.6223841580874914,110,110,195,0.013541666666666667,18,16,0.6770833333333334,68.41538461538461,59.184615384615384,0.052569444444444446,0.005694444444444445,0.016944444444444446,0.012638888888888889,0.009652777777777777,1,69.3567890969561,59.8098474441472,7.355445156098998,4.306200838571358,0.8107128874057102,-140.40892004227751,-0.6890955178926266,0.6890955178926266,0.018599522811076567,7,0.11868055555555568,1709,0.10278384377930666,190.45454545454547,8.71115936719454,3.7562752525252523,0.0909753800473946
RHF_MPM_P44,702,0.0351,35.1,0,255,3.7216666666666667,26.163819431081198,53592,210.16470588235293,0,179,255,0.583058323506854,108,108,192,0.013333333333333334,17,15,0.7529411764705882,68.29166666666667,59.041666666666664,0.04833333333333333,0.005347222222222222,0.01673611111111111,0.012430555555555556,0.009097222222222222,1,69.15177638453501,59.61925287356322,6.595783658393617,4.261325570189545,0.7632797521179542,-140.7489086249254,-0.9109979283685479,0.9109979283685479,0.015244812658605762,-3,-0.12027777777777793,-1732,0.27992231527755546,191.8181818181818,7.60165271286068,3.758175505050505,0.09000921149251752
RHF_MPM_P44,703,0.03515,35.15,0,255,3.8065277777777777,26.498143260934462,54814,214.95686274509805,0,187,255,0.5969572129249254,109,109,193,0.013402777777777777,17,15,0.7568627450980392,68.24870466321244,59.02590673575129,0.04986111111111111,0.005625,0.017013888888888887,0.0125,0.009444444444444445,1,69.21941474805706,59.630149231948046,6.630764477873214,4.3843841958870176,0.7501933647354632,-143.3550190282039,-1.2852749072089564,1.2852749072089564,0.0173130951946583,1,0.08486111111111105,1222,0.06851042873892708,193.36363636363637,5.72510781593956,3.777171717171717,0.07488928703490007
RHF_MPM_P44,704,0.0352,35.2,0,255,3.7489583333333334,26.182733236777704,53985,211.7058823529412,0,179,255,0.5914753531652868,107,107,194,0.013472222222222222,18,15,0.7185185185185186,68.41237113402062,59.08762886597938,0.04909722222222222,0.005347222222222222,0.01673611111111111,0.0125,0.009097222222222222,1,69.15113457441882,59.55520978049458,6.555767931387753,4.4709247282395665,0.7313676767398514,-142.26956022748155,-0.766952252819034,0.766952252819034,0.01515235713624155,1,-0.05756944444444434,-829,0.1013809819256806,194.45454545454547,4.459181261247536,3.787323232323233,0.06163561476221858
RHF_MPM_P44,705,0.03525,35.25,0,255,3.619861111111111,25.60367150283635,52126,204.4156862745098,0,164,255,0.5773112885239076,107,107,186,0.012916666666666667,17,15,0.7294117647058823,68.1774193548387,58.95161290322581,0.0475,0.004861111111111111,0.016319444444444445,0.011805555555555555,0.00875,1,69.03704485285654,59.478129915972836,6.682416537131299,4.273685830182621,0.7687561835986013,-140.62832510146168,-0.2555039238123327,0.2555039238123327,0.014733530291984806,-8,-0.1290972222222222,-1859,0.13768721829149128,194.27272727272728,4.749945628222957,3.779715909090909,0.07518224242762567
RHF_MPM_P44,706,0.0353,35.3,0,255,3.473333333333333,25.01522558585293,50016,196.14117647058825,0,151,255,0.5617989955658569,106,106,179,0.012430555555555556,17,15,0.7019607843137254,67.94972067039106,58.87150837988827,0.04618055555555556,0.004583333333333333,0.015555555555555555,0.011319444444444444,0.008194444444444445,1,68.80704174664108,59.3524072296865,6.635086095268875,4.307346315049558,0.7606372468659952,-140.46308689687777,-0.443897391782787,0.443897391782787,0.015475047984644913,-7,-0.14652777777777803,-2110,0.26212138927568357,192.45454545454547,6.199173498629935,3.7483270202020207,0.11429452604648392
RHF_MPM_P44,707,0.03535,35.35,0,255,3.3369444444444443,24.414907709048542,48052,188.4392156862745,0,142,255,0.5494311852316701,106,106,171,0.011875,16,14,0.7633928571428571,67.67251461988305,58.66081871345029,0.045,0.004375,0.015277777777777777,0.010833333333333334,0.0077083333333333335,1,68.70721301922917,59.36545825355864,6.493213250159191,4.253034902035777,0.7556315173060678,-139.42099091930342,-0.9780382295989531,0.9780382295989531,0.016274036460501125,-8,-0.1363888888888889,-1964,0.10067822029014735,189.8181818181818,8.255226243451995,3.6995138888888888,0.1569468719084642
RHF_MPM_P44,708,0.0354,35.4,0,255,3.3241666666666667,24.483830818068032,47868,187.71764705882353,0,147,255,0.5454387086300988,106,106,173,0.012013888888888888,16,14,0.7723214285714286,67.71676300578035,58.49710982658959,0.04465277777777778,0.004375,0.01513888888888889,0.010833333333333334,0.007916666666666667,1,68.61609008105624,59.14335255285368,6.197638429301625,4.395167009016211,0.705039510453508,-138.19495401385336,-1.4078058962836308,1.4078058962836308,0.01790340101947021,2,-0.012777777777777555,-184,0.24007151465117882,187.1818181818182,8.568633940325949,3.6489772727272727,0.17866863943792755
RHF_MPM_P44,709,0.03545,35.45,0,255,3.3361111111111112,24.636297778072834,48040,188.3921568627451,0,151,255,0.5399039476576377,106,106,176,0.012222222222222223,16,15,0.7333333333333333,67.79545454545455,58.52272727272727,0.04423611111111111,0.0044444444444444444,0.015,0.010833333333333334,0.00798611111111111,1,68.52304329725229,59.03898834304746,6.2396964339585885,4.43463996085255,0.7034810094019578,-139.7979702668186,-0.40561672441796276,0.40561672441796276,0.015903413821815152,3,0.011944444444444535,172,0.13981985647516956,185.27272727272728,8.507653336217702,3.605410353535353,0.190805646945084
RHF_MPM_P44,710,0.0355,35.5,0,255,3.392986111111111,24.850264211088746,48859,191.60392156862744,0,150,255,0.5384507940532496,104,104,179,0.012430555555555556,16,15,0.7458333333333333,67.82122905027933,58.49162011173184,0.04388888888888889,0.0044444444444444444,0.015416666666666667,0.011111111111111112,0.008194444444444445,1,68.49096379377391,59.03430278966004,6.010895862731681,4.507390242110852,0.6615852496848392,-140.9278834079251,-0.6218908782457149,0.6218908782457149,0.013446857283202685,3,0.05687499999999979,819,0.03241988516273904,184.1818181818182,8.472610221587097,3.5750694444444444,0.19557667291570505
RHF_MPM_P44,711,0.03555,35.55,0,255,3.4071527777777777,24.833540076409946,49063,192.40392156862745,0,149,255,0.5409671514744032,105,105,181,0.012569444444444444,16,15,0.7541666666666667,67.8232044198895,58.41988950276243,0.04388888888888889,0.0044444444444444444,0.015555555555555555,0.011111111111111112,0.008194444444444445,1,68.54841734096978,58.992866314738194,6.114242605574598,4.622696032303764,0.6545095351291947,-140.59785014065648,-0.17237758935461794,0.17237758935461794,0.013064835008050873,2,0.01416666666666666,204,0.07083707743361452,183.54545454545453,8.424678427784068,3.5463320707070705,0.19491321969119157
RHF_MPM_P44,712,0.0356,35.6,0,255,3.380138888888889,24.753222460983384,48674,190.87843137254902,0,147,255,0.5325393033100055,106,106,178,0.012361111111111111,16,15,0.7416666666666667,67.65168539325843,58.3876404494382,0.043194444444444445,0.0045138888888888885,0.015347222222222222,0.010902777777777779,0.008055555555555555,1,68.4655462875457,58.93550971771377,5.9650913693028755,4.656993506649692,0.6248962254334355,-139.9761652756822,-0.7901433959811285,0.7901433959811285,0.012819986029502404,-3,-0.027013888888888893,-389,0.10078388124019312,182.0,7.7106773667781905,3.504349747474747,0.1754859806331715
RHF_MPM_P44,713,0.03565,35.65,0,255,3.3895138888888887,24.842193912269643,48809,191.4078431372549,0,150,255,0.5259081222679153,106,106,180,0.0125,16,15,0.75,67.62222222222222,58.45,0.042569444444444444,0.0045138888888888885,0.015347222222222222,0.011111111111111112,0.008194444444444445,1,68.37654940687169,58.94681308775021,5.941471080261386,4.408312474484739,0.6704481376116515,-139.23851540058408,-0.08171267516896649,0.08171267516896649,0.012415742998217542,2,0.009374999999999911,135,0.08971182165069362,180.9090909090909,7.038266127580331,3.474154040404041,0.16367364047680347
RHF_MPM_P44,714,0.0357,35.7,0,255,3.4071527777777777,24.89878380461345,49063,192.40392156862745,0,149,255,0.5354307110038936,107,107,178,0.012361111111111111,16,15,0.7416666666666667,67.5505617977528,58.3876404494382,0.043611111111111114,0.0045138888888888885,0.015277777777777777,0.011041666666666667,0.008263888888888888,1,68.38697185251615,58.899292746061185,5.7576928767287265,4.6119575896947005,0.5986537510327052,-137.73647050899095,-1.183461810953903,1.183461810953903,0.014776919470884373,-2,0.01763888888888898,254,0.04864987407438255,179.54545454545453,5.929335948771029,3.4378472222222216,0.12584134991856455
RHF_MPM_P44,715,0.03575,35.75,0,255,3.4081944444444443,24.968948261701467,49078,192.46274509803922,0,152,255,0.5228646556617422,106,106,180,0.0125,16,15,0.75,67.63333333333334,58.37222222222222,0.042430555555555555,0.004583333333333333,0.015416666666666667,0.011180555555555555,0.008263888888888888,1,68.28860181751497,58.82427971799992,5.761284820830696,4.568807097268787,0.6091971801195131,-141.47085541391388,-0.5246623841612711,0.5246623841612711,0.011960552589755084,2,0.0010416666666666075,15,0.12370779346934303,178.27272727272728,3.816016702148247,3.406868686868687,0.07846788366562818
RHF_MPM_P44,716,0.0358,35.8,0,255,3.446875,25.126363090961245,49635,194.64705882352942,0,152,255,0.5232526355713883,106,106,182,0.012638888888888889,16,15,0.7583333333333333,67.62637362637362,58.40659340659341,0.042430555555555555,0.004791666666666666,0.015694444444444445,0.011180555555555555,0.008333333333333333,1,68.30528860682986,58.883791679258586,5.830282792411486,4.499281816452307,0.6359757773722904,-141.71100760946243,-0.03438138463465465,0.03438138463465465,0.011141331721567442,2,0.03868055555555561,557,0.061807139316524394,177.9090909090909,3.2038200339465632,3.391142676767677,0.043945883468002815
RHF_MPM_P44,717,0.03585,35.85,0,255,3.442361111111111,25.06694946610508,49570,194.3921568627451,0,148,255,0.5197829222839514,107,107,179,0.012430555555555556,16,15,0.7458333333333333,67.58100558659218,58.435754189944134,0.04201388888888889,0.0045138888888888885,0.015902777777777776,0.011319444444444444,0.008125,1,68.25027234214242,58.91190236029857,5.9377702810188815,4.484249807243427,0.6554855737881781,-138.10883728412418,0.34828768097877055,0.34828768097877055,0.009925358079483559,-3,-0.004513888888888928,-65,0.06178187249258441,177.9090909090909,3.2038200339465632,3.3883270202020204,0.03934054612166821
RHF_MPM_P44,718,0.0359,35.9,0,255,3.446527777777778,25.03221650081496,49630,194.62745098039215,0,152,255,0.5230964996716583,107,107,179,0.012430555555555556,16,15,0.7458333333333333,67.49720670391062,58.42458100558659,0.042291666666666665,0.004583333333333333,0.015833333333333335,0.01125,0.008263888888888888,1,68.34193028410236,58.93548257102559,5.712314234375,4.567940256032619,0.6004458256678951,-138.05106739006987,-1.156658176521003,1.156658176521003,0.012472294982873262,0,0.004166666666666874,60,0.09464250980538208,178.63636363636363,2.3460887091934435,3.398289141414142,0.038940445090228704
RHF_MPM_P44,719,0.03595,35.95,0,255,3.497916666666667,25.29304627964308,50370,197.52941176470588,0,159,255,0.5341592565987796,108,108,181,0.012569444444444444,15,15,0.8044444444444444,67.50276243093923,58.386740331491715,0.043263888888888886,0.004722222222222222,0.01597222222222222,0.01173611111111111,0.008333333333333333,1,68.32944212825095,58.9035338495136,5.6943810685855345,4.6427528526884165,0.5790081270038249,-137.90032856369922,-1.197003071686823,1.197003071686823,0.013361127655350406,2,0.05138888888888893,740,0.03430269439591846,179.36363636363637,1.610913195151759,3.4140845959595962,0.0408622777810984
RHF_MPM_P44,720,0.036,36.0,0,255,3.5211805555555555,25.309607228298372,50705,198.84313725490196,0,159,255,0.5488696865623532,106,106,184,0.012777777777777779,15,15,0.8177777777777778,67.54891304347827,58.28260869565217,0.04493055555555556,0.004861111111111111,0.01625,0.011805555555555555,0.008333333333333333,1,68.34460112414949,58.89908293067745,5.85233704525301,4.672308476548044,0.6021721553430002,-138.22748787713311,-0.7701096410978469,0.7701096410978469,0.013982841928803865,3,0.02326388888888875,335,0.015798918796490497,180.0909090909091,1.729663417312768,3.4309090909090902,0.043320122858317864
RHF_MPM_P44,721,0.03605,36.05,0,255,3.5118055555555556,25.310469387762407,50570,198.31372549019608,0,157,255,0.5391756415459822,107,107,183,0.012708333333333334,15,15,0.8133333333333334,67.55191256830601,58.24590163934426,0.043819444444444446,0.004722222222222222,0.01638888888888889,0.011597222222222222,0.008472222222222223,1,68.3095511172632,58.85091951750049,5.801887638850749,4.51591144124528,0.6278280057320389,-138.638926342059,-0.793587918023164,0.793587918023164,0.013486256673917342,-1,-0.009374999999999911,-135,0.05956691490738512,180.45454545454547,1.8763424945954812,3.4417108585858585,0.04716083607307361
RHF_MPM_P44,722,0.0361,36.1,0,255,3.5543055555555556,25.494734659358198,51182,200.71372549019608,0,162,255,0.5418822439742897,107,107,186,0.012916666666666667,15,15,0.8266666666666667,67.50537634408602,58.225806451612904,0.04423611111111111,0.005,0.01638888888888889,0.011805555555555555,0.008402777777777778,1,68.28969168848424,58.82087452620062,5.7579567107598075,4.68955370405352,0.5802371906042884,45.406290076053125,0.7571426772348575,0.7571426772348575,0.013832988159899964,3,0.04249999999999998,612,0.036015252513844916,180.9090909090909,2.466301812045552,3.455088383838384,0.05557988017756976
RHF_MPM_P44,723,0.03615,36.15,0,255,3.5741666666666667,25.562337733796312,51468,201.83529411764707,0,165,255,0.5370589428401217,104,104,189,0.013125,15,16,0.7875,67.58730158730158,58.333333333333336,0.043541666666666666,0.004791666666666666,0.01673611111111111,0.012013888888888888,0.008472222222222223,1,68.28318566876506,58.821772752001245,5.68842617944541,4.69961164916749,0.5634197343888994,48.550874331030656,0.49763509313143417,0.49763509313143417,0.012415481464210771,3,0.019861111111111107,286,0.0065677318897243925,181.9090909090909,3.203820033946563,3.472727272727273,0.05963535415769518
RHF_MPM_P44,724,0.0362,36.2,0,255,3.5879166666666666,25.566705640860125,51666,202.61176470588236,0,167,255,0.5574944722328151,105,105,187,0.012986111111111111,15,15,0.8311111111111111,67.57754010695187,58.25668449197861,0.04569444444444445,0.004861111111111111,0.016458333333333332,0.011944444444444445,0.00875,1,68.35760461425309,58.74462896295436,5.803467103244491,4.792409438477835,0.5639867235737497,-135.7133084215733,-0.6176233641128911,0.6176233641128911,0.013567917005380714,-2,0.013749999999999929,198,0.10718835587908536,182.54545454545453,3.4473609501560984,3.4907638888888886,0.061707333142213626
RHF_MPM_P44,725,0.03625,36.25,0,255,3.563263888888889,25.478559023276503,51311,201.21960784313725,0,165,255,0.5469567295703144,104,104,185,0.012847222222222222,15,15,0.8222222222222222,67.51351351351352,58.189189189189186,0.04451388888888889,0.004722222222222222,0.01659722222222222,0.011666666666666667,0.008680555555555556,1,68.30484691391709,58.69431505914911,5.722161559970867,4.673726368917969,0.5769543788698773,45.43618177344361,0.7399837697095196,0.7399837697095196,0.01352536493149617,-2,-0.024652777777777857,-355,0.07290311283386347,183.1818181818182,3.1857119032609513,3.5049558080808083,0.05872560261208773
RHF_MPM_P44,726,0.0363,36.3,0,255,3.5297916666666667,25.411853669125392,50829,199.3294117647059,0,164,255,0.5331845341620853,108,108,183,0.012708333333333334,15,15,0.8133333333333334,67.49180327868852,58.114754098360656,0.043194444444444445,0.004722222222222222,0.01638888888888889,0.011666666666666667,0.008541666666666666,1,68.21981545967853,58.56251352574318,5.645934111982851,4.718750513432023,0.5490667068232344,-137.6414356755474,-0.2590941242244177,0.2590941242244177,0.012512542052765153,-2,-0.033472222222222126,-482,0.1568502228818305,183.45454545454547,3.0260576321987704,3.5160101010101013,0.05031315342999886
RHF_MPM_P44,727,0.03635,36.35,0,255,3.53625,25.49264746601241,50922,199.69411764705882,0,165,255,0.5295384485961643,108,108,183,0.012708333333333334,15,15,0.8133333333333334,67.49180327868852,58.114754098360656,0.042777777777777776,0.004722222222222222,0.016319444444444445,0.011805555555555555,0.008819444444444444,1,68.1878166607753,58.483150701072226,5.565230511902855,4.899973992261931,0.4741167207364363,47.59636029470362,0.3612354446394218,0.3612354446394218,0.012627155257059817,0,0.006458333333333233,93,0.08557091252874223,183.54545454545453,2.995864918778924,3.5241351010101014,0.045476634293409
RHF_MPM_P44,728,0.0364,36.4,0,255,3.4988888888888887,25.339111158858504,50384,197.5843137254902,0,162,255,0.5198531941190837,106,106,185,0.012847222222222222,15,15,0.8222222222222222,67.51351351351352,58.189189189189186,0.041875,0.004722222222222222,0.016319444444444445,0.011527777777777777,0.008402777777777778,1,68.09830501746586,58.59264845982852,5.43677658703546,4.729911789823516,0.49307893122622215,46.44434066864244,0.4857677300428648,0.4857677300428648,0.011829152111781517,2,-0.03736111111111118,-538,0.14142875754459042,184.0909090909091,2.6441890131361796,3.5292739898989898,0.03862319459335098
RHF_MPM_P44,729,0.03645,36.45,0,255,3.513541666666667,25.376434496090564,50595,198.41176470588235,0,158,255,0.5204967777362958,106,106,186,0.012916666666666667,15,16,0.775,67.47849462365592,58.0,0.041805555555555554,0.004652777777777777,0.016041666666666666,0.011527777777777777,0.008541666666666666,1,68.0222749283526,58.384998517640085,5.499597113134539,4.903272253520857,0.4528841842907583,56.94518094208511,0.1959240202372887,0.1959240202372887,0.012234410514873012,1,0.01465277777777807,211,0.2211313477131397,184.72727272727272,2.135880022631042,3.5353661616161616,0.029235055268205787
RHF_MPM_P44,730,0.0365,36.5,0,255,3.7199305555555555,26.449747268182605,53567,210.06666666666666,0,186,255,0.5371443084507597,110,110,193,0.013402777777777777,16,16,0.75390625,66.94818652849742,57.55958549222798,0.043958333333333335,0.005694444444444445,0.01638888888888889,0.012361111111111111,0.009375,1,67.59607594227789,58.129464035693616,5.326977589522404,4.587110161068569,0.5084198098282605,-145.86265700236606,-1.3185226148859803,1.3185226148859803,0.01536393675210484,7,0.20638888888888873,2972,0.4969340471277458,185.8181818181818,2.886274157525008,3.555549242424242,0.05845137808482623
RHF_MPM_P44,731,0.03655,36.55,0,11,0.018680555555555554,0.3312408206857667,269,24.454545454545453,0,0,7,0.05545499090931686,2,8,7,0.0004861111111111111,32,107,0.0020443925233644858,97.14285714285714,60.42857142857143,0.0045138888888888885,0.0,0.0,0.0,0.0,0,84.81040892193309,59.72862453531599,29.92520243948174,27.482894180022214,0.3956851176295353,95.24419149979342,-0.21103796541788294,0.21103796541788294,0.0,-186,-3.70125,-53298,17.28845204863631,169.72727272727272,51.53655526832988,3.2371401515151517,1.0193854325125251
RHF_MPM_P44,732,0.0366,36.6,0,255,3.1929166666666666,22.823045245339927,45978,180.30588235294118,2,104,255,0.6384608084539027,107,107,143,0.009930555555555555,14,14,0.7295918367346939,64.27972027972028,55.45454545454545,0.05333333333333334,0.0035416666666666665,0.013888888888888888,0.009097222222222222,0.006666666666666667,1,63.06753229805559,53.92927052068381,7.552167427671517,5.356845825776196,0.7048942846678007,-136.9383213216041,0.9873873041679806,0.9873873041679806,0.015920657705859324,136,3.174236111111111,45709,22.50300404097615,166.0909090909091,51.88177915477131,3.208150252525253,1.0156897940881808
RHF_MPM_P44,733,0.03665,36.65,0,255,6.316527777777778,29.05724625916736,90958,356.69803921568626,29,196,255,1.35095467242455,99,99,263,0.01826388888888889,26,27,0.37464387464387466,59.80228136882129,50.56653992395437,0.12569444444444444,0.006111111111111111,0.02701388888888889,0.014444444444444444,0.009583333333333333,1,53.534235581257285,44.99730644913037,17.917813889503766,4.992897484168665,0.9603911231042589,-136.36066812294465,0.8800900994750882,0.8800900994750882,0.02197717627916181,120,3.1236111111111113,44980,13.063832839792417,173.0909090909091,58.82555805933111,3.4592613636363634,1.3550057359920455
RHF_MPM_P44,734,0.0367,36.7,0,255,7.144097222222222,31.620732033333468,102875,403.4313725490196,36,243,255,1.3794069783426122,113,113,237,0.016458333333333332,19,18,0.6929824561403509,61.44303797468354,52.67088607594937,0.128125,0.008472222222222223,0.03173611111111111,0.015625,0.0125,1,52.05716646415553,42.65585419198056,20.76712818840846,4.901337837577271,0.971749598236048,46.38025647812914,-0.8958055374927565,0.8958055374927565,0.01766221142162819,-26,0.8275694444444444,11917,2.768416848888134,177.45454545454547,61.56055944627894,3.783800505050505,1.7215921771570637
RHF_MPM_P44,735,0.03675,36.75,0,255,6.408888888888889,31.161927516493744,92288,361.9137254901961,29,247,255,1.1810208966893543,112,112,244,0.016944444444444446,20,18,0.6777777777777778,61.50409836065574,52.47950819672131,0.10722222222222222,0.008333333333333333,0.026041666666666668,0.01625,0.012708333333333334,1,53.92579750346741,44.65720353675451,20.744373683746165,4.3832826691194215,0.9774212915128935,45.85879181111843,-1.2700529772466602,1.2700529772466602,0.014617285020804439,7,-0.7352083333333335,-10587,2.738098091907393,182.63636363636363,64.47589081096723,4.040252525252526,1.8764558078858264
RHF_MPM_P44,736,0.0368,36.8,0,255,6.327222222222222,33.292176809701026,91112,357.30196078431374,20,253,255,0.9868403575280074,111,111,301,0.020902777777777777,23,21,0.6231884057971014,60.11295681063123,51.372093023255815,0.08763888888888889,0.00951388888888889,0.02652777777777778,0.01965277777777778,0.015208333333333334,1,57.79143252260953,48.95321143208359,13.244193703537874,4.481614667396821,0.9410083457165668,-136.06837587187533,1.7257265723804147,1.7257265723804147,0.02506804811660374,57,-0.081666666666667,-1176,5.77917104245477,193.1818181818182,72.93187129945089,4.291521464646465,1.9780653023765158
RHF_MPM_P44,737,0.03685,36.85,0,255,6.6182638888888885,33.842261339063526,95303,373.7372549019608,23,254,255,0.9730530707805749,109,109,321,0.022291666666666668,26,24,0.5144230769230769,59.7601246105919,51.10591900311527,0.08479166666666667,0.009791666666666667,0.029097222222222222,0.02034722222222222,0.015,1,57.48516835776418,48.57537538167739,14.353189416987334,4.561012295427413,0.9481678429178051,45.036938710443785,-1.8322840953452888,1.8322840953452888,0.04977807624104173,20,0.29104166666666664,4191,0.486372099996473,205.72727272727272,81.47067616253204,4.572291666666667,2.067200847852805
RHF_MPM_P44,738,0.0369,36.9,0,255,6.73625,34.366759898737904,97002,380.4,23,254,255,0.9983614531732115,109,109,334,0.023194444444444445,26,23,0.5585284280936454,59.82035928143713,51.374251497005986,0.08770833333333333,0.009930555555555555,0.029652777777777778,0.02125,0.01576388888888889,1,57.84238469309911,49.05841116678007,13.735500245623058,4.832838083769363,0.9360563329848335,45.183763527828496,-2.1039980891905246,2.1039980891905246,0.03604049401043277,13,0.11798611111111157,1699,0.6007720698566806,219.45454545454547,88.8700416198882,4.863200757575757,2.1252793835896058
RHF_MPM_P44,739,0.03695,36.95,0,255,6.899097222222222,34.90268652930273,99347,389.5960784313726,23,255,255,1.0147332319080289,108,108,348,0.024166666666666666,26,22,0.6083916083916084,59.68103448275862,51.3448275862069,0.08965277777777778,0.010347222222222223,0.031180555555555555,0.02201388888888889,0.016319444444444445,1,58.52861183528441,49.97075905663986,10.437126973689313,4.970555782123826,0.879316456487823,-138.06470066407414,0.9250958922880668,0.9250958922880668,0.01250163568099691,14,0.16284722222222214,2345,1.141615680867868,234.27272727272728,95.24999728856203,5.1723106060606066,2.1514778577950824
RHF_MPM_P44,740,0.037,37.0,0,255,7.135208333333333,35.17104015989318,102747,402.9294117647059,25,255,255,1.069651880834691,105,105,368,0.025555555555555557,28,23,0.5714285714285714,59.23913043478261,50.96195652173913,0.09513888888888888,0.010416666666666666,0.03256944444444444,0.02236111111111111,0.016319444444444445,1,58.01454057052761,49.59421686277945,11.003596138193133,4.9213457866986134,0.8944095597899453,-139.07951881105754,0.8851385437538135,0.8851385437538135,0.015708487839060994,20,0.23611111111111072,3400,0.637223107714925,250.8181818181818,101.05787557076407,5.50155303030303,2.1495554187004835
RHF_MPM_P44,741,0.03705,37.05,0,255,6.475625,32.91279876470613,93249,365.6823529411765,22,251,255,1.0290500579709836,107,107,307,0.021319444444444443,25,20,0.614,60.63843648208469,52.11400651465798,0.09083333333333334,0.008680555555555556,0.029513888888888888,0.019166666666666665,0.01423611111111111,1,58.181546182800886,49.70395392980085,11.619290438601855,4.731924230647781,0.9133179439122507,-139.1551152482153,1.0716855798020388,1.0716855798020388,0.01795193514139562,-61,-0.659583333333333,-9498,0.1998326760298058,261.1818181818182,100.44068188992145,5.752070707070707,2.086989150736946
RHF_MPM_P44,742,0.0371,37.1,0,255,5.963402777777778,31.318169771963817,85873,336.75686274509803,21,244,255,1.0279539031691145,109,109,272,0.01888888888888889,23,19,0.6224256292906178,61.56617647058823,52.7610294117647,0.09145833333333334,0.007847222222222222,0.025486111111111112,0.017152777777777777,0.012986111111111111,1,58.53687422123368,49.81205966951195,12.10964934581912,4.762466295753093,0.9194193383618431,-139.01462502670626,1.3338732468094934,1.3338732468094934,0.023162111490223937,-35,-0.5122222222222224,-7376,0.3714092969420417,285.27272727272725,60.37472515893161,6.292499999999999,1.0388349005073256
RHF_MPM_P44,743,0.03715,37.15,0,255,5.1911805555555555,29.309209635191838,74753,293.1490196078431,18,219,255,0.9368478879160209,108,108,241,0.01673611111111111,22,18,0.6085858585858586,62.07053941908714,52.98755186721991,0.08291666666666667,0.006458333333333333,0.021805555555555557,0.015069444444444444,0.011527777777777777,1,59.106096076411646,50.30266343825666,12.183267116751592,4.4906460560877735,0.9295915588007857,-139.28341190975007,1.649918129420758,1.649918129420758,0.028627613607480635,-31,-0.7722222222222221,-11120,0.7514689470089579,294.1818181818182,43.63238618236393,6.474160353535354,0.5320150211100394
RHF_MPM_P44,744,0.0372,37.2,0,255,4.6056944444444445,27.585298435861173,66322,260.0862745098039,14,195,255,0.8728959058957038,108,108,214,0.014861111111111111,20,18,0.5944444444444444,62.43457943925234,53.31308411214953,0.07763888888888888,0.005694444444444445,0.01972222222222222,0.013472222222222222,0.009722222222222222,1,59.60628449081753,50.75361116974759,12.34167441811453,4.349325346012169,0.9358458356395859,-139.12165480687003,1.977801174386616,1.977801174386616,0.03270408009408643,-27,-0.5854861111111109,-8431,0.6734554970023572,289.72727272727275,48.785413075279166,6.31863005050505,0.7576080905347701
RHF_MPM_P44,745,0.03725,37.25,0,255,4.095694444444445,26.08920079513472,58978,231.28627450980392,11,171,255,0.8119269008815266,108,108,190,0.013194444444444444,18,16,0.6597222222222222,62.83157894736842,53.757894736842104,0.07152777777777777,0.005069444444444444,0.017361111111111112,0.012291666666666666,0.008888888888888889,1,60.311794228356334,51.31398148462139,12.148247500206768,4.336730201836541,0.9341104918778689,-138.73827904283715,2.352338312443331,2.352338312443331,0.03345315202278816,-24,-0.5099999999999998,-7344,0.900976625420342,285.45454545454544,54.89223100579342,6.041502525252525,0.9404505954165099
RHF_MPM_P44,746,0.0373,37.3,0,255,3.760625,25.262744135901816,54153,212.36470588235295,7,164,255,0.7326895330569687,107,107,179,0.012430555555555556,17,16,0.6580882352941176,63.184357541899445,54.00558659217877,0.06354166666666666,0.004791666666666666,0.01625,0.011597222222222222,0.008333333333333333,1,61.08699425701254,51.92979151662881,11.334197864247232,4.213494024965028,0.9283326698711802,-138.25405029168144,2.7262915362768134,2.7262915362768134,0.029859841560024376,-11,-0.33506944444444464,-4825,0.9900288278376393,279.54545454545456,62.06647995403233,5.800751262626263,1.1345314297746067
RHF_MPM_P44,747,0.03735,37.35,0,255,3.6084722222222223,25.068096931697994,51962,203.77254901960785,3,158,255,0.6644336345755119,108,108,176,0.012222222222222223,17,15,0.6901960784313725,63.21022727272727,54.07954545454545,0.05659722222222222,0.004791666666666666,0.015833333333333335,0.01125,0.008263888888888888,1,61.75256918517378,52.63808167507025,10.19492148784955,4.064695326558119,0.9170822559547819,-138.09520944616824,3.0481011578070905,3.0481011578070905,0.022824371656210308,-3,-0.1521527777777778,-2191,0.9719387498921093,268.1818181818182,68.23464620080301,5.553592171717171,1.2797630873755297
RHF_MPM_P44,748,0.0374,37.4,0,255,3.470138888888889,24.755292868005213,49970,195.9607843137255,1,149,255,0.6142562572501287,108,108,170,0.011805555555555555,16,14,0.7589285714285714,63.46470588235294,54.38823529411765,0.051597222222222225,0.0045138888888888885,0.015555555555555555,0.011041666666666667,0.008125,1,62.33514108465079,53.161636982189314,9.076221034141824,4.196989903956699,0.8866630898894805,-138.16421115681948,3.165579714128396,3.165579714128396,0.018491094656794077,-6,-0.1383333333333332,-1992,0.7832625215550614,254.45454545454547,71.34597349454486,5.2673989898989895,1.3592113008442412
RHF_MPM_P44,749,0.03745,37.45,0,255,3.4386111111111113,24.914051886522213,49516,194.18039215686275,0,157,255,0.5643426810632406,108,108,174,0.012083333333333333,16,15,0.725,63.37931034482759,54.1551724137931,0.04666666666666667,0.004722222222222222,0.015416666666666667,0.010972222222222222,0.008194444444444445,1,62.83318523305598,53.48240972614912,7.386563421327082,4.230135284035833,0.8197791808804877,-138.7087351533776,2.5984224648473964,2.5984224648473964,0.012521205266984409,4,-0.03152777777777782,-454,0.5924045298849008,239.9090909090909,69.94212483508262,4.967613636363637,1.3658286508849045
RHF_MPM_P44,750,0.0375,37.5,0,255,3.5184027777777778,25.285301400088663,50665,198.68627450980392,0,165,255,0.5555243587214682,107,107,180,0.0125,16,15,0.75,63.42777777777778,54.19444444444444,0.04548611111111111,0.004861111111111111,0.016041666666666666,0.01125,0.008333333333333333,1,63.10810224020527,53.65599526300207,6.454242809463707,4.345036068484125,0.7394548366840002,-138.37190994917674,1.4014121139812366,1.4014121139812366,0.009671370768775289,6,0.07979166666666648,1149,0.3251327412372511,224.63636363636363,62.63207532490148,4.660277777777778,1.2738967269352977
RHF_MPM_P44,751,0.03755,37.55,0,255,3.6283333333333334,25.67869961444483,52248,204.89411764705883,0,171,255,0.5602294633546953,107,107,188,0.013055555555555556,18,17,0.6143790849673203,63.22872340425532,54.0531914893617,0.04576388888888889,0.004861111111111111,0.01673611111111111,0.011875,0.008402777777777778,1,62.89310595620885,53.48208543867708,6.429435945790935,4.526250587838506,0.7102111214226356,-137.63488228812326,1.0243313840250359,1.0243313840250359,0.0095697442964324,8,0.10993055555555564,1583,0.27652853221506324,208.27272727272728,43.68709172594434,4.34147095959596,1.0301171160665958
RHF_MPM_P44,752,0.0376,37.6,0,255,3.6684722222222224,25.804270327028032,52826,207.1607843137255,0,173,255,0.5580322788939585,106,106,192,0.013333333333333334,18,17,0.6274509803921569,63.3125,54.010416666666664,0.04548611111111111,0.005,0.016875,0.012013888888888888,0.008541666666666666,1,62.88850187407716,53.38479157990383,6.44265415232948,4.506619540967863,0.7146351865553375,-136.04001025603887,0.8275657085060575,0.8275657085060575,0.009673266951879755,4,0.040138888888888946,578,0.09740273367449298,197.8181818181818,30.61437030908014,4.086275252525252,0.7893895509880474
RHF_MPM_P44,753,0.03765,37.65,0,255,3.786111111111111,26.264888928607686,54520,213.80392156862746,0,184,255,0.5710543490507182,107,107,198,0.01375,18,17,0.6470588235294118,63.19191919191919,53.93434343434343,0.04652777777777778,0.005277777777777778,0.016944444444444446,0.012291666666666666,0.009166666666666667,1,62.84640498899486,53.358895818048424,6.45419588749608,4.67163907659912,0.6899948582210035,-135.7114934722907,0.8036855499083615,0.8036855499083615,0.010601614086573735,6,0.11763888888888863,1694,0.049424065147496456,191.0909090909091,19.79189248819988,3.8883396464646465,0.5213637462914901
RHF_MPM_P44,754,0.0377,37.7,0,255,3.8141666666666665,26.195680186180823,54924,215.38823529411764,0,179,255,0.5904649195156066,107,107,197,0.013680555555555555,19,17,0.6099071207430341,63.01015228426396,53.89340101522843,0.048125,0.005069444444444444,0.0175,0.012361111111111111,0.008888888888888889,1,62.60179520792368,53.2522758721142,6.681058419202685,4.5710450287712305,0.7293134024629272,-136.82165864132008,0.7846391623624703,0.7846391623624703,0.010032044279367854,-1,0.0280555555555555,404,0.26683657520420584,187.0909090909091,12.346913824585297,3.7631565656565655,0.3199076672221544
RHF_MPM_P44,755,0.03775,37.75,0,255,3.7710416666666666,25.953652767394537,54303,212.95294117647057,0,173,255,0.5979022561089448,107,107,191,0.01326388888888889,18,16,0.6631944444444444,63.340314136125656,54.16230366492147,0.04902777777777778,0.005,0.016805555555555556,0.012013888888888888,0.008819444444444444,1,62.70579894296816,53.25495828959726,6.739353353100856,4.550727345441948,0.7375917888193024,-137.48473922932638,0.8285237591044372,0.8285237591044372,0.012559158794173434,-6,-0.04312499999999986,-621,0.10403832114541098,185.0,9.145291883606758,3.6872790404040403,0.17904056965985132
RHF_MPM_P44,756,0.0378,37.8,0,255,3.832361111111111,26.320454814599547,55186,216.4156862745098,0,181,255,0.5995941890437951,108,108,197,0.013680555555555555,18,17,0.6437908496732027,63.223350253807105,53.92893401015228,0.04951388888888889,0.005277777777777778,0.017152777777777777,0.012430555555555556,0.009375,1,62.795219802123725,53.23580255861994,6.6990551002629655,4.455635527023599,0.74674180857022,-137.11638171241339,1.0048172271995137,1.0048172271995137,0.014170260573333817,6,0.06131944444444448,883,0.09144961498768234,185.63636363636363,9.697916620432427,3.663339646464647,0.1350260601124798
RHF_MPM_P44,757,0.03785,37.85,0,255,3.9149305555555554,26.633449089666257,56375,221.07843137254903,0,189,255,0.5945816926747292,107,107,201,0.013958333333333333,18,17,0.6568627450980392,63.059701492537314,53.885572139303484,0.04888888888888889,0.005416666666666667,0.017638888888888888,0.012847222222222222,0.00951388888888889,1,62.6700133037694,53.23274501108647,6.6004462693996295,4.459457788918566,0.7372411112092825,-136.28241803808007,0.6239931193494708,0.6239931193494708,0.010252771618625277,4,0.08256944444444425,1189,0.12524382550477536,187.63636363636363,10.368419948642368,3.677367424242425,0.1514239645636685
RHF_MPM_P44,758,0.0379,37.9,0,255,3.89,26.365128168346416,56016,219.6705882352941,0,181,255,0.602963314794505,107,107,199,0.013819444444444445,18,17,0.6503267973856209,63.10050251256281,53.904522613065325,0.04958333333333333,0.005208333333333333,0.0175,0.0125,0.009027777777777777,1,62.597793487574975,53.16234647243645,6.880077843073399,4.545020121148885,0.7507328583557096,-137.82854464294454,0.8391526989004748,0.8391526989004748,0.010300628391888032,-2,-0.024930555555555234,-359,0.10085462852648748,189.72727272727272,10.127289048460815,3.7029608585858584,0.16109911917863678
RHF_MPM_P44,759,0.03795,37.95,0,255,3.919791666666667,26.499266708113048,56445,221.35294117647058,1,183,255,0.6204350272688082,108,108,198,0.01375,18,17,0.6470588235294118,63.207070707070706,53.984848484848484,0.05138888888888889,0.005277777777777778,0.0175,0.0125,0.009375,1,62.63167685357428,53.18639383470635,6.928946460868489,4.69411058050491,0.7355560918588269,-138.60413105602657,0.936427565750108,0.936427565750108,0.013925059792718575,-1,0.02979166666666666,429,0.04154946598432559,192.27272727272728,8.180808018448468,3.743838383838384,0.15371491474993546
RHF_MPM_P44,760,0.038,38.0,0,255,3.955208333333333,26.65842334747619,56955,223.35294117647058,1,186,255,0.6161712771293286,107,107,203,0.014097222222222223,19,17,0.628482972136223,63.01477832512315,53.827586206896555,0.050972222222222224,0.005277777777777778,0.017986111111111112,0.012916666666666667,0.009722222222222222,1,62.520867351417785,53.1035905539461,6.959362845414171,4.523582232896948,0.7599346521774765,-137.98051517639357,0.8685231119307184,0.8685231119307184,0.013343867965938021,5,0.03541666666666643,510,0.13832978375184007,194.9090909090909,6.331085580538236,3.790801767676768,0.13044101386460358
RHF_MPM_P44,761,0.03805,38.05,0,255,3.9295833333333334,26.475343085464548,56586,221.90588235294118,1,182,255,0.6157434193611209,107,107,200,0.013888888888888888,18,17,0.6535947712418301,63.145,53.905,0.050625,0.005277777777777778,0.017847222222222223,0.012430555555555556,0.009305555555555555,1,62.6281765807797,53.18248329975612,6.889592161069839,4.403639989321112,0.7690631427111521,-138.15317570775986,0.6685205249123638,0.6685205249123638,0.012299862156717209,-3,-0.025624999999999787,-369,0.1331890988320494,196.72727272727272,4.350358586911054,3.828181818181818,0.10306776341673958
RHF_MPM_P44,762,0.0381,38.1,0,255,3.9833333333333334,26.688342752761717,57360,224.94117647058823,1,185,255,0.6227572598380073,107,107,203,0.014097222222222223,18,17,0.6633986928104575,63.23645320197044,53.79802955665025,0.051527777777777777,0.005416666666666667,0.017847222222222223,0.012569444444444444,0.009652777777777777,1,62.663284518828455,53.122733612273365,6.826939542397849,4.560929473897245,0.7440910697446382,-136.92757697807573,0.6239334664791198,0.6239334664791198,0.012883542538354253,3,0.053749999999999964,774,0.06930073930574067,198.0909090909091,3.7039179613569755,3.860454545454546,0.09021608402697112
RHF_MPM_P44,763,0.03815,38.15,0,255,4.011319444444444,26.859235886855256,57763,226.521568627451,0,191,255,0.6090948319931865,107,107,207,0.014375,19,17,0.6408668730650154,63.0,53.79710144927536,0.04986111111111111,0.005416666666666667,0.01826388888888889,0.013055555555555556,0.009722222222222222,1,62.53442515104825,53.10207226078978,6.8366340393550855,4.332814352849437,0.7735262473434912,-138.67345572227737,0.5628319431591233,0.5628319431591233,0.012430102314630473,4,0.027986111111110823,403,0.13050528000752737,199.45454545454547,3.9626354032187936,3.8916224747474746,0.0767199910665872
RHF_MPM_P44,764,0.0382,38.2,0,255,4.0020138888888885,26.692886773025975,57629,225.99607843137255,1,185,255,0.6253525283381453,105,105,209,0.014513888888888889,19,17,0.6470588235294118,63.014354066985646,53.72727272727273,0.05138888888888889,0.005208333333333333,0.018333333333333333,0.012847222222222222,0.009305555555555555,1,62.50930954901178,53.118273785767585,7.001585580656764,4.416391637456761,0.7759696751141623,-139.8761321268301,0.7331097364134845,0.7331097364134845,0.012597824012216072,2,-0.009305555555555678,-134,0.029887838283496164,200.45454545454547,4.774242183818503,3.91125,0.07480976270674954
RHF_MPM_P44,765,0.03825,38.25,0,255,4.0008333333333335,26.72500648321302,57612,225.9294117647059,1,191,255,0.6305575654166122,105,105,206,0.014305555555555556,18,17,0.673202614379085,63.228155339805824,53.75728155339806,0.052083333333333336,0.005347222222222222,0.018055555555555554,0.012708333333333334,0.009375,1,62.63344442130112,52.981861417760186,6.876850256465439,4.740557787497363,0.7244283017280339,-138.42647631231557,0.7324078595102915,0.7324078595102915,0.014129000902589738,-3,-0.001180555555555074,-17,0.18443915165624822,201.27272727272728,4.882080575308201,3.928219696969697,0.0719809506308725
RHF_MPM_P44,766,0.0383,38.3,0,255,3.975972222222222,26.604677541934976,57254,224.52549019607844,1,183,255,0.6340530520756211,106,106,206,0.014305555555555556,18,17,0.673202614379085,63.24271844660194,53.79611650485437,0.05236111111111111,0.005277777777777778,0.018055555555555554,0.012777777777777779,0.009166666666666667,1,62.671184546057916,52.96971390645195,6.927238937587663,4.733861151082499,0.7300730449114289,-136.53192492221908,0.9863446313073987,0.9863446313073987,0.013868026688091662,0,-0.024861111111111445,-358,0.03964692986401501,202.63636363636363,3.7964750941492906,3.9468497474747477,0.05287320480424657
RHF_MPM_P44,767,0.03835,38.35,0,255,4.010763888888889,26.83917034288228,57755,226.49019607843138,0,191,255,0.6099284137222719,106,106,209,0.014513888888888889,18,17,0.6830065359477124,63.12918660287081,53.760765550239235,0.049930555555555554,0.005277777777777778,0.01840277777777778,0.012708333333333334,0.009236111111111112,1,62.552887195913776,52.9914639425158,6.826526344904487,4.551304444976952,0.7453184024658769,-136.26689109422213,0.9962306863238595,0.9962306863238595,0.01047528352523591,3,0.034791666666666554,501,0.12028020252686605,203.72727272727272,3.7438655058134542,3.9630681818181817,0.041379935330166664
RHF_MPM_P44,768,0.0384,38.4,0,255,3.995763888888889,26.565358005196376,57539,225.64313725490197,1,183,255,0.6243938549974504,106,106,204,0.014166666666666666,18,17,0.6666666666666666,63.1421568627451,53.86274509803921,0.051111111111111114,0.005069444444444444,0.018333333333333333,0.012638888888888889,0.009097222222222222,1,62.46062670536506,52.93388831922696,7.036401876748541,4.44641599890508,0.7750367582621404,-136.78124795101806,0.7830189581238008,0.7830189581238008,0.011818071221258625,-5,-0.01499999999999968,-216,0.10875178395497032,204.0,3.6431754380934325,3.9704166666666665,0.03930425052264726
RHF_MPM_P44,769,0.03845,38.45,0,255,3.8924305555555554,26.13005715929368,56051,219.8078431372549,1,176,255,0.617601793617892,107,107,194,0.013472222222222222,18,16,0.6736111111111112,63.345360824742265,53.9639175257732,0.050486111111111114,0.004930555555555555,0.017777777777777778,0.012361111111111111,0.008819444444444444,1,62.40762876665894,52.959108668890835,7.137341738764687,4.373742478148431,0.7902402716527105,-137.99218054637467,0.8503794824268078,0.8503794824268078,0.01569998751137357,-10,-0.1033333333333335,-1488,0.058692823618103795,203.54545454545453,4.459181261247536,3.970637626262626,0.03885581902659265
RHF_MPM_P44,770,0.0385,38.5,0,255,3.8420833333333335,26.017185689756648,55326,216.96470588235294,1,172,255,0.6244741088197312,106,106,197,0.013680555555555555,17,17,0.6816608996539792,63.47208121827411,53.82741116751269,0.05138888888888889,0.004861111111111111,0.0175,0.012152777777777778,0.008611111111111111,1,62.70151465856921,53.03361891334996,6.988509084386853,4.453991519275166,0.7705903935672849,-137.00013579763188,0.9967318215078308,0.9967318215078308,0.015381556591837472,3,-0.05034722222222188,-725,0.3031842574957587,203.45454545454547,4.5798697155672725,3.963573232323233,0.05222282132517837
RHF_MPM_P44,771,0.03855,38.55,0,255,3.804375,26.06241696546192,54783,214.83529411764707,0,176,255,0.5930277677842034,105,105,197,0.013680555555555555,17,17,0.6816608996539792,63.46700507614213,53.934010152284266,0.04833333333333333,0.005069444444444444,0.017222222222222222,0.012083333333333333,0.00875,1,62.898508661446066,53.18876293740759,6.624820968625381,4.571795228183574,0.7237131214163213,-135.7279769804912,0.936799707055365,0.936799707055365,0.011645948560684884,0,-0.03770833333333368,-543,0.25075148129221564,202.9090909090909,4.94431805123169,3.9498611111111113,0.06954744255739274
RHF_MPM_P44,772,0.0386,38.6,0,255,3.8402777777777777,26.28692461050541,55300,216.86274509803923,0,181,255,0.5889701738091607,106,106,201,0.013958333333333333,18,17,0.6568627450980392,63.353233830845774,53.90547263681592,0.048125,0.005069444444444444,0.0175,0.012291666666666666,0.008958333333333334,1,62.941663652802895,53.371989150090414,6.554202757032349,4.386945924040868,0.7429623017033972,-138.11799041666293,0.7717428569883039,0.7717428569883039,0.01112115732368897,4,0.03590277777777784,517,0.18823973622245643,203.0,4.898979485566356,3.9417424242424244,0.07632322967048052
RHF_MPM_P44,773,0.03865,38.65,0,255,3.8,26.10030331879945,54720,214.58823529411765,0,176,255,0.5696679618335766,106,106,198,0.01375,18,17,0.6470588235294118,63.388888888888886,53.83838383838384,0.04604166666666667,0.005069444444444444,0.017638888888888888,0.012222222222222223,0.00875,1,62.81524122807018,53.300219298245615,6.478887767433072,4.2158676124626036,0.7593275929806058,-138.357585736206,0.7338039618796234,0.7338039618796234,0.009137426900584795,-3,-0.04027777777777786,-580,0.14537379787679663,202.54545454545453,5.105498575308717,3.9250757575757573,0.08495086537962436
RHF_MPM_P44,774,0.0387,38.7,0,255,3.764375,25.79751485174573,54207,212.57647058823528,0,166,255,0.5883375902118316,106,106,191,0.01326388888888889,18,16,0.6631944444444444,63.37696335078534,54.146596858638745,0.04777777777777778,0.004861111111111111,0.017361111111111112,0.011805555555555555,0.008541666666666666,1,62.660080801372516,53.30127105355397,6.7381954160921955,4.444130167488391,0.7516667638251239,-138.47587608648257,0.9286386137236834,0.9286386137236834,0.010810411939417418,-7,-0.03562500000000002,-513,0.15516399131960143,201.0909090909091,5.853585466183726,3.902626262626262,0.09156524088349376
RHF_MPM_P44,775,0.03875,38.75,0,255,3.7261805555555556,25.71922828288982,53657,210.41960784313724,0,169,255,0.5892079144652663,105,105,197,0.013680555555555555,18,16,0.6840277777777778,63.3248730964467,54.192893401015226,0.04805555555555555,0.004930555555555555,0.016944444444444446,0.011666666666666667,0.008541666666666666,1,62.738710699442755,53.48234153978046,6.605657103167571,4.360740984960091,0.7511316062470416,-140.35208694079364,0.824277365286984,0.824277365286984,0.014182678867622119,6,-0.0381944444444442,-550,0.1974061342836976,200.0,5.376717484589544,3.877550505050505,0.09842606094754908
RHF_MPM_P44,776,0.0388,38.8,0,255,3.7138194444444443,25.81680607065138,53479,209.72156862745098,0,172,255,0.5696437264152177,106,106,194,0.013472222222222222,18,16,0.6736111111111112,63.324742268041234,54.04123711340206,0.04631944444444445,0.004930555555555555,0.017152777777777777,0.011944444444444445,0.008680555555555556,1,62.80130518521289,53.47082032199555,6.41131396556007,4.299240508484164,0.7418454570937665,-139.86831630937826,0.8885844267935101,0.8885844267935101,0.011312851773593374,-3,-0.012361111111111267,-178,0.06364595908677045,198.9090909090909,5.264884449298275,3.8514583333333334,0.10031086816574812
RHF_MPM_P44,777,0.03885,38.85,0,255,3.704375,25.62554677516251,53343,209.18823529411765,0,166,255,0.5791290083217682,106,106,187,0.012986111111111111,16,16,0.73046875,63.51336898395722,54.101604278074866,0.04694444444444444,0.004722222222222222,0.017152777777777777,0.011666666666666667,0.008472222222222223,1,62.784545301164165,53.306731904842245,6.577801665992544,4.492506317101182,0.7304371688522923,-137.98066756082693,0.9972954402565023,0.9972954402565023,0.010385617606808766,-7,-0.009444444444444144,-136,0.16494211820272783,197.1818181818182,5.749595745760689,3.8267676767676773,0.10004946852521676
RHF_MPM_P44,778,0.0389,38.9,0,255,3.6544444444444446,25.484930890020784,52624,206.3686274509804,0,162,255,0.5731696818685191,107,107,185,0.012847222222222222,16,16,0.72265625,63.50810810810811,54.1945945945946,0.04666666666666667,0.004861111111111111,0.016527777777777777,0.01138888888888889,0.008611111111111111,1,62.82196336272423,53.3718075402858,6.52943430848833,4.469909344678611,0.7289392889969734,-137.0023634966988,0.9524072164072126,0.9524072164072126,0.013871997567649742,-2,-0.04993055555555559,-719,0.07506630175581851,195.0,5.393598899705936,3.7943749999999996,0.0926417377993935
RHF_MPM_P44,779,0.03895,38.95,0,255,3.677986111111111,25.675479847291967,52963,207.69803921568626,0,166,255,0.5666840241121589,105,105,191,0.01326388888888889,16,16,0.74609375,63.403141361256544,54.25130890052356,0.04597222222222222,0.004930555555555555,0.016805555555555556,0.011666666666666667,0.008680555555555556,1,62.866189604063216,53.386061967788834,6.4248902662134695,4.401358234805461,0.7284979313975296,-137.39733019181932,0.9634543218881457,0.9634543218881457,0.01387761267299813,6,0.023541666666666572,339,0.04646664531051461,193.8181818181818,4.667453691997613,3.7654861111111106,0.0727486640819022
RHF_MPM_P44,780,0.039,39.0,0,255,3.722986111111111,25.91049228647702,53611,210.23921568627452,0,173,255,0.5669327075962083,107,107,191,0.01326388888888889,17,16,0.7022058823529411,63.41361256544503,54.204188481675395,0.04604166666666667,0.005,0.016805555555555556,0.011875,0.00875,1,62.87573445748074,53.38831583070638,6.285099129727653,4.532513608074626,0.6927765727299596,-138.50687592817846,0.6096797671995012,0.6096797671995012,0.013635261420230922,0,0.04499999999999993,648,0.009807350550128567,193.54545454545453,4.736005919138584,3.7500820707070712,0.061272326794509564
RHF_MPM_P44,781,0.03905,39.05,0,255,3.781111111111111,26.227591046429815,54448,213.521568627451,0,179,255,0.5681816476949733,106,106,200,0.013888888888888888,17,17,0.6920415224913494,63.135,53.77,0.04631944444444445,0.005138888888888889,0.017222222222222222,0.012430555555555556,0.008958333333333334,1,62.81707317073171,53.2394578313253,6.414968263742078,4.491604595212777,0.7139706257765046,-138.06584704555507,1.0400351778970913,1.0400351778970913,0.011258448427857773,9,0.05812499999999998,837,0.15999953294553407,193.8181818181818,5.005781781067711,3.7445391414141413,0.05515093557757768
RHF_MPM_P44,782,0.0391,39.1,0,255,3.8960416666666666,26.623683293439605,56103,220.01176470588234,0,187,255,0.5759488459226807,106,106,207,0.014375,18,17,0.6764705882352942,63.04830917874396,53.73913043478261,0.04673611111111111,0.005138888888888889,0.017708333333333333,0.0125,0.009236111111111112,1,62.699944744487816,53.18385826069907,6.358268894968682,4.536814975096694,0.7006247786031948,-137.20822277454872,0.7783747544236674,0.7783747544236674,0.009660802452631767,7,0.11493055555555554,1655,0.1296548513870312,194.72727272727272,6.25359400797085,3.752872474747475,0.0687992329120818
RHF_MPM_P44,783,0.03915,39.15,0,255,3.933333333333333,26.57031290327191,56640,222.11764705882354,0,179,255,0.5860132538663456,104,104,208,0.014444444444444444,18,17,0.6797385620915033,63.16346153846154,53.83653846153846,0.04736111111111111,0.005138888888888889,0.018333333333333333,0.012569444444444444,0.009166666666666667,1,62.62791313559322,52.981055790960454,6.55615494729193,4.570893475269437,0.7168852372346867,-135.16908340671833,0.7085873193432689,0.7085873193432689,0.009692796610169491,1,0.0372916666666665,537,0.21521476346204946,195.36363636363637,7.151258341562595,3.7613320707070703,0.08323346192494831
RHF_MPM_P44,784,0.0392,39.2,0,255,3.960625,26.62242250744531,57033,223.65882352941176,0,184,255,0.5998460023488146,107,107,203,0.014097222222222223,17,17,0.7024221453287197,63.07881773399015,53.679802955665025,0.04881944444444444,0.005208333333333333,0.017916666666666668,0.012430555555555556,0.009166666666666667,1,62.44104290498483,52.8975154734978,6.8893813187307575,4.3973512826356425,0.7698046519756543,-136.96662239259703,0.9772608834869674,0.9772608834869674,0.012413865656725054,-5,0.027291666666666714,393,0.20469359474441862,195.8181818181818,7.45676241978541,3.7759343434343435,0.10094232100906364
RHF_MPM_P44,785,0.03925,39.25,0,255,3.892361111111111,26.246694447590045,56050,219.80392156862746,0,174,255,0.5982711687946296,105,105,200,0.013888888888888888,17,17,0.6920415224913494,63.12,53.84,0.04868055555555555,0.005069444444444444,0.018125,0.012291666666666666,0.008819444444444444,1,62.44280107047279,52.878037466547724,6.810950145663756,4.544829897537584,0.7448044455720617,-135.87597639221323,0.9157028595269389,0.9157028595269389,0.014130240856378234,-3,-0.06826388888888868,-983,0.01955719562284331,196.63636363636363,7.376531918218471,3.7875694444444448,0.1061796575098607
RHF_MPM_P44,786,0.0393,39.3,0,255,3.8854166666666665,26.36832714100911,55950,219.41176470588235,1,180,255,0.6102321488389939,108,108,196,0.01361111111111111,16,16,0.765625,63.40816326530612,54.19387755102041,0.050277777777777775,0.005347222222222222,0.017569444444444443,0.012638888888888889,0.009375,1,62.70180518319928,53.24169794459339,6.703116660302451,4.726641430931904,0.709067254101705,45.37620272257963,-0.9759227032594042,0.9759227032594042,0.016300268096514744,-4,-0.006944444444444642,-100,0.4464662066737426,196.54545454545453,7.377652205553994,3.8020454545454543,0.10766771104684122
RHF_MPM_P44,787,0.03935,39.35,0,255,3.9314583333333335,27.0706654340068,56613,222.01176470588234,0,196,255,0.5560855805776278,107,107,206,0.014305555555555556,18,16,0.7152777777777778,63.33495145631068,54.19417475728155,0.04527777777777778,0.005694444444444445,0.017569444444444443,0.013125,0.01,1,62.99461254482186,53.74689558935227,5.969390540933269,4.194966969530621,0.7114405613246924,-142.1677512805562,0.5199635547643955,0.5199635547643955,0.012841573490187766,10,0.04604166666666698,663,0.5839184971297751,197.63636363636363,7.795951481643034,3.8218308080808083,0.10961647935201646
RHF_MPM_P44,788,0.0394,39.4,0,12,0.021319444444444443,0.36614118885679764,307,25.583333333333332,0,0,7,0.06116192115761656,3,8,11,0.0007638888888888889,93,101,0.0011710848504205259,85.27272727272727,61.36363636363637,0.005,0.0,0.0,0.0,0.0,0,81.2671009771987,59.700325732899024,34.27410217157343,27.179300014558756,0.6092240274365321,130.33192212156652,0.0795145524909707,0.0795145524909707,0.0,-195,-3.910138888888889,-56306,19.217886563965255,181.63636363636363,54.416362390992,3.487007575757575,1.1007886301251526
RHF_MPM_P44,789,0.03945,39.45,0,255,3.258958333333333,22.504032577479613,46929,184.03529411764706,6,98,255,0.7278306984755925,105,105,142,0.00986111111111111,14,13,0.7802197802197802,67.35211267605634,57.36619718309859,0.06284722222222222,0.003472222222222222,0.013819444444444445,0.00875,0.006597222222222222,1,69.44394723944683,58.59082869867246,7.808814940914313,5.4041987596000105,0.7218362606375351,-141.41387759615853,-0.14303490233798255,0.14303490233798255,0.015491487140147883,131,3.2376388888888887,46622,11.875097809090814,177.72727272727272,55.56665270251559,3.4510542929292924,1.1011912565410937
RHF_MPM_P44,790,0.0395,39.5,0,255,5.777013888888889,27.22590804474514,83189,326.2313725490196,30,166,255,1.3358158990265734,103,103,213,0.014791666666666667,19,23,0.4874141876430206,69.71361502347418,60.798122065727696,0.12486111111111112,0.005208333333333333,0.021805555555555557,0.012430555555555556,0.00875,1,77.25570688432364,67.82275300821021,17.447835692775755,5.798796652023884,0.9431559548780888,-136.83077241431175,-0.8509680313118072,0.8509680313118072,0.026926636935171718,71,2.5180555555555557,36260,12.093469940689483,179.72727272727272,56.39808331541856,3.641875,1.289710892392861
RHF_MPM_P44,791,0.03955,39.55,0,255,6.361597222222223,29.6242512367447,91607,359.24313725490197,32,218,255,1.2923916675724387,105,105,247,0.017152777777777777,26,27,0.35185185185185186,70.99595141700405,61.81376518218624,0.119375,0.006805555555555555,0.02638888888888889,0.014166666666666666,0.010625,1,77.34428591701507,69.89499710720797,19.125947603886118,4.62078087650623,0.9703765528405608,52.64972495321122,0.9098173633547753,0.9098173633547753,0.01396181514513083,34,0.5845833333333337,8418,2.0741364108620184,184.8181818181818,59.62125640135432,3.8817487373737376,1.5091922129082018
RHF_MPM_P44,792,0.0396,39.6,0,255,6.659583333333333,30.607289978473904,95898,376.0705882352941,37,233,255,1.2565664448887826,110,110,246,0.017083333333333332,20,21,0.5857142857142857,70.48780487804878,60.926829268292686,0.11368055555555556,0.007291666666666667,0.02722222222222222,0.015833333333333335,0.01138888888888889,1,79.3384116457069,70.27055830152871,22.22479268831908,4.52279153852323,0.9790745137404797,47.82385101888329,0.9940431461755147,0.9940431461755147,0.009729087155102296,-1,0.2979861111111104,4291,2.029182996309187,189.0,62.10109060673133,4.1434280303030295,1.7057995466107763
RHF_MPM_P44,793,0.03965,39.65,0,255,5.9343055555555555,31.313652787668126,85454,335.1137254901961,22,244,255,1.0074730114307036,108,108,276,0.019166666666666665,22,21,0.5974025974025974,70.84420289855072,61.27536231884058,0.08888888888888889,0.008125,0.024930555555555556,0.017361111111111112,0.012847222222222222,1,74.84253516511808,64.75878250286704,16.29208925053589,4.23452246391819,0.965632092809036,-136.0632585584167,-1.9784927791974671,1.9784927791974671,0.04786200762983594,30,-0.7252777777777775,-10444,7.112845969330718,195.27272727272728,66.90167943141489,4.328724747474747,1.7780385443105413
RHF_MPM_P44,794,0.0397,39.7,0,255,6.1225,32.867368051593196,88164,345.74117647058824,18,252,255,0.9157561391438258,109,109,304,0.021111111111111112,24,21,0.6031746031746031,71.45394736842105,61.63486842105263,0.07951388888888888,0.008958333333333334,0.02736111111111111,0.019583333333333335,0.014375,1,72.84981398303162,62.68420216868563,10.26002710063057,4.459169843163914,0.9006159614675562,-137.50004038647853,-1.0091987990662277,1.0091987990662277,0.02267365364547888,28,0.1881944444444441,2710,2.8765989071311755,204.0,73.88935216684717,4.527739898989899,1.843939696951516
RHF_MPM_P44,795,0.03975,39.75,0,255,6.709305555555556,34.59705666777598,96614,378.878431372549,20,255,255,0.978586603493546,111,111,327,0.022708333333333334,24,23,0.592391304347826,71.80122324159021,61.92660550458716,0.08680555555555555,0.010625,0.029375,0.021388888888888888,0.01659722222222222,1,73.40190862607903,63.12788001738878,10.488494220394319,4.561388677280793,0.900481401806579,-137.8971630362934,-1.023674997783262,1.023674997783262,0.019614134597470346,23,0.5868055555555562,8450,0.7082785668870027,215.27272727272728,81.90137184897334,4.777619949494949,1.934190425783922
RHF_MPM_P44,796,0.0398,39.8,0,255,7.050833333333333,35.23545877182687,101532,398.16470588235296,23,255,255,1.0397322189135887,108,108,358,0.02486111111111111,27,26,0.50997150997151,72.72625698324022,62.75698324022346,0.0925,0.010555555555555556,0.03138888888888889,0.0225,0.01659722222222222,1,74.20804278454084,63.80600204861521,11.316882529595414,4.545949283277306,0.9157729642576242,-138.194109679316,-0.7864362057786098,0.7864362057786098,0.014980498759011937,31,0.34152777777777743,4918,1.053423832402503,229.63636363636363,91.28105720771796,5.064753787878787,2.0142431526972637
RHF_MPM_P44,797,0.03985,39.85,0,255,6.883541666666667,34.506774394649874,99123,388.7176470588235,24,254,255,1.049363955017735,108,108,341,0.023680555555555555,27,25,0.5051851851851852,72.10850439882698,62.24926686217009,0.09305555555555556,0.009930555555555555,0.030555555555555555,0.021458333333333333,0.015902777777777776,1,74.1938904189744,63.77681264691343,11.663623378996036,4.658054175649661,0.9167915946867387,-137.74966686605237,-0.9112664443822255,0.9112664443822255,0.014184397163120567,-17,-0.1672916666666664,-2409,0.03243933758315824,242.8181818181818,95.82827271343082,5.337310606060606,2.0389151338197524
RHF_MPM_P44,798,0.0399,39.9,0,255,6.789861111111111,34.025333821248196,97774,383.42745098039217,25,254,255,1.0830808593048824,108,108,321,0.022291666666666668,26,23,0.5367892976588629,71.57632398753894,61.57632398753894,0.09701388888888889,0.00986111111111111,0.029305555555555557,0.020277777777777777,0.015694444444444445,1,74.33385153517295,63.72504960418925,12.185671421900528,4.751613867512441,0.9208425894501134,-138.3468796229031,-1.1089610858843584,1.1089610858843584,0.017315441732976045,-20,-0.09368055555555621,-1349,0.14922642741689074,253.27272727272728,97.49973511301165,5.597165404040403,2.0252864406331423
RHF_MPM_P44,799,0.03995,39.95,0,255,6.50375,33.17453821739649,93654,367.2705882352941,23,252,255,1.0496740633581194,108,108,313,0.021736111111111112,25,23,0.5443478260869565,71.46645367412141,61.43130990415335,0.09340277777777778,0.009097222222222222,0.027777777777777776,0.01951388888888889,0.014791666666666667,1,74.3631131612104,63.756817647938156,12.60351122933952,4.421401089167583,0.9364477487321943,-138.53014757857605,-1.115960959726509,1.115960959726509,0.02130181305656993,-8,-0.28611111111111054,-4120,0.04319087128072386,280.72727272727275,61.161620332140416,6.186477272727273,1.0014217635169067
RHF_MPM_P44,800,0.04,40.0,0,255,5.938680555555556,31.26712070447094,85517,335.3607843137255,22,246,255,1.0348805813130038,108,108,274,0.01902777777777778,22,20,0.6227272727272727,70.43795620437956,60.56204379562044,0.09236111111111112,0.008263888888888888,0.024791666666666667,0.016805555555555556,0.012916666666666667,1,74.12941286527825,63.55862577031468,13.127434942641496,4.383114259945036,0.9426121800038922,-138.6027732163805,-1.2900177483087447,1.2900177483087447,0.024065390507150626,-39,-0.5650694444444442,-8137,0.30642429517695846,292.72727272727275,43.02661102385763,6.430088383838382,0.41225841381838974
RHF_MPM_P44,801,0.04005,40.05,0,255,5.392083333333333,29.671963826588712,77646,304.49411764705883,19,230,255,0.9951968683222177,110,110,237,0.016458333333333332,20,17,0.6970588235294117,69.88607594936708,60.037974683544306,0.08909722222222222,0.007083333333333333,0.022291666666666668,0.015486111111111112,0.011597222222222222,1,73.78542358910956,63.33762202817917,13.6679798216171,4.207834040684117,0.9514314374409129,-138.54421545958797,-1.5404035000021647,1.5404035000021647,0.027779924271694616,-37,-0.5465972222222231,-7871,0.40886584126943615,294.90909090909093,39.382632409949316,6.3950946969696965,0.47739873243135944
RHF_MPM_P44,802,0.0401,40.1,0,255,4.869305555555556,28.09890027634479,70118,274.97254901960787,17,205,255,0.9444785498984748,110,110,214,0.014861111111111111,19,16,0.7039473684210527,69.29439252336448,59.59345794392523,0.08493055555555555,0.0061805555555555555,0.02,0.014027777777777778,0.010347222222222223,1,73.3270059043327,62.95344989874212,13.792399027035787,4.171214143926827,0.9531720831824989,-138.58085791829316,-1.7770046344795491,1.7770046344795491,0.03178926951709975,-23,-0.5227777777777769,-7528,0.5981095207003259,291.90909090909093,43.91407839169275,6.259431818181818,0.6488778346113765
RHF_MPM_P44,803,0.04015,40.15,0,255,4.412916666666667,26.623583422800795,63546,249.2,15,185,255,0.909351261221057,107,107,199,0.013819444444444445,19,16,0.6546052631578947,69.01005025125629,59.38693467336683,0.08215277777777778,0.005138888888888889,0.018125,0.012569444444444444,0.008958333333333334,1,72.95050829320492,62.65404588801813,14.009837246482206,4.153448234911903,0.955043234432899,-138.13313751360104,-1.921245532007971,1.921245532007971,0.03410128096182293,-15,-0.4563888888888892,-6572,0.48103348409703456,287.6363636363636,50.03321211005333,6.055189393939394,0.8214233328902484
RHF_MPM_P44,804,0.0402,40.2,0,255,4.091944444444445,25.781135795108064,58924,231.07450980392156,13,169,255,0.8434570021538259,107,107,189,0.013125,18,16,0.65625,68.86243386243386,59.25396825396825,0.07541666666666667,0.004861111111111111,0.017152777777777777,0.011944444444444445,0.008402777777777778,1,72.21999524811622,62.08619577761184,13.26737431840236,3.9925770364293593,0.9536456112616635,-138.14707494176545,-2.087339999949299,2.087339999949299,0.033466838639603556,-10,-0.3209722222222222,-4622,0.9252583730684094,279.72727272727275,57.55801959618408,5.88770202020202,0.997872501208123
RHF_MPM_P44,805,0.04025,40.25,0,255,3.8734722222222224,25.319603552480515,55778,218.7372549019608,12,164,255,0.7902760971382079,106,106,178,0.012361111111111111,17,15,0.6980392156862745,68.43820224719101,58.938202247191015,0.07006944444444445,0.004652777777777777,0.016180555555555556,0.011666666666666667,0.008125,1,71.46699415540178,61.5275556671089,12.181226820041271,3.95031416869298,0.9459559089518619,-138.09217424846764,-2.2430843189329526,2.2430843189329526,0.03288034709025064,-11,-0.21847222222222218,-3146,0.9375976848797585,268.27272727272725,63.78813071281139,5.6832449494949495,1.1479391325212547
RHF_MPM_P44,806,0.0403,40.3,0,255,3.7816666666666667,25.410599767725984,54456,213.5529411764706,8,163,255,0.7350031153339742,109,109,176,0.012222222222222223,16,15,0.7333333333333333,68.58522727272727,58.90909090909091,0.06451388888888888,0.005,0.016180555555555556,0.011597222222222222,0.008194444444444445,1,70.74487659762009,60.824133245188776,10.767636271994876,4.17329333259058,0.9218371314630335,-137.6939797657074,-2.22858624186447,2.22858624186447,0.034174379315410605,-2,-0.0918055555555557,-1322,1.0080956655578674,254.54545454545453,65.88607748691349,5.41709595959596,1.2165307692203373
RHF_MPM_P44,807,0.04035,40.35,0,255,3.5989583333333335,25.08858054802883,51825,203.23529411764707,3,160,255,0.6544786761258898,110,110,171,0.011875,16,15,0.7125,68.30409356725146,58.748538011695906,0.05576388888888889,0.004791666666666666,0.015694444444444445,0.011319444444444444,0.008194444444444445,1,69.94521948866377,60.10423540762181,8.676487560308923,4.1515524220097335,0.8780967770190715,-136.9861253797264,-2.219142008226795,2.219142008226795,0.026878919440424507,-5,-0.18270833333333325,-2631,1.0759667227372713,237.54545454545453,60.93866310608581,5.103289141414142,1.1997243224338257
RHF_MPM_P44,808,0.0404,40.4,0,255,3.477013888888889,24.93951348262045,50069,196.34901960784313,1,157,255,0.626189064886862,109,109,170,0.011805555555555555,15,15,0.7555555555555555,68.12352941176471,58.523529411764706,0.05333333333333334,0.004791666666666666,0.015277777777777777,0.010902777777777779,0.008055555555555555,1,69.20367892308614,59.35501008608121,7.547061441365558,4.45175739396167,0.8075009096594609,-137.10486894849478,-1.5737986014152947,1.5737986014152947,0.021670095268529428,-1,-0.12194444444444441,-1756,1.054144673578914,222.0,53.97811004135254,4.793604797979798,1.1383100222094968
RHF_MPM_P44,809,0.04045,40.45,0,255,3.5106944444444443,25.24893885704181,50554,198.25098039215686,0,169,255,0.5932560944779691,109,109,176,0.012222222222222223,16,16,0.6875,68.23863636363636,58.42045454545455,0.04986111111111111,0.004861111111111111,0.015347222222222222,0.011319444444444444,0.008611111111111111,1,69.04741464572537,59.099774498556,6.510730448157698,4.397491281708762,0.737431336791754,-138.04924037709358,-1.6731528587175295,1.6731528587175295,0.01768406060845828,6,0.03368055555555527,485,0.2992719992221504,208.8181818181818,45.18008044948003,4.495498737373738,0.9971106906598282
RHF_MPM_P44,810,0.0405,40.5,0,255,3.4816666666666665,25.085854192264524,50136,196.61176470588236,0,161,255,0.5804454996849753,109,109,175,0.012152777777777778,16,16,0.68359375,68.15428571428572,58.40571428571429,0.04840277777777778,0.004791666666666666,0.015347222222222222,0.011111111111111112,0.008263888888888888,1,68.97315302377532,58.92320887186852,6.564340736384367,4.7135376609579005,0.6959895101605698,-135.9846429212605,-0.5120544902296659,0.5120544902296659,0.015178713898196904,-1,-0.029027777777777874,-418,0.19154688465802622,196.27272727272728,31.640281889018134,4.220763888888889,0.8034605693086514
RHF_MPM_P44,811,0.04055,40.55,0,255,3.481388888888889,25.177819013830604,50132,196.59607843137255,0,161,255,0.5578492093542796,109,109,177,0.012291666666666666,16,16,0.69140625,68.10169491525424,58.451977401129945,0.04597222222222222,0.004930555555555555,0.015555555555555555,0.01125,0.008333333333333333,1,68.89015000398946,58.86360009574723,6.01480016137557,4.657294708486369,0.6328115937879915,-137.44706410127412,-1.155467215759471,1.155467215759471,0.015499082422404852,2,-0.0002777777777773771,-4,0.10218956641580465,187.45454545454547,20.196145610503535,3.9973737373737377,0.6140432846789096
RHF_MPM_P44,812,0.0406,40.6,0,255,3.421111111111111,24.853183316984854,49264,193.1921568627451,0,151,255,0.5683916352743494,108,108,173,0.012013888888888888,16,15,0.7208333333333333,68.01734104046243,58.20809248554913,0.04680555555555556,0.004583333333333333,0.015277777777777777,0.010972222222222222,0.008194444444444445,1,68.87617733030204,58.78077297823969,6.280990067144114,4.62935020118403,0.675847512380485,-138.859382413673,-0.9264369408450296,0.9264369408450296,0.016056349464111726,-4,-0.060277777777777874,-868,0.08399742260678708,181.63636363636363,13.033332981054437,3.8181944444444444,0.4453034775455921
RHF_MPM_P44,813,0.04065,40.65,0,255,3.392638888888889,24.82058400317139,48854,191.5843137254902,0,154,255,0.5424290746553004,106,106,180,0.0125,16,15,0.75,67.93888888888888,58.21666666666667,0.044444444444444446,0.0045138888888888885,0.015347222222222222,0.010972222222222222,0.008263888888888888,1,68.73875220043395,58.702951651860644,5.929408015636445,4.479957887539613,0.6550922170960027,-138.40507427850935,-1.22304759751889,1.22304759751889,0.015495148810742211,7,-0.028472222222222232,-410,0.15792981086120408,178.54545454545453,8.083244582171606,3.6839520202020197,0.3103192942303463
RHF_MPM_P44,814,0.0407,40.7,0,255,3.390902777777778,24.75347984552415,48829,191.48627450980393,0,150,255,0.5399469147216737,105,105,179,0.012430555555555556,16,15,0.7458333333333333,67.94972067039106,58.184357541899445,0.043958333333333335,0.0044444444444444444,0.015486111111111112,0.010902777777777779,0.008333333333333333,1,68.70556431628745,58.652522066804565,5.928823361724644,4.490739196329224,0.6529025786480287,-138.22501091329005,-0.6486410132464796,0.6486410132464796,0.012615453931065555,-1,-0.0017361111111111605,-25,0.06037034622270975,176.72727272727272,4.900666171615838,3.5910416666666665,0.2171742993004823
RHF_MPM_P44,815,0.04075,40.75,0,255,3.3490972222222224,24.541586146251454,48227,189.12549019607843,0,146,255,0.5499288847870505,108,108,168,0.011666666666666667,16,15,0.7,67.67857142857143,57.904761904761905,0.04486111111111111,0.0044444444444444444,0.01513888888888889,0.010694444444444444,0.008125,1,68.7017231011674,58.56066104049599,5.977792874899804,4.435644854404775,0.6703771911803214,-139.67196644236367,-1.3207877948765447,1.3207877948765447,0.01652601239969312,-11,-0.04180555555555543,-602,0.09194130240574022,174.8181818181818,3.6882659591092355,3.5235101010101006,0.15848123619789695
RHF_MPM_P44,816,0.0408,40.8,0,255,3.399861111111111,24.817354478550754,48958,191.9921568627451,0,154,255,0.5557835244117479,106,106,178,0.012361111111111111,16,15,0.7416666666666667,67.91011235955057,58.01123595505618,0.04555555555555556,0.0044444444444444444,0.015416666666666667,0.010902777777777779,0.008194444444444445,1,68.6643040973896,58.50059234445852,5.945695446138995,4.543202056128973,0.645078656147607,-139.43718184376948,-0.7826716003300952,0.7826716003300952,0.015278401895502267,10,0.05076388888888861,731,0.07077026273347284,174.8181818181818,3.6882659591092355,3.480454545454545,0.11626901463593727
RHF_MPM_P44,817,0.04085,40.85,0,255,3.4072916666666666,24.86159777757293,49065,192.41176470588235,0,152,255,0.544935643309242,107,107,174,0.012083333333333333,15,15,0.7733333333333333,67.69540229885058,57.87931034482759,0.04451388888888889,0.0045138888888888885,0.015486111111111112,0.011041666666666667,0.008402777777777778,1,68.60813206970346,58.44214817079384,5.749432902948832,4.589655131271973,0.6022870106631671,-141.40781695746736,-1.2829182626254645,1.2829182626254645,0.013818404157749924,-4,0.007430555555555607,107,0.08106181671859918,174.63636363636363,3.674796896619588,3.446420454545454,0.06781383171586422
RHF_MPM_P44,818,0.0409,40.9,0,255,3.4258333333333333,24.895181358269138,49332,193.45882352941177,0,150,255,0.5453516573307656,107,107,175,0.012152777777777778,15,15,0.7777777777777778,67.66857142857143,57.90857142857143,0.044444444444444446,0.0045138888888888885,0.015625,0.010972222222222222,0.008333333333333333,1,68.55398118868078,58.451431119759995,5.672502560250582,4.49157079407453,0.6107614215579139,-142.68280568404919,-1.1747432559893083,1.1747432559893083,0.013824697964809859,1,0.01854166666666668,267,0.05494079592652895,175.0,3.4902461491731755,3.4306818181818177,0.04768947584121248
RHF_MPM_P44,819,0.04095,40.95,0,255,3.4018055555555557,24.84846176920263,48986,192.10196078431372,0,150,255,0.5441553736223834,108,108,173,0.012013888888888888,15,15,0.7688888888888888,67.70520231213872,57.84393063583815,0.04451388888888889,0.004583333333333333,0.015416666666666667,0.011041666666666667,0.008402777777777778,1,68.50859429224677,58.30484219981219,5.760176298880109,4.661287497905102,0.5874967384595091,-140.11460551186545,-0.7222849162911875,0.7222849162911875,0.013881517168170498,-2,-0.024027777777777537,-346,0.15345449429513267,175.27272727272728,3.193485103681872,3.4238446969696965,0.04591505639587452
RHF_MPM_P44,820,0.041,41.0,0,255,3.469097222222222,25.1976909329339,49955,195.90196078431373,0,156,255,0.5412860405938542,107,107,182,0.012638888888888889,16,15,0.7583333333333333,67.7967032967033,57.9010989010989,0.04416666666666667,0.004583333333333333,0.01576388888888889,0.011458333333333333,0.008541666666666666,1,68.48181363226904,58.25879291362226,5.650240557856447,4.614699480898056,0.5770254064840329,-143.09948490766106,-0.43302681353786926,0.43302681353786926,0.011970773696326695,9,0.0672916666666663,969,0.053270446848560596,175.8181818181818,3.7372372347444482,3.420063131313132,0.039929171633302105
RHF_MPM_P44,821,0.04105,41.05,0,255,3.449027777777778,25.046241382453324,49666,194.7686274509804,0,153,255,0.5328427082160909,105,105,179,0.012430555555555556,15,15,0.7955555555555556,67.62011173184358,57.8268156424581,0.043125,0.004583333333333333,0.015694444444444445,0.011319444444444444,0.008472222222222223,1,68.44106632303789,58.32370233157492,5.8203127046186385,4.487667358433726,0.6367922365823535,-139.80043401360328,-0.036429314867114114,0.036429314867114114,0.01079209116900898,-3,-0.02006944444444425,-289,0.07663925722847574,176.1818181818182,3.8333033895105486,3.41709595959596,0.03628778433241607
RHF_MPM_P44,822,0.0411,41.1,0,255,3.4315277777777777,25.005147367854434,49414,193.78039215686275,0,153,255,0.5337764446871315,109,109,174,0.012083333333333333,15,15,0.7733333333333333,67.62068965517241,57.724137931034484,0.043333333333333335,0.004583333333333333,0.015486111111111112,0.011319444444444444,0.008333333333333333,1,68.46978589063828,58.29694013842231,5.623875105470173,4.541520244821596,0.5898088780651225,-138.60420255045332,-1.217700774620143,1.217700774620143,0.013983891204921682,-5,-0.01750000000000007,-252,0.03925593643630469,175.9090909090909,3.8719162616448823,3.412563131313131,0.030649812358353543
RHF_MPM_P44,823,0.04115,41.15,0,255,3.438125,25.105321023770976,49509,194.1529411764706,0,156,255,0.519776386239046,105,105,184,0.012777777777777779,16,15,0.7666666666666667,67.79891304347827,57.80434782608695,0.042083333333333334,0.004652777777777777,0.015625,0.011458333333333333,0.008333333333333333,1,68.38473812842109,58.20737643660748,5.570102335390021,4.496524336747031,0.5901951122491983,-138.56832137578832,-0.5915978924320671,0.5915978924320671,0.011694843361813003,10,0.006597222222222143,95,0.12351023658355607,176.9090909090909,4.37876166501538,3.4141098484848484,0.031460720779555924
RHF_MPM_P44,824,0.0412,41.2,0,255,3.4625,25.158295724273536,49860,195.52941176470588,0,155,255,0.539287519170986,105,105,184,0.012777777777777779,16,15,0.7666666666666667,67.79891304347827,57.80434782608695,0.043819444444444446,0.004791666666666666,0.015625,0.011458333333333333,0.008472222222222223,1,68.432972322503,58.210750100280784,5.73808932526901,4.726096928309921,0.5671188082919643,-137.01893063649004,0.06462591247161545,0.06462591247161545,0.012093862815884477,0,0.024375000000000036,351,0.04835203289741081,177.27272727272728,4.769046199492364,3.4204608585858582,0.033472461553579635
RHF_MPM_P44,825,0.04125,41.25,0,255,3.540625,25.43856738734487,50985,199.94117647058823,0,160,255,0.530766756048772,105,105,187,0.012986111111111111,16,15,0.7791666666666667,67.82352941176471,57.87700534759358,0.043055555555555555,0.004722222222222222,0.016527777777777777,0.011666666666666667,0.008611111111111111,1,68.49173286260665,58.3410610964009,5.666413153068032,4.568059497045094,0.5916918645211299,-139.57521075791445,-0.5649293772035096,0.5649293772035096,0.011238599588114151,3,0.078125,1125,0.14294669210264827,178.0,5.52679423766206,3.4340719696969697,0.04656600149278454
RHF_MPM_P44,826,0.0413,41.3,0,255,3.5210416666666666,25.277303203630407,50703,198.83529411764707,0,155,255,0.5566949367068206,106,106,186,0.012916666666666667,16,15,0.775,67.72043010752688,57.774193548387096,0.04576388888888889,0.004861111111111111,0.01611111111111111,0.011597222222222222,0.008541666666666666,1,68.5211723172199,58.209159221347846,5.848225945462236,4.816140554554559,0.5672848731997823,-139.476906349085,-0.5559388237840706,0.5559388237840706,0.013095872039129835,-1,-0.019583333333333286,-282,0.13514727570482596,179.63636363636363,4.959338798903947,3.4497032828282825,0.044218075772850675
RHF_MPM_P44,827,0.04135,41.35,0,255,3.5570833333333334,25.469201277528857,51222,200.87058823529412,0,161,255,0.5567897232184975,107,107,187,0.012986111111111111,16,15,0.7791666666666667,67.72727272727273,57.81283422459893,0.045625,0.004861111111111111,0.016527777777777777,0.011597222222222222,0.008611111111111111,1,68.51048377650228,58.28138299949241,5.894085873342294,4.712615439460778,0.6005997396403197,-141.90324061957733,-0.15683600859794286,0.15683600859794286,0.011928468236304713,1,0.03604166666666675,519,0.07301040358843948,180.45454545454547,5.348978430311146,3.463996212121212,0.0507280517116632
RHF_MPM_P44,828,0.0414,41.4,0,255,3.5609027777777778,25.479954796019843,51277,201.08627450980393,0,163,255,0.5457116979912753,107,107,186,0.012916666666666667,16,15,0.775,67.68817204301075,57.80107526881721,0.044444444444444446,0.004930555555555555,0.016319444444444445,0.011527777777777777,0.008680555555555556,1,68.42559042065643,58.30807184507674,5.7539489243373705,4.6790438268511245,0.5820007060778658,-137.0633220053481,-0.6381938106334428,0.6381938106334428,0.011701152563527507,-1,0.0038194444444443754,55,0.08898975415964676,181.54545454545453,5.140987460217707,3.4779608585858584,0.05421928511945173
RHF_MPM_P44,829,0.04145,41.45,0,255,3.5988194444444446,25.60688028735115,51823,203.22745098039215,0,162,255,0.5606228542703648,103,103,189,0.013125,16,15,0.7875,67.7936507936508,57.84126984126984,0.04590277777777778,0.004861111111111111,0.016458333333333332,0.011666666666666667,0.008680555555555556,1,68.4636551338209,58.23462555236092,5.7968654556055546,5.000630133200031,0.5058118701508194,-136.39681750185687,0.04013496820222889,0.04013496820222889,0.011770835343380352,3,0.03791666666666682,546,0.08272412164532641,182.8181818181818,5.095776893542371,3.493686868686869,0.06142710182412465
RHF_MPM_P44,830,0.0415,41.5,0,255,3.5877083333333335,25.592391480530075,51663,202.6,0,165,255,0.5453752438712521,107,107,188,0.013055555555555556,16,15,0.7833333333333333,67.76595744680851,57.8031914893617,0.044444444444444446,0.004930555555555555,0.01638888888888889,0.011666666666666667,0.00875,1,68.43772138667906,58.253972862590246,5.560763377430434,4.672231210033839,0.5422549616018042,-139.22219616018276,-1.075456661554058,1.075456661554058,0.012833168805528134,-1,-0.011111111111111072,-160,0.032355488775886156,184.1818181818182,4.217241274452074,3.5105871212121214,0.05936193565023332
RHF_MPM_P44,831,0.04155,41.55,0,255,3.6333333333333333,25.830037424156654,52320,205.1764705882353,0,168,255,0.5458721845607672,106,106,191,0.01326388888888889,16,15,0.7958333333333333,67.83246073298429,57.82722513089005,0.044583333333333336,0.005,0.01673611111111111,0.012013888888888888,0.008888888888888889,1,68.37689220183486,58.25168195718654,5.65424193653155,4.606522251826603,0.5798798499224832,-138.43865700090515,-0.41258877437450653,0.41258877437450653,0.011754587155963303,3,0.045624999999999805,657,0.06087230878139891,185.0,4.572645941803379,3.525517676767677,0.06718719976596434
RHF_MPM_P44,832,0.0416,41.6,0,255,3.6378472222222222,25.82901358139273,52385,205.4313725490196,0,169,255,0.5472355348299645,104,104,193,0.013402777777777777,16,15,0.8041666666666667,67.90155440414507,57.78756476683938,0.04465277777777778,0.004930555555555555,0.016944444444444446,0.011805555555555555,0.008888888888888889,1,68.40631860265343,58.14975660971652,5.500136316711164,4.811581797597936,0.4844636863165437,45.69062168682126,0.23170452703083722,0.23170452703083722,0.011797270210938246,2,0.004513888888888928,65,0.10608812149349986,186.27272727272728,4.672762645780508,3.5426830808080805,0.06953179653045198
RHF_MPM_P44,833,0.04165,41.65,0,255,3.644375,25.87247551342369,52479,205.8,0,172,255,0.5443865208957743,106,106,193,0.013402777777777777,16,15,0.8041666666666667,67.84974093264249,57.803108808290155,0.04416666666666667,0.005,0.016944444444444446,0.011944444444444445,0.008888888888888889,1,68.38302940223709,58.15463328188418,5.623570942908689,4.755043295094328,0.5338869811225666,-135.63505580666194,0.1817712712266367,0.1817712712266367,0.010518493111530327,0,0.00652777777777791,94,0.0237943015754496,188.0,3.0451153135353137,3.562032828282828,0.06539987701736408
RHF_MPM_P44,834,0.0417,41.7,0,255,3.6838888888888888,25.99859913723748,53048,208.0313725490196,0,172,255,0.5579161010418806,108,108,190,0.013194444444444444,16,15,0.7916666666666666,67.83157894736843,57.705263157894734,0.04569444444444445,0.005138888888888889,0.017013888888888887,0.012222222222222223,0.008958333333333334,1,68.41413436887348,58.08094555873925,5.535744292471515,4.76786920017467,0.5081173786115041,-140.38767903818953,-0.5157948761194834,0.5157948761194834,0.0125735183230282,-3,0.039513888888888626,569,0.07998374517197006,188.54545454545453,2.807899129360091,3.5843749999999996,0.06109116409996348
RHF_MPM_P44,835,0.04175,41.75,0,255,3.674236111111111,25.964113644281035,52909,207.48627450980393,0,173,255,0.5598633892024136,105,105,191,0.01326388888888889,16,15,0.7958333333333333,67.79581151832461,57.738219895287955,0.04576388888888889,0.005138888888888889,0.01673611111111111,0.012083333333333333,0.008958333333333334,1,68.37796972159747,58.02744334612259,5.48616479461112,4.830221950869581,0.47416332281703505,-142.1866180296788,-0.5202235514729087,0.5202235514729087,0.011774934321192991,1,-0.009652777777777732,-139,0.06457839009666401,189.1818181818182,2.479669399451974,3.603623737373738,0.05239646458561225
RHF_MPM_P44,836,0.0418,41.8,0,255,3.653263888888889,25.887979496333525,52607,206.30196078431374,0,169,255,0.5585330419880867,108,108,189,0.013125,16,15,0.7875,67.80952380952381,57.666666666666664,0.04583333333333333,0.005208333333333333,0.01659722222222222,0.012083333333333333,0.008819444444444444,1,68.42270040108731,57.94687018837797,5.519016599361667,4.918876697419403,0.45349340709909186,-138.4880900363301,-0.3255568693300489,0.3255568693300489,0.011975592601745015,-2,-0.020972222222221948,-302,0.09215675469851435,189.36363636363637,2.384523099746182,3.6138636363636363,0.050037419996520324
RHF_MPM_P44,837,0.04185,41.85,0,255,3.679236111111111,25.970583508073265,52981,207.7686274509804,0,176,255,0.5458868967279591,107,107,194,0.013472222222222222,16,16,0.7578125,67.80412371134021,57.55154639175258,0.044305555555555556,0.005138888888888889,0.016944444444444446,0.012152777777777778,0.008888888888888889,1,68.36228081765161,57.95734319850512,5.472502363159871,4.786836125886212,0.48465210587702506,45.93004080235145,0.4413062651158822,0.4413062651158822,0.010494328155376455,5,0.02597222222222184,374,0.06132055123420895,190.0909090909091,2.466301812045552,3.6282449494949494,0.04361377592415273
RHF_MPM_P44,838,0.0419,41.9,0,255,3.6040277777777776,25.716877519103324,51898,203.521568627451,0,176,255,0.5474204131034701,107,107,189,0.013125,16,15,0.7875,67.75661375661376,57.36507936507937,0.04472222222222222,0.005138888888888889,0.01638888888888889,0.011875,0.00875,1,68.37612239392655,57.811996608732514,5.375175393882861,4.845998684095764,0.43267132470256403,-143.16515668484536,-1.093437383306436,1.093437383306436,0.01344945855331612,-5,-0.07520833333333332,-1083,0.14600417936587198,190.27272727272728,2.2998382983042758,3.632512626262626,0.03843048982525936
RHF_MPM_P44,839,0.04195,41.95,0,255,3.667708333333333,26.036460792158316,52815,207.11764705882354,0,179,255,0.548152277956583,109,109,189,0.013125,16,16,0.73828125,67.73015873015873,57.39153439153439,0.04486111111111111,0.005277777777777778,0.016805555555555556,0.012222222222222223,0.009097222222222222,1,68.29605225788129,57.763836031430465,5.306199216881382,4.8172987981539475,0.41926822943419184,-149.9088155004452,-1.0193120943605833,1.0193120943605833,0.01230710972261668,0,0.06368055555555552,917,0.09343804306798101,190.54545454545453,1.9241827716833384,3.642222222222222,0.03207896030366097
RHF_MPM_P44,840,0.042,42.0,0,255,3.655763888888889,25.958172313033533,52643,206.44313725490196,0,181,255,0.542989836062452,106,106,191,0.01326388888888889,16,16,0.74609375,67.80628272251309,57.38743455497382,0.04416666666666667,0.005138888888888889,0.016666666666666666,0.012013888888888888,0.009027777777777777,1,68.31284311304447,57.7552571092073,5.366934036970493,4.783192523716095,0.45354434984286895,-140.94365572689347,-0.1512688787625543,0.1512688787625543,0.010713675132496249,2,-0.011944444444444091,-172,0.018855522364071446,190.72727272727272,1.8630819574471997,3.64739898989899,0.029114888558815798
RHF_MPM_P44,841,0.04205,42.05,0,255,3.6421527777777776,25.864112058753733,52447,205.67450980392158,0,179,255,0.5411948935602235,106,106,190,0.013194444444444444,16,16,0.7421875,67.76842105263158,57.40526315789474,0.04388888888888889,0.005069444444444444,0.01659722222222222,0.012013888888888888,0.008819444444444444,1,68.30526054874444,57.78349571948824,5.407753412608824,4.702485586697323,0.4937883814040934,-139.44125573203294,-0.20192670180499595,0.20192670180499595,0.010810913874959483,-1,-0.013611111111111462,-196,0.029238919131237006,190.9090909090909,1.6762808104168887,3.6523484848484844,0.022400324371212043
RHF_MPM_P44,842,0.0421,42.1,0,255,3.587638888888889,25.624710567094738,51662,202.59607843137255,0,169,255,0.5515054115662252,107,107,187,0.012986111111111111,16,16,0.73046875,67.75935828877006,57.51336898395722,0.045,0.005,0.016458333333333332,0.011944444444444445,0.008611111111111111,1,68.35803879060045,57.796039642290275,5.569461451552472,4.826055212168319,0.4991406474129672,-142.6974364565432,0.17598584518918323,0.17598584518918323,0.01122682048701173,-3,-0.05451388888888875,-785,0.05424843603896923,190.54545454545453,2.01646118298353,3.648194444444445,0.028849860729045072
RHF_MPM_P44,843,0.04215,42.15,0,255,3.616388888888889,25.733539685353325,52076,204.21960784313725,0,170,255,0.5498634413492983,106,106,190,0.013194444444444444,16,15,0.7916666666666666,67.64736842105263,57.10526315789474,0.04479166666666667,0.004930555555555555,0.01659722222222222,0.011875,0.008680555555555556,1,68.27425301482448,57.58447269375528,5.396414018455295,4.715299843663183,0.486314348325021,-141.9902976405059,-1.0720346137835959,1.0720346137835959,0.01246255472770566,3,0.028750000000000053,414,0.22755357596572526,190.27272727272728,1.8630819574471997,3.646243686868688,0.030178450251050783
RHF_MPM_P44,844,0.0422,42.2,0,255,3.6665277777777776,26.17996831016895,52798,207.05098039215687,0,183,255,0.5294183702951766,106,106,195,0.013541666666666667,17,15,0.7647058823529411,67.15897435897436,56.97435897435897,0.043125,0.005486111111111111,0.016458333333333332,0.011944444444444445,0.009097222222222222,1,67.730614796015,57.36880184855487,5.258864914766877,4.405724364001418,0.5460217951576234,-153.13155461049467,-0.9901326123966778,0.9901326123966778,0.013523239516648357,5,0.05013888888888873,722,0.5848559022697826,190.45454545454547,2.18938083250769,3.648257575757576,0.03072083476534656
RHF_MPM_P44,845,0.04225,42.25,0,11,0.020555555555555556,0.35842203897736447,296,26.90909090909091,0,0,7,0.058428164387610296,3,8,12,0.0008333333333333334,32,107,0.0035046728971962616,97.66666666666667,62.166666666666664,0.004722222222222222,0.0,0.0,0.0,0.0,0,89.16891891891892,63.86824324324324,32.715851677679616,22.347277333236747,0.7303511810040373,97.70903765418227,-0.24112419160151277,0.24112419160151277,0.0,-183,-3.645972222222222,-52502,22.401866487172622,174.27272727272728,51.361625061183766,3.315227272727273,1.0422585970066434
RHF_MPM_P44,846,0.0423,42.3,0,255,3.2219444444444445,22.313527700508452,46396,181.94509803921568,5,95,255,0.6881525998674931,107,107,137,0.00951388888888889,13,13,0.8106508875739645,64.81751824817518,55.54744525547445,0.058125,0.003263888888888889,0.013055555555555556,0.00875,0.00625,1,63.50650918182602,53.27383826191913,7.827162437357282,5.242738059897761,0.7425294927641046,51.15710239084651,-1.181857019169072,1.181857019169072,0.015389257694628847,125,3.201388888888889,46100,27.763297542308365,169.36363636363637,52.10352060565709,3.2741098484848483,1.0361883860420147
RHF_MPM_P44,847,0.04235,42.35,0,255,5.692291666666667,27.38471991870725,81969,321.4470588235294,25,173,255,1.36451768851742,102,102,226,0.015694444444444445,23,23,0.42722117202268434,61.323008849557525,51.76106194690266,0.13041666666666665,0.005347222222222222,0.020833333333333332,0.012986111111111111,0.009305555555555555,1,55.36170991472386,44.27426222108358,18.44900304102222,5.708330416656014,0.9509283011601382,49.94176732568125,-1.0599913250047466,1.0599913250047466,0.0382949651697593,89,2.4703472222222222,35573,12.137962103094948,172.72727272727272,54.40603393857725,3.4594760101010107,1.2481414857111979
RHF_MPM_P44,848,0.0424,42.4,0,255,6.912847222222222,31.603497985964797,99545,390.37254901960785,33,232,255,1.266853256849793,90,90,374,0.025972222222222223,35,40,0.2671428571428571,56.026737967914436,45.775401069518715,0.11486111111111111,0.007638888888888889,0.03263888888888889,0.016180555555555556,0.011944444444444445,1,53.95276508111909,44.21780099452509,17.16494685899523,4.670874182638182,0.962264167257465,45.198048413214835,-0.7877721733952883,0.7877721733952883,0.015269476116329297,148,1.2205555555555554,17576,1.410075676779819,189.0909090909091,79.58580794618021,3.753440656565657,1.597251609128988
RHF_MPM_P44,849,0.04245,42.45,0,255,6.969861111111111,31.054189777846204,100366,393.59215686274507,33,238,255,1.386362158491619,114,114,232,0.01611111111111111,19,18,0.6783625730994152,61.73706896551724,52.435344827586206,0.12916666666666668,0.007638888888888889,0.030208333333333334,0.015416666666666667,0.012152777777777778,1,51.1758364386346,41.75269513580296,22.787503001465964,5.064967843858925,0.9749852567733596,-135.5182407952834,0.9004956274558874,0.9004956274558874,0.02088356614789869,-142,0.05701388888888914,821,3.7132303429974485,193.0,80.53570636680354,4.059425505050505,1.842835810302402
RHF_MPM_P44,850,0.0425,42.5,0,255,6.301111111111111,31.864361386087904,90736,355.82745098039214,25,247,255,1.0942396059583004,108,108,284,0.01972222222222222,22,21,0.6147186147186147,60.57394366197183,51.394366197183096,0.09763888888888889,0.008194444444444445,0.027291666666666665,0.01826388888888889,0.013055555555555556,1,56.3737215658614,47.060417034032795,16.387601235494955,4.6329355751365,0.9592054864727295,-137.15059019388403,1.5053449017235083,1.5053449017235083,0.01663066478575207,52,-0.6687500000000002,-9630,7.428991960205244,201.63636363636363,84.6331900586533,4.2988257575757585,1.9446373063297226
RHF_MPM_P44,851,0.04255,42.55,0,255,6.8677777777777775,33.829965194509555,98896,387.82745098039214,28,252,255,1.0894013997469072,106,106,329,0.022847222222222224,25,23,0.5721739130434783,59.47720364741642,50.349544072948326,0.09638888888888889,0.009375,0.029930555555555554,0.020902777777777777,0.014791666666666667,1,56.27082996278919,46.90284743569002,16.820561742394645,4.528265446303853,0.9630814665708453,-136.1564311528436,1.894194955634271,1.894194955634271,0.05041659925578385,45,0.5666666666666664,8160,0.18818836389286234,214.1818181818182,92.03143552051625,4.59082702020202,2.063664670365778
RHF_MPM_P44,852,0.0426,42.6,0,255,6.551319444444444,33.62095088686286,94339,369.956862745098,22,253,255,0.9999805677133781,108,108,322,0.02236111111111111,25,24,0.5366666666666666,59.785714285714285,50.850931677018636,0.08743055555555555,0.009444444444444445,0.030208333333333334,0.020416666666666666,0.014652777777777778,1,58.52871028948791,49.20636216199027,11.286532302619793,4.668667025901176,0.9104362663442327,-136.6337816970715,1.1904488860645244,1.1904488860645244,0.020998738591674705,-7,-0.3164583333333333,-4557,3.2255547839054333,226.1818181818182,96.58893046101767,4.855296717171718,2.111009923954536
RHF_MPM_P44,853,0.04265,42.65,0,255,6.688611111111111,33.947264793498114,96316,377.7098039215686,22,254,255,1.0241359183404724,109,109,325,0.022569444444444444,25,23,0.5652173913043478,59.80615384615385,51.18769230769231,0.09020833333333333,0.009583333333333333,0.029861111111111113,0.020625,0.015069444444444444,1,58.277887370737986,49.33442003405457,11.561396896975918,4.566441981204788,0.9186926404983498,-138.03863212428382,1.2776380689499067,1.2776380689499067,0.0153245566676357,3,0.13729166666666703,1977,0.28162200760570427,238.72727272727272,99.6001925053734,5.137203282828282,2.129871800611386
RHF_MPM_P44,854,0.0427,42.7,0,255,6.923472222222222,34.54741072705266,99698,390.97254901960787,25,255,255,1.1036418555233622,110,110,332,0.023055555555555555,25,22,0.6036363636363636,60.183734939759034,51.44578313253012,0.09965277777777778,0.010277777777777778,0.029861111111111113,0.02125,0.016041666666666666,1,58.336185279544225,49.3161146662922,11.470239674734172,4.992388879829877,0.900311022519154,-137.44882002828265,1.2105759120412865,1.2105759120412865,0.018325342534454052,7,0.23486111111111097,3382,0.061104276937838015,251.63636363636363,101.62969566677997,5.437847222222223,2.127386755862874
RHF_MPM_P44,855,0.04275,42.75,0,255,6.713541666666667,34.006663317011814,96675,379.11764705882354,23,254,255,1.0493061125483163,108,108,332,0.023055555555555555,27,23,0.534621578099839,59.8433734939759,51.2710843373494,0.09319444444444444,0.009444444444444445,0.029652777777777778,0.021041666666666667,0.015416666666666667,1,58.163423842772175,49.33903284199638,11.577332751145127,4.683221646052914,0.9145307182457482,-138.21911081923147,1.1319648136084282,1.1319648136084282,0.019291440393069563,0,-0.2099305555555553,-3023,0.17427494602825236,264.09090909090907,102.31809094943665,5.714848484848485,2.076476813917044
RHF_MPM_P44,856,0.0428,42.8,0,255,6.024375,31.733327254436347,86751,340.2,20,241,255,0.9809951744498921,106,106,295,0.02048611111111111,25,22,0.5363636363636364,60.257627118644066,51.70508474576271,0.08576388888888889,0.007638888888888889,0.02736111111111111,0.017916666666666668,0.012847222222222222,1,58.25981256700211,49.503291028345494,11.880039240893733,4.507081029066508,0.925239854464171,-139.18960366128928,1.1998640833768772,1.1998640833768772,0.02123318463187744,-37,-0.6891666666666669,-9924,0.1904508806526628,289.8181818181818,64.16146986218467,6.260650252525253,1.0367455626966147
RHF_MPM_P44,857,0.04285,42.85,0,255,5.205972222222222,29.01853225669006,74966,293.9843137254902,17,218,255,0.9614678653584321,109,109,231,0.016041666666666666,22,19,0.5526315789473685,61.93939393939394,52.90909090909091,0.08506944444444445,0.006597222222222222,0.02236111111111111,0.014791666666666667,0.010972222222222222,1,58.897260091241364,49.84873142491263,12.428732991443562,4.694679946546462,0.9259166209465998,-139.01726685752823,1.500218928566621,1.500218928566621,0.02617186457860897,-64,-0.818402777777778,-11785,0.7250299398915996,298.3636363636364,47.27727250876227,6.441016414141413,0.5513632909108563
RHF_MPM_P44,858,0.0429,42.9,0,255,4.598402777777777,27.48316980351577,66217,259.6745098039216,15,195,255,0.888375319607021,108,108,209,0.014513888888888889,19,17,0.6470588235294118,62.39234449760765,53.09569377990431,0.07909722222222222,0.005763888888888889,0.01888888888888889,0.013333333333333334,0.00986111111111111,1,59.654544905386835,50.382937916245076,12.379690545853936,4.508100541500537,0.9313391681432459,-139.03025816471057,1.9075275857846057,1.9075275857846057,0.031532687980427986,-22,-0.6075694444444446,-8749,0.9267453075775812,296.8181818181818,49.82664161747241,6.341571969696971,0.7428367835410132
RHF_MPM_P44,859,0.04295,42.95,0,255,4.205902777777778,26.53485194861642,60565,237.50980392156862,12,180,255,0.8184769477604785,105,105,203,0.014097222222222223,18,17,0.6633986928104575,62.59605911330049,53.26108374384236,0.07243055555555555,0.005277777777777778,0.018194444444444444,0.012569444444444444,0.009097222222222222,1,60.223247750350865,50.85260463964336,12.125959420177237,4.436717000726361,0.9306597352880229,-138.51830686935568,2.2902350279306427,2.2902350279306427,0.03460744654503426,-6,-0.3924999999999992,-5652,0.7375701708568893,281.27272727272725,49.996528805127895,6.095486111111112,0.9360680866944936
RHF_MPM_P44,860,0.043,43.0,0,255,3.885,25.635879208206962,55944,219.38823529411764,9,165,255,0.7511599109521702,107,107,188,0.013055555555555556,18,16,0.6527777777777778,62.79255319148936,53.547872340425535,0.06527777777777778,0.004791666666666666,0.017013888888888887,0.011805555555555555,0.008541666666666666,1,60.75791863291863,51.32995495495496,11.510331727411556,4.372314448515726,0.9250439941196402,-137.9284324418736,2.576626031455253,2.576626031455253,0.03285428285428285,-15,-0.3209027777777784,-4621,0.7167539858235009,277.27272727272725,55.26151202006512,5.815044191919192,1.0827175795845796
RHF_MPM_P44,861,0.04305,43.05,0,255,3.681111111111111,25.137963297877413,53008,207.87450980392157,5,156,255,0.6945441721224022,104,104,183,0.012708333333333334,17,16,0.6727941176470589,63.0,53.63934426229508,0.05951388888888889,0.0044444444444444444,0.01625,0.01138888888888889,0.008402777777777778,1,61.36439782674314,51.83583610021129,10.547756085350183,4.303463152550601,0.91298283125014,-137.72232773453504,2.871004368121052,2.871004368121052,0.02480757621491096,-5,-0.2038888888888888,-2936,0.7897675263442272,268.09090909090907,61.42764338553797,5.576862373737374,1.2280222054682584
RHF_MPM_P44,862,0.0431,43.1,0,255,3.530972222222222,24.76104437416217,50846,199.39607843137256,3,149,255,0.6537023370070945,106,106,178,0.012361111111111111,17,16,0.6544117647058824,63.157303370786515,53.69662921348315,0.05520833333333333,0.0044444444444444444,0.015694444444444445,0.011111111111111112,0.008125,1,61.90746568068285,52.19793100735554,9.650997260574627,4.577552297753343,0.880358577134917,-137.23439461736453,3.050394269942872,3.050394269942872,0.02133894504975809,-5,-0.15013888888888882,-2162,0.6527138850694757,254.36363636363637,63.130849291225324,5.273516414141415,1.282590466658542
RHF_MPM_P44,863,0.04315,43.15,0,255,3.4327083333333333,24.592013713770246,49431,193.8470588235294,0,145,255,0.5910738679132455,107,107,171,0.011875,16,15,0.7125,63.36257309941521,54.046783625730995,0.04895833333333333,0.0044444444444444444,0.015555555555555555,0.010902777777777779,0.007638888888888889,1,62.47818170783516,52.82553458356092,7.942886186298615,4.330024754632996,0.8383417680797954,-137.4168266880357,2.733442483625839,2.733442483625839,0.013028261617203779,-7,-0.09826388888888893,-1415,0.8482941898388232,240.63636363636363,63.34791770599844,4.990006313131314,1.313117643825755
RHF_MPM_P44,864,0.0432,43.2,0,255,3.4834722222222223,24.980998426566487,50162,196.71372549019608,0,155,255,0.5516451871025735,106,106,178,0.012361111111111111,17,15,0.6980392156862745,63.157303370786515,53.93258426966292,0.04479166666666667,0.0045138888888888885,0.01597222222222222,0.011458333333333333,0.008333333333333333,1,62.752262668952596,53.19558630038674,6.6717065809214935,4.0950737859533195,0.7894638606532688,-139.6786439946606,1.2642278995445917,1.2642278995445917,0.010087317092619912,7,0.05076388888888905,731,0.4604982588162451,227.27272727272728,59.531643089416065,4.6986300505050504,1.2583373853296291
RHF_MPM_P44,865,0.04325,43.25,0,255,3.5268055555555557,25.127543615102095,50786,199.1607843137255,0,155,255,0.5614314285003528,105,105,182,0.012638888888888889,17,16,0.6691176470588235,63.17032967032967,53.81318681318681,0.045625,0.0045138888888888885,0.01625,0.01138888888888889,0.008333333333333333,1,62.864844642224234,53.22604654826133,6.504022188009078,4.4273106690626856,0.7325590384066833,-138.58853101999705,0.7458833023816107,0.7458833023816107,0.009608947347694246,4,0.043333333333333446,624,0.11662987355869445,213.63636363636363,50.471004686350234,4.389842171717172,1.0783802328013337
RHF_MPM_P44,866,0.0433,43.3,0,255,3.5615972222222223,25.24444845910555,51287,201.12549019607843,0,155,255,0.5670178391819315,107,107,182,0.012638888888888889,17,15,0.7137254901960784,63.247252747252745,53.84615384615385,0.04631944444444445,0.004652777777777777,0.016180555555555556,0.011458333333333333,0.008472222222222223,1,62.947043110339855,53.32361027160879,6.454611979490639,4.30459043307813,0.7451458815183594,-140.16628833963375,0.5503642707039548,0.5503642707039548,0.010528983953048531,0,0.034791666666666554,501,0.1275745596660048,200.0,34.33259781501063,4.103301767676768,0.8076449552064424
RHF_MPM_P44,867,0.04335,43.35,0,255,3.6686111111111113,25.715649434707366,52828,207.16862745098038,0,165,255,0.5741868532970175,107,107,187,0.012986111111111111,17,16,0.6875,63.20320855614973,53.72727272727273,0.04715277777777778,0.004930555555555555,0.016527777777777777,0.011875,0.008888888888888889,1,62.962387370333914,53.181210721587036,6.492670166138468,4.253487830822355,0.7555235388125077,-139.651748011962,0.5700711149939929,0.5700711149939929,0.010695085939274627,5,0.10701388888888896,1541,0.14322387427089175,190.1818181818182,16.65051559025989,3.8891414141414145,0.5367508721287715
RHF_MPM_P44,868,0.0434,43.4,0,255,3.7286805555555556,25.92093876221735,53693,210.5607843137255,0,169,255,0.5865787726947089,103,103,192,0.013333333333333334,18,16,0.6666666666666666,63.182291666666664,53.583333333333336,0.04819444444444444,0.004930555555555555,0.016805555555555556,0.011944444444444445,0.008958333333333334,1,62.963198182258395,53.11077794125864,6.500570695496898,4.3310323196452,0.74572473725049,-138.69259773883724,0.48780383588100745,0.48780383588100745,0.010522786955469056,5,0.06006944444444429,865,0.07043744714826737,186.63636363636363,10.653831809795243,3.754842171717172,0.338770724880324
RHF_MPM_P44,869,0.04345,43.45,0,255,3.785416666666667,26.153615292764876,54510,213.76470588235293,0,173,255,0.5896973519554627,108,108,192,0.013333333333333334,17,16,0.7058823529411765,63.15625,53.552083333333336,0.04833333333333333,0.005138888888888889,0.016875,0.012222222222222223,0.009166666666666667,1,62.99963309484498,53.07106952852688,6.426340916396873,4.609881573996103,0.6967216456261148,-137.13349087820026,0.25844340993859705,0.25844340993859705,0.010071546505228398,0,0.05673611111111132,817,0.05389119498459975,185.0909090909091,8.262231103637646,3.6809343434343442,0.21141856591370803
RHF_MPM_P44,870,0.0435,43.5,0,255,3.8664583333333336,26.467601000740032,55677,218.34117647058824,0,179,255,0.5844126622742832,109,109,195,0.013541666666666667,17,16,0.7169117647058824,63.13333333333333,53.51282051282051,0.04798611111111111,0.005347222222222222,0.017361111111111112,0.012708333333333334,0.009375,1,62.87294574061102,52.990606534116424,6.370903518195664,4.270776273515614,0.7420392363677343,-138.88962935432406,0.5997000274672735,0.5997000274672735,0.010650717531476193,3,0.08104166666666668,1167,0.1500799093559729,184.36363636363637,6.892324153099951,3.650075757575758,0.14771853714567276
RHF_MPM_P44,871,0.04355,43.55,0,255,3.9430555555555555,26.636210870776445,56780,222.66666666666666,1,183,255,0.6165663837840818,108,108,197,0.013680555555555555,18,16,0.6840277777777778,63.045685279187815,53.47208121827411,0.050902777777777776,0.005347222222222222,0.017777777777777778,0.012986111111111111,0.009305555555555555,1,62.790348714336034,52.930785487847835,6.669957679306593,4.46009390951612,0.7435467183995678,-137.95620507350563,0.4767730556986599,0.4767730556986599,0.010232476224022543,2,0.07659722222222198,1103,0.10198444158860623,185.1818181818182,7.755563185905877,3.655353535353535,0.15677713956897368
RHF_MPM_P44,872,0.0436,43.6,0,255,3.961527777777778,26.64196340986455,57046,223.70980392156864,1,183,255,0.6172637831417054,107,107,197,0.013680555555555555,17,17,0.6816608996539792,63.06091370558376,53.431472081218274,0.050833333333333335,0.005347222222222222,0.017916666666666668,0.012986111111111111,0.009305555555555555,1,62.68123970129369,52.79789994039898,6.814029115061378,4.376927129189489,0.7664193584220733,-138.32095349107394,0.5400538078145601,0.5400538078145601,0.01083336254952144,0,0.018472222222222445,266,0.17193994721371955,186.45454545454547,8.413880699757518,3.6808459595959593,0.1799748719302888
RHF_MPM_P44,873,0.04365,43.65,0,255,4.009513888888889,26.7410624952489,57737,226.41960784313724,2,184,255,0.6445614829030403,108,108,200,0.013888888888888888,18,16,0.6944444444444444,62.925,53.4,0.05375,0.005416666666666667,0.017986111111111112,0.013055555555555556,0.009375,1,62.656840500891974,52.68957514245631,6.899856771227847,4.703640296840825,0.7316307414805086,-138.21932004820684,0.6108458063330621,0.6108458063330621,0.012799418050816634,3,0.04798611111111084,691,0.1110386546638703,188.45454545454547,8.773551539232573,3.724349747474747,0.19564406345640312
RHF_MPM_P44,874,0.0437,43.7,0,255,4.008125,26.725367746891664,57717,226.34117647058824,1,184,255,0.6307602035500555,108,108,200,0.013888888888888888,18,17,0.6535947712418301,62.825,53.39,0.05215277777777778,0.005347222222222222,0.018055555555555554,0.012916666666666667,0.009444444444444445,1,62.47145555035778,52.6983384444791,6.954106864038151,4.412159988201009,0.772948927256205,-137.33166001969207,0.6070887212987413,0.6070887212987413,0.012457334927317775,0,-0.001388888888889106,-20,0.18559195927331448,191.0909090909091,7.378772322801099,3.7766603535353536,0.18742656262598706
RHF_MPM_P44,875,0.04375,43.75,0,255,3.9858333333333333,26.56295340789499,57396,225.08235294117648,1,179,255,0.6325349158622973,107,107,199,0.013819444444444445,18,17,0.6503267973856209,62.92964824120603,53.4070351758794,0.052222222222222225,0.005208333333333333,0.017986111111111112,0.012708333333333334,0.009166666666666667,1,62.49062652449648,52.61810927590773,6.973045032992077,4.600747480516085,0.7514497713331116,-136.93839081374406,0.556615423522109,0.556615423522109,0.013258763676911284,-1,-0.022291666666666377,-321,0.08248785206974442,193.0,6.396021490668313,3.8223295454545454,0.17089803161117925
RHF_MPM_P44,876,0.0438,43.8,0,255,3.989027777777778,26.659181588032165,57442,225.2627450980392,2,185,255,0.6432932029790713,109,109,197,0.013680555555555555,17,17,0.6816608996539792,63.131979695431475,53.51776649746193,0.05368055555555556,0.005555555555555556,0.017916666666666668,0.012847222222222222,0.009444444444444445,1,62.63836565579193,52.67334006476098,7.024899318959614,4.730426653922776,0.7392965474595371,-137.8804025348931,0.9638298875252026,0.9638298875252026,0.014414539883708784,-2,0.0031944444444444997,46,0.15772536559883862,194.36363636363637,5.43177063501442,3.8643497474747477,0.14841548258863746
RHF_MPM_P44,877,0.04385,43.85,0,255,4.079166666666667,26.973739479867774,58740,230.35294117647058,3,185,255,0.6541230875871216,108,108,204,0.014166666666666666,18,18,0.6296296296296297,62.9264705882353,53.44607843137255,0.05458333333333333,0.005694444444444445,0.018333333333333333,0.013125,0.009722222222222222,1,62.56089547156963,52.70505617977528,6.937163816248381,4.649583824683847,0.742141928675792,-136.88372853626734,0.7121958479690947,0.7121958479690947,0.01344909771876064,7,0.09013888888888877,1298,0.08371105897692167,196.36363636363637,4.47767649309991,3.911401515151515,0.12520287905487726
RHF_MPM_P44,878,0.0439,43.9,0,255,4.091319444444444,27.03451872006848,58915,231.0392156862745,2,187,255,0.6496809543676151,108,108,205,0.01423611111111111,18,17,0.6699346405228758,62.89756097560976,53.50243902439024,0.05402777777777778,0.005625,0.018472222222222223,0.013125,0.009722222222222222,1,62.55396758041246,52.7379275227022,6.900910993664035,4.647044763157188,0.7392821120152905,-136.3563949760202,0.6516475445816171,0.6516475445816171,0.011830603411694814,1,0.012152777777777679,175,0.033593464568343695,198.0,4.022663070879561,3.9498295454545453,0.10854944516595717
RHF_MPM_P44,879,0.04395,43.95,0,255,4.070486111111111,26.974879590655505,58615,229.86274509803923,2,190,255,0.6393351854463523,108,108,206,0.014305555555555556,17,18,0.673202614379085,62.9126213592233,53.42718446601942,0.053125,0.005555555555555556,0.018333333333333333,0.013055555555555556,0.009652777777777777,1,62.578264949245074,52.7098694873326,6.92897666202549,4.5879549954498025,0.7493798528872421,-136.41733907160025,0.7252332537931766,0.7252332537931766,0.011686428388637721,1,-0.020833333333333037,-300,0.037116242818878896,199.27272727272728,4.136113878573573,3.9809027777777772,0.08772007657095324
RHF_MPM_P44,880,0.044,44.0,0,255,4.082430555555556,26.976109743070392,58787,230.53725490196078,3,188,255,0.6548112341497936,108,108,205,0.01423611111111111,17,18,0.6699346405228758,62.9609756097561,53.551219512195125,0.05472222222222222,0.005625,0.01826388888888889,0.013125,0.009722222222222222,1,62.59176348512426,52.65852994709715,7.006770962665794,4.710577919282551,0.7402884226212556,-136.52056037653895,0.863100322358838,0.863100322358838,0.012332658580978787,-1,0.011944444444444535,172,0.053084450288843385,200.45454545454547,3.7261639148943995,4.007904040404039,0.06654885435484403
RHF_MPM_P44,881,0.04405,44.05,0,255,4.108263888888889,27.06017755828513,59159,231.99607843137255,3,189,255,0.6449740938874664,107,107,209,0.014513888888888889,18,18,0.6450617283950617,62.7799043062201,53.464114832535884,0.05340277777777778,0.005555555555555556,0.018472222222222223,0.013194444444444444,0.009652777777777777,1,62.505586639395524,52.73069186429791,6.943797430739429,4.576823015822361,0.7520343421064023,-136.75598783859277,0.5621793025915081,0.5621793025915081,0.01257627748947751,4,0.02583333333333293,372,0.11240013805082157,201.72727272727272,4.024717022032482,4.029886363636364,0.0551576364390285
RHF_MPM_P44,882,0.0441,44.1,0,255,4.145972222222222,27.148441185029508,59702,234.12549019607843,4,191,255,0.6589920636801322,105,105,212,0.014722222222222222,18,18,0.654320987654321,62.636792452830186,53.45283018867924,0.05486111111111111,0.005555555555555556,0.01861111111111111,0.013194444444444444,0.009722222222222222,1,62.3691836119393,52.698067066429935,7.067004661062957,4.638820483821001,0.7544082879573668,-137.1766529523819,0.7727567511165361,0.7727567511165361,0.012595892934910053,3,0.03770833333333368,543,0.14025035948313988,203.0909090909091,4.679831882266819,4.048333333333333,0.05693629068256127
RHF_MPM_P44,883,0.04415,44.15,0,255,4.109166666666667,26.950642115108618,59172,232.04705882352943,4,187,255,0.6692335269495308,107,107,208,0.014444444444444444,18,18,0.6419753086419753,62.76442307692308,53.49038461538461,0.05590277777777778,0.005555555555555556,0.01840277777777778,0.012986111111111111,0.00951388888888889,1,62.340296085986616,52.616930304873925,7.204881136804638,4.7258706331671805,0.7548249866660373,-136.4093080209462,0.8080070718264223,0.8080070718264223,0.014246603123098762,-4,-0.036805555555555536,-530,0.08612585692731187,204.0909090909091,4.440608997025386,4.06175505050505,0.05208653265349784
RHF_MPM_P44,884,0.0442,44.2,0,255,4.226180555555556,27.363347761003624,60857,238.65490196078431,5,192,255,0.6782208704135005,108,108,210,0.014583333333333334,18,18,0.6481481481481481,62.766666666666666,53.58095238095238,0.05694444444444444,0.005694444444444445,0.018680555555555554,0.013402777777777777,0.009930555555555555,1,62.302742494700695,52.68522930805002,7.157656398715723,4.657749204304994,0.7593035218196529,-136.78646488366132,0.8290705317535155,0.8290705317535155,0.014394399986854428,2,0.11701388888888875,1685,0.0779424534725334,205.0,4.53270940447924,4.08145202020202,0.06734038819104965
RHF_MPM_P44,885,0.04425,44.25,0,255,4.21625,27.312889455016368,60714,238.09411764705882,5,197,255,0.6747764151667147,108,108,211,0.014652777777777778,18,18,0.6512345679012346,62.56398104265403,53.502369668246445,0.05631944444444444,0.005625,0.018819444444444444,0.013472222222222222,0.00986111111111111,1,62.12558882630036,52.658217215139835,7.211243315001296,4.580639439057877,0.7723411147559215,-136.88101760517932,0.798736739480605,0.798736739480605,0.013538887241822315,1,-0.009930555555555998,-143,0.1792012148147573,206.0,4.53270940447924,4.100372474747474,0.0730739541725741
RHF_MPM_P44,886,0.0443,44.3,0,255,4.2254861111111115,27.357218789609895,60847,238.6156862745098,3,189,255,0.6561101113433846,107,107,214,0.014861111111111111,18,18,0.6604938271604939,62.57943925233645,53.504672897196265,0.054375,0.005694444444444445,0.01923611111111111,0.013402777777777777,0.00986111111111111,1,62.07269051884234,52.706033165151936,7.295319760109512,4.55326245061197,0.7813167315918342,-137.18584016444936,0.6844387501241707,0.6844387501241707,0.011767219419198975,3,0.009236111111111889,133,0.07130635320560476,207.36363636363637,4.47767649309991,4.122159090909091,0.07138297133917491
RHF_MPM_P44,887,0.04435,44.35,0,255,4.266180555555556,27.419929808254828,61433,240.91372549019607,5,198,255,0.6724296863110923,108,108,212,0.014722222222222222,18,17,0.6928104575163399,62.68396226415094,53.740566037735846,0.05597222222222222,0.005694444444444445,0.019166666666666665,0.013541666666666667,0.00986111111111111,1,61.95691240864031,52.623948040955185,7.491515467102677,4.674172219905874,0.7814811952128146,-137.86295881266852,0.7954083632480577,0.7954083632480577,0.014064102355411586,-2,0.040694444444444144,586,0.14192441092479854,208.72727272727272,3.221826390303518,4.147354797979798,0.06881199030654443
RHF_MPM_P44,888,0.0444,44.4,0,255,4.303194444444444,27.45559325359108,61966,243.00392156862745,5,194,255,0.6740828264793688,106,106,218,0.01513888888888889,19,18,0.6374269005847953,62.63302752293578,53.55045871559633,0.05597222222222222,0.005694444444444445,0.019791666666666666,0.013472222222222222,0.00986111111111111,1,61.74687731982055,52.44067714553142,7.759554138333755,4.526466611883981,0.8122273058301538,-137.0504147423932,0.9002355838153729,0.9002355838153729,0.01434657715521415,6,0.03701388888888868,533,0.2787525060783368,210.0,3.8138503569823694,4.16772095959596,0.07813727915949942
RHF_MPM_P44,889,0.04445,44.45,0,255,4.259861111111111,27.11110319864126,61342,240.55686274509804,6,189,255,0.6945826409843041,106,106,214,0.014861111111111111,20,18,0.5944444444444444,62.54205607476636,53.518691588785046,0.05798611111111111,0.005347222222222222,0.019583333333333335,0.01326388888888889,0.009583333333333333,1,61.66202601806266,52.28052557790747,8.051219914708295,4.650856396614783,0.8162784731987219,-136.32003322486764,0.9419447334360265,0.9419447334360265,0.0141012682990447,-4,-0.043333333333333,-624,0.18124091155811412,210.8181818181818,3.6135648935185074,4.18304292929293,0.07817812065079299
RHF_MPM_P44,890,0.0445,44.5,0,255,4.339097222222223,27.368317535803104,62483,245.0313725490196,7,189,255,0.6995764718437142,107,107,214,0.014861111111111111,19,18,0.6257309941520468,62.80373831775701,53.68691588785047,0.058055555555555555,0.005625,0.01972222222222222,0.013333333333333334,0.00986111111111111,1,61.61143030904406,52.27581902277419,8.202045991597032,4.47952287287692,0.8376893495245246,-136.48890318801034,1.0735248588580415,1.0735248588580415,0.01345966102779956,0,0.07923611111111128,1141,0.05081414598630539,211.54545454545453,3.3673198504458424,4.207462121212121,0.0811029888374184
RHF_MPM_P44,891,0.04455,44.55,0,255,4.318819444444444,27.23621886478982,62191,243.8862745098039,9,192,255,0.7165439039771031,107,107,212,0.014722222222222222,20,17,0.6235294117647059,62.806603773584904,53.863207547169814,0.060069444444444446,0.005694444444444445,0.019375,0.013194444444444444,0.009583333333333333,1,61.67503336495634,52.49389783087585,8.082935379082219,4.41134879049387,0.8379410570733647,-138.23897376679594,0.9164621003377144,0.9164621003377144,0.016674438423566112,-2,-0.020277777777778283,-292,0.22716451145463037,212.1818181818182,2.656661672036811,4.22895202020202,0.07630216871954552
RHF_MPM_P44,892,0.0446,44.6,0,255,4.252638888888889,27.216550443365623,61238,240.14901960784314,6,191,255,0.7001384415263581,108,108,207,0.014375,18,17,0.6764705882352942,62.71497584541063,53.76328502415459,0.05875,0.005555555555555556,0.018958333333333334,0.013194444444444444,0.00986111111111111,1,61.81776021424606,52.588735752310654,7.850376981404054,4.444196246615757,0.8243280169304317,-138.53454781403101,0.9725630267235181,0.9725630267235181,0.016525686665142557,-5,-0.06618055555555546,-953,0.17136272888304188,212.0,2.9232609437842774,4.242077020202021,0.06615598048805783
RHF_MPM_P44,893,0.04465,44.65,0,255,4.423194444444444,27.956147521430218,63694,249.78039215686275,6,206,255,0.6955355085720115,106,106,225,0.015625,19,18,0.6578947368421053,62.69777777777778,53.42666666666667,0.058125,0.005902777777777778,0.020069444444444445,0.013888888888888888,0.010138888888888888,1,61.991914466040754,52.52620341005432,7.4923841189199765,4.581780266772191,0.7912251027371039,-136.9069421121579,0.6833121999881846,0.6833121999881846,0.015401764687411687,18,0.17055555555555557,2456,0.1850405286585449,213.1818181818182,4.744723036618142,4.26727904040404,0.07670698701272756
RHF_MPM_P44,894,0.0447,44.7,0,255,4.429791666666667,27.978202104712746,63789,250.1529411764706,5,202,255,0.691814248831052,105,105,226,0.015694444444444445,19,18,0.6608187134502924,62.597345132743364,53.42920353982301,0.057708333333333334,0.0059722222222222225,0.02048611111111111,0.014027777777777778,0.010138888888888888,1,61.9602439292041,52.5083478342661,7.514029655647861,4.505568504789401,0.8002842564917488,-135.93537721520707,0.807203058375763,0.807203058375763,0.011914279891517346,1,0.006597222222222143,95,0.03635717934949157,214.8181818181818,5.685998462222505,4.296426767676768,0.07185143848206978
RHF_MPM_P44,895,0.04475,44.75,0,255,4.457430555555556,27.891655344249468,64187,251.71372549019608,8,201,255,0.7236359644902957,105,105,226,0.015694444444444445,20,18,0.6277777777777778,62.65486725663717,53.4646017699115,0.06097222222222222,0.005694444444444445,0.02048611111111111,0.014097222222222223,0.010138888888888888,1,61.888139342857585,52.4968607350398,7.757143467379228,4.602312717254816,0.8049814822598661,-137.87127428963134,0.8491816699949144,0.8491816699949144,0.012525900883356443,0,0.027638888888889213,398,0.07301386731872478,216.27272727272728,6.282600924789453,4.317449494949495,0.08141649656577339
RHF_MPM_P44,896,0.0448,44.8,0,255,4.423055555555556,27.761194870962967,63692,249.77254901960785,7,200,255,0.7062586979214438,106,106,223,0.015486111111111112,20,18,0.6194444444444445,62.54708520179372,53.43946188340807,0.058888888888888886,0.005625,0.020277777777777777,0.013819444444444445,0.010069444444444445,1,61.67124599635747,52.334092193682096,7.947199583319448,4.577719875212919,0.8174379075902738,-137.65095258835848,0.9528581845675087,0.9528581845675087,0.012843057212836777,-3,-0.03437499999999982,-495,0.2711758134711396,217.36363636363637,6.314092856067396,4.336250000000001,0.07973727223057085
RHF_MPM_P44,897,0.04485,44.85,0,255,4.448263888888889,27.77494056473941,64055,251.19607843137254,9,197,255,0.7286353548060909,106,106,224,0.015555555555555555,20,18,0.6222222222222222,62.58482142857143,53.464285714285715,0.06131944444444445,0.005694444444444445,0.02020833333333333,0.013888888888888888,0.01,1,61.67565373507142,52.3705565529623,8.008102643438708,4.5713374463992205,0.8210620049076461,-137.69819444447575,0.9659680033802551,0.9659680033802551,0.015018343610959332,1,0.02520833333333261,363,0.03672979251624156,218.27272727272728,6.482015807263958,4.356502525252526,0.07728637305653337
RHF_MPM_P44,898,0.0449,44.9,0,255,4.454930555555555,27.80445701423224,64151,251.57254901960783,8,198,255,0.7283401747107715,107,107,220,0.015277777777777777,19,18,0.6432748538011696,62.78636363636364,53.49090909090909,0.06097222222222222,0.005694444444444445,0.02034722222222222,0.013680555555555555,0.01,1,61.75878785989306,52.22645009430874,8.085576138304825,4.538817988041551,0.8275801949912289,-136.93503248436937,0.91560409797185,0.91560409797185,0.014824398684354102,-4,0.006666666666666821,96,0.16636692620689478,219.0,6.179143806533246,4.373661616161616,0.07627477754973261
RHF_MPM_P44,899,0.04495,44.95,0,255,4.3718055555555555,27.375028352414994,62954,246.87843137254902,8,189,255,0.7181539984006241,107,107,214,0.014861111111111111,19,18,0.6257309941520468,62.80373831775701,53.546728971962615,0.060069444444444446,0.005486111111111111,0.020069444444444445,0.013472222222222222,0.009722222222222222,1,61.635114528068115,52.26147663373256,8.185401442696884,4.454262359314585,0.8389739894072914,-136.67635479787677,0.9807787506212196,0.9807787506212196,0.014375575817263399,-6,-0.0831249999999999,-1197,0.12853774336237603,218.63636363636363,6.342823106368149,4.379898989898989,0.07299198469165366
RHF_MPM_P44,900,0.045,45.0,0,255,4.375555555555556,27.488556957036632,63008,247.09019607843138,8,195,255,0.706178465247517,105,105,218,0.01513888888888889,19,18,0.6374269005847953,62.87155963302752,53.559633027522935,0.059027777777777776,0.005694444444444445,0.020069444444444445,0.013680555555555555,0.01,1,61.80877031488065,52.432849796851194,8.017529691399217,4.3307999552928145,0.8415582490755086,-136.85256379409972,1.0482119301088748,1.0482119301088748,0.015521838496698833,4,0.003750000000000142,54,0.2439776492442786,219.0,6.179143806533246,4.390416666666667,0.06252204297032317
RHF_MPM_P44,901,0.04505,45.05,0,255,4.307638888888889,27.691970305941652,62030,243.2549019607843,5,206,255,0.6740357337285292,108,108,215,0.014930555555555556,18,17,0.7026143790849673,63.055813953488375,54.009302325581395,0.05652777777777778,0.005902777777777778,0.018958333333333334,0.013680555555555555,0.010208333333333333,1,62.24715460261164,53.0336450104788,7.382201294693143,4.064108619827202,0.8348166897506762,-138.2021544968215,0.8210941184133503,0.8210941184133503,0.01871674995969692,-3,-0.06791666666666707,-978,0.7437309140053602,219.0909090909091,6.1119041141714945,4.387556818181817,0.06545475430876867
RHF_MPM_P44,902,0.0451,45.1,0,11,0.017638888888888888,0.3326576195144005,254,23.09090909090909,0,0,7,0.05134404787873648,3,8,9,0.000625,32,107,0.002628504672897196,97.22222222222223,67.44444444444444,0.004097222222222223,0.0,0.0,0.0,0.0,0,94.2007874015748,59.93307086614173,35.060069216821425,16.594951663486064,0.8808856596650063,91.54923482742286,-0.29538159349591875,0.29538159349591875,0.047244094488188976,-206,-4.29,-61776,32.690009577679305,200.63636363636363,60.86687818102825,3.9965404040404042,1.2597529793313815
RHF_MPM_P44,903,0.04515,45.15,0,255,3.3516666666666666,22.42067368152289,48264,189.27058823529413,9,97,255,0.7711515056406612,108,108,135,0.009375,13,13,0.7988165680473372,67.23703703703704,57.82962962962963,0.06694444444444445,0.0035416666666666665,0.01361111111111111,0.008472222222222223,0.00625,1,70.25130532073595,60.68405022376927,10.2532110545682,5.126503341342904,0.8660311577181454,47.15399858943668,0.9800406725618345,0.9800406725618345,0.02248052378584452,126,3.3340277777777776,48010,23.96125334651766,194.0909090909091,63.63883112099311,3.914633838383838,1.269689776749914
RHF_MPM_P44,904,0.0452,45.2,0,255,5.581527777777778,27.30137395605059,80374,315.1921568627451,26,175,255,1.2459285874377226,103,103,214,0.014861111111111111,23,23,0.4045368620037807,70.05140186915888,60.649532710280376,0.11548611111111111,0.005486111111111111,0.021111111111111112,0.0125,0.008680555555555556,1,78.07915495060591,69.00781347201831,20.520468958110996,4.484355234478425,0.9758300434813408,46.64461428040467,1.0523317212378298,1.0523317212378298,0.017729614054296166,79,2.229861111111111,32110,11.426297057260358,193.0909090909091,63.230393361326634,4.019936868686869,1.3528138663227514
RHF_MPM_P44,905,0.04525,45.25,0,255,6.118888888888889,30.036219411623854,88112,345.5372549019608,27,225,255,1.1529859127714488,104,104,262,0.018194444444444444,29,28,0.3226600985221675,71.12595419847328,61.969465648854964,0.10354166666666667,0.007222222222222222,0.028194444444444446,0.014652777777777778,0.011180555555555555,1,76.84321091338296,67.39279553295805,17.84796733636036,4.2448659491032705,0.9713056448347149,45.40029686735509,1.1104875747814578,1.1104875747814578,0.014402124568730707,48,0.5373611111111112,7738,2.0336766229254426,196.36363636363637,65.73123337746155,4.173491161616162,1.480460905630471
RHF_MPM_P44,906,0.0453,45.3,0,255,6.204444444444444,30.528126961909553,89344,350.3686274509804,30,234,255,1.1332105382077375,108,108,257,0.017847222222222223,20,21,0.611904761904762,70.18677042801556,60.90661478599222,0.10131944444444445,0.007569444444444445,0.026319444444444444,0.015902777777777776,0.011666666666666667,1,77.15377641475645,67.3259424247851,19.54354961164111,4.223625983875436,0.9763682355267392,45.37530579793213,1.3509344419709892,1.3509344419709892,0.0119314111747851,-5,0.0855555555555556,1232,0.3176795062885717,199.1818181818182,67.58001073719706,4.332310606060606,1.5919142081278461
RHF_MPM_P44,907,0.04535,45.35,0,255,6.177986111111111,32.35889756310939,88963,348.87450980392157,21,249,255,1.019095068508324,108,108,292,0.020277777777777777,22,22,0.6033057851239669,71.01369863013699,61.445205479452056,0.09041666666666667,0.008541666666666666,0.025347222222222222,0.018819444444444444,0.014097222222222223,1,74.6352978204422,64.06901745669548,14.886902349490521,4.38632015297765,0.9556074291263883,-140.77329079554923,-1.8101908631681647,1.8101908631681647,0.03835302316693457,35,-0.02645833333333325,-381,4.117073557490154,205.45454545454547,72.52129923667395,4.491849747474746,1.6785925548301202
RHF_MPM_P44,908,0.0454,45.4,0,255,6.508472222222222,34.285147179359456,93722,367.5372549019608,19,254,255,0.9341796323325867,109,109,333,0.023125,23,25,0.5791304347826087,71.54954954954955,62.15615615615616,0.081875,0.009930555555555555,0.028819444444444446,0.02125,0.01611111111111111,1,72.9625381447259,63.11099848488082,11.134932459881666,4.597952300089876,0.9107625766360345,-138.15979033249135,-1.6631049906141298,1.6631049906141298,0.017872004438659012,41,0.33048611111111104,4759,1.9276735416193642,215.36363636363637,81.29438393581769,4.679141414141415,1.7754233616136748
RHF_MPM_P44,909,0.04545,45.45,0,255,6.716111111111111,34.5743758100464,96712,379.2627450980392,20,254,255,0.9720161042967754,108,108,341,0.023680555555555555,24,27,0.5262345679012346,71.71260997067449,62.50733137829912,0.08541666666666667,0.009930555555555555,0.03013888888888889,0.021666666666666667,0.01597222222222222,1,72.87643725701051,63.21316899660849,10.237797704934346,4.736424949458452,0.8865457161339948,45.59040889099871,0.5134739287838724,0.5134739287838724,0.011053437008851022,8,0.20763888888888893,2990,0.13361203662871182,226.36363636363637,88.99874639287978,4.884703282828283,1.8661475090148643
RHF_MPM_P44,910,0.0455,45.5,0,255,6.928541666666667,35.16887183980138,99771,391.25882352941176,22,255,255,1.010268131720582,111,111,337,0.02340277777777778,24,25,0.5616666666666666,71.54302670623146,62.08011869436202,0.08958333333333333,0.010416666666666666,0.029930555555555554,0.022291666666666668,0.017013888888888887,1,73.21967305128744,63.40893646450371,10.673274888376307,4.7227250442599,0.8967777082378741,-135.78256001316146,-0.7653124834052342,0.7653124834052342,0.01474376321776869,-4,0.21243055555555568,3059,0.3951401168687205,237.54545454545453,94.31124837604439,5.117133838383839,1.9453328634387128
RHF_MPM_P44,911,0.04555,45.55,0,255,7.099027777777778,35.30450158815611,102226,400.8862745098039,25,255,255,1.0692194882631347,111,111,344,0.02388888888888889,25,24,0.5733333333333334,71.78779069767442,62.01453488372093,0.09583333333333334,0.010625,0.03,0.022291666666666668,0.017083333333333332,1,73.7575861326864,63.702424040850666,11.517395898430818,4.673409170544414,0.9139753982629124,-136.5816736535495,-0.9096265186769801,0.9096265186769801,0.0177254318862129,7,0.1704861111111109,2455,0.6127686681041453,249.0,98.78719092528692,5.364722222222222,2.007512812069077
RHF_MPM_P44,912,0.0456,45.6,0,255,7.149583333333333,35.15015390109741,102954,403.74117647058824,27,255,255,1.111748379453054,111,111,340,0.02361111111111111,25,24,0.5666666666666667,71.82352941176471,61.87647058823529,0.10020833333333333,0.010555555555555556,0.03048611111111111,0.021944444444444444,0.016527777777777777,1,74.38997999106397,64.04163024263264,12.34714865759628,4.556313654689376,0.929422455687088,-136.8836611498227,-1.027333547142993,1.027333547142993,0.020339180604930358,-4,0.050555555555555465,728,0.7176230482927779,260.3636363636364,101.37802588446573,5.623080808080808,2.037495072195419
RHF_MPM_P44,913,0.04565,45.65,0,255,6.914722222222222,34.05091294143318,99572,390.47843137254904,26,253,255,1.1117039276502725,106,106,337,0.02340277777777778,26,24,0.5400641025641025,72.13353115727003,61.95845697329377,0.09916666666666667,0.009166666666666667,0.029791666666666668,0.020763888888888887,0.01513888888888889,1,74.79614751134858,64.28712891174226,12.998169005506703,4.426725775131154,0.9402208532802396,-137.1234472063145,-1.0205073012293788,1.0205073012293788,0.019814807375567428,-3,-0.23486111111111097,-3382,0.4745963032607253,290.1818181818182,64.64000756893827,6.250088383838383,1.0263830046282432
RHF_MPM_P44,914,0.0457,45.7,0,255,6.315,31.96832325391287,90936,356.61176470588236,24,245,255,1.0840948227109797,107,107,294,0.020416666666666666,25,23,0.5113043478260869,71.28911564625851,61.445578231292515,0.09618055555555556,0.007916666666666667,0.027291666666666665,0.018194444444444444,0.013333333333333334,1,74.78608032022521,64.47964502507259,13.906498791472103,4.23815482863315,0.9524289437217635,-137.22215208329715,-1.1418058383300909,1.1418058383300909,0.019992082343626285,-43,-0.5997222222222218,-8636,0.19277915403105705,304.6363636363636,42.20786813179984,6.519482323232324,0.466431698305212
RHF_MPM_P44,915,0.04575,45.75,0,255,5.804375,30.509477038990823,83583,327.77647058823527,22,238,255,1.073410316190574,108,108,256,0.017777777777777778,22,20,0.5818181818181818,70.10546875,60.6171875,0.09638888888888889,0.007569444444444445,0.02388888888888889,0.016458333333333332,0.012291666666666666,1,74.5115154995633,64.25549453836307,14.503475237715582,4.3274127856683435,0.9544500487125891,-137.46224848878077,-1.3094273795113283,1.3094273795113283,0.02323438976825431,-38,-0.5106250000000001,-7353,0.3544422117034311,308.45454545454544,35.14480082164912,6.5397411616161625,0.42855454193720616
RHF_MPM_P44,916,0.0458,45.8,0,255,5.026319444444445,28.11762869443217,72379,283.8392156862745,19,204,255,0.9970200297286659,108,108,220,0.015277777777777777,20,18,0.6111111111111112,69.42272727272727,60.04090909090909,0.089375,0.006111111111111111,0.02034722222222222,0.014097222222222223,0.010347222222222223,1,74.07495267964465,63.98419431050443,14.871924872479687,4.11618947416517,0.960934511460892,-137.7050713225547,-1.5420176617641403,1.5420176617641403,0.026679009104850854,-36,-0.7780555555555555,-11204,0.5139950480028693,304.6363636363636,41.66156442589768,6.440416666666665,0.604908610666684
RHF_MPM_P44,917,0.04585,45.85,0,255,4.427708333333333,26.42550160405743,63759,250.03529411764706,16,179,255,0.9236230689228118,106,106,199,0.013819444444444445,19,17,0.6160990712074303,68.8140703517588,59.87437185929648,0.08291666666666667,0.004930555555555555,0.018194444444444444,0.012777777777777779,0.009097222222222222,1,73.23195156762182,63.38923132420521,14.666682429266547,4.0090694185645654,0.96191596332823,-137.60689175678598,-1.7760514610439109,1.7760514610439109,0.03161906554368795,-21,-0.5986111111111114,-8620,1.0318099776304808,299.3636363636364,50.16023910207027,6.278895202020201,0.8384720750105622
RHF_MPM_P44,918,0.0459,45.9,0,255,4.131180555555556,25.836487979334358,59489,233.29019607843136,13,168,255,0.8589838934227618,106,106,193,0.013402777777777777,18,17,0.630718954248366,68.50777202072538,59.6839378238342,0.07729166666666666,0.004722222222222222,0.017222222222222222,0.012083333333333333,0.008680555555555556,1,72.26872194859554,62.60394358620921,13.688667655434715,3.9946327643126756,0.9564731264516093,-137.75069764917947,-2.104453545866574,2.104453545866574,0.03471229975289549,-6,-0.2965277777777775,-4270,1.2427743682649663,290.3636363636364,58.80982095978795,6.0928219696969705,1.0425070071117895
RHF_MPM_P44,919,0.04595,45.95,0,255,3.9629166666666666,25.73118541000719,57066,223.78823529411764,11,169,255,0.8041587076350522,106,106,190,0.013194444444444444,18,17,0.6209150326797386,68.35263157894737,59.56842105263158,0.07166666666666667,0.004930555555555555,0.016875,0.012152777777777778,0.008680555555555556,1,71.2808327200084,61.79238075211159,12.255370791187163,4.109538771316189,0.942102322123516,-137.65924736872117,-2.2272657037431753,2.2272657037431753,0.03361020572670242,-3,-0.1682638888888892,-2423,1.2784988704128957,277.3636363636364,63.56138439946741,5.86140782828283,1.1958140389325669
RHF_MPM_P44,920,0.046,46.0,0,255,3.7871527777777776,25.61272283573131,54535,213.86274509803923,8,170,255,0.7304482534736011,108,108,184,0.012777777777777779,17,16,0.6764705882352942,68.23913043478261,59.28260869565217,0.06416666666666666,0.005069444444444444,0.016041666666666666,0.011944444444444445,0.008680555555555556,1,70.4856330796736,61.033226368387275,10.9263730706765,4.162727906704081,0.924583343216159,-137.40494452761087,-2.2359498174442805,2.2359498174442805,0.03463830567525442,-6,-0.17576388888888905,-2531,1.0993897608748413,263.09090909090907,65.27348695430292,5.595138888888889,1.2976135107718099
RHF_MPM_P44,921,0.04605,46.05,0,255,3.7046527777777776,25.780374329591904,53347,209.20392156862746,3,170,255,0.6576561638970868,105,105,188,0.013055555555555556,18,16,0.6527777777777778,68.34574468085107,59.276595744680854,0.05645833333333333,0.005277777777777778,0.01611111111111111,0.011875,0.008819444444444444,1,69.75235720846533,60.31235121000244,8.91391879902713,4.06760615535,0.8898153564991798,-137.0839222063581,-2.170425894189096,2.170425894189096,0.02601833280221943,4,-0.08250000000000002,-1188,1.0282774417795133,249.54545454545453,63.97778540082009,5.302058080808081,1.3270926481500553
RHF_MPM_P44,922,0.0461,46.1,0,255,3.714583333333333,25.984924766182544,53490,209.76470588235293,1,177,255,0.6241310655092951,109,109,189,0.013125,18,16,0.65625,68.36507936507937,59.24867724867725,0.05277777777777778,0.005347222222222222,0.01638888888888889,0.012222222222222223,0.009027777777777777,1,69.51061880725369,60.060104692465885,7.910459862228458,4.090053346404299,0.8559590083557622,-136.85453110527556,-1.6213773904736373,1.6213773904736373,0.02024677509814919,1,0.009930555555555554,143,0.34937910674463185,235.45454545454547,58.45334368904616,4.994381313131313,1.2657223923517704
RHF_MPM_P44,923,0.04615,46.15,0,255,3.7581944444444444,26.182757835092165,54118,212.22745098039215,1,182,255,0.6072245538503629,108,108,194,0.013472222222222222,18,17,0.6339869281045751,68.59278350515464,59.34020618556701,0.050694444444444445,0.005347222222222222,0.017222222222222222,0.0125,0.009097222222222222,1,69.39916478805573,59.87580841864075,7.3053297810073206,4.075243491720405,0.8299449867724683,-138.2832438565682,-0.6803020350532984,0.6803020350532984,0.015059684393362652,5,0.04361111111111127,628,0.21537668151684528,222.1818181818182,49.02284844255266,4.686073232323232,1.1061914410317695
RHF_MPM_P44,924,0.0462,46.2,0,255,3.732152777777778,26.021726917221244,53743,210.75686274509803,0,174,255,0.5832261499922313,107,107,194,0.013472222222222222,18,17,0.6339869281045751,68.66494845360825,59.40721649484536,0.04791666666666667,0.005069444444444444,0.0175,0.012430555555555556,0.008958333333333334,1,69.35917235733025,59.84180265336881,7.0598806881853085,4.137363885933752,0.8102830029905335,-137.12890049088162,-0.6096363837231137,0.6096363837231137,0.012876095491505871,0,-0.02604166666666652,-375,0.052495586357926026,209.1818181818182,33.28613738703786,4.396748737373737,0.878146144525666
RHF_MPM_P44,925,0.04625,46.25,0,255,3.669722222222222,25.725758814649303,52844,207.2313725490196,0,169,255,0.5819015187923394,108,108,187,0.012986111111111111,17,16,0.6875,68.41711229946524,59.096256684491976,0.04798611111111111,0.005138888888888889,0.016805555555555556,0.012013888888888888,0.008819444444444444,1,69.26674740746348,59.72674286579365,7.060490132767708,4.016107452882813,0.8224660116965368,-137.7318655007603,-0.7624538429645137,0.7624538429645137,0.014135947316630081,-7,-0.06243055555555577,-899,0.1475843015862951,199.45454545454547,20.101395864528396,4.1562689393939385,0.6533334763255467
RHF_MPM_P44,926,0.0463,46.3,0,255,3.692152777777778,25.756294151548737,53167,208.49803921568628,0,169,255,0.6000543710637944,107,107,189,0.013125,18,16,0.65625,68.51322751322752,59.12169312169312,0.04986111111111111,0.005069444444444444,0.01673611111111111,0.012083333333333333,0.008888888888888889,1,69.33910132224877,59.748095623224934,7.338251457152512,4.050500150875919,0.833863473592175,-138.20111588238296,-0.568312063516158,0.568312063516158,0.01602497789982508,2,0.02243055555555573,323,0.07543891061431719,193.36363636363637,9.286086633166724,3.9642487373737367,0.40326528949294116
RHF_MPM_P44,927,0.04635,46.35,0,255,3.625208333333333,25.34191226639593,52203,204.71764705882353,1,160,255,0.615554672645949,106,106,184,0.012777777777777779,17,16,0.6764705882352942,68.22826086956522,59.016304347826086,0.051180555555555556,0.004861111111111111,0.01659722222222222,0.011527777777777777,0.008263888888888888,1,69.25124992816505,59.74269677987855,7.582637271117768,4.210858461959925,0.8316307406223717,-137.3445194946764,-0.6589052793878964,0.6589052793878964,0.0174319483554585,-5,-0.0669444444444447,-964,0.08801712874168743,190.0909090909091,4.357950841529775,3.8368749999999996,0.2330316562311571
RHF_MPM_P44,928,0.0464,46.4,0,255,3.5918055555555557,25.39954427775717,51722,202.83137254901962,0,163,255,0.5957986106105186,107,107,187,0.012986111111111111,17,17,0.6470588235294118,68.06951871657753,58.80748663101604,0.049444444444444444,0.004722222222222222,0.01597222222222222,0.011666666666666667,0.008472222222222223,1,68.99860794246162,59.487645489346896,7.168442731991902,4.105380434973771,0.819763738946888,-138.8649307495578,-0.722819921867758,0.722819921867758,0.01624067128107962,3,-0.03340277777777745,-481,0.3589974007455155,189.0,3.3844564489065974,3.7608838383838377,0.14917807010574463
RHF_MPM_P44,929,0.04645,46.45,0,255,3.6186805555555557,25.645707317495106,52109,204.34901960784313,0,168,255,0.582520252241529,107,107,189,0.013125,17,17,0.6539792387543253,68.16931216931216,58.79365079365079,0.04819444444444444,0.005,0.016319444444444445,0.011666666666666667,0.008819444444444444,1,68.96937189353086,59.34566005872306,6.76529739440136,4.221817220170528,0.7813922751178606,-138.75407324661936,-0.8992626591255025,0.8992626591255025,0.015083766719760501,2,0.026874999999999982,387,0.14496416476673457,188.63636363636363,3.1413004623947267,3.714292929292929,0.09724352588645112
RHF_MPM_P44,930,0.0465,46.5,0,255,3.6330555555555555,25.73906060180869,52316,205.1607843137255,0,170,255,0.5699443631096157,107,107,191,0.01326388888888889,17,17,0.6608996539792388,68.1151832460733,58.80104712041885,0.04673611111111111,0.004791666666666666,0.016527777777777777,0.011944444444444445,0.008958333333333334,1,68.94028595458369,59.32533068277391,6.570626738518095,4.1102452091680295,0.7801853418711345,-139.51334274355892,-1.2030387831906681,1.2030387831906681,0.013399342457374418,2,0.014374999999999805,207,0.03548627017482767,188.72727272727272,3.1934851036818714,3.6843055555555555,0.05947758652013693
RHF_MPM_P44,931,0.04655,46.55,0,255,3.6869444444444444,25.907242050507428,53092,208.20392156862746,0,174,255,0.5808847660056286,107,107,194,0.013472222222222222,17,17,0.671280276816609,68.15979381443299,58.81443298969072,0.04791666666666667,0.004930555555555555,0.01673611111111111,0.012152777777777778,0.009097222222222222,1,68.8732765765087,59.249905823852934,6.701106682146469,4.492927839962021,0.7419316724347961,-135.88500064087847,-0.3441389839830985,0.3441389839830985,0.0131093196715136,3,0.053888888888888875,776,0.10089185345331561,189.63636363636363,3.1413004623947267,3.675195707070707,0.04993627408372963
RHF_MPM_P44,932,0.0466,46.6,0,255,3.6389583333333335,25.661952955114035,52401,205.49411764705883,0,166,255,0.578333145971057,105,105,192,0.013333333333333334,17,17,0.6643598615916955,68.09895833333333,58.760416666666664,0.04763888888888889,0.004861111111111111,0.016666666666666666,0.012083333333333333,0.008888888888888889,1,68.85591878017595,59.25182725520505,6.6108602579564115,4.320355472532912,0.7569058421776533,-137.11671820527377,-0.6740544411531366,0.6740544411531366,0.013186771244823573,-2,-0.04798611111111084,-691,0.01746381951263773,190.0,3.1622776601683795,3.6692234848484846,0.049984572695230066
RHF_MPM_P44,933,0.04665,46.65,0,255,3.61875,25.56821884887891,52110,204.35294117647058,0,166,255,0.5715567960833289,106,106,191,0.01326388888888889,17,16,0.7022058823529411,68.07329842931937,58.717277486910994,0.046875,0.004791666666666666,0.01638888888888889,0.011875,0.008819444444444444,1,68.8432930339666,59.208961811552484,6.723845356544821,4.235320010021921,0.7766798855437322,-137.53665070199253,-0.44309875841477386,0.44309875841477386,0.012761466129341778,-1,-0.020208333333333606,-291,0.04468619168014087,190.1818181818182,3.157046428033698,3.6605113636363638,0.04966998159195109
RHF_MPM_P44,934,0.0467,46.7,0,255,3.647986111111111,25.63002070272339,52531,206.00392156862745,0,164,255,0.5838377875624987,107,107,188,0.013055555555555556,17,16,0.6911764705882353,67.96808510638297,58.58510638297872,0.048125,0.004791666666666666,0.016527777777777777,0.011944444444444445,0.008819444444444444,1,68.86303325655328,59.17858026689003,6.680505052469144,4.502382622347114,0.7387692803900127,-136.1520566033946,-0.7197156209241582,0.7197156209241582,0.013763301669490396,-3,0.02923611111111102,421,0.036231404110912274,189.63636363636363,2.962576497600059,3.650492424242424,0.03890420034238174
RHF_MPM_P44,935,0.04675,46.75,0,255,3.5992361111111113,25.455795279373273,51829,203.25098039215686,0,158,255,0.5785192610501201,107,107,186,0.012916666666666667,17,16,0.6838235294117647,67.89784946236558,58.55913978494624,0.04770833333333333,0.004791666666666666,0.01638888888888889,0.01173611111111111,0.008680555555555556,1,68.77516448320438,59.179301163441316,6.701987363391861,4.285147596678628,0.7688870636561679,-140.21126543954577,-0.4158574593902549,0.4158574593902549,0.014277720967026182,-2,-0.04874999999999963,-702,0.08787173050349187,188.9090909090909,2.778310325442932,3.6384090909090903,0.031625111935826775
RHF_MPM_P44,936,0.0468,46.8,0,255,3.5560416666666668,25.332635371929875,51207,200.81176470588235,0,160,255,0.561458562369952,107,107,185,0.012847222222222222,16,16,0.72265625,67.87567567567568,58.50810810810811,0.04583333333333333,0.004722222222222222,0.01611111111111111,0.011597222222222222,0.008680555555555556,1,68.71769484640772,59.067803230027145,6.53317561807682,4.222701726768701,0.7630431897663331,-136.65218896552383,-0.6251174073567883,0.6251174073567883,0.012947448591012947,-1,-0.043194444444444535,-622,0.12543742786413542,188.72727272727272,2.9569919940528346,3.6280744949494945,0.037695746719392284
RHF_MPM_P44,937,0.04685,46.85,0,255,3.578888888888889,25.458610721650604,51536,202.10196078431372,0,164,255,0.5682404782518625,105,105,188,0.013055555555555556,16,16,0.734375,67.93085106382979,58.38297872340426,0.04666666666666667,0.004861111111111111,0.01625,0.01173611111111111,0.00875,1,68.72079711269792,58.989696522819,6.439441038255759,4.490288951013081,0.7167693222444631,-136.40296454256188,-0.7620192013519591,0.7620192013519591,0.014611145606954362,3,0.02284722222222202,329,0.07816829131453391,188.63636363636363,2.962576497600059,3.617777777777778,0.03408227186693499
RHF_MPM_P44,938,0.0469,46.9,0,255,3.5733333333333333,25.431720350774544,51456,201.78823529411764,0,163,255,0.5565464557380027,107,107,185,0.012847222222222222,16,16,0.72265625,67.92432432432433,58.48108108108108,0.04541666666666667,0.004722222222222222,0.016319444444444445,0.011875,0.008680555555555556,1,68.69517646144278,59.071536847014926,6.408939048351485,4.1393399401952475,0.7634476079323317,-136.7113247382983,-0.7096345779434184,0.7096345779434184,0.013001399253731344,-3,-0.005555555555555536,-80,0.08575696143888985,188.72727272727272,2.831347545890443,3.6130618686868687,0.03624797362831419
RHF_MPM_P44,939,0.04695,46.95,0,255,3.6038194444444445,25.475195983776928,51895,203.50980392156862,0,162,255,0.5703590075750319,106,106,188,0.013055555555555556,16,16,0.734375,67.89893617021276,58.46808510638298,0.04673611111111111,0.004652777777777777,0.016805555555555556,0.011875,0.008680555555555556,1,68.72906831101263,59.0881973215146,6.5123516546848315,4.379025535402712,0.7401711972736935,-137.34022934078976,-0.745486650675155,0.745486650675155,0.013720011561807495,3,0.030486111111111214,439,0.03776544555303142,188.8181818181818,2.790183500585965,3.61415404040404,0.0357688816533328
RHF_MPM_P44,940,0.047,47.0,0,255,3.612222222222222,25.524368325093995,52016,203.98431372549018,0,162,255,0.5700259311219624,107,107,186,0.012916666666666667,16,16,0.7265625,67.88172043010752,58.46774193548387,0.04680555555555556,0.004861111111111111,0.016527777777777777,0.011875,0.008680555555555556,1,68.77372346970164,59.096105044601664,6.596525394515941,4.411671595015945,0.7434539072484682,-136.1329307046022,-0.6612803140364748,0.6612803140364748,0.01439941556444171,-2,0.008402777777777537,121,0.04534992041847982,188.54545454545453,2.903403531394784,3.613566919191919,0.03574275845234205
RHF_MPM_P44,941,0.04705,47.05,0,255,3.663472222222222,25.715404465661468,52754,206.87843137254902,0,165,255,0.5791190617382908,107,107,191,0.01326388888888889,17,16,0.7022058823529411,68.00523560209425,58.481675392670155,0.04756944444444444,0.005,0.016805555555555556,0.012222222222222223,0.008819444444444444,1,68.78648064601737,59.094191909618225,6.610568181242026,4.359269800498291,0.7517576344692708,-136.2197853434363,-0.7421290376366133,0.7421290376366133,0.014084240057625963,5,0.05125000000000002,738,0.012899830735924324,188.54545454545453,2.903403531394784,3.616332070707071,0.038233277070350735
RHF_MPM_P44,942,0.0471,47.1,0,255,3.767986111111111,26.03330111179881,54259,212.78039215686275,0,173,255,0.5984841030215868,104,104,199,0.013819444444444445,17,17,0.6885813148788927,68.12562814070351,58.68341708542714,0.049305555555555554,0.005,0.017222222222222222,0.012361111111111111,0.008888888888888889,1,68.91076134834773,59.198639856982254,6.998930092948086,4.442926292760863,0.7726758491049266,-136.2273467886496,-0.37916754325573276,0.37916754325573276,0.013251257855839584,8,0.10451388888888902,1505,0.1623424364739187,189.0,3.9312269655344823,3.6236994949494954,0.05518184034075438
RHF_MPM_P44,943,0.04715,47.15,0,255,3.7560416666666665,25.86617801081468,54087,212.10588235294117,0,168,255,0.5977379665867011,106,106,194,0.013472222222222222,17,17,0.671280276816609,68.21134020618557,58.5,0.04881944444444444,0.004861111111111111,0.017291666666666667,0.012361111111111111,0.008819444444444444,1,69.13339619501913,59.32194427496441,7.111679366546589,4.175079936055567,0.8095334878442114,-135.67020529451497,-1.1520954953148779,1.1520954953148779,0.015012849668127276,-5,-0.011944444444444535,-172,0.25450000873539175,189.1818181818182,4.10804491916182,3.634343434343435,0.06710289310879254
RHF_MPM_P44,944,0.0472,47.2,0,255,3.660416666666667,25.523441618414456,52710,206.7058823529412,0,156,255,0.6000683567021822,99,99,194,0.013472222222222222,17,16,0.7132352941176471,68.04639175257732,58.54639175257732,0.04958333333333333,0.004791666666666666,0.016805555555555556,0.011805555555555555,0.008472222222222223,1,68.92399924113072,59.18271675203946,7.2302032529283355,4.168603954301171,0.817058914703462,-137.13714072767868,-0.6306702695218854,0.6306702695218854,0.016676152532726238,0,-0.09562499999999963,-1377,0.2514585203121262,189.45454545454547,4.314112915528972,3.6381313131313138,0.06729150349284305
RHF_MPM_P44,945,0.04725,47.25,0,255,3.7444444444444445,25.98598922116434,53920,211.45098039215685,0,173,255,0.5946186095120066,108,108,192,0.013333333333333334,16,17,0.7058823529411765,67.875,58.520833333333336,0.04923611111111111,0.005208333333333333,0.017152777777777777,0.012222222222222223,0.008958333333333334,1,68.80439540059348,59.26097922848665,7.12243034471451,4.076842174496173,0.8199781581128336,-136.61684684120277,-0.9263052725401146,0.9263052725401146,0.014781157270029674,-2,0.08402777777777759,1210,0.1429338794369738,189.8181818181818,4.344655689217644,3.646900252525253,0.0739589188382433
RHF_MPM_P44,946,0.0473,47.3,0,255,3.777152777777778,26.161727085870076,54391,213.2980392156863,0,178,255,0.6009625831350469,105,105,197,0.013680555555555555,16,17,0.7242647058823529,67.93401015228426,58.55329949238579,0.04986111111111111,0.005138888888888889,0.017291666666666667,0.012708333333333334,0.009097222222222222,1,68.83903586990495,59.23283263775257,6.7967965597534725,4.2732726928828315,0.777632863935877,45.13729009582774,1.2195172851507716,1.2195172851507716,0.015664356235406594,5,0.03270833333333334,471,0.04463398575155857,190.8181818181818,4.608651583867846,3.6630744949494956,0.08089573597756625
RHF_MPM_P44,947,0.04735,47.35,0,255,3.8044444444444445,26.275169567530277,54784,214.8392156862745,0,178,255,0.5979938289938383,106,106,199,0.013819444444444445,17,17,0.6885813148788927,68.12562814070351,58.70854271356784,0.049444444444444444,0.005138888888888889,0.017430555555555557,0.012638888888888889,0.009027777777777777,1,68.84561185747664,59.19215464369159,6.774419731503047,4.340163502640957,0.7678168435032633,45.42793051012319,0.9269155044315686,0.9269155044315686,0.01425598714953271,2,0.027291666666666714,393,0.041206101652165684,192.0909090909091,4.756900164345865,3.6856565656565654,0.08252013985096214
RHF_MPM_P44,948,0.0474,47.4,0,255,3.758611111111111,26.11613609892655,54124,212.25098039215686,0,177,255,0.5762219451807509,107,107,196,0.01361111111111111,17,17,0.6782006920415224,68.03571428571429,58.59183673469388,0.04722222222222222,0.005069444444444444,0.017361111111111112,0.012638888888888889,0.008958333333333334,1,68.83068509348902,59.143707043086245,6.583268245794988,4.189998847444231,0.7713082132124662,-135.28921787412986,-0.7329011952257586,0.7329011952257586,0.0127485034365531,-3,-0.04583333333333339,-660,0.05069495327502361,192.8181818181818,4.686890456236451,3.701994949494949,0.07739624523450975
RHF_MPM_P44,949,0.04745,47.45,0,255,3.7035416666666667,25.831595935360024,53331,209.14117647058825,0,165,255,0.5817434840162024,105,105,193,0.013402777777777777,16,16,0.75390625,67.90673575129534,58.32642487046632,0.04756944444444444,0.004930555555555555,0.017083333333333332,0.012152777777777778,0.008819444444444444,1,68.77240254261125,58.92968442369354,6.495370240876842,4.298668663151805,0.749676002810274,-135.67728172958397,-0.7520762454087768,0.7520762454087768,0.014381879207215316,-3,-0.05506944444444439,-793,0.22181644967976685,193.54545454545453,3.985510948505995,3.7138320707070704,0.06591954847084393
RHF_MPM_P44,950,0.0475,47.5,0,255,3.715,25.927964257834738,53496,209.78823529411764,0,173,255,0.5926738722258709,107,107,192,0.013333333333333334,16,16,0.75,67.890625,58.166666666666664,0.04902777777777778,0.005208333333333333,0.01673611111111111,0.012152777777777778,0.009027777777777777,1,68.68453716165695,58.68685509196949,6.50943148784679,4.526760604252332,0.718607721716157,-135.6159564531838,-0.6156693071627957,0.6156693071627957,0.016262898160610138,-1,0.011458333333333126,165,0.25823711877999006,193.9090909090909,3.62953905048675,3.7239393939393945,0.05606336016758434
RHF_MPM_P44,951,0.04755,47.55,0,255,3.7670833333333333,26.131928636647416,54246,212.72941176470587,1,178,255,0.6049282559209421,107,107,195,0.013541666666666667,16,16,0.76171875,67.92820512820512,58.184615384615384,0.050208333333333334,0.005138888888888889,0.016875,0.012291666666666666,0.009166666666666667,1,68.72042178225122,58.68825351177967,6.603215383649604,4.700263066443135,0.7023677222972513,-135.52280897988996,-0.5491127757010391,0.5491127757010391,0.015853703498875493,3,0.05208333333333348,750,0.0359118583919086,194.72727272727272,2.6316572411145684,3.7380176767676763,0.04449167278032086
RHF_MPM_P44,952,0.0476,47.6,0,255,3.7688888888888887,26.19498581978554,54272,212.83137254901962,1,178,255,0.6042655729800659,107,107,196,0.01361111111111111,16,16,0.765625,67.91326530612245,58.265306122448976,0.050347222222222224,0.005277777777777778,0.017013888888888887,0.0125,0.009236111111111112,1,68.68965580778301,58.6604694870283,6.485058903528308,4.589325117405072,0.706536397519784,-138.43618671422635,-0.48160514734968196,0.48160514734968196,0.01566185141509434,1,0.0018055555555553937,26,0.04145476108197041,195.1818181818182,2.3671302847802798,3.7476010101010093,0.03832915138352321
RHF_MPM_P44,953,0.04765,47.65,0,255,3.7931944444444445,26.30534131050558,54622,214.20392156862746,0,179,255,0.5888758468840529,108,108,195,0.013541666666666667,16,16,0.76171875,67.86666666666666,58.184615384615384,0.048541666666666664,0.005347222222222222,0.017152777777777777,0.0125,0.009305555555555555,1,68.63884515396727,58.671414448390756,6.099801902313972,4.579935067228718,0.6604916269702699,-137.13117115201175,-1.0886308978624744,1.0886308978624744,0.013346270733404123,-1,0.024305555555555802,350,0.05197609758734394,194.8181818181818,2.0368505911280073,3.7498926767676766,0.04018796983992989
RHF_MPM_P44,954,0.0477,47.7,0,255,3.764236111111111,26.27842453314604,54205,212.5686274509804,0,178,255,0.5707331246653133,104,104,196,0.01361111111111111,16,16,0.765625,67.91326530612245,58.16326530612245,0.04701388888888889,0.005208333333333333,0.017152777777777777,0.012430555555555556,0.009305555555555555,1,68.55690434461765,58.58911539525874,6.022695320568426,4.512889203484182,0.6622150013795555,45.08024169285509,0.8610845766281129,0.8610845766281129,0.013135319619961259,1,-0.02895833333333364,-417,0.1161353967716013,195.0,2.04494943258218,3.7506376262626264,0.04037058076365478
RHF_MPM_P44,955,0.04775,47.75,0,255,3.741875,26.192481360453584,53883,211.30588235294118,0,175,255,0.5780493556336191,106,106,194,0.013472222222222222,16,16,0.7578125,67.91752577319588,58.23711340206186,0.04756944444444444,0.005208333333333333,0.016875,0.012430555555555556,0.009236111111111112,1,68.64773676298647,58.59232039789915,6.150720023036706,4.50390068456999,0.6810296456387799,-138.8421352242769,-0.37037675575580375,0.37037675575580375,0.011469294582706976,-2,-0.022361111111111054,-322,0.09088894469985498,195.0,2.04494943258218,3.7580429292929294,0.029016233903029466
RHF_MPM_P44,956,0.0478,47.8,0,255,3.7102083333333336,26.006582632756167,53427,209.51764705882354,0,174,255,0.5786629088677707,108,108,191,0.01326388888888889,16,16,0.74609375,67.82198952879581,58.21989528795812,0.04756944444444444,0.005138888888888889,0.016666666666666666,0.012291666666666666,0.008958333333333334,1,68.63821663203998,58.629251127706965,6.106905546087219,4.652749740427485,0.6477142424122319,-135.0965709090399,-1.0512383043384264,1.0512383043384264,0.013027121118535571,-3,-0.03166666666666629,-456,0.03813806100703039,194.9090909090909,2.1931523785117855,3.754930555555555,0.0319915249237552
RHF_MPM_P44,957,0.04785,47.85,0,255,3.711597222222222,26.029288075678505,53447,209.59607843137255,0,173,255,0.586643036128357,108,108,192,0.013333333333333334,16,16,0.75,67.65625,57.760416666666664,0.04861111111111111,0.005416666666666667,0.016666666666666666,0.012222222222222223,0.009027777777777777,1,68.37143338260333,58.29745355211705,6.230330292847699,4.628836761218187,0.6693446257612333,-135.97182717866045,-0.6514703532064359,0.6514703532064359,0.014537766385391135,1,0.001388888888888662,20,0.4257498483233176,194.45454545454547,2.2305171175245992,3.7489709595959595,0.03337296174189484
RHF_MPM_P44,958,0.0479,47.9,0,255,3.683125,26.105340954400233,53037,207.98823529411766,0,181,255,0.55896281739565,109,109,190,0.013194444444444444,15,16,0.7916666666666666,67.29473684210527,57.8,0.04597222222222222,0.005416666666666667,0.016527777777777777,0.012152777777777778,0.008958333333333334,1,67.96227162169806,58.164752908347005,5.6238810302537505,4.402843004264661,0.6221684733735878,-142.71248804396328,-1.2642356138435737,1.2642356138435737,0.014197635612874031,-2,-0.028472222222222232,-410,0.430142775650225,193.63636363636363,2.05703790890632,3.7379419191919188,0.033264294465264216
RHF_MPM_P44,959,0.04795,47.95,0,11,0.016944444444444446,0.3146719583280733,244,22.181818181818183,0,0,6,0.052356866826413655,2,8,7,0.0004861111111111111,32,107,0.0020443925233644858,101.0,72.42857142857143,0.0042361111111111115,0.0,0.0,0.0,0.0,0,88.37295081967213,60.25409836065574,34.05793707004603,25.95671021577289,0.6474193675169497,96.55902386859101,-0.3321466816409939,0.3321466816409939,0.0,-183,-3.6661805555555556,-52793,20.517338758759486,176.45454545454547,53.620490717573524,3.3977904040404043,1.069614758681108
RHF_MPM_P44,960,0.048,48.0,0,255,3.4218055555555558,22.88127563134859,49274,193.2313725490196,7,106,255,0.7338096658550324,106,106,145,0.010069444444444445,14,13,0.7967032967032966,64.46206896551725,54.87586206896552,0.06236111111111111,0.0033333333333333335,0.013402777777777777,0.008819444444444444,0.006527777777777778,1,62.92584324390145,52.749238949547426,7.882399925045209,5.383207020061558,0.7304743767795209,50.77351473372726,-0.7814314023393821,0.7814314023393821,0.012156512562406137,138,3.4048611111111113,49030,26.530702944953166,172.0909090909091,54.04788204656134,3.372178030303031,1.0653514150997119
RHF_MPM_P44,961,0.04805,48.05,0,255,5.932708333333333,27.51797366466825,85431,335.0235294117647,28,171,255,1.4027702319132938,100,100,233,0.016180555555555556,29,25,0.3213793103448276,60.3862660944206,51.17167381974249,0.13375,0.005555555555555556,0.022569444444444444,0.011875,0.009097222222222222,1,53.07494937434889,43.9513876695813,18.886413120966743,5.7642816154810435,0.9522857585574329,-136.64514893753926,0.8089396947029146,0.8089396947029146,0.03497559433929136,88,2.5109027777777775,36157,13.207660548847768,175.8181818181818,56.643732192487235,3.5737878787878783,1.2960214189786994
RHF_MPM_P44,962,0.0481,48.1,0,255,6.539027777777778,30.50410043746952,94162,369.2627450980392,31,238,255,1.291691644033597,115,115,223,0.015486111111111112,18,18,0.6882716049382716,61.44394618834081,52.04932735426009,0.11958333333333333,0.007916666666666667,0.027291666666666665,0.014930555555555556,0.011875,1,51.42664769227502,43.82677725621801,21.541929610625953,4.4735650677672965,0.9781994101628272,-141.64159596134343,1.086801354525552,1.086801354525552,0.016811452602960856,-10,0.6063194444444449,8731,1.653005199703293,178.36363636363637,58.05995761009433,3.8257828282828283,1.5530953031841779
RHF_MPM_P44,963,0.04815,48.15,0,255,5.954930555555555,30.212002937954228,85751,336.278431372549,26,237,255,1.1297588664974003,112,112,237,0.016458333333333332,19,19,0.6565096952908587,61.58227848101266,52.10126582278481,0.10277777777777777,0.0077083333333333335,0.023194444444444445,0.015416666666666667,0.012013888888888888,1,53.830835792002425,45.876456251239055,20.716353353346637,4.429799483116715,0.9768706589188377,-142.27057269278976,1.5791761402470168,1.5791761402470168,0.024023043463049995,14,-0.5840972222222227,-8411,3.159320243581104,182.0909090909091,60.34364400581744,4.024513888888889,1.6686617930045684
RHF_MPM_P44,964,0.0482,48.2,0,255,6.197708333333333,32.33867022576046,89247,349.98823529411766,23,250,255,1.0102948718294544,107,107,294,0.020416666666666666,23,22,0.5810276679841897,60.31292517006803,50.80952380952381,0.08986111111111111,0.00875,0.025763888888888888,0.018958333333333334,0.013819444444444445,1,56.12044102322767,47.53770995103477,17.8125378026825,4.470608208921899,0.9679920181787957,-143.90817507947082,2.133115464451994,2.133115464451994,0.0477326968973747,57,0.24277777777777754,3496,2.828790548969464,191.0909090909091,68.43770165825605,4.243106060606061,1.7779562186258902
RHF_MPM_P44,965,0.04825,48.25,0,255,6.385138888888889,33.56431432062993,91946,360.57254901960783,19,253,255,0.9547089535190305,109,109,319,0.022152777777777778,24,24,0.5538194444444444,59.78683385579937,50.71786833855799,0.08381944444444445,0.009444444444444445,0.028819444444444446,0.020416666666666666,0.014861111111111111,1,58.17249254997498,49.020718682705066,13.210107831429225,4.662533123172088,0.935641454535659,-140.91104548875916,2.4214584673624975,2.4214584673624975,0.030137254475452985,25,0.1874305555555562,2699,2.5318432745010733,202.27272727272728,77.7421038481967,4.481369949494949,1.8709971378806696
RHF_MPM_P44,966,0.0483,48.3,0,255,6.775625,34.38477542255257,97569,382.6235294117647,22,254,255,1.0371132689825857,108,108,340,0.02361111111111111,25,22,0.6181818181818182,59.48529411764706,50.826470588235296,0.09215277777777778,0.009791666666666667,0.03048611111111111,0.021527777777777778,0.01576388888888889,1,58.07919523619182,49.14196107370169,12.778506138159035,4.83463739724256,0.9256661465930357,-140.06937098786983,2.2743320779182694,2.2743320779182694,0.024474986932324815,21,0.39048611111111065,5623,0.15298400613701746,215.54545454545453,87.09698213784827,4.7571654040404034,1.9629984528717646
RHF_MPM_P44,967,0.04835,48.35,0,255,7.400138888888889,36.248544414954544,106562,417.89019607843136,24,255,255,1.0815964090205552,107,107,372,0.025833333333333333,27,24,0.5740740740740741,58.825268817204304,50.14247311827957,0.09694444444444444,0.010972222222222222,0.03340277777777778,0.023958333333333335,0.017708333333333333,1,57.86942812634898,48.87319119385897,11.07077152654177,4.909498613913927,0.8962917384351795,-138.43597901714614,1.1518864063582437,1.1518864063582437,0.012846981100204576,32,0.624513888888889,8993,0.3409391275323016,232.0,97.39423167537369,5.0926136363636365,2.06790190635116
RHF_MPM_P44,968,0.0484,48.4,0,255,7.134305555555556,34.91732920319671,102734,402.878431372549,26,255,255,1.0747346253091665,107,107,353,0.02451388888888889,27,25,0.522962962962963,59.110481586402265,50.444759206798864,0.0948611111111111,0.010069444444444445,0.03277777777777778,0.022083333333333333,0.01597222222222222,1,57.741838145112624,48.83938131485195,11.246031517332288,4.963861238726921,0.8973164435802775,-138.57357162182907,0.8423045540940174,0.8423045540940174,0.011768255884127943,-19,-0.26583333333333314,-3828,0.13199360299030755,246.63636363636363,102.25927184214618,5.40376893939394,2.094032797896339
RHF_MPM_P44,969,0.04845,48.45,0,255,6.1878472222222225,31.912824913765615,89105,349.4313725490196,23,246,255,0.9934054923995435,107,107,290,0.02013888888888889,25,20,0.58,60.234482758620686,51.55172413793103,0.08631944444444445,0.008125,0.028819444444444446,0.018125,0.012916666666666667,1,57.780090903989674,48.924269120700295,11.908675145970932,4.5399247305890835,0.9244809004495904,-138.72466605118436,1.0161674060838368,1.0161674060838368,0.014196734190000561,-63,-0.9464583333333332,-13629,0.09310860939490123,255.72727272727272,101.26032240004957,5.631470959595959,2.0297456137678083
RHF_MPM_P44,970,0.0485,48.5,0,255,5.311319444444444,29.17728301422872,76483,299.93333333333334,19,219,255,0.9665585606192101,107,107,240,0.016666666666666666,22,18,0.6060606060606061,61.416666666666664,52.28333333333333,0.08479166666666667,0.006319444444444444,0.0225,0.015,0.010833333333333334,1,58.28391930232862,49.154740269079404,12.431230145958521,4.483389405142624,0.9326991654649713,-139.3069102784413,1.2925473322011998,1.2925473322011998,0.022671704823294066,-50,-0.8765277777777785,-12622,0.5540397144681718,276.90909090909093,64.83328907205639,6.1127777777777785,1.0157804899104235
RHF_MPM_P44,971,0.04855,48.55,0,255,4.44625,26.764703121083226,64026,251.08235294117648,15,179,255,0.8644329615059312,106,106,206,0.014305555555555556,20,18,0.5722222222222222,62.13592233009709,52.922330097087375,0.07604166666666666,0.005208333333333333,0.01888888888888889,0.013055555555555556,0.009375,1,59.05694561584357,49.792881017086806,12.806691358804244,4.418616264398981,0.9385938518222219,-138.87207062222723,1.7070233824168777,1.7070233824168777,0.03165901352575516,-34,-0.865069444444444,-12457,1.0023937827291007,282.45454545454544,55.20764709277748,6.205909090909091,0.785695147768777
RHF_MPM_P44,972,0.0486,48.6,0,255,3.6822222222222223,24.137499422994544,53024,207.93725490196078,12,135,255,0.7919144289233899,104,104,170,0.011805555555555555,17,15,0.6666666666666666,63.18235294117647,53.970588235294116,0.06993055555555555,0.004027777777777778,0.015555555555555555,0.010486111111111111,0.007430555555555556,1,59.900064121907064,50.71156457453229,13.030043260365842,4.322013799489904,0.9433863124689241,-138.19780069776226,2.1056569782608197,2.1056569782608197,0.037662190706095354,-36,-0.7640277777777778,-11002,1.2469275415947119,276.72727272727275,62.78837603640705,6.001319444444444,1.0712955672667026
RHF_MPM_P44,973,0.04865,48.65,0,255,3.3853472222222223,23.69928607144324,48749,191.17254901960786,7,132,255,0.7076858121161873,106,106,161,0.011180555555555555,16,15,0.6708333333333333,63.49689440993789,54.36645962732919,0.06166666666666667,0.003958333333333334,0.014444444444444444,0.010208333333333333,0.007152777777777778,1,60.927013887464355,51.71098894336294,12.468601823453957,3.9520601343478714,0.9484385816697022,-138.1279281277591,2.689470662787511,2.689470662787511,0.03854438039754662,-9,-0.296875,-4275,1.4329950767503432,271.09090909090907,69.75470599367804,5.714621212121212,1.2889192757010313
RHF_MPM_P44,974,0.0487,48.7,0,255,3.2463194444444445,23.679628646632096,46747,183.32156862745097,2,128,255,0.6270253609051634,106,106,160,0.011111111111111112,16,14,0.7142857142857143,63.66875,54.45,0.05326388888888889,0.004027777777777778,0.014375,0.010138888888888888,0.007083333333333333,1,61.840139474190856,52.51547692900079,11.203812827715518,4.017053029817721,0.9335130623821809,-138.14603265892436,3.287033443828165,3.287033443828165,0.03103942498983892,-1,-0.13902777777777775,-2002,1.2169631285171545,264.09090909090907,76.3740252673459,5.468383838383838,1.4660474270298391
RHF_MPM_P44,975,0.04875,48.75,0,255,3.245138888888889,24.016734125110876,46730,183.2549019607843,0,137,255,0.5910334320074442,108,108,161,0.011180555555555555,15,14,0.7666666666666667,63.745341614906835,54.422360248447205,0.04951388888888889,0.0042361111111111115,0.014583333333333334,0.010555555555555556,0.007638888888888889,1,62.529253156430556,53.01988016263642,9.768842777935893,4.161997853084882,0.9047004663235163,-138.41067669408693,3.62632037173274,3.62632037173274,0.023261288251658463,1,-0.001180555555555518,-17,0.8539908015617244,252.0,81.06562997742239,5.199968434343434,1.5742425135873062
RHF_MPM_P44,976,0.0488,48.8,0,255,3.267777777777778,24.329473793358716,47056,184.53333333333333,0,142,255,0.539660419720884,109,109,163,0.011319444444444444,15,14,0.7761904761904762,63.74846625766871,54.441717791411044,0.044305555555555556,0.0045138888888888885,0.014861111111111111,0.010833333333333334,0.007847222222222222,1,63.00826674600476,53.50042502550153,7.903108227283981,4.223295609229663,0.8452417419261109,-138.0741934707933,3.5104546546799553,3.5104546546799553,0.014174600476028561,2,0.022638888888888875,326,0.6785111526149057,237.8181818181818,81.74663538454789,4.91657196969697,1.6154345606317757
RHF_MPM_P44,977,0.04885,48.85,0,255,3.2890277777777777,24.505145528809187,47362,185.73333333333332,0,144,255,0.49343563476025093,107,107,169,0.01173611111111111,16,14,0.7544642857142857,63.55621301775148,54.514792899408285,0.03958333333333333,0.0045138888888888885,0.015069444444444444,0.010902777777777779,0.007916666666666667,1,63.26170769815464,53.95671635488366,6.062615955235187,4.193665113127787,0.7221606795649299,-140.33224146376588,1.1746441478879157,1.1746441478879157,0.007791056120940838,6,0.02124999999999977,306,0.5219521946461683,222.27272727272728,76.95582074870906,4.5996085858585865,1.560699589346606
RHF_MPM_P44,978,0.0489,48.9,0,255,3.3038194444444446,24.54015670217694,47575,186.5686274509804,0,147,255,0.5082558539071311,107,107,173,0.012013888888888888,16,14,0.7723214285714286,63.543352601156066,54.46820809248555,0.04083333333333333,0.0045138888888888885,0.015,0.010555555555555556,0.007916666666666667,1,63.34265895953757,54.05391487125591,6.0265119562196094,4.459864965691928,0.6725619348998956,-142.7548744429759,0.9352203240066039,0.9352203240066039,0.009143457698370994,4,0.01479166666666698,213,0.12649370855681052,204.1818181818182,61.46221038805165,4.227215909090909,1.3178589884580685
RHF_MPM_P44,979,0.04895,48.95,0,255,3.3245833333333334,24.67077794777885,47874,187.74117647058824,0,151,255,0.5045932591740128,105,105,175,0.012152777777777778,16,15,0.7291666666666666,63.61142857142857,54.537142857142854,0.04048611111111111,0.0045138888888888885,0.015208333333333334,0.010833333333333334,0.007847222222222222,1,63.44539833730209,54.11734970965451,5.945684040185583,4.390267905870743,0.6743676271681395,-144.09241949963214,0.8432042980013205,0.8432042980013205,0.009357897815097965,2,0.020763888888888804,299,0.12074501424943407,188.0,39.746926696515565,3.8808775252525254,0.9605111217460377
RHF_MPM_P44,980,0.049,49.0,0,255,3.3831944444444444,24.946158038997424,48718,191.05098039215687,0,155,255,0.5097000839403403,108,108,175,0.012152777777777778,16,15,0.7291666666666666,63.651428571428575,54.53142857142857,0.041180555555555554,0.004583333333333333,0.015277777777777777,0.011180555555555555,0.008263888888888888,1,63.501334209121886,54.12120776714972,5.864796015748593,4.292452835226875,0.6814104751934483,-142.82961129388437,0.39081992649542985,0.39081992649542985,0.010057884149595632,0,0.05861111111111095,844,0.0560687646009545,177.54545454545453,23.239322617117722,3.6259090909090905,0.6294932379978613
RHF_MPM_P44,981,0.04905,49.05,0,255,3.4809027777777777,25.228773735260937,50125,196.5686274509804,0,158,255,0.5238370406024234,106,106,182,0.012638888888888889,16,16,0.7109375,63.489010989010985,54.37362637362637,0.042222222222222223,0.004722222222222222,0.015833333333333335,0.01138888888888889,0.008402777777777778,1,63.43373566084788,53.95784538653366,6.023587087293678,4.402047948277147,0.6825897823934496,-142.385613488206,0.7220844751482873,0.7220844751482873,0.00917705735660848,7,0.09770833333333329,1407,0.17679601559226,172.27272727272728,12.62818571213479,3.4595075757575757,0.3350323957046007
RHF_MPM_P44,982,0.0491,49.1,0,255,3.5004166666666667,25.314167637110298,50406,197.6705882352941,0,157,255,0.5267269407795976,110,110,175,0.012152777777777778,15,15,0.7777777777777778,63.777142857142856,54.61714285714286,0.042569444444444444,0.004861111111111111,0.01576388888888889,0.011666666666666667,0.008680555555555556,1,63.46369479823831,54.003531325635834,6.048118168042099,4.375526093205697,0.6903741796571071,-141.57020715910795,0.744141086976898,0.744141086976898,0.009661548228385509,-7,0.019513888888889053,281,0.054632910821461766,169.45454545454547,6.985226440835835,3.3735227272727273,0.1284167129974668
RHF_MPM_P44,983,0.04915,49.15,0,255,3.5836805555555555,25.66777211489925,51605,202.37254901960785,0,168,255,0.5161660558415584,108,108,186,0.012916666666666667,17,15,0.7294117647058823,63.68279569892473,54.553763440860216,0.041666666666666664,0.005,0.016458333333333332,0.011805555555555555,0.008888888888888889,1,63.43970545489778,54.10469915705843,5.877672995264837,4.236463222893706,0.6931720230635212,-143.3547335954866,0.04162280023561329,0.04162280023561329,0.00928204631334173,11,0.0832638888888888,1199,0.10397316340604337,170.9090909090909,8.457966072445824,3.3645643939393937,0.10845507635425101
RHF_MPM_P44,984,0.0492,49.2,0,255,3.643125,25.84658936689794,52461,205.72941176470587,0,168,255,0.5317799547078504,106,106,190,0.013194444444444444,17,16,0.6985294117647058,63.626315789473686,54.40526315789474,0.042916666666666665,0.004791666666666666,0.016875,0.011875,0.008958333333333334,1,63.359219229522886,53.97783115075961,6.03817237352529,4.2957503773281065,0.7027547197540113,-142.17645469733432,0.351906747085473,0.351906747085473,0.008806542002630525,4,0.05944444444444441,856,0.15024487843961518,173.54545454545453,9.423024378072682,3.387998737373737,0.13501204383323562
RHF_MPM_P44,985,0.04925,49.25,0,255,3.669861111111111,25.885955168405697,52846,207.23921568627452,0,169,255,0.5451755688870934,104,104,197,0.013680555555555555,17,16,0.7242647058823529,63.76142131979695,54.2741116751269,0.044375,0.005,0.016805555555555556,0.01173611111111111,0.008888888888888889,1,63.408148204216026,53.88239412632934,6.18504806627634,4.411306908669336,0.7009391086830943,-140.95215555673292,0.6976476711486718,0.6976476711486718,0.009612837300836393,7,0.02673611111111107,385,0.10724863727165448,176.9090909090909,10.526628964458276,3.426502525252525,0.14880621595431476
RHF_MPM_P44,986,0.0493,49.3,0,255,3.662361111111111,25.88174549717831,52738,206.8156862745098,0,173,255,0.5393258120110717,107,107,191,0.01326388888888889,16,16,0.74609375,63.916230366492144,54.397905759162306,0.043541666666666666,0.005,0.016875,0.011944444444444445,0.008888888888888889,1,63.55411657628276,53.95030149038644,5.8971361935597715,4.350514211506453,0.6750921872284843,-138.64825267393147,0.2020472442604946,0.2020472442604946,0.00997383290985627,-6,-0.00749999999999984,-108,0.160991228757953,179.63636363636363,9.920343902329993,3.464431818181818,0.15090266249171028
RHF_MPM_P44,987,0.04935,49.35,0,255,3.709652777777778,26.072344674460737,53419,209.48627450980393,0,175,255,0.5488366712615256,103,103,200,0.013888888888888888,17,16,0.7352941176470589,63.835,54.32,0.044444444444444446,0.005138888888888889,0.017083333333333332,0.012152777777777778,0.009097222222222222,1,63.566446395477264,53.95086018083453,5.942567177473271,4.447140615642743,0.663300175112645,-136.71660362712058,0.2835797976135329,0.2835797976135329,0.009846683764203747,9,0.04729166666666673,681,0.01234247043285848,183.0,9.981801622771494,3.5046022727272725,0.1520161285801949
RHF_MPM_P44,988,0.0494,49.4,0,255,3.7149305555555556,26.053479707253857,53495,209.7843137254902,0,175,255,0.5447321382501075,107,107,197,0.013680555555555555,17,16,0.7242647058823529,63.83756345177665,54.3756345177665,0.043819444444444446,0.005,0.017222222222222222,0.012152777777777778,0.009166666666666667,1,63.518964389195254,53.94982708664361,6.0891013144018205,4.520643471434611,0.6699396677388187,-137.9933734168018,0.7539535601384816,0.7539535601384816,0.008299841106645481,-3,0.005277777777777715,76,0.04749324377395337,185.54545454545453,9.651788683626908,3.543320707070707,0.14631015368366146
RHF_MPM_P44,989,0.04945,49.45,0,255,3.720625,26.065559804897887,53577,210.10588235294117,0,176,255,0.5489783517371452,107,107,194,0.013472222222222222,16,16,0.7578125,64.02577319587628,54.44329896907217,0.044305555555555556,0.005069444444444444,0.017083333333333332,0.012152777777777778,0.009027777777777777,1,63.5649625772253,53.95742576105418,6.104999048165253,4.394605625167399,0.6941428940142366,-139.95407837463122,0.6951150641197301,0.6951150641197301,0.008959068256901282,-3,0.005694444444444446,82,0.04662159537001613,187.45454545454547,9.03894237944036,3.581212121212121,0.13271838858338966
RHF_MPM_P44,990,0.0495,49.5,0,255,3.7230555555555553,26.092061300054507,53612,210.24313725490197,0,177,255,0.5503242010087244,106,106,199,0.013819444444444445,16,16,0.77734375,64.01507537688443,54.472361809045225,0.044583333333333336,0.005138888888888889,0.017222222222222222,0.012222222222222223,0.009097222222222222,1,63.62303215697978,54.02014474371409,6.029058962459568,4.495240138099421,0.6663986240852033,-137.8617594534482,0.7892471293890063,0.7892471293890063,0.009662015966574648,5,0.0024305555555552694,35,0.0854736619009387,189.63636363636363,8.657867964224819,3.617436868686868,0.11019921911222694
RHF_MPM_P44,991,0.04955,49.55,0,255,3.749513888888889,26.18789411874898,53993,211.7372549019608,0,176,255,0.5434603739267676,104,104,203,0.014097222222222223,17,16,0.7463235294117647,63.76847290640394,54.389162561576356,0.04388888888888889,0.005069444444444444,0.017430555555555557,0.012222222222222223,0.009236111111111112,1,63.51308502954087,54.01000129646436,5.9382004118288165,4.473374761340231,0.6576522903552878,-138.17846270937315,0.4123196664383876,0.4123196664383876,0.008908562221028652,4,0.026458333333333695,381,0.11041404056630211,192.1818181818182,8.077107738633154,3.650738636363636,0.08736459015293643
RHF_MPM_P44,992,0.0496,49.6,0,255,3.713611111111111,25.979597941117156,53476,209.70980392156864,0,174,255,0.5387184461073151,105,105,200,0.013888888888888888,17,16,0.7352941176470589,63.93,54.425,0.043263888888888886,0.004930555555555555,0.017222222222222222,0.012222222222222223,0.008958333333333334,1,63.57620240855711,54.001645598025284,5.88829354431397,4.463837317436971,0.6521537235334809,-138.1015367564581,0.25082638202027097,0.25082638202027097,0.009293888847333382,-3,-0.03590277777777784,-517,0.06366805502200101,193.8181818181818,7.661214973881952,3.67189393939394,0.07015826371881631
RHF_MPM_P44,993,0.04965,49.65,0,255,3.6845833333333333,25.846560293258666,53058,208.0705882352941,0,174,255,0.5611560629430894,106,106,196,0.01361111111111111,16,16,0.765625,64.0204081632653,54.64795918367347,0.04569444444444445,0.004861111111111111,0.016944444444444446,0.012013888888888888,0.008888888888888889,1,63.65899581589958,54.114290022239814,6.066367844412866,4.571033571396317,0.6574431077951824,-136.93971508775658,0.8284032404010643,0.8284032404010643,0.010818349730483621,-4,-0.029027777777777874,-418,0.13979812089580934,195.72727272727272,4.825894341813453,3.6886363636363644,0.04453514530462834
RHF_MPM_P44,994,0.0497,49.7,0,255,3.7170833333333335,26.010573968286867,53526,209.90588235294118,0,171,255,0.5467029826915542,106,106,200,0.013888888888888888,17,16,0.7352941176470589,63.805,54.605,0.04416666666666667,0.004861111111111111,0.017361111111111112,0.012152777777777778,0.009027777777777777,1,63.48167245824459,54.17946418562941,5.9471189375331255,4.473806758098738,0.658861172860717,-139.1174370940948,0.41543301635220553,0.41543301635220553,0.009079699585248291,4,0.032500000000000195,468,0.18892126599082001,197.0,3.8376128944009875,3.7007638888888894,0.030140328946651328
RHF_MPM_P44,995,0.04975,49.75,0,255,3.722986111111111,25.915616258988337,53611,210.23921568627452,0,176,255,0.5719950647364651,105,105,196,0.01361111111111111,17,15,0.7686274509803922,63.95918367346939,54.70918367346939,0.04659722222222222,0.004930555555555555,0.017152777777777777,0.012152777777777778,0.009097222222222222,1,63.63016918169779,54.22657663539199,6.0981711974758435,4.566524038327528,0.6627564714140237,-141.521266141621,0.4029354616325318,0.4029354616325318,0.01107981570946261,-4,0.00590277777777759,85,0.15579107740486142,197.54545454545453,3.1727142484754816,3.70802398989899,0.024466339834441925
RHF_MPM_P44,996,0.0498,49.8,0,255,3.7040972222222224,25.9952134459723,53339,209.17254901960786,0,173,255,0.5446202585637876,105,105,201,0.013958333333333333,17,16,0.7389705882352942,63.830845771144276,54.527363184079604,0.04402777777777778,0.004930555555555555,0.017291666666666667,0.012222222222222223,0.009097222222222222,1,63.58225688520594,54.21359605541911,5.858129008805667,4.457251693660412,0.6489089291106523,-140.54569493826978,0.15084752999396142,0.15084752999396142,0.01044264046945012,5,-0.018888888888888733,-272,0.04963953677820563,197.9090909090909,3.3153786416019035,3.711136363636364,0.021398976712483097
RHF_MPM_P44,997,0.04985,49.85,0,255,3.716736111111111,25.971145268725667,53521,209.8862745098039,0,172,255,0.5439617436935295,105,105,200,0.013888888888888888,17,16,0.7352941176470589,63.905,54.55,0.043819444444444446,0.004791666666666666,0.017152777777777777,0.012222222222222223,0.009097222222222222,1,63.51803964798864,54.081519403598584,5.89543168683677,4.479395778715058,0.6501475995400929,-139.69870491163388,0.9143475280145414,0.9143475280145414,0.009117916331907103,-1,0.012638888888888644,182,0.1468608031843224,198.72727272727272,2.5258989071726914,3.716079545454546,0.014834311116371965
RHF_MPM_P44,998,0.0499,49.9,0,255,3.633472222222222,25.638904718530686,52322,205.1843137254902,0,168,255,0.5561176938826586,105,105,194,0.013472222222222222,16,16,0.7578125,64.08762886597938,54.628865979381445,0.04506944444444445,0.004652777777777777,0.016875,0.011944444444444445,0.00875,1,63.66096479492374,54.17338786743626,6.09171686363005,4.399166165850493,0.6917308675106938,-138.13924783204868,1.0533457842812337,1.0533457842812337,0.010550055426015826,-6,-0.0832638888888888,-1199,0.1699041267136153,198.1818181818182,2.8225772175018227,3.7091540404040404,0.028083806941915507
RHF_MPM_P44,999,0.04995,49.95,0,255,3.653958333333333,25.779598245909227,52617,206.34117647058824,0,171,255,0.5446931361709167,107,107,191,0.01326388888888889,16,15,0.7958333333333333,64.03664921465969,54.79057591623037,0.04423611111111111,0.004930555555555555,0.017152777777777777,0.012083333333333333,0.008888888888888889,1,63.64300511241614,54.30332402075375,5.8563433894026256,4.4278400017803285,0.654483963519146,-138.98020414359306,0.45823350022856973,0.45823350022856973,0.010034779633958607,-3,0.020486111111110983,295,0.13117146844767522,197.63636363636363,3.4973425566675176,3.7036111111111114,0.03212325067184442
RHF_MPM_P44,1000,0.05,50.0,0,255,3.674166666666667,25.804695403377867,52908,207.48235294117646,0,168,255,0.5506762246229611,105,105,196,0.01361111111111111,17,15,0.7686274509803922,63.91326530612245,54.714285714285715,0.04472222222222222,0.005,0.017013888888888887,0.012083333333333333,0.008888888888888889,1,63.51355182581084,54.24206169199365,6.049531730631859,4.518417611032505,0.6649322283663165,-139.71372347441374,0.8857330667240232,0.8857330667240232,0.009242458607393967,5,0.020208333333333606,291,0.14321740933987046,197.8181818181818,3.3525616208337774,3.699387626262626,0.0326583170495344
RHF_MPM_P44,1001,0.05005,50.05,0,255,3.5990972222222224,25.51472149708637,51827,203.24313725490197,0,166,255,0.5476280649044993,106,106,190,0.013194444444444444,16,15,0.7916666666666666,63.99473684210526,54.794736842105266,0.044444444444444446,0.004930555555555555,0.016666666666666666,0.011805555555555555,0.008611111111111111,1,63.61369556408822,54.34730931753719,6.020110816089135,4.529067498449515,0.6587944948242852,-141.50858166735074,0.7948015590550267,0.7948015590550267,0.01045786945028653,-6,-0.07506944444444441,-1081,0.14527846020219468,197.0,4.0,3.6881186868686866,0.04246210901011128
RHF_MPM_P44,1002,0.0501,50.1,0,255,3.607638888888889,25.62402187797482,51950,203.72549019607843,0,169,255,0.5342086060082991,106,106,192,0.013333333333333334,17,15,0.7529411764705882,64.03645833333333,54.817708333333336,0.043194444444444445,0.005,0.016805555555555556,0.011805555555555555,0.008680555555555556,1,63.62138594802695,54.36860442733398,5.842483038422622,4.7127409997560825,0.591052301006822,-141.407161108179,0.4614022333647206,0.4614022333647206,0.010317613089509143,2,0.008541666666666448,123,0.02264119489740695,196.0,3.7416573867739413,3.6752209595959595,0.0433915573191604
RHF_MPM_P44,1003,0.05015,50.15,0,255,3.689375,25.925753463784428,53127,208.34117647058824,0,171,255,0.5388615168399365,107,107,194,0.013472222222222222,17,15,0.7607843137254902,63.855670103092784,54.66494845360825,0.043333333333333335,0.004861111111111111,0.017152777777777777,0.012152777777777778,0.009027777777777777,1,63.51824872475389,54.197714909556346,5.826396649301621,4.471741173154531,0.6410526962978211,-139.94272389718424,0.26104930589121467,0.26104930589121467,0.010201968867054417,2,0.08173611111111123,1177,0.1996008870490013,195.45454545454547,3.5512772699317474,3.6730176767676763,0.041978602592023274
RHF_MPM_P44,1004,0.0502,50.2,0,255,3.664513888888889,25.593499970420577,52769,206.93725490196078,0,164,255,0.5464453780424559,105,105,194,0.013472222222222222,17,16,0.7132352941176471,63.7319587628866,54.4639175257732,0.04388888888888889,0.004652777777777777,0.017152777777777777,0.012013888888888888,0.008611111111111111,1,63.33792567605981,54.0135875229775,6.116281133986952,4.426197662747664,0.6901412813433967,-138.82430610072353,0.5313370709681717,0.5313370709681717,0.009304705414163618,0,-0.024861111111111,-358,0.25771941405078835,195.27272727272728,3.5698461665585204,3.671193181818182,0.04187228116311651
RHF_MPM_P44,1005,0.05025,50.25,0,255,3.6880555555555556,25.61058367587775,53108,208.26666666666668,0,168,255,0.5620872778202406,105,105,193,0.013402777777777777,17,15,0.7568627450980392,63.87564766839378,54.63212435233161,0.04541666666666667,0.004722222222222222,0.017222222222222222,0.012013888888888888,0.008611111111111111,1,63.31177976952625,53.944829404232884,6.396554419093572,4.5949102478942505,0.6956906964719318,-139.89598884220757,0.9459089418081001,0.9459089418081001,0.011278903366724411,-1,0.023541666666666572,339,0.0735614526893055,194.63636363636363,3.282812742775962,3.668554292929293,0.03975836080117704
RHF_MPM_P44,1006,0.0503,50.3,0,255,3.6610416666666667,25.588835652019057,52719,206.74117647058824,0,166,255,0.5651779929437996,106,106,191,0.01326388888888889,17,15,0.7490196078431373,63.95811518324607,54.675392670157066,0.04583333333333333,0.004722222222222222,0.017083333333333332,0.012013888888888888,0.008611111111111111,1,63.418748458809915,54.106432216089075,6.174572265884716,4.471613326581098,0.6895920195320046,-139.44721728479763,0.6492062600967281,0.6492062600967281,0.01259507957282953,-2,-0.027013888888888893,-389,0.19379826956630347,194.1818181818182,3.4063625445809445,3.6629229797979805,0.03584409162537845
RHF_MPM_P44,1007,0.05035,50.35,0,255,3.617847222222222,25.504694575029664,52097,204.30196078431374,0,164,255,0.5341848695908126,103,103,192,0.013333333333333334,17,15,0.7529411764705882,63.833333333333336,54.635416666666664,0.042777777777777776,0.0045138888888888885,0.017013888888888887,0.012013888888888888,0.008472222222222223,1,63.42144461293356,54.132694780889494,5.856884103049098,4.343413144130027,0.6708521710802438,-139.49337089417295,0.3756060452222573,0.3756060452222573,0.009251972282473079,1,-0.043194444444444535,-622,0.026400597662830705,193.36363636363637,2.67217062849074,3.655082070707071,0.035410598338583024
RHF_MPM_P44,1008,0.0504,50.4,0,255,3.703611111111111,25.73802716828608,53332,209.1450980392157,0,168,255,0.5558067295879756,104,104,200,0.013888888888888888,17,16,0.7352941176470589,63.84,54.445,0.04472222222222222,0.004652777777777777,0.017291666666666667,0.011875,0.008611111111111111,1,63.421398034950876,53.9851121278032,6.1613606159920735,4.466973500869916,0.6887510773941912,-139.59590974504349,0.8810564567217835,0.8810564567217835,0.00883147078676967,8,0.08576388888888875,1235,0.14758266043644314,193.36363636363637,2.67217062849074,3.653888888888889,0.03348161201545946
RHF_MPM_P44,1009,0.05045,50.45,0,255,3.749236111111111,25.884596303696963,53989,211.72156862745098,0,172,255,0.5621507806783346,105,105,199,0.013819444444444445,16,16,0.77734375,63.95477386934673,54.597989949748744,0.04527777777777778,0.004722222222222222,0.017430555555555557,0.012083333333333333,0.008819444444444444,1,63.37531719424327,53.89912760006668,6.169557231414896,4.745893908872389,0.6389553281416231,45.07896932860684,-0.677632402802528,0.677632402802528,0.011724610568819575,-1,0.04562500000000025,657,0.09755399986874976,193.8181818181818,3.1281182789245916,3.6644128787878785,0.04241264421787549
RHF_MPM_P44,1010,0.0505,50.5,0,255,3.7230555555555553,25.806272850633775,53612,210.24313725490197,0,166,255,0.5538654719082055,106,106,194,0.013472222222222222,16,16,0.7578125,64.05154639175258,54.47938144329897,0.04423611111111111,0.0045138888888888885,0.017361111111111112,0.012013888888888888,0.00875,1,63.42208833843169,53.894948892039096,6.07140706705137,4.44592309950534,0.6810119727649976,-135.17463857502534,0.4985784005090961,0.4985784005090961,0.010613295530851302,-5,-0.026180555555555873,-377,0.046957443813240726,194.0909090909091,2.9986222731764802,3.6706944444444445,0.04541003449861033
RHF_MPM_P44,1011,0.05055,50.55,0,255,3.746875,25.91776841089992,53955,211.58823529411765,0,167,255,0.5649788605757575,106,106,195,0.013541666666666667,17,16,0.7169117647058824,63.815384615384616,54.47179487179487,0.04569444444444445,0.004861111111111111,0.017291666666666667,0.012152777777777778,0.009097222222222222,1,63.35939208599759,53.919025113520526,6.143692852731047,4.480251109873237,0.6842537527521477,-136.6862037801584,0.7318975523162761,0.7318975523162761,0.01134278565471226,1,0.023819444444444837,343,0.06716014078382634,194.0,2.9541957835039856,3.6773042929292927,0.05044674348935465
RHF_MPM_P44,1012,0.0506,50.6,0,255,3.754097222222222,26.02992703155977,54059,211.99607843137255,0,171,255,0.5568459838886035,105,105,201,0.013958333333333333,17,16,0.7389705882352942,63.666666666666664,54.33830845771144,0.04486111111111111,0.004861111111111111,0.017708333333333333,0.012222222222222223,0.009027777777777777,1,63.377161989677944,53.907952422353354,6.042250930936089,4.650475895514132,0.6384545696178594,-135.1532314437335,0.5464688675301578,0.5464688675301578,0.010303557224513957,6,0.007222222222222019,104,0.02093738203531174,195.0,3.2752515517548764,3.691395202020202,0.048232703340825994
RHF_MPM_P44,1013,0.05065,50.65,0,255,3.85375,26.459077414077893,55494,217.6235294117647,0,178,255,0.5621516897581251,104,104,208,0.014444444444444444,17,16,0.7647058823529411,63.71153846153846,54.36538461538461,0.04534722222222222,0.005,0.018055555555555554,0.012638888888888889,0.009236111111111112,1,63.33745990557538,53.911521966338704,6.172867117439168,4.5088452729546145,0.6829879219892866,-137.76234583994577,0.8513315775376868,0.8513315775376868,0.008523443975925325,7,0.09965277777777759,1435,0.039862226811236905,196.45454545454547,4.812174642860381,3.7137689393939395,0.059869453024633715
RHF_MPM_P44,1014,0.0507,50.7,0,255,3.788125,25.990666820267474,54549,213.91764705882352,0,168,255,0.5635667260686449,104,104,203,0.014097222222222223,17,16,0.7463235294117647,63.8128078817734,54.399014778325125,0.04527777777777778,0.0045138888888888885,0.017708333333333333,0.012152777777777778,0.008958333333333334,1,63.33412161542833,53.92522319382574,6.1746177099631545,4.506678342321605,0.6835842244858299,-136.65324136121177,0.6509668503434448,0.6509668503434448,0.009221067297292343,-5,-0.06562499999999982,-945,0.014102050055127128,197.27272727272728,5.082785726725223,3.7227462121212125,0.06286718991654755
RHF_MPM_P44,1015,0.05075,50.75,0,255,3.86875,26.652613403103224,55710,218.47058823529412,0,191,255,0.5614809411664774,109,109,197,0.013680555555555555,16,15,0.8208333333333333,64.0253807106599,54.90862944162436,0.045625,0.005486111111111111,0.017638888888888888,0.013055555555555556,0.009375,1,63.673577454676,54.57574941662179,5.801634140384682,4.263781028011651,0.678145581393186,-141.67613579097443,0.31173463797815504,0.31173463797815504,0.012008616047388261,-6,0.08062499999999995,1161,0.7337674245594714,197.54545454545453,4.979295977319692,3.7413131313131314,0.0723684929452818
RHF_MPM_P44,1016,0.0508,50.8,0,12,0.02236111111111111,0.37368284627310017,322,26.833333333333332,0,0,7,0.06555619163351903,3,8,11,0.0007638888888888889,64,107,0.0016063084112149532,92.54545454545455,64.54545454545455,0.005416666666666667,0.0,0.0,0.0,0.0,0,82.8944099378882,66.14285714285714,32.11823795087234,25.910062386755143,0.5909492813214139,118.53454552826167,-0.12759730604113795,0.12759730604113795,0.0,-186,-3.846388888888889,-55388,22.43297533761491,181.0,53.96968846238852,3.4080681818181815,1.072965422880532
RHF_MPM_P44,1017,0.05085,50.85,0,255,3.258263888888889,22.342321755591172,46919,183.99607843137255,7,98,255,0.7345233765420979,106,106,135,0.009375,13,13,0.7988165680473372,67.25185185185185,57.63703703703704,0.06305555555555556,0.003125,0.013541666666666667,0.008680555555555556,0.006458333333333333,1,69.97615038683689,60.03621134295275,9.650682001224943,4.985256321922373,0.8562447420057243,46.13802926092806,0.8988662967223213,0.8988662967223213,0.024403759670922228,124,3.235902777777778,46597,14.288896134895035,175.9090909090909,55.40832649185589,3.3714520202020206,1.0705775990560313
RHF_MPM_P44,1018,0.0509,50.9,0,255,5.7039583333333335,27.348391398935608,82137,322.1058823529412,27,162,255,1.2523445781005622,100,100,229,0.015902777777777776,26,26,0.33875739644970415,71.06113537117903,61.506550218340614,0.11493055555555555,0.005069444444444444,0.022847222222222224,0.012847222222222222,0.008611111111111111,1,78.53720004382922,69.1406065475973,20.023429271146842,4.382080293040278,0.9757590426546194,45.69270121851776,0.9507570888543899,0.9507570888543899,0.014256668736379463,94,2.4456944444444444,35218,12.497263031233805,179.27272727272728,57.37134366894473,3.561098484848485,1.2646146326322378
RHF_MPM_P44,1019,0.05095,50.95,0,255,6.3145138888888885,29.53799409070604,90929,356.5843137254902,33,212,255,1.2322363360604824,107,107,232,0.01611111111111111,24,24,0.4027777777777778,70.41379310344827,60.93103448275862,0.1111111111111111,0.006666666666666667,0.029097222222222222,0.013819444444444445,0.010277777777777778,1,79.30276369475085,70.01542962091303,21.15714597579797,4.2957104222534195,0.9791708016972624,46.49350020157153,0.9151783819142133,0.9151783819142133,0.011756425342849916,3,0.6105555555555551,8792,1.1624986508456825,182.1818181818182,59.13285224708879,3.7984532828282833,1.4934106205394915
RHF_MPM_P44,1020,0.051,51.0,0,255,6.067083333333334,30.301486484324858,87366,342.61176470588236,29,233,255,1.095944283632972,111,111,239,0.01659722222222222,20,20,0.5975,70.36401673640168,60.71129707112971,0.09743055555555556,0.007638888888888889,0.02409722222222222,0.015625,0.011597222222222222,1,77.66390815649109,67.80427168463704,20.38339887067653,3.9964157835849483,0.9805914439362187,45.42747442012447,1.3354183263212738,1.3354183263212738,0.007623102808873017,7,-0.24743055555555493,-3563,2.7522839414640616,185.8181818181818,61.24736459164171,4.009166666666666,1.6289675101841072
RHF_MPM_P44,1021,0.05105,51.05,0,255,5.408194444444445,30.761762241204806,77878,305.4039215686274,14,238,255,0.8209878201362616,108,108,267,0.018541666666666668,22,21,0.577922077922078,70.79775280898876,61.176029962546814,0.07006944444444445,0.007638888888888889,0.024305555555555556,0.017013888888888887,0.012222222222222223,1,72.41048819949151,62.44099745756183,10.538248705590314,4.170480837406669,0.9183595550850839,-136.53522652443058,-1.437960734074734,1.437960734074734,0.014419990241146409,28,-0.6588888888888889,-9488,7.507538323539262,192.45454545454547,65.57627569391461,4.162361111111111,1.6734871561771039
RHF_MPM_P44,1022,0.0511,51.1,0,255,5.878541666666667,32.46329398269062,84651,331.9647058823529,15,251,255,0.8609613852419281,108,108,294,0.020416666666666666,22,23,0.5810276679841897,71.07482993197279,61.36054421768708,0.07458333333333333,0.009027777777777777,0.025972222222222223,0.018958333333333334,0.014166666666666666,1,72.26971920000945,62.23534276027454,9.339387123469827,4.477304517926214,0.8775963768735326,-136.47822092222998,-0.7936204526158573,0.7936204526158573,0.012073100140577194,27,0.47034722222222225,6773,0.24921830938257025,201.45454545454547,71.80575266441038,4.35614898989899,1.73639406163022
RHF_MPM_P44,1023,0.05115,51.15,0,255,6.577916666666667,34.45397753354385,94722,371.45882352941175,17,254,255,0.9179438814380299,108,108,345,0.023958333333333335,25,24,0.575,72.03768115942029,62.16231884057971,0.07993055555555556,0.00986111111111111,0.029722222222222223,0.021597222222222223,0.016041666666666666,1,72.95857350984987,62.794957876734024,9.751361619862493,4.559870828703811,0.8839329022209175,-137.9484803651565,-0.5048367722806675,0.5048367722806675,0.00943814530943181,51,0.6993749999999999,10071,0.8875186413567243,214.54545454545453,82.81234387167568,4.612859848484849,1.8343834206721084
RHF_MPM_P44,1024,0.0512,51.2,0,255,6.963611111111111,35.21376874437184,100276,393.2392156862745,23,255,255,0.992586938040145,108,108,357,0.024791666666666667,26,25,0.5492307692307692,72.26890756302521,62.44817927170868,0.08722222222222223,0.010277777777777778,0.03145833333333333,0.0225,0.01673611111111111,1,73.66690933024852,63.46164585743348,10.573651759051412,4.584273223451832,0.9011264860205458,-137.97570313086007,-0.7126727503951189,0.7126727503951189,0.011019585942797878,12,0.3856944444444439,5554,0.9727345465587933,228.0909090909091,92.27868319336176,4.8955744949494955,1.9326187679955287
RHF_MPM_P44,1025,0.05125,51.25,0,255,7.330347222222223,35.82369399250062,105557,413.9490196078431,27,255,255,1.0641624248208674,109,109,363,0.025208333333333333,27,25,0.5377777777777778,72.38292011019284,62.52066115702479,0.09416666666666666,0.010833333333333334,0.03256944444444444,0.022847222222222224,0.017222222222222222,1,74.38981782354557,64.11792680731737,11.60327788866461,4.6183496697470785,0.9173762518335618,-137.7065937300456,-0.8114846566710461,0.8114846566710461,0.012002993643244883,6,0.3667361111111118,5281,0.9763715352577231,242.63636363636363,99.5044747529867,5.217594696969697,2.014632270990976
RHF_MPM_P44,1026,0.0513,51.3,0,255,7.147986111111111,34.693813130807094,102931,403.65098039215684,29,254,255,1.0900590433213964,108,108,341,0.023680555555555555,27,25,0.5051851851851852,72.25513196480938,62.25513196480939,0.09652777777777778,0.00986111111111111,0.03208333333333333,0.021388888888888888,0.015902777777777776,1,74.9499567671547,64.4797194236916,12.591301524426363,4.441986772080841,0.9357054745405312,-138.18794184335576,-0.9139792614253319,0.9139792614253319,0.013358463436671167,-22,-0.18236111111111164,-2626,0.6668204656505875,255.72727272727272,102.07848220328131,5.515707070707071,2.035494650505907
RHF_MPM_P44,1027,0.05135,51.35,0,255,6.769236111111111,33.476803921601636,97477,382.2627450980392,26,252,255,1.0838765817384683,106,106,323,0.022430555555555554,26,24,0.5176282051282052,71.95356037151703,61.81733746130031,0.09583333333333334,0.009027777777777777,0.029652777777777778,0.02,0.014652777777777778,1,75.01559342203802,64.43449223919488,13.33803427463407,4.400350144986619,0.9440124091523573,-138.02316503726394,-0.9934771316921374,0.9934771316921374,0.015972998758681536,-18,-0.37875000000000014,-5454,0.07970990328543157,284.09090909090907,67.69242544635195,6.129059343434343,1.08006301595997
RHF_MPM_P44,1028,0.0514,51.4,0,255,6.449861111111111,32.40611632054526,92878,364.2274509803922,25,250,255,1.1163986975012519,109,109,291,0.02020833333333333,24,22,0.5511363636363636,71.12371134020619,61.01030927835052,0.10048611111111111,0.00875,0.02701388888888889,0.01840277777777778,0.013888888888888888,1,74.91545898921166,64.23100195955985,13.91512258595799,4.422317196524611,0.9481555739716424,-138.1332405719937,-1.1893133857077136,1.1893133857077136,0.021372122569392107,-32,-0.31937499999999996,-4599,0.22679329474965115,298.27272727272725,48.62863150092641,6.419204545454544,0.5852208529798366
RHF_MPM_P44,1029,0.05145,51.45,0,255,6.010555555555555,31.245895725540624,86552,339.41960784313727,23,245,255,1.0741392979945457,108,108,269,0.018680555555555554,23,20,0.5847826086956521,70.56877323420075,60.46468401486989,0.09680555555555556,0.007916666666666667,0.024305555555555556,0.017152777777777777,0.012986111111111111,1,74.6278653295129,63.9653040946483,14.293551315667653,4.313188870109513,0.9533846564459362,-138.3203568266723,-1.472626483426745,1.472626483426745,0.025048525741750625,-22,-0.4393055555555554,-6326,0.391542422372695,301.90909090909093,44.64497232297281,6.44707702020202,0.5571183278952352
RHF_MPM_P44,1030,0.0515,51.5,0,255,5.354722222222223,29.468966820680965,77108,302.3843137254902,19,226,255,1.005677590848843,109,109,240,0.016666666666666666,21,18,0.6349206349206349,69.7375,59.920833333333334,0.09104166666666667,0.007013888888888889,0.021527777777777778,0.015069444444444444,0.011597222222222222,1,74.04392540333039,63.55034497069046,14.471670404788027,4.1994788921411965,0.9569702060964397,-138.5777417155709,-1.6976029569806717,1.6976029569806717,0.029906105721844687,-29,-0.6558333333333328,-9444,0.7163636729663885,302.6363636363636,43.55200178526967,6.359823232323231,0.6400361997176688
RHF_MPM_P44,1031,0.05155,51.55,0,255,4.823611111111111,27.978833731231123,69460,272.3921568627451,16,207,255,0.9557984701502599,109,109,212,0.014722222222222222,19,17,0.6563467492260062,69.11320754716981,59.570754716981135,0.08715277777777777,0.00625,0.01972222222222222,0.013819444444444445,0.010694444444444444,1,73.38347250215952,63.0660236107112,14.314994489566367,4.146536011805126,0.9571284503055344,-138.7147762624725,-1.9034912796425447,1.9034912796425447,0.03449467319320472,-28,-0.5311111111111115,-7648,0.8190025728880109,300.1818181818182,47.63844547845055,6.246780303030302,0.7769283924440956
RHF_MPM_P44,1032,0.0516,51.6,0,255,4.464652777777777,27.1359053964483,64291,252.12156862745098,15,193,255,0.8903869162721463,108,108,205,0.01423611111111111,19,16,0.6743421052631579,68.95121951219512,59.395121951219515,0.08076388888888889,0.005694444444444445,0.01861111111111111,0.012847222222222222,0.009583333333333333,1,72.5963509666983,62.43119565724596,13.519508573782375,4.007453247710643,0.9550576741543891,-138.5424846476136,-2.0347978505512327,2.0347978505512327,0.034001648753324724,-7,-0.3589583333333337,-5169,1.0112204715529158,294.54545454545456,54.41651426537158,6.161003787878787,0.9061212820096548
RHF_MPM_P44,1033,0.05165,51.65,0,255,4.272916666666666,26.938305849637448,61530,241.2941176470588,13,190,255,0.8421053184962561,110,110,198,0.01375,18,16,0.6875,68.79797979797979,59.18181818181818,0.07618055555555556,0.005763888888888889,0.017430555555555557,0.012569444444444444,0.01,1,71.78943604745652,61.618462538599054,12.31040631734685,4.055596882390919,0.9441749073521667,-138.56034249471872,-2.110379460742655,2.110379460742655,0.03338209003738014,-7,-0.1917361111111111,-2761,1.1452715001433,285.8181818181818,61.092803000946,6.015037878787878,1.0566815624828152
RHF_MPM_P44,1034,0.0517,51.7,0,255,4.3220833333333335,27.51722210410035,62238,244.0705882352941,12,205,255,0.8077271311539542,109,109,211,0.014652777777777778,19,17,0.653250773993808,69.03791469194313,59.317535545023695,0.07263888888888889,0.006319444444444444,0.018194444444444444,0.013541666666666667,0.010347222222222223,1,71.19775699733282,61.04723802178733,10.848111293481946,4.240865618872426,0.9204198847289162,-138.74584096245388,-2.0734339781593505,2.0734339781593505,0.03216684340756451,13,0.04916666666666725,708,0.8224241891883255,273.6363636363636,61.43625332928836,5.809962121212122,1.1429221321895464
RHF_MPM_P44,1035,0.05175,51.75,0,255,4.347361111111111,27.75339130894415,62602,245.49803921568628,10,207,255,0.7606092408213585,108,108,220,0.015277777777777777,19,18,0.6432748538011696,69.16818181818182,59.513636363636365,0.06666666666666667,0.006111111111111111,0.01888888888888889,0.013680555555555555,0.010416666666666666,1,70.8228970320437,60.76719593623207,9.370283296892548,4.2310333745116395,0.8922521923353528,-138.52419781264445,-1.6248115814602258,1.6248115814602258,0.02805022203763458,9,0.02527777777777729,364,0.4679140554190461,261.1818181818182,57.00050746475569,5.572121212121212,1.1502974100474321
RHF_MPM_P44,1036,0.0518,51.8,0,255,4.31625,27.712712432779735,62154,243.74117647058824,9,206,255,0.7253621596538107,108,108,219,0.015208333333333334,19,18,0.6403508771929824,69.10958904109589,59.42922374429224,0.06243055555555556,0.0060416666666666665,0.018958333333333334,0.013472222222222222,0.010416666666666666,1,70.58067059239953,60.6188499533417,8.815223886491795,4.097727476025159,0.8853911975181908,-138.5633035687795,-1.2766982017732131,1.2766982017732131,0.022122469993886153,-1,-0.031111111111110645,-448,0.28404256494828484,248.0909090909091,47.92694164598019,5.298112373737374,1.053780638177784
RHF_MPM_P44,1037,0.05185,51.85,0,255,4.294027777777778,27.666883892707567,61834,242.48627450980393,8,206,255,0.7192583678507556,109,109,214,0.014861111111111111,19,17,0.6625386996904025,69.01869158878505,59.28971962616822,0.06201388888888889,0.006111111111111111,0.01861111111111111,0.013541666666666667,0.010555555555555556,1,70.51083546269042,60.45209755150888,8.403956927662913,4.288858030189358,0.8599739480843264,-139.19493048876635,-1.3412357154479484,1.3412357154479484,0.023433709609599895,-5,-0.022222222222222143,-320,0.18078525619779684,236.54545454545453,38.53065753718633,5.038661616161615,0.9075782634585815
RHF_MPM_P44,1038,0.0519,51.9,0,255,4.338125,27.907576467012554,62469,244.9764705882353,7,210,255,0.7182158814404507,108,108,216,0.015,19,17,0.6687306501547987,69.00462962962963,59.27777777777778,0.06145833333333333,0.006111111111111111,0.01902777777777778,0.013888888888888888,0.010694444444444444,1,70.43757703821095,60.293105380268614,8.174554265962946,4.398675807967858,0.8428850545344051,-140.15263287715013,-0.8373172586906823,0.8373172586906823,0.020826329859610367,2,0.04409722222222179,635,0.17505801116460984,226.8181818181818,27.36559944634598,4.817651515151514,0.7397324272457307
RHF_MPM_P44,1039,0.05195,51.95,0,255,4.291458333333333,27.720800139484865,61797,242.34117647058824,7,207,255,0.708911581062565,109,109,214,0.014861111111111111,19,17,0.6625386996904025,69.00467289719626,59.25233644859813,0.06055555555555556,0.0060416666666666665,0.018819444444444444,0.013680555555555555,0.010555555555555556,1,70.3694515915012,60.30365551725812,8.086332020991126,4.3335481940705805,0.8442749591885089,-140.29936566038782,-1.01855945484333,1.01855945484333,0.021214622069032477,-2,-0.046666666666666856,-672,0.06893752156771699,219.8181818181818,18.44805080523134,4.621433080808081,0.5400755324968018
RHF_MPM_P44,1040,0.052,52.0,0,255,4.20125,27.480837739813257,60498,237.24705882352941,6,203,255,0.6992096301075186,109,109,212,0.014722222222222222,19,17,0.6563467492260062,68.86320754716981,59.193396226415096,0.059930555555555556,0.0060416666666666665,0.01840277777777778,0.013472222222222222,0.010416666666666666,1,70.19113028529868,60.13792191477404,7.966058301503575,4.346828827678803,0.8380009840488415,-140.66242365318752,-1.1394063105045737,1.1394063105045737,0.02228172832159741,-2,-0.090208333333333,-1299,0.2434463292763405,214.63636363636363,9.956932050976777,4.456950757575758,0.3244283334718637
RHF_MPM_P44,1041,0.05205,52.05,0,255,4.208888888888889,27.540691690032627,60608,237.67843137254903,6,207,255,0.7005780341985051,109,109,213,0.014791666666666667,19,17,0.6594427244582043,68.89201877934272,59.183098591549296,0.060069444444444446,0.0060416666666666665,0.01826388888888889,0.013472222222222222,0.010486111111111111,1,70.21251319957761,60.18032272967265,8.066676648041224,4.313350563416699,0.8450342263966701,-140.55830138703354,-1.200467057510499,1.200467057510499,0.023016763463569165,1,0.007638888888888751,110,0.04748745231244319,212.1818181818182,5.905593370513351,4.352784090909091,0.16347772387217877
RHF_MPM_P44,1042,0.0521,52.1,0,255,4.223888888888889,27.652775355767517,60824,238.52549019607844,6,208,255,0.6984471755105064,109,109,213,0.014791666666666667,19,17,0.6594427244582043,68.89201877934272,59.183098591549296,0.05986111111111111,0.0061805555555555555,0.01826388888888889,0.01361111111111111,0.010625,1,70.09132908062607,60.051887412863344,7.958689047309505,4.275820333715343,0.8434218757795301,-140.70807325072593,-1.0676699072001403,1.0676699072001403,0.02178416414573195,0,0.015000000000000568,216,0.17658205257038506,212.27272727272728,5.909790168416366,4.298263888888888,0.0714865159991516
RHF_MPM_P44,1043,0.05215,52.15,0,255,4.165486111111111,27.481259582412125,59983,235.22745098039215,4,204,255,0.6811600401965447,109,109,211,0.014652777777777778,19,17,0.653250773993808,68.85781990521328,59.156398104265406,0.058125,0.005833333333333334,0.018333333333333333,0.01375,0.010347222222222223,1,70.04222863144558,60.02817464948402,7.6255036509507335,4.331319103552575,0.8230255642479497,-141.1216836093453,-1.237875958772618,1.237875958772618,0.01988896854108664,-2,-0.05840277777777825,-841,0.05452659219875376,212.8181818181818,5.474206988118036,4.271066919191918,0.05879223110776379
RHF_MPM_P44,1044,0.0522,52.2,0,255,4.1461805555555555,27.425400445180575,59705,234.13725490196077,4,203,255,0.678159227921961,108,108,210,0.014583333333333334,19,17,0.6501547987616099,68.83333333333333,59.2,0.057569444444444444,0.005902777777777778,0.018125,0.013541666666666667,0.010277777777777778,1,70.00306506992715,60.03413449459844,7.685612992998917,4.276122543208937,0.8309278692289845,-141.24728995770897,-0.947239884103465,0.947239884103465,0.019328364458588057,-1,-0.019305555555555465,-278,0.0396144456555452,213.9090909090909,3.0882341366296417,4.259545454545454,0.06885742018370768
RHF_MPM_P44,1045,0.05225,52.25,0,255,4.152916666666667,27.491399257944696,59802,234.51764705882354,4,208,255,0.6757128796152457,108,108,211,0.014652777777777778,19,17,0.653250773993808,68.64454976303317,59.161137440758296,0.0575,0.006111111111111111,0.018055555555555554,0.01361111111111111,0.010277777777777778,1,69.89169258553225,59.946991739406705,7.59817422179574,4.342382019044659,0.8205997327133281,-140.72169486847872,-1.02939108675034,1.02939108675034,0.020684926925520885,1,0.006736111111111498,97,0.1414131891398289,213.9090909090909,3.0882341366296417,4.244166666666666,0.07199237415189835
RHF_MPM_P44,1046,0.0523,52.3,0,255,4.108888888888889,27.40306053241517,59168,232.0313725490196,3,203,255,0.660465486559934,109,109,209,0.014513888888888889,19,17,0.6470588235294118,68.77990430622009,59.20574162679426,0.05590277777777778,0.005763888888888889,0.018194444444444444,0.01361111111111111,0.010347222222222223,1,69.83817266089778,60.0305739588967,7.587056379522607,4.194300030692651,0.8332986377380341,-140.40179075607028,-0.6850342858923185,0.6850342858923185,0.018827744726879394,-2,-0.044027777777778,-634,0.09924902895118755,212.9090909090909,2.7120788891229632,4.222487373737374,0.0735421931655177
RHF_MPM_P44,1047,0.05235,52.35,0,255,4.046875,27.112227355546047,58275,228.52941176470588,2,201,255,0.6416037579815596,109,109,206,0.014305555555555556,18,17,0.673202614379085,68.61650485436893,59.150485436893206,0.05368055555555556,0.005555555555555556,0.017986111111111112,0.013333333333333334,0.010069444444444445,1,69.70989274989275,59.87574431574431,7.335343929500416,4.186235169665449,0.8211629601637043,-140.03405319266147,-0.7816076959675375,0.7816076959675375,0.016336336336336337,-3,-0.062013888888889035,-893,0.20106703848755678,211.72727272727272,2.631657241114569,4.197998737373738,0.08254180496577752
RHF_MPM_P44,1048,0.0524,52.4,0,255,4.050972222222223,27.055127089565882,58334,228.76078431372548,4,200,255,0.6707155482413522,106,106,208,0.014444444444444444,18,17,0.6797385620915033,68.58173076923077,59.12019230769231,0.056875,0.005694444444444445,0.017777777777777778,0.013194444444444444,0.010069444444444445,1,69.71769465491823,59.806270785476734,7.560474888369766,4.33276917306828,0.8194982980126578,-139.6550399883708,-1.064074808725706,1.064074808725706,0.020039770974046012,2,0.004097222222222641,59,0.0699102362309485,211.1818181818182,2.7242407388675813,4.175902777777778,0.08632355575425711
RHF_MPM_P44,1049,0.05245,52.45,0,255,3.954375,26.70056572483141,56943,223.30588235294118,3,193,255,0.6529586668060121,108,108,202,0.014027777777777778,18,17,0.6601307189542484,68.46039603960396,58.94059405940594,0.05520833333333333,0.005416666666666667,0.017013888888888887,0.012916666666666667,0.009791666666666667,1,69.6302969636303,59.70897213002476,7.482343852520385,4.496255432974695,0.7993126526918772,-139.56428894126913,-0.9932343178695612,0.9932343178695612,0.01989709007252867,-6,-0.09659722222222245,-1391,0.13078755596471095,209.9090909090909,3.369773271427389,4.141016414141414,0.09112438250576746
RHF_MPM_P44,1050,0.0525,52.5,0,255,4.048055555555556,27.08101367701534,58292,228.59607843137255,3,202,255,0.6632034474725764,107,107,207,0.014375,18,17,0.6764705882352942,68.58937198067633,59.091787439613526,0.05597222222222222,0.005694444444444445,0.017847222222222223,0.013194444444444444,0.010069444444444445,1,69.68321553557949,59.74128525355109,7.472917021011846,4.448398531737112,0.8035262218221064,-139.6530882203049,-0.9644454589754837,0.9644454589754837,0.018784738900706786,5,0.09368055555555577,1349,0.06200413864549373,209.27272727272728,3.1934851036818723,4.118888888888889,0.08088332394971011
RHF_MPM_P44,1051,0.05255,52.55,0,255,3.922222222222222,26.593794818331325,56480,221.49019607843138,2,186,255,0.6326067294865756,107,107,202,0.014027777777777778,18,17,0.6601307189542484,68.45049504950495,58.96534653465346,0.05305555555555556,0.005277777777777778,0.017222222222222222,0.012847222222222222,0.00951388888888889,1,69.46221671388102,59.69936260623229,7.366554147104747,4.118104352678827,0.8291492972643438,-138.45298077548608,-1.0714834832976647,1.0714834832976647,0.018325070821529746,-5,-0.1258333333333339,-1812,0.2249399643245497,208.36363636363637,3.6747968966195885,4.0935227272727275,0.09379852415610755
RHF_MPM_P44,1052,0.0526,52.6,0,255,3.8468055555555556,26.408971083410528,55394,217.2313725490196,1,184,255,0.6243788945394153,108,108,196,0.01361111111111111,17,17,0.6782006920415224,68.23469387755102,58.816326530612244,0.05215277777777778,0.005277777777777778,0.017013888888888887,0.012569444444444444,0.009375,1,69.25470267538,59.47600823193848,7.247458873441767,4.293329126020933,0.8056506373487198,-138.8273096833455,-0.46465468545280686,0.46465468545280686,0.016193089504278443,-6,-0.07541666666666647,-1086,0.3048757987954802,206.8181818181818,4.80185914408882,4.060606060606061,0.10971915787702882
RHF_MPM_P44,1053,0.05265,52.65,0,255,3.747847222222222,26.101063507046625,53969,211.64313725490197,0,172,255,0.6000523464559083,108,108,192,0.013333333333333334,17,16,0.7058823529411765,68.11458333333333,58.661458333333336,0.05,0.005069444444444444,0.016527777777777777,0.012222222222222223,0.009236111111111112,1,69.03190720598862,59.222905742185326,6.942663541210929,4.341763029821736,0.7803249598602492,-139.22071722622442,-0.5619889427699091,0.5619889427699091,0.016268598639959976,-4,-0.09895833333333348,-1425,0.3371923657210721,204.9090909090909,5.991729837557847,4.017329545454545,0.128973786706871
RHF_MPM_P44,1054,0.0527,52.7,0,255,3.940347222222222,26.896302614372136,56741,222.51372549019607,1,192,255,0.612939491455771,109,109,204,0.014166666666666666,18,17,0.6666666666666666,68.58333333333333,58.8578431372549,0.051041666666666666,0.005486111111111111,0.017708333333333333,0.013125,0.009722222222222222,1,69.32849262438096,59.36888669568742,7.12597654460602,4.146087359968016,0.8133123922129979,-139.71278526931073,-0.3334561950591817,0.3334561950591817,0.013922912884862798,12,0.1924999999999999,2772,0.3305651965775292,204.27272727272728,5.674358739755358,3.996862373737373,0.12148496655089754
RHF_MPM_P44,1055,0.05275,52.75,0,255,4.001666666666667,26.93791983431534,57624,225.9764705882353,1,191,255,0.6223571231244786,105,105,210,0.014583333333333334,19,17,0.6501547987616099,68.81428571428572,59.076190476190476,0.051597222222222225,0.005277777777777778,0.01826388888888889,0.012986111111111111,0.009722222222222222,1,69.56143273635985,59.552408718589476,7.38453798609469,4.131587977119893,0.8288359291137525,-141.75791900970592,-0.2534007426536741,0.2534007426536741,0.011210606691656255,6,0.061319444444444926,883,0.296549201075977,204.27272727272728,5.674358739755358,3.983724747474747,0.11207674335986424
RHF_MPM_P44,1056,0.0528,52.8,0,255,3.881388888888889,26.392856530674457,55892,219.1843137254902,1,182,255,0.608905732067546,106,106,201,0.013958333333333333,18,17,0.6568627450980392,68.49253731343283,59.049751243781095,0.050208333333333334,0.005,0.017708333333333333,0.012430555555555556,0.009166666666666667,1,69.54066771631003,59.65853789451084,7.2273781458513096,4.089351343305574,0.8245329461199703,-141.28602782138182,-0.7575685753969609,0.7575685753969609,0.012756745151363344,-9,-0.12027777777777793,-1732,0.10814151857366376,203.36363636363637,5.313323344073621,3.959040404040404,0.10149670748699668
RHF_MPM_P44,1057,0.05285,52.85,0,255,3.8013194444444443,26.093398716771254,54739,214.6627450980392,1,172,255,0.6096143399589118,107,107,194,0.013472222222222222,17,17,0.671280276816609,68.11855670103093,58.75773195876289,0.050486111111111114,0.005069444444444444,0.017152777777777777,0.012361111111111111,0.009027777777777777,1,69.22404501361004,59.51374705420267,7.089968426674425,4.290156852149704,0.796147659384437,-139.3470273756326,-1.1466206880076015,1.1466206880076015,0.01689837227570836,-7,-0.08006944444444475,-1153,0.34815847440812403,202.0,5.608435205522611,3.9310795454545446,0.09869089710291158
RHF_MPM_P44,1058,0.0529,52.9,0,255,3.810625,26.140348461046397,54873,215.18823529411765,1,174,255,0.6305738460874573,106,106,196,0.01361111111111111,17,17,0.6782006920415224,68.17857142857143,58.9030612244898,0.05291666666666667,0.005069444444444444,0.017152777777777777,0.012430555555555556,0.009097222222222222,1,69.20286844167441,59.59021741111293,7.508762301095631,4.344378978119633,0.8156294856914531,-137.40537509866982,-0.559048849384074,0.559048849384074,0.018770615785541157,2,0.009305555555555678,134,0.07934836283709869,201.0909090909091,5.6961637082983785,3.9096022727272737,0.09684360842766823
RHF_MPM_P44,1059,0.05295,52.95,0,255,3.6818055555555556,25.61619771997511,53018,207.91372549019607,1,166,255,0.6150316960712303,104,104,193,0.013402777777777777,17,17,0.6678200692041523,68.09326424870466,58.870466321243526,0.051180555555555556,0.004652777777777777,0.016875,0.011805555555555555,0.008680555555555556,1,69.15821041910294,59.608548040288206,7.307705448118296,4.131007219745528,0.8248890184449829,-137.41123681458768,-1.3910592429512312,1.3910592429512312,0.018804934173299634,-3,-0.12881944444444438,-1855,0.048273708640989996,199.72727272727272,5.674358739755357,3.876041666666667,0.10560731469565854
RHF_MPM_P44,1060,0.053,53.0,0,255,3.640138888888889,25.464492162456743,52418,205.5607843137255,0,159,255,0.5960323561142821,102,102,189,0.013125,17,17,0.6539792387543253,67.88888888888889,58.61904761904762,0.049166666666666664,0.004791666666666666,0.016666666666666666,0.01173611111111111,0.008680555555555556,1,68.95057041474303,59.49923690335381,7.242787196613165,4.173965383957473,0.8172433693453642,-135.35489443544202,-1.4800732712151004,1.4800732712151004,0.016959822961578084,-4,-0.04166666666666652,-600,0.23465569685919851,198.54545454545453,6.386970207363745,3.8474747474747475,0.12181177952755741
RHF_MPM_P44,1061,0.05305,53.05,0,255,3.660277777777778,25.68335507095242,52708,206.69803921568626,0,166,255,0.5893247419459131,107,107,188,0.013055555555555556,16,16,0.734375,67.85106382978724,58.53191489361702,0.04868055555555555,0.004861111111111111,0.01659722222222222,0.012013888888888888,0.008680555555555556,1,68.86620626849815,59.32169689610685,7.100173093361613,4.126247158441776,0.8137983136310032,-136.41187220339478,-0.7227042280898014,0.7227042280898014,0.015652272899749565,-1,0.02013888888888893,290,0.1965649087321499,196.8181818181818,6.43595273470104,3.812222222222222,0.11455808567878707
RHF_MPM_P44,1062,0.0531,53.1,0,255,3.651388888888889,25.69417623733892,52580,206.19607843137254,0,169,255,0.5822638554968422,105,105,194,0.013472222222222222,17,16,0.7132352941176471,68.0979381443299,58.649484536082475,0.04798611111111111,0.004791666666666666,0.016527777777777777,0.012013888888888888,0.008680555555555556,1,68.86177253708634,59.23198934956257,6.8114527392536015,4.116725350102838,0.7966940111448396,-136.830520894079,-0.9520356517498084,0.9520356517498084,0.01504374286801065,6,-0.008888888888888946,-128,0.08981704671846354,196.0909090909091,6.258877992021274,3.7876010101010107,0.11734108057666284
RHF_MPM_P44,1063,0.05315,53.15,0,255,3.6172222222222223,25.56831009614909,52088,204.26666666666668,0,165,255,0.5791781599102278,106,106,188,0.013055555555555556,17,16,0.6911764705882353,67.94148936170212,58.558510638297875,0.04756944444444444,0.004722222222222222,0.016527777777777777,0.01173611111111111,0.008680555555555556,1,68.76750883120873,59.135309476270926,6.637533951418459,4.310448550082144,0.7604426254646406,-137.42743452653409,-0.7267157325145538,0.7267157325145538,0.01432191675625864,-6,-0.03416666666666668,-492,0.13502830868180263,195.36363636363637,6.677951880802531,3.766729797979798,0.12511459903441194
RHF_MPM_P44,1064,0.0532,53.2,0,255,3.705277777777778,25.96179778765877,53356,209.23921568627452,0,173,255,0.5836749339179692,107,107,195,0.013541666666666667,17,16,0.7169117647058824,68.0923076923077,58.57435897435897,0.048125,0.005,0.016944444444444446,0.012291666666666666,0.008958333333333334,1,68.78604093260364,59.058550116200614,6.73788564702974,4.422398997361856,0.7544581257536912,-135.6794098776185,-0.272615737861702,0.272615737861702,0.013737911387660244,7,0.08805555555555555,1268,0.07896479051143679,195.63636363636363,6.595766235351657,3.7628598484848492,0.12629163555639392
RHF_MPM_P44,1065,0.05325,53.25,0,255,3.6460416666666666,25.674023396950325,52503,205.89411764705883,0,171,255,0.583918541811101,107,107,189,0.013125,17,16,0.6948529411764706,67.97354497354497,58.407407407407405,0.048125,0.004791666666666666,0.016458333333333332,0.011944444444444445,0.008680555555555556,1,68.80262080262081,58.9837533093347,6.571854838768379,4.316864461773012,0.754002499537073,-136.7356022991217,-0.7851277196341488,0.7851277196341488,0.014913433518084681,-6,-0.05923611111111127,-853,0.07661236458381056,194.27272727272728,6.268114245795709,3.7361047979797988,0.11666420697918727
RHF_MPM_P44,1066,0.0533,53.3,0,255,3.6530555555555555,25.776238877376585,52604,206.29019607843136,0,173,255,0.5778403155025684,104,104,192,0.013333333333333334,16,16,0.75,67.94791666666667,58.317708333333336,0.04756944444444444,0.004930555555555555,0.01659722222222222,0.012083333333333333,0.008819444444444444,1,68.66242110866094,58.877062580792334,6.531950364000078,4.294605873369523,0.7534747821514984,-138.8623513165365,-0.14795785638264286,0.14795785638264286,0.014846779712569386,3,0.007013888888888875,101,0.17617850533859966,192.63636363636363,3.8203457071728533,3.704412878787879,0.08259530280225022
RHF_MPM_P44,1067,0.05335,53.35,0,255,3.652222222222222,25.657379717161636,52592,206.24313725490197,0,170,255,0.5987361003589823,107,107,190,0.013194444444444444,16,16,0.7421875,67.90526315789474,58.31578947368421,0.04986111111111111,0.004930555555555555,0.016666666666666666,0.011944444444444445,0.008680555555555556,1,68.7006769090356,58.92873440827502,6.847587517844478,4.442964841703507,0.7609278368701217,-136.8472026512925,-0.23515279382221,0.23515279382221,0.015648767873440828,-2,-0.0008333333333334636,-12,0.06429217695572316,191.63636363636363,2.8049542946439114,3.683579545454545,0.06154885378216037
RHF_MPM_P44,1068,0.0534,53.4,0,255,3.578263888888889,25.419991307965258,51527,202.06666666666666,0,165,255,0.5790489570066036,106,106,187,0.012986111111111111,16,16,0.73046875,67.9090909090909,58.27807486631016,0.04791666666666667,0.004652777777777777,0.01625,0.01173611111111111,0.008611111111111111,1,68.69524715197858,58.85755041046442,6.333525817153887,4.416650641505653,0.7167359162577842,-137.6429984997769,-1.1656075268368513,1.1656075268368513,0.01593339414287655,-3,-0.07395833333333313,-1065,0.07139078236017382,191.0,2.9848100289785457,3.6633017676767676,0.05590292571374773
RHF_MPM_P44,1069,0.05345,53.45,0,255,3.5661805555555555,25.41958853414385,51353,201.3843137254902,0,165,255,0.5747859918183696,107,107,183,0.012708333333333334,16,15,0.7625,67.79781420765028,58.22950819672131,0.0475,0.004652777777777777,0.016319444444444445,0.01173611111111111,0.008541666666666666,1,68.60962358576909,58.831071212976845,6.517047112514063,4.372476705537842,0.7415214842080273,-137.11915273515635,-0.43830126669478914,0.43830126669478914,0.013689560493057855,-4,-0.012083333333333446,-174,0.08962445531224839,189.8181818181818,3.3253347560312516,3.6410795454545455,0.03893211391549646
RHF_MPM_P44,1070,0.0535,53.5,0,255,3.533541666666667,25.228406332301457,50883,199.54117647058823,0,156,255,0.5725121376254316,107,107,183,0.012708333333333334,16,15,0.7625,67.73770491803279,58.15300546448088,0.04715277777777778,0.004583333333333333,0.016319444444444445,0.011458333333333333,0.008472222222222223,1,68.52011477310693,58.64565768527799,6.371177147751709,4.531303190784691,0.7029703562251025,-136.87460138065265,-0.2650870980106871,0.2650870980106871,0.014169762003026552,0,-0.03263888888888866,-470,0.2058883284645442,188.9090909090909,3.679292062699648,3.62760101010101,0.047271182688657265
RHF_MPM_P44,1071,0.05355,53.55,0,255,3.5738194444444447,25.436300517625504,51463,201.8156862745098,0,159,255,0.580743556499498,109,109,180,0.0125,15,15,0.8,67.37222222222222,57.833333333333336,0.048125,0.004930555555555555,0.01611111111111111,0.011805555555555555,0.008611111111111111,1,68.25251151312594,58.426792064201464,6.449648574862817,4.46765268562361,0.7212286502419746,45.36240052484044,0.5254890400555429,0.5254890400555429,0.016166954899636633,-3,0.04027777777777786,580,0.34570748450339434,188.0909090909091,4.4813663795877225,3.6215719696969697,0.049465899760681206
RHF_MPM_P44,1072,0.0536,53.6,0,255,3.542708333333333,25.623244837417914,51015,200.05882352941177,0,167,255,0.5312784948516689,108,108,184,0.012777777777777779,16,15,0.7666666666666667,67.41304347826087,57.875,0.043472222222222225,0.005138888888888889,0.016180555555555556,0.011666666666666667,0.008958333333333334,1,68.00047044986769,58.353445065176906,5.831416460816121,3.9333505047739195,0.7382654308031308,-140.73693516899564,-1.145958036500248,1.145958036500248,0.013780260707635009,4,-0.031111111111111533,-448,0.26249662823407105,187.72727272727272,4.633689068136239,3.6108838383838378,0.052553317974263734
RHF_MPM_P44,1073,0.05365,53.65,0,12,0.01986111111111111,0.34923723652632344,286,23.833333333333332,0,0,6,0.05901956972915378,3,8,9,0.000625,89,107,0.0009450803318282054,89.66666666666667,67.55555555555556,0.004791666666666666,0.0,0.0,0.0,0.0,0,86.36713286713287,60.35664335664335,33.87713800017095,26.353512286248993,0.6283703057496013,109.84180926145346,-0.31928685300400095,0.31928685300400095,0.0,-175,-3.522847222222222,-50729,18.47558095824635,170.9090909090909,51.371117717421626,3.280744949494949,1.0324408583845148
RHF_MPM_P44,1074,0.0537,53.7,0,255,3.0044444444444443,22.331370740189737,43264,169.6627450980392,0,100,255,0.5982165613149671,107,107,140,0.009722222222222222,13,14,0.7692307692307693,64.57857142857142,54.885714285714286,0.049791666666666665,0.0036805555555555554,0.012708333333333334,0.008888888888888889,0.006597222222222222,1,64.09525240384616,53.498104659763314,6.595557005571733,5.149550049035763,0.6248304740380983,69.22258766058752,-1.42594215596807,1.42594215596807,0.016156619822485205,131,2.984583333333333,42978,23.303995632241545,166.54545454545453,51.77111099719898,3.225037878787879,1.0293097574992178
RHF_MPM_P44,1075,0.05375,53.75,0,255,5.088888888888889,27.46280846463872,73280,287.37254901960785,21,187,255,1.0005053449982935,110,110,191,0.01326388888888889,17,18,0.6241830065359477,62.39267015706806,52.769633507853406,0.08833333333333333,0.005694444444444445,0.0225,0.012291666666666666,0.00951388888888889,1,58.895987991266374,46.14993176855895,14.569690776680623,4.314406894660879,0.9551501052806904,61.161245519424796,-1.2474268039472498,1.2474268039472498,0.02146561135371179,51,2.0844444444444443,30016,9.001555158468415,166.1818181818182,51.583679910004975,3.3508207070707074,1.1569371812202216
RHF_MPM_P44,1076,0.0538,53.8,0,255,5.928194444444444,30.268655580135338,85366,334.7686274509804,25,240,255,1.108515445005128,114,114,228,0.015833333333333335,19,18,0.6666666666666666,61.39473684210526,51.89912280701754,0.10076388888888889,0.007847222222222222,0.022916666666666665,0.015277777777777777,0.012361111111111111,1,56.84435255253848,44.95450179228264,16.77618716243993,4.413419652306439,0.964774991868213,55.19069402613585,-1.3021551143147323,1.3021551143147323,0.021858819670594852,37,0.8393055555555557,12086,2.3745022218612823,169.72727272727272,54.298988621237285,3.558289141414141,1.3752938647156219
RHF_MPM_P44,1077,0.05385,53.85,0,255,5.806180555555556,30.697701743881233,83609,327.878431372549,25,245,255,1.0212210056097513,113,113,244,0.016944444444444446,20,19,0.6421052631578947,61.09016393442623,51.74590163934426,0.09166666666666666,0.008194444444444445,0.02125,0.01611111111111111,0.012708333333333334,1,57.39197933236853,46.3409680775993,15.751489581196985,4.296002661312404,0.9620888326816646,53.73858044454145,-1.4295048213226225,1.4295048213226225,0.01851475319642622,16,-0.12201388888888864,-1757,1.4906991146126032,174.45454545454547,58.158660163952504,3.7540277777777775,1.5204171300447828
RHF_MPM_P44,1078,0.0539,53.9,0,255,5.775,31.482008751031128,83160,326.11764705882354,20,248,255,0.9565113870377978,109,109,279,0.019375,22,20,0.634090909090909,60.659498207885306,51.401433691756274,0.08520833333333333,0.008472222222222223,0.023819444444444445,0.017569444444444443,0.013472222222222222,1,58.29848484848485,48.01246993746994,14.782568289953195,4.47990837036961,0.9529735591207332,50.77846446710071,-2.0099892065406952,2.0099892065406952,0.04567099567099567,35,-0.031180555555555323,-449,1.9014917087119563,182.54545454545453,65.48749170832498,3.9470075757575755,1.6262802472292976
RHF_MPM_P44,1079,0.05395,53.95,0,255,6.063541666666667,33.18673268560022,87315,342.4117647058824,16,253,255,0.8691043202754027,106,106,313,0.021736111111111112,25,21,0.5961904761904762,59.90415335463259,50.73801916932907,0.07548611111111111,0.009583333333333333,0.02715277777777778,0.02,0.014861111111111111,1,59.33617362423409,49.76340834908091,10.576676488435663,4.626676265710602,0.8992469147492962,46.05815345391497,-1.9798871284614614,1.9798871284614614,0.017728912557979728,34,0.28854166666666625,4155,2.035333711353185,194.0,75.5164039975903,4.172941919191919,1.7287645855878677
RHF_MPM_P44,1080,0.054,54.0,0,255,6.3654166666666665,33.937196057059246,91662,359.45882352941175,18,255,255,0.8870892880102365,109,109,325,0.022569444444444444,25,22,0.5909090909090909,59.97538461538461,50.79076923076923,0.07680555555555556,0.010138888888888888,0.028819444444444446,0.020902777777777777,0.015416666666666667,1,59.26020597412232,49.892692718902055,9.49490768497593,4.737411115857285,0.8666352043150538,-138.11247769446382,0.863279747842691,0.863279747842691,0.007374920905064258,12,0.3018749999999999,4347,0.149951766056804,206.9090909090909,84.17347298121308,4.42741792929293,1.82411484499985
RHF_MPM_P44,1081,0.05405,54.05,0,255,6.651458333333333,34.53002484691865,95781,375.61176470588236,21,255,255,0.936593435424565,109,109,336,0.023333333333333334,26,22,0.5874125874125874,59.57440476190476,50.720238095238095,0.08145833333333333,0.010138888888888888,0.029583333333333333,0.021597222222222223,0.01611111111111111,1,58.58932356104029,49.596454411626524,10.153828850256055,4.587050461703157,0.8921416657496627,-138.85545066372057,0.8971985262322765,0.8971985262322765,0.010753698541464383,11,0.28604166666666675,4119,0.7333759928442185,220.8181818181818,91.40401640451054,4.7108648989898985,1.9037026496283087
RHF_MPM_P44,1082,0.0541,54.1,0,255,6.626111111111111,33.95636393289496,95416,374.18039215686275,22,253,255,1.0124211575155917,109,109,323,0.022430555555555554,26,21,0.5915750915750916,59.975232198142415,51.1640866873065,0.08944444444444444,0.009652777777777777,0.029791666666666668,0.020833333333333332,0.015486111111111112,1,58.34444956820659,49.46758405298902,10.954896527303514,4.674358443034093,0.9043973579431389,-137.92527774730866,1.073994116200715,1.073994116200715,0.015993124842793662,-13,-0.025347222222221966,-365,0.2767143684409551,233.8181818181818,94.78091309753934,4.98834595959596,1.9398515434907224
RHF_MPM_P44,1083,0.05415,54.15,0,255,6.060069444444444,31.858385691746307,87265,342.2156862745098,21,247,255,0.9877416151279756,107,107,290,0.02013888888888889,24,19,0.6359649122807017,60.50344827586207,51.66206896551724,0.08673611111111111,0.008263888888888888,0.027708333333333335,0.01826388888888889,0.013055555555555556,1,58.44482896923165,49.535655761187186,11.187712674487441,4.629201192346392,0.9103789603151934,-139.32364461395395,1.0914230416157762,1.0914230416157762,0.018827708703374777,-33,-0.566041666666667,-8151,0.12128388848963466,243.45454545454547,94.61439793985195,5.217196969696969,1.9039644421588884
RHF_MPM_P44,1084,0.0542,54.2,0,255,5.244375,29.467419678791718,75519,296.15294117647056,17,222,255,0.9134748078815691,108,108,244,0.016944444444444446,22,18,0.6161616161616161,61.3155737704918,52.39344262295082,0.0798611111111111,0.006736111111111111,0.02277777777777778,0.015555555555555555,0.01138888888888889,1,58.91320065149168,50.00642222487056,11.41333118405987,4.418387614684576,0.922027176183412,-139.61374235130302,1.375260640124956,1.375260640124956,0.023477535454653795,-46,-0.8156944444444445,-11746,0.6640731104871203,264.8181818181818,59.146686961421565,5.692152777777778,0.9715457210745811
RHF_MPM_P44,1085,0.05425,54.25,0,255,4.43625,27.028937010868553,63882,250.51764705882354,14,191,255,0.8424295267298015,108,108,204,0.014166666666666666,19,17,0.631578947368421,62.220588235294116,53.083333333333336,0.07395833333333333,0.005347222222222222,0.01902777777777778,0.013055555555555556,0.009583333333333333,1,59.52196236811621,50.45610657149118,11.637515507962481,4.367321171558031,0.926911692603016,-139.220033493599,1.7078130962871594,1.7078130962871594,0.027942143326758713,-40,-0.8081249999999995,-11637,0.7568400354257603,270.6363636363636,48.83045384942163,5.822316919191919,0.6431497726651243
RHF_MPM_P44,1086,0.0543,54.3,0,255,4.025347222222222,25.835940390310142,57965,227.31372549019608,11,165,255,0.7898353710645837,106,106,193,0.013402777777777777,18,17,0.630718954248366,62.5440414507772,53.37823834196891,0.06944444444444445,0.005069444444444444,0.017361111111111112,0.012152777777777778,0.008611111111111111,1,60.13623738462866,50.91051496592772,11.616180316404831,4.3621121199950075,0.9268141482082229,-139.01477802993034,2.111462678467643,2.111462678467643,0.03101871819201242,-11,-0.4109027777777783,-5917,0.7640816611107428,270.8181818181818,48.53643089440078,5.725631313131313,0.8055721950859762
RHF_MPM_P44,1087,0.05435,54.35,0,255,3.7504166666666667,25.256218977681737,54006,211.78823529411764,7,154,255,0.7316693402341167,101,101,190,0.013194444444444444,18,16,0.6597222222222222,62.66315789473684,53.51052631578948,0.06354166666666666,0.004583333333333333,0.016180555555555556,0.011458333333333333,0.008402777777777778,1,60.78570899529682,51.549679665222385,11.029872549130873,4.0406648998815,0.9304817250144601,-138.52109601466904,2.489467369412561,2.489467369412561,0.029163426285968224,-3,-0.27493055555555523,-3959,0.9112326189773626,267.3636363636364,52.63989625451355,5.527651515151515,0.9801529217146661
RHF_MPM_P44,1088,0.0544,54.4,0,255,3.5011805555555555,24.559117988723987,50417,197.71372549019608,3,143,255,0.6624016504614775,104,104,179,0.012430555555555556,17,16,0.6580882352941176,63.02793296089386,53.70391061452514,0.05638888888888889,0.004166666666666667,0.015694444444444445,0.010833333333333334,0.00798611111111111,1,61.46268123847115,52.088759743737235,10.27687099265086,4.014144059785984,0.9205605754226843,-137.9939124273864,2.82484080397745,2.82484080397745,0.023285796457544083,-11,-0.2492361111111112,-3589,0.8653893627033186,261.45454545454544,58.27733636572881,5.318106060606061,1.132724033646881
RHF_MPM_P44,1089,0.05445,54.45,0,255,3.238611111111111,23.72794316749508,46636,182.8862745098039,0,131,255,0.5881588925265961,102,102,166,0.011527777777777777,16,15,0.6916666666666667,63.397590361445786,54.144578313253014,0.04888888888888889,0.0038888888888888888,0.014583333333333334,0.010138888888888888,0.0075,1,62.01020670726477,52.678595934471225,9.6406912318378,3.8885600349737746,0.9150463629410115,-138.13750080029658,3.1960581747455805,3.1960581747455805,0.019770134659919374,-13,-0.2625694444444444,-3781,0.8047924396248145,251.1818181818182,63.96137780910969,5.087525252525253,1.2665057755288318
RHF_MPM_P44,1090,0.0545,54.5,0,255,3.0988194444444446,23.49982621083871,44623,174.9921568627451,0,129,255,0.5451606389990508,107,107,157,0.010902777777777779,15,14,0.7476190476190476,63.69426751592356,54.5859872611465,0.045,0.004097222222222223,0.01375,0.010069444444444445,0.007291666666666667,1,62.889855007507336,53.487887412321,7.976458866038514,4.138135754715491,0.8548995308443377,-137.98259638693648,3.1209416042884786,3.1209416042884786,0.01519395827263967,-9,-0.13979166666666654,-2013,1.1952965440592167,237.0,65.9462591123188,4.818005050505051,1.3432557426600265
RHF_MPM_P44,1091,0.05455,54.55,0,255,3.2713888888888887,24.46168973594536,47108,184.7372549019608,0,146,255,0.5036941377287282,101,101,172,0.011944444444444445,16,15,0.7166666666666667,63.325581395348834,54.116279069767444,0.04069444444444444,0.0043055555555555555,0.014930555555555556,0.010833333333333334,0.007916666666666667,1,63.103400696272395,53.71350938269509,6.325020138004423,3.926675402136741,0.7839560959632642,-140.2569348309722,1.4254229959841413,1.4254229959841413,0.008024114800033965,15,0.1725694444444441,2485,0.31065581389317043,223.0909090909091,61.931713928185815,4.536729797979798,1.313391213929745
RHF_MPM_P44,1092,0.0546,54.6,0,255,3.3993055555555554,24.87546201839994,48950,191.9607843137255,0,155,255,0.5231502413461702,107,107,174,0.012083333333333333,16,15,0.725,63.275862068965516,54.166666666666664,0.042152777777777775,0.004375,0.015625,0.01125,0.008125,1,63.0197139938713,53.65979570990807,6.210044649786282,4.341240375782828,0.7150556854138154,-138.78260924002828,0.6539365460372238,0.6539365460372238,0.007763023493360572,2,0.12791666666666668,1842,0.09944155470949007,208.36363636363637,51.75690156398596,4.241079545454546,1.1613126831353582
RHF_MPM_P44,1093,0.05465,54.65,0,255,3.437986111111111,24.930869170787407,49507,194.1450980392157,0,157,255,0.5302705969985061,108,108,175,0.012152777777777778,17,15,0.6862745098039216,63.22857142857143,54.21714285714286,0.042847222222222224,0.0045138888888888885,0.015555555555555555,0.011319444444444444,0.008125,1,62.99006201143273,53.683337709818815,6.322326750820391,4.27716762814352,0.7364261286109935,-138.60014413350459,0.7776929975155151,0.7776929975155151,0.008584644595713738,1,0.03868055555555561,557,0.0378611386824943,194.9090909090909,37.47351681934746,3.95125,0.8978605532358344
RHF_MPM_P44,1094,0.0547,54.7,0,255,3.4695833333333335,25.10995082396508,49962,195.9294117647059,0,164,255,0.538399926736995,109,109,174,0.012083333333333333,16,15,0.725,63.39655172413793,54.270114942528735,0.04375,0.004652777777777777,0.015625,0.011319444444444444,0.008402777777777778,1,63.12931828189424,53.7559745406509,6.292475468227354,4.324778145760124,0.7263797224723492,-140.48857629754656,0.8762241961736147,0.8762241961736147,0.01078819903126376,-1,0.0315972222222225,455,0.15706182876873453,184.36363636363637,22.60037299480104,3.7157512626262625,0.6062190141124723
RHF_MPM_P44,1095,0.05475,54.75,0,255,3.6075694444444446,25.69532947039986,51949,203.72156862745098,0,172,255,0.5476714202372256,108,108,185,0.012847222222222222,17,16,0.6801470588235294,63.34054054054054,54.11351351351351,0.04465277777777778,0.005,0.016527777777777777,0.011944444444444445,0.008541666666666666,1,63.15740437737011,53.641263546940266,6.195206321282693,4.468845510473673,0.6925818938122478,-139.80525067362777,0.4994695083340747,0.4994695083340747,0.010414059943406034,11,0.13798611111111114,1987,0.11809928381307018,179.0,12.598701231764833,3.5669507575757575,0.3660565909767862
RHF_MPM_P44,1096,0.0548,54.8,0,255,3.7021527777777776,25.932850698786435,53311,209.06274509803922,0,178,255,0.5583155308858428,107,107,192,0.013333333333333334,18,17,0.6274509803921569,63.260416666666664,54.005208333333336,0.04541666666666667,0.005069444444444444,0.016666666666666666,0.012013888888888888,0.008611111111111111,1,62.97368272964304,53.53094108157791,6.4739814130748154,4.264942526113819,0.7523338723899111,-138.82109973919015,0.8272715596173683,0.8272715596173683,0.00889122319971488,7,0.09458333333333302,1362,0.2143004671184375,177.9090909090909,10.774165611688877,3.500214646464646,0.25001442237885785
RHF_MPM_P44,1097,0.05485,54.85,0,255,3.7129861111111113,25.92852725870412,53467,209.67450980392158,0,179,255,0.5608647818407174,106,106,195,0.013541666666666667,18,17,0.6372549019607843,63.22051282051282,54.06153846153846,0.04541666666666667,0.004930555555555555,0.01673611111111111,0.012013888888888888,0.008611111111111111,1,62.90182729534105,53.56245908691342,6.531734723266486,4.178349876295176,0.768624792618108,-138.97538428273845,0.8476139852238914,0.8476139852238914,0.008883984513812258,3,0.010833333333333695,156,0.07846392864913596,178.0909090909091,11.04087072862829,3.4718181818181817,0.20185882739478914
RHF_MPM_P44,1098,0.0549,54.9,0,255,3.7666666666666666,26.064735115988935,54240,212.7058823529412,0,180,255,0.5721109779739799,106,106,199,0.013819444444444445,18,17,0.6503267973856209,63.32663316582914,54.17085427135678,0.04652777777777778,0.004861111111111111,0.017152777777777777,0.012083333333333333,0.008680555555555556,1,62.87758112094395,53.54293879056047,6.61344240180197,4.264405145653395,0.7643440001333658,-139.23094757390663,0.8528880090802113,0.8528880090802113,0.009494837758112095,4,0.05368055555555529,773,0.03112746283592003,178.9090909090909,12.168921259836434,3.4732954545454544,0.20394102439518894
RHF_MPM_P44,1099,0.05495,54.95,0,255,3.752013888888889,25.946078489818213,54029,211.87843137254902,0,173,255,0.5774202346184365,106,106,196,0.01361111111111111,18,17,0.6405228758169934,63.36224489795919,54.17857142857143,0.04701388888888889,0.004861111111111111,0.016944444444444446,0.012083333333333333,0.00875,1,62.88600566362509,53.540654093172186,6.702473687102284,4.157680303732636,0.7843486211987494,-139.26503917799766,0.7577163597784603,0.7577163597784603,0.010846027133576413,-3,-0.014652777777777626,-211,0.008728846518434754,180.45454545454547,13.12432603543121,3.4960984848484853,0.21923378605507188
RHF_MPM_P44,1100,0.055,55.0,0,255,3.7647222222222223,26.065911219457057,54212,212.59607843137255,0,176,255,0.5714575903686341,106,106,197,0.013680555555555555,18,17,0.6437908496732027,63.40609137055838,54.233502538071065,0.04638888888888889,0.004861111111111111,0.017083333333333332,0.012222222222222223,0.008958333333333334,1,62.97638899136722,53.639452519737326,6.562424863520932,4.314804499556373,0.7534531941326515,-138.70282050821396,0.7124227115992217,0.7124227115992217,0.011215229100568139,1,0.012708333333333321,183,0.13390397688451497,183.27272727272728,13.046008857403018,3.5439267676767674,0.2151941947623528
RHF_MPM_P44,1101,0.05505,55.05,0,255,3.750625,25.982343757047303,54009,211.8,0,173,255,0.5700649327084788,107,107,193,0.013402777777777777,18,16,0.6701388888888888,63.44559585492228,54.284974093264246,0.04625,0.004861111111111111,0.016944444444444446,0.012222222222222223,0.008958333333333334,1,62.946768131237384,53.613564405932344,6.697051238432605,4.125162417185995,0.7877719728548712,-139.73853468883175,0.8893179660476791,0.8893179660476791,0.010627858319909644,-4,-0.014097222222222427,-203,0.039339417779259984,186.54545454545453,10.263471292657597,3.603181818181818,0.16932347068962408
RHF_MPM_P44,1102,0.0551,55.1,0,255,3.7180555555555554,25.84311818125373,53540,209.9607843137255,0,170,255,0.5796954782618049,106,106,192,0.013333333333333334,17,16,0.7058823529411765,63.677083333333336,54.364583333333336,0.04756944444444444,0.005,0.017083333333333332,0.011805555555555555,0.008888888888888889,1,63.13959656331715,53.60670526709003,6.622997838787599,4.591155588780841,0.7207317046377437,-138.10292027976953,0.9566559372585316,0.9566559372585316,0.012159133358236832,-1,-0.03256944444444443,-469,0.19295038741603626,188.36363636363637,9.24684444723739,3.643787878787879,0.13495685130718077
RHF_MPM_P44,1103,0.05515,55.15,0,255,3.751875,26.051576047140234,54027,211.87058823529412,0,174,255,0.5737412264391688,108,108,192,0.013333333333333334,17,16,0.7058823529411765,63.609375,54.385416666666664,0.04645833333333333,0.005,0.017291666666666667,0.012222222222222223,0.009166666666666667,1,63.167823495659576,53.738871305088196,6.511216925155784,4.394453936088889,0.7379044773290242,-138.9700546279206,0.9454613882917932,0.9454613882917932,0.01132766949858404,0,0.033819444444444624,487,0.13514666592112862,190.0,8.079153871088684,3.6758396464646466,0.11320039123680493
RHF_MPM_P44,1104,0.0552,55.2,0,255,3.7671527777777776,26.05589646326598,54247,212.73333333333332,0,172,255,0.568755076647854,106,106,195,0.013541666666666667,18,16,0.6770833333333334,63.40512820512821,54.323076923076925,0.04618055555555556,0.004861111111111111,0.017430555555555557,0.012291666666666666,0.009027777777777777,1,62.99546518701495,53.694914004461076,6.4951213883943115,4.417935116454501,0.7330332115826395,-137.97024897874633,0.7356662977191902,0.7356662977191902,0.00993603332903202,3,0.015277777777777501,220,0.1778753238570741,191.8181818181818,6.617032867301035,3.7057638888888884,0.08679722182218376
RHF_MPM_P44,1105,0.05525,55.25,0,255,3.7470833333333333,25.94892804130944,53958,211.6,0,170,255,0.5743597506265326,106,106,196,0.01361111111111111,18,16,0.6805555555555556,63.57142857142857,54.33163265306123,0.04673611111111111,0.005,0.017083333333333332,0.012083333333333333,0.009027777777777777,1,63.091775084324844,53.71385151414063,6.472082239224971,4.444715126220616,0.7268918442630248,-138.74097461377735,0.6676263779146968,0.6676263779146968,0.010322843693242892,1,-0.02006944444444425,-289,0.09815409106453706,193.8181818181818,3.5372866287897677,3.7309911616161613,0.044514357603516935
RHF_MPM_P44,1106,0.0553,55.3,0,255,3.7534027777777776,25.98223663131309,54049,211.95686274509805,0,171,255,0.5755298522705136,107,107,194,0.013472222222222222,17,16,0.7132352941176471,63.73711340206186,54.33505154639175,0.04680555555555556,0.004930555555555555,0.017361111111111112,0.012083333333333333,0.008958333333333334,1,63.17761660715277,53.65385113508113,6.53502852786117,4.436757903541785,0.7342127723108305,-137.88813368551848,0.9724628907359507,0.9724628907359507,0.011045532757312808,-2,0.006319444444444322,91,0.10473209884605889,194.63636363636363,2.185602778212965,3.744248737373738,0.02160128818992367
RHF_MPM_P44,1107,0.05535,55.35,0,255,3.736875,25.895867885971846,53811,211.0235294117647,0,171,255,0.5681169639933565,106,106,194,0.013472222222222222,17,16,0.7132352941176471,63.73711340206186,54.33505154639175,0.04618055555555556,0.004930555555555555,0.017291666666666667,0.011944444444444445,0.008958333333333334,1,63.18895764806452,53.68569623311219,6.459047556562757,4.343176853141437,0.7401720442879466,-137.05808156953128,0.6891464300082545,0.6891464300082545,0.010369627027931093,0,-0.016527777777777697,-238,0.03380428194133977,194.8181818181818,2.0368505911280073,3.7474053030303036,0.01733486077892377
RHF_MPM_P44,1108,0.0554,55.4,0,255,3.7908333333333335,26.09924965662593,54588,214.0705882352941,0,173,255,0.5865571992238799,107,107,195,0.013541666666666667,17,16,0.7169117647058824,63.774358974358975,54.323076923076925,0.04798611111111111,0.005,0.0175,0.012083333333333333,0.009027777777777777,1,63.22918956547227,53.709276764123985,6.462106991978121,4.412994236087503,0.7305087768539537,-138.33132940751457,0.657501278499348,0.657501278499348,0.010606726753132557,1,0.05395833333333355,777,0.04663312793606966,194.8181818181818,2.0368505911280073,3.7544823232323226,0.017724810704885675
RHF_MPM_P44,1109,0.05545,55.45,0,255,3.74875,25.901140817726976,53982,211.69411764705882,0,169,255,0.5749930359890711,104,104,194,0.013472222222222222,17,16,0.7132352941176471,63.75773195876289,54.350515463917525,0.04673611111111111,0.004791666666666666,0.017291666666666667,0.012083333333333333,0.009097222222222222,1,63.165110592419694,53.740802489718796,6.458643389189047,4.250465569599723,0.7529261559732525,-138.16267119345204,0.67974363140776,0.67974363140776,0.00954021710940684,-1,-0.042083333333333695,-606,0.0714141873982462,194.36363636363637,1.5534552264213692,3.752853535353535,0.01734955308563303
RHF_MPM_P44,1110,0.0555,55.5,0,255,3.707361111111111,25.767007355070657,53386,209.35686274509803,0,169,255,0.5806874342160839,106,106,191,0.01326388888888889,17,16,0.7022058823529411,63.832460732984295,54.539267015706805,0.04743055555555555,0.005,0.016944444444444446,0.011944444444444445,0.009166666666666667,1,63.297980744015284,53.88794815120069,6.373669010308096,4.501965117633068,0.7078746497582153,-139.1140574595934,0.5186156513300083,0.5186156513300083,0.012737421795976473,-3,-0.0413888888888887,-596,0.1982582227247561,193.9090909090909,1.7296634173127678,3.7487941919191923,0.021739514948074034
RHF_MPM_P44,1111,0.05555,55.55,0,255,3.763333333333333,26.1091983578372,54192,212.51764705882354,0,172,255,0.5685055884648013,107,107,196,0.01361111111111111,17,16,0.7205882352941176,63.78061224489796,54.36734693877551,0.04631944444444445,0.005,0.017291666666666667,0.012361111111111111,0.009305555555555555,1,63.29068866253321,53.8920320342486,6.2721181800708035,4.410119793883833,0.7110604800519655,-140.36150284765745,0.7015487320282497,0.7015487320282497,0.010831857100679068,5,0.05597222222222209,806,0.008357783982023966,193.8181818181818,1.5850541612875177,3.7486679292929295,0.021650489666770554
RHF_MPM_P44,1112,0.0556,55.6,0,255,3.870625,26.462389419250144,55737,218.57647058823528,0,177,255,0.5874540238270003,107,107,201,0.013958333333333333,18,16,0.6979166666666666,63.666666666666664,54.26865671641791,0.04798611111111111,0.005069444444444444,0.017916666666666668,0.012777777777777779,0.009444444444444445,1,63.192636848054256,53.75027360640149,6.497463660754469,4.385898644028263,0.7378021447531862,-139.54884118753222,0.9396919576568591,0.9396919576568591,0.009114232915298635,5,0.10729166666666679,1545,0.17236475912523302,194.54545454545453,2.5712973861329,3.7595770202020202,0.041249558445599695
RHF_MPM_P44,1113,0.05565,55.65,0,255,3.875486111111111,26.368920766739485,55807,218.85098039215686,0,174,255,0.5847989025599868,106,106,202,0.014027777777777778,18,16,0.7013888888888888,63.5,54.21782178217822,0.04763888888888889,0.005,0.018055555555555554,0.012638888888888889,0.009375,1,63.098571863744695,53.692242908595695,6.46447579677277,4.325434023211653,0.7431649635846947,-139.91048804629725,0.5599494097019826,0.5599494097019826,0.009031125127672155,1,0.004861111111110983,70,0.11052503409176505,195.45454545454547,3.201239429392547,3.773888888888888,0.0506095092413011
RHF_MPM_P44,1114,0.0557,55.7,0,255,3.8671527777777777,26.307372307523586,55687,218.38039215686274,0,176,255,0.5903208112746029,105,105,202,0.014027777777777778,18,16,0.7013888888888888,63.58910891089109,54.17821782178218,0.04819444444444444,0.005,0.017986111111111112,0.012777777777777779,0.009027777777777777,1,63.08298166537971,53.60716145599512,6.52190650324529,4.390456281852206,0.7394731789941446,-139.53740659592975,0.7582371382053759,0.7582371382053759,0.011061827715624832,0,-0.008333333333333304,-120,0.08649802229926197,196.36363636363637,3.497342556667517,3.784368686868686,0.05655247002570772
RHF_MPM_P44,1115,0.05575,55.75,0,255,3.8584027777777776,26.27696800334623,55561,217.8862745098039,0,176,255,0.5910368798698664,104,104,202,0.014027777777777778,17,16,0.7426470588235294,63.74752475247525,54.222772277227726,0.04805555555555555,0.005,0.017986111111111112,0.0125,0.008958333333333334,1,63.16918342002484,53.56444268461691,6.50916593943483,4.488240840690196,0.7242606836507173,-138.58629076387652,0.6421708307965676,0.6421708307965676,0.0117348499847015,0,-0.008750000000000036,-126,0.09620621566178615,197.0,3.8138503569823694,3.792664141414141,0.06000583258751574
RHF_MPM_P44,1116,0.0558,55.8,0,255,3.804375,26.06938381561869,54783,214.83529411764707,0,173,255,0.5755919390929513,105,105,198,0.01375,17,17,0.6851211072664359,63.792929292929294,54.292929292929294,0.04673611111111111,0.005,0.017708333333333333,0.012152777777777778,0.008819444444444444,1,63.238340361060914,53.650986619936845,6.470694318872821,4.322580302346494,0.7441395618513486,-139.09114538796848,0.7027905610164166,0.7027905610164166,0.009418980340616615,-4,-0.054027777777777786,-778,0.1107814751397047,197.1818181818182,3.809513970864902,3.797872474747474,0.05828522301112858
RHF_MPM_P44,1117,0.05585,55.85,0,255,3.8252083333333333,26.12481931008088,55083,216.01176470588234,0,175,255,0.5832715228981882,104,104,202,0.014027777777777778,17,17,0.698961937716263,63.68316831683168,54.20792079207921,0.04729166666666667,0.004930555555555555,0.017708333333333333,0.012222222222222223,0.008958333333333334,1,63.168164406441186,53.53867799502569,6.509680973976991,4.523592629214135,0.7191041086861729,-137.3763905393581,0.7017834435754201,0.7017834435754201,0.010892652905615162,4,0.02083333333333348,300,0.13243070579070892,197.9090909090909,3.8953245973870088,3.8044002525252525,0.056944792995416944
RHF_MPM_P44,1118,0.0559,55.9,0,255,3.852222222222222,26.085555721202315,55472,217.53725490196078,0,169,255,0.5961592326277727,105,105,198,0.01375,17,16,0.7279411764705882,63.78787878787879,54.323232323232325,0.04833333333333333,0.004930555555555555,0.017847222222222223,0.012083333333333333,0.008958333333333334,1,63.05386501297952,53.44260167291606,6.795596218864456,4.482906346736401,0.751548226965933,-137.2940981784962,0.7877179973805766,0.7877179973805766,0.010996538794346698,-4,0.027013888888888893,389,0.14931513994172388,198.27272727272728,3.6949820787093772,3.814886363636364,0.054093808426337466
RHF_MPM_P44,1119,0.05595,55.95,0,255,3.8954166666666667,26.311093585400855,56094,219.9764705882353,0,178,255,0.5970221438447905,106,106,202,0.014027777777777778,18,16,0.7013888888888888,63.52970297029703,54.28217821782178,0.04833333333333333,0.004861111111111111,0.017916666666666668,0.012569444444444444,0.009166666666666667,1,62.902520768709664,53.54738474703177,6.745163951712982,4.364548546380592,0.7624362200999985,-138.71090397841573,0.8065827166300751,0.8065827166300751,0.012942560701679325,4,0.043194444444444535,622,0.1840776273607208,198.9090909090909,3.6792920626996475,3.82439393939394,0.05807502098419829
RHF_MPM_P44,1120,0.056,56.0,0,255,3.904166666666667,26.33769445691015,56220,220.47058823529412,0,175,255,0.5966260988290797,103,103,204,0.014166666666666666,18,16,0.7083333333333334,63.622549019607845,54.181372549019606,0.04840277777777778,0.004861111111111111,0.018333333333333333,0.012222222222222223,0.009166666666666667,1,63.07463536108146,53.54765208110992,6.723694117865632,4.449772839354702,0.749676227700732,-139.45647481004485,0.8198895027032295,0.8198895027032295,0.010868018498754892,2,0.008750000000000036,126,0.17211479998773976,199.8181818181818,3.588318973816464,3.8385227272727276,0.05684558191739437
RHF_MPM_P44,1121,0.05605,56.05,0,255,3.968402777777778,26.57543851324195,57145,224.09803921568627,0,184,255,0.6090766684361694,105,105,208,0.014444444444444444,18,17,0.6797385620915033,63.47596153846154,54.08653846153846,0.04958333333333333,0.005069444444444444,0.01861111111111111,0.012708333333333334,0.009305555555555555,1,62.971493568991164,53.39272027298976,6.821249797015772,4.61307470042549,0.7366446795216888,-137.55890138478514,0.9391083258302912,0.9391083258302912,0.010989587890454108,4,0.06423611111111116,925,0.1861238685472138,201.36363636363637,3.0828772650569403,3.862253787878788,0.051359945811615425
RHF_MPM_P44,1122,0.0561,56.1,0,255,4.0136111111111115,26.651195163191893,57796,226.65098039215687,0,183,255,0.6065417754356832,103,103,210,0.014583333333333334,18,17,0.6862745098039216,63.542857142857144,54.08571428571429,0.04909722222222222,0.005069444444444444,0.01888888888888889,0.012777777777777779,0.009236111111111112,1,62.901100422174544,53.34358779154267,6.905861673098709,4.342830940072014,0.777517291918107,-138.97863397756788,0.7954546769990435,0.7954546769990435,0.010779292684614852,2,0.04520833333333352,651,0.08584402047839715,202.63636363636363,3.4712514712794156,3.885006313131313,0.05756073147004484
RHF_MPM_P44,1123,0.05615,56.15,0,255,4.036388888888889,26.66091986543202,58124,227.93725490196078,1,182,255,0.6247676475338426,106,106,206,0.014305555555555556,18,17,0.673202614379085,63.55339805825243,54.14563106796116,0.051180555555555556,0.005138888888888889,0.01875,0.012986111111111111,0.009305555555555555,1,62.84245750464524,53.25631408712408,7.173807854277892,4.4804037917111454,0.7809845917105842,-137.8124733279753,1.0670376261662267,1.0670376261662267,0.013453994907439268,-4,0.022777777777777786,328,0.10514604728325008,203.0909090909091,3.5536036883076476,3.9000757575757574,0.07176825598736275
RHF_MPM_P44,1124,0.0562,56.2,0,255,3.9730555555555553,26.40797904668676,57212,224.3607843137255,2,176,255,0.6326175330056293,105,105,205,0.01423611111111111,18,16,0.7118055555555556,63.639024390243904,54.21951219512195,0.051805555555555556,0.004930555555555555,0.018333333333333333,0.012569444444444444,0.009097222222222222,1,62.943805495350624,53.301125637978046,7.052881524737867,4.824570752408506,0.729428853493213,-137.14234589160023,0.9580614280281544,0.9580614280281544,0.015451303922254073,-1,-0.06333333333333391,-912,0.11081286166305887,203.36363636363637,3.5744733184249995,3.908945707070707,0.0741702417645852
RHF_MPM_P44,1125,0.05625,56.25,0,255,4.036388888888889,26.699444610617512,58124,227.93725490196078,1,187,255,0.6280881499857158,107,107,204,0.014166666666666666,17,17,0.7058823529411765,63.76470588235294,54.22549019607843,0.051319444444444445,0.005138888888888889,0.018680555555555554,0.012916666666666667,0.009305555555555555,1,63.07602711444498,53.34438441951689,6.798187711101012,4.715243394398144,0.7203574652171518,-135.9245821403831,0.9735523372319286,0.9735523372319286,0.013075493771935861,-1,0.06333333333333391,912,0.1391182185630603,203.54545454545453,3.5512772699317474,3.924330808080808,0.08113113592800042
RHF_MPM_P44,1126,0.0563,56.3,0,255,4.0569444444444445,26.853115515444436,58420,229.09803921568627,1,190,255,0.6187475146086354,106,106,210,0.014583333333333334,17,17,0.726643598615917,63.695238095238096,54.01428571428571,0.050555555555555555,0.005138888888888889,0.01861111111111111,0.013194444444444444,0.009583333333333333,1,63.118726463539886,53.30979116740842,6.688773074283433,4.543436943274108,0.7338948142611462,45.54242627277083,-0.6077112998467078,0.6077112998467078,0.012906538856555974,6,0.020555555555555216,296,0.054953867057457355,204.27272727272728,3.9563736630888986,3.942380050505051,0.08637193256419595
RHF_MPM_P44,1127,0.05635,56.35,0,255,4.110763888888889,27.054046128379273,59195,232.13725490196077,1,190,255,0.6305115089410467,107,107,209,0.014513888888888889,17,16,0.7683823529411765,63.74162679425837,54.39234449760765,0.051944444444444446,0.005555555555555556,0.018819444444444444,0.012986111111111111,0.009791666666666667,1,63.1097389982262,53.61128473688656,6.781644177581042,4.867747409518557,0.6962671046352779,46.38124102176907,-1.0636193674095562,1.0636193674095562,0.01219697609595405,-1,0.05381944444444464,775,0.3016274970380432,205.27272727272728,3.620419591225432,3.9702335858585864,0.08677815361807793
RHF_MPM_P44,1128,0.0564,56.4,0,255,4.211597222222222,27.756190830035116,60647,237.83137254901962,1,206,255,0.6232657909348189,109,109,215,0.014930555555555556,18,16,0.7465277777777778,63.693023255813955,54.50697674418605,0.051458333333333335,0.005902777777777778,0.019097222222222224,0.01375,0.010277777777777778,1,63.45802760235461,54.03564891915511,6.1520013310367165,4.46784870855567,0.6874379351463609,-141.06293842218537,0.42174084165008846,0.42174084165008846,0.012465579501047043,6,0.10083333333333311,1452,0.5489899005976081,206.45454545454547,4.397595135435573,4.005359848484849,0.09839004518227601
RHF_MPM_P44,1129,0.05645,56.45,0,13,0.01861111111111111,0.34247994894898415,268,20.615384615384617,0,0,7,0.054476941683689946,3,8,9,0.000625,89,107,0.0009450803318282054,91.44444444444444,68.11111111111111,0.004375,0.0,0.0,0.0,0.0,0,88.78358208955224,63.30223880597015,31.913835961568896,24.889446776737852,0.6259101464185297,101.4163501474697,-0.3032288849672204,0.3032288849672204,0.0,-206,-4.192986111111111,-60379,26.96763612581642,189.27272727272728,57.114065946364036,3.6568497474747477,1.1536955947069176
RHF_MPM_P44,1130,0.0565,56.5,0,255,3.2975694444444446,22.55036941513523,47485,186.2156862745098,7,101,255,0.7356282517334451,105,105,142,0.00986111111111111,16,14,0.6339285714285714,67.7605633802817,57.91549295774648,0.06326388888888888,0.0035416666666666665,0.01423611111111111,0.008680555555555556,0.006388888888888889,1,70.27023270506476,59.46599978940718,9.001518824999552,5.057390826745941,0.8272476197333948,-140.91933832719573,-0.7073965348070534,0.7073965348070534,0.02129093397915131,133,3.2789583333333336,47217,18.906634687968747,183.8181818181818,58.48670117963598,3.6025000000000005,1.1552577080998068
RHF_MPM_P44,1131,0.05655,56.55,0,255,6.004097222222223,28.134368511592783,86459,339.0549019607843,28,175,255,1.276804552381713,101,101,232,0.01611111111111111,27,24,0.35802469135802467,71.26293103448276,61.53879310344828,0.11673611111111111,0.005555555555555556,0.027083333333333334,0.01326388888888889,0.009097222222222222,1,79.2952613377439,68.50635561364346,19.443379489993696,4.658713634788012,0.9708706765334628,-138.25391431460199,-0.8261972417341338,0.8261972417341338,0.014527116899339571,90,2.706527777777778,38974,12.774160451845015,186.36363636363637,59.90184809301527,3.793402777777778,1.346936185205518
RHF_MPM_P44,1132,0.0566,56.6,0,255,6.278333333333333,29.94493376738932,90408,354.54117647058825,30,217,255,1.1970277779904281,94,94,308,0.021388888888888888,37,34,0.24483306836248012,74.36688311688312,64.61363636363636,0.10736111111111112,0.006944444444444444,0.029791666666666668,0.013888888888888888,0.010694444444444444,1,78.42261746748075,68.36923723564286,18.69580000438387,4.283199515167877,0.9734029959787459,-135.72555877176453,-0.8870093800656342,0.8870093800656342,0.011824174851783028,76,0.2742361111111107,3949,0.8833508781301809,195.45454545454547,69.3402200436549,4.003396464646465,1.526010603720392
RHF_MPM_P44,1133,0.05665,56.65,0,255,6.296597222222222,30.782697423119455,90671,355.57254901960783,30,238,255,1.1612507712573876,108,108,256,0.017777777777777778,20,20,0.64,70.578125,60.92578125,0.10458333333333333,0.007847222222222222,0.025625,0.016041666666666666,0.01173611111111111,1,78.18585876410319,67.82410031873476,20.511966521463396,4.173386797390611,0.9790830353931624,-136.48639559431612,-1.248363037913672,1.248363037913672,0.008933396565605321,-52,0.018263888888888857,263,0.5943306670541945,199.63636363636363,71.44644876634747,4.210940656565657,1.6624362423123085
RHF_MPM_P44,1134,0.0567,56.7,0,255,5.904305555555555,32.09345092964143,85022,333.41960784313727,18,248,255,0.9484649852686614,109,109,291,0.02020833333333333,23,21,0.6024844720496895,71.19587628865979,61.47766323024055,0.08395833333333333,0.008472222222222223,0.025972222222222223,0.01861111111111111,0.013680555555555555,1,73.79280656771189,63.34708663639999,13.972156745176346,4.517681251911914,0.946284712838924,-139.4968109830609,-2.1931079215345224,2.1931079215345224,0.04388275975629837,35,-0.3922916666666669,-5649,6.272364714526024,207.36363636363637,76.15805661108259,4.380751262626263,1.72996219500424
RHF_MPM_P44,1135,0.05675,56.75,0,255,6.415277777777778,34.0963469846935,92380,362.27450980392155,16,254,255,0.8981868953670258,106,106,341,0.023680555555555555,26,25,0.5246153846153846,72.12903225806451,62.53958944281525,0.07791666666666666,0.009375,0.029722222222222223,0.021458333333333333,0.015694444444444445,1,72.77032907555748,62.73179259579996,9.618666630228798,4.638594577179375,0.876034063294125,-137.82321823618642,-0.45158509717420214,0.45158509717420214,0.009450097423684781,50,0.5109722222222226,7358,1.193334395029442,219.72727272727272,85.26545811234135,4.602771464646465,1.8178739039607743
RHF_MPM_P44,1136,0.0568,56.8,0,255,6.893263888888889,35.17338299469464,99263,389.26666666666665,20,255,255,0.9470296327250811,108,108,357,0.024791666666666667,26,25,0.5492307692307692,72.36414565826331,62.39495798319328,0.0825,0.010208333333333333,0.03173611111111111,0.02236111111111111,0.01659722222222222,1,73.4678480400552,63.19281101719674,10.285036753354644,4.586496089244903,0.8950634955691349,-138.0551836938773,-0.6049644199886585,0.6049644199886585,0.007857912817464716,16,0.477986111111111,6883,0.8361044735564733,233.63636363636363,93.63398055219903,4.862487373737373,1.9196332811082697
RHF_MPM_P44,1137,0.05685,56.85,0,255,7.169444444444444,35.582291705632045,103240,404.8627450980392,25,255,255,1.0406792788242365,109,109,357,0.024791666666666667,27,24,0.5509259259259259,72.09243697478992,62.38095238095238,0.09222222222222222,0.010902777777777779,0.03145833333333333,0.022708333333333334,0.017291666666666667,1,74.00521115846571,63.71358000774894,11.14774902945555,4.708299113896149,0.9064308537089768,-138.74046280848287,-0.726411313297699,0.726411313297699,0.010925997675319644,0,0.27618055555555543,3977,0.7483043916406109,247.0,99.6064985101602,5.145441919191919,2.0074263660388585
RHF_MPM_P44,1138,0.0569,56.9,0,255,7.3751388888888885,35.774453078087234,106202,416.47843137254904,27,255,255,1.1092261520795692,109,109,364,0.025277777777777777,28,26,0.5,72.5989010989011,62.793956043956044,0.09944444444444445,0.010833333333333334,0.03277777777777778,0.02298611111111111,0.017222222222222222,1,74.78622813129697,64.41223329127511,12.124949465542661,4.593168911737375,0.9254705210528082,-138.5219175027782,-0.7959053551170675,0.7959053551170675,0.01256096871998644,7,0.20569444444444418,2962,1.0479045387975008,261.09090909090907,104.09650639972553,5.442203282828283,2.0727587312918234
RHF_MPM_P44,1139,0.05695,56.95,0,255,6.841111111111111,33.74603933778977,98512,386.321568627451,27,253,255,1.0549521594902658,106,106,332,0.023055555555555555,27,25,0.4918518518518519,72.20180722891567,62.126506024096386,0.09229166666666666,0.008888888888888889,0.030694444444444444,0.02013888888888889,0.014861111111111111,1,75.14043974338152,64.56290604190353,13.06540918744983,4.372368208518702,0.9423417059058644,-137.99958834397935,-0.9173645243173787,0.9173645243173787,0.01143007958421309,-32,-0.5340277777777773,-7690,0.3849261538496341,271.72727272727275,104.81853662322668,5.6812499999999995,2.0686752790646583
RHF_MPM_P44,1140,0.057,57.0,0,255,6.200555555555556,31.803354989375677,89288,350.1490196078431,24,246,255,1.0653742577658827,109,109,280,0.019444444444444445,23,21,0.5797101449275363,70.76428571428572,60.91428571428571,0.09479166666666666,0.008472222222222223,0.026180555555555554,0.0175,0.01326388888888889,1,74.71154018457128,64.17292357315652,13.622549023861026,4.4349362747994725,0.9455219087268507,-138.3347281149574,-1.1019825631728641,1.1019825631728641,0.018087536959053848,-52,-0.6405555555555553,-9224,0.5796905704577505,296.3636363636364,64.1181760179418,6.24324494949495,1.0358821023905451
RHF_MPM_P44,1141,0.05705,57.05,0,255,5.894097222222222,31.031238179212124,84875,332.84313725490193,22,239,255,1.0563589119596917,108,108,270,0.01875,22,21,0.5844155844155844,70.63333333333334,60.77037037037037,0.09513888888888888,0.007847222222222222,0.02423611111111111,0.016875,0.012708333333333334,1,74.49628276877762,64.01501030927835,13.998434513998408,4.379750732384525,0.9497945343738401,-138.2192902335801,-1.2857190565678527,1.2857190565678527,0.02517820324005891,-10,-0.3064583333333335,-4413,0.2669688258258274,308.0,43.27501903786147,6.47929292929293,0.48948617294567104
RHF_MPM_P44,1142,0.0571,57.1,0,255,5.397291666666667,29.60446439490799,77721,304.78823529411767,19,223,255,1.0268820122259532,108,108,246,0.017083333333333332,21,20,0.5857142857142857,70.1910569105691,60.426829268292686,0.09298611111111112,0.006875,0.022083333333333333,0.015416666666666667,0.011597222222222222,1,74.2335276180183,63.79490742527759,14.247653503204162,4.321165160016825,0.9528984297058506,-138.08186805046856,-1.5221496609410758,1.5221496609410758,0.029065503531863976,-24,-0.4968055555555555,-7154,0.34276165012440324,309.27272727272725,41.176098338479875,6.424128787878787,0.567851270010974
RHF_MPM_P44,1143,0.05715,57.15,0,255,4.9275,28.43618380348452,70956,278.25882352941176,17,214,255,0.9459289142836318,108,108,230,0.01597222222222222,20,19,0.6052631578947368,69.74347826086957,60.030434782608694,0.08506944444444445,0.006111111111111111,0.02048611111111111,0.014166666666666666,0.010625,1,73.53293590394047,63.296127177405715,13.919006012109566,3.9579121286287378,0.9587196305697044,-138.26156737270915,-1.779047704249042,1.779047704249042,0.03156885957494786,-16,-0.4697916666666666,-6765,0.8600060962002798,302.1818181818182,47.0779202866099,6.301325757575757,0.7134908230764605
RHF_MPM_P44,1144,0.0572,57.2,0,255,4.439166666666667,27.10248388319582,63924,250.68235294117648,14,193,255,0.8702917575711763,109,109,202,0.014027777777777778,18,17,0.6601307189542484,69.27227722772277,59.7029702970297,0.07770833333333334,0.005416666666666667,0.018680555555555554,0.013055555555555556,0.009583333333333333,1,72.68739440585695,62.52404417746074,13.242391389093388,3.881746830293411,0.9560724855227645,-138.04497860534048,-1.8397183708592448,1.8397183708592448,0.03191289656467055,-28,-0.4883333333333333,-7032,1.1450120452577606,297.27272727272725,53.95130954530106,6.132468434343434,0.8920728705388324
RHF_MPM_P44,1145,0.05725,57.25,0,255,4.054027777777778,26.05939791875701,58378,228.93333333333334,12,175,255,0.7990519889629829,105,105,192,0.013333333333333334,18,16,0.6666666666666666,68.953125,59.458333333333336,0.070625,0.005,0.017430555555555557,0.012083333333333333,0.008958333333333334,1,71.82608174312242,61.713624995717566,12.182670884883292,3.951317660971351,0.9459408474888092,-137.97902244555846,-2.0990060201432077,2.0990060201432077,0.03216965295145432,-10,-0.38513888888888914,-5546,1.182640584930233,288.27272727272725,61.91649935648804,5.964261363636364,1.0749360035276194
RHF_MPM_P44,1146,0.0573,57.3,0,255,3.963888888888889,26.172527504764503,57080,223.84313725490196,9,178,255,0.7388239619199599,107,107,194,0.013472222222222222,18,17,0.6339869281045751,69.01546391752578,59.381443298969074,0.064375,0.004930555555555555,0.017291666666666667,0.012222222222222223,0.008958333333333334,1,71.1782060266293,61.10213735108619,11.01137222974072,3.946252545179478,0.9335759064611258,-138.14837585059223,-1.9717809482272186,1.9717809482272186,0.03181499649614576,2,-0.09013888888888877,-1298,0.8908760203071453,274.90909090909093,64.88655070821625,5.741407828282828,1.2046174451201708
RHF_MPM_P44,1147,0.05735,57.35,0,255,3.8360416666666666,25.963128094332323,55239,216.6235294117647,5,177,255,0.6890923149521978,108,108,191,0.01326388888888889,17,17,0.6608996539792388,68.73298429319372,59.225130890052355,0.059236111111111114,0.004930555555555555,0.016805555555555556,0.012152777777777778,0.009027777777777777,1,70.55399265012039,60.59532214558555,9.77486595191748,3.8810084494900554,0.9178014981454358,-138.33044736640468,-2.129358812095982,2.129358812095982,0.027860750556671917,-3,-0.12784722222222245,-1841,0.804054719493212,259.8181818181818,63.32429977622145,5.463478535353535,1.2582849545347385
RHF_MPM_P44,1148,0.0574,57.4,0,255,3.876388888888889,26.451932260105497,55820,218.90196078431373,4,185,255,0.6543263935637955,107,107,194,0.013472222222222222,17,17,0.671280276816609,68.81958762886597,59.18041237113402,0.05569444444444444,0.005208333333333333,0.016875,0.012430555555555556,0.009236111111111112,1,70.1935327839484,60.22545682551057,8.456354573881457,4.105670347766218,0.87422942977263,-138.00447672705306,-1.8222737571475571,1.8222737571475571,0.023951988534575423,3,0.040347222222222534,581,0.5164607149773329,245.0,57.66833068189475,5.164109848484848,1.207506350082154
RHF_MPM_P44,1149,0.05745,57.45,0,255,3.845972222222222,26.437521166774935,55382,217.1843137254902,2,185,255,0.6349997692100743,106,106,197,0.013680555555555555,17,17,0.6816608996539792,68.77157360406092,59.06091370558376,0.05375,0.005277777777777778,0.017083333333333332,0.0125,0.009375,1,69.89305189411722,59.94375428839695,7.727002661079588,4.016815963706373,0.8542627861123822,-138.24997698303656,-1.555815775994554,1.555815775994554,0.020584305369975804,3,-0.03041666666666698,-438,0.4118799395090578,229.8181818181818,44.91369133595554,4.843276515151515,1.0337641070414683
RHF_MPM_P44,1150,0.0575,57.5,0,255,3.928611111111111,26.88601274648811,56572,221.85098039215686,2,194,255,0.628164941987292,107,107,203,0.014097222222222223,19,17,0.628482972136223,68.81773399014779,59.04926108374384,0.05291666666666667,0.005625,0.017291666666666667,0.012847222222222222,0.009722222222222222,1,69.78365622569468,59.72463409460511,7.460304654599557,4.191004710976741,0.8272907860116278,-139.09313609170658,-0.6623709249744342,0.6623709249744342,0.016085696104079755,6,0.08263888888888893,1190,0.24491033378971408,218.0909090909091,31.557896419854746,4.5785037878787875,0.8436646080389799
RHF_MPM_P44,1151,0.05755,57.55,0,255,3.9515972222222224,26.940597286829096,56903,223.14901960784314,2,195,255,0.634290398407129,108,108,202,0.014027777777777778,18,17,0.6601307189542484,68.77227722772277,59.02970297029703,0.05326388888888889,0.005763888888888889,0.0175,0.012986111111111111,0.009791666666666667,1,69.79698785652778,59.74199954308209,7.18659590725285,4.401392963272601,0.7905133921501474,-137.68085307315138,-1.0736953313145163,1.0736953313145163,0.016941110310528442,-1,0.022986111111111374,331,0.021892719828210606,211.0,24.914398903591326,4.37405303030303,0.683016594332344
RHF_MPM_P44,1152,0.0576,57.6,0,255,3.9460416666666664,26.93329346425344,56823,222.83529411764707,1,197,255,0.6324542879102729,109,109,200,0.013888888888888888,18,17,0.6535947712418301,68.715,59.05,0.05319444444444445,0.005625,0.017430555555555557,0.013055555555555556,0.009722222222222222,1,69.70673846857787,59.724178589655594,7.195156213058079,4.293056596128576,0.8024946884920184,-137.8776936196233,-0.7031248657969326,0.7031248657969326,0.016261021065413654,-2,-0.00555555555555598,-80,0.09199205621336387,204.63636363636363,16.576394647333064,4.196957070707071,0.4916849474949409
RHF_MPM_P44,1153,0.05765,57.65,0,255,3.95125,26.89210925353693,56898,223.12941176470588,2,193,255,0.6317801126635555,107,107,203,0.014097222222222223,18,17,0.6633986928104575,68.72906403940887,59.02463054187192,0.053125,0.005625,0.017569444444444443,0.013125,0.00986111111111111,1,69.68070933951984,59.74677493057752,7.341914424461314,4.111466762263822,0.828493096448282,-138.0208204742562,-0.9385385535264682,0.9385385535264682,0.017171078069527928,3,0.005208333333333481,75,0.034468974202602656,200.72727272727272,10.207759161904146,4.065498737373737,0.3146093621723668
RHF_MPM_P44,1154,0.0577,57.7,0,255,3.9479166666666665,26.88113875303132,56850,222.94117647058823,1,190,255,0.61984310608372,107,107,203,0.014097222222222223,18,17,0.6633986928104575,68.69458128078817,59.05911330049261,0.051666666666666666,0.005486111111111111,0.017708333333333333,0.01326388888888889,0.009791666666666667,1,69.6308179419525,59.69938434476693,7.230906008690705,4.117301351667405,0.8220583578031223,-138.47394690132424,-0.7728329058037244,0.7728329058037244,0.016024626209322778,0,-0.0033333333333334103,-48,0.06881147560322207,198.27272727272728,4.554536381772854,3.976445707070707,0.15733983508385244
RHF_MPM_P44,1155,0.05775,57.75,0,255,3.9702777777777776,26.892410741292707,57172,224.20392156862746,2,194,255,0.6334210639733948,107,107,202,0.014027777777777778,18,17,0.6601307189542484,68.63861386138613,58.995049504950494,0.053125,0.005555555555555556,0.017847222222222223,0.012916666666666667,0.009652777777777777,1,69.58796263905408,59.58519904848527,7.262054697533494,4.284077069014448,0.807457094090616,-139.0973408580424,-0.795795715037497,0.795795715037497,0.015829426992233962,-1,0.022361111111111054,322,0.1219625306126675,198.27272727272728,4.554536381772854,3.9338194444444436,0.05897182434194938
RHF_MPM_P44,1156,0.0578,57.8,0,255,3.8922222222222222,26.53041065468405,56048,219.79607843137254,1,185,255,0.6180149997000461,107,107,201,0.013958333333333333,18,17,0.6568627450980392,68.68159203980099,59.00995024875622,0.05138888888888889,0.005486111111111111,0.017638888888888888,0.012847222222222222,0.009583333333333333,1,69.52488938053098,59.63995147016843,7.281437482162498,4.33618387059217,0.8033463639888546,-138.8509691441096,-0.5227309501737119,0.5227309501737119,0.014273479874393378,-1,-0.07805555555555532,-1124,0.08352283293143473,199.0909090909091,4.144098661833265,3.919109848484848,0.04587991031534196
RHF_MPM_P44,1157,0.05785,57.85,0,255,3.736875,25.957598998943077,53811,211.0235294117647,0,177,255,0.6006946744524588,105,105,195,0.013541666666666667,18,17,0.6372549019607843,68.47692307692307,58.87692307692308,0.049652777777777775,0.005,0.01673611111111111,0.012291666666666666,0.008888888888888889,1,69.41372581814127,59.51547081451748,7.1614094288216075,4.181141086591117,0.8118663515839704,-139.0042922402567,-0.848151707062968,0.848151707062968,0.01542435561502295,-6,-0.1553472222222223,-2237,0.1668914953928453,199.1818181818182,4.041111049253249,3.898472222222222,0.06719982252645448
RHF_MPM_P44,1158,0.0579,57.9,0,255,3.735,26.04191701213001,53784,210.91764705882352,1,173,255,0.603125568178031,108,108,191,0.01326388888888889,17,16,0.7022058823529411,68.32460732984293,58.675392670157066,0.050416666666666665,0.005347222222222222,0.016875,0.012152777777777778,0.009027777777777777,1,69.24497991967871,59.26228990034211,6.875064378003234,4.449351032124573,0.7623437876989407,-138.14301545242722,-1.2177940091929351,1.2177940091929351,0.016417521939610293,-4,-0.001875000000000071,-27,0.30426263909755885,199.1818181818182,4.041111049253249,3.8892866161616158,0.08066284593014084
RHF_MPM_P44,1159,0.05795,57.95,0,255,3.7111111111111112,26.081057172014265,53440,209.5686274509804,0,176,255,0.5948011099694959,107,107,191,0.01326388888888889,17,16,0.7022058823529411,68.20942408376963,58.54973821989529,0.049444444444444444,0.005208333333333333,0.01673611111111111,0.012222222222222223,0.009236111111111112,1,69.07825598802395,59.132035928143715,6.9528669912521845,4.345482980927472,0.7806315309008791,-138.62961924550402,-0.5357164386429387,0.5357164386429387,0.01526946107784431,0,-0.023888888888888626,-344,0.211572603755498,198.9090909090909,4.461034235049199,3.874261363636363,0.09566430926199611
RHF_MPM_P44,1160,0.058,58.0,0,255,3.7147916666666667,26.10666641313282,53493,209.7764705882353,0,173,255,0.5935980795477871,109,109,189,0.013125,17,16,0.6948529411764706,68.05820105820106,58.53439153439153,0.049375,0.005347222222222222,0.01625,0.012222222222222223,0.009236111111111112,1,68.92002691941002,59.05374534985886,6.720465442430268,4.379074413798247,0.7585603009005382,-139.16545399422085,-0.48869650417305277,0.48869650417305277,0.0143570186753407,-2,0.0036805555555554648,53,0.17653853064589203,198.1818181818182,5.288378026272358,3.8623358585858587,0.1060592352003758
RHF_MPM_P44,1161,0.05805,58.05,0,255,3.745833333333333,26.246864561420576,53940,211.52941176470588,0,175,255,0.5864109324829933,110,110,189,0.013125,17,16,0.6948529411764706,68.17989417989418,58.597883597883595,0.04847222222222222,0.005347222222222222,0.01673611111111111,0.0125,0.009236111111111112,1,68.97367445309604,59.149758991472005,6.615329044928798,4.308615910423226,0.7588135808207125,-136.3155056877566,-0.5924346781620742,0.5924346781620742,0.013756025213199852,0,0.031041666666666412,447,0.10998489553757085,196.9090909090909,5.648081660730569,3.8457196969696956,0.1086602458381612
RHF_MPM_P44,1162,0.0581,58.1,0,255,3.725625,26.112301465091495,53649,210.38823529411764,0,173,255,0.581144694776565,109,109,191,0.01326388888888889,17,16,0.7022058823529411,68.1413612565445,58.596858638743456,0.04777777777777778,0.005277777777777778,0.016666666666666666,0.012291666666666666,0.009236111111111112,1,68.96948684970829,59.13131652034521,6.568853897069546,4.227661429673186,0.7653688088085003,-138.34488223714808,-0.5925742809616216,0.5925742809616216,0.013159611549143507,2,-0.02020833333333316,-291,0.018911921197906027,195.9090909090909,5.631963091539468,3.825176767676767,0.10806062851476768
RHF_MPM_P44,1163,0.05815,58.15,0,255,3.6841666666666666,25.934280710523325,53052,208.04705882352943,0,171,255,0.5699165345954347,108,108,191,0.01326388888888889,17,16,0.7022058823529411,68.20942408376963,58.617801047120416,0.04666666666666667,0.005277777777777778,0.01659722222222222,0.011875,0.008888888888888889,1,68.91689285983563,59.134924225288394,6.508493299749496,4.1459607838553625,0.7708573828498253,-138.50290226021394,-0.5493429631421256,0.5493429631421256,0.012704516323607027,0,-0.041458333333333375,-597,0.05271758061294876,195.0909090909091,5.631963091539468,3.8013699494949496,0.10765652792467077
RHF_MPM_P44,1164,0.0582,58.2,0,255,3.671527777777778,25.810891228301834,52870,207.33333333333334,0,167,255,0.5855407919057947,107,107,192,0.013333333333333334,17,16,0.7058823529411765,68.13541666666667,58.5,0.048125,0.004930555555555555,0.01659722222222222,0.011875,0.008958333333333334,1,68.9706260639304,59.02473992812559,6.617645936804179,4.493503586544091,0.7341212196254342,-136.1349386246611,-0.7664277532854408,0.7664277532854408,0.015093625874787214,1,-0.012638888888888644,-182,0.12258807675932838,194.0909090909091,5.0892854553739655,3.7759406565656564,0.10214563121608772
RHF_MPM_P44,1165,0.05825,58.25,0,255,3.6547222222222224,25.74569715787595,52628,206.3843137254902,0,168,255,0.5775129896754392,103,103,193,0.013402777777777777,17,16,0.7095588235294118,68.01554404145078,58.50259067357513,0.04763888888888889,0.005,0.01659722222222222,0.011875,0.008888888888888889,1,68.8338907045679,59.01955232955841,6.528327073120914,4.36653209786442,0.7433890457670556,-136.5891484076987,-0.6735357810586823,0.6735357810586823,0.014250969065896481,1,-0.016805555555555518,-242,0.13683373004812618,193.1818181818182,4.238742991590825,3.749286616161616,0.09148987720846066
RHF_MPM_P44,1166,0.0583,58.3,0,255,3.665347222222222,25.843441984949237,52781,206.98431372549018,0,168,255,0.569606404185711,105,105,196,0.01361111111111111,17,17,0.6782006920415224,68.11734693877551,58.68877551020408,0.04666666666666667,0.005069444444444444,0.016527777777777777,0.012013888888888888,0.008888888888888889,1,68.86754703397055,59.2047138174722,6.662108151532206,4.103192347572857,0.7878243469456296,-135.29704719655572,-0.81896917074612,0.81896917074612,0.012542392148689869,3,0.010624999999999662,153,0.188195443928134,192.63636363636363,3.364864640603954,3.721565656565656,0.061666356438303344
RHF_MPM_P44,1167,0.05835,58.35,0,255,3.675,25.78417500242262,52920,207.52941176470588,0,168,255,0.5835422048054137,105,105,194,0.013472222222222222,17,16,0.7132352941176471,68.05670103092784,58.57216494845361,0.04805555555555555,0.004930555555555555,0.016805555555555556,0.012013888888888888,0.008819444444444444,1,68.88868102796674,59.18535525321239,6.889741736397456,4.29046225148122,0.782435255082207,45.02249594135283,0.4792422029619446,0.4792422029619446,0.01345427059712774,-2,0.009652777777777732,139,0.0286600717450574,192.0,2.174229226018436,3.7018181818181817,0.031020874646112286
RHF_MPM_P44,1168,0.0584,58.4,0,255,3.7710416666666666,26.07623721946941,54303,212.95294117647057,0,175,255,0.5893208232578183,106,106,198,0.01375,18,17,0.6470588235294118,68.52525252525253,58.7979797979798,0.04826388888888889,0.004861111111111111,0.017361111111111112,0.012361111111111111,0.008958333333333334,1,69.12892473712319,59.27208441522568,7.038004668174661,4.162436590094403,0.8063616088791346,-136.20413367073127,-0.39723710199433093,0.39723710199433093,0.011583153785242068,4,0.0960416666666668,1383,0.25541923837638614,192.27272727272728,2.6659778724754872,3.7049242424242426,0.03572881179876791
RHF_MPM_P44,1169,0.05845,58.45,0,255,3.5906944444444444,25.1920754088788,51706,202.7686274509804,0,153,255,0.5851445369468649,103,103,191,0.01326388888888889,17,16,0.7022058823529411,68.08376963350786,58.47120418848168,0.04798611111111111,0.004652777777777777,0.01625,0.011527777777777777,0.008333333333333333,1,69.05272115421808,59.1334467953429,7.003737375114067,4.250540865310516,0.7947811834310806,-138.451892974059,-0.7458392968272984,0.7458392968272984,0.014176304490774765,-7,-0.18034722222222221,-2597,0.15820042886900682,192.27272727272728,2.6659778724754872,3.6918055555555553,0.0469940267713733
RHF_MPM_P44,1170,0.0585,58.5,0,255,3.5430555555555556,25.195763127011436,51020,200.07843137254903,0,156,255,0.5791410392511998,106,106,186,0.012916666666666667,16,16,0.7265625,67.84946236559139,58.32258064516129,0.04770833333333333,0.004791666666666666,0.01576388888888889,0.01138888888888889,0.008402777777777778,1,68.79927479419835,59.02553900431204,6.832003693652937,4.281421243373364,0.7792836264087827,-136.9400343836114,-0.9481563419862169,0.9481563419862169,0.01818894551156409,-5,-0.047638888888888786,-686,0.2754617010990946,191.8181818181818,3.2141217326661256,3.676527777777778,0.0628701162330046
RHF_MPM_P44,1171,0.05855,58.55,0,255,3.6155555555555554,25.590462789923695,52064,204.17254901960786,0,164,255,0.5732594485289153,105,105,191,0.01326388888888889,17,16,0.7022058823529411,68.00523560209425,58.46596858638743,0.04729166666666667,0.005,0.01659722222222222,0.01173611111111111,0.008888888888888889,1,68.77091656422864,58.983155347264905,6.673817794270142,4.281927764287441,0.7670386137128276,-135.11881577688564,-0.9027747770122883,0.9027747770122883,0.015269668100799017,5,0.07249999999999979,1044,0.050995721307811485,192.0,3.1042492870843406,3.6675063131313124,0.06384455432635505
RHF_MPM_P44,1172,0.0586,58.6,0,255,3.651111111111111,25.66086133240636,52576,206.18039215686275,0,166,255,0.5802234510548605,105,105,190,0.013194444444444444,16,16,0.7421875,67.88947368421053,58.46842105263158,0.04770833333333333,0.005069444444444444,0.016805555555555556,0.011944444444444445,0.008819444444444444,1,68.77270998174072,59.04836807668898,6.682802081066319,4.343967508846494,0.7599155004901575,45.049188328307395,0.9157630847258762,0.9157630847258762,0.013979762629336579,-1,0.035555555555555785,512,0.06523738518143044,192.0909090909091,3.0287874998104876,3.6588952020202017,0.05889545071468792
RHF_MPM_P44,1173,0.05865,58.65,0,255,3.6282638888888887,25.544042978904898,52247,204.89019607843136,0,166,255,0.579579815340832,106,106,190,0.013194444444444444,16,16,0.7421875,67.84210526315789,58.38947368421053,0.04756944444444444,0.004861111111111111,0.016666666666666666,0.01173611111111111,0.008680555555555556,1,68.69535092923995,58.991999540643484,6.587042683402453,4.455242942074347,0.7365669249803326,45.473539767837366,0.752214212826581,0.752214212826581,0.014546289739123778,0,-0.022847222222222463,-329,0.09571747416082922,192.0,3.0748244591432297,3.6500441919191915,0.05541503118336172
RHF_MPM_P44,1174,0.0587,58.7,0,255,3.613263888888889,25.481520082913388,52031,204.04313725490195,0,154,255,0.5741358658855018,106,106,190,0.013194444444444444,16,16,0.7421875,67.82105263157895,58.310526315789474,0.04701388888888889,0.004930555555555555,0.016527777777777777,0.011875,0.008541666666666666,1,68.62556937210509,58.903422959389594,6.447716211558179,4.432040336152552,0.7262966206143702,45.077036602669644,0.7853009644038356,0.7853009644038356,0.015240914070457997,0,-0.01499999999999968,-216,0.11276203466944253,191.9090909090909,3.1175323999058633,3.643598484848485,0.05519429430626811
RHF_MPM_P44,1175,0.05875,58.75,0,255,3.5425694444444447,25.272586027335358,51013,200.05098039215687,0,157,255,0.5686568413089911,104,104,183,0.012708333333333334,16,15,0.7625,67.5464480874317,58.021857923497265,0.04673611111111111,0.004861111111111111,0.01625,0.01173611111111111,0.008402777777777778,1,68.47507498088723,58.602924744672926,6.316540980373742,4.529891510151451,0.6969214284636084,-135.87312349119586,-0.522140876088599,0.522140876088599,0.014839354674298708,-7,-0.0706944444444444,-1018,0.3360769834962518,191.0909090909091,4.032922365967061,3.6318750000000004,0.06136736762256103
RHF_MPM_P44,1176,0.0588,58.8,0,255,3.5680555555555555,25.531969754652092,51380,201.49019607843138,0,162,255,0.5504751322486954,108,108,184,0.012777777777777779,15,15,0.8177777777777778,67.53260869565217,57.95652173913044,0.04493055555555556,0.005069444444444444,0.016458333333333332,0.011944444444444445,0.00875,1,68.35280264694434,58.482950564421955,5.862631281901133,4.469002096317463,0.6472402675798178,-135.2001933551511,-1.133290665402252,1.133290665402252,0.013915920591669911,1,0.025486111111110876,367,0.1713018609786057,190.27272727272728,4.453617714151233,3.6239962121212126,0.06345620504170624
RHF_MPM_P44,1177,0.05885,58.85,0,255,3.5953472222222222,25.621330480165962,51773,203.0313725490196,0,168,255,0.5567511101503364,108,108,185,0.012847222222222222,16,15,0.7708333333333334,67.6108108108108,57.945945945945944,0.04548611111111111,0.005069444444444444,0.016527777777777777,0.012013888888888888,0.008819444444444444,1,68.34738183995519,58.452958105576265,6.0733307146804485,4.53643899750104,0.6648867573446754,-135.8354018639061,-0.16399627283101795,0.16399627283101795,0.0115890522086802,1,0.027291666666666714,393,0.030478397858549725,189.27272727272728,4.287209499109671,3.6176325757575754,0.06249290402019457
RHF_MPM_P44,1178,0.0589,58.9,0,255,3.579861111111111,25.501462593842614,51550,202.15686274509804,0,164,255,0.544184617604903,108,108,184,0.012777777777777779,16,15,0.7666666666666667,67.57608695652173,57.96195652173913,0.044097222222222225,0.005,0.01659722222222222,0.011944444444444445,0.008680555555555556,1,68.31877788554802,58.457129000969935,5.94063277293408,4.444096463228788,0.6636032604637336,-136.2503692208262,-0.6266233572554731,0.6266233572554731,0.010863239573229874,-1,-0.01548611111111109,-223,0.028906445234802527,188.36363636363637,4.24848052565379,3.608983585858586,0.06050679936997127
RHF_MPM_P44,1179,0.05895,58.95,0,255,3.611527777777778,25.675408260289885,52006,203.94509803921568,0,168,255,0.5619999294766995,109,109,183,0.012708333333333334,15,15,0.8133333333333334,67.18032786885246,57.87431693989071,0.04611111111111111,0.005138888888888889,0.016458333333333332,0.011944444444444445,0.008680555555555556,1,67.93020036149674,58.21211014113756,5.9437733291172306,4.9202127583832365,0.5610339406647638,-135.28234083406386,-0.4100791160987129,0.4100791160987129,0.013306156981886705,-1,0.03166666666666673,456,0.4593764620345439,187.0,3.2192602199319587,3.594482323232324,0.03261664247810046
RHF_MPM_P44,1180,0.059,59.0,0,255,3.5841666666666665,25.738376543273535,51612,202.4,0,170,255,0.5379007875799824,108,108,188,0.013055555555555556,15,16,0.7833333333333333,67.21808510638297,57.776595744680854,0.04388888888888889,0.005138888888888889,0.016180555555555556,0.011805555555555555,0.008680555555555556,1,67.79758583275208,58.0982717197551,5.453947304215273,4.364609421996622,0.5996449666830544,-140.90272016951786,-1.1172366594921195,1.1172366594921195,0.013330233279082384,5,-0.02736111111111139,-394,0.17477356612777872,186.72727272727272,2.987577586391815,3.59388888888889,0.03273931466092241
RHF_MPM_P44,1181,0.05905,59.05,0,11,0.017916666666666668,0.3278059957251138,258,23.454545454545453,0,0,7,0.05320428594183507,3,8,9,0.000625,32,107,0.002628504672897196,99.77777777777777,68.77777777777777,0.0043055555555555555,0.0,0.0,0.0,0.0,0,92.60852713178295,62.02713178294574,33.731375749146196,21.117096765368416,0.779793175641386,93.75860223959903,-0.41672022272735837,0.41672022272735837,0.046511627906976744,-179,-3.5662499999999997,-51354,25.12008657509146,170.63636363636363,51.200626287491886,3.2734217171717175,1.0298760961072349
RHF_MPM_P44,1182,0.0591,59.1,0,255,3.671875,22.826417154154658,52875,207.35294117647058,15,104,255,0.874469970555913,104,104,145,0.010069444444444445,13,14,0.7967032967032966,64.87586206896552,54.83448275862069,0.07708333333333334,0.0029861111111111113,0.013541666666666667,0.008958333333333334,0.006458333333333333,1,64.72202364066194,50.921229314420806,8.783152932495742,6.101744272426846,0.7192899278369264,84.96672113367804,-1.1263640938017234,1.1263640938017234,0.023035460992907802,136,3.653958333333333,52617,30.016631166749743,166.45454545454547,51.245156997539574,3.2785416666666665,1.031702635504758
RHF_MPM_P44,1183,0.05915,59.15,0,255,5.481111111111111,26.946109879801217,78928,309.52156862745096,24,176,255,1.3356932334214011,103,103,213,0.014791666666666667,22,22,0.44008264462809915,61.4037558685446,51.774647887323944,0.1275,0.005138888888888889,0.021111111111111112,0.012222222222222223,0.008680555555555556,1,57.75063348874924,43.69739509426313,16.60043848508109,6.837730557820323,0.911228783806026,64.07233407937305,-1.0047415023448296,1.0047415023448296,0.03176312588688425,68,1.8092361111111108,26053,10.039126530256832,168.54545454545453,52.61414195712307,3.4449053030303034,1.2104308895183982
RHF_MPM_P44,1184,0.0592,59.2,0,255,6.403125,30.50857900676715,92205,361.5882352941176,29,223,255,1.2164578227117655,95,95,316,0.021944444444444444,33,32,0.29924242424242425,57.462025316455694,47.94620253164557,0.10993055555555556,0.007083333333333333,0.029375,0.015,0.011319444444444444,1,54.29858467545144,44.63389187137357,17.02095587681717,4.763930299663111,0.9600331905325236,45.48219296113603,-0.88731834563349,0.88731834563349,0.026896589122064964,103,0.9220138888888894,13277,3.576823622004445,180.0,67.61522152458114,3.6971654040404043,1.4812166062720458
RHF_MPM_P44,1185,0.05925,59.25,0,255,7.164166666666667,32.019091429524074,103164,404.56470588235294,39,241,255,1.2866000514248086,104,104,287,0.019930555555555556,45,44,0.14494949494949494,57.55400696864111,48.184668989547035,0.11569444444444445,0.008055555555555555,0.035486111111111114,0.015555555555555555,0.012361111111111111,1,50.9430712263968,42.31775619402117,21.133226275059094,4.532838149941604,0.9767264710288242,-138.38091374992854,0.7611901842895037,0.7611901842895037,0.01365786514675662,-29,0.7610416666666664,10959,4.077248457316672,188.8181818181818,74.33562486430677,4.019974747474747,1.7837861336894572
RHF_MPM_P44,1186,0.0593,59.3,0,255,7.178541666666667,32.761804455899515,103371,405.3764705882353,35,249,255,1.2485951604577588,107,107,298,0.020694444444444446,56,56,0.09502551020408163,59.19463087248322,49.90268456375839,0.11194444444444444,0.008263888888888888,0.033125,0.018055555555555554,0.013402777777777777,1,50.68644010409109,42.21146162850316,24.294273320081736,4.658519249651118,0.9814430599040077,-138.68510958866392,1.0764144842197454,1.0764144842197454,0.011163672596763116,11,0.014375000000000249,207,0.2777734105247528,199.27272727272728,80.6046365788999,4.3505176767676765,1.9896917744090556
RHF_MPM_P44,1187,0.05935,59.35,0,255,6.760763888888889,33.710520975156605,97355,381.7843137254902,25,253,255,1.0737174852075877,109,109,319,0.022152777777777778,24,24,0.5538194444444444,59.542319749216304,50.407523510971785,0.09513888888888888,0.009444444444444445,0.029444444444444443,0.020763888888888887,0.014930555555555556,1,55.12247958502388,46.52862205331005,19.071647812885395,4.515673169395917,0.9715647187148981,-140.9922967578813,2.0047703361510036,2.0047703361510036,0.04904730111447794,21,-0.41777777777777825,-6016,6.190017803683064,211.54545454545453,87.34088247817351,4.640763888888889,2.0849673043090817
RHF_MPM_P44,1188,0.0594,59.4,0,255,6.660347222222223,34.20308400473548,95909,376.1137254901961,21,254,255,0.9828599501108004,109,109,327,0.022708333333333334,24,23,0.592391304347826,59.62691131498471,50.654434250764524,0.08611111111111111,0.009930555555555555,0.03013888888888889,0.02125,0.015694444444444445,1,57.89525487701884,48.81098749856635,12.72138191798759,4.589059701474185,0.9326679899530979,-139.503170653366,2.1666132068004518,2.1666132068004518,0.019893857719296415,8,-0.10041666666666593,-1446,3.5913054514476643,224.45454545454547,92.78750272077068,4.919400252525253,2.1309361075530022
RHF_MPM_P44,1189,0.05945,59.45,0,255,6.785694444444444,34.711748184407924,97714,383.1921568627451,22,255,255,0.9882724840382907,109,109,336,0.023333333333333334,25,22,0.610909090909091,59.43452380952381,50.645833333333336,0.08694444444444445,0.010138888888888888,0.03,0.021666666666666667,0.01625,1,58.26591890619563,49.193349980555496,10.805355093603108,4.585908762257105,0.9054697802285329,-137.33603384575545,1.0252540908723287,1.0252540908723287,0.013866999611109975,9,0.1253472222222216,1805,0.5325344027933513,238.27272727272728,96.95837055063741,5.210839646464646,2.1469673837315475
RHF_MPM_P44,1190,0.0595,59.5,0,255,7.110555555555556,35.52209405930378,102392,401.5372549019608,24,255,255,1.0312305363360978,109,109,357,0.024791666666666667,27,22,0.601010101010101,58.910364145658264,50.46218487394958,0.09131944444444444,0.010763888888888889,0.03166666666666667,0.02277777777777778,0.017083333333333332,1,57.84458746777092,49.04125322290804,10.981913371636308,4.719890966944319,0.9029299852054873,-137.85945669730833,0.9207230426940088,0.9207230426940088,0.01493280725056645,21,0.3248611111111117,4678,0.44794375170539313,254.0909090909091,100.76927250403138,5.528933080808081,2.1456565584308804
RHF_MPM_P44,1191,0.05955,59.55,0,255,6.739722222222222,33.832884314435134,97052,380.5960784313726,23,252,255,1.0643204284210017,108,108,327,0.022708333333333334,25,21,0.6228571428571429,59.7737003058104,50.99694189602447,0.09465277777777778,0.009444444444444445,0.030555555555555555,0.020625,0.014791666666666667,1,57.92645179903557,48.9985986893624,11.606196474378985,4.778811080971596,0.9112984133336335,-137.72888413744369,1.0928987781388648,1.0928987781388648,0.018309772080946297,-30,-0.37083333333333357,-5340,0.09231022676498929,266.72727272727275,100.40381277538573,5.815801767676768,2.076293169765039
RHF_MPM_P44,1192,0.0596,59.6,0,255,6.049930555555555,31.574758180575895,87119,341.64313725490194,21,244,255,1.031648808839727,107,107,280,0.019444444444444445,23,19,0.6407322654462243,60.84642857142857,51.85,0.09159722222222222,0.008194444444444445,0.02715277777777778,0.017638888888888888,0.012708333333333334,1,58.17418703153158,49.14083035847519,12.07253315093336,4.722669738179419,0.9203093934805624,-138.094597458416,1.2312761995054486,1.2312761995054486,0.020890965231465008,-47,-0.6897916666666672,-9933,0.2856616759708294,291.3636363636364,58.74950325093315,6.364166666666666,0.9794491287014785
RHF_MPM_P44,1193,0.05965,59.65,0,255,5.308541666666667,29.446677502374005,76443,299.77647058823527,18,223,255,0.9715612780339432,107,107,242,0.016805555555555556,22,18,0.6111111111111112,61.53305785123967,52.55785123966942,0.08645833333333333,0.006875,0.02263888888888889,0.015694444444444445,0.01125,1,58.672945855081565,49.598184268016695,12.394690284778047,4.648592639105622,0.9270057568545272,-138.73315411269525,1.5143458632702678,1.5143458632702678,0.02740604110252083,-38,-0.7413888888888884,-10676,0.6767074424312634,300.1818181818182,40.59291962851332,6.512954545454545,0.6160667107812418
RHF_MPM_P44,1194,0.0597,59.7,0,255,4.565138888888889,27.296236131107058,65738,257.79607843137256,15,199,255,0.8980754752881933,109,109,204,0.014166666666666666,19,16,0.6710526315789473,62.42156862745098,53.31372549019608,0.08069444444444444,0.005694444444444445,0.018958333333333334,0.013402777777777777,0.009791666666666667,1,59.26158386321458,50.19532081900879,12.723271994274478,4.570506599609939,0.9332513103316962,-139.30709437914211,1.8637943060887532,1.8637943060887532,0.0329337673795978,-38,-0.7434027777777779,-10705,0.8384907662875863,299.3636363636364,42.3926938972716,6.429684343434342,0.7878585406274812
RHF_MPM_P44,1195,0.05975,59.75,0,255,4.139722222222222,26.18802588823448,59612,233.77254901960785,12,171,255,0.824151983554099,108,108,193,0.013402777777777777,18,17,0.630718954248366,62.73056994818653,53.44041450777202,0.07354166666666667,0.005138888888888889,0.017569444444444443,0.012361111111111111,0.008958333333333334,1,59.931741931154804,50.69219284707777,12.68458217919647,4.245896431279587,0.9423144663004621,-138.38795529507635,2.2667978334948975,2.2667978334948975,0.03613366436287996,-11,-0.425416666666667,-6126,0.8342623378187161,288.1818181818182,51.724476677906615,6.223920454545453,1.0271508006759411
RHF_MPM_P44,1196,0.0598,59.8,0,255,3.86625,25.718446683779113,55674,218.3294117647059,8,163,255,0.7405654405450968,107,107,187,0.012986111111111111,17,16,0.6875,62.94652406417112,53.62032085561497,0.06458333333333334,0.004930555555555555,0.01673611111111111,0.011875,0.00875,1,60.90701224988325,51.544311527822686,11.468897247908274,4.066625422606217,0.9350262151642708,-138.18735191286834,2.687914838822486,2.687914838822486,0.03247476380357079,-6,-0.2734722222222219,-3938,1.295090128395373,279.09090909090907,59.35785855218184,5.924109848484847,1.1790297659469868
RHF_MPM_P44,1197,0.05985,59.85,0,255,3.740763888888889,25.618224404487833,53867,211.24313725490197,4,165,255,0.6835775679408851,107,107,187,0.012986111111111111,17,16,0.6875,62.9572192513369,53.668449197860966,0.058611111111111114,0.004722222222222222,0.01659722222222222,0.011875,0.00875,1,61.589897339744184,52.09590287188817,10.42510982970414,4.496807174343403,0.9021876021752337,-138.01113324707316,3.0410456596273785,3.0410456596273785,0.025321625484990812,0,-0.12548611111111097,-1807,0.8778297424912999,269.0,64.4980619863884,5.611584595959596,1.2580732419627907
RHF_MPM_P44,1198,0.0599,59.9,0,255,3.6830555555555557,25.609819982820436,53036,207.98431372549018,2,164,255,0.6340990528254504,107,107,187,0.012986111111111111,17,16,0.6875,63.026737967914436,53.64171122994652,0.05326388888888889,0.004791666666666666,0.016458333333333332,0.011875,0.008819444444444444,1,62.0142544686628,52.48533071875707,9.393956683553125,4.457197627490311,0.8802689766987595,-137.9269157349553,3.164721475690468,3.164721475690468,0.019062523568896598,0,-0.05770833333333325,-831,0.575962690441834,257.0,66.332495807108,5.33179292929293,1.3124482733307474
RHF_MPM_P44,1199,0.05995,59.95,0,255,3.611388888888889,25.41654553553407,52004,203.93725490196078,0,161,255,0.5934673910178103,107,107,186,0.012916666666666667,17,16,0.6838235294117647,63.16129032258065,53.72043010752688,0.04909722222222222,0.004722222222222222,0.016458333333333332,0.011666666666666667,0.008472222222222223,1,62.52497884778094,52.9015844935005,8.005370329043576,4.308856352950774,0.8427879567344343,-137.80317760533475,2.6947209717897134,2.6947209717897134,0.012806707176371048,-1,-0.07166666666666677,-1032,0.6588676622917303,244.1818181818182,65.18061365693188,5.0546148989898985,1.3245017745801562
RHF_MPM_P44,1200,0.06,60.0,0,255,3.598263888888889,25.459885327212433,51815,203.19607843137254,0,164,255,0.5711448776605987,105,105,185,0.012847222222222222,17,16,0.6801470588235294,63.27567567567568,53.85405405405405,0.04673611111111111,0.004722222222222222,0.016319444444444445,0.01173611111111111,0.008541666666666666,1,62.864151307536424,53.17969699893853,6.720526224492373,4.507738599056622,0.7416908315218897,-137.3814535811155,1.3141971648085928,1.3141971648085928,0.010614686866737432,-1,-0.013125000000000053,-189,0.43861660152985826,230.45454545454547,60.10046685095283,4.764848484848485,1.2612427496520617
RHF_MPM_P44,1201,0.06005,60.05,0,255,3.687777777777778,25.88792115501736,53104,208.25098039215686,0,172,255,0.5664533267645289,109,109,186,0.012916666666666667,16,16,0.7265625,63.365591397849464,53.80107526881721,0.04618055555555556,0.005,0.016805555555555556,0.012013888888888888,0.008888888888888889,1,63.05056116300091,53.31954278397107,6.518438795361654,4.367988954118939,0.7422731714739507,-138.00798228704656,1.0432409459285559,1.0432409459285559,0.010244049412473637,1,0.08951388888888889,1289,0.2330353574152581,214.9090909090909,45.76313432021365,4.4536868686868685,1.048408689847188
RHF_MPM_P44,1202,0.0601,60.1,0,255,3.7288194444444445,25.994195452396674,53695,210.5686274509804,0,174,255,0.5753159108100574,108,108,191,0.01326388888888889,18,16,0.6631944444444444,63.29842931937173,53.769633507853406,0.046875,0.005,0.016805555555555556,0.012083333333333333,0.008819444444444444,1,63.066486637489525,53.31295278890027,6.416395196514617,4.568176167640416,0.702226429729975,-136.88887633805518,0.7356705984724712,0.7356705984724712,0.009870565229537201,5,0.04104166666666664,591,0.017235102921678777,202.54545454545453,29.174595537785752,4.179968434343435,0.7726050467699742
RHF_MPM_P44,1203,0.06015,60.15,0,255,3.6931944444444444,25.852216933003636,53182,208.55686274509804,0,176,255,0.5565416615290588,107,107,193,0.013402777777777777,17,17,0.6678200692041523,63.12435233160622,53.90155440414508,0.04493055555555556,0.004861111111111111,0.017013888888888887,0.012083333333333333,0.008611111111111111,1,62.94387198676244,53.469087285171675,6.365784817119503,4.211097150901973,0.7499270824253628,-138.06648655661064,0.5714854596788538,0.5714854596788538,0.008386296115226956,2,-0.03562500000000002,-513,0.19852539761665555,194.63636363636363,15.858881808986563,3.965719696969697,0.5046481211141244
RHF_MPM_P44,1204,0.0602,60.2,0,255,3.7598611111111113,26.083159743461533,54142,212.32156862745097,0,180,255,0.562119896043197,107,107,196,0.01361111111111111,18,17,0.6405228758169934,63.316326530612244,54.076530612244895,0.045625,0.005069444444444444,0.017152777777777777,0.012152777777777778,0.008611111111111111,1,63.00075726792509,53.53599793136567,6.310628055907349,4.342886168308336,0.7255342627101746,-139.0200440864129,0.3734524093445039,0.3734524093445039,0.009234974696169332,3,0.06666666666666687,960,0.08782351500055016,190.45454545454547,5.4998121680924275,3.8249305555555555,0.2734520893574628
RHF_MPM_P44,1205,0.06025,60.25,0,255,3.765138888888889,26.04487540194677,54218,212.61960784313726,0,175,255,0.56587288044775,105,105,199,0.013819444444444445,18,17,0.6503267973856209,63.23618090452261,54.040201005025125,0.04590277777777778,0.005,0.017222222222222222,0.012152777777777778,0.008611111111111111,1,62.980430853222174,53.4799513076838,6.451861942362085,4.481406136448675,0.7194047187482693,-137.7512127643465,0.6748171097208225,0.6748171097208225,0.009959791951012579,3,0.005277777777777715,76,0.05961868130722371,190.0,4.47213595499958,3.752203282828283,0.14142821674180234
RHF_MPM_P44,1206,0.0603,60.3,0,255,3.7688194444444445,26.05342987647713,54271,212.82745098039214,0,173,255,0.5754128311325408,107,107,194,0.013472222222222222,18,16,0.6736111111111112,63.49484536082474,54.2319587628866,0.04673611111111111,0.005,0.017152777777777777,0.012291666666666666,0.008888888888888889,1,63.039763409555746,53.57706694182897,6.476614459205717,4.478581909048629,0.7223760150665901,-139.03947941170628,0.8764196777672802,0.8764196777672802,0.01002376960070756,-5,0.0036805555555554648,53,0.11380596924807962,190.0909090909091,4.541816726107926,3.718484848484849,0.0723754433969662
RHF_MPM_P44,1207,0.06035,60.35,0,255,3.7886805555555556,26.14501221144952,54557,213.94901960784313,0,175,255,0.5594330643319112,105,105,199,0.013819444444444445,18,17,0.6503267973856209,63.447236180904525,54.085427135678394,0.045,0.004791666666666666,0.017361111111111112,0.012430555555555556,0.008888888888888889,1,63.04542038601829,53.58817383653793,6.290606295735151,4.323488910137007,0.7263804091567957,-138.2110227029633,0.43447877406092367,0.43447877406092367,0.00881646718111333,5,0.019861111111111107,286,0.012464529384371826,191.1818181818182,5.077905470461433,3.711433080808082,0.060427378249962714
RHF_MPM_P44,1208,0.0604,60.4,0,255,3.7600694444444445,25.927698670119387,54145,212.33333333333334,0,171,255,0.5785526594977831,106,106,195,0.013541666666666667,17,17,0.6747404844290658,63.48717948717949,54.0974358974359,0.04694444444444444,0.004791666666666666,0.017222222222222222,0.012152777777777778,0.00875,1,63.08490165296888,53.47317388493859,6.551915647572503,4.55006961434491,0.7195274412405231,-139.01351989289128,0.8231735934913469,0.8231735934913469,0.010434943208052452,-4,-0.028611111111111143,-412,0.12158848345083977,191.9090909090909,4.999173485406371,3.7131881313131316,0.0615241754433846
RHF_MPM_P44,1209,0.06045,60.45,0,255,3.6745833333333335,25.59047823342264,52914,207.50588235294117,0,162,255,0.56621624466985,105,105,189,0.013125,17,16,0.6948529411764706,63.66137566137566,54.31216931216931,0.045625,0.004652777777777777,0.016944444444444446,0.011666666666666667,0.008680555555555556,1,63.17377253656877,53.620421816532485,6.393236267454062,4.569975074138736,0.6993145799323696,-136.52834155189393,0.7607370670441321,0.7607370670441321,0.010980080885965906,-6,-0.08548611111111093,-1231,0.17198833480938594,192.0909090909091,4.851514205136848,3.7124179292929296,0.06194814458038556
RHF_MPM_P44,1210,0.0605,60.5,0,255,3.6525,25.519498414066756,52596,206.25882352941176,0,161,255,0.563717618829028,105,105,189,0.013125,17,16,0.6948529411764706,63.714285714285715,54.2962962962963,0.04555555555555556,0.0044444444444444444,0.016944444444444446,0.011597222222222222,0.008611111111111111,1,63.191231272340104,53.74176743478591,6.414489575155138,4.501365083622339,0.7124237423028488,-138.9930094615975,0.9959536535229017,0.9959536535229017,0.011008441706593658,0,-0.022083333333333677,-318,0.12259513254628074,192.36363636363637,4.578064840732426,3.7161553030303027,0.05676341847390978
RHF_MPM_P44,1211,0.06055,60.55,0,255,3.6470833333333332,25.54518121211361,52518,205.95294117647057,0,164,255,0.5541012090447833,105,105,193,0.013402777777777777,17,16,0.7095588235294118,63.652849740932645,54.4300518134715,0.04451388888888889,0.004652777777777777,0.01673611111111111,0.011666666666666667,0.008611111111111111,1,63.24313568681214,53.85764880612361,6.191647805770444,4.453430453378086,0.6947366738467851,-139.55084168328233,0.7681258807722923,0.7681258807722923,0.010682051867930996,4,-0.005416666666666625,-78,0.12697464496816133,193.0909090909091,3.941724252487054,3.7205934343434337,0.04870955367347855
RHF_MPM_P44,1212,0.0606,60.6,0,255,3.6190277777777777,25.40136969511915,52114,204.3686274509804,0,157,255,0.5555651959449105,104,104,193,0.013402777777777777,17,16,0.7095588235294118,63.715025906735754,54.38341968911917,0.04479166666666667,0.0044444444444444444,0.01673611111111111,0.011666666666666667,0.008333333333333333,1,63.30162720190352,53.86174540430594,6.32480185382887,4.3876605870118945,0.7202418925546807,-140.1485953161413,1.1998903474635383,1.1998903474635383,0.010534597229151475,0,-0.0280555555555555,-404,0.058634797299495646,193.72727272727272,3.2499205330399046,3.714343434343435,0.0563333056560699
RHF_MPM_P44,1213,0.06065,60.65,0,255,3.6424305555555554,25.549649207923682,52451,205.69019607843137,0,164,255,0.5516690240315937,103,103,190,0.013194444444444444,17,16,0.6985294117647058,63.857894736842105,54.463157894736845,0.044375,0.0045138888888888885,0.016805555555555556,0.01173611111111111,0.008541666666666666,1,63.42523498122057,53.900459476463745,6.06691748691951,4.422974409880465,0.6844800675652963,-137.44116674331593,0.7817018754861771,0.7817018754861771,0.010123734533183352,-3,0.02340277777777766,337,0.12952861649354383,193.63636363636363,3.3377381364883307,3.7064898989898993,0.05968957854952286
RHF_MPM_P44,1214,0.0607,60.7,0,255,3.570763888888889,25.24825886680828,51419,201.64313725490197,0,162,255,0.5491092203971447,104,104,187,0.012986111111111111,16,15,0.7791666666666667,63.93582887700535,54.6951871657754,0.04416666666666667,0.0044444444444444444,0.01659722222222222,0.011597222222222222,0.008194444444444445,1,63.484081759660825,54.09317567436162,6.0338129074338465,4.502763515717811,0.6656600935027623,-139.0552551417294,1.0373004005568573,1.0373004005568573,0.011279877088235865,-3,-0.07166666666666632,-1032,0.20150056145085224,193.0909090909091,3.8483655433666777,3.695359848484849,0.07139736823599616
RHF_MPM_P44,1215,0.06075,60.75,0,255,3.6372916666666666,25.493297831618353,52377,205.4,0,164,255,0.5417948343617214,103,103,192,0.013333333333333334,17,15,0.7529411764705882,63.734375,54.609375,0.043541666666666666,0.004375,0.017013888888888887,0.011944444444444445,0.008263888888888888,1,63.4124329381217,54.066670485136605,5.896140964520455,4.621510389831932,0.6209886936403208,-138.9561652898017,0.6365524773203757,0.6365524773203757,0.009737098344693282,5,0.06652777777777752,958,0.07639423200608501,192.72727272727272,3.7438655058134547,3.6842171717171723,0.07001245036000894
RHF_MPM_P44,1216,0.0608,60.8,0,255,3.6083333333333334,25.222761711068312,51960,203.76470588235293,0,159,255,0.5564817186021447,104,104,188,0.013055555555555556,16,15,0.7833333333333333,63.920212765957444,54.734042553191486,0.04465277777777778,0.004375,0.016805555555555556,0.011597222222222222,0.008194444444444445,1,63.39719014626636,54.02990762124711,6.074178059509813,4.481260497421309,0.6750676125253666,-139.90357098903252,0.6267903038444029,0.6267903038444029,0.010431100846805234,-4,-0.028958333333333197,-417,0.039797623860005286,191.72727272727272,3.3868974563994834,3.6699621212121216,0.06802000826191981
RHF_MPM_P44,1217,0.06085,60.85,0,255,3.595625,25.323995434138425,51777,203.04705882352943,0,159,255,0.5556154896668712,106,106,186,0.012916666666666667,16,15,0.775,63.935483870967744,54.76881720430107,0.04486111111111111,0.0043055555555555555,0.01638888888888889,0.011597222222222222,0.008263888888888888,1,63.47188906271124,54.10045000675976,6.063807158678535,4.840025700813219,0.6024155113690706,-139.47552766172223,1.1148858428946902,1.1148858428946902,0.012940108542402998,-2,-0.012708333333333321,-183,0.10274315681277242,191.0,3.668043818514912,3.6542171717171716,0.06318820101046625
RHF_MPM_P44,1218,0.0609,60.9,0,255,3.6573611111111113,25.52554469399535,52666,206.53333333333333,0,161,255,0.5538164559450569,105,105,193,0.013402777777777777,16,16,0.75390625,63.84974093264249,54.5440414507772,0.044375,0.004375,0.016875,0.011944444444444445,0.008333333333333333,1,63.472581931416855,54.037652375346525,5.8915999705459186,4.535798651390623,0.6381940675925608,-137.79025011808673,0.6286262643631549,0.6286262643631549,0.010481145330953557,7,0.061736111111111214,889,0.06280145363091075,190.45454545454547,2.7753340949952268,3.642279040404041,0.04698356599166926
RHF_MPM_P44,1219,0.06095,60.95,0,255,3.6928472222222224,25.54817136213238,53177,208.53725490196078,0,165,255,0.5573251400433383,104,104,194,0.013472222222222222,16,16,0.7578125,63.86082474226804,54.43298969072165,0.044444444444444446,0.004375,0.017222222222222222,0.011944444444444445,0.008333333333333333,1,63.420764616281474,53.79998871692649,6.013884105049493,4.729760133008983,0.6176240966278035,46.66349735377663,-0.6794815922807896,0.6794815922807896,0.009383756135171221,1,0.03548611111111111,511,0.24324688832836758,190.36363636363637,2.6379305688267105,3.6361679292929283,0.03378241805421628
RHF_MPM_P44,1220,0.061,61.0,0,255,3.64,25.28669742506258,52416,205.5529411764706,0,157,255,0.5686547505368075,104,104,188,0.013055555555555556,16,15,0.7833333333333333,63.97872340425532,54.73936170212766,0.04569444444444445,0.004375,0.016666666666666666,0.011666666666666667,0.008194444444444445,1,63.36307615995116,53.9373282967033,6.157598098896922,4.606970793057874,0.6634996452755102,-136.50670334976124,0.9532034264260721,0.9532034264260721,0.014384920634920634,-6,-0.05284722222222227,-761,0.14896347930631892,190.27272727272728,2.699862255439545,3.633023989898989,0.03159974548195012
RHF_MPM_P44,1221,0.06105,61.05,0,255,3.633263888888889,25.375491602513865,52319,205.17254901960786,0,159,255,0.5617103542526067,105,105,188,0.013055555555555556,16,15,0.7833333333333333,63.96808510638298,54.70744680851064,0.04527777777777778,0.004375,0.016666666666666666,0.01173611111111111,0.008402777777777778,1,63.46495536994209,53.988971501748885,6.074499332110279,4.641297076097921,0.6451422429694299,-135.77972470363449,1.1749614639818289,1.1749614639818289,0.01227087673694069,0,-0.006736111111111054,-97,0.11422081270834884,190.1818181818182,2.757409252382382,3.6312752525252523,0.03100012717775914
RHF_MPM_P44,1222,0.0611,61.1,0,255,3.681111111111111,25.83775454401065,53008,207.87450980392157,0,171,255,0.5419971288214163,104,104,194,0.013472222222222222,16,15,0.8083333333333333,63.94845360824742,54.69072164948454,0.04375,0.004722222222222222,0.016875,0.012222222222222223,0.008541666666666666,1,63.60594627226079,54.21034560821008,5.664444019988701,4.709487513014852,0.5556562398213463,-139.3182404619303,0.857293470153791,0.857293470153791,0.010998339873226683,6,0.04784722222222193,689,0.2624593864736687,190.27272727272728,2.863275590549749,3.634368686868687,0.03397798942785808
RHF_MPM_P44,1223,0.06115,61.15,0,255,3.7984722222222222,26.20142750350542,54698,214.50196078431372,0,180,255,0.550483795004126,106,106,200,0.013888888888888888,17,15,0.7843137254901961,63.715,54.565,0.04423611111111111,0.004861111111111111,0.017847222222222223,0.012569444444444444,0.008680555555555556,1,63.41438443818787,54.08170317013419,5.761905865712163,4.68700774873371,0.5816383873001297,-141.75299770899352,0.41736209340617986,0.41736209340617986,0.009323924092288566,6,0.11736111111111125,1690,0.23074837626187386,190.9090909090909,3.9647204522466413,3.650681818181819,0.0575775109659029
RHF_MPM_P44,1224,0.0612,61.2,0,255,3.755625,25.86426782848916,54081,212.08235294117648,0,166,255,0.5545544077319682,105,105,195,0.013541666666666667,17,15,0.7647058823529411,63.69230769230769,54.57948717948718,0.044444444444444446,0.0045138888888888885,0.017430555555555557,0.012152777777777778,0.008402777777777778,1,63.26443667831586,54.036167970266824,5.83104548151868,4.6920820927562445,0.5937188956285352,-142.0448195771012,0.3811846791118282,0.3811846791118282,0.00963369760174553,-5,-0.04284722222222204,-617,0.15670923749924204,191.36363636363637,4.118091510147681,3.660972222222222,0.06484039072708347
RHF_MPM_P44,1225,0.06125,61.25,0,255,3.673958333333333,25.556821543125285,52905,207.47058823529412,0,166,255,0.5598569804650345,105,105,192,0.013333333333333334,17,15,0.7529411764705882,63.953125,54.640625,0.045,0.0045138888888888885,0.016875,0.01173611111111111,0.008402777777777778,1,63.48360268405633,54.11038654191475,5.791182549530262,4.808991803136358,0.5571692866832146,-144.2603440234575,0.508102149339595,0.508102149339595,0.01394953218032322,-3,-0.081666666666667,-1176,0.23139173375401623,191.8181818181818,3.880444721893281,3.6703535353535357,0.058239345688379705
RHF_MPM_P44,1226,0.0613,61.3,0,255,3.7711111111111113,26.078113937614617,54304,212.95686274509805,0,177,255,0.5698761323780588,106,106,198,0.01375,17,15,0.7764705882352941,63.9040404040404,54.5959595959596,0.04631944444444445,0.005,0.017152777777777777,0.012361111111111111,0.00875,1,63.52605701237478,54.10660356511491,5.742989214975097,4.833978625866858,0.5399170750969402,-144.27519268254736,1.0949774633011393,1.0949774633011393,0.013258691809074838,6,0.09715277777777809,1399,0.04262253988723335,192.36363636363637,4.269824933024501,3.6825189393939395,0.06377593557965497
RHF_MPM_P44,1227,0.06135,61.35,0,255,3.7086805555555555,25.648945336410566,53405,209.4313725490196,0,166,255,0.5606526862256258,105,105,193,0.013402777777777777,16,15,0.8041666666666667,63.89119170984456,54.78238341968912,0.04486111111111111,0.0044444444444444444,0.017430555555555557,0.01173611111111111,0.008611111111111111,1,63.490759292201105,54.330455949817434,5.713204685803056,4.755817874105382,0.5541368153171122,-138.60437264540047,0.3750890604014851,0.3750890604014851,0.011309802452953844,-5,-0.06243055555555577,-899,0.22661822342094678,192.8181818181818,4.041111049253249,3.691641414141414,0.0595487428785484
RHF_MPM_P44,1228,0.0614,61.4,0,255,3.79375,26.326237753823335,54630,214.23529411764707,0,181,255,0.538917125065064,108,108,195,0.013541666666666667,16,16,0.76171875,64.2051282051282,55.15384615384615,0.043194444444444445,0.005208333333333333,0.017430555555555557,0.012430555555555556,0.009027777777777777,1,63.7334431630972,54.75844773933736,5.378777440329112,4.4748342743816,0.5548616519575189,-146.5760290943835,0.3380947081938019,0.3380947081938019,0.010580267252425408,2,0.08506944444444464,1225,0.4920085701383497,193.63636363636363,3.444962785726621,3.709652777777778,0.05771803772225194
RHF_MPM_P44,1229,0.06145,61.45,0,12,0.020694444444444446,0.3533405124620068,298,24.833333333333332,0,0,7,0.060904759366690354,2,8,10,0.0006944444444444445,89,107,0.0010500892575868949,90.0,62.6,0.005,0.0,0.0,0.0,0.0,0,87.23154362416108,61.39261744966443,34.493198445665406,24.376756658278932,0.707501359511002,113.48273049235763,-0.19408216885544438,0.19408216885544438,0.0,-185,-3.7730555555555556,-54332,24.4166527809131,177.0,52.92189785643815,3.379046717171718,1.0634429598297566
RHF_MPM_P44,1230,0.0615,61.5,0,255,3.2021527777777776,22.576989473773537,46111,180.82745098039214,3,96,255,0.6669053007681987,107,107,139,0.009652777777777777,13,14,0.7637362637362637,67.15107913669065,57.63309352517986,0.05611111111111111,0.003263888888888889,0.013472222222222222,0.008472222222222223,0.006597222222222222,1,68.98718310164602,59.48125176205244,8.338920246370254,5.1139116150406645,0.7898824735763279,53.45646883658759,0.4571432837507125,0.4571432837507125,0.01665546182038993,129,3.181458333333333,45813,18.344209158949486,172.0,53.672406995841655,3.334438131313131,1.059629083495954
RHF_MPM_P44,1231,0.06155,61.55,0,255,6.402361111111111,28.6971648809239,92194,361.5450980392157,32,179,255,1.353163210622998,101,101,240,0.016666666666666666,25,27,0.35555555555555557,71.1125,62.27916666666667,0.12430555555555556,0.005694444444444445,0.029097222222222222,0.013541666666666667,0.009375,1,79.16702822309477,70.72276937761677,20.329621730478465,4.6113871937632,0.9739341481606468,46.91551250321075,0.7593468097006082,0.7593468097006082,0.016801527214352345,101,3.2002083333333338,46083,15.165782703102638,176.72727272727272,57.05673557416482,3.5855618686868684,1.38091012967648
RHF_MPM_P44,1232,0.0616,61.6,0,255,6.331041666666667,30.430922372069674,91167,357.5176470588235,30,236,255,1.2106174174584847,112,112,231,0.016041666666666666,21,21,0.5238095238095238,70.16017316017316,60.61471861471861,0.10993055555555556,0.0077777777777777776,0.028194444444444446,0.014791666666666667,0.011597222222222222,1,77.48415545098555,68.87392367852402,19.346935546804048,4.377846418084384,0.9740620363517317,48.81854689107802,1.0488939599451408,1.0488939599451408,0.022793335307731963,-9,-0.07131944444444471,-1027,2.5000582365537665,180.63636363636363,59.13047626343369,3.8308143939393933,1.5911627445044405
RHF_MPM_P44,1233,0.06165,61.65,0,255,6.519652777777778,31.121413713809712,93883,368.1686274509804,32,240,255,1.211547585999364,112,112,253,0.017569444444444443,21,20,0.6023809523809524,70.43873517786561,60.952569169960476,0.10979166666666666,0.007430555555555556,0.02375,0.016458333333333332,0.012986111111111111,1,78.6959619952494,69.4904721834624,22.31006362649629,4.406889158664433,0.9802970022873431,47.60190526219471,1.1508735635071172,1.1508735635071172,0.010406569879530906,22,0.18861111111111128,2716,1.3596349361731064,186.0,62.66940677439468,4.088863636363636,1.7664742730115366
RHF_MPM_P44,1234,0.0617,61.7,0,255,5.8741666666666665,32.342249618983935,84588,331.7176470588235,16,252,255,0.9224662714116401,111,111,285,0.019791666666666666,23,21,0.5900621118012422,70.95087719298246,61.04210526315789,0.08208333333333333,0.009305555555555555,0.02451388888888889,0.018472222222222223,0.014444444444444444,1,73.05740767011869,62.60899891237528,11.915311403346962,4.310966456502192,0.932255516264584,-139.47912794473766,-1.8637688918503332,1.8637688918503332,0.02579562112829243,32,-0.6454861111111114,-9295,8.896514444328002,193.72727272727272,68.85437981591811,4.277563131313131,1.834914963910119
RHF_MPM_P44,1235,0.06175,61.75,0,255,6.352013888888889,34.191491633313085,91469,358.7019607843137,17,255,255,0.8918425866897135,112,112,318,0.022083333333333333,24,22,0.6022727272727273,71.42767295597484,61.41509433962264,0.07798611111111112,0.010138888888888888,0.027916666666666666,0.020763888888888887,0.01638888888888889,1,72.47794334692628,62.140178639757735,8.988006280803681,4.686064587589158,0.8533315556879955,-140.28725399547452,-0.6483641258722193,0.6483641258722193,0.00994872579781128,33,0.47784722222222253,6881,0.7453665875728704,204.9090909090909,77.58684816555228,4.513598484848486,1.9177195058899288
RHF_MPM_P44,1236,0.0618,61.8,0,255,6.865763888888889,35.38688701105453,98867,387.71372549019605,19,255,255,0.9599032392731228,109,109,356,0.024722222222222222,25,23,0.6191304347826087,71.95224719101124,61.73314606741573,0.085,0.01125,0.030972222222222224,0.0225,0.016875,1,73.00121375180798,62.416974319034665,9.715812492514921,4.862618133845385,0.8657452245167151,-140.70811724550342,-0.5460349858231655,0.5460349858231655,0.010974339263859528,38,0.5137499999999999,7398,0.5919693950631527,219.8181818181818,88.64312328536897,4.803762626262626,2.008067096880556
RHF_MPM_P44,1237,0.06185,61.85,0,255,7.2345138888888885,36.270259708844506,104177,408.5372549019608,24,255,255,1.0219275185158367,112,112,359,0.024930555555555556,26,23,0.6003344481605352,72.09470752089136,62.06685236768802,0.09125,0.011875,0.03159722222222222,0.02326388888888889,0.018055555555555554,1,73.78778425180222,63.19207694596696,10.604661335475404,4.640828410900344,0.8991592586239757,-140.46252442200847,-0.677974425275925,0.677974425275925,0.012536356393445771,3,0.36874999999999947,5310,1.1042994311954228,234.45454545454547,96.75307243076774,5.118617424242424,2.091267160195027
RHF_MPM_P44,1238,0.0619,61.9,0,255,7.28,35.81953905032528,104832,411.1058823529412,26,255,255,1.0611333085027173,110,110,356,0.024722222222222222,27,24,0.5493827160493827,72.36235955056179,62.2247191011236,0.09451388888888888,0.011180555555555555,0.03201388888888889,0.022916666666666665,0.017430555555555557,1,74.48133203601954,63.76829594017094,11.613627620923143,4.62051829794361,0.9174491121377623,-140.02528579183593,-0.7952550080858699,0.7952550080858699,0.01221001221001221,-3,0.04548611111111178,655,0.9016855650803061,249.27272727272728,101.62863850947357,5.443282828282829,2.1241372683586137
RHF_MPM_P44,1239,0.06195,61.95,0,255,6.890902777777778,34.05102544575147,99229,389.1333333333333,27,254,255,1.0651561508946215,106,106,337,0.02340277777777778,27,24,0.5200617283950617,72.10089020771514,61.99406528189911,0.09381944444444444,0.009652777777777777,0.03125,0.020833333333333332,0.015069444444444444,1,74.78450856100535,64.04537987886606,12.60791627290497,4.484369318807108,0.9346082316939599,-139.54321815093803,-0.9110851933731563,0.9110851933731563,0.013443650545707404,-19,-0.3890972222222224,-5603,0.4107207255365576,262.1818181818182,102.92523162852306,5.724842171717172,2.091849185140353
RHF_MPM_P44,1240,0.062,62.0,0,255,6.562986111111111,32.8942168925182,94507,370.6156862745098,25,252,255,1.101809494974776,110,110,296,0.020555555555555556,23,21,0.6128364389233955,70.82432432432432,60.804054054054056,0.09895833333333333,0.009097222222222222,0.028055555555555556,0.019097222222222224,0.014097222222222223,1,74.58123736866052,63.76441956680458,13.22791721953228,4.505229921774187,0.940213737079137,-139.28726262746733,-1.1337953520783524,1.1337953520783524,0.019564688329964976,-41,-0.32791666666666686,-4722,0.34678217167405423,288.1818181818182,65.1164246586879,6.319595959595959,1.0620860419489349
RHF_MPM_P44,1241,0.06205,62.05,0,255,6.1843055555555555,31.973807480428796,89054,349.2313725490196,24,249,255,1.0679425008752723,108,108,289,0.020069444444444445,23,20,0.6282608695652174,70.69204152249135,60.61937716262976,0.09618055555555556,0.00875,0.025416666666666667,0.018194444444444444,0.013402777777777777,1,74.3589395198419,63.65223347631774,13.442033329851338,4.408517506552566,0.9446898473871943,-139.30292879813027,-1.3672804369779816,1.3672804369779816,0.02581579715678128,-7,-0.37868055555555546,-5453,0.24900211342097076,301.8181818181818,45.06725919378356,6.590700757575758,0.4155686072585271
RHF_MPM_P44,1242,0.0621,62.1,0,255,5.411319444444445,29.515422939788984,77923,305.58039215686273,20,227,255,1.0200590151810724,107,107,247,0.017152777777777777,21,19,0.6190476190476191,69.67206477732793,60.064777327935225,0.09215277777777778,0.006944444444444444,0.02236111111111111,0.01513888888888889,0.011458333333333333,1,73.89013513340092,63.409378489021215,13.991585968711592,4.2164129498529315,0.9535124999307458,-139.33041836598696,-1.5247502482653588,1.5247502482653588,0.029721648293828524,-42,-0.7729861111111109,-11131,0.5279735766125974,302.45454545454544,44.23154702320636,6.50060606060606,0.5364742475745052
RHF_MPM_P44,1243,0.06215,62.15,0,255,4.885763888888889,28.185865106070178,70355,275.9019607843137,17,212,255,0.958989108104645,108,108,220,0.015277777777777777,19,18,0.6432748538011696,69.0409090909091,59.53636363636364,0.08708333333333333,0.006458333333333333,0.01951388888888889,0.013819444444444445,0.010902777777777779,1,73.16904271196077,62.893852604647854,13.903584632547531,4.123259615143248,0.9550139426963915,-138.849316915762,-1.806363977042104,1.806363977042104,0.03343045981095871,-27,-0.525555555555556,-7568,0.8864204519963145,301.45454545454544,45.9275390476695,6.369217171717171,0.7106284360865593
RHF_MPM_P44,1244,0.0622,62.2,0,255,4.663333333333333,27.90635610593241,67152,263.3411764705882,15,206,255,0.9109418190619114,109,109,216,0.015,19,18,0.631578947368421,69.06481481481481,59.50925925925926,0.0825,0.0061805555555555555,0.01902777777777778,0.013680555555555555,0.010486111111111111,1,72.43257088396474,62.297802001429595,12.917167907696278,4.215833373621633,0.9452405664079575,-138.74064848521405,-1.984144287602837,1.984144287602837,0.033372051465332384,-4,-0.22243055555555546,-3203,0.9474529407989932,298.09090909090907,50.48213823712042,6.200460858585857,0.8596544595979494
RHF_MPM_P44,1245,0.06225,62.25,0,255,4.4655555555555555,27.518487366015957,64304,252.17254901960786,14,201,255,0.8568264313960888,109,109,209,0.014513888888888889,19,18,0.6111111111111112,69.0,59.42583732057416,0.07736111111111112,0.0059722222222222225,0.018472222222222223,0.01326388888888889,0.010138888888888888,1,71.83464481214233,61.828844239860665,12.099201179663785,4.200164554887859,0.9378118543811558,-138.7391455731203,-1.9299798941277555,1.9299798941277555,0.03289064443891515,-7,-0.1977777777777776,-2848,0.7598927355230632,291.1818181818182,56.62768064185601,6.072405303030303,0.9932550583986918
RHF_MPM_P44,1246,0.0623,62.3,0,255,4.408680555555556,27.64590575842128,63485,248.9607843137255,12,207,255,0.8233700856969857,109,109,212,0.014722222222222222,19,17,0.6563467492260062,68.90094339622641,59.37264150943396,0.07388888888888889,0.0060416666666666665,0.018333333333333333,0.013402777777777777,0.010416666666666666,1,71.38412223359849,61.40792313144837,11.112214891886518,4.171023371268386,0.9268812018979463,-138.92037488781398,-2.067482284457898,2.067482284457898,0.03325194927935733,3,-0.05687499999999979,-819,0.6165591401356602,281.54545454545456,60.1533852086989,5.895738636363635,1.095386547514468
RHF_MPM_P44,1247,0.06235,62.35,0,255,4.2809027777777775,27.52776975198546,61645,241.7450980392157,11,204,255,0.7625758017209308,109,109,213,0.014791666666666667,19,18,0.6228070175438597,68.84507042253522,59.35680751173709,0.06729166666666667,0.006111111111111111,0.018194444444444444,0.013402777777777777,0.010277777777777778,1,70.804315029605,60.913942736637196,9.81782051475425,4.215225344402143,0.9031408894036185,-138.51949538772593,-1.8985009034908047,1.8985009034908047,0.030870305783112985,1,-0.1277777777777782,-1840,0.7617040266800221,268.54545454545456,58.07419022464225,5.660751262626262,1.1384968043590917
RHF_MPM_P44,1248,0.0624,62.4,0,255,4.246041666666667,27.591080576649272,61143,239.7764705882353,9,208,255,0.739645790522997,109,109,213,0.014791666666666667,19,18,0.6228070175438597,68.84507042253522,59.35680751173709,0.06444444444444444,0.0060416666666666665,0.018055555555555554,0.01326388888888889,0.010347222222222223,1,70.3999967289796,60.47123955317861,8.792922339495039,4.505105549435327,0.8587732192838566,-139.09483300479516,-1.5731022877634986,1.5731022877634986,0.027591057030240583,0,-0.03486111111111079,-502,0.5995493281331973,255.27272727272728,52.2791300426521,5.38907196969697,1.085888539638537
RHF_MPM_P44,1249,0.06245,62.45,0,255,4.2775,27.894273493855327,61596,241.5529411764706,6,215,255,0.7040339643146987,106,106,218,0.01513888888888889,19,18,0.6374269005847953,68.90366972477064,59.46330275229358,0.06055555555555556,0.006319444444444444,0.018333333333333333,0.013680555555555555,0.010694444444444444,1,70.15632508604455,60.2774855510098,8.107371330642565,4.271259869619634,0.8499665916538668,-139.79100682770735,-1.1358278002170774,1.1358278002170774,0.022615104876940063,5,0.031458333333333144,453,0.3113141225950087,242.72727272727272,42.18593240123992,5.116117424242424,0.9444156698001387
RHF_MPM_P44,1250,0.0625,62.5,0,255,4.390138888888889,28.267153346491103,63218,247.91372549019607,7,217,255,0.7147995114573581,110,110,221,0.015347222222222222,19,18,0.6461988304093568,69.04524886877829,59.53393665158371,0.06152777777777778,0.006458333333333333,0.019097222222222224,0.014166666666666666,0.010763888888888889,1,70.26929039197697,60.374355405106144,8.130392646294997,4.378557448438549,0.84259870415626,-139.64299457961638,-0.9884456146312929,0.9884456146312929,0.02094340219557721,3,0.11263888888888918,1622,0.1488117232514006,232.1818181818182,30.056970699045934,4.888775252525253,0.7757567109382509
RHF_MPM_P44,1251,0.06255,62.55,0,255,4.4089583333333335,28.360622451902827,63489,248.9764705882353,6,219,255,0.7064865747358129,110,110,222,0.015416666666666667,19,18,0.6491228070175439,69.02702702702703,59.472972972972975,0.06069444444444445,0.006527777777777778,0.01923611111111111,0.014375,0.011041666666666667,1,70.18318133849958,60.244073776559716,7.84835698544068,4.449598526908275,0.823754614959123,-138.7917564610699,-0.9461582983175837,0.9461582983175837,0.019924711367323475,1,0.0188194444444445,271,0.15616680770087063,225.45454545454547,22.301095107084013,4.692954545454545,0.5740780953101877
RHF_MPM_P44,1252,0.0626,62.6,0,255,4.367222222222222,28.15086357577203,62888,246.61960784313726,7,214,255,0.7064451162279708,109,109,221,0.015347222222222222,19,18,0.6461988304093568,68.9502262443439,59.46606334841629,0.06055555555555556,0.006388888888888889,0.018819444444444444,0.014097222222222223,0.010763888888888889,1,70.16503943518636,60.311474367128866,8.043914440721947,4.330928515094053,0.8426826591297252,-140.06617006299396,-0.7044664244378815,0.7044664244378815,0.020210533011067296,-1,-0.04173611111111164,-601,0.06979948613633549,219.27272727272728,9.68683182179817,4.527765151515151,0.3312556100606269
RHF_MPM_P44,1253,0.06265,62.65,0,255,4.414444444444444,28.47942068352402,63568,249.28627450980392,6,221,255,0.687603538732716,109,109,227,0.01576388888888889,19,18,0.6637426900584795,69.03964757709251,59.519823788546255,0.05875,0.006527777777777778,0.019305555555555555,0.014652777777777778,0.011041666666666667,1,70.07017681852504,60.2176252202366,7.7264387621211545,4.406222873713984,0.8214513313782571,-139.05034928916322,-0.7248888691072252,0.7248888691072252,0.018090863327460356,6,0.0472222222222225,680,0.13344129200602925,217.45454545454547,5.105498575308717,4.437140151515151,0.178086972721768
RHF_MPM_P44,1254,0.0627,62.7,0,255,4.341527777777777,28.184499244547442,62518,245.16862745098038,5,216,255,0.6881018085855496,109,109,221,0.015347222222222222,19,18,0.6461988304093568,68.89140271493213,59.46153846153846,0.05875,0.006458333333333333,0.01902777777777778,0.014097222222222223,0.010833333333333334,1,70.0487859496465,60.1729901788285,7.708739129065984,4.339370540063884,0.8265142933693513,-139.5965293313071,-1.0479093692135242,1.0479093692135242,0.01956236603858089,-6,-0.07291666666666696,-1050,0.04949602199047612,217.54545454545453,5.158640348767675,4.387664141414141,0.10863471123284871
RHF_MPM_P44,1255,0.06275,62.75,0,255,4.365069444444444,28.28928908754179,62857,246.49803921568628,5,219,255,0.6882954815489365,108,108,225,0.015625,19,18,0.6578947368421053,68.84444444444445,59.4,0.058611111111111114,0.006458333333333333,0.019166666666666665,0.01423611111111111,0.011041666666666667,1,69.96431582799052,60.079943363507645,7.602128517124962,4.408648377583129,0.8146713668037654,-140.42158076287544,-0.9795631559950123,0.9795631559950123,0.0187409516839811,4,0.023541666666666572,339,0.12566985037760475,218.36363636363637,5.547689564506312,4.360549242424242,0.0648397514641809
RHF_MPM_P44,1256,0.0628,62.8,0,255,4.3713194444444445,28.293466505010965,62947,246.85098039215686,5,218,255,0.684901312253577,109,109,225,0.015625,19,18,0.6578947368421053,69.01777777777778,59.53777777777778,0.058194444444444444,0.006319444444444444,0.01923611111111111,0.014652777777777778,0.010833333333333334,1,70.10745547841836,60.25052822215515,7.740216281203593,4.2387669497103975,0.8367212627798782,-139.32213914893399,-0.7973932059679006,0.7973932059679006,0.017268495718620425,0,0.006250000000000533,90,0.22268397680208732,219.8181818181818,4.969327406805982,4.351982323232323,0.056026361793988
RHF_MPM_P44,1257,0.06285,62.85,0,255,4.280208333333333,27.762462616132467,61635,241.7058823529412,5,206,255,0.6922054218135101,107,107,223,0.015486111111111112,19,18,0.652046783625731,68.87443946188341,59.46636771300449,0.058888888888888886,0.0059722222222222225,0.019097222222222224,0.013819444444444445,0.010347222222222223,1,70.14991482112436,60.33789243124848,8.023881269717789,4.260142074713896,0.8474139005424465,-139.36115988863418,-1.041646321852415,1.041646321852415,0.019842621886914904,-2,-0.09111111111111114,-1312,0.09713547659598083,220.8181818181818,4.3655298921974435,4.34030303030303,0.056379264995216824
RHF_MPM_P44,1258,0.0629,62.9,0,255,4.260138888888889,27.75270447247016,61346,240.57254901960783,5,207,255,0.6939959390510027,108,108,216,0.015,18,17,0.7058823529411765,68.58333333333333,59.148148148148145,0.059236111111111114,0.006111111111111111,0.01888888888888889,0.01375,0.010416666666666666,1,69.9508688423043,60.164183483845726,8.003941625501596,4.270410327552806,0.8457758331034988,-139.43412503856007,-1.0612358895166776,1.0612358895166776,0.02172920809832752,-7,-0.02006944444444425,-289,0.26418573029632886,221.0909090909091,3.941724252487054,4.338415404040404,0.05863875684068545
RHF_MPM_P44,1259,0.06295,62.95,0,255,4.129236111111111,27.37185863710769,59461,233.18039215686275,4,206,255,0.6744020410334528,108,108,213,0.014791666666666667,18,17,0.696078431372549,68.50704225352112,59.04225352112676,0.05763888888888889,0.005902777777777778,0.018055555555555554,0.013472222222222222,0.010208333333333333,1,69.74026672945291,59.915978540556,7.849804109362826,4.379206453552651,0.829925245290646,-139.28209906897672,-1.049007440074282,1.049007440074282,0.02214897159482686,-3,-0.13090277777777803,-1885,0.3255133542743323,221.0909090909091,3.9417242524870546,4.327796717171717,0.08079507717737097
RHF_MPM_P44,1260,0.063,63.0,0,255,4.202152777777778,27.759223358672315,60511,237.2980392156863,4,211,255,0.6695011805385199,109,109,215,0.014930555555555556,18,17,0.7026143790849673,68.56279069767442,59.06511627906977,0.05701388888888889,0.00625,0.01875,0.013819444444444445,0.010347222222222223,1,69.7117218356993,59.92591429657418,7.649648540162769,4.303949308228272,0.8267063750102953,-139.34378980601215,-1.1832186280618906,1.1832186280618906,0.020128571664656012,2,0.07291666666666696,1050,0.03022466223232589,220.8181818181818,4.238742991590825,4.32094696969697,0.08767026020062638
RHF_MPM_P44,1261,0.06305,63.05,0,255,4.176111111111111,27.59483569617267,60136,235.82745098039214,3,203,255,0.6630315661215173,107,107,216,0.015,19,17,0.6687306501547987,68.72222222222223,59.138888888888886,0.05590277777777778,0.005902777777777778,0.018680555555555554,0.01375,0.010208333333333333,1,69.81104496474657,59.949481176001065,7.485565584850879,4.29915237652448,0.8186269230238531,-139.57146067475358,-1.3493066923161579,1.3493066923161579,0.0168784089397366,1,-0.026041666666666963,-375,0.10208076101628383,220.36363636363637,4.457327517138641,4.301489898989899,0.09369795302190348
RHF_MPM_P44,1262,0.0631,63.1,0,255,4.062708333333333,27.19729405246121,58503,229.42352941176472,2,197,255,0.6438270528756199,108,108,211,0.014652777777777778,18,17,0.6895424836601307,68.52132701421802,59.056872037914694,0.05402777777777778,0.005694444444444445,0.018125,0.01326388888888889,0.01,1,69.53110096918107,59.79001076867853,7.314456011709821,4.407975570418445,0.7980140234845393,-137.96881257425613,-0.5790273500620214,0.5790273500620214,0.01581115498350512,-5,-0.11340277777777796,-1633,0.3221792225839438,219.36363636363637,5.157038037702849,4.270012626262626,0.10918730214252634
RHF_MPM_P44,1263,0.06315,63.15,0,255,3.988125,26.94942146536189,57429,225.21176470588236,2,196,255,0.6382085877455135,109,109,202,0.014027777777777778,17,17,0.698961937716263,68.23267326732673,58.78217821782178,0.05347222222222222,0.005694444444444445,0.017847222222222223,0.013055555555555556,0.00986111111111111,1,69.39756917236936,59.64528374166362,7.20451902635209,4.3193170169909925,0.8003531447431639,-138.19542711663382,-0.7905514619695118,0.7905514619695118,0.018527224921207057,-9,-0.074583333333333,-1074,0.1969178841759628,217.63636363636363,7.1257883426419735,4.235549242424242,0.1307622727258194
RHF_MPM_P44,1264,0.0632,63.2,0,255,4.002152777777778,27.086126693464987,57631,226.00392156862745,1,198,255,0.6222526828559294,107,107,208,0.014444444444444444,18,17,0.6797385620915033,68.47115384615384,58.94711538461539,0.051875,0.005763888888888889,0.017986111111111112,0.012986111111111111,0.009930555555555555,1,69.40545886762332,59.623188908747025,7.030124390863085,4.328712001132267,0.7879512635672586,-137.72662533203493,-1.184678234545907,1.184678234545907,0.017178254758723605,6,0.01402777777777775,202,0.02346122189513207,215.9090909090909,6.947262972561018,4.198068181818183,0.13317922958129827
RHF_MPM_P44,1265,0.06325,63.25,0,255,3.8934027777777778,26.464766112050714,56065,219.86274509803923,1,181,255,0.6287699389946872,106,106,205,0.01423611111111111,18,17,0.6699346405228758,68.32682926829268,58.917073170731705,0.05243055555555556,0.005069444444444444,0.017708333333333333,0.012847222222222222,0.009166666666666667,1,69.28857576027825,59.52037813252475,7.134652948976706,4.316517312665011,0.7962199029031277,-139.44625246618514,-0.6484205776049968,0.6484205776049968,0.015018282350842772,-3,-0.10875000000000012,-1566,0.15566539914209404,214.45454545454547,7.3899641574187545,4.157329545454545,0.1504804821038588
RHF_MPM_P44,1266,0.0633,63.3,0,255,3.7027083333333333,25.66889369988589,53319,209.09411764705882,0,164,255,0.6019387074139149,105,105,194,0.013472222222222222,17,16,0.7132352941176471,68.14948453608247,58.54639175257732,0.049652777777777775,0.004861111111111111,0.016805555555555556,0.011875,0.008541666666666666,1,69.1024775408391,59.312027607419495,6.925888007555908,4.338519063455676,0.7794852186971563,-137.21330407315196,-0.8892012853283191,0.8892012853283191,0.015041542414523903,-11,-0.1906944444444445,-2746,0.27936085729760873,211.63636363636363,8.636842092009905,4.0971148989899,0.18407727408422023
RHF_MPM_P44,1267,0.06335,63.35,0,255,3.690138888888889,25.682705215824363,53138,208.3843137254902,0,163,255,0.5959165625949484,106,106,190,0.013194444444444444,16,16,0.7421875,67.92631578947369,58.32631578947368,0.04902777777777778,0.004861111111111111,0.01673611111111111,0.011944444444444445,0.008680555555555556,1,68.89933757386427,59.05090519025932,6.802695932291758,4.349697716931682,0.7688676742283054,-137.169679219987,-0.7833340580035806,0.7833340580035806,0.01631600737701833,-4,-0.012569444444444411,-181,0.3308334368320516,208.45454545454547,9.528556471457367,4.035189393939394,0.19563132331772592
RHF_MPM_P44,1268,0.0634,63.4,0,255,3.7334722222222223,26.02830599450669,53762,210.83137254901962,0,171,255,0.5984513055813004,107,107,192,0.013333333333333334,16,16,0.75,67.890625,58.28125,0.04972222222222222,0.005208333333333333,0.016944444444444446,0.012222222222222223,0.008888888888888889,1,68.80584799672631,58.85694356608757,6.528920726843048,4.526806881357725,0.7206039758800575,-138.03341903621006,-0.9720395440364777,0.9720395440364777,0.016442840668129906,2,0.043333333333333446,624,0.21531700509894022,205.63636363636363,9.393157347701447,3.9854861111111117,0.19651790406006686
RHF_MPM_P44,1269,0.06345,63.45,0,255,3.963125,27.03829257246794,57069,223.8,1,192,255,0.6048849130711261,108,108,207,0.014375,17,16,0.7610294117647058,68.26570048309179,58.52657004830918,0.050277777777777775,0.0059722222222222225,0.017777777777777778,0.013194444444444444,0.00986111111111111,1,68.97045681543395,59.050342567768844,6.645151886377871,4.50879539851397,0.7345920836180003,-137.03765391698775,-0.5115532693052096,0.5115532693052096,0.014105731658168183,15,0.22965277777777748,3307,0.25396699991856286,204.8181818181818,8.829889135700421,3.958484848484849,0.17628960514637568
RHF_MPM_P44,1270,0.0635,63.5,0,255,4.09875,27.492000828397543,59022,231.45882352941177,1,204,255,0.6148234817399776,106,106,213,0.014791666666666667,17,17,0.7370242214532872,68.35211267605634,58.70422535211268,0.051180555555555556,0.0060416666666666665,0.01861111111111111,0.01361111111111111,0.010208333333333333,1,69.12642743383823,59.26083494290265,6.540651204538723,4.383561677546861,0.7421781638403034,-137.05158545041698,-0.9253861241406619,0.9253861241406619,0.013842296092982279,6,0.1356250000000001,1953,0.2619806744683358,204.8181818181818,8.829889135700421,3.9557133838383844,0.1738055605270306
RHF_MPM_P44,1271,0.06355,63.55,0,255,3.9424305555555557,26.79101382684458,56771,222.6313725490196,1,187,255,0.606457334316379,108,108,204,0.014166666666666666,17,16,0.75,67.97058823529412,58.59313725490196,0.050208333333333334,0.005416666666666667,0.017847222222222223,0.013055555555555556,0.009583333333333333,1,68.78570044565006,59.018512973172925,6.360811625822114,4.611900592102397,0.688697202947876,-139.7271203032167,-1.0898540544317679,1.0898540544317679,0.014303077275369468,-9,-0.15631944444444423,-2251,0.4181086192527862,203.8181818181818,8.222122948796372,3.9321022727272723,0.1553891975788916
RHF_MPM_P44,1272,0.0636,63.6,0,255,3.9193055555555554,26.962075001873206,56438,221.32549019607842,0,190,255,0.5872995635428484,108,108,204,0.014166666666666666,16,17,0.75,67.72058823529412,58.279411764705884,0.04868055555555555,0.005694444444444445,0.0175,0.012986111111111111,0.009722222222222222,1,68.41739608065488,58.70468478684574,5.9992755520204195,4.327469498082384,0.6925894382697434,-140.5249256361042,-1.1632801476172503,1.1632801476172503,0.014830433395938907,0,-0.023125000000000284,-333,0.48387626084352964,202.72727272727272,7.274999644997293,3.9087563131313128,0.1349181235225325
RHF_MPM_P44,1273,0.06365,63.65,0,12,0.02034722222222222,0.36084760016915657,293,24.416666666666668,0,0,7,0.05825430965566067,3,8,11,0.0007638888888888889,93,101,0.0011710848504205259,93.9090909090909,68.18181818181819,0.004722222222222222,0.0,0.0,0.0,0.0,0,88.04436860068259,65.00341296928327,30.52074258466862,27.240636147667637,0.4509907638503302,94.86401693586815,-0.5719777915035142,0.5719777915035142,0.0,-193,-3.8989583333333333,-56145,20.612909232278582,184.54545454545453,55.29814009097106,3.5412689393939387,1.1205006699897848
RHF_MPM_P44,1274,0.0637,63.7,0,255,3.167708333333333,22.63892294806146,45615,178.88235294117646,2,102,255,0.6426088356912931,108,108,140,0.009722222222222222,12,14,0.8333333333333334,65.22857142857143,54.85,0.05375,0.0033333333333333335,0.013680555555555555,0.009027777777777777,0.006319444444444444,1,65.15918009426724,53.0155650553546,7.066912654443245,5.028123950926327,0.7026838615697301,79.43622440478252,-1.5690524336260323,1.5690524336260323,0.011531294530308012,129,3.147361111111111,45322,25.834866954982548,178.9090909090909,56.38093576161513,3.4666856060606053,1.1155682222608636
RHF_MPM_P44,1275,0.06375,63.75,0,255,6.123333333333333,28.73619591309113,88176,345.78823529411767,29,186,255,1.2929680879856946,95,95,276,0.019166666666666665,25,30,0.368,59.81159420289855,49.460144927536234,0.11868055555555555,0.005416666666666667,0.025486111111111112,0.014722222222222222,0.009375,1,57.91068998366902,44.04153057521321,14.871063238721165,6.423059076249851,0.901913549307201,64.54903464340194,-0.7476518865513786,0.7476518865513786,0.0335465432770822,136,2.955625,42561,11.53576628292229,185.0909090909091,62.61491914211464,3.659520202020202,1.3501323875541562
RHF_MPM_P44,1276,0.0638,63.8,0,255,7.241944444444444,31.663772965983668,104284,408.956862745098,38,240,255,1.3802100339577745,104,104,282,0.019583333333333335,28,30,0.3357142857142857,59.858156028368796,50.156028368794324,0.12659722222222222,0.007847222222222222,0.034166666666666665,0.015625,0.012291666666666666,1,52.95318553181696,42.25001917839745,19.269173623006154,4.892518571888647,0.9672294470601402,47.73487826356154,-0.7744440933291922,0.7744440933291922,0.016761919374017106,6,1.118611111111111,16108,5.27127721477952,192.0909090909091,68.47886806819186,3.96393308080808,1.7005655553407224
RHF_MPM_P44,1277,0.06385,63.85,0,255,6.853888888888889,31.460301905538902,98696,387.043137254902,35,246,255,1.2820800651770774,112,112,244,0.016944444444444446,20,19,0.6421052631578947,61.5655737704918,52.209016393442624,0.11763888888888889,0.008472222222222223,0.028680555555555556,0.01597222222222222,0.012847222222222222,1,52.94713058279971,42.9862507092486,21.20902865819056,4.610991789457654,0.9760810346395487,45.359061458927194,-1.0980550255416346,1.0980550255416346,0.024691983464375455,-38,-0.38805555555555493,-5588,0.7362564291244111,196.63636363636363,70.09509479307084,4.250404040404041,1.8875679343459384
RHF_MPM_P44,1278,0.0639,63.9,0,255,6.472916666666666,32.09658756253883,93210,365.52941176470586,29,249,255,1.100862299339709,110,110,277,0.01923611111111111,22,19,0.6626794258373205,60.888086642599276,51.584837545126355,0.09784722222222222,0.00875,0.02625,0.017986111111111112,0.01361111111111111,1,55.57375818045274,45.5994313914816,19.15519342985816,4.513710229055525,0.9718406615341266,46.432785335137595,-1.559503520963899,1.559503520963899,0.012616672030897972,33,-0.3809722222222227,-5486,3.7051161675105786,204.54545454545453,73.71488518284934,4.503383838383839,1.9797547724248927
RHF_MPM_P44,1279,0.06395,63.95,0,255,6.580694444444444,34.144157456388285,94762,371.6156862745098,21,254,255,0.9511784140699163,108,108,329,0.022847222222222224,25,21,0.6266666666666667,59.80547112462006,50.775075987841944,0.08284722222222222,0.01,0.029444444444444443,0.020694444444444446,0.015625,1,58.60216120385809,49.247578143137545,10.801231877010942,4.626348659386165,0.903628658072621,-137.52461455974893,1.139340563570929,1.139340563570929,0.021432641776239422,52,0.10777777777777775,1552,4.741328884794689,217.0,81.68565023641212,4.7622222222222215,2.0471533141336686
RHF_MPM_P44,1280,0.064,64.0,0,255,7.037638888888889,35.25862542197833,101342,397.41960784313727,24,255,255,1.0205382395767693,109,109,349,0.02423611111111111,27,22,0.5875420875420876,59.58166189111748,50.51002865329513,0.08986111111111111,0.010694444444444444,0.03173611111111111,0.022222222222222223,0.016805555555555556,1,58.066675218566836,48.87783939531487,11.412511379780813,4.575271518424793,0.916121985142309,-138.5831264049705,1.1603826788524398,1.1603826788524398,0.022942116792642735,20,0.4569444444444448,6580,0.6507318818721131,229.9090909090909,89.8933252102478,5.041723484848486,2.1272867424305337
RHF_MPM_P44,1281,0.06405,64.05,0,255,7.202430555555556,35.49563442927657,103715,406.72549019607845,25,255,255,1.0773343910453512,110,110,352,0.024444444444444446,28,22,0.5714285714285714,59.5,50.55397727272727,0.09631944444444444,0.010833333333333334,0.03138888888888889,0.022430555555555554,0.016944444444444446,1,57.70398688714265,48.78537337897122,11.895906596505018,4.6172656820177,0.9216008306895171,-139.21056902152839,1.2026751665310316,1.2026751665310316,0.02072988478040785,3,0.1647916666666669,2373,0.37428971389783844,242.54545454545453,96.17820924660792,5.323876262626263,2.1884527886971403
RHF_MPM_P44,1282,0.0641,64.1,0,255,7.129097222222223,35.070289546954335,102659,402.5843137254902,25,255,255,1.118378492365346,110,110,343,0.023819444444444445,27,21,0.6049382716049383,59.714285714285715,50.94169096209912,0.10104166666666667,0.010416666666666666,0.03090277777777778,0.022291666666666668,0.01625,1,57.530932504700026,48.821632784266356,12.38034636482404,4.757740648138623,0.9232091597703062,-139.10987540633874,1.2858305147408582,1.2858305147408582,0.019443010354669343,-9,-0.07333333333333325,-1056,0.1768122273909643,255.1818181818182,99.36234715956468,5.613573232323232,2.197309190941006
RHF_MPM_P44,1283,0.06415,64.15,0,255,6.7306944444444445,33.7501539431217,96922,380.0862745098039,23,253,255,1.095521636328669,109,109,323,0.022430555555555554,27,21,0.5696649029982364,59.9907120743034,51.3250773993808,0.09854166666666667,0.009305555555555555,0.029652777777777778,0.020416666666666666,0.014861111111111111,1,57.76275768143456,49.12459503518293,12.378967987958921,4.804902311928632,0.9215960114354207,-139.77492287293492,1.3104604676554128,1.3104604676554128,0.020078000866676295,-20,-0.3984027777777781,-5737,0.38148268381203454,266.0,99.67857433680611,5.86915404040404,2.14833390591855
RHF_MPM_P44,1284,0.0642,64.2,0,255,5.984791666666666,31.609568775151637,86181,337.9647058823529,20,246,255,1.0253684661055797,106,106,283,0.01965277777777778,25,19,0.5957894736842105,61.08833922261484,51.985865724381625,0.09166666666666666,0.008055555555555555,0.02652777777777778,0.017708333333333333,0.013055555555555556,1,58.554252097330036,49.523781343915715,12.121225147173778,4.6417400278345315,0.923771914997145,-139.33245657713408,1.3841797684530304,1.3841797684530304,0.024100439772107542,-40,-0.7459027777777782,-10741,0.886461008433779,290.72727272727275,58.645453840842144,6.411376262626263,1.101218367731506
RHF_MPM_P44,1285,0.06425,64.25,0,255,5.363125,29.766823230475488,77229,302.8588235294118,17,228,255,0.9719365157469302,108,108,251,0.017430555555555557,23,18,0.606280193236715,61.79681274900398,52.58565737051793,0.08673611111111111,0.006944444444444444,0.022708333333333334,0.015694444444444445,0.01173611111111111,1,59.15615895583265,50.0334589338202,12.090687419011884,4.677406675278777,0.9221383446317042,-139.7936170289724,1.5606877998273005,1.5606877998273005,0.027852231674629996,-32,-0.6216666666666661,-8952,0.7887097767641352,300.8181818181818,37.624504060321165,6.610959595959597,0.5623636259256628
RHF_MPM_P44,1286,0.0643,64.3,0,255,4.3995138888888885,26.736282303835036,63353,248.44313725490196,14,173,255,0.8530927547653291,105,105,205,0.01423611111111111,20,17,0.6029411764705882,62.71219512195122,53.37560975609756,0.0751388888888889,0.005347222222222222,0.018819444444444444,0.012708333333333334,0.009236111111111112,1,59.65300775022493,50.53490758133001,12.501753618156501,4.2515497432287255,0.9403978574776547,-139.58573843968682,1.9243503360552143,1.9243503360552143,0.031285022019478165,-46,-0.9636111111111116,-13876,0.7059103842404353,294.3636363636364,46.39606708894962,6.454248737373737,0.8453806481826862
RHF_MPM_P44,1287,0.06435,64.35,0,255,4.043888888888889,25.865700505772523,58232,228.3607843137255,12,165,255,0.8186536238894229,107,107,188,0.013055555555555556,19,16,0.618421052631579,63.079787234042556,53.819148936170215,0.0725,0.005069444444444444,0.017083333333333332,0.011805555555555555,0.008819444444444444,1,60.51062989421624,51.15215002060722,12.38229918644699,4.24421796088906,0.9394212048700977,-139.11326187542974,2.3004617017332736,2.3004617017332736,0.035581810688281354,-17,-0.35562499999999986,-5121,1.056647514883336,285.8181818181818,55.62507312651893,6.163516414141413,1.0497161865041575
RHF_MPM_P44,1288,0.0644,64.4,0,255,3.8850694444444445,25.805281530266015,55945,219.3921568627451,8,167,255,0.7528904284770601,105,105,193,0.013402777777777777,18,16,0.6701388888888888,63.32642487046632,53.803108808290155,0.06604166666666667,0.005069444444444444,0.016805555555555556,0.011805555555555555,0.008819444444444444,1,61.344820806148896,51.79249262668692,11.359727508953101,4.26233671905245,0.9269379326069348,-138.46909297967417,2.734862540893806,2.734862540893806,0.030958977567253552,5,-0.15881944444444418,-2287,1.051624044377068,281.1818181818182,60.80194103034747,5.893623737373736,1.2073407520598338
RHF_MPM_P44,1289,0.06445,64.45,0,255,3.7491666666666665,25.582844715746525,53988,211.71764705882353,5,159,255,0.689119372460258,107,107,188,0.013055555555555556,18,16,0.6527777777777778,63.287234042553195,53.81382978723404,0.059097222222222225,0.004930555555555555,0.016527777777777777,0.01173611111111111,0.008611111111111111,1,61.88049196117656,52.28767503889753,10.488646085916915,4.331456236560806,0.9107463554750821,-138.36544259681256,3.0474879445415173,3.0474879445415173,0.0256353263688227,-5,-0.13590277777777793,-1957,0.7294855774389174,273.09090909090907,66.47686480061321,5.646010101010101,1.3356328699282247
RHF_MPM_P44,1290,0.0645,64.5,0,255,3.67625,25.521851581727415,52938,207.6,2,164,255,0.6330137451797493,107,107,187,0.012986111111111111,18,15,0.6925925925925925,63.401069518716575,53.95187165775401,0.05333333333333334,0.004861111111111111,0.01659722222222222,0.011666666666666667,0.008333333333333333,1,62.368336544637124,52.75378744946919,9.20948561989838,4.24339092673847,0.8875231756867684,-138.70183883380142,3.0133316642978216,3.0133316642978216,0.01807775133174657,-1,-0.07291666666666652,-1050,0.6747244748048911,260.1818181818182,68.1333160820063,5.381969696969697,1.409787093681034
RHF_MPM_P44,1291,0.06455,64.55,0,255,3.5911805555555554,25.311830622055407,51713,202.79607843137254,0,164,255,0.5868335350550344,106,106,185,0.012847222222222222,18,15,0.6851851851851852,63.627027027027026,54.064864864864866,0.048541666666666664,0.004861111111111111,0.016319444444444445,0.011597222222222222,0.008333333333333333,1,62.87098021774022,53.177324850617836,7.7395486718597075,4.246674048758486,0.8360207068335648,-139.0447747805923,2.484430850534001,2.484430850534001,0.012105273335524917,-2,-0.08506944444444464,-1225,0.6572933837201744,245.27272727272728,64.93505974025953,5.068655303030304,1.3898448708921218
RHF_MPM_P44,1292,0.0646,64.6,0,255,3.536388888888889,25.229098791846795,50924,199.7019607843137,0,163,255,0.5617176895409639,106,106,184,0.012777777777777779,17,15,0.7215686274509804,63.71739130434783,54.125,0.04576388888888889,0.004791666666666666,0.01611111111111111,0.011319444444444444,0.008333333333333333,1,63.26298012724845,53.510486214751396,6.634068417106635,4.21556159393144,0.7721491124302657,-139.63029976848057,1.2777583409380795,1.2777583409380795,0.010623674495326368,-1,-0.05479166666666657,-789,0.514451575569357,230.0,57.350596414430676,4.735378787878788,1.2728420012335384
RHF_MPM_P44,1293,0.06465,64.65,0,255,3.589236111111111,25.536147217116593,51685,202.68627450980392,0,167,255,0.5490823365851117,106,106,187,0.012986111111111111,17,15,0.7333333333333333,63.60427807486631,54.18716577540107,0.044444444444444446,0.004652777777777777,0.01659722222222222,0.011597222222222222,0.008472222222222223,1,63.36372255006288,53.684241075747316,6.129490504143372,4.347672144858473,0.7049027115393587,-140.24208352936637,0.2779097260116453,0.2779097260116453,0.010834865047886234,3,0.05284722222222227,761,0.2008476723147021,215.8181818181818,45.773788016958875,4.413573232323231,1.0559787567718721
RHF_MPM_P44,1294,0.0647,64.7,0,255,3.649722222222222,25.760913543380138,52556,206.10196078431372,0,171,255,0.5503367466417014,107,107,188,0.013055555555555556,17,15,0.7372549019607844,63.56382978723404,54.17553191489362,0.04465277777777778,0.004861111111111111,0.017013888888888887,0.012013888888888888,0.00875,1,63.30415176193013,53.66371108912398,6.221680215324734,4.540058876126165,0.6837504874922634,-140.43666416272242,0.7209686435722056,0.7209686435722056,0.009418525001902732,1,0.06048611111111102,871,0.06300919892771,203.54545454545453,31.154639626353152,4.133484848484849,0.7756214872243501
RHF_MPM_P44,1295,0.06475,64.75,0,255,3.670138888888889,25.778858100790853,52850,207.2549019607843,0,170,255,0.5461367943547376,107,107,191,0.01326388888888889,17,16,0.7022058823529411,63.64921465968586,54.19895287958115,0.04416666666666667,0.004930555555555555,0.017083333333333332,0.012083333333333333,0.008819444444444444,1,63.26921475875118,53.655591296121095,6.188243619018459,4.2474853317751275,0.7272432806048036,-140.30332543892925,0.5817443459125379,0.5817443459125379,0.008930936613055818,3,0.02041666666666675,294,0.03586816456881192,195.1818181818182,18.467751656324317,3.9230618686868683,0.5150262141973484
RHF_MPM_P44,1296,0.0648,64.8,0,255,3.6238194444444445,25.584342040280546,52183,204.6392156862745,0,166,255,0.5376817431898829,105,105,193,0.013402777777777777,17,16,0.7095588235294118,63.7979274611399,54.24352331606217,0.043333333333333335,0.004861111111111111,0.016805555555555556,0.011666666666666667,0.008541666666666666,1,63.420980012647796,53.72381810168062,6.121088384243537,4.2626244260906585,0.7176699386065732,-139.43302887084928,0.6034741725331513,0.6034741725331513,0.010079911082153191,2,-0.04631944444444436,-667,0.1663958812205423,189.9090909090909,5.517814874724915,3.764943181818181,0.2446740893898413
RHF_MPM_P44,1297,0.06485,64.85,0,255,3.604722222222222,25.47986688720147,51908,203.5607843137255,0,164,255,0.5504579206284528,105,105,189,0.013125,16,16,0.73828125,64.0,54.35978835978836,0.04451388888888889,0.004791666666666666,0.01659722222222222,0.011527777777777777,0.008402777777777778,1,63.56326577791477,53.82933266548509,6.119266128245192,4.5298738224043,0.6723160501425144,-138.24528778049444,0.6017156373640207,0.6017156373640207,0.010441550435385683,-4,-0.01909722222222232,-275,0.1771399508085527,188.45454545454547,2.775334094995227,3.6926893939393937,0.1427278323296413
RHF_MPM_P44,1298,0.0649,64.9,0,255,3.7174305555555556,25.927590442918778,53531,209.92549019607844,0,172,255,0.5566196894435126,105,105,200,0.013888888888888888,17,16,0.7352941176470589,63.735,54.28,0.04479166666666667,0.004930555555555555,0.017291666666666667,0.012013888888888888,0.008819444444444444,1,63.49371392277372,53.84115746016327,6.1669483956498645,4.523408937355765,0.6796978000897284,-139.08694992874655,1.0176124208702422,1.0176124208702422,0.008873363098017971,11,0.11270833333333341,1623,0.07054988534889797,189.54545454545453,4.314112915528972,3.663011363636364,0.09128674844222445
RHF_MPM_P44,1299,0.06495,64.95,0,255,3.731388888888889,25.79682771763245,53732,210.71372549019608,0,169,255,0.5566357030452089,101,101,200,0.013888888888888888,17,16,0.7352941176470589,63.8,54.325,0.044583333333333336,0.004791666666666666,0.0175,0.011944444444444445,0.008402777777777778,1,63.36747189756569,53.7374004317725,6.135914147129025,4.333313129935432,0.7079911769734859,-139.31967255031637,0.7588656635549784,0.7588656635549784,0.009733492146207102,0,0.013958333333333517,201,0.1634092098662344,190.1818181818182,5.201716182152715,3.649040404040403,0.06387815441621078
RHF_MPM_P44,1300,0.065,65.0,0,255,3.6195833333333334,25.344389141139306,52122,204.4,0,160,255,0.5491498882633281,102,102,192,0.013333333333333334,16,16,0.75,64.03125,54.53125,0.043819444444444446,0.0043055555555555555,0.017013888888888887,0.011666666666666667,0.008194444444444445,1,63.51820728291317,53.98315490579794,6.033724473639252,4.289497309259209,0.7032725676044556,-138.92863825480842,0.45075236226788146,0.45075236226788146,0.011856797513525958,-8,-0.11180555555555571,-1610,0.2882991812325726,190.54545454545453,5.176233034722458,3.6372601010101007,0.05575965007441116
RHF_MPM_P44,1301,0.06505,65.05,0,255,3.6173611111111112,25.543347769203784,52090,204.27450980392157,0,164,255,0.5461641458135031,103,103,192,0.013333333333333334,16,15,0.8,64.09375,54.75,0.044097222222222225,0.004722222222222222,0.016666666666666666,0.011805555555555555,0.008541666666666666,1,63.796621232482245,54.21514686120177,5.890361694347061,4.573013849415649,0.6302954556496024,-140.832461747497,0.4827553002256557,0.4827553002256557,0.012344019965444424,0,-0.0022222222222221255,-32,0.3624011516079175,191.0,5.063236478416116,3.6319065656565646,0.054573568500602146
RHF_MPM_P44,1302,0.0651,65.1,0,255,3.733611111111111,26.00969655220249,53764,210.8392156862745,0,174,255,0.5538575543905399,103,103,200,0.013888888888888888,16,16,0.78125,63.94,54.5,0.04493055555555556,0.004722222222222222,0.017847222222222223,0.0125,0.008888888888888889,1,63.7398631054237,54.10650249237408,5.919726674517412,4.677914199896168,0.6128172101065288,-139.9759458005213,0.9938737343525399,0.9938737343525399,0.00889070753664162,8,0.11624999999999996,1674,0.12257684881396218,192.36363636363637,5.278993142166536,3.644854797979797,0.06000151582319841
RHF_MPM_P44,1303,0.06515,65.15,0,255,3.7624305555555555,25.974940213451884,54179,212.46666666666667,0,173,255,0.5427249904019946,104,104,201,0.013958333333333333,16,16,0.78515625,63.91044776119403,54.52238805970149,0.043194444444444445,0.004652777777777777,0.018055555555555554,0.012430555555555556,0.00875,1,63.5985160301962,54.052160431163365,5.69925758182132,4.590007505890765,0.5927732895878484,-137.01678309398923,0.20881401816939094,0.20881401816939094,0.007622879713542147,1,0.028819444444444287,415,0.151433336131769,193.9090909090909,5.0892854553739655,3.6654040404040398,0.05800957698375768
RHF_MPM_P44,1304,0.0652,65.2,0,255,3.732361111111111,25.6131185459205,53746,210.7686274509804,0,163,255,0.5531002011139586,105,105,193,0.013402777777777777,16,15,0.8041666666666667,64.01554404145078,54.75647668393783,0.04388888888888889,0.004097222222222223,0.017777777777777778,0.012152777777777778,0.008333333333333333,1,63.44354928738883,53.99853012317196,5.9197078448762825,4.490989186214628,0.6514978528054808,-138.55221676210687,0.8645806380260249,0.8645806380260249,0.008968109254642207,-8,-0.030069444444444482,-433,0.16398445448145368,194.45454545454547,4.619398551240909,3.6784154040404036,0.05546142450111693
RHF_MPM_P44,1305,0.06525,65.25,0,255,3.680902777777778,25.353570245332158,53005,207.86274509803923,0,160,255,0.5769626000681303,104,104,191,0.01326388888888889,16,15,0.7958333333333333,63.94764397905759,54.70680628272251,0.04631944444444445,0.004027777777777778,0.017361111111111112,0.011805555555555555,0.008194444444444445,1,63.4758985001415,54.017073860956515,6.167240812952438,4.73621163734648,0.6404944256868779,-136.42628591822273,0.9714190369199058,0.9714190369199058,0.012149797188944439,-2,-0.05145833333333316,-741,0.03728728706596739,194.72727272727272,4.308362040390104,3.681249999999999,0.05471427414976031
RHF_MPM_P44,1306,0.0653,65.3,0,255,3.685763888888889,25.629151535785414,53075,208.13725490196077,0,169,255,0.5604544106241597,106,106,192,0.013333333333333334,16,15,0.8,63.989583333333336,54.807291666666664,0.045,0.0044444444444444444,0.017291666666666667,0.012083333333333333,0.008472222222222223,1,63.598982571832316,54.36231747527084,5.913357966640892,4.6685067786742165,0.6137699931541536,-141.46467357481978,1.030171090198373,1.030171090198373,0.010758360810174282,1,0.004861111111110983,70,0.3665280915957339,194.8181818181818,4.238742991590824,3.6826704545454536,0.05461010025926062
RHF_MPM_P44,1307,0.06535,65.35,0,255,3.700138888888889,25.750683917188145,53282,208.94901960784313,0,170,255,0.5485591974609085,105,105,196,0.01361111111111111,16,15,0.8166666666666667,63.98979591836735,54.83163265306123,0.043958333333333335,0.0044444444444444444,0.017569444444444443,0.012222222222222223,0.008541666666666666,1,63.61992793063323,54.43714575278706,5.801302955750504,4.75501760310634,0.5728696466004825,-142.80717835167547,0.9806517188340739,0.9806517188340739,0.009496640516497129,4,0.014375000000000249,207,0.07770443469547436,195.0909090909091,4.2093952373782635,3.689608585858586,0.05144907812125091
RHF_MPM_P44,1308,0.0654,65.4,0,255,3.814652777777778,26.25764215247086,54931,215.4156862745098,0,178,255,0.5596793644348085,105,105,203,0.014097222222222223,17,15,0.796078431372549,63.77832512315271,54.76847290640394,0.04506944444444445,0.004722222222222222,0.017916666666666668,0.012430555555555556,0.009097222222222222,1,63.607325553876684,54.454096958001855,5.775509418746378,4.958388717311146,0.5127805513647359,-146.44841911756046,1.033895811391645,1.033895811391645,0.009193351659354462,7,0.1145138888888888,1649,0.02112257697697074,196.36363636363637,4.291063171347616,3.708693181818182,0.05521939662816106
RHF_MPM_P44,1309,0.06545,65.45,0,255,3.870416666666667,26.43844291397051,55734,218.56470588235294,0,183,255,0.5693759153571818,107,107,201,0.013958333333333333,17,15,0.788235294117647,63.91542288557214,54.67661691542288,0.04597222222222222,0.004791666666666666,0.017986111111111112,0.012847222222222222,0.009097222222222222,1,63.65988445114293,54.38995945024581,5.6326171434886945,4.886113833786519,0.4974933845635959,-145.73967133513378,0.06145867053314124,0.06145867053314124,0.010155380916496214,-2,0.055763888888888946,803,0.08292199697909036,196.45454545454547,4.376873860803899,3.7226010101010103,0.07229449789983416
RHF_MPM_P44,1310,0.0655,65.5,0,255,3.9438194444444443,26.760752706376632,56791,222.70980392156864,0,188,255,0.5675760304778631,106,106,208,0.014444444444444444,16,16,0.8125,63.88942307692308,54.57211538461539,0.04569444444444445,0.005208333333333333,0.018472222222222223,0.013125,0.009375,1,63.675881741825286,54.20205666390801,5.779699721631576,4.851542292500421,0.5434974981640789,-137.6824301563232,0.887532881135934,0.887532881135934,0.009015513021429451,7,0.07340277777777748,1057,0.18858252947366372,197.1818181818182,5.440892002707273,3.7419128787878786,0.09641264372867793
RHF_MPM_P44,1311,0.06555,65.55,0,255,4.020138888888889,26.964699351037105,57890,227.01960784313727,0,190,255,0.5779804082110079,107,107,209,0.014513888888888889,16,17,0.7683823529411765,63.89473684210526,54.6267942583732,0.04659722222222222,0.005069444444444444,0.01840277777777778,0.013402777777777777,0.009444444444444445,1,63.594455000863704,54.22083261357747,5.744519407480059,4.934932739076389,0.5118614940613837,46.54596893302569,-0.8823879544053325,0.8823879544053325,0.009189842805320435,1,0.0763194444444446,1099,0.08356345151808152,198.72727272727272,6.121362134375428,3.77832702020202,0.11681713951910032
RHF_MPM_P44,1312,0.0656,65.6,0,255,4.035,27.24760738731629,58104,227.85882352941175,0,196,255,0.565163405967664,106,106,212,0.014722222222222222,16,16,0.828125,64.11320754716981,55.278301886792455,0.04590277777777778,0.005555555555555556,0.018472222222222223,0.013402777777777777,0.009930555555555555,1,63.841336224700534,54.90417182982239,5.413395461094568,4.668550245912681,0.5062154999791355,-140.04118716186923,0.2106101991880886,0.2106101991880886,0.01077378493735371,3,0.014861111111111214,214,0.7265692142813297,200.54545454545453,6.787202347247306,3.8162941919191913,0.12585096243297705
RHF_MPM_P44,1313,0.06565,65.65,0,11,0.021736111111111112,0.3698908056986982,313,28.454545454545453,0,0,7,0.06147183014671546,3,8,11,0.0007638888888888889,93,101,0.0011710848504205259,88.54545454545455,52.63636363636363,0.005,0.0,0.0,0.0,0.0,0,88.37699680511182,52.543130990415335,31.04845987610885,23.017498185854166,0.6711284760228117,106.834289918449,0.002574536726612599,0.002574536726612599,0.0,-201,-4.013263888888889,-57791,24.64899904585369,183.36363636363637,54.92684842302488,3.4788510101010104,1.1001450622722029
RHF_MPM_P44,1314,0.0657,65.7,0,255,3.176736111111111,22.40120161490168,45745,179.3921568627451,5,98,255,0.7057497037553557,106,106,139,0.009652777777777777,13,14,0.7637362637362637,67.2158273381295,57.42446043165467,0.060625,0.0031944444444444446,0.012847222222222222,0.008680555555555556,0.006597222222222222,1,69.15243195977702,58.982249426166796,8.434696042379224,5.394472880609657,0.7687432858932869,46.60728703127725,0.5945814442197487,0.5945814442197487,0.022669144168761615,128,3.155,45432,20.274272853104172,177.72727272727272,55.998524183622926,3.425606060606061,1.099304801844352
RHF_MPM_P44,1315,0.06575,65.75,0,255,5.602777777777778,27.025296648707062,80680,316.3921568627451,26,161,255,1.266007999579208,99,99,221,0.015347222222222222,26,26,0.3269230769230769,70.76018099547511,61.58371040723982,0.11791666666666667,0.005138888888888889,0.022708333333333334,0.012361111111111111,0.008541666666666666,1,78.12874318294497,69.43468021814576,19.935628217474985,4.6086586854402265,0.9729117100617571,46.58395094135105,0.9074854239177937,0.9074854239177937,0.02197570649479425,82,2.426041666666667,34935,13.777789105523459,180.27272727272728,57.257140736237055,3.595643939393939,1.265669706430378
RHF_MPM_P44,1316,0.0658,65.8,0,255,6.191458333333333,29.689812072979166,89157,349.63529411764705,30,221,255,1.1900861033756394,107,107,237,0.016458333333333332,25,26,0.3646153846153846,70.74261603375527,61.257383966244724,0.10708333333333334,0.006805555555555555,0.028541666666666667,0.014097222222222223,0.010694444444444444,1,77.84483551487826,69.23799589488206,19.310370004220204,4.171852526354257,0.9763840530796517,48.62747725086212,1.0044552934329043,1.0044552934329043,0.017328981459672262,16,0.5886805555555554,8477,0.3453813645881602,184.45454545454547,59.52289649043946,3.8238762626262623,1.47028479723374
RHF_MPM_P44,1317,0.06585,65.85,0,255,6.4719444444444445,30.588136164155436,93196,365.4745098039216,34,236,255,1.1988670884900414,110,110,242,0.016805555555555556,20,20,0.605,70.48347107438016,60.896694214876035,0.10791666666666666,0.0075,0.02652777777777778,0.015625,0.011805555555555555,1,79.28128889651916,69.91672389372934,22.36114242886273,4.299285483649488,0.9813428648409667,46.88099263573143,1.0630792071802988,1.0630792071802988,0.01026868105927293,5,0.2804861111111112,4039,1.5887322033768987,189.0,61.791438065332464,4.077165404040404,1.6532775167631637
RHF_MPM_P44,1318,0.0659,65.9,0,255,5.614722222222222,30.72985392326266,80852,317.06666666666666,20,242,255,0.9466683236127845,110,110,259,0.017986111111111112,21,20,0.6166666666666667,70.46332046332046,60.922779922779924,0.08319444444444445,0.00798611111111111,0.023194444444444445,0.016458333333333332,0.0125,1,73.95653787166675,63.76873794092911,14.341723246723715,4.332346447132303,0.9532826070149687,-137.35087944212984,-1.8433942002367782,1.8433942002367782,0.02082817988423292,17,-0.8572222222222221,-12344,8.133308352232548,194.72727272727272,65.01061578918673,4.251218434343435,1.7044136546266648
RHF_MPM_P44,1319,0.06595,65.95,0,255,6.085138888888889,32.763230596926434,87626,343.6313725490196,18,252,255,0.9349312165371777,110,110,298,0.020694444444444446,23,22,0.5889328063241107,71.2248322147651,61.39261744966443,0.08222222222222222,0.009166666666666667,0.026180555555555554,0.01902777777777778,0.014583333333333334,1,73.37644078241618,62.986179900942645,12.058124038629986,4.551476364439066,0.9260253196033856,-139.63737568004788,-1.6164921466688038,1.6164921466688038,0.04398237965900532,39,0.4704166666666669,6774,0.9741199715150279,203.36363636363637,71.52021040145064,4.457626262626262,1.7750624450122847
RHF_MPM_P44,1320,0.066,66.0,0,255,6.567361111111111,34.097330723690234,94570,370.8627450980392,20,254,255,0.9820251477871849,109,109,329,0.022847222222222224,25,24,0.5483333333333333,72.09422492401215,62.13373860182371,0.08673611111111111,0.009444444444444445,0.028958333333333332,0.02125,0.015555555555555555,1,73.7242571640055,63.39854076345564,11.591317744620095,4.445575388684643,0.9235299481699251,-139.18434810756585,-1.4411633192752509,1.4411633192752509,0.027313101406365656,31,0.4822222222222221,6944,0.5394605789437673,215.0,80.08858731543351,4.702803030303031,1.861188560142405
RHF_MPM_P44,1321,0.06605,66.05,0,255,6.75375,34.30947876549165,97254,381.38823529411764,21,254,255,1.0452831487437326,107,107,336,0.023333333333333334,26,25,0.5169230769230769,71.91666666666667,62.24404761904762,0.09326388888888888,0.009791666666666667,0.029861111111111113,0.021180555555555557,0.01597222222222222,1,73.98147119912805,63.69749316223497,11.99185495632853,4.627104766841811,0.9225598726956071,-138.53481882386453,-1.2092552243465895,1.2092552243465895,0.01852880087194357,7,0.18638888888888872,2684,0.39437494418375885,226.63636363636363,87.20849909297594,4.958251262626263,1.9310097927342964
RHF_MPM_P44,1322,0.0661,66.1,0,255,6.781736111111111,34.051118635358385,97657,382.96862745098036,24,254,255,1.0260042344040499,108,108,330,0.022916666666666665,27,25,0.4888888888888889,71.89393939393939,62.17878787878788,0.09020833333333333,0.009583333333333333,0.03090277777777778,0.020555555555555556,0.015208333333333334,1,74.38935252977257,64.13963156762956,12.458241348702462,4.390164716705462,0.9358530880094043,-137.92045901366927,-1.1948160709662625,1.1948160709662625,0.012246945943455155,-6,0.027986111111110823,403,0.6015426413922907,237.63636363636363,91.80044833250862,5.209305555555555,1.9718131560227274
RHF_MPM_P44,1323,0.06615,66.15,0,255,6.695833333333334,33.748487363222004,96420,378.11764705882354,25,254,255,1.0565777334293527,110,110,314,0.021805555555555557,25,23,0.5460869565217391,71.38853503184713,61.56687898089172,0.09361111111111112,0.009444444444444445,0.02861111111111111,0.02013888888888889,0.01513888888888889,1,74.33099979257416,63.952115743621654,12.549296061826421,4.4985023580921935,0.9335425868407728,-137.9519631690071,-1.1286481125674601,1.1286481125674601,0.01542211159510475,-16,-0.08590277777777722,-1237,0.1963854021863938,246.9090909090909,93.87075693880635,5.451199494949495,1.9761222400571414
RHF_MPM_P44,1324,0.0662,66.2,0,255,6.519166666666667,33.118695112764065,93876,368.1411764705882,25,253,255,1.0653989887158697,108,108,307,0.021319444444444443,24,22,0.5814393939393939,71.13029315960912,61.28990228013029,0.09513888888888888,0.009305555555555555,0.027430555555555555,0.01923611111111111,0.014722222222222222,1,74.35053687843538,63.88479483574076,12.907244648786396,4.531436896930516,0.9363465869891089,-138.07913996576153,-1.1708189233099324,1.1708189233099324,0.021517746814947378,-7,-0.17666666666666675,-2544,0.0700985189704886,273.8181818181818,57.93541573764889,6.041874999999999,0.9899154395761406
RHF_MPM_P44,1325,0.06625,66.25,0,255,5.929930555555556,31.342288503016,85391,334.8666666666667,21,247,255,1.0178278371919514,108,108,275,0.019097222222222224,22,20,0.625,70.43636363636364,60.64727272727273,0.0907638888888889,0.008055555555555555,0.024930555555555556,0.017083333333333332,0.013125,1,73.98970617512384,63.58523732009228,13.309212932809576,4.389196856423682,0.9440555906840414,-138.03493322929728,-1.3204625204312526,1.3204625204312526,0.026946633720181284,-32,-0.5892361111111111,-8485,0.4689706831282599,286.1818181818182,39.38808814354037,6.2921654040404045,0.41491191932091054
RHF_MPM_P44,1326,0.0663,66.3,0,255,5.346736111111111,29.696157797906118,76993,301.93333333333334,18,229,255,0.9846323696800368,109,109,245,0.017013888888888887,21,19,0.6140350877192983,69.7795918367347,60.06122448979592,0.08847222222222222,0.007152777777777778,0.022152777777777778,0.015555555555555555,0.01173611111111111,1,73.5202161235437,63.16769056927253,13.499867754011074,4.255774038013394,0.9490101188625689,-138.38984638888144,-1.624873693599969,1.624873693599969,0.03089891288818464,-30,-0.5831944444444446,-8398,0.6283042238063129,288.3636363636364,36.25734465349489,6.268888888888889,0.45788966512303714
RHF_MPM_P44,1327,0.06635,66.35,0,255,4.867847222222222,28.395409342963106,70097,274.89019607843136,16,210,255,0.923213590575509,108,108,227,0.01576388888888889,20,18,0.6305555555555555,69.44493392070484,59.77533039647577,0.08298611111111111,0.006388888888888889,0.020416666666666666,0.01423611111111111,0.010763888888888889,1,72.83625547455668,62.624491775682266,13.039771883723636,4.2421016418876265,0.9456039050690966,-138.38127004262344,-1.7921303528827524,1.7921303528827524,0.031784527155227754,-18,-0.47888888888888914,-6896,0.8734226346509865,287.45454545454544,37.63306968457792,6.148560606060607,0.610807722190379
RHF_MPM_P44,1328,0.0664,66.4,0,255,4.614375,27.755997380414872,66447,260.5764705882353,14,199,255,0.8769680929474292,108,108,217,0.015069444444444444,19,18,0.6345029239766082,69.29493087557604,59.63133640552996,0.07840277777777778,0.0060416666666666665,0.019375,0.01361111111111111,0.01,1,72.36246933646365,62.265248995439975,12.585823542358339,4.028570838289814,0.9473878217800159,-138.41358377875366,-1.9826157453388016,1.9826157453388016,0.031995424925128295,-10,-0.2534722222222223,-3650,0.5945827779252614,285.1818181818182,40.92080640327381,5.979690656565657,0.7409703415123603
RHF_MPM_P44,1329,0.06645,66.45,0,255,4.476388888888889,27.504863171282775,64460,252.7843137254902,13,200,255,0.8511704515145604,107,107,217,0.015069444444444444,19,18,0.6345029239766082,69.17972350230414,59.51152073732719,0.07625,0.006111111111111111,0.018958333333333334,0.013333333333333334,0.010069444444444445,1,71.91313993174062,61.86202295997518,12.007416900088163,4.127644021606831,0.9390583202783734,-138.44417723661712,-1.9534998531626693,1.9534998531626693,0.0316009928637915,0,-0.13798611111111114,-1987,0.6037285396810483,281.3636363636364,44.946984381142606,5.876205808080808,0.8553745331255951
RHF_MPM_P44,1330,0.0665,66.5,0,255,4.353263888888889,27.30838285342528,62687,245.83137254901962,12,198,255,0.8146000886310228,109,109,209,0.014513888888888889,18,17,0.6830065359477124,69.08133971291866,59.334928229665074,0.07263888888888889,0.0059722222222222225,0.01840277777777778,0.013125,0.009791666666666667,1,71.44808333466268,61.40630433742243,11.156603459843938,4.218330057828264,0.925764089990096,-138.38800766658784,-1.8957207787031571,1.8957207787031571,0.031330259862491425,-8,-0.12312499999999993,-1773,0.6511198825309187,273.27272727272725,49.04745551567363,5.718762626262627,0.9559074060133447
RHF_MPM_P44,1331,0.06655,66.55,0,255,4.324791666666667,27.55354881026999,62277,244.2235294117647,11,200,255,0.7712239625405137,109,109,213,0.014791666666666667,18,18,0.6574074074074074,69.15492957746478,59.40845070422535,0.06798611111111111,0.00625,0.01840277777777778,0.01326388888888889,0.010138888888888888,1,71.00284214075822,60.99603384877242,9.76657124552422,4.1456919433803145,0.9054383805517834,-138.53930750579985,-1.9387062605496828,1.9387062605496828,0.03063731393612409,4,-0.028472222222221788,-410,0.6054433042049391,262.72727272727275,48.39814216774499,5.514892676767678,0.9916557222377085
RHF_MPM_P44,1332,0.0666,66.6,0,255,4.271944444444444,27.46410670912577,61516,241.23921568627452,9,201,255,0.751244904092675,107,107,217,0.015069444444444444,19,18,0.6345029239766082,69.15668202764977,59.414746543778804,0.06555555555555556,0.0060416666666666665,0.018680555555555554,0.013194444444444444,0.010208333333333333,1,70.76350868066844,60.7337440665843,9.06490573744251,4.33161720078452,0.8784443287198472,-138.48037096704888,-1.7253766621180904,1.7253766621180904,0.027570063073021654,4,-0.05284722222222271,-761,0.35507243621384965,251.9090909090909,43.9016556851883,5.289273989898991,0.9661264229486898
RHF_MPM_P44,1333,0.06665,66.65,0,255,4.368888888888889,27.853010088456404,62912,246.71372549019608,10,206,255,0.7447347303580382,104,104,220,0.015277777777777777,19,18,0.6432748538011696,69.14545454545454,59.50454545454546,0.06465277777777778,0.0061805555555555555,0.01902777777777778,0.01375,0.010486111111111111,1,70.64540946083419,60.657458036622586,8.78211119639296,4.205049981712118,0.8779131291129166,-138.62657388855948,-1.4081910742846124,1.4081910742846124,0.025178026449643946,3,0.0969444444444445,1396,0.1405951069304262,241.9090909090909,36.95317564273258,5.069924242424243,0.8716656489072954
RHF_MPM_P44,1334,0.0667,66.7,0,255,4.391388888888889,27.933370788835052,63236,247.98431372549018,10,207,255,0.7376112559926068,109,109,217,0.015069444444444444,19,18,0.6345029239766082,69.13364055299539,59.566820276497694,0.06381944444444444,0.0061805555555555555,0.01951388888888889,0.013958333333333333,0.010486111111111111,1,70.71033904737807,60.77966664558163,8.736205816579165,4.206907407427119,0.8764194064022721,-138.15636244240375,-1.3988073011129991,1.3988073011129991,0.024716933392371434,-3,0.022499999999999964,324,0.1383863985818824,233.0909090909091,29.52488794668767,4.860429292929293,0.7193350098230533
RHF_MPM_P44,1335,0.06675,66.75,0,255,4.396319444444444,27.952719512064967,63307,248.2627450980392,10,209,255,0.7413653175040652,109,109,219,0.015208333333333334,19,18,0.6403508771929824,69.11872146118722,59.51598173515982,0.06416666666666666,0.00625,0.019166666666666665,0.013819444444444445,0.010694444444444444,1,70.65120760737359,60.73669578403652,8.789013064385971,4.222673391693361,0.8770226137564209,-137.76331215897966,-1.343774919522458,1.343774919522458,0.024926153505931414,2,0.004930555555555216,71,0.07309597895186844,225.0909090909091,18.143140679579385,4.667443181818182,0.49965257624730247
RHF_MPM_P44,1336,0.0668,66.8,0,255,4.455972222222222,28.200738867375357,64166,251.6313725490196,10,214,255,0.7515276500932936,108,108,221,0.015347222222222222,19,18,0.6461988304093568,69.12217194570135,59.46606334841629,0.06541666666666666,0.006527777777777778,0.019444444444444445,0.014097222222222223,0.010833333333333334,1,70.61967397063866,60.61029205498239,8.738361430334049,4.284243553379293,0.8715650027360382,-139.39862750797928,-1.0661006396731894,1.0661006396731894,0.024872985693357854,2,0.059652777777778,859,0.13027767638594626,220.1818181818182,8.952584002989221,4.53344696969697,0.301439038141321
RHF_MPM_P44,1337,0.06685,66.85,0,255,4.404930555555556,28.126993571234884,63431,248.74901960784314,9,212,255,0.7216852815914268,110,110,219,0.015208333333333334,19,18,0.6403508771929824,69.1324200913242,59.47945205479452,0.06215277777777778,0.006458333333333333,0.019375,0.01423611111111111,0.010763888888888889,1,70.54369314688401,60.61719033280257,8.613687615019874,4.188352194889934,0.8738231899566045,-137.66868097549553,-1.292713734123043,1.292713734123043,0.023805394838485913,-2,-0.05104166666666643,-735,0.07629332746262497,217.8181818181818,4.323680709306951,4.447828282828283,0.157815057779244
RHF_MPM_P44,1338,0.0669,66.9,0,255,4.475555555555555,28.40743422303046,64448,252.7372549019608,9,217,255,0.7315367458865105,109,109,223,0.015486111111111112,20,18,0.6194444444444445,69.28251121076234,59.600896860986545,0.06291666666666666,0.006527777777777778,0.019583333333333335,0.014444444444444444,0.010902777777777779,1,70.60215988083417,60.65351911618669,8.542730111752995,4.169257913461506,0.8728170805567348,-138.32525950335642,-1.1947848556371543,1.1947848556371543,0.022793570009930486,4,0.07062499999999972,1017,0.06883414473187426,217.45454545454547,3.6522380775637573,4.412165404040405,0.08755474086431037
RHF_MPM_P44,1339,0.06695,66.95,0,255,4.516875,28.41848955464925,65043,255.0705882352941,9,215,255,0.7354758901349912,108,108,231,0.016041666666666666,20,19,0.6078947368421053,69.44155844155844,59.76623376623377,0.06340277777777778,0.006388888888888889,0.020069444444444445,0.014444444444444444,0.010763888888888889,1,70.74170933075042,60.6909736635764,8.716012378991357,4.221810659756877,0.8748609777270713,-138.9992977504505,-0.8810638842967402,0.8810638842967402,0.020986116876527836,8,0.041319444444444464,595,0.1444883804743428,218.72727272727272,5.327303754175858,4.4033017676767665,0.0697628016068515
RHF_MPM_P44,1340,0.067,67.0,0,255,4.446319444444445,28.071546122921138,64027,251.08627450980393,9,211,255,0.7325866572623634,107,107,225,0.015625,20,18,0.625,69.33777777777777,59.617777777777775,0.06263888888888888,0.0061805555555555555,0.02,0.014027777777777778,0.010555555555555556,1,70.7148702890968,60.638027707061084,8.67195156666789,4.221060377003292,0.8735420940036104,-139.6294007176633,-0.9496132468443306,0.9496132468443306,0.02036640792165805,-6,-0.07055555555555504,-1016,0.05935999046670291,219.45454545454547,5.581847793821364,4.400568181818182,0.06739431402217194
RHF_MPM_P44,1341,0.06705,67.05,0,255,4.423194444444444,27.974818851880425,63694,249.78039215686275,8,209,255,0.7231448055060514,108,108,220,0.015277777777777777,20,18,0.6111111111111112,69.18181818181819,59.56818181818182,0.06159722222222222,0.0060416666666666665,0.01972222222222222,0.014166666666666666,0.010486111111111111,1,70.65607435551229,60.6849624768424,8.681531923256003,4.058973445970584,0.8839713061909957,-139.26692859490686,-0.8954785377675518,0.8954785377675518,0.020315885326718373,-5,-0.023125000000000284,-333,0.07523187104212388,220.45454545454547,4.499770425732575,4.406925505050506,0.06591427605963258
RHF_MPM_P44,1342,0.0671,67.1,0,255,4.372013888888889,27.785867862794856,62957,246.89019607843136,8,207,255,0.7253313873384731,109,109,215,0.014930555555555556,19,17,0.6656346749226006,68.93953488372092,59.246511627906976,0.06215277777777778,0.006111111111111111,0.019444444444444445,0.013680555555555555,0.010208333333333333,1,70.5305843671077,60.51981511190177,8.550026863082168,4.281648132490646,0.8655769242930783,-138.66497502755846,-1.3441012458349493,1.3441012458349493,0.02277745127626793,-5,-0.051180555555555785,-737,0.20741598139153966,220.63636363636363,4.22702834093188,4.411218434343434,0.06183683923139155
RHF_MPM_P44,1343,0.06715,67.15,0,255,4.362361111111111,28.025101843062817,62818,246.34509803921569,7,211,255,0.7014471318002931,108,108,220,0.015277777777777777,19,17,0.6811145510835913,68.89090909090909,59.20909090909091,0.059583333333333335,0.006319444444444444,0.018958333333333334,0.013888888888888888,0.010694444444444444,1,70.23961284982012,60.21899773950142,8.225688043460861,4.1513396759602434,0.8633065313259276,-139.01259991647146,-1.2282027755095126,1.2282027755095126,0.022222929733515872,5,-0.009652777777777288,-139,0.4185158484579687,220.9090909090909,4.077756634910146,4.4194381313131315,0.04700902980709929
RHF_MPM_P44,1344,0.0672,67.2,0,255,4.4375,28.424221564148027,63900,250.58823529411765,7,217,255,0.7110986325708393,110,110,224,0.015555555555555555,19,18,0.6549707602339181,68.96875,59.183035714285715,0.06104166666666667,0.006458333333333333,0.019444444444444445,0.014444444444444444,0.011111111111111112,1,70.25902973395931,60.07696400625978,8.005118450413423,4.342686282501476,0.8400631005756333,-139.657579455231,-1.3505946385468202,1.3505946385468202,0.02087636932707355,4,0.07513888888888864,1082,0.14335479332143705,221.27272727272728,4.158035136737917,4.425675505050505,0.0443656191269696
RHF_MPM_P44,1345,0.06725,67.25,0,255,4.49375,28.680514384891083,64710,253.76470588235293,6,220,255,0.7097326164203146,109,109,231,0.016041666666666666,19,18,0.6754385964912281,69.1948051948052,59.35930735930736,0.060625,0.006597222222222222,0.020069444444444445,0.014722222222222222,0.01125,1,70.27162726008345,60.0205686910833,7.77573643979913,4.489014073795658,0.8165247203731012,-139.40261519194485,-1.058077357028528,1.058077357028528,0.017524339360222532,7,0.056250000000000355,810,0.05778519912834915,222.54545454545453,4.755162483862553,4.43498106060606,0.046862882748362665
RHF_MPM_P44,1346,0.0673,67.3,0,255,4.499375,28.57648362335789,64791,254.08235294117648,6,216,255,0.7065172411243802,108,108,230,0.01597222222222222,19,18,0.672514619883041,69.13478260869566,59.31739130434783,0.06013888888888889,0.006458333333333333,0.02020833333333333,0.014583333333333334,0.010972222222222222,1,70.15806207652297,60.00240774181599,7.674000983931555,4.323445430920022,0.8261919715004643,-139.22456235403837,-0.9217993879375658,0.9217993879375658,0.016283125742772915,-1,0.005624999999999325,81,0.11500813447498204,223.54545454545453,5.051797814345384,4.444349747474747,0.048470976518023116
RHF_MPM_P44,1347,0.06735,67.35,0,255,4.536736111111111,28.712040842598235,65329,256.1921568627451,6,218,255,0.7006528620347798,108,108,233,0.016180555555555556,20,18,0.6472222222222223,69.2489270386266,59.40343347639485,0.059305555555555556,0.006458333333333333,0.020416666666666666,0.014791666666666667,0.011111111111111112,1,70.2856158826861,60.048447090878476,7.6976833591725775,4.253838071563042,0.8334381404267616,-140.18358071035,-0.8363138901280529,0.8363138901280529,0.016623551562093403,3,0.03736111111111118,538,0.13560824137492442,224.63636363636363,5.645154435003645,4.451691919191919,0.055309843885189294
RHF_MPM_P44,1348,0.0674,67.4,0,255,4.488194444444445,28.507961842380734,64630,253.45098039215685,7,220,255,0.6989343546043378,109,109,225,0.015625,18,17,0.7352941176470589,68.68,58.87555555555556,0.059236111111111114,0.006666666666666667,0.020069444444444445,0.014375,0.010763888888888889,1,69.90799938109237,59.67838465109082,7.583830382919712,4.129335644557693,0.838765977781955,-141.95705256175364,-1.1864677410142577,1.1864677410142577,0.01907782763422559,-8,-0.04854166666666604,-699,0.5287158325768969,225.1818181818182,5.356698131874995,4.459261363636363,0.054076137382356414
RHF_MPM_P44,1349,0.06745,67.45,0,12,0.02034722222222222,0.35853078512335984,293,24.416666666666668,0,0,7,0.05856215157019629,3,8,10,0.0006944444444444445,32,101,0.003094059405940594,98.2,61.3,0.004722222222222222,0.0,0.0,0.0,0.0,0,86.7679180887372,62.60409556313993,31.601820473988965,25.97140076698318,0.5697292906039714,105.96533115033317,-0.21568826016265058,0.21568826016265058,0.0,-215,-4.467847222222223,-64337,17.11188602022803,205.8181818181818,62.15057694724992,4.054242424242424,1.2767649465165176
RHF_MPM_P44,1350,0.0675,67.5,0,255,3.109652777777778,22.379951125492582,44779,175.60392156862744,3,104,255,0.6521030758976489,106,106,143,0.009930555555555555,13,14,0.7857142857142857,64.63636363636364,54.69230769230769,0.05479166666666667,0.0029861111111111113,0.013055555555555556,0.008611111111111111,0.006458333333333333,1,64.06898322874562,52.84955001228254,7.2175000824026805,5.020616497780789,0.7184127268493846,64.34683393442064,-1.1454389981746909,1.1454389981746909,0.013644788851917193,133,3.0893055555555557,44486,24.706128848564937,197.8181818181818,64.02956445242262,3.926313131313131,1.2943798715762564
RHF_MPM_P44,1351,0.06755,67.55,0,255,5.803263888888889,27.91324064375038,83567,327.71372549019605,29,179,255,1.2506780554209163,105,105,213,0.014791666666666667,19,20,0.5605263157894737,61.859154929577464,52.21596244131455,0.11479166666666667,0.005555555555555556,0.02388888888888889,0.012708333333333334,0.009444444444444445,1,57.24762166884057,43.93869589670564,16.31703473855309,5.4779289749252875,0.9419623922984777,60.5239982846903,-1.0039989188704583,1.0039989188704583,0.028946833080043557,70,2.693611111111111,38788,11.22204502753594,196.72727272727272,63.65830790469738,4.049671717171717,1.3985303521350183
RHF_MPM_P44,1352,0.0676,67.6,0,255,6.976458333333333,31.483775604991944,100461,393.9647058823529,36,238,255,1.2910078269267398,107,107,267,0.018541666666666668,29,27,0.34099616858237547,59.82022471910113,50.640449438202246,0.11722222222222223,0.00798611111111111,0.029861111111111113,0.015555555555555555,0.012222222222222223,1,53.504872537601656,43.53753197758334,17.896968623893247,4.71853057044784,0.964618489829707,46.54858590728885,-0.8084320016359209,0.8084320016359209,0.01487144264938633,54,1.1731944444444444,16894,3.7641869705681765,201.0,66.58692200288418,4.281786616161615,1.6334199672455614
RHF_MPM_P44,1353,0.06765,67.65,0,255,6.684236111111111,31.026058963928055,96253,377.4627450980392,34,240,255,1.3066030725486848,113,113,240,0.016666666666666666,19,19,0.6648199445983379,61.645833333333336,52.31666666666667,0.12020833333333333,0.0077777777777777776,0.02715277777777778,0.015625,0.012569444444444444,1,52.26466707531194,43.02050845168462,21.655220660942945,4.63010359522179,0.9768752565221088,-136.3759090219852,0.9937300164909032,0.9937300164909032,0.015885219162000145,-27,-0.2922222222222226,-4208,1.3436602677112965,203.27272727272728,67.44707138205875,4.4919886363636365,1.7742157682694002
RHF_MPM_P44,1354,0.0677,67.7,0,255,6.6750694444444445,33.10529356161538,96121,376.9450980392157,27,253,255,1.1226344341776688,110,110,299,0.020763888888888887,22,21,0.6471861471861472,60.43478260869565,51.331103678929765,0.10097222222222223,0.00951388888888889,0.02847222222222222,0.01951388888888889,0.014375,1,54.4634887277494,45.42981242392401,21.227978221623523,4.6818699079489265,0.9753752511944621,-137.57100294162097,1.6596155003647293,1.6596155003647293,0.015886226735052696,59,-0.009166666666666323,-132,3.261834191045939,210.45454545454547,72.83650887290925,4.702234848484848,1.880257667753804
RHF_MPM_P44,1355,0.06775,67.75,0,255,6.7219444444444445,34.97824588380647,96796,379.59215686274507,18,255,255,0.9355000176569324,109,109,345,0.023958333333333335,26,23,0.5769230769230769,59.46086956521739,50.3768115942029,0.08201388888888889,0.010416666666666666,0.03111111111111111,0.022291666666666668,0.01638888888888889,1,58.984730773998926,49.60949832637712,9.871248004278451,4.788735659484593,0.8744478233137177,-137.01372773056667,1.2180841941900145,1.2180841941900145,0.009649159056159345,46,0.046875,675,6.1572237155994145,221.45454545454547,82.54185014156992,4.909911616161616,1.9638499790524255
RHF_MPM_P44,1356,0.0678,67.8,0,255,7.084722222222222,35.51239478345798,102020,400.078431372549,23,255,255,1.014703459940142,109,109,354,0.024583333333333332,27,23,0.5700483091787439,59.24293785310734,50.42655367231639,0.08986111111111111,0.010902777777777779,0.0325,0.022708333333333334,0.016944444444444446,1,58.44419721623211,49.295932170162715,10.220980184148575,4.9106064802935965,0.8770255198557094,-137.8454974937656,0.7693406448108496,0.7693406448108496,0.008821799647128014,9,0.36277777777777764,5224,0.6249002011482532,232.63636363636363,90.97779222253061,5.145454545454546,2.0531594198608096
RHF_MPM_P44,1357,0.06785,67.85,0,255,7.40125,36.21711686472372,106578,417.9529411764706,26,255,255,1.0883170266633413,111,111,361,0.025069444444444443,27,23,0.5813204508856683,58.95013850415513,50.313019390581715,0.09777777777777778,0.011319444444444444,0.03270833333333333,0.02326388888888889,0.017777777777777778,1,57.87306948901274,48.732627746814536,10.678718744728918,5.190108761392801,0.8739457144423215,-135.97484529847915,0.7293694398305555,0.7293694398305555,0.010827750567659366,7,0.31652777777777796,4558,0.802183740898796,244.54545454545453,98.14494256998735,5.4092613636363645,2.1378782935887366
RHF_MPM_P44,1358,0.0679,67.9,0,255,6.865555555555556,34.563457858492725,98864,387.7019607843137,24,254,255,1.0145547483675301,106,106,348,0.024166666666666666,28,23,0.5403726708074534,58.632183908045974,50.33045977011494,0.08902777777777778,0.009791666666666667,0.030694444444444444,0.022083333333333333,0.015555555555555555,1,57.592682877488265,48.97499595403787,11.18226078973256,4.7088995113330725,0.9070121622097463,-139.04909005013988,0.8106132414900832,0.8106132414900832,0.013027998057938178,-13,-0.5356944444444443,-7714,0.37061975095079885,255.0,102.39140588936164,5.620972222222222,2.1562217729003605
RHF_MPM_P44,1359,0.06795,67.95,0,255,5.7058333333333335,30.562358736324295,82164,322.21176470588233,20,237,255,0.9715615570223242,109,109,257,0.017847222222222223,24,19,0.5635964912280702,61.00389105058366,52.06225680933852,0.08506944444444445,0.007430555555555556,0.025625,0.016458333333333332,0.012083333333333333,1,58.24004430164062,49.38336741151843,11.838041980064114,4.5266999844673785,0.924002730646345,-139.84070489565616,1.1048453022490528,1.1048453022490528,0.018657806338542426,-91,-1.1597222222222223,-16700,0.7654045079337866,257.90909090909093,101.95137392221892,5.7316666666666665,2.126273858339506
RHF_MPM_P44,1360,0.068,68.0,0,255,4.714513888888889,27.583435758366257,67889,266.2313725490196,16,198,255,0.899412253110325,108,108,213,0.014791666666666667,21,17,0.5966386554621849,61.943661971830984,53.0,0.07916666666666666,0.005555555555555556,0.01965277777777778,0.013541666666666667,0.01,1,58.89114584100517,49.96003770861259,12.103717287514794,4.468665570813279,0.9293508476961428,-138.8622475356435,1.4875190525088764,1.4875190525088764,0.02744185361398754,-44,-0.9913194444444446,-14275,0.8697596484739619,276.3636363636364,68.18860572275418,6.158409090909092,1.2114482557875697
RHF_MPM_P44,1361,0.06805,68.05,0,255,3.924375,25.02107256945716,56511,221.61176470588236,13,148,255,0.8277723744510843,107,107,176,0.012222222222222223,17,15,0.6901960784313725,62.99431818181818,54.08522727272727,0.07375,0.004375,0.01638888888888889,0.011458333333333333,0.008125,1,59.87689122471731,50.863513298295906,12.321786669212829,4.486550578657716,0.9313538941449075,-138.58391843166615,1.939808167762492,1.939808167762492,0.03452425191555626,-37,-0.790138888888889,-11378,1.3371470011421398,279.3636363636364,62.76546926640002,6.232474747474748,1.0348177690754254
RHF_MPM_P44,1362,0.0681,68.1,0,255,3.7159722222222222,24.97817981980151,53510,209.84313725490196,10,149,255,0.7588789753373808,108,108,176,0.012222222222222223,17,15,0.6901960784313725,63.1875,54.11363636363637,0.06715277777777778,0.0045138888888888885,0.015694444444444445,0.01125,0.008125,1,60.8294337507008,51.77834049710334,11.856720742065875,4.182767570484585,0.9357077701425988,-138.01032009674796,2.4600850088626904,2.4600850088626904,0.03593720799850495,0,-0.20840277777777771,-3001,1.3206990828666716,276.0,67.07526301917055,6.042720959595959,1.2624585489308027
RHF_MPM_P44,1363,0.06815,68.15,0,255,3.6240972222222223,25.052689252220517,52187,204.65490196078431,5,155,255,0.6994772233810163,104,104,176,0.012222222222222223,16,15,0.7333333333333333,63.21590909090909,54.18181818181818,0.060625,0.004583333333333333,0.015694444444444445,0.011319444444444444,0.008194444444444445,1,61.58328702550443,52.34466438001801,10.92526019359796,4.447291748700709,0.9133991641208254,-138.1791919034266,3.0323163121160985,3.0323163121160985,0.030984727997393987,0,-0.09187499999999993,-1323,0.9428772456113811,267.72727272727275,73.02314814693528,5.737960858585859,1.3976612560885848
RHF_MPM_P44,1364,0.0682,68.2,0,255,3.551527777777778,24.9644271447573,51142,200.55686274509804,3,155,255,0.6543019407534039,106,106,176,0.012222222222222223,16,15,0.7333333333333333,63.26704545454545,54.21022727272727,0.05576388888888889,0.0045138888888888885,0.015625,0.011111111111111112,0.008263888888888888,1,61.98930429001604,52.79603848109186,10.13843692548881,4.202687259568984,0.9100356021919439,-137.72266636267156,3.2349421976734845,3.2349421976734845,0.024285323217707558,0,-0.07256944444444446,-1045,0.6071149793916425,261.90909090909093,77.41793842568171,5.4531691919191925,1.4918234842684046
RHF_MPM_P44,1365,0.06825,68.25,0,255,3.5235416666666666,25.052805369879078,50739,198.9764705882353,1,160,255,0.6171675371848592,108,108,176,0.012222222222222223,16,15,0.7333333333333333,63.28409090909091,54.27840909090909,0.051875,0.0045138888888888885,0.01576388888888889,0.011111111111111112,0.008333333333333333,1,62.48786929186622,53.205325292181556,8.92923147728904,4.36669860160172,0.8722646717227598,-137.45870893396,3.204453675405571,3.204453675405571,0.017875795738977907,0,-0.027986111111111267,-403,0.6450447696104833,250.72727272727272,80.0898256040632,5.166666666666667,1.5317373345535112
RHF_MPM_P44,1366,0.0683,68.3,0,255,3.515347222222222,25.26400410369779,50621,198.51372549019607,0,163,255,0.5710381326777567,107,107,179,0.012430555555555556,16,16,0.69921875,63.340782122905026,54.273743016759774,0.04708333333333333,0.004652777777777777,0.015902777777777776,0.011180555555555555,0.008402777777777778,1,63.00973904110942,53.75000493866182,6.814187725409055,4.486968425233024,0.7526030932605117,-139.26652366179962,1.856920490275247,1.856920490275247,0.011536714011971316,3,-0.008194444444444393,-118,0.7543367632994065,235.63636363636363,76.4618416148898,4.875157828282829,1.5130230843895438
RHF_MPM_P44,1367,0.06835,68.35,0,255,3.629722222222222,25.80071822709497,52268,204.97254901960784,0,172,255,0.5499986937991228,108,108,189,0.013125,16,16,0.73828125,63.2962962962963,54.34920634920635,0.04493055555555556,0.004930555555555555,0.01638888888888889,0.012152777777777778,0.008680555555555556,1,63.12874033825668,53.88122751970613,6.129192241945731,4.362666643954011,0.702397479836764,-138.53981040361754,0.5131237161406494,0.5131237161406494,0.009623478992882835,10,0.1143749999999999,1647,0.17714591301709695,220.63636363636363,67.4203539907008,4.561066919191919,1.3739583935682078
RHF_MPM_P44,1368,0.0684,68.4,0,255,3.6844444444444444,25.992288006300427,53056,208.06274509803922,0,174,255,0.5475891266516618,107,107,194,0.013472222222222222,16,16,0.7578125,63.31958762886598,54.376288659793815,0.04451388888888889,0.005069444444444444,0.016666666666666666,0.012083333333333333,0.008888888888888889,1,63.069322979493364,53.871098462002415,6.194948429336279,4.281644147088517,0.7227104823551384,-137.72865893901195,0.7573100710524613,0.7573100710524613,0.008274276236429434,5,0.05472222222222234,788,0.060274541328601904,205.45454545454547,50.87661301684808,4.223175505050505,1.053622697919827
RHF_MPM_P44,1369,0.06845,68.45,0,255,3.6771527777777777,26.04261476042666,52951,207.65098039215687,0,174,255,0.5338668822025843,108,108,192,0.013333333333333334,16,16,0.75,63.416666666666664,54.479166666666664,0.043194444444444445,0.005138888888888889,0.016666666666666666,0.012222222222222223,0.009027777777777777,1,63.24099639289154,54.052029234575365,5.947774578920579,4.327758767827065,0.6859734589726685,-138.33503032103988,0.07871686715831384,0.07871686715831384,0.009272723839020981,-2,-0.007291666666666696,-105,0.2494147255709353,191.27272727272728,23.591565939357956,3.9333207070707066,0.6468892928785964
RHF_MPM_P44,1370,0.0685,68.5,0,255,3.763263888888889,26.440785475648248,54191,212.51372549019607,0,183,255,0.5422325147611221,107,107,198,0.01375,17,16,0.7279411764705882,63.42929292929293,54.34848484848485,0.04402777777777778,0.005277777777777778,0.016944444444444446,0.012569444444444444,0.009375,1,63.25585429314831,54.034544481555976,6.058024125838239,4.420314749242387,0.6838071523717402,-139.37095225194636,0.5864764972154562,0.5864764972154562,0.00834086840988356,6,0.08611111111111125,1240,0.022945016630832746,185.9090909090909,11.797184143642426,3.7567234848484845,0.3229395205041158
RHF_MPM_P44,1371,0.06855,68.55,0,255,3.9347916666666665,26.937483912569313,56661,222.2,0,190,255,0.5552067221635226,108,108,206,0.014305555555555556,17,17,0.71280276816609,63.422330097087375,54.228155339805824,0.04479166666666667,0.005555555555555556,0.018472222222222223,0.013194444444444444,0.009722222222222222,1,63.12377120064948,53.80540406981875,6.210491879838447,4.48187441961263,0.6922458544079585,-138.05483835048074,0.5236734162185318,0.5236734162185318,0.0070418806586541,8,0.1715277777777775,2470,0.2644830270833284,185.27272727272728,10.428029615075541,3.6858396464646463,0.13693574746028475
RHF_MPM_P44,1372,0.0686,68.6,0,255,3.858888888888889,26.469250060502887,55568,217.91372549019607,0,181,255,0.5585188754152963,108,108,198,0.01375,17,16,0.7279411764705882,63.41414141414141,54.484848484848484,0.04493055555555556,0.004930555555555555,0.017916666666666668,0.012847222222222222,0.009166666666666667,1,63.0254822919666,53.8840699683271,6.254954331724477,4.424583700218333,0.7068407997373903,-138.07660466709797,0.41973317384492365,0.41973317384492365,0.00878203282464728,-8,-0.07590277777777743,-1093,0.12589294324225475,187.27272727272728,10.566593233487485,3.679886363636364,0.12753696659620445
RHF_MPM_P44,1373,0.06865,68.65,0,255,3.821458333333333,26.321152205570705,55029,215.8,0,175,255,0.5774401405239225,107,107,196,0.01361111111111111,17,15,0.7686274509803922,63.714285714285715,54.80102040816327,0.046875,0.005,0.0175,0.012291666666666666,0.009166666666666667,1,63.29929673444911,54.059823002416906,6.387312585051233,4.841066665404866,0.6523484719080946,-138.49102793082855,0.892343507827502,0.892343507827502,0.011321303312798707,-2,-0.037430555555555856,-539,0.3253666822275779,189.0909090909091,10.184252955640035,3.6894760101010102,0.13370636594475843
RHF_MPM_P44,1374,0.0687,68.7,0,255,3.9263194444444443,27.029830261278207,56539,221.72156862745098,0,191,255,0.5600113638655706,108,108,207,0.014375,17,16,0.7610294117647058,63.792270531400966,54.570048309178745,0.04597222222222222,0.005694444444444445,0.017847222222222223,0.01326388888888889,0.009722222222222222,1,63.613629530058894,54.32630573586374,5.806796292329044,4.632487908547124,0.6029618717154683,-140.6735164283777,0.05522280324158339,0.05522280324158339,0.01085976051928757,11,0.10486111111111107,1510,0.41208998243243056,191.9090909090909,10.457311886944295,3.716950757575758,0.14776155930354662
RHF_MPM_P44,1375,0.06875,68.75,0,255,4.007708333333333,27.375107996203766,57711,226.31764705882352,0,194,255,0.5668911368790317,107,107,211,0.014652777777777778,17,16,0.7757352941176471,63.682464454976305,54.51658767772512,0.04666666666666667,0.0059722222222222225,0.01826388888888889,0.01361111111111111,0.009930555555555555,1,63.59780631075532,54.357037653133716,5.918636927777103,4.655679857458144,0.6174456754671188,-142.14252429260236,0.19161038699226138,0.19161038699226138,0.0095995564103897,4,0.08138888888888918,1172,0.03456624087484322,195.0909090909091,10.457311886944295,3.7584217171717174,0.15909551811104594
RHF_MPM_P44,1376,0.0688,68.8,0,255,4.045069444444445,27.43074328337661,58249,228.42745098039217,0,203,255,0.5664825035623186,108,108,210,0.014583333333333334,18,16,0.7291666666666666,63.523809523809526,54.680952380952384,0.04618055555555556,0.005833333333333334,0.018472222222222223,0.013680555555555555,0.010138888888888888,1,63.40780099229171,54.41856512558156,5.850370866916593,4.627154982405945,0.6119240591476214,-142.41634869735745,0.23113920349048148,0.23113920349048148,0.008291987845284898,-1,0.03736111111111118,538,0.1997189297745108,198.1818181818182,9.320731358528215,3.8058333333333336,0.15974326826647012
RHF_MPM_P44,1377,0.06885,68.85,0,255,4.08125,27.443680887587256,58770,230.47058823529412,0,200,255,0.583062204040836,109,109,210,0.014583333333333334,18,16,0.7291666666666666,63.595238095238095,54.614285714285714,0.04763888888888889,0.005833333333333334,0.018819444444444444,0.013819444444444445,0.010069444444444445,1,63.41677726731326,54.339867279224094,6.0223911440555185,4.807023590993066,0.6024033151307701,-143.23200366621646,0.18676649751539462,0.18676649751539462,0.00895014463161477,0,0.036180555555555216,521,0.07920810902026039,201.0,7.627700713964739,3.8572790404040402,0.14864720904154657
RHF_MPM_P44,1378,0.0689,68.9,0,255,4.1698611111111115,27.778644525019153,60046,235.47450980392156,0,207,255,0.5919655476149528,109,109,215,0.014930555555555556,18,15,0.7962962962962963,63.54883720930233,54.74883720930232,0.04833333333333333,0.005833333333333334,0.019166666666666665,0.014097222222222223,0.010486111111111111,1,63.412933417713084,54.44031242713919,5.999571244035851,4.640754503790357,0.6337787758830884,-146.0331841322382,0.24062932488145966,0.24062932488145966,0.009492722246277854,5,0.08861111111111164,1276,0.10051866950688432,203.36363636363637,7.5711501140570965,3.9063825757575756,0.15446642374620567
RHF_MPM_P44,1379,0.06895,68.95,0,255,4.300833333333333,28.228881966584037,61932,242.87058823529412,0,206,255,0.593007722728637,106,106,233,0.016180555555555556,18,17,0.761437908496732,63.467811158798284,54.708154506437765,0.04826388888888889,0.005902777777777778,0.02020833333333333,0.014513888888888889,0.010694444444444444,1,63.351950526383774,54.528983401149645,5.935950126741923,4.705780759542395,0.609534576971302,-141.61781490040698,0.37293880666833423,0.37293880666833423,0.007879609894723244,18,0.13097222222222182,1886,0.10761716715675625,206.9090909090909,10.79944902175818,3.9624179292929296,0.17431787407219285
RHF_MPM_P44,1380,0.069,69.0,0,255,4.441597222222223,28.78197362555623,63959,250.81960784313725,0,222,255,0.6008143264580005,108,108,236,0.01638888888888889,18,17,0.7712418300653595,63.96610169491525,55.139830508474574,0.049166666666666664,0.006527777777777778,0.02020833333333333,0.014930555555555556,0.011180555555555555,1,63.736737597523415,54.83858409293454,5.821401474454338,4.594976988182462,0.6139757670385386,-145.2688578527017,0.07687758263271863,0.07687758263271863,0.00930283462843384,3,0.14076388888888935,2027,0.4938761772650186,210.9090909090909,12.54413695320752,4.031912878787879,0.1975682835874108
RHF_MPM_P44,1381,0.06905,69.05,0,12,0.016944444444444446,0.330809776192741,244,20.333333333333332,0,0,7,0.04778347788238235,3,8,8,0.0005555555555555556,89,92,0.0009770395701025891,87.5,56.125,0.00375,0.0,0.0,0.0,0.0,0,90.06557377049181,58.0655737704918,29.743416699129376,21.541631198649014,0.6895388349672857,107.21000654059183,0.10548217601756327,0.10548217601756327,0.0,-228,-4.424652777777778,-63715,26.525856755288228,193.63636363636363,59.88970578909311,3.6913383838383846,1.175556498381848
RHF_MPM_P44,1382,0.0691,69.1,0,255,3.2160416666666665,22.713595559058593,46311,181.61176470588236,4,99,255,0.6976730158109666,104,104,141,0.009791666666666667,13,13,0.834319526627219,67.11347517730496,57.13475177304964,0.05986111111111111,0.003263888888888889,0.013194444444444444,0.008958333333333334,0.006666666666666667,1,69.04864934896676,58.549394312366395,7.953654500524158,5.335917645256459,0.741569350109496,-138.27132483444956,-0.5829154314458762,0.5829154314458762,0.018051866727127466,133,3.199097222222222,46067,21.022492584297318,187.72727272727272,61.561633431414094,3.6259974747474755,1.1801747782653738
RHF_MPM_P44,1383,0.06915,69.15,0,255,5.933055555555556,28.558859135267024,85436,335.043137254902,28,186,255,1.2356068864757246,103,103,236,0.01638888888888889,24,23,0.427536231884058,70.89406779661017,61.25847457627118,0.11263888888888889,0.005763888888888889,0.025694444444444443,0.014097222222222223,0.009375,1,77.61873215038158,67.98699611405029,18.74703090768215,4.464467606294653,0.971230188265816,45.36793544530442,1.0100134529670504,1.0100134529670504,0.018704059178800504,95,2.7170138888888893,39125,12.748123273260774,191.1818181818182,63.08842017621441,3.814558080808081,1.355061556250043
RHF_MPM_P44,1384,0.0692,69.2,0,255,6.41,30.468161159552185,92304,361.9764705882353,30,228,255,1.1907099242575505,100,100,287,0.019930555555555556,32,31,0.28931451612903225,72.61672473867596,63.00696864111498,0.10673611111111111,0.007083333333333333,0.029722222222222223,0.014861111111111111,0.010972222222222222,1,78.12200988039521,68.52125585023401,19.306024834092828,4.114117172092133,0.9770303565354707,46.15659128098965,1.0368849421573423,1.0368849421573423,0.015622291558329,51,0.4769444444444444,6868,0.7339767974771305,199.45454545454547,68.87850124592067,4.049880050505052,1.5469982797271307
RHF_MPM_P44,1385,0.06925,69.25,0,255,6.550694444444445,31.24629643948885,94330,369.921568627451,33,242,255,1.150275503112771,105,105,264,0.018333333333333333,21,21,0.5986394557823129,70.46969696969697,60.75757575757576,0.10201388888888889,0.007847222222222222,0.03,0.016527777777777777,0.012152777777777778,1,78.98887946570551,68.805979009859,22.05234368923181,4.2008822986835135,0.9816879802928935,-135.32533372147148,-1.1418175913688076,1.1418175913688076,0.0032863352061910313,-23,0.14069444444444468,2026,0.9124309045417541,204.63636363636363,71.35095428714287,4.288459595959597,1.7039505879313583
RHF_MPM_P44,1386,0.0693,69.3,0,255,5.744791666666667,32.103670079844235,82725,324.4117647058824,16,251,255,0.8733567094571969,110,110,284,0.01972222222222222,22,21,0.6147186147186147,70.80633802816901,60.99647887323944,0.07645833333333334,0.008888888888888889,0.024722222222222222,0.018541666666666668,0.013958333333333333,1,72.27729223330311,62.12646721063766,10.97469353796677,4.480450278743768,0.9128688752423506,-136.74609865182794,-2.2376306804692883,2.2376306804692883,0.016149894227863403,20,-0.8059027777777779,-11605,9.468964096145047,211.27272727272728,74.9388731616896,4.446376262626263,1.7504724319765617
RHF_MPM_P44,1387,0.06935,69.35,0,255,6.503958333333333,34.592012740554836,93657,367.2823529411765,16,255,255,0.8919306586067406,108,108,340,0.02361111111111111,24,24,0.5902777777777778,71.76470588235294,61.997058823529414,0.07756944444444444,0.010069444444444445,0.029375,0.021458333333333333,0.01625,1,72.5147933416616,62.30385342259522,9.04581982203055,4.763408295210381,0.8501214387468393,-136.97307667196952,-0.6603947386189568,0.6603947386189568,0.009235828608646444,56,0.7591666666666663,10932,0.2964332043887162,223.0909090909091,83.56103326905271,4.669911616161616,1.8396797968545644
RHF_MPM_P44,1388,0.0694,69.4,0,255,7.080277777777778,35.730448421021585,101956,399.82745098039214,21,255,255,0.9871583212428262,107,107,371,0.025763888888888888,26,26,0.5488165680473372,72.42587601078166,62.78706199460917,0.08673611111111111,0.010555555555555556,0.03180555555555555,0.02340277777777778,0.017152777777777777,1,73.38058574286947,63.232924006434146,10.190755032860313,4.7990692461818885,0.882173882911777,-136.9421872942974,-0.5145913155230115,0.5145913155230115,0.009239279689277728,31,0.5763194444444446,8299,1.2699482791610437,237.72727272727272,93.49583452956696,4.942550505050505,1.9510913085698602
RHF_MPM_P44,1389,0.06945,69.45,0,255,7.272569444444445,35.74240125627574,104725,410.6862745098039,26,255,255,1.0480927419528963,110,110,354,0.024583333333333332,26,25,0.5446153846153846,72.06497175141243,62.14971751412429,0.09291666666666666,0.011041666666666667,0.033125,0.022708333333333334,0.017222222222222222,1,73.99402243972308,63.592131773693005,11.156154964210927,4.741250127390486,0.9051982201010456,-137.60844112694642,-0.744068014330676,0.744068014330676,0.01098114108379088,-17,0.19229166666666675,2769,0.7108690463832026,250.36363636363637,98.81228551447963,5.224614898989899,2.0411918543956125
RHF_MPM_P44,1390,0.0695,69.5,0,255,7.400833333333333,35.78499684652153,106572,417.9294117647059,29,255,255,1.0904742386511366,110,110,355,0.024652777777777777,26,25,0.5461538461538461,72.28450704225352,62.10704225352113,0.096875,0.010833333333333334,0.03236111111111111,0.02277777777777778,0.017222222222222222,1,74.65040535975679,64.07605187103555,12.101869179803426,4.584570826271445,0.9254656104816553,-137.76826414915314,-0.8131738351238457,0.8131738351238457,0.011973126149457643,1,0.1282638888888883,1847,0.8154858664158378,261.45454545454544,102.9989970263291,5.506433080808081,2.1071312678670697
RHF_MPM_P44,1391,0.06955,69.55,0,255,7.101458333333333,34.5692368553625,102261,401.0235294117647,29,254,255,1.1063799584115528,108,108,341,0.023680555555555555,27,24,0.5262345679012346,72.1642228739003,61.9208211143695,0.09805555555555556,0.009652777777777777,0.03111111111111111,0.021319444444444443,0.015625,1,74.99338946421412,64.19424805155435,12.844414879678144,4.567432975392263,0.9346394533341705,-137.86364931232936,-0.9805718108681962,0.9805718108681962,0.015538670656457495,-14,-0.2993749999999995,-4311,0.36277876591613095,271.0,105.04284840006957,5.748238636363635,2.123613664082225
RHF_MPM_P44,1392,0.0696,69.6,0,255,6.652083333333334,33.10494564585898,95790,375.6470588235294,26,253,255,1.1014443574956758,109,109,305,0.021180555555555557,24,22,0.5776515151515151,71.28196721311475,60.993442622950816,0.09826388888888889,0.008888888888888889,0.028402777777777777,0.019375,0.014583333333333334,1,74.81290322580645,63.96394195636288,13.407548144333735,4.4986607195637385,0.9420288282388897,-138.07910682784737,-1.1286571098830454,1.1286571098830454,0.019709781814385634,-36,-0.44937499999999986,-6471,0.2926024260611882,298.0,64.20280367709809,6.351433080808081,1.1108558593617874
RHF_MPM_P44,1393,0.06965,69.65,0,255,6.2179166666666665,31.845362231567133,89538,351.1294117647059,23,249,255,1.0915485972692258,109,109,283,0.01965277777777778,23,20,0.6152173913043478,70.71378091872792,60.45583038869258,0.09861111111111111,0.008263888888888888,0.025833333333333333,0.017777777777777778,0.013402777777777777,1,74.54095467846054,63.68516160736224,13.68998739252399,4.526856492679872,0.9437467421564285,-138.64360072495697,-1.3782657170631711,1.3782657170631711,0.025419375013960552,-22,-0.43416666666666703,-6252,0.3894540992112836,310.90909090909093,41.65323199389442,6.624330808080808,0.5171557344991788
RHF_MPM_P44,1394,0.0697,69.7,0,255,5.513194444444444,29.818443086936277,79390,311.3333333333333,20,229,255,1.021456303983403,109,109,245,0.017013888888888887,21,17,0.6862745098039216,69.96326530612245,60.02857142857143,0.091875,0.007222222222222222,0.02277777777777778,0.015625,0.011805555555555555,1,74.0618969643532,63.39028844942688,13.81530269485047,4.258516722629032,0.9513065665550451,-138.94646515499477,-1.5704573830601158,1.5704573830601158,0.02840408111852878,-38,-0.7047222222222222,-10148,0.5625357523895888,311.72727272727275,40.23813412692652,6.586161616161617,0.5786101981544005
RHF_MPM_P44,1395,0.06975,69.75,0,255,4.957083333333333,28.315214154305217,71382,279.9294117647059,17,209,255,0.977178201140826,109,109,222,0.015416666666666667,20,17,0.6529411764705882,69.32882882882883,59.689189189189186,0.08861111111111111,0.006527777777777778,0.02034722222222222,0.014166666666666666,0.010555555555555556,1,73.3910929926312,62.89110700176515,13.753204001715456,4.28130550402793,0.9503132844382788,-139.06060422896022,-1.7669460196703097,1.7669460196703097,0.032235017231234765,-23,-0.556111111111111,-8008,0.8361579313548767,305.8181818181818,47.54484616332474,6.4540782828282826,0.7455104679270077
RHF_MPM_P44,1396,0.0698,69.8,0,255,4.714652777777777,27.976722105002725,67891,266.2392156862745,15,204,255,0.932356420917761,109,109,218,0.01513888888888889,19,17,0.6749226006191951,69.1697247706422,59.591743119266056,0.08472222222222223,0.006388888888888889,0.019791666666666666,0.013819444444444445,0.010416666666666666,1,72.59097671267179,62.210410805555966,12.721836332069453,4.251541824828574,0.9425048526661925,-139.14949084581392,-1.9783939097421808,1.9783939097421808,0.034054587500552354,-4,-0.24243055555555593,-3491,1.050491967122899,301.6363636363636,52.77443032253184,6.287165404040405,0.895618214138
RHF_MPM_P44,1397,0.06985,69.85,0,255,4.5188194444444445,27.598116506700233,65071,255.18039215686275,13,201,255,0.8742016063156135,107,107,215,0.014930555555555556,19,17,0.6656346749226006,69.15813953488372,59.604651162790695,0.07868055555555556,0.0059722222222222225,0.019305555555555555,0.01326388888888889,0.010069444444444445,1,72.00875966252248,61.768652702432725,11.879225121010387,4.354713349379062,0.930385638826453,-139.02529947589733,-1.9664570154841028,1.9664570154841028,0.03201118777950239,-3,-0.19583333333333286,-2820,0.7308398697112858,295.3636363636364,58.30838506248515,6.175713383838384,1.0233497989624571
RHF_MPM_P44,1398,0.0699,69.9,0,255,4.3850694444444445,27.38914498829093,63145,247.62745098039215,12,198,255,0.8153160955875437,106,106,214,0.014861111111111111,19,18,0.6257309941520468,69.08411214953271,59.574766355140184,0.07215277777777777,0.0059722222222222225,0.019097222222222224,0.013194444444444444,0.009930555555555555,1,71.45267242061921,61.34775516667986,10.743862833700787,4.230504959497342,0.919213223493022,-139.36561874055923,-1.9925941663528262,1.9925941663528262,0.0295035236360757,-1,-0.13375000000000004,-1926,0.6974150530426055,283.90909090909093,60.74006397675941,5.9830871212121215,1.1365898054600891
RHF_MPM_P44,1399,0.06995,69.95,0,255,4.2352083333333335,26.948042019905586,60987,239.16470588235293,12,193,255,0.7813051980217653,107,107,207,0.014375,19,17,0.6408668730650154,68.90821256038647,59.5024154589372,0.06833333333333333,0.005555555555555556,0.01826388888888889,0.012777777777777779,0.00951388888888889,1,71.12087821994851,61.146703395805666,10.02014582940418,4.221435486186794,0.9069237446587325,-139.5645223927941,-1.9438871933442519,1.9438871933442519,0.029563677505042057,-7,-0.149861111111111,-2158,0.38795515999965546,269.0,57.57840504279992,5.724444444444445,1.180354214485652
RHF_MPM_P44,1400,0.07,70.0,0,255,4.210486111111111,27.142738716671055,60631,237.7686274509804,10,197,255,0.7554963077801826,109,109,204,0.014166666666666666,19,18,0.5964912280701754,68.75,59.38725490196079,0.06618055555555556,0.005902777777777778,0.017986111111111112,0.013055555555555556,0.009930555555555555,1,70.728917550428,60.809569362207455,9.401425128369603,4.2607295631252615,0.8914086626045948,-139.49564751201905,-1.46401225225217,1.46401225225217,0.02972076990318484,-3,-0.024722222222222534,-356,0.5170034072046042,255.36363636363637,53.44712378905262,5.446073232323233,1.1429061744089346
RHF_MPM_P44,1401,0.07005,70.05,0,255,4.186041666666667,27.15614647323957,60279,236.38823529411764,8,194,255,0.7278900539323907,107,107,211,0.014652777777777778,19,18,0.6169590643274854,68.93838862559242,59.59241706161137,0.06277777777777778,0.005625,0.01840277777777778,0.013055555555555556,0.009722222222222222,1,70.58658902768792,60.706896265697836,8.722427911250433,4.253075474036415,0.8730658886369264,-139.3236963202942,-1.5237345329934224,1.5237345329934224,0.02639393486952338,7,-0.024444444444443825,-352,0.17549693197388078,242.27272727272728,44.29055082703289,5.153819444444445,1.0088534090580323
RHF_MPM_P44,1402,0.0701,70.1,0,255,4.141527777777778,27.04978635979108,59638,233.87450980392157,7,194,255,0.7170873215740041,108,108,207,0.014375,18,18,0.6388888888888888,68.73913043478261,59.48792270531401,0.061875,0.005763888888888889,0.018125,0.013125,0.00986111111111111,1,70.34551795834871,60.5997015325799,8.605013804318892,4.168537496325642,0.8748293404795204,-139.26793215262896,-1.3585004353053491,1.3585004353053491,0.025084677554579295,-4,-0.044513888888888964,-641,0.26382943596304276,230.0909090909091,32.25313105436304,4.8847348484848485,0.8328812351179953
RHF_MPM_P44,1403,0.07015,70.15,0,255,4.207986111111111,27.393802626381394,60595,237.62745098039215,7,199,255,0.7184846415212638,107,107,215,0.014930555555555556,19,18,0.6286549707602339,68.93953488372092,59.50697674418605,0.06208333333333333,0.005833333333333334,0.01840277777777778,0.013402777777777777,0.01,1,70.33105041670105,60.568132684214866,8.496077441102397,4.247981124036066,0.866029317715682,-138.95223951564648,-1.3710843725191766,1.3710843725191766,0.025035068900074262,8,0.06645833333333329,957,0.03472609895195966,221.9090909090909,21.99774594012489,4.662544191919192,0.634035795523286
RHF_MPM_P44,1404,0.0702,70.2,0,255,4.222708333333333,27.536847503712334,60807,238.45882352941177,6,204,255,0.6968597632536092,106,106,216,0.015,19,18,0.631578947368421,68.97222222222223,59.504629629629626,0.05986111111111111,0.0060416666666666665,0.018680555555555554,0.013472222222222222,0.010277777777777778,1,70.24909961024224,60.47629384774779,8.218129683357654,4.208034481825835,0.858959910358631,-138.19460878356247,-1.0435807805375645,1.0435807805375645,0.0221191639120496,1,0.014722222222221859,212,0.12308658157116516,215.8181818181818,10.52113182485768,4.481161616161615,0.4083660691403114
RHF_MPM_P44,1405,0.07025,70.25,0,255,4.2654861111111115,27.79370937844922,61423,240.87450980392157,5,208,255,0.6895079816566843,109,109,216,0.015,19,18,0.631578947368421,68.95370370370371,59.476851851851855,0.058888888888888886,0.0061805555555555555,0.01875,0.013888888888888888,0.010625,1,70.1898311707341,60.28868664832392,7.912926794205069,4.364437519608213,0.8341365897180749,-138.0563429552138,-1.0396428684958803,1.0396428684958803,0.019943669309542028,0,0.04277777777777825,616,0.1967465608273736,213.1818181818182,5.131333015152759,4.367733585858586,0.24758660135190635
RHF_MPM_P44,1406,0.0703,70.3,0,255,4.256944444444445,27.668962386625005,61300,240.3921568627451,5,207,255,0.6949478105125049,108,108,216,0.015,19,18,0.631578947368421,68.99074074074075,59.486111111111114,0.058888888888888886,0.005833333333333334,0.01888888888888889,0.013819444444444445,0.010416666666666666,1,70.22371941272431,60.32141924959217,7.872304920859778,4.276827356758616,0.8395547331973521,-138.31824886209154,-1.2437759923626666,1.2437759923626666,0.020261011419249592,0,-0.008541666666666892,-123,0.047115136962269814,212.63636363636363,4.436885215240883,4.304084595959595,0.16367049847978127
RHF_MPM_P44,1407,0.07035,70.35,0,255,4.167916666666667,27.322614739722074,60018,235.36470588235295,5,202,255,0.6806010024883306,108,108,209,0.014513888888888889,18,18,0.6450617283950617,68.70334928229666,59.377990430622006,0.057708333333333334,0.005833333333333334,0.01826388888888889,0.01326388888888889,0.010069444444444445,1,69.91145989536473,60.231530540837745,7.835343276245908,4.233092415579048,0.8415006174592214,-139.00010153258165,-1.093067498201858,1.093067498201858,0.020127295144789895,-7,-0.08902777777777793,-1282,0.32493997313838474,211.8181818181818,4.195629366987028,4.254381313131313,0.10333935547165464
RHF_MPM_P44,1408,0.0704,70.4,0,255,4.029513888888889,26.980824539277,58025,227.54901960784315,4,191,255,0.6699496213851741,109,109,203,0.014097222222222223,17,17,0.7024221453287197,68.13793103448276,58.793103448275865,0.056875,0.005555555555555556,0.017708333333333333,0.012847222222222222,0.00986111111111111,1,69.36429125376992,59.688582507539856,7.44962431430737,4.023006937682905,0.8416469465041481,-140.9009949454631,-1.4543314658796298,1.4543314658796298,0.0224558380008617,-6,-0.13840277777777743,-1993,0.7708346704752935,210.72727272727272,4.749945628222957,4.209898989898989,0.08330755263900953
RHF_MPM_P44,1409,0.07045,70.45,0,11,0.017986111111111112,0.3251433014437871,259,23.545454545454547,0,0,6,0.05479725397707099,2,8,8,0.0005555555555555556,31,98,0.0026333113890717576,97.625,67.125,0.0044444444444444444,0.0,0.0,0.0,0.0,0,89.1003861003861,60.58687258687259,32.223679169094105,25.167203104696107,0.6245112440926527,101.7720635051642,-0.3427532407324889,0.3427532407324889,0.0,-195,-4.011527777777778,-57766,19.756527145762675,192.0,58.37029132264897,3.8128914141414145,1.2016664701192619
RHF_MPM_P44,1410,0.0705,70.5,0,255,3.164722222222222,22.760399452913234,45572,178.71372549019608,3,104,255,0.6566413547635112,106,106,143,0.009930555555555555,13,13,0.8461538461538461,64.81818181818181,54.93006993006993,0.05541666666666667,0.003472222222222222,0.013541666666666667,0.009305555555555555,0.006666666666666667,1,64.777692442728,53.44516369700693,6.439744812835151,5.867550594015901,0.4120827046289335,70.91352564583009,-1.0071698326591718,1.0071698326591718,0.014987272886860354,135,3.146736111111111,45313,25.349505569771335,186.1818181818182,59.758328718595116,3.7155744949494958,1.2068599628880692
RHF_MPM_P44,1411,0.07055,70.55,0,255,5.6525694444444445,27.873741631948544,81397,319.20392156862744,26,184,255,1.168929292918304,107,107,207,0.014375,22,23,0.4090909090909091,61.90338164251208,51.99516908212561,0.10527777777777778,0.005625,0.02423611111111111,0.0125,0.009166666666666667,1,56.28867157266238,45.41456073319655,15.818583178049963,5.030329679251519,0.9480902840386572,46.6280037474421,-0.9041023805547875,0.9041023805547875,0.019963880732705136,64,2.4878472222222223,35825,11.685634740773377,186.45454545454547,59.84580738161216,3.846672979797981,1.325950007859754
RHF_MPM_P44,1412,0.0706,70.6,0,255,6.423263888888889,30.60883950779082,92495,362.72549019607845,30,240,255,1.2633673948146855,113,113,231,0.016041666666666666,19,18,0.6754385964912281,61.692640692640694,51.865800865800864,0.11708333333333333,0.007847222222222222,0.026319444444444444,0.015208333333333334,0.011944444444444445,1,54.151089248067464,43.65821936320882,19.766593385052182,4.74467344880875,0.9707642443291095,45.86243832373821,-1.1685176481945787,1.1685176481945787,0.026260878966430617,24,0.7706944444444446,11098,2.766585115688831,188.27272727272728,60.85913826816645,4.050056818181819,1.5198149534815044
RHF_MPM_P44,1413,0.07065,70.65,0,255,6.151805555555556,31.10489662355738,88586,347.39607843137253,26,246,255,1.1105680193861336,114,114,242,0.016805555555555556,20,18,0.6722222222222223,61.56611570247934,51.929752066115704,0.1,0.008263888888888888,0.026805555555555555,0.015902777777777776,0.012638888888888889,1,55.85267423746416,45.605558440385614,17.7196536125753,4.38181611563346,0.9689426225475231,45.50014795393738,-1.4130577828530353,1.4130577828530353,0.025195854875488227,11,-0.27145833333333336,-3909,2.5860241602970198,191.45454545454547,62.64381800213248,4.232809343434344,1.6362320878758623
RHF_MPM_P44,1414,0.0707,70.7,0,255,6.320277777777778,32.001099025060505,91012,356.90980392156865,27,249,255,1.0434199449557902,111,111,274,0.01902777777777778,22,19,0.6555023923444976,60.90510948905109,51.46715328467153,0.09222222222222222,0.008611111111111111,0.025347222222222222,0.017777777777777778,0.013541666666666667,1,56.18351426185558,45.88019162308267,18.278494374315848,4.41282868517858,0.9704202544857604,46.99306084613723,-1.6080060080095429,1.6080060080095429,0.01471234562475278,32,0.16847222222222236,2426,0.42997500715463915,196.8181818181818,66.81700679238944,4.424835858585858,1.742545216920152
RHF_MPM_P44,1415,0.07075,70.75,0,255,6.251041666666667,33.26658889058105,90015,353.0,20,253,255,0.9211857893057118,109,109,310,0.021527777777777778,26,21,0.5677655677655677,60.29677419354839,50.848387096774196,0.0804861111111111,0.009652777777777777,0.027777777777777776,0.01965277777777778,0.014652777777777778,1,59.034783091706934,49.311403654946396,11.163269056735846,4.502390653674692,0.9150581739870373,-136.74452828511778,1.7492817704219665,1.7492817704219665,0.016008443037271565,36,-0.0692361111111115,-997,4.461272234204981,205.36363636363637,74.31416447301493,4.609229797979798,1.8171221479528932
RHF_MPM_P44,1416,0.0708,70.8,0,255,6.586111111111111,34.26812296498321,94840,371.921568627451,20,255,255,0.9463080143300766,109,109,330,0.022916666666666665,25,22,0.6,60.18181818181818,50.63030303030303,0.08291666666666667,0.010208333333333333,0.029375,0.020902777777777777,0.01576388888888889,1,59.181980177140446,49.42523196963307,9.924589770473252,4.727918574804266,0.8792371782343325,-138.40009379287548,0.8452037790861955,0.8452037790861955,0.012716153521720792,20,0.33506944444444464,4825,0.1860748967070202,215.72727272727272,82.56577643319615,4.820195707070707,1.8978837292567337
RHF_MPM_P44,1417,0.07085,70.85,0,255,6.808611111111111,34.63561964323704,98044,384.48627450980393,23,255,255,1.006819817459437,109,109,339,0.023541666666666666,26,22,0.5926573426573427,60.12094395280236,50.59882005899705,0.08888888888888889,0.010486111111111111,0.030347222222222223,0.021388888888888888,0.016041666666666666,1,58.868110236220474,49.09057158010689,10.546143353210736,4.798612331686625,0.890485763557533,-137.97742364111934,0.9163252692792538,0.9163252692792538,0.0127289788258333,9,0.22250000000000014,3204,0.4588157758086786,226.9090909090909,89.85286411730371,5.052165404040404,1.9694536307009491
RHF_MPM_P44,1418,0.0709,70.9,0,255,6.998125,35.091090739134245,100773,395.18823529411765,24,255,255,1.0566222394240565,108,108,348,0.024166666666666666,26,23,0.5819397993311036,59.810344827586206,50.560344827586206,0.09472222222222222,0.010625,0.03090277777777778,0.022083333333333333,0.016666666666666666,1,58.36773738997549,48.82838657179999,11.057875142368111,4.874412807739058,0.8976008423093845,-137.86913833951425,0.9529369096426853,0.9529369096426853,0.016075734571760293,9,0.18951388888888854,2729,0.5649017293655576,239.54545454545453,96.00886667042187,5.3094570707070705,2.02131589764408
RHF_MPM_P44,1419,0.07095,70.95,0,255,6.85875,34.346145159630204,98766,387.3176470588235,23,253,255,1.0490046641285256,105,105,351,0.024375,29,24,0.5043103448275862,59.225071225071225,50.199430199430196,0.09270833333333334,0.00951388888888889,0.031041666666666665,0.021597222222222223,0.01576388888888889,1,57.78912783751493,48.51077293805561,11.975123062917225,4.677883165876487,0.9205463260630204,-138.91085044020093,0.9908320939955787,0.9908320939955787,0.016250531559443532,3,-0.13937500000000025,-2007,0.6600510847948917,253.0,100.22247978645038,5.566660353535354,2.022088541249003
RHF_MPM_P44,1420,0.071,71.0,0,255,6.2063194444444445,31.964137918023063,89371,350.4745098039216,22,243,255,1.0274915007850425,105,105,302,0.020972222222222222,25,23,0.5252173913043479,60.811258278145694,51.11258278145695,0.09020833333333333,0.008125,0.028333333333333332,0.018333333333333333,0.013125,1,58.12000537086975,48.49495921495787,12.639418623389284,4.720111520613305,0.9276528377185792,-138.20656192824637,1.150423300114278,1.150423300114278,0.018943505163867475,-49,-0.6524305555555552,-9395,0.3312552126641616,279.72727272727275,63.96602920740026,6.129236111111112,1.0053147108363998
RHF_MPM_P44,1421,0.07105,71.05,0,255,5.386597222222222,29.511942984135782,77567,304.1843137254902,19,226,255,0.9770109230878466,106,106,249,0.017291666666666667,22,20,0.5659090909090909,61.89558232931727,52.285140562249,0.08618055555555555,0.006597222222222222,0.022708333333333334,0.015208333333333334,0.01138888888888889,1,58.67438472546315,49.00238503487308,13.007294977856798,4.569152541322756,0.9362718965679807,-138.23226679503412,1.4717464733520238,1.4717464733520238,0.02649322521175242,-53,-0.8197222222222225,-11804,0.7515433663575338,289.3636363636364,48.83790019920767,6.331224747474747,0.47016542219630825
RHF_MPM_P44,1422,0.0711,71.1,0,255,4.404375,26.317685652078097,63423,248.71764705882353,15,172,255,0.8859627740781835,105,105,202,0.014027777777777778,20,18,0.5611111111111111,62.727722772277225,53.163366336633665,0.078125,0.004791666666666666,0.018333333333333333,0.012222222222222223,0.008888888888888889,1,59.0753985147344,49.53207826813617,13.66123851294698,4.241523968071036,0.9505803274469795,-138.10217315432052,1.7576992926225532,1.7576992926225532,0.031187424120587167,-47,-0.9822222222222221,-14144,0.6643696113989519,288.90909090909093,49.61937771302759,6.217752525252525,0.7098112616076296
RHF_MPM_P44,1423,0.07115,71.15,0,255,3.8100694444444443,24.43534487503387,54865,215.15686274509804,13,138,255,0.8142952688573926,105,105,172,0.011944444444444445,16,16,0.671875,63.41860465116279,53.91860465116279,0.071875,0.004097222222222223,0.015833333333333335,0.010486111111111111,0.0077083333333333335,1,59.83122209058598,50.24503782010389,13.7723909383393,4.150530575019138,0.9535085342896555,-137.4551453972805,2.0958621489047276,2.0958621489047276,0.03659892463319056,-30,-0.5943055555555556,-8558,1.0390286812957,283.54545454545456,58.06009995350998,5.980189393939394,0.9851652625657502
RHF_MPM_P44,1424,0.0712,71.2,0,255,3.5232638888888888,23.89391223983229,50735,198.9607843137255,10,134,255,0.7586129203819069,106,106,164,0.01138888888888889,16,15,0.6833333333333333,63.66463414634146,54.25,0.06694444444444445,0.003958333333333334,0.014930555555555556,0.010277777777777778,0.007361111111111111,1,60.78783877007983,51.20656351631024,13.07402781170961,4.136275381360173,0.9486347218145458,-137.37145297249452,2.533337815272627,2.533337815272627,0.04024834926579284,-8,-0.28680555555555554,-4130,1.3563359229744467,276.45454545454544,66.80550281684563,5.7412310606060615,1.2081155662249219
RHF_MPM_P44,1425,0.07125,71.25,0,255,3.2959027777777776,23.64321925089947,47461,186.12156862745098,4,126,255,0.6684108000370881,107,107,159,0.011041666666666667,15,14,0.7571428571428571,63.905660377358494,54.509433962264154,0.057569444444444444,0.004027777777777778,0.014444444444444444,0.01,0.007152777777777778,1,61.77722761846569,52.15488506352584,11.99701350878863,4.079206336303184,0.9404187530434804,-137.60588763580293,3.138508787681276,3.138508787681276,0.0348918059037947,-5,-0.22736111111111112,-3274,1.3704758480993675,266.0,74.88172492185745,5.466287878787878,1.3773419546201633
RHF_MPM_P44,1426,0.0713,71.3,0,255,3.285138888888889,24.092785370835696,47306,185.51372549019607,1,137,255,0.6024194299142083,107,107,165,0.011458333333333333,15,15,0.7333333333333333,63.806060606060605,54.38181818181818,0.050694444444444445,0.004166666666666667,0.014791666666666667,0.010555555555555556,0.007638888888888889,1,62.4751828520695,52.8091151228174,10.499359772129274,4.138649888914119,0.9190327564856785,-137.8923457873951,3.6117204867332977,3.6117204867332977,0.02671965501204921,6,-0.010763888888888573,-155,0.9566391579877951,252.8181818181818,78.64398281532957,5.1966603535353535,1.483535789989004
RHF_MPM_P44,1427,0.07135,71.35,0,255,3.3671527777777777,24.683895817448647,48487,190.1450980392157,0,148,255,0.5513603551548679,108,108,172,0.011944444444444445,16,14,0.7678571428571429,63.656976744186046,54.366279069767444,0.04548611111111111,0.0045138888888888885,0.015347222222222222,0.011041666666666667,0.00798611111111111,1,62.93092993998391,53.42516550828057,8.571647294807931,4.1965838684563685,0.8719533543055932,-139.21414585729673,3.7363656694865344,3.7363656694865344,0.015096830078165282,7,0.08201388888888861,1181,0.7663050864843479,238.45454545454547,77.65818301009722,4.9040277777777765,1.4980051989122112
RHF_MPM_P44,1428,0.0714,71.4,0,255,3.4824305555555557,25.314010661273457,50147,196.65490196078431,0,163,255,0.5270633894256326,108,108,181,0.012569444444444444,18,14,0.7182539682539683,63.430939226519335,54.425414364640886,0.042708333333333334,0.004791666666666666,0.01576388888888889,0.011319444444444444,0.008402777777777778,1,63.16954154784932,53.89090075178974,6.558439676109455,4.355737014224621,0.7476062099688661,-143.87788709973566,1.8423255318663971,1.8423255318663971,0.007817017967176501,9,0.11527777777777803,1660,0.5233018406757776,224.0909090909091,72.14940879925936,4.601647727272726,1.416524096637103
RHF_MPM_P44,1429,0.07145,71.45,0,255,3.6044444444444443,25.749060009212467,51904,203.54509803921567,0,172,255,0.5367780367987244,109,109,185,0.012847222222222222,18,14,0.7341269841269841,63.31351351351351,54.34594594594594,0.043611111111111114,0.005069444444444444,0.016180555555555556,0.011875,0.00875,1,63.09195823057953,53.87513486436498,6.313478242908009,4.442913527898308,0.7104785760753379,-147.38826110574576,0.8701032763645463,0.8701032763645463,0.008515721331689272,4,0.12201388888888864,1757,0.07916902377113921,209.27272727272728,61.066418251085665,4.293131313131313,1.2164124073659799
RHF_MPM_P44,1430,0.0715,71.5,0,255,3.7088194444444444,26.14836950505624,53407,209.4392156862745,0,176,255,0.5462907545220047,106,106,193,0.013402777777777777,18,15,0.7148148148148148,63.310880829015545,54.170984455958546,0.044305555555555556,0.005208333333333333,0.016666666666666666,0.012222222222222223,0.009097222222222222,1,63.05388806710731,53.750220008613105,6.215981613116987,4.356280738187151,0.7133387104967507,-145.75249375687972,0.4733980670660962,0.4733980670660962,0.009268447956260415,8,0.1043750000000001,1503,0.13058735978000827,194.9090909090909,41.48264597823253,4.006773989898989,0.9112062945725411
RHF_MPM_P44,1431,0.07155,71.55,0,255,3.820625,26.564041686469437,55017,215.75294117647059,0,184,255,0.5504972378535781,109,109,197,0.013680555555555555,17,16,0.7242647058823529,63.49746192893401,54.101522842639596,0.04465277777777778,0.005416666666666667,0.017361111111111112,0.012638888888888889,0.009305555555555555,1,63.14806332588109,53.58763654870313,6.122567630551522,4.413228737375445,0.6931291761937611,-140.69222418200383,0.6644284094366665,0.6644284094366665,0.009197157242306924,4,0.11180555555555571,1610,0.1878892248145352,185.36363636363637,24.238484528357066,3.7898926767676766,0.5887200847402686
RHF_MPM_P44,1432,0.0716,71.6,0,255,3.892708333333333,26.884722058539687,56055,219.8235294117647,0,192,255,0.5474336631575596,108,108,205,0.01423611111111111,16,16,0.80078125,63.88292682926829,54.541463414634144,0.044583333333333336,0.005625,0.017847222222222223,0.012777777777777779,0.009722222222222222,1,63.50411203282491,54.0031932923022,5.879495734918484,4.233012536601814,0.6940136573090998,-141.65316558163602,0.17755121708416555,0.17755121708416555,0.010132905182410133,8,0.07208333333333306,1038,0.5472276389831076,181.36363636363637,15.440635451317926,3.6540845959595956,0.3119918691775308
RHF_MPM_P44,1433,0.07165,71.65,0,12,0.01965277777777778,0.34755477824534775,283,23.583333333333332,0,0,7,0.056847609356577816,3,8,10,0.0006944444444444445,32,107,0.0029205607476635513,96.9,62.7,0.004583333333333333,0.0,0.0,0.0,0.0,0,89.21201413427562,62.49116607773852,35.39874835589129,21.979978446971916,0.7838697415152905,103.4395405859672,-0.3155461389398019,0.3155461389398019,0.0,-195,-3.8730555555555553,-55772,27.07289996406151,163.9090909090909,50.642157331353424,3.255473484848485,1.043119802431214
RHF_MPM_P44,1434,0.0717,71.7,0,255,3.2952083333333335,22.64181859440961,47451,186.08235294117648,8,102,255,0.7389315215086326,106,106,141,0.009791666666666667,14,13,0.7747252747252747,67.23404255319149,57.13475177304964,0.06395833333333334,0.003611111111111111,0.01375,0.009097222222222222,0.006527777777777778,1,69.87290046574361,58.909253756506715,9.039426993852487,5.038265081266825,0.8302672208889009,-139.77690484081873,-0.9351510073220338,0.9351510073220338,0.02404585783229015,131,3.2755555555555556,47168,19.6680302359284,161.0909090909091,50.97495739077901,3.2086679292929294,1.0286351046592113
RHF_MPM_P44,1435,0.07175,71.75,0,255,5.535763888888889,26.959184146281956,79715,312.6078431372549,26,160,255,1.2375780699254237,100,100,220,0.015277777777777777,29,26,0.2917771883289125,71.0409090909091,60.68636363636364,0.11416666666666667,0.005138888888888889,0.021944444444444444,0.012152777777777778,0.008333333333333333,1,78.53890735746096,67.24499780467917,19.069050628296512,4.566045883202898,0.9709091919970118,-138.30928744767198,-0.8844990508000227,0.8844990508000227,0.01684751928746158,79,2.2405555555555554,32264,12.024321364797894,166.1818181818182,53.73304076098325,3.3916224747474746,1.2279769367302833
RHF_MPM_P44,1436,0.0718,71.8,0,255,6.003055555555555,29.648158863526643,86444,338.99607843137255,28,213,255,1.123883904570608,105,105,245,0.017013888888888887,36,29,0.23467432950191572,71.88979591836734,61.59591836734694,0.09986111111111111,0.006875,0.028888888888888888,0.013888888888888888,0.010694444444444444,1,78.35146453195132,66.76123270556661,18.036511129267982,4.127469488183816,0.9734641233817786,-139.89583317577947,-0.9124598372473931,0.9124598372473931,0.007588727962611633,25,0.4672916666666662,6729,0.5188096798966075,174.0,58.19090838079277,3.6377272727272727,1.4375287543758672
RHF_MPM_P44,1437,0.07185,71.85,0,255,6.257986111111111,30.438857865670222,90115,353.3921568627451,31,232,255,1.1269792104908927,109,109,235,0.016319444444444445,20,19,0.618421052631579,70.33191489361703,60.35744680851064,0.09972222222222223,0.007361111111111111,0.028125,0.015,0.011527777777777777,1,78.84293402874106,67.3443044998058,20.110365918436848,4.037262636459256,0.9796414178959931,-139.42440196322417,-1.0978349617423895,1.0978349617423895,0.0070132608333795705,-10,0.2549305555555561,3671,0.7625712973303285,180.36363636363637,60.63493251684473,3.907986111111111,1.61440610219847
RHF_MPM_P44,1438,0.0719,71.9,0,255,5.909513888888889,31.081558368219397,85097,333.71372549019605,23,241,255,0.9895634786737142,104,104,273,0.018958333333333334,22,21,0.5909090909090909,70.74358974358974,60.765567765567766,0.08645833333333333,0.0077777777777777776,0.024444444444444446,0.016944444444444446,0.012291666666666666,1,75.66068134011775,64.61286531840135,17.324717191640485,4.193788194607177,0.9702588754822715,-139.69293426917244,-1.7632927965914627,1.7632927965914627,0.03456056030177327,38,-0.34847222222222207,-5018,4.193744409947,189.54545454545453,66.0762144474279,4.139109848484848,1.7001441233022296
RHF_MPM_P44,1439,0.07195,71.95,0,255,6.016180555555556,32.79709848058479,86633,339.7372549019608,16,252,255,0.8797183970059755,106,106,309,0.021458333333333333,23,23,0.5841209829867675,71.44012944983818,61.43689320388349,0.07604166666666666,0.008958333333333334,0.02701388888888889,0.01923611111111111,0.014583333333333334,1,72.69612041600776,62.229035125183245,9.970734749465864,4.4161739489775185,0.896564303031151,-137.56356264991206,-0.7847506235262447,0.7847506235262447,0.021492964574700173,36,0.10666666666666647,1536,3.804111967707855,201.1818181818182,74.30504471044674,4.369450757575757,1.7659386097422396
RHF_MPM_P44,1440,0.072,72.0,0,255,6.537430555555556,33.98096262873866,94139,369.17254901960786,19,253,255,0.9439215249178191,107,107,337,0.02340277777777778,25,25,0.5392,72.0593471810089,62.10089020771513,0.08243055555555556,0.009583333333333333,0.029375,0.020972222222222222,0.015555555555555555,1,73.36292078734637,62.92536568266075,10.487031158565259,4.570273802663092,0.9000423491966916,-137.23905956891304,-0.9268804487365804,0.9268804487365804,0.014871625999851285,28,0.5212500000000002,7506,0.9641052745910256,215.0,83.56706615320742,4.636085858585859,1.8497369740411085
RHF_MPM_P44,1441,0.07205,72.05,0,255,6.568888888888889,33.75644759628873,94592,370.9490196078431,23,254,255,0.9829444126034166,108,108,325,0.022569444444444444,24,25,0.5416666666666666,71.52923076923076,61.82153846153846,0.08597222222222223,0.009583333333333333,0.028680555555555556,0.020555555555555556,0.015347222222222222,1,73.42161070703654,63.15234903585927,11.045903201706558,4.564776854439172,0.9106152567554285,-136.62442674627025,-0.8424542281400417,0.8424542281400417,0.012516914749661705,-12,0.031458333333333144,453,0.23444818042049778,227.0,88.85637031442678,4.896092171717172,1.9014124903748097
RHF_MPM_P44,1442,0.0721,72.1,0,255,6.782708333333333,34.25126223786727,97671,383.0235294117647,24,254,255,1.0203383272536333,109,109,333,0.023125,25,25,0.5328,72.0,61.990990990990994,0.08979166666666667,0.009791666666666667,0.029583333333333333,0.021111111111111112,0.015694444444444445,1,73.9144679587595,63.54469596912082,11.571688797138673,4.637422840203856,0.9161848553088335,-135.8108172278397,-0.9398769138624199,0.9398769138624199,0.01466146553224601,8,0.2138194444444439,3079,0.6299558608471425,239.36363636363637,93.17849218010923,5.165372474747475,1.9394030067925463
RHF_MPM_P44,1443,0.07215,72.15,0,255,6.885972222222223,34.221107812110894,99158,388.85490196078433,26,254,255,1.071858908959626,108,108,333,0.023125,25,25,0.5328,71.91591591591592,61.912912912912915,0.09541666666666666,0.009791666666666667,0.029236111111111112,0.021041666666666667,0.015833333333333335,1,74.49202283224753,63.96483390145021,12.727315533358304,4.583949278754489,0.9328881419269284,-136.19861347288094,-1.064492281125722,1.064492281125722,0.01745698783759253,0,0.10326388888888971,1487,0.7142027121705603,251.0,96.1069480034896,5.437487373737374,1.951698608059361
RHF_MPM_P44,1444,0.0722,72.2,0,255,6.838402777777778,33.837829097098364,98473,386.1686274509804,27,254,255,1.1179643955988694,110,110,316,0.021944444444444444,24,23,0.572463768115942,71.36075949367088,61.151898734177216,0.10083333333333333,0.00986111111111111,0.02861111111111111,0.02034722222222222,0.015486111111111112,1,74.56213378286434,63.843347922780865,13.183525926260904,4.597560020633085,0.9372212841234405,-136.73300864139628,-1.163011411220564,1.163011411220564,0.02310277944208057,-17,-0.047569444444445,-685,0.14026542128993086,278.8181818181818,59.72180686211724,6.057373737373737,0.9668686167099563
RHF_MPM_P44,1445,0.07225,72.25,0,255,6.861041666666667,33.77853623273279,98799,387.4470588235294,26,254,255,1.1514757447562174,110,110,315,0.021875,24,22,0.5965909090909091,71.55238095238096,61.2952380952381,0.10465277777777778,0.009791666666666667,0.028680555555555556,0.020416666666666666,0.015347222222222222,1,74.92021174303383,64.12409032480086,13.787271985182034,4.488377567935441,0.9455265452662125,-137.128477754072,-1.3122432241443864,1.3122432241443864,0.026660188868308385,-1,0.02263888888888932,326,0.4550122216502585,294.6363636363636,41.33735428766737,6.381540404040405,0.4414422908341178
RHF_MPM_P44,1446,0.0723,72.3,0,255,6.472777777777778,32.49043377254904,93208,365.52156862745096,24,248,255,1.1296411097424097,107,107,298,0.020694444444444446,24,21,0.5912698412698413,71.2751677852349,60.848993288590606,0.10263888888888889,0.00875,0.02715277777777778,0.01888888888888889,0.013888888888888888,1,74.95770749291906,64.05406188310016,14.399395672101683,4.417264103476157,0.9517845385490956,-137.210615551036,-1.3987813369728221,1.3987813369728221,0.028044803021199896,-17,-0.38826388888888896,-5591,0.07943496652283288,301.72727272727275,33.957435680812665,6.466723484848486,0.3511996159237323
RHF_MPM_P44,1447,0.07235,72.35,0,255,5.982847222222222,30.965055083719296,86153,337.85490196078433,21,243,255,1.1024123985601213,107,107,270,0.01875,22,19,0.645933014354067,70.47037037037038,60.092592592592595,0.10034722222222223,0.00798611111111111,0.02486111111111111,0.016875,0.012638888888888889,1,74.68790407762934,63.77622369505415,14.731276830436133,4.447288192095263,0.9533414102657686,-137.42407607470832,-1.5230603957893094,1.5230603957893094,0.028994927628753497,-28,-0.48993055555555554,-7055,0.38728276703035136,304.0,30.771887997149133,6.464886363636364,0.35366445784815015
RHF_MPM_P44,1448,0.0724,72.4,0,255,5.543888888888889,29.98570523115767,79832,313.06666666666666,19,237,255,1.0546347838988268,110,110,246,0.017083333333333332,21,18,0.6507936507936508,69.92276422764228,59.58536585365854,0.09666666666666666,0.007569444444444445,0.022430555555555554,0.01576388888888889,0.012222222222222223,1,74.06707836456559,63.18451247620002,14.488109408748231,4.488398044743042,0.9508021563309302,-137.7306319586159,-1.750841256750957,1.750841256750957,0.030701974145705982,-24,-0.4389583333333338,-6321,0.8576402115799817,305.0,28.616587688071597,6.399968434343434,0.4405507872085701
RHF_MPM_P44,1449,0.07245,72.45,0,255,5.319375,29.646475097732715,76599,300.38823529411764,17,229,255,1.0026431578952684,110,110,238,0.016527777777777777,20,18,0.6611111111111111,69.67647058823529,59.403361344537814,0.09145833333333334,0.007291666666666667,0.021944444444444444,0.015486111111111112,0.011944444444444445,1,73.47632475619785,62.64021723521195,13.728454079182512,4.479262513913763,0.9452746129810516,-137.9763502927246,-1.9370226050246449,1.9370226050246449,0.032076136764187524,-8,-0.22451388888888868,-3233,0.8032727651064487,301.8181818181818,33.522904467944635,6.346319444444444,0.5248732410705648
RHF_MPM_P44,1450,0.0725,72.5,0,255,5.154861111111111,29.30706761995662,74230,291.0980392156863,16,227,255,0.9743157156806104,109,109,235,0.016319444444444445,20,17,0.6911764705882353,69.58297872340425,59.34893617021277,0.08895833333333333,0.007222222222222222,0.021458333333333333,0.01513888888888889,0.011458333333333333,1,73.02919304863264,62.26853024383672,13.22431163167629,4.349825101118282,0.9443555628955682,-138.24419643386204,-1.9883072197186464,1.9883072197186464,0.03226458305267412,-3,-0.16451388888888907,-2369,0.5814447381030785,295.09090909090907,38.467115933800685,6.268017676767676,0.6233012951716628
RHF_MPM_P44,1451,0.07255,72.55,0,255,5.21125,29.616056288847215,75042,294.2823529411765,16,230,255,0.9746275281997536,110,110,240,0.016666666666666666,20,18,0.6666666666666666,69.59583333333333,59.391666666666666,0.08923611111111111,0.0075,0.021875,0.015625,0.011944444444444445,1,72.77896378028304,61.99917379600757,12.593813358809294,4.345968025950316,0.9385705046596854,-138.83012798749212,-1.9372597576773396,1.9372597576773396,0.0326217318301751,5,0.05638888888888882,812,0.3676514418928822,286.27272727272725,38.96406481756541,6.1474558080808075,0.6847585750798736
RHF_MPM_P44,1452,0.0726,72.6,0,255,5.003819444444445,29.092969738230952,72055,282.5686274509804,15,228,255,0.9166111667051661,109,109,233,0.016180555555555556,20,17,0.6852941176470588,69.27038626609442,59.15450643776824,0.08277777777777778,0.007152777777777778,0.020972222222222222,0.015069444444444444,0.011458333333333333,1,72.10268544861565,61.41072791617514,11.580160941672636,4.380088898328879,0.9257072571733186,-139.5750541032156,-1.884108466017474,1.884108466017474,0.03075428492124072,-7,-0.2074305555555549,-2987,0.8964490701509977,277.90909090909093,39.621974035202754,6.005176767676767,0.742566745057022
RHF_MPM_P44,1453,0.07265,72.65,0,255,5.068819444444444,29.52555249263217,72991,286.2392156862745,15,230,255,0.9015409976481394,110,110,240,0.016666666666666666,20,17,0.7058823529411765,69.45416666666667,59.229166666666664,0.08083333333333333,0.0075,0.021458333333333333,0.015347222222222222,0.01173611111111111,1,71.83229439245935,61.04271759531997,10.550092346627814,4.281711534598037,0.9139415298511987,-140.59616310211632,-1.7965620922327565,1.7965620922327565,0.031113424942801168,7,0.0649999999999995,936,0.4566649970221542,269.45454545454544,36.785282720041565,5.849368686868687,0.7428832676068639
RHF_MPM_P44,1454,0.0727,72.7,0,12,0.01965277777777778,0.33926373139009186,283,23.583333333333332,0,0,6,0.05947058423366642,2,8,9,0.000625,32,107,0.002628504672897196,99.0,63.333333333333336,0.004861111111111111,0.0,0.0,0.0,0.0,0,87.43109540636043,60.95406360424028,34.94643469204829,25.99980469770732,0.6681905360319778,109.81064611186221,-0.18224403991846413,0.18224403991846413,0.0,-231,-5.049166666666666,-72708,15.599052939246528,240.0,79.28085863217265,5.225157828282828,1.7759924390106128
RHF_MPM_P44,1455,0.07275,72.75,0,255,3.2102083333333336,22.50883884933841,46227,181.28235294117647,5,108,255,0.7183556850414503,104,104,147,0.010208333333333333,13,14,0.8076923076923077,64.85034013605443,54.64625850340136,0.06208333333333333,0.002916666666666667,0.01423611111111111,0.008888888888888889,0.006388888888888889,1,65.28254050663033,52.812750124386184,7.1563456055179335,5.777318516205325,0.5901411272450336,112.37868359790379,-2.5702003400537543,2.5702003400537543,0.02414173534947109,138,3.1905555555555556,45944,23.597446245804065,224.63636363636363,79.43925378125297,4.89532196969697,1.782653643718161
RHF_MPM_P44,1456,0.0728,72.8,0,255,5.283888888888889,27.43735473540668,76088,298.3843137254902,23,176,255,1.0469708921328464,101,101,224,0.015555555555555555,23,24,0.4057971014492754,61.245535714285715,51.433035714285715,0.09194444444444444,0.005347222222222222,0.02347222222222222,0.012430555555555556,0.008819444444444444,1,58.7407869834928,46.52264483229944,12.836866699153193,5.244010765526859,0.9127530648451763,57.56436607522426,-0.8471938907633791,0.8471938907633791,0.016244348648932816,77,2.0736805555555553,29861,9.075239046053824,216.36363636363637,74.1610933616478,4.751944444444445,1.6792096682528075
RHF_MPM_P44,1457,0.07285,72.85,0,255,6.619583333333333,30.712933935680912,95322,373.81176470588235,31,228,255,1.277664832830138,104,104,270,0.01875,30,28,0.32142857142857145,59.662962962962965,49.96666666666667,0.11638888888888889,0.007222222222222222,0.03013888888888889,0.014930555555555556,0.011597222222222222,1,54.65670044690628,43.36583370050985,17.65158597422102,5.508770372628224,0.9500546463192346,51.05878105804829,-0.8370054337882469,0.8370054337882469,0.03224858899309708,46,1.335694444444444,19234,5.161900750703943,213.8181818181818,71.75693591033321,4.765290404040404,1.6933571981732525
RHF_MPM_P44,1458,0.0729,72.9,0,255,6.760277777777778,31.466464157726808,97348,381.75686274509803,33,243,255,1.2554327762848667,112,112,249,0.017291666666666667,21,19,0.6240601503759399,61.18875502008032,51.674698795180724,0.11416666666666667,0.007916666666666667,0.029652777777777778,0.016180555555555556,0.012638888888888889,1,53.60728520359946,43.774191560175865,19.68862625883903,4.481643391419232,0.9737486331909103,45.49309457429594,-1.128901247992075,1.128901247992075,0.015264823108846613,-21,0.14069444444444468,2026,1.1260677130775547,211.9090909090909,70.50526033947531,4.835965909090909,1.7577007017271111
RHF_MPM_P44,1459,0.07295,72.95,0,255,6.929236111111111,32.835529634237936,99781,391.2980392156863,32,249,255,1.1752367541338775,107,107,301,0.020902777777777777,23,22,0.5948616600790514,60.14950166112957,50.76744186046512,0.10486111111111111,0.00875,0.03111111111111111,0.018680555555555554,0.01375,1,54.01452180274802,44.49106543329893,20.367837207527817,4.477141596579414,0.9755417364705657,-135.9894185106543,1.4186252183656565,1.4186252183656565,0.014181056513765146,52,0.16895833333333332,2433,0.824469403709166,216.9090909090909,74.57815247407434,4.961906565656566,1.851063158393363
RHF_MPM_P44,1460,0.073,73.0,0,255,6.458541666666667,33.914569191260846,93003,364.7176470588235,18,253,255,0.9301393719870792,108,108,327,0.022708333333333334,26,23,0.5468227424749164,59.72782874617737,50.596330275229356,0.08069444444444444,0.009444444444444445,0.029861111111111113,0.020625,0.015347222222222222,1,58.82246809242712,49.38179413567304,10.81702589128283,4.635291192955134,0.903533205254067,-138.56376671362455,1.7533459630198638,1.7533459630198638,0.01124694902314979,26,-0.47069444444444386,-6778,6.85824866599812,225.0,80.9803567651945,5.065467171717172,1.8994004588432363
RHF_MPM_P44,1461,0.07305,73.05,0,255,6.767847222222223,34.65077651974199,97457,382.1843137254902,21,254,255,0.9222871051394037,102,102,367,0.025486111111111112,29,25,0.5062068965517241,58.904632152588555,49.724795640326974,0.07895833333333334,0.009652777777777777,0.03194444444444444,0.022430555555555554,0.015833333333333335,1,58.70387965974738,49.17634443908596,10.064107647509557,4.645789253185374,0.8870779861237316,-137.9567852628456,0.5912548704776918,0.5912548704776918,0.005140728731645752,40,0.3093055555555555,4454,0.23721887402388905,237.0,90.76242714812216,5.212102272727273,1.9618759415930878
RHF_MPM_P44,1462,0.0731,73.1,0,255,7.020625,35.08772030605639,101097,396.45882352941175,24,255,255,0.9885871195011289,107,107,356,0.024722222222222222,28,25,0.5085714285714286,59.252808988764045,50.1376404494382,0.08583333333333333,0.010069444444444445,0.03243055555555555,0.022152777777777778,0.016458333333333332,1,58.264300622174744,48.82089478421714,10.858980436738724,4.786646343450586,0.8976049963268903,-137.24941511592067,0.7289737199934303,0.7289737199934303,0.007171330504367093,-11,0.2527777777777773,3640,0.5653089309569129,247.54545454545453,97.02142559658351,5.376590909090909,2.0295915714182526
RHF_MPM_P44,1463,0.07315,73.15,0,255,7.3116666666666665,35.61411553022201,105288,412.8941176470588,28,255,255,1.0937890103387882,110,110,353,0.02451388888888889,28,23,0.5481366459627329,59.345609065155806,50.46458923512748,0.09722222222222222,0.010694444444444444,0.03229166666666667,0.022569444444444444,0.017152777777777777,1,57.7963965504141,48.48829876149229,11.497229358203839,4.943023692117894,0.9028614006260455,-137.2148502243392,0.87078388333692,0.87078388333692,0.01304042246029937,-3,0.29104166666666664,4191,0.5740682317482632,258.45454545454544,101.41934873346733,5.586395202020203,2.0983332082771984
RHF_MPM_P44,1464,0.0732,73.2,0,255,7.340694444444445,35.438564360907606,105706,414.53333333333336,28,255,255,1.1286407886363625,108,108,358,0.02486111111111111,30,24,0.49722222222222223,58.8463687150838,50.089385474860336,0.10125,0.010486111111111111,0.03277777777777778,0.022569444444444444,0.01673611111111111,1,57.05529487446314,47.94130891340132,12.43541618796903,4.855839670918427,0.9206094202381173,-137.53576226340545,0.9196624194546599,0.9196624194546599,0.016158023196412692,5,0.02902777777777832,418,0.921102376509749,269.1818181818182,105.07470777916079,5.792929292929293,2.148434658745837
RHF_MPM_P44,1465,0.07325,73.25,0,255,6.413958333333333,32.262826254727095,92361,362.2,24,243,255,1.0502070856835368,105,105,306,0.02125,30,23,0.4434782608695652,59.84313725490196,50.90196078431372,0.09180555555555556,0.00798611111111111,0.029375,0.018541666666666668,0.012986111111111111,1,57.0020679724126,48.03294680655255,13.300510862113253,4.42060929485324,0.9431512372531362,-138.7483816728001,1.0797640818111829,1.0797640818111829,0.016208139799265924,-52,-0.9267361111111114,-13345,0.10597455620616654,296.1818181818182,65.42840387062681,6.3742297979797975,1.1326328383516315
RHF_MPM_P44,1466,0.0733,73.3,0,255,5.460486111111111,29.230199276838608,78631,308.35686274509806,21,219,255,1.0004588555204967,108,108,238,0.016527777777777777,22,20,0.5409090909090909,61.680672268907564,52.424369747899156,0.08798611111111111,0.006597222222222222,0.023125,0.015,0.010763888888888889,1,57.51321997685391,48.3579249914156,14.132257630416051,4.486428198497902,0.9482716237565378,-138.63169192418462,1.3556610050511515,1.3556610050511515,0.020335491091299868,-68,-0.9534722222222225,-13730,0.6057121364817245,304.45454545454544,49.96974291120148,6.578800505050506,0.6378218183845084
RHF_MPM_P44,1467,0.07335,73.35,0,255,4.745069444444445,27.121249292568027,68329,267.956862745098,17,183,255,0.9512271875428342,107,107,207,0.014375,20,17,0.6088235294117647,62.2463768115942,52.97584541062802,0.08451388888888889,0.005208333333333333,0.01972222222222222,0.013125,0.009444444444444445,1,57.929429671149876,48.845878031289786,14.657750127426112,4.196728696334214,0.9581356466258281,-138.31934975009364,1.6306243599278665,1.6306243599278665,0.02921160854102943,-31,-0.7154166666666661,-10302,0.6413491083243186,302.90909090909093,52.62639252392895,6.529816919191919,0.7467726678863124
RHF_MPM_P44,1468,0.0734,73.4,0,255,4.173958333333333,25.45441354763098,60105,235.7058823529412,15,153,255,0.8842865209455454,103,103,189,0.013125,17,17,0.6539792387543253,62.851851851851855,53.333333333333336,0.079375,0.0045138888888888885,0.016944444444444446,0.011666666666666667,0.008402777777777778,1,58.74865651776059,49.37196572664504,14.900750050495612,4.030555442805617,0.9627218123184986,-137.87046603287823,1.944393551666742,1.944393551666742,0.037534314948839534,-18,-0.5711111111111116,-8224,0.9736020179785623,295.54545454545456,61.615174689893685,6.307487373737374,1.0060110502454722
RHF_MPM_P44,1469,0.07345,73.45,0,255,3.7379166666666666,24.542156047044852,53826,211.08235294117648,12,146,255,0.8061847742408779,108,108,167,0.011597222222222222,15,15,0.7422222222222222,63.50898203592814,54.395209580838326,0.0725,0.004375,0.015208333333333334,0.010833333333333334,0.007847222222222222,1,59.85109426671126,50.65873369746962,14.415657360895363,4.183731736434921,0.9569595394328572,-137.2574114529804,2.3461810563702796,2.3461810563702796,0.04449522535577602,-22,-0.43604166666666666,-6279,1.694444097942284,288.09090909090907,71.03578425433268,6.032727272727272,1.2321411810282603
RHF_MPM_P44,1470,0.0735,73.5,0,255,3.5618055555555554,25.010499174590485,51290,201.13725490196077,5,154,255,0.7001305394118795,110,110,172,0.011944444444444445,16,14,0.7678571428571429,63.61046511627907,54.54651162790697,0.06152777777777778,0.004861111111111111,0.015069444444444444,0.01125,0.008333333333333333,1,61.47504386820043,52.31990641450575,12.448984110318591,3.815159620348567,0.9518824005802566,-138.03753964398558,3.1840080046008588,3.1840080046008588,0.03944238643010333,5,-0.1761111111111111,-2536,2.3230813812697226,276.3636363636364,78.22144872937547,5.726597222222222,1.380735809727055
RHF_MPM_P44,1471,0.07355,73.55,0,11,0.017847222222222223,0.3225778613900071,257,23.363636363636363,0,0,6,0.05403521157625652,2,8,7,0.0004861111111111111,32,101,0.002165841584158416,95.42857142857143,48.42857142857143,0.004375,0.0,0.0,0.0,0.0,0,87.1284046692607,55.431906614785994,28.87289407082079,24.482925831715512,0.5300676139864724,107.14874122388171,-0.04858015264510438,0.04858015264510438,0.0,-165,-3.5439583333333333,-51033,25.84142924909379,247.27272727272728,107.86699799381806,5.141079545454545,2.1160359290589947
RHF_MPM_P44,1472,0.0736,73.6,0,255,3.16375,22.367784183303304,45558,178.65882352941176,5,94,255,0.716074188082736,107,107,136,0.009444444444444445,13,13,0.8047337278106509,67.18382352941177,56.99264705882353,0.061875,0.003263888888888889,0.013055555555555556,0.008680555555555556,0.006458333333333333,1,69.49839764695552,58.06034066464726,8.125372528318016,5.298849873667006,0.7581017919611194,-147.04090733737166,-0.6127105506367126,0.6127105506367126,0.024057245708766845,129,3.1459027777777777,45301,17.824865025042968,226.27272727272728,104.96067740660257,4.813434343434344,2.1178093844697625
RHF_MPM_P44,1473,0.07365,73.65,0,255,5.517152777777778,27.24186647635488,79447,311.55686274509804,25,176,255,1.2893235251222441,102,102,222,0.015416666666666667,23,25,0.38608695652173913,70.28378378378379,60.84234234234234,0.12173611111111111,0.005277777777777778,0.021388888888888888,0.012777777777777779,0.008819444444444444,1,76.9991818445001,66.09782622377182,17.407093856341426,5.11594044206611,0.9558362516703618,-139.95516098235956,-1.0301574526123496,1.0301574526123496,0.028106788173247573,86,2.3534027777777777,33889,10.993768129775622,214.0909090909091,96.64410299975937,4.676755050505051,2.01707073834946
RHF_MPM_P44,1474,0.0737,73.7,0,255,6.355416666666667,29.802876652612465,91518,358.8941176470588,31,215,255,1.2438038368551632,107,107,238,0.016527777777777777,28,28,0.30357142857142855,70.87394957983193,61.38235294117647,0.11243055555555556,0.006736111111111111,0.028541666666666667,0.014097222222222223,0.010555555555555556,1,78.21589195568085,69.09550033873118,19.609290743615954,4.377452713541193,0.9747649749940139,47.5539009245844,0.9135332741920776,0.9135332741920776,0.01396446600668721,16,0.8382638888888891,12071,3.2351867943206747,203.63636363636363,86.76747686387057,4.589823232323233,1.919903762834731
RHF_MPM_P44,1475,0.07375,73.75,0,255,6.5436805555555555,31.034620592854033,94229,369.5254901960784,33,237,255,1.2082252309411818,112,112,245,0.017013888888888887,21,21,0.5555555555555556,70.28571428571429,60.6204081632653,0.10916666666666666,0.007291666666666667,0.02798611111111111,0.01576388888888889,0.012291666666666666,1,78.6395483343769,68.9371955555084,21.20729077797821,4.107803602295381,0.9810612611741208,45.98146046554049,1.1007982998463972,1.1007982998463972,0.011949612115166245,7,0.1882638888888888,2711,0.45226665983805014,193.36363636363637,73.56910508590202,4.5173674242424235,1.8275381546201543
RHF_MPM_P44,1476,0.0738,73.8,0,255,6.269236111111111,31.18073119776996,90277,354.02745098039213,30,242,255,1.1101981212443657,108,108,271,0.018819444444444444,21,21,0.6145124716553289,70.19557195571956,60.435424354243544,0.09951388888888889,0.008055555555555555,0.023541666666666666,0.01659722222222222,0.0125,1,76.87177243373173,66.21412984481097,19.301565891989828,4.240474006542178,0.9755684146362373,-137.09591913283114,-1.425658512842572,1.425658512842572,0.008462842141409218,26,-0.2744444444444447,-3952,3.246554866266377,190.1818181818182,69.25948334385589,4.504210858585859,1.8143101755634272
RHF_MPM_P44,1477,0.07385,73.85,0,255,6.38375,33.11120089677191,91926,360.49411764705883,22,252,255,1.0318511231238152,109,109,311,0.021597222222222223,24,23,0.5634057971014492,71.36977491961414,61.344051446945336,0.09243055555555556,0.009236111111111112,0.027083333333333334,0.019583333333333335,0.014652777777777778,1,74.5600591780345,63.587439897308705,14.444026526410738,4.510140065603596,0.9500001313392497,-141.07312611403242,-1.8295864844191025,1.8295864844191025,0.042588603877031526,40,0.11451388888888925,1649,3.499073914177253,196.8181818181818,76.62876054164495,4.588143939393939,1.8768844636211073
RHF_MPM_P44,1478,0.0739,73.9,0,255,6.648819444444444,34.050543599766826,95743,375.4627450980392,21,254,255,1.0061748545882103,108,108,335,0.02326388888888889,25,25,0.536,71.94328358208955,61.940298507462686,0.08902777777777778,0.00986111111111111,0.029791666666666668,0.021458333333333333,0.015347222222222222,1,73.94325433713169,63.077645363107486,11.974561608255012,4.723702659873802,0.9189053300918472,-143.19703897119848,-1.355620052752321,1.355620052752321,0.02718736617820624,24,0.26506944444444436,3817,0.8002116462927708,208.45454545454547,86.38851316356573,4.761212121212121,1.968892802831273
RHF_MPM_P44,1479,0.07395,73.95,0,255,6.659097222222222,33.83826883978968,95891,376.043137254902,24,254,255,1.0103718982281182,108,108,325,0.022569444444444444,25,24,0.5416666666666666,71.43076923076923,61.6,0.08868055555555555,0.009652777777777777,0.029930555555555554,0.020555555555555556,0.015208333333333334,1,73.66406649216297,63.10660020231304,11.814943031567761,4.758537637591457,0.9153074405282897,-139.42657727988637,-1.1246330946050964,1.1246330946050964,0.015402905382152653,-10,0.010277777777777608,148,0.28068529618007443,220.8181818181818,92.25243843223991,4.987133838383838,2.0301719935987244
RHF_MPM_P44,1480,0.074,74.0,0,255,6.871527777777778,34.38738698675731,98950,388.03921568627453,26,255,255,1.0364801561207317,109,109,332,0.023055555555555555,25,25,0.5312,71.51807228915662,61.575301204819276,0.0913888888888889,0.010069444444444445,0.030208333333333334,0.021180555555555557,0.015902777777777776,1,73.75015664477009,63.34257705912077,11.721830206306922,4.590558367848963,0.9201250380644815,-136.85640063033713,-0.9716811581121294,0.9716811581121294,0.01484588175846387,7,0.21243055555555568,3059,0.25119034878906593,235.8181818181818,95.63454889394711,5.272007575757576,2.054602262494712
RHF_MPM_P44,1481,0.07405,74.05,0,255,7.0925,34.923102817714614,102132,400.5176470588235,27,255,255,1.0701267637387915,110,110,337,0.02340277777777778,25,24,0.5616666666666666,71.58160237388724,61.66172106824926,0.09506944444444444,0.010347222222222223,0.03076388888888889,0.021875,0.016527777777777777,1,74.00647201660595,63.671503544432696,12.312871966698808,4.618967847078302,0.9269708918966774,-136.38815807167,-1.0442108687214355,1.0442108687214355,0.017604668468256767,5,0.22097222222222257,3182,0.4170014419387721,250.8181818181818,97.37259104903856,5.5929797979797975,2.0380793521560325
RHF_MPM_P44,1482,0.0741,74.1,0,255,7.165763888888889,34.89001898983316,103187,404.6549019607843,28,255,255,1.1168193827853532,110,110,331,0.02298611111111111,23,22,0.6541501976284585,70.94561933534743,61.03323262839879,0.10020833333333333,0.010625,0.03,0.021597222222222223,0.016458333333333332,1,74.05378584511615,63.610609863645614,12.889710871396204,4.714571181915619,0.9307082730611485,-136.87757470151118,-1.223564534118307,1.223564534118307,0.022027968639460396,-6,0.07326388888888857,1055,0.07711445213506654,280.27272727272725,61.59558855085013,6.242790404040403,1.0633650019305494
RHF_MPM_P44,1483,0.07415,74.15,0,255,7.181319444444444,34.77538398914381,103411,405.53333333333336,27,255,255,1.1434745223849994,109,109,339,0.023541666666666666,24,22,0.6420454545454546,71.39233038348083,61.19174041297935,0.10340277777777777,0.010277777777777778,0.03027777777777778,0.021736111111111112,0.01597222222222222,1,74.46582085077989,63.87678293411726,13.36219069671682,4.4615260796066725,0.9426114030183484,-137.37643731181367,-1.3332012695838344,1.3332012695838344,0.026041717032037212,8,0.015555555555555323,224,0.490531292922909,298.72727272727275,43.29831176446598,6.60802398989899,0.4642875339481726
RHF_MPM_P44,1484,0.0742,74.2,0,11,0.017847222222222223,0.32621708687630346,257,23.363636363636363,0,0,7,0.052572380926952565,3,8,8,0.0005555555555555556,32,107,0.002336448598130841,96.75,60.5,0.0042361111111111115,0.0,0.0,0.0,0.0,0,91.2295719844358,60.68093385214008,30.762802250044,20.825132717477196,0.736021419759774,92.65220541485482,-0.23601552079726154,0.23601552079726154,0.04669260700389105,-331,-7.163472222222222,-103154,17.06566152910352,279.27272727272725,92.97809214989687,6.1080871212121215,1.950811399587629
RHF_MPM_P44,1485,0.07425,74.25,0,255,3.2802777777777776,22.9183738741201,47236,185.23921568627452,4,119,255,0.6765026715275785,102,102,159,0.011041666666666667,13,17,0.7194570135746606,64.42767295597484,54.100628930817614,0.05708333333333333,0.0031944444444444446,0.014722222222222222,0.009722222222222222,0.006666666666666667,1,64.16123295791346,53.18981285460242,6.597613709913207,5.327943833808072,0.5897906318620179,69.07171722274838,-1.063771171336875,1.063771171336875,0.015369633330510628,151,3.2624305555555555,46979,28.085794833945894,272.09090909090907,98.75999792467923,5.828529040404041,2.109243081321639
RHF_MPM_P44,1486,0.0743,74.3,0,255,5.623263888888889,27.389874455359642,80975,317.54901960784315,29,170,255,1.195558888520853,104,104,212,0.014722222222222222,21,20,0.5047619047619047,61.5188679245283,52.20754716981132,0.1076388888888889,0.005138888888888889,0.02298611111111111,0.012569444444444444,0.00875,1,57.342266131522074,45.99035504785427,13.798773520292364,5.7189593435345705,0.9100701807725843,50.488548497071605,-0.9043931208857273,0.9043931208857273,0.03188638468663168,53,2.3429861111111117,33739,9.91617372228689,269.09090909090907,100.0304085997258,5.744854797979798,2.0974366836827776
RHF_MPM_P44,1487,0.07435,74.35,0,255,6.837916666666667,30.35158756773596,98466,386.1411764705882,33,216,255,1.4190893141371743,97,97,305,0.021180555555555557,33,26,0.3554778554778555,57.980327868852456,49.18360655737705,0.13333333333333333,0.006805555555555555,0.02798611111111111,0.01659722222222222,0.010555555555555556,1,52.814768549550095,42.58319623017082,19.425705931173862,6.361339085252685,0.9448615202379164,48.35110071534271,-0.8768016239191233,0.8768016239191233,0.03826701602583633,93,1.2146527777777774,17491,5.666300871263386,272.1818181818182,100.56550843904338,5.79655303030303,2.116645196582584
RHF_MPM_P44,1488,0.0744,74.4,0,255,6.820763888888889,31.72251258920121,98219,385.17254901960786,33,237,255,1.2058646207754542,97,97,328,0.02277777777777778,39,35,0.2402930402930403,57.3109756097561,48.06707317073171,0.1075,0.0077777777777777776,0.034444444444444444,0.016041666666666666,0.011944444444444445,1,53.14705912298028,44.941487899489914,17.927249336877235,4.619820447485617,0.9662254506829799,-142.24648436847508,0.9482897902384345,0.9482897902384345,0.022093484967267027,23,-0.017152777777777573,-247,2.381586996683178,273.72727272727275,101.27827632912374,5.836281565656564,2.131344037120635
RHF_MPM_P44,1489,0.07445,74.45,0,255,7.202708333333334,32.90640482909128,103719,406.74117647058824,39,247,255,1.222273439544908,103,103,322,0.02236111111111111,48,44,0.15246212121212122,57.484472049689444,48.24223602484472,0.10840277777777778,0.008263888888888888,0.03333333333333333,0.017986111111111112,0.01326388888888889,1,51.60236793644366,43.53968896730589,21.99420910399152,4.765926681816075,0.9762404489291612,-141.97853437296288,1.113553102480504,1.113553102480504,0.013902949314976041,-6,0.38194444444444464,5500,2.085931712217868,272.54545454545456,100.63016323183678,5.886635101010101,2.156341925439226
RHF_MPM_P44,1490,0.0745,74.5,0,255,7.3810416666666665,34.44272643781972,106287,416.81176470588235,35,251,255,1.1302025227769459,104,104,353,0.02451388888888889,57,54,0.11468486029889538,56.69121813031161,47.70254957507082,0.09881944444444445,0.009375,0.034930555555555555,0.021041666666666667,0.01513888888888889,1,52.68107106231242,44.0492628449387,22.37452281381199,4.639985744436555,0.9782608695666279,-139.32690555905572,1.4992820732331735,1.4992820732331735,0.017405703425630605,31,0.1783333333333328,2568,1.1930071125206103,275.09090909090907,102.26565632122015,5.952266414141414,2.1895845721869374
RHF_MPM_P44,1491,0.07455,74.55,0,255,6.945833333333334,34.722710857672894,100020,392.2352941176471,24,254,255,1.0153266412890578,107,107,353,0.02451388888888889,27,25,0.522962962962963,59.03399433427762,50.02832861189802,0.08875,0.009791666666666667,0.03236111111111111,0.02201388888888889,0.015694444444444445,1,57.7876524695061,48.53842231553689,12.947944863790427,4.7096794658747205,0.9315006975020204,-137.95385215961923,2.032923915845363,2.032923915845363,0.021475704859028194,0,-0.43520833333333275,-6267,6.7992445477977626,277.0,103.49879226348489,5.959021464646465,2.1925227979908724
RHF_MPM_P44,1492,0.0746,74.6,0,255,7.1775,35.76196216924407,103356,405.3176470588235,25,255,255,0.9745746978083522,109,109,355,0.024652777777777777,26,23,0.5936454849498328,59.79154929577465,50.6169014084507,0.08493055555555555,0.010902777777777779,0.0325,0.02277777777777778,0.017291666666666667,1,58.53144471535276,49.26626417431015,10.442345185821518,4.520792597724927,0.9014280903771512,-137.41341892314674,0.7120656925013134,0.7120656925013134,0.009588219358334302,2,0.23166666666666647,3336,1.0406635750155462,278.6363636363636,104.5712221209438,5.966748737373737,2.196649886234516
RHF_MPM_P44,1493,0.07465,74.65,0,11,0.017847222222222223,0.3289728610776537,257,23.363636363636363,0,0,7,0.05254594304592636,3,8,7,0.0004861111111111111,32,107,0.0020443925233644858,98.71428571428571,71.42857142857143,0.0042361111111111115,0.0,0.0,0.0,0.0,0,88.06614785992218,61.22568093385214,33.04785431855209,24.700658673753207,0.6643507532485423,99.24628533989149,-0.4688858630997936,0.4688858630997936,0.0,-348,-7.159652777777778,-103099,31.86418583717859,249.1818181818182,128.55406940400826,5.316938131313131,2.7367030229125726
RHF_MPM_P44,1494,0.0747,74.7,0,255,3.5383333333333336,23.205526221618467,50952,199.81176470588235,11,113,255,0.8129864147923463,104,104,152,0.010555555555555556,15,15,0.6755555555555556,67.39473684210526,57.60526315789474,0.07145833333333333,0.0034027777777777776,0.015347222222222222,0.009305555555555555,0.006736111111111111,1,69.50669257340242,59.74892055267703,9.48100909331928,5.395943882173532,0.8222463018422402,45.68691840029612,1.018336006275937,1.018336006275937,0.03140210394096404,145,3.5204861111111114,50695,18.61811488190292,232.1818181818182,127.91532581560506,4.985757575757576,2.7113567381108723
RHF_MPM_P44,1495,0.07475,74.75,0,255,5.670902777777778,27.73134434006427,81661,320.2392156862745,27,177,255,1.2196511382048858,103,103,223,0.015486111111111112,22,26,0.38986013986013984,70.01345291479821,60.874439461883405,0.11097222222222222,0.005347222222222222,0.022708333333333334,0.013055555555555556,0.009097222222222222,1,76.68248000881694,68.12186968075336,18.67273158370192,4.467136461970751,0.9709621507800471,47.432876909395375,1.0645621494435173,1.0645621494435173,0.025703824346995505,71,2.1325694444444445,30709,11.027157495003287,251.72727272727272,106.86022383476711,5.499671717171718,2.21051442900391
RHF_MPM_P44,1496,0.0748,74.8,0,255,6.33125,29.895579775347507,91170,357.52941176470586,29,220,255,1.2586866133876793,104,104,255,0.017708333333333333,30,31,0.27419354838709675,71.61176470588235,62.11764705882353,0.11555555555555555,0.006666666666666667,0.028541666666666667,0.01423611111111111,0.010833333333333334,1,77.59055610398157,69.07007787649447,19.95055004815036,4.3570959672441925,0.9758605026013133,49.89840759975758,1.108747849113197,1.108747849113197,0.018646484589228914,32,0.6603472222222218,9509,1.3128979309451445,260.45454545454544,102.77279763577664,5.777032828282828,2.103454007663406
RHF_MPM_P44,1497,0.07485,74.85,0,255,6.2409027777777775,30.841959726005534,89869,352.42745098039217,31,239,255,1.0716762847514305,110,110,248,0.017222222222222222,21,20,0.5904761904761905,69.96774193548387,60.25403225806452,0.09381944444444444,0.007430555555555556,0.028541666666666667,0.015694444444444445,0.012013888888888888,1,77.08533532141227,67.23415193225695,18.83226877308703,3.8893650424958883,0.9784409794553559,45.32785620132716,1.1150327643970361,1.1150327643970361,0.005508017225072049,-7,-0.09034722222222236,-1301,1.9041722904885334,263.72727272727275,101.74575345982474,5.833181818181819,2.1068407419101223
