video_id,frame_index,physical_time_s,physical_time_ms,pixel_min,pixel_max,mean_intensity,std_intensity,total_intensity,effective_area,p95,p99,p999,entropy,otsu_threshold,segmentation_threshold,threshold_area,threshold_area_fraction,bbox_width,bbox_height,bbox_fill,threshold_centroid_x,threshold_centroid_y,nonzero_fraction,saturation_fraction,bright_fraction_64,bright_fraction_128,bright_fraction_200,active_candidate,centroid_x,centroid_y,major_sigma,minor_sigma,eccentricity,orientation_deg,tail_skewness,abs_tail_skewness,outer_intensity_fraction,delta_area,delta_mean_intensity,delta_total_intensity,centroid_motion,rolling_area_mean,rolling_area_std,rolling_intensity_mean,rolling_intensity_std
RHF_MPM_P27,0,0.0,0.0,0,11,0.022152777777777778,0.3726717784280537,319,29.0,0,0,7,0.06333724972584678,3,8,11,0.0007638888888888889,93,107,0.0011054165410511506,89.9090909090909,63.36363636363637,0.005208333333333333,0.0,0.0,0.0,0.0,0,85.35736677115987,59.97805642633229,30.34693317457838,25.052509741276857,0.5643483069103452,91.15246803085722,-0.16046309540035764,0.16046309540035764,0.0,0.0,0.0,0.0,0.0,11.0,0.0,0.022152777777777778,0.0
RHF_MPM_P27,1,5e-05,0.05,0,255,3.1066666666666665,22.265796764444687,44736,175.43529411764706,1,97,255,0.6231724197918689,106,106,139,0.009652777777777777,12,15,0.7722222222222223,65.53237410071942,57.58273381294964,0.051875,0.0033333333333333335,0.013055555555555556,0.008819444444444444,0.006527777777777778,1,66.26873211731045,59.21356402002861,7.352264077435225,4.879798960641364,0.7479866457131795,84.231871160354,-0.43598863132676624,0.43598863132676624,0.009969599427753934,128,3.0845138888888886,44417,19.103937332064223,75.0,64.0,1.5644097222222222,1.5422569444444443
RHF_MPM_P27,2,0.0001,0.1,0,255,5.121180555555555,26.056964226812756,73745,289.19607843137254,25,147,255,1.1217550305644572,97,97,217,0.015069444444444444,13,32,0.5216346153846154,66.44700460829493,62.953917050691246,0.10090277777777777,0.004791666666666666,0.021597222222222223,0.011597222222222222,0.0077777777777777776,1,68.2678418875856,70.5357786968608,16.95960254842825,4.699548131906391,0.9608403659550956,77.86109244664593,0.9235451672242625,0.9235451672242625,0.026320428503627365,78,2.0145138888888887,29009,11.497346870556,122.33333333333333,84.92087820763251,2.75,2.096891255004366
RHF_MPM_P27,3,0.00015,0.15,0,255,4.897222222222222,26.460113967495296,70520,276.54901960784315,20,154,255,0.9479311524680972,98,98,217,0.015069444444444444,13,37,0.45114345114345117,66.3225806451613,63.285714285714285,0.08131944444444444,0.004930555555555555,0.024166666666666666,0.011180555555555555,0.008055555555555555,1,67.95714690867838,69.72505672149745,16.547294998933033,3.9509863151876434,0.9710763170550527,78.46432140834207,1.0060260346280607,1.0060260346280607,0.009061259217243335,0,-0.22395833333333304,-3225,0.8682174216492153,146.0,84.19619943916709,3.2868055555555555,2.0401459052997324
RHF_MPM_P27,4,0.0002,0.2,0,255,5.140902777777778,28.07527964175549,74029,290.30980392156863,20,192,255,0.9020845669197002,106,106,222,0.015416666666666667,13,24,0.7115384615384616,66.01801801801801,61.82432432432432,0.07715277777777778,0.005902777777777778,0.02361111111111111,0.01375,0.009722222222222222,1,68.01780383363277,69.53853219684177,17.856066969294133,3.962637534628205,0.9750646324867369,77.2900343262682,1.3509722303058813,1.3509722303058813,0.004781909792108498,5,0.24368055555555568,3509,0.19613939135969058,161.2,81.21182179953851,3.6576250000000003,1.9697168561601328
RHF_MPM_P27,5,0.00025,0.25,0,255,5.237708333333333,29.471774779221438,75423,295.77647058823527,17,221,255,0.8444893068789762,103,103,258,0.017916666666666668,14,28,0.6581632653061225,66.05038759689923,62.75968992248062,0.07173611111111111,0.006597222222222222,0.02361111111111111,0.015416666666666667,0.01125,1,67.06673030773106,66.02495260066559,13.475199863485908,4.459865359561921,0.9436418373338122,75.81714532366365,1.9366912859734233,1.9366912859734233,0.047465627195948185,36,0.09680555555555515,1394,3.6400250590259278,177.33333333333334,82.44728955857528,3.9209722222222223,1.892065681152551
RHF_MPM_P27,6,0.0003,0.3,0,255,5.258958333333333,30.857253496696284,75729,296.9764705882353,11,239,255,0.7561081104133547,109,109,269,0.018680555555555554,14,23,0.8354037267080745,65.6542750929368,62.594795539033456,0.06375,0.007638888888888889,0.024027777777777776,0.0175,0.012847222222222222,1,65.9261181317593,63.28019649011607,8.0381840443867,4.672996748818033,0.8136537353417543,83.22206538714083,0.5962833466803041,0.5962833466803041,0.007315559429016625,11,0.021250000000000213,306,2.9723193372136114,190.42857142857142,82.7972690075104,4.1121130952380955,1.813203095193576
RHF_MPM_P27,7,0.00035,0.35,0,255,6.078611111111111,33.57062933021279,87532,343.2627450980392,14,253,255,0.7846721449798482,108,108,325,0.022569444444444444,16,27,0.7523148148148148,65.76,63.932307692307695,0.06618055555555556,0.009097222222222222,0.02798611111111111,0.020694444444444446,0.015277777777777777,1,65.94784764429009,64.15970159484532,8.015283045988687,4.652923052317942,0.8142556891640536,87.81453059805752,0.17298038884975694,0.17298038884975694,0.003952840104190468,56,0.8196527777777778,11803,0.8797734941219988,207.25,89.32629791948169,4.3579253472222215,1.816509819391482
RHF_MPM_P27,8,0.0004,0.4,0,255,5.9714583333333335,32.709437634622574,85989,337.21176470588233,15,248,255,0.8171458599410796,107,107,310,0.021527777777777778,16,28,0.6919642857142857,65.73225806451613,63.60645161290323,0.06868055555555555,0.008402777777777778,0.02763888888888889,0.019305555555555555,0.014027777777777778,1,65.95894823756527,64.36204630824874,8.683053305545405,4.659027643712345,0.8438586165252708,86.70370345697273,0.31573713684324045,0.31573713684324045,0.004721534149716824,-15,-0.10715277777777743,-1543,0.20264897289000258,218.66666666666666,90.19608269394703,4.537206790123456,1.7861154487669384
RHF_MPM_P27,9,0.00045,0.45,0,255,6.4063888888888885,33.64208654289856,92252,361.7725490196078,20,253,255,0.90781699371941,107,107,324,0.0225,16,28,0.7232142857142857,65.72839506172839,64.23765432098766,0.078125,0.009375,0.029652777777777778,0.020416666666666666,0.014930555555555556,1,66.01005940250617,65.41408316350865,9.279426606452375,4.868847236544961,0.8512917179899454,87.45901232851497,0.41893423088891596,0.41893423088891596,0.007295234791657634,14,0.43493055555555493,6263,1.0532776917825541,229.2,91.21600736712828,4.724124999999999,1.784834253185038
RHF_MPM_P27,10,0.0005,0.5,0,255,5.894444444444445,31.26107087847657,84880,332.8627450980392,20,236,255,0.927908589443953,104,104,291,0.02020833333333333,14,27,0.7698412698412699,65.66666666666667,63.7147766323024,0.079375,0.007361111111111111,0.027430555555555555,0.017777777777777778,0.012291666666666666,1,66.08401272384543,65.89053958529689,10.202097899791433,4.6912366820474904,0.8880066609001085,87.56023891406333,0.6108388220745318,0.6108388220745318,0.009048067860508954,-33,-0.5119444444444436,-7372,0.4821616073479549,234.8181818181818,88.76712964710038,4.830517676767676,1.7347115897856433
RHF_MPM_P27,11,0.00055,0.55,0,255,5.603541666666667,30.243605406964175,80691,316.43529411764706,20,231,255,0.9479157890717214,106,106,264,0.018333333333333333,14,25,0.7542857142857143,65.59469696969697,62.53030303030303,0.08236111111111111,0.007222222222222222,0.025069444444444443,0.016180555555555556,0.01173611111111111,1,66.00193330111165,65.40258517058903,10.456949629798183,4.7358523441854725,0.891566186264446,87.74754158987834,0.7908455561231891,0.7908455561231891,0.015739053921750876,-27,-0.2909027777777782,-4189,0.4948096022402952,257.8181818181818,53.60939229415644,5.337916666666667,0.8391916727514162
RHF_MPM_P27,12,0.0006,0.6,0,255,5.473125,30.084440883784602,78813,309.0705882352941,19,233,255,0.9479134641039235,105,105,256,0.017777777777777778,14,23,0.7950310559006211,65.57421875,62.12890625,0.08326388888888889,0.007361111111111111,0.023541666666666666,0.016180555555555556,0.011805555555555555,1,65.93657137781838,65.06205828987603,10.565121430059206,4.6913505550287695,0.8960063050164456,87.94622803838594,0.9646728907485929,0.9646728907485929,0.02179843426845825,-8,-0.13041666666666707,-1878,0.3467430424748572,268.45454545454544,38.440895922686856,5.553049242424242,0.4550096656314333
RHF_MPM_P27,13,0.00065,0.65,0,255,5.192777777777778,29.299697629375622,74776,293.2392156862745,17,227,255,0.9272177547030398,108,108,240,0.016666666666666666,14,22,0.7792207792207793,65.6375,61.55416666666667,0.08180555555555556,0.006875,0.021944444444444444,0.015277777777777777,0.011180555555555555,1,65.99010377661281,64.85120894404622,10.655190729410648,4.5854331627211415,0.9026633662715666,87.9742025672222,1.2137639330589416,1.2137639330589416,0.024459719696159194,-16,-0.28034722222222186,-4037,0.2175388801054804,270.54545454545456,36.14205215374879,5.55955808080808,0.4492610806840055
RHF_MPM_P27,14,0.0007,0.7,0,255,4.846041666666666,28.426298067662575,69783,273.6588235294118,15,217,255,0.8901913022061183,109,109,222,0.015416666666666667,14,20,0.7928571428571428,65.61261261261261,61.01801801801802,0.07881944444444444,0.006736111111111111,0.02048611111111111,0.01423611111111111,0.010625,1,66.00495822764857,64.17638966510468,10.634051207427976,4.652780527590385,0.8992008808607679,88.18051280314052,1.2840644829272796,1.2840644829272796,0.027814797300202056,-18,-0.34673611111111136,-4993,0.6749827508512758,271.0,35.49135618198273,5.554905303030302,0.45630626245577827
RHF_MPM_P27,15,0.00075,0.75,0,255,4.636527777777777,28.13714378123506,66766,261.82745098039214,14,211,255,0.8252404348462301,109,109,219,0.015208333333333334,14,20,0.7821428571428571,65.68493150684931,60.74885844748859,0.07298611111111111,0.006527777777777778,0.01972222222222222,0.014097222222222223,0.010486111111111111,1,66.00970553874727,63.33039271485487,10.087714557567521,4.420299213724063,0.8988841352627823,89.65432027986496,1.5163534710871769,1.5163534710871769,0.029311326124075127,-3,-0.209513888888889,-3017,0.8460102699108633,270.72727272727275,35.876279601103136,5.50905303030303,0.5169193628548272
RHF_MPM_P27,16,0.0008,0.8,0,255,4.628472222222222,28.26345589860804,66650,261.37254901960785,12,216,255,0.8311388643602015,109,109,219,0.015208333333333334,14,19,0.8233082706766918,65.6392694063927,60.71232876712329,0.07326388888888889,0.006805555555555555,0.01986111111111111,0.01423611111111111,0.010555555555555556,1,66.00519129782445,62.93933983495874,9.639971525808079,4.709793637182592,0.8725251229068554,88.06149222149543,1.520259040331682,1.520259040331682,0.02652663165791448,0,-0.008055555555555038,-116,0.39107893480238215,267.1818181818182,38.76929005333564,5.453667929292929,0.5726583874647041
RHF_MPM_P27,17,0.00085,0.85,0,255,4.60625,28.334121848709206,66330,260.11764705882354,12,221,255,0.8099863333323902,107,107,220,0.015277777777777777,14,19,0.8270676691729323,65.65,60.75454545454546,0.07097222222222223,0.006875,0.01972222222222222,0.01423611111111111,0.010694444444444444,1,66.01774461028192,62.795974672094076,9.14011490496019,4.596485667931229,0.8643495740686538,87.06131705197252,1.6889449806774492,1.6889449806774492,0.02262927785315845,1,-0.022222222222222143,-320,0.14391370878712628,262.72727272727275,41.05227467751753,5.394330808080809,0.6214930265613043
RHF_MPM_P27,18,0.0009,0.9,0,255,4.585069444444445,28.368477945906783,66025,258.921568627451,11,220,255,0.7987293922779326,108,108,221,0.015347222222222222,14,20,0.7892857142857143,65.6470588235294,60.800904977375566,0.06993055555555555,0.006944444444444444,0.01965277777777778,0.014375,0.010763888888888889,1,66.05646346081029,62.40246876183264,8.537277693785207,4.810905644515462,0.8261041052099951,87.3261292896008,1.093653695778544,1.093653695778544,0.020825444907232107,1,-0.021180555555555536,-305,0.3954061845709065,253.27272727272728,37.43865505813455,5.258554292929293,0.6203126734693333
RHF_MPM_P27,19,0.00095,0.95,0,255,4.554583333333333,28.509617160876118,65586,257.2,9,220,255,0.7425548865005719,109,109,222,0.015416666666666667,14,19,0.8345864661654135,65.69369369369369,60.81981981981982,0.06395833333333334,0.006875,0.020069444444444445,0.014722222222222222,0.010902777777777779,1,66.06833775500868,62.06852072088555,7.730726118197203,4.692102230372272,0.7947461423728457,88.88711413373102,0.45010270341702585,0.45010270341702585,0.017351263989266,1,-0.030486111111111214,-439,0.33415908324495097,245.27272727272728,33.675161899026115,5.129747474747474,0.6058431931953167
RHF_MPM_P27,20,0.001,1.0,0,255,4.618402777777778,28.676715926649795,66505,260.80392156862746,9,223,255,0.7297477338311568,107,107,228,0.015833333333333335,14,20,0.8142857142857143,65.62719298245614,61.030701754385966,0.06208333333333333,0.006944444444444444,0.020555555555555556,0.014722222222222222,0.010972222222222222,1,65.95616870911961,62.267994887602434,7.787107594634019,4.661868073566732,0.800999578384048,89.05678865880407,0.34924816466688136,0.34924816466688136,0.015171791594616946,6,0.06381944444444443,919,0.22884894153799382,236.54545454545453,22.836826862701937,4.967203282828283,0.4650062622625072
RHF_MPM_P27,21,0.00105,1.05,0,255,4.611458333333333,28.725457047634354,66405,260.4117647058824,9,222,255,0.7214548638826581,109,109,228,0.015833333333333335,14,20,0.8142857142857143,65.69298245614036,60.99561403508772,0.06166666666666667,0.006944444444444444,0.020277777777777777,0.014583333333333334,0.011041666666666667,1,66.01975754837738,62.25696860176192,7.69119227809953,4.623407878425707,0.7991511084939154,87.98243045974569,0.5103644071019247,0.5103644071019247,0.015239816278894662,0,-0.006944444444444642,-100,0.06453773669403003,230.8181818181818,15.026148008286826,4.850568181818182,0.36874185920242825
RHF_MPM_P27,22,0.0011,1.1,0,255,4.581388888888889,28.573475720283916,65972,258.71372549019605,9,219,255,0.7248539481067768,110,110,224,0.015555555555555555,14,20,0.8,65.70535714285714,60.90625,0.06180555555555556,0.006875,0.020277777777777777,0.014513888888888889,0.010972222222222222,1,66.05444734129631,62.127432850300124,7.597124848137614,4.46836187142222,0.8087410572365997,91.63137314192862,0.41037482076625187,0.41037482076625187,0.016416055296186262,-4,-0.030069444444444038,-433,0.13410030812615528,227.1818181818182,10.802509656373054,4.757645202020202,0.287019651995191
RHF_MPM_P27,23,0.00115,1.15,0,255,4.589513888888889,28.616162654022528,66089,259.17254901960786,9,219,255,0.7208116206716371,110,110,224,0.015555555555555555,14,20,0.8,65.75446428571429,60.910714285714285,0.06125,0.006944444444444444,0.02020833333333333,0.014513888888888889,0.010833333333333334,1,66.08921303091286,62.17894051960236,7.597832192928108,4.547976059669755,0.80105657531499,89.08564357357805,0.5215725092709707,0.5215725092709707,0.016477779963382712,0,0.008124999999999716,117,0.06214252305356082,224.27272727272728,5.80111132128866,4.677316919191919,0.17877383397119073
RHF_MPM_P27,24,0.0012,1.2,0,255,4.479166666666667,28.196219395416204,64500,252.94117647058823,8,214,255,0.7155601171675158,110,110,217,0.015069444444444444,14,20,0.775,65.76036866359448,60.63133640552996,0.06076388888888889,0.006666666666666667,0.019791666666666666,0.014097222222222223,0.010486111111111111,1,66.12725581395348,62.01382945736434,7.670503421760537,4.595658519951386,0.8006488537861017,90.50436082874074,0.27284829357496787,0.27284829357496787,0.01612403100775194,-7,-0.11034722222222193,-1589,0.16943705679349733,222.1818181818182,3.4063625445809445,4.612443181818182,0.0846543382730326
RHF_MPM_P27,25,0.00125,1.25,0,255,4.372708333333334,27.78883253212095,62967,246.9294117647059,8,205,255,0.714999923019176,107,107,215,0.014930555555555556,14,20,0.7678571428571429,65.80465116279069,60.586046511627906,0.06104166666666667,0.006458333333333333,0.019305555555555555,0.013541666666666667,0.010347222222222223,1,66.17191544777423,61.999317102609304,7.615150369824689,4.518276654428962,0.8049613082895433,90.18170868288409,0.4686167135429558,0.4686167135429558,0.017898264170120855,-2,-0.10645833333333332,-1533,0.04695840003171736,221.54545454545453,3.9855109485059947,4.569412878787879,0.07469136226058667
RHF_MPM_P27,26,0.0013,1.3,0,255,4.3353472222222225,27.79734150990568,62429,244.81960784313725,7,210,255,0.6981585351440546,109,109,215,0.014930555555555556,14,19,0.8082706766917294,65.77674418604651,60.53953488372093,0.059305555555555556,0.006458333333333333,0.01902777777777778,0.01361111111111111,0.010416666666666666,1,66.11877492831857,61.76049592336895,7.536975040429707,4.4537485229846485,0.8067302362078498,90.80040734798386,0.3501273576541907,0.3501273576541907,0.017491870765189255,0,-0.03736111111111118,-538,0.24466195139778033,221.1818181818182,4.3655298921974435,4.542032828282829,0.09695489985020748
RHF_MPM_P27,27,0.00135,1.35,0,255,4.267986111111111,27.61350671118567,61459,241.01568627450982,5,208,255,0.6765143917367188,107,107,212,0.014722222222222222,14,19,0.7969924812030075,65.82075471698113,60.47641509433962,0.057152777777777775,0.006527777777777778,0.01902777777777778,0.013541666666666667,0.010138888888888888,1,66.06583250622366,61.716672903887144,7.350023582169773,4.41540220159559,0.799449675357701,88.91653946114847,0.4847658107962828,0.4847658107962828,0.01568525358368994,-3,-0.06736111111111143,-970,0.06872668400104091,220.54545454545453,5.0876613016848085,4.509261363636364,0.12030981036729814
RHF_MPM_P27,28,0.0014,1.4,0,255,4.240208333333333,27.52977191375301,61059,239.4470588235294,5,205,255,0.6800621957801425,108,108,211,0.014652777777777778,14,19,0.793233082706767,65.8436018957346,60.44549763033175,0.057569444444444444,0.006458333333333333,0.01888888888888889,0.013472222222222222,0.010208333333333333,1,66.13347745623086,61.60941057010432,7.332758108831241,4.405181074472956,0.7994342201366479,91.08214930600118,0.34159547599855977,0.34159547599855977,0.015722497911855746,-1,-0.02777777777777768,-400,0.12681107013985288,219.72727272727272,5.785419118799025,4.475984848484849,0.13817679769753943
RHF_MPM_P27,29,0.00145,1.45,0,255,4.2785416666666665,27.676759917662515,61611,241.61176470588236,5,210,255,0.6679158462345077,108,108,214,0.014861111111111111,14,19,0.8045112781954887,65.81308411214954,60.532710280373834,0.05631944444444444,0.006597222222222222,0.019166666666666665,0.01375,0.010208333333333333,1,66.09191540471669,61.69907970979208,7.303767435963023,4.369172340951528,0.8013408456822563,89.96030675497614,0.4642171966968699,0.4642171966968699,0.015224554056905423,3,0.03833333333333311,552,0.09883298406103899,219.0909090909091,5.991729837557847,4.448118686868688,0.144147560133495
RHF_MPM_P27,30,0.0015,1.5,0,255,4.251388888888889,27.477397241771257,61220,240.07843137254903,5,204,255,0.6823646160661871,108,108,211,0.014652777777777778,14,19,0.793233082706767,65.7914691943128,60.41232227488152,0.057569444444444444,0.006319444444444444,0.01902777777777778,0.01361111111111111,0.010138888888888888,1,66.0985625612545,61.66643253838615,7.406286783246894,4.535728242900585,0.7905356980361765,88.13676384275324,0.3946850431145755,0.3946850431145755,0.015664815419797452,-3,-0.02715277777777736,-391,0.033317000027712006,218.0909090909091,6.331085580538236,4.420555555555556,0.15002260865904993
RHF_MPM_P27,31,0.00155,1.55,0,255,4.129375,27.096081582202526,59463,233.18823529411765,4,199,255,0.6708197888816387,109,109,204,0.014166666666666666,14,18,0.8095238095238095,65.77450980392157,60.1764705882353,0.05638888888888889,0.005902777777777778,0.018472222222222223,0.013125,0.01,1,66.12333720128483,61.432386526075035,7.2000548795701445,4.522576848181851,0.7781076985234568,89.47115208970412,0.4047029340789482,0.4047029340789482,0.01579133242520559,-7,-0.12201388888888953,-1757,0.23535360347223358,215.9090909090909,6.666804406290583,4.376098484848485,0.15709767207804065
RHF_MPM_P27,32,0.0016,1.6,0,255,4.1895138888888885,27.387542556127524,60329,236.5843137254902,4,201,255,0.6569793183802709,108,108,208,0.014444444444444444,14,19,0.7819548872180451,65.8701923076923,60.24519230769231,0.05506944444444444,0.0061805555555555555,0.018958333333333334,0.013541666666666667,0.010138888888888888,1,66.14387773707504,61.402327238972966,7.084551333243624,4.373772723783299,0.7866747735852301,90.44716841648473,0.37935513719826236,0.37935513719826236,0.014288319050539542,4,0.060138888888888964,866,0.036407064584141925,214.0909090909091,5.791130294048359,4.337739898989899,0.1460730904427814
RHF_MPM_P27,33,0.00165,1.65,0,255,4.093541666666667,27.039406684420538,58947,231.16470588235293,3,198,255,0.6544386474884597,109,109,204,0.014166666666666666,14,18,0.8095238095238095,65.81372549019608,60.245098039215684,0.05493055555555556,0.0059722222222222225,0.01840277777777778,0.012986111111111111,0.01,1,66.12112575703598,61.331959217602254,7.117704873266351,4.439620270074934,0.7816293083210744,90.64936216453285,0.19101975680117214,0.19101975680117214,0.014538483722666124,-4,-0.09597222222222168,-1382,0.073954790428523,212.27272727272728,5.528289380185735,4.293390151515151,0.13926523763397913
RHF_MPM_P27,34,0.0017,1.7,0,255,4.092361111111111,27.024851165848542,58930,231.09803921568627,4,190,255,0.6686373727937571,109,109,201,0.013958333333333333,14,18,0.7976190476190477,65.79601990049751,60.059701492537314,0.05638888888888889,0.0060416666666666665,0.018194444444444444,0.013194444444444444,0.009791666666666667,1,66.10230782284066,61.18174104870185,7.135669378066603,4.52050612381057,0.7737358543210417,91.05508204424052,0.1260664531661608,0.1260664531661608,0.015374172747327337,-3,-0.0011805555555559621,-17,0.1513922485306605,210.1818181818182,5.023909774417491,4.248194444444445,0.11425533863853997
RHF_MPM_P27,35,0.00175,1.75,0,255,4.093541666666667,27.10740084390521,58947,231.16470588235293,3,200,255,0.6554464738671223,107,107,204,0.014166666666666666,14,18,0.8095238095238095,65.93137254901961,60.21078431372549,0.05534722222222222,0.0060416666666666665,0.018125,0.012986111111111111,0.010138888888888888,1,66.16930462958251,61.253346226271056,7.039174896951849,4.486720388393224,0.7705389276440142,91.19664084491909,0.15322126946172712,0.15322126946172712,0.014453661763957452,3,0.0011805555555559621,17,0.09806056071797001,209.0,4.805300104146368,4.213137626262626,0.09565450861693925
RHF_MPM_P27,36,0.0018,1.8,0,255,4.152986111111111,27.323633913698362,59803,234.521568627451,3,203,255,0.6528547791436518,108,108,210,0.014583333333333334,14,19,0.7894736842105263,65.85238095238095,60.49047619047619,0.05465277777777778,0.005902777777777778,0.01861111111111111,0.013472222222222222,0.010277777777777778,1,66.16825242880792,61.43160042138354,7.0432506563934405,4.410324459648621,0.7796806078142103,90.48114296691307,0.20238463992109681,0.20238463992109681,0.013878902396200859,6,0.05944444444444397,856,0.17825730055644462,208.54545454545453,4.438747496630437,4.193162878787879,0.0822491412073029
RHF_MPM_P27,37,0.00185,1.85,0,255,4.159652777777778,27.29610009570951,59899,234.89803921568628,3,204,255,0.6536366789445713,107,107,209,0.014513888888888889,14,19,0.7857142857142857,65.83732057416267,60.44976076555024,0.05486111111111111,0.005902777777777778,0.018819444444444444,0.013541666666666667,0.010138888888888888,1,66.15803268835873,61.39952252959148,7.126689158987524,4.3783331993728964,0.7890279852023699,90.93108047685071,0.1030445522330407,0.1030445522330407,0.014240638407986778,-1,0.006666666666666821,96,0.03366651506574582,208.0,3.9542842128966447,4.177190656565657,0.06909442956412004
RHF_MPM_P27,38,0.0019,1.9,0,255,4.166180555555556,27.327854290706146,59993,235.26666666666668,3,206,255,0.6520885074540277,108,108,207,0.014375,14,19,0.7781954887218046,65.8792270531401,60.35748792270532,0.05458333333333333,0.0059722222222222225,0.01875,0.013472222222222222,0.010138888888888888,1,66.2008234294001,61.38196122881003,6.9796296672805145,4.405201220182883,0.7756598730600072,90.19540810104871,0.29207532575155853,0.29207532575155853,0.013634924074475356,-2,0.006527777777778354,94,0.04625415445131835,207.54545454545453,3.7504820626793216,4.167935606060606,0.06284876100932381
RHF_MPM_P27,39,0.00195,1.95,0,255,4.185208333333334,27.450995541265847,60267,236.34117647058824,3,205,255,0.6509481190932129,110,110,207,0.014375,14,19,0.7781954887218046,65.90821256038647,60.27536231884058,0.05451388888888889,0.006111111111111111,0.018819444444444444,0.013680555555555555,0.010138888888888888,1,66.23787479051553,61.30781356297808,6.960574938914724,4.448711645383352,0.7690987947592198,90.45203190348977,0.1986221753415213,0.1986221753415213,0.014087311463985265,0,0.019027777777777644,274,0.08288956332875524,207.1818181818182,3.5883189738164636,4.162935606060606,0.05896812263994699
RHF_MPM_P27,40,0.002,2.0,0,255,4.204097222222222,27.45968656031142,60539,237.4078431372549,4,200,255,0.6644664677626988,110,110,207,0.014375,14,18,0.8214285714285714,65.88888888888889,60.265700483091784,0.05576388888888889,0.006111111111111111,0.01875,0.013541666666666667,0.010069444444444445,1,66.24148069839278,61.27369133946712,6.982819803955001,4.443981778118444,0.7713455979886235,90.94295366973249,0.18365981702722867,0.18365981702722867,0.014238755182609558,0,0.01888888888888829,272,0.03431222389981826,206.54545454545453,2.87192163616933,4.15616792929293,0.04868762753374631
RHF_MPM_P27,41,0.00205,2.05,0,255,4.196944444444444,27.50782901884929,60436,237.00392156862745,4,206,255,0.6615686532710601,106,106,210,0.014583333333333334,14,18,0.8333333333333334,65.86666666666666,60.3,0.055625,0.0061805555555555555,0.018472222222222223,0.01361111111111111,0.010138888888888888,1,66.22711628830498,61.25284598583626,6.950080598097531,4.502593851415213,0.761769870120807,90.43207805310877,0.25304640219753904,0.25304640219753904,0.014031372029915943,3,-0.007152777777777786,-103,0.025315312464316068,206.45454545454547,2.7423823870906103,4.151218434343435,0.0409007183335823
RHF_MPM_P27,42,0.0021,2.1,0,255,4.263263888888889,27.66774717593526,61391,240.74901960784314,5,208,255,0.6797526111072811,109,109,212,0.014722222222222222,14,19,0.7969924812030075,65.86792452830188,60.410377358490564,0.0575,0.006319444444444444,0.018819444444444444,0.01375,0.010138888888888888,1,66.28932579694091,61.35386294407975,7.011445581113172,4.547096184151833,0.7611935451695303,90.92480435178986,0.18130543752034584,0.18130543752034584,0.014969620954211529,2,0.06631944444444482,955,0.11863578219698814,207.1818181818182,3.0396824540546343,4.163390151515151,0.05121163480607967
RHF_MPM_P27,43,0.00215,2.15,0,255,4.304722222222222,27.790919378869777,61988,243.09019607843138,5,208,255,0.6851346546695996,109,109,213,0.014791666666666667,14,19,0.8007518796992481,65.88262910798122,60.45070422535211,0.05798611111111111,0.00625,0.019166666666666665,0.013888888888888888,0.010347222222222223,1,66.29128218364845,61.53539394721559,7.164287897471125,4.513369062058485,0.7766101144819564,90.26171248887299,0.25227496457329057,0.25227496457329057,0.0153255468800413,1,0.04145833333333293,597,0.18154154496547895,207.63636363636363,3.4712514712794156,4.173863636363635,0.06532062096585543
RHF_MPM_P27,44,0.0022,2.2,0,255,4.269930555555556,27.69402735941572,61487,241.12549019607843,5,209,255,0.6749238466403513,109,109,213,0.014791666666666667,14,19,0.8007518796992481,65.83568075117371,60.413145539906104,0.05708333333333333,0.006388888888888889,0.01875,0.01375,0.010277777777777778,1,66.25981101696294,61.412233480247856,7.12965691036685,4.491515470729479,0.7766142911134645,92.34633535833309,0.06762674350168117,0.06762674350168117,0.014832403597508417,0,-0.03479166666666611,-501,0.12711779952570298,208.45454545454547,3.576784649619273,4.189898989898989,0.0652849660481568
RHF_MPM_P27,45,0.00225,2.25,0,255,4.259305555555556,27.65970513954615,61334,240.52549019607844,4,205,255,0.6637157469526189,108,108,211,0.014652777777777778,14,19,0.793233082706767,65.8388625592417,60.44549763033175,0.05583333333333333,0.006388888888888889,0.01902777777777778,0.013541666666666667,0.010208333333333333,1,66.22734535494179,61.466886229497504,7.103741841391219,4.458844702300917,0.7784750917294039,91.01835870465453,0.26062035759577795,0.26062035759577795,0.01483679525222552,-2,-0.010625000000000107,-153,0.063568405761169,209.36363636363637,2.7393671224217027,4.205075757575758,0.06004040398729892
RHF_MPM_P27,46,0.0023,2.3,0,255,4.322986111111111,27.904361456685635,62251,244.12156862745098,4,209,255,0.6721377556029445,109,109,214,0.014861111111111111,14,19,0.8045112781954887,65.89252336448598,60.51401869158879,0.05652777777777778,0.006527777777777778,0.01923611111111111,0.01375,0.010347222222222223,1,66.28619620568344,61.56593468378018,7.221541390454436,4.518691376640963,0.7800445776520178,90.62443802253568,0.07256113973218492,0.07256113973218492,0.014393343078826042,3,0.06368055555555507,917,0.11521292865300636,210.27272727272728,2.4528613751330983,4.225934343434343,0.05746972532024885
RHF_MPM_P27,47,0.00235,2.35,0,255,4.288541666666666,27.74275694935602,61755,242.1764705882353,5,205,255,0.6730527862802121,110,110,210,0.014583333333333334,14,19,0.7894736842105263,65.82380952380953,60.371428571428574,0.056666666666666664,0.006388888888888889,0.019097222222222224,0.01361111111111111,0.010208333333333333,1,66.26611610395919,61.56573556797021,7.181316552051231,4.550155818927569,0.7736524048290219,91.13671529001147,0.27560301726881414,0.27560301726881414,0.014913772164197231,-4,-0.0344444444444445,-496,0.02008108892370838,210.27272727272728,2.4528613751330983,4.238257575757576,0.054986124143567246
RHF_MPM_P27,48,0.0024,2.4,0,255,4.312083333333334,27.819724089888094,62094,243.50588235294117,5,206,255,0.6831793714707133,109,109,212,0.014722222222222222,14,19,0.7969924812030075,65.83962264150944,60.4811320754717,0.05763888888888889,0.006388888888888889,0.019097222222222224,0.013819444444444445,0.010277777777777778,1,66.27387509260154,61.55399877604921,7.193094528927348,4.53811044086097,0.7758656149378692,93.15517977700499,0.08688494219972383,0.08688494219972383,0.015090024801107998,2,0.02354166666666746,339,0.014069619374697934,210.54545454545453,2.4629485789352845,4.252114898989899,0.05258539467901317
RHF_MPM_P27,49,0.00245,2.45,0,255,4.304861111111111,27.76583339551285,61990,243.09803921568627,6,205,255,0.6837117358160227,109,109,212,0.014722222222222222,14,19,0.7969924812030075,65.80188679245283,60.485849056603776,0.057847222222222223,0.006458333333333333,0.018958333333333334,0.013819444444444445,0.010277777777777778,1,66.27118890143572,61.63747378609453,7.297162684708681,4.61476465833615,0.7746376470725309,90.17140701693678,0.2283528923598053,0.2283528923598053,0.015131472818196483,0,-0.007222222222222463,-104,0.08351821912041396,211.0,2.215646837627989,4.264722222222222,0.04677462597949752
RHF_MPM_P27,50,0.0025,2.5,0,255,4.275972222222222,27.770604570686796,61574,241.46666666666667,4,206,255,0.6560307728851125,110,110,210,0.014583333333333334,14,19,0.7894736842105263,65.92857142857143,60.48095238095238,0.05493055555555556,0.006527777777777778,0.018958333333333334,0.013680555555555555,0.010277777777777778,1,66.27110468704323,61.66325072270764,6.875454844520542,4.2580379663214085,0.7851465590034379,89.17699763017899,0.9003350880674225,0.9003350880674225,0.015201221294702309,-2,-0.028888888888888964,-416,0.02577707417881196,211.27272727272728,1.8630819574471997,4.272973484848484,0.039452744207242395
RHF_MPM_P27,51,0.00255,2.55,0,12,0.0225,0.38140001602283946,324,27.0,0,0,7,0.06217639013168809,3,8,10,0.0006944444444444445,32,107,0.0029205607476635513,96.6,64.5,0.005138888888888889,0.0,0.0,0.0,0.0,0,82.6141975308642,62.882716049382715,30.309619155733362,26.666103094205653,0.4753623531676219,109.24951796326374,-0.30757711311632574,0.30757711311632574,0.0,-200,-4.253472222222222,-61250,16.388525845380816,193.36363636363637,57.99886006289297,3.892828282828283,1.2243472655893826
RHF_MPM_P27,52,0.0026,2.6,0,255,3.148888888888889,22.919419201699025,45344,177.81960784313725,0,120,255,0.5707332559844345,101,101,162,0.01125,18,12,0.75,63.03703703703704,56.22222222222222,0.04618055555555556,0.0028472222222222223,0.015,0.009583333333333333,0.006458333333333333,1,63.18408168666196,56.03643260409316,6.2273226976241185,5.113178440987479,0.5708019720778932,170.6977713576318,-0.9489447135592662,0.9489447135592662,0.008667078334509528,152,3.126388888888889,45020,20.600995090829105,189.0,58.38742081211422,3.797550505050505,1.2376807956855127
RHF_MPM_P27,53,0.00265,2.65,0,255,4.868819444444444,27.530277776288816,70111,274.9450980392157,12,173,255,0.7854626554440785,88,88,311,0.021597222222222223,40,12,0.6479166666666667,53.71382636655949,56.061093247588424,0.06395833333333334,0.004097222222222223,0.025069444444444443,0.01597222222222222,0.0077083333333333335,1,54.772075708519345,56.04293192223759,11.62339028808618,3.9295219579167764,0.9411208930328345,-178.69002024482572,0.4814440279824529,0.4814440279824529,0.00446434938882629,149,1.719930555555555,24767,8.412008488907002,198.0,68.06681209731295,3.85260101010101,1.2702105522511005
RHF_MPM_P27,54,0.0027,2.7,0,255,5.789722222222222,29.25152094679211,83372,326.9490196078431,22,177,255,0.9632852221336881,86,86,365,0.025347222222222222,58,14,0.44950738916256155,47.726027397260275,55.73424657534247,0.0804861111111111,0.0045138888888888885,0.030625,0.017430555555555557,0.008333333333333333,1,48.806445809144556,55.89671592381135,18.41812293802702,3.833392023474249,0.978100847614154,-176.4640790917053,0.6350012250066696,0.6350012250066696,0.004473924099217963,54,0.9209027777777781,13261,5.967421487921751,211.8181818181818,83.40897944010386,3.98760101010101,1.384831243987069
RHF_MPM_P27,55,0.00275,2.75,0,255,6.463958333333333,32.08208795675448,93081,365.0235294117647,24,222,255,0.975178082066667,92,92,388,0.026944444444444444,72,15,0.3592592592592593,45.41237113402062,55.5360824742268,0.08145833333333333,0.005902777777777778,0.033819444444444444,0.020416666666666666,0.011180555555555555,1,46.76837378197484,55.68556418603152,22.051328828333038,4.05605999919181,0.9829379945587923,-175.62289839308778,0.9957649985526104,0.9957649985526104,0.0026965761003856854,23,0.674236111111111,9709,2.048980879437172,227.72727272727272,97.59945129232021,4.187058080808081,1.5582727787823516
RHF_MPM_P27,56,0.0028,2.8,0,255,5.511805555555555,30.673998209956483,79370,311.2549019607843,16,230,255,0.8367487341261619,107,107,269,0.018680555555555554,38,12,0.5899122807017544,58.059479553903344,56.858736059479554,0.07,0.00625,0.026180555555555554,0.017152777777777777,0.011944444444444445,1,55.026924530679096,56.74160262063752,13.621882763093815,4.254535150730003,0.9499733667578147,-178.8268101709435,1.9662981854411528,1.9662981854411528,0.03536600730754693,-119,-0.9521527777777781,-13711,8.3257959165649,233.0,98.11866655877834,4.300921717171717,1.6044675286023244
RHF_MPM_P27,57,0.00285,2.85,0,255,5.6535416666666665,30.942606502665857,81411,319.25882352941176,16,225,255,0.831951746266429,99,99,315,0.021875,35,14,0.6428571428571429,56.67936507936508,56.7047619047619,0.06902777777777777,0.006388888888888889,0.027291666666666665,0.017222222222222222,0.012083333333333333,1,56.239242854159755,56.74088268170149,10.266730808022702,4.1773693924386315,0.9134797970703538,175.16046889961925,0.5917681931157622,0.5917681931157622,0.005122157939344806,46,0.14173611111111128,2041,1.2123185372496073,242.1818181818182,100.60527564498447,4.421881313131314,1.6510499959838718
RHF_MPM_P27,58,0.0029,2.9,0,255,5.599583333333333,31.54326085524362,80634,316.21176470588233,15,242,255,0.8298089031592629,108,108,286,0.01986111111111111,27,14,0.7566137566137566,58.71328671328671,56.47902097902098,0.07055555555555555,0.007222222222222222,0.025416666666666667,0.01840277777777778,0.013402777777777777,1,58.09456308753131,56.55914378549991,8.499747374445219,4.582034662334958,0.842255254973335,176.24119367402022,0.4094552485149444,0.4094552485149444,0.009908971401641988,-29,-0.05395833333333311,-777,1.8642001487904831,249.0909090909091,100.76746818605744,4.541066919191919,1.684112182429392
RHF_MPM_P27,59,0.00295,2.95,0,255,6.499305555555556,34.36666665965038,93590,367.01960784313724,18,254,255,0.9050476481234477,108,108,339,0.023541666666666666,30,16,0.70625,57.8141592920354,56.46607669616519,0.07847222222222222,0.009583333333333333,0.029444444444444443,0.021736111111111112,0.015833333333333335,1,57.57139651672187,56.44208782989636,8.807627271222382,4.82409616862021,0.836662997105434,175.28821679071086,0.26975670762260945,0.26975670762260945,0.009830110054493002,53,0.8997222222222225,12956,0.5361020029385958,260.6363636363636,103.1047770053469,4.739905303030304,1.7721567141780712
RHF_MPM_P27,60,0.003,3.0,0,255,7.204166666666667,36.00332908025466,103740,406.8235294117647,22,255,255,1.0059796363281288,109,109,369,0.025625,31,18,0.6612903225806451,56.88075880758807,56.78861788617886,0.08826388888888889,0.010416666666666666,0.03256944444444444,0.023680555555555555,0.017569444444444443,1,56.23621553884712,56.862830152303836,9.519932596428955,5.147022973398706,0.8412428103209755,176.10915166737374,0.31611933653145396,0.31611933653145396,0.01169269327164064,30,0.7048611111111107,10150,1.3999044058589893,274.90909090909093,106.20430957310926,5.003478535353536,1.8989249326512103
RHF_MPM_P27,61,0.00305,3.05,0,255,6.648888888888889,33.28838926527601,95744,375.46666666666664,23,247,255,1.0425131400827992,103,103,341,0.023680555555555555,30,14,0.8119047619047619,56.63343108504399,56.82991202346041,0.09090277777777778,0.008055555555555555,0.03194444444444444,0.020555555555555556,0.013888888888888888,1,55.2342496657754,56.889329879679146,10.502723573944229,4.887054455040538,0.88514617734122,176.96063940902516,0.48241155746970743,0.48241155746970743,0.012919869652406418,-28,-0.5552777777777775,-7996,1.0023162406902006,286.8181818181818,105.60115200974431,5.219198232323233,1.9383990542782787
RHF_MPM_P27,62,0.0031,3.1,0,255,5.824652777777778,30.774523022145246,83875,328.921568627451,21,233,255,0.9832920834092921,105,105,279,0.019375,28,14,0.7117346938775511,58.21863799283154,56.46594982078853,0.08520833333333333,0.006805555555555555,0.025833333333333333,0.016944444444444446,0.012222222222222223,1,55.97585692995529,56.68528166915052,10.94994765817942,4.562713454576165,0.909049494776242,176.51922987727755,0.7181645659246721,0.7181645659246721,0.015725782414307006,-62,-0.8242361111111114,-11869,0.7691664361530061,311.27272727272725,59.94101784116375,5.746666666666666,1.0283150418020777
RHF_MPM_P27,63,0.00315,3.15,0,255,5.41625,29.493611593468664,77994,305.8588235294118,19,218,255,0.9661662175970136,106,106,248,0.017222222222222222,27,13,0.7065527065527065,59.354838709677416,56.40725806451613,0.08451388888888889,0.006597222222222222,0.023819444444444445,0.015,0.011041666666666667,1,56.28509885375798,56.65253737466985,11.255237944568977,4.370441594268875,0.9215317974425156,176.5367184842177,0.9169052428103391,0.9169052428103391,0.020232325563504884,-31,-0.4084027777777779,-5881,0.3109706678422007,319.09090909090907,43.24445218323501,5.952790404040405,0.6413847889072423
RHF_MPM_P27,64,0.0032,3.2,0,255,4.981458333333333,28.213715696958797,71733,281.3058823529412,17,206,255,0.9805409769113607,108,108,224,0.015555555555555555,24,13,0.717948717948718,60.38392857142857,56.299107142857146,0.08784722222222222,0.0059722222222222225,0.020277777777777777,0.013958333333333333,0.010347222222222223,1,56.18515885296865,56.11778400457251,13.004775982004388,5.298814225031039,0.9132268906745094,-175.97319403785764,1.6718393433990688,1.6718393433990688,0.02616647846876612,-24,-0.43479166666666647,-6261,0.5440121051853793,311.1818181818182,51.22112167636632,5.963030303030303,0.6246787146096208
RHF_MPM_P27,65,0.00325,3.25,0,255,4.042777777777777,24.65832016571813,58216,228.2980392156863,14,145,255,0.9706581740607394,105,105,173,0.012013888888888888,19,12,0.7587719298245614,61.50867052023121,56.32947976878613,0.09006944444444444,0.004375,0.015833333333333335,0.010902777777777779,0.007916666666666667,1,54.79345884292978,55.16107255737254,16.49978198887913,6.230794314691475,0.9259570310798133,-166.1708744528634,1.8986300386899326,1.8986300386899326,0.06345334615913151,-51,-0.938680555555556,-13517,1.6888237655675173,293.72727272727275,61.57492244721194,5.8042171717171716,0.8351567525028748
RHF_MPM_P27,66,0.0033,3.3,0,255,3.4298611111111112,22.985489323161133,49390,193.68627450980392,12,111,255,0.874623774511915,107,107,148,0.010277777777777778,17,11,0.7914438502673797,62.391891891891895,56.236486486486484,0.08194444444444444,0.0038194444444444443,0.013541666666666667,0.00951388888888889,0.006805555555555555,1,56.72626037659445,55.31192549099008,14.780093232337999,6.3145030240383555,0.9041428581016456,-169.41056283564336,1.8222481154926387,1.8222481154926387,0.06622798137274752,-25,-0.6129166666666661,-8826,1.938679544462552,271.90909090909093,66.61893608147837,5.5283901515151515,1.0461086820020156
RHF_MPM_P27,67,0.00335,3.35,0,255,3.2558333333333334,23.407096962127632,46884,183.85882352941175,7,116,255,0.7416871703848164,108,108,153,0.010625,16,11,0.8693181818181818,62.64705882352941,56.150326797385624,0.06743055555555555,0.003958333333333334,0.01326388888888889,0.009791666666666667,0.007222222222222222,1,59.25450046924324,55.78517191365924,11.991009304297995,5.641937735516791,0.8823925300466137,-176.5367236866986,2.3219339413517806,2.3219339413517806,0.05677843187441345,5,-0.1740277777777779,-2506,2.5721508786705933,261.3636363636364,74.9099735164244,5.323301767676767,1.2335957370136819
RHF_MPM_P27,68,0.0034,3.4,0,255,3.203125,23.55787621796671,46125,180.88235294117646,5,121,255,0.6884395666867329,110,110,152,0.010555555555555556,18,11,0.7676767676767676,62.63157894736842,56.0,0.06131944444444445,0.0042361111111111115,0.01375,0.01,0.007291666666666667,1,60.26844444444444,55.64641734417344,10.946692442819858,5.396825950217874,0.8700237929547595,178.21879319148806,2.6655344507217547,2.6655344507217547,0.05363685636856368,-1,-0.05270833333333336,-759,1.0233939688116218,246.54545454545453,78.85240947072477,5.100536616161616,1.3677973853624472
RHF_MPM_P27,69,0.00345,3.45,0,255,3.205347222222222,23.929015087835968,46157,181.0078431372549,1,131,255,0.6144559298976405,110,110,157,0.010902777777777779,18,11,0.7929292929292929,62.51592356687898,55.93630573248408,0.05284722222222222,0.0042361111111111115,0.013958333333333333,0.010138888888888888,0.007430555555555556,1,61.65966158979136,55.621855839850944,9.21451388245253,5.034335849405415,0.8375579473590062,174.91661498324683,2.8629706706745286,2.8629706706745286,0.029897956972940183,5,0.0022222222222221255,32,1.3914339413000607,234.8181818181818,81.6553936111089,4.882878787878788,1.45855275536738
RHF_MPM_P27,70,0.0035,3.5,0,255,3.5027083333333335,24.233224286743138,50439,197.8,10,135,255,0.788738628706144,110,110,160,0.011111111111111112,18,11,0.8080808080808081,62.46875,56.04375,0.07229166666666667,0.004375,0.01423611111111111,0.010416666666666666,0.0077777777777777776,1,58.65128174626777,53.40296199369536,17.405179488423716,7.889982522436414,0.8913517423736935,-161.66244322350713,2.5927458949673947,2.5927458949673947,0.0965126192033942,3,0.2973611111111114,4282,3.738159865953591,218.54545454545453,76.97386054117054,4.610460858585859,1.410249678739164
RHF_MPM_P27,71,0.00355,3.55,0,255,3.509513888888889,24.226083132243293,50537,198.1843137254902,10,135,255,0.7940827252025764,105,105,162,0.01125,18,11,0.8181818181818182,62.388888888888886,56.098765432098766,0.07347222222222222,0.004375,0.014375,0.010555555555555556,0.0077777777777777776,1,58.625838494568335,53.46185962759958,16.090261911635487,7.398227925102056,0.8880248971468175,-158.89502203580315,2.2226361793103773,2.2226361793103773,0.07109642440192335,2,0.006805555555555287,98,0.0641583224262975,199.72727272727272,61.67376178377628,4.274583333333333,1.1724360536843603
RHF_MPM_P27,72,0.0036,3.6,0,255,3.3540972222222223,24.229578254262638,48299,189.4078431372549,4,136,255,0.6666936787725262,109,109,160,0.011111111111111112,18,11,0.8080808080808081,62.5375,56.0375,0.058472222222222224,0.0044444444444444444,0.014375,0.010625,0.007638888888888889,1,60.47622103977308,54.77069918631856,10.613749755793494,5.011453482944389,0.8815095664763641,-153.17398196359264,2.4890188863790486,2.4890188863790486,0.054307542599225656,-2,-0.15541666666666654,-2238,2.266489919250929,183.27272727272728,43.15108954505808,3.9750568181818178,0.9216467299601236
RHF_MPM_P27,73,0.00365,3.65,0,255,3.363125,24.477461599305723,48429,189.91764705882352,3,138,255,0.6543257651585854,107,107,170,0.011805555555555555,18,12,0.7870370370370371,62.6,56.1764705882353,0.057152777777777775,0.004583333333333333,0.014583333333333334,0.010555555555555556,0.00798611111111111,1,61.77166573747135,55.13785128745173,7.046296841100992,5.273068354248042,0.6633085261791033,-147.60206596732502,1.4511806208777343,1.4511806208777343,0.04121497449875075,10,0.009027777777777857,130,1.3464685774874476,173.36363636363637,30.769739347354445,3.7512815656565652,0.7227715582513254
RHF_MPM_P27,74,0.0037,3.7,0,255,3.4404166666666667,24.56961605641656,49542,194.28235294117647,5,142,255,0.6823810893913388,110,110,165,0.011458333333333333,18,12,0.7638888888888888,62.49090909090909,56.127272727272725,0.06013888888888889,0.004583333333333333,0.014722222222222222,0.010694444444444444,0.008055555555555555,1,62.403455653788704,54.93506519720641,6.171082588996393,5.8155972849276125,0.3345021553447,112.7963050422252,-2.3886521064500004,2.3886521064500004,0.034475798312542896,-5,0.07729166666666654,1113,0.6635365074788796,165.8181818181818,19.742976573124484,3.571660353535354,0.4968996148271148
RHF_MPM_P27,75,0.00375,3.75,0,255,3.4439583333333332,24.539943027155573,49593,194.48235294117646,6,141,255,0.7177583907438059,109,109,167,0.011597222222222222,18,12,0.7731481481481481,62.634730538922156,56.119760479041915,0.06430555555555556,0.0045138888888888885,0.014652777777777778,0.010763888888888889,0.007916666666666667,1,63.46815074708124,54.918637710967275,8.28670036155707,4.971166738540312,0.8000772349588003,145.2252410231113,-2.0850014524680742,2.0850014524680742,0.04387716008307624,2,0.003541666666666554,51,1.0648218179514057,160.63636363636363,7.437897152393731,3.4318876262626263,0.21947838852152918
RHF_MPM_P27,76,0.0038,3.8,0,255,3.4931944444444443,24.49157924031061,50302,197.2627450980392,8,139,255,0.7531055211640787,110,110,165,0.011458333333333333,18,12,0.7638888888888888,62.49090909090909,56.06666666666667,0.06840277777777778,0.004583333333333333,0.014722222222222222,0.010694444444444444,0.007847222222222222,1,64.69935589042186,54.369369011172516,11.364771037787024,4.86174144019239,0.9038779017890157,146.8485484632638,-2.2344524186114794,2.2344524186114794,0.05814878136058208,-2,0.049236111111111036,709,1.3481699483235092,159.9090909090909,6.529019771263808,3.381925505050505,0.1099552772429413
RHF_MPM_P27,77,0.00385,3.85,0,255,3.384513888888889,24.550243190973042,48737,191.12549019607843,3,142,255,0.656079928601234,108,108,170,0.011805555555555555,18,12,0.7870370370370371,62.6,56.1764705882353,0.057430555555555554,0.004652777777777777,0.014652777777777778,0.010625,0.008055555555555555,1,64.46539590044524,54.97472146418532,12.174101493642103,4.693199390732189,0.9227049781420975,155.42992938478056,-3.064511886556673,3.064511886556673,0.04889508997271067,5,-0.10868055555555545,-1565,0.6489906542304577,161.9090909090909,5.915381267271796,3.3778030303030304,0.10892604979080193
RHF_MPM_P27,78,0.0039,3.9,0,255,3.253125,24.642201210771592,46845,183.7058823529412,0,144,255,0.4874069089180433,108,108,172,0.011944444444444445,18,13,0.7350427350427351,62.61046511627907,56.104651162790695,0.03944444444444444,0.004652777777777777,0.014722222222222222,0.010694444444444444,0.008194444444444445,1,62.45601451595688,55.926416906820364,6.137284510238255,4.158550463417926,0.7354416865262111,166.31447072508638,-1.2760037912018767,1.2760037912018767,0.008090511260540079,2,-0.131388888888889,-1892,2.2233618157782336,163.63636363636363,5.835202376684078,3.3775568181818176,0.10920417282660769
RHF_MPM_P27,79,0.00395,3.95,0,255,3.2759722222222223,24.722421905794697,47174,184.99607843137255,0,145,255,0.49459994655078376,108,108,174,0.012083333333333333,18,13,0.7435897435897436,62.56896551724138,56.1551724137931,0.04013888888888889,0.004583333333333333,0.014791666666666667,0.010763888888888889,0.008194444444444445,1,62.4333531182431,55.93449781659389,6.054656141919053,4.145032675248818,0.7289166136749828,166.09042373472383,-1.1025645994909767,1.1025645994909767,0.008754822571755628,2,0.022847222222222463,329,0.024059094935390067,165.63636363636363,5.244438218856712,3.3841792929292924,0.10026855169205655
RHF_MPM_P27,80,0.004,4.0,0,255,3.258611111111111,24.667816600760702,46924,184.01568627450982,0,146,255,0.4785390273658302,105,105,174,0.012083333333333333,18,13,0.7435897435897436,62.57471264367816,56.18390804597701,0.03847222222222222,0.004652777777777777,0.014930555555555556,0.010625,0.008194444444444445,1,62.440030687920896,55.97312675816213,5.938904735688678,4.01942638895307,0.7361707048645937,168.09102290880338,-0.7097537163353621,0.7097537163353621,0.007799846560395533,0,-0.01736111111111116,-250,0.03920185025588009,167.1818181818182,4.969327406805982,3.389021464646464,0.09250068939205981
RHF_MPM_P27,81,0.00405,4.05,0,255,3.2421527777777777,24.5987389769158,46687,183.08627450980393,0,145,255,0.47327039346890054,107,107,173,0.012013888888888888,18,13,0.7393162393162394,62.57225433526011,56.21965317919075,0.038125,0.004652777777777777,0.014652777777777778,0.010694444444444444,0.00798611111111111,1,62.39156510377621,56.013772570522846,5.912231354242257,4.001346920556413,0.7361749084654267,170.56215312043562,-0.6065414842132981,0.6065414842132981,0.007710925953691606,-1,-0.016458333333333464,-237,0.06325341816019245,168.36363636363637,4.65681762722389,3.3653345959595953,0.09370850100114526
RHF_MPM_P27,82,0.0041,4.1,0,255,3.227638888888889,24.497890781830336,46478,182.26666666666668,0,144,255,0.4801407886746759,110,110,164,0.01138888888888889,18,12,0.7592592592592593,62.53048780487805,56.08536585365854,0.03881944444444444,0.004652777777777777,0.014652777777777778,0.010694444444444444,0.007916666666666667,1,62.344270407504624,55.985476999870905,5.9479349335481855,4.082469105964704,0.7272548959518769,169.325334576189,-0.44303461059057164,0.44303461059057164,0.007465897844141314,-9,-0.014513888888888715,-209,0.055112862509041564,168.54545454545453,4.438747496630437,3.339709595959596,0.08921042902741462
RHF_MPM_P27,83,0.00415,4.15,0,255,3.2178472222222223,24.442474434407394,46337,181.71372549019608,0,145,255,0.4881047838872,110,110,163,0.011319444444444444,18,12,0.7546296296296297,62.59509202453988,55.938650306748464,0.03951388888888889,0.004583333333333333,0.014583333333333334,0.010625,0.007847222222222222,1,62.397047715648405,55.890972656840106,6.075983272431744,4.294339065071876,0.7074407107794167,168.6590890799408,-0.6469783932371654,0.6469783932371654,0.00841660012516995,-1,-0.009791666666666643,-141,0.10824285245034238,168.8181818181818,3.9730497060749377,3.3273232323232325,0.09558399419919487
RHF_MPM_P27,84,0.0042,4.2,0,255,3.2160416666666665,24.499114063311616,46311,181.61176470588236,0,148,255,0.4745254831068275,106,106,170,0.011805555555555555,18,13,0.7264957264957265,62.65294117647059,56.04117647058823,0.038125,0.004583333333333333,0.014791666666666667,0.010625,0.008055555555555555,1,62.47098961369869,55.90583230765909,5.807335000435946,4.08224530505907,0.711242814428837,168.88543911006798,-0.6061304619107394,0.6061304619107394,0.008745222517328496,7,-0.0018055555555558378,-26,0.07542024602015725,168.8181818181818,3.9730497060749377,3.3139520202020205,0.09983369683195845
RHF_MPM_P27,85,0.00425,4.25,0,255,3.252638888888889,24.712739769704903,46838,183.67843137254903,0,151,255,0.4760990792204413,106,106,176,0.012222222222222223,18,13,0.7521367521367521,62.70454545454545,56.08522727272727,0.03847222222222222,0.004722222222222222,0.014652777777777778,0.010555555555555556,0.008263888888888888,1,62.51093129510227,55.96349118237329,5.772260737935857,4.070020050963001,0.7091080546515214,168.2883645144541,-0.7146241521481286,0.7146241521481286,0.008732225970365942,6,0.03659722222222239,527,0.0701418829705373,169.8181818181818,4.260136186858175,3.296881313131313,0.0925374278488291
RHF_MPM_P27,86,0.0043,4.3,0,255,3.2515277777777776,24.653249400418364,46822,183.6156862745098,0,150,255,0.48284192597742875,106,106,175,0.012152777777777778,18,13,0.7478632478632479,62.72,56.05142857142857,0.03895833333333333,0.004722222222222222,0.014652777777777778,0.010625,0.008263888888888888,1,62.5096962966127,55.96937337149203,5.861152600497875,4.048670916634342,0.72308065804135,168.20216775317218,-0.8490655566309355,0.8490655566309355,0.00899149972235274,-1,-0.0011111111111112848,-16,0.006010438428092596,170.54545454545453,4.397595135435573,3.279387626262626,0.08048371065927924
RHF_MPM_P27,87,0.00435,4.35,0,255,3.2529166666666667,24.703102140863695,46842,183.69411764705882,0,148,255,0.47267242799612164,106,106,174,0.012083333333333333,18,13,0.7435897435897436,62.62068965517241,56.0919540229885,0.03798611111111111,0.004652777777777777,0.014652777777777778,0.010625,0.008194444444444445,1,62.38540198966739,55.957153836300755,5.730921922253319,4.05241033666667,0.7071003976898855,171.64052881589825,-0.2704267154494637,0.2704267154494637,0.007834849067076556,-1,0.001388888888889106,20,0.12489352176676574,171.36363636363637,4.118091510147681,3.257544191919192,0.04368562155194262
RHF_MPM_P27,88,0.0044,4.4,0,255,3.2999305555555556,24.846206953882874,47519,186.34901960784313,0,152,255,0.4775895384001881,106,106,177,0.012291666666666666,18,13,0.7564102564102564,62.570621468926554,56.12429378531073,0.03840277777777778,0.004583333333333333,0.015208333333333334,0.010902777777777779,0.008263888888888888,1,62.342768155895534,55.9649824280814,5.850232487558066,4.043255270007096,0.7227330641458609,169.3168710388673,-0.7277805198269963,0.7277805198269963,0.008144110776741934,3,0.04701388888888891,677,0.04334663344891359,172.0,4.390071442781686,3.249854797979798,0.02338934127333412
RHF_MPM_P27,89,0.00445,4.45,0,255,3.2306944444444445,24.486617140025515,46522,182.4392156862745,0,148,255,0.47110696137527924,109,109,165,0.011458333333333333,18,13,0.7051282051282052,62.660606060606064,56.07272727272727,0.03791666666666667,0.0044444444444444444,0.014722222222222222,0.010625,0.008055555555555555,1,62.37698293280599,55.98407205193242,5.933671927269113,3.8977725608434617,0.7539860118452556,168.96633118773653,-0.5874130744087259,0.5874130744087259,0.007415846266282619,-12,-0.06923611111111105,-997,0.039179901707452225,171.36363636363637,4.829318176470337,3.2478156565656566,0.023985525917209975
RHF_MPM_P27,90,0.0045,4.5,0,255,3.2111111111111112,24.346186990731304,46240,181.33333333333334,0,141,255,0.48915555207810824,109,109,165,0.011458333333333333,18,13,0.7051282051282052,62.593939393939394,55.95757575757576,0.03930555555555556,0.0043055555555555555,0.014513888888888889,0.010347222222222223,0.008055555555555555,1,62.34115484429066,55.894615051903116,6.0406782898173,4.299811539338321,0.7023726858239185,170.9080399273212,-0.4442744615598671,0.4442744615598671,0.00795847750865052,0,-0.019583333333333286,-282,0.09636496656412838,170.54545454545453,5.069761270399522,3.2419191919191914,0.0243092578840989
RHF_MPM_P27,91,0.00455,4.55,0,255,3.163402777777778,24.203736673841476,45553,178.6392156862745,0,136,255,0.47489204828484977,109,109,163,0.011319444444444444,18,13,0.6965811965811965,62.693251533742334,56.04907975460123,0.03805555555555556,0.0043055555555555555,0.014444444444444444,0.010416666666666666,0.007847222222222222,1,62.49094461396615,55.969683665181215,5.858676709290411,3.8363393200915636,0.755790689696532,167.60441890767476,-0.7416108744789964,0.7416108744789964,0.009702983338089697,-2,-0.047708333333333464,-687,0.16754781943950817,169.54545454545453,5.365947113954075,3.233263888888889,0.03242121969964377
RHF_MPM_P27,92,0.0046,4.6,0,255,3.093611111111111,23.81984439411552,44548,174.69803921568626,0,132,255,0.4835456769052209,108,108,157,0.010902777777777779,18,12,0.7268518518518519,62.78343949044586,56.15923566878981,0.03909722222222222,0.0043055555555555555,0.014166666666666666,0.010069444444444445,0.007569444444444445,1,62.529182005926195,55.97380353775703,6.082882769033594,4.185076790310525,0.7257023564512658,165.3138308933356,-0.7468535064625819,0.7468535064625819,0.009001526443386908,-6,-0.0697916666666667,-1005,0.038458698547234854,168.0909090909091,6.316710096741894,3.219760101010101,0.05132826723646741
RHF_MPM_P27,93,0.00465,4.65,0,255,3.089861111111111,23.864722511193488,44494,174.48627450980393,0,130,255,0.4694476885212854,108,108,158,0.010972222222222222,18,12,0.7314814814814815,62.77215189873418,56.164556962025316,0.0375,0.0042361111111111115,0.014097222222222223,0.010138888888888888,0.007638888888888889,1,62.50568615993168,56.03726345125185,5.827940561018883,3.7753009484824127,0.7618161314828932,167.04661959145497,-0.4688422386115421,0.4688422386115421,0.009461949925832696,1,-0.003750000000000142,-54,0.06766990024943668,167.54545454545453,6.880322883063455,3.2072348484848487,0.06329330857335735
RHF_MPM_P27,94,0.0047,4.7,0,255,3.1163194444444446,24.036150674167622,44875,175.98039215686273,0,135,255,0.4633313476490473,108,108,162,0.01125,18,13,0.6923076923076923,62.75308641975309,56.092592592592595,0.037083333333333336,0.0044444444444444444,0.014305555555555556,0.010208333333333333,0.007638888888888889,1,62.53060724233983,55.99171030640669,5.8976858213929,3.8795917778788604,0.7531787179500253,169.44250106978595,-0.4529957389302503,0.4529957389302503,0.009225626740947075,4,0.026458333333333695,381,0.05192445814525839,167.45454545454547,6.946073270870206,3.19800505050505,0.06827909259998195
RHF_MPM_P27,95,0.00475,4.75,0,255,3.1802083333333333,24.325214626458365,45795,179.58823529411765,0,139,255,0.4726383154221032,108,108,168,0.011666666666666667,18,13,0.717948717948718,62.67261904761905,56.18452380952381,0.03784722222222222,0.0045138888888888885,0.014305555555555556,0.010486111111111111,0.00798611111111111,1,62.44186046511628,56.077169996724535,5.916146656829722,3.9415868040935536,0.745735393354306,169.15448725114902,-0.5609783999390715,0.5609783999390715,0.008669068675619609,6,0.06388888888888866,920,0.12320450128461115,167.27272727272728,6.903107456934411,3.1947474747474747,0.06819560980977298
RHF_MPM_P27,96,0.0048,4.8,0,255,3.1750694444444445,24.242779065130573,45721,179.2980392156863,0,138,255,0.48055980786547636,107,107,165,0.011458333333333333,18,13,0.7051282051282052,62.74545454545454,56.018181818181816,0.03847222222222222,0.0043055555555555555,0.014444444444444444,0.010416666666666666,0.007847222222222222,1,62.460116795345684,55.973600752389494,5.912295879462575,4.0145075317712156,0.7341290984683391,169.63177771361077,-0.2881639804199636,0.2881639804199636,0.008551868944248813,-3,-0.005138888888888804,-74,0.10516597342095305,166.27272727272728,6.34021664515007,3.1876957070707075,0.06581369055894272
RHF_MPM_P27,97,0.00485,4.85,0,255,3.240625,24.540467195327203,46665,183.0,0,142,255,0.4862001126861978,106,106,172,0.011944444444444445,18,13,0.7350427350427351,62.645348837209305,56.06976744186046,0.03909722222222222,0.004375,0.014444444444444444,0.010694444444444444,0.008194444444444445,1,62.412086145933785,55.95448408871746,5.815418709876403,4.048523984204634,0.7178763037939463,168.13099219710446,-0.5581329705002964,0.5581329705002964,0.009278902817957783,7,0.06555555555555559,944,0.05169516527566713,166.0,6.0151324326084605,3.1867045454545457,0.0649209525634973
RHF_MPM_P27,98,0.0049,4.9,0,255,3.2455555555555557,24.56817854285458,46736,183.27843137254902,0,144,255,0.4823778143466696,106,106,173,0.012013888888888888,18,13,0.7393162393162394,62.52023121387283,56.138728323699425,0.03875,0.004375,0.014583333333333334,0.010625,0.008194444444444445,1,62.38385826771653,55.98352447791852,5.941466030470857,4.1790283432644975,0.7108273523707547,165.33790530957987,-0.8080259384682728,0.8080259384682728,0.00798099965765149,1,0.00493055555555566,71,0.04049885570725748,165.9090909090909,5.8999929962138005,3.186035353535354,0.06426967424115024
RHF_MPM_P27,99,0.00495,4.95,0,255,3.2688888888888887,24.705856905440434,47072,184.59607843137255,0,147,255,0.4700530089304237,107,107,176,0.012222222222222223,18,13,0.7521367521367521,62.59659090909091,56.00568181818182,0.03763888888888889,0.004652777777777777,0.014583333333333334,0.010694444444444444,0.008333333333333333,1,62.42233174711081,55.93754248810333,5.8418094517731785,4.077602266986527,0.7160945434632812,167.43301471553795,-0.6986841608402976,0.6986841608402976,0.007499150237933378,3,0.023333333333332984,336,0.059954582844566714,165.8181818181818,5.73376255680781,3.183213383838384,0.05972778699489222
RHF_MPM_P27,100,0.005,5.0,0,255,3.282986111111111,24.727203069467766,47275,185.3921568627451,0,147,255,0.47318260663413425,105,105,175,0.012152777777777778,18,13,0.7478632478632479,62.54857142857143,56.0,0.03791666666666667,0.0044444444444444444,0.014791666666666667,0.010833333333333334,0.008263888888888888,1,62.374997355896355,55.9209307244844,5.735759176364188,3.943056908660155,0.7262301819158813,163.81229582571655,-0.7834706302177884,0.7834706302177884,0.00799576943416182,-1,0.014097222222222427,203,0.050164681621380165,166.72727272727272,6.297054276563246,3.1879671717171716,0.06515230857026089
RHF_MPM_P27,101,0.00505,5.05,0,255,3.2529166666666667,24.64447041525971,46842,183.69411764705882,0,143,255,0.459991588256575,107,107,174,0.012083333333333333,18,13,0.7435897435897436,62.67816091954023,56.03448275862069,0.03666666666666667,0.004375,0.014652777777777778,0.010763888888888889,0.008263888888888888,1,62.43019085436147,55.95260663507109,5.6747900665633555,3.8455314125170377,0.7353829664787652,163.73006415838867,-0.6868787536669764,0.6868787536669764,0.0073011400025618034,-1,-0.030069444444444482,-433,0.06363713997591987,167.54545454545453,6.597019111464268,3.1917676767676766,0.06756610848298229
RHF_MPM_P27,102,0.0051,5.1,0,255,3.264236111111111,24.63732430119045,47005,184.33333333333334,0,146,255,0.4843983433779998,106,106,174,0.012083333333333333,18,13,0.7435897435897436,62.59770114942529,56.00574712643678,0.03909722222222222,0.0044444444444444444,0.014513888888888889,0.010694444444444444,0.008263888888888888,1,62.4359323476226,55.836953515583446,5.966600085803873,4.188891355202532,0.7121210849988245,165.14419699094822,-0.6981920459199915,0.6981920459199915,0.009041591320072333,0,0.011319444444444215,163,0.1157955473759306,168.54545454545453,6.665564647208495,3.2009343434343434,0.06989587716856951
RHF_MPM_P27,103,0.00515,5.15,0,255,3.2198611111111113,24.418486734954612,46366,181.82745098039214,0,140,255,0.4856072478016448,105,105,173,0.012013888888888888,18,13,0.7393162393162394,62.641618497109825,55.971098265895954,0.03909722222222222,0.0043055555555555555,0.014513888888888889,0.010555555555555556,0.008055555555555555,1,62.41709442263728,55.83714359660096,6.026657882503813,4.333115468266088,0.695018920545432,164.28435946881118,-1.0908640590969652,1.0908640590969652,0.00826036319717034,-1,-0.04437499999999961,-639,0.018838883951703682,170.0,5.656854249492381,3.212411616161616,0.061148634678407685
RHF_MPM_P27,104,0.0052,5.2,0,255,3.227222222222222,24.474298493080344,46472,182.24313725490197,0,145,255,0.4702956934841594,106,106,173,0.012013888888888888,18,13,0.7393162393162394,62.68208092485549,55.91329479768786,0.03763888888888889,0.004375,0.014583333333333334,0.010486111111111111,0.008055555555555555,1,62.442094164227925,55.835191082802545,5.781359751787591,3.9188630729546943,0.7352052745128037,164.7774526791092,-0.9010470160278575,0.9010470160278575,0.008349113444654846,0,0.0073611111111109295,106,0.02507587266142823,171.36363636363637,4.22702834093188,3.2248989898989904,0.047305735752260984
RHF_MPM_P27,105,0.00525,5.25,0,255,3.2445138888888887,24.497650208457102,46721,183.21960784313725,0,145,255,0.4910590366027281,106,106,173,0.012013888888888888,18,13,0.7393162393162394,62.68208092485549,55.91329479768786,0.03972222222222222,0.004375,0.014513888888888889,0.010347222222222223,0.008055555555555555,1,62.51257464523448,55.813852443226814,5.933684314117224,4.143519867568938,0.7158005962137755,165.74149786080827,-1.00348902091394,1.00348902091394,0.010016908884655722,0,0.017291666666666483,249,0.07363990590609393,172.36363636363637,3.0233252996937985,3.23655303030303,0.03263768363247582
RHF_MPM_P27,106,0.0053,5.3,0,255,3.194722222222222,24.296258855372855,46004,180.4078431372549,0,137,255,0.4737838303984592,108,108,167,0.011597222222222222,18,13,0.7136752136752137,62.58682634730539,56.01796407185629,0.03791666666666667,0.0043055555555555555,0.014444444444444444,0.010347222222222223,0.007916666666666667,1,62.36629423528389,55.889183549256586,5.7339752717885695,3.9476301458469694,0.7252714104343667,165.0089450917418,-0.7340035313893665,0.7340035313893665,0.008694896095991653,-6,-0.04979166666666668,-717,0.16453794052127274,172.27272727272728,3.1648900337325836,3.237872474747475,0.03056043740740943
RHF_MPM_P27,107,0.00535,5.35,0,255,3.1944444444444446,24.26550986762492,46000,180.3921568627451,0,139,255,0.47752435555345196,106,106,169,0.01173611111111111,18,13,0.7222222222222222,62.55621301775148,55.976331360946745,0.03833333333333333,0.0042361111111111115,0.014375,0.010347222222222223,0.00798611111111111,1,62.33789130434783,55.89067391304348,5.7913766662674,3.8704183146523685,0.7438854622172212,167.5334326831312,-0.5089164901458129,0.5089164901458129,0.009260869565217392,2,-0.0002777777777773771,-4,0.02844200537894442,172.63636363636363,2.459590774267033,3.2396338383838383,0.027271347701733183
RHF_MPM_P27,108,0.0054,5.4,0,255,3.1909722222222223,24.25637205284201,45950,180.19607843137254,0,138,255,0.47966045125739165,107,107,169,0.01173611111111111,18,13,0.7222222222222222,62.680473372781066,55.96449704142012,0.03840277777777778,0.004166666666666667,0.014305555555555556,0.010416666666666666,0.007916666666666667,1,62.42208922742111,55.873841131664854,5.7775429786801,4.084267713388516,0.7072922967527218,173.26275478704966,-0.14603357579585372,0.14603357579585372,0.008879216539717084,0,-0.003472222222222321,-50,0.0858640365857272,172.36363636363637,2.67217062849074,3.23511994949495,0.030635442671334168
RHF_MPM_P27,109,0.00545,5.45,0,255,3.2133333333333334,24.42642103224384,46272,181.45882352941177,0,142,255,0.471138252695334,106,106,172,0.011944444444444445,18,13,0.7350427350427351,62.75,55.9593023255814,0.03777777777777778,0.0042361111111111115,0.014513888888888889,0.010694444444444444,0.008194444444444445,1,62.517375518672196,55.85812154218534,5.73113561934552,3.982470983385496,0.7191224274444311,162.07867591106265,-1.0467182175548895,1.0467182175548895,0.0084716459197787,3,0.022361111111111054,322,0.09657423462700168,172.27272727272728,2.6659778724754872,3.232190656565656,0.031035463976428927
RHF_MPM_P27,110,0.0055,5.5,0,255,3.227708333333333,24.53386880129946,46479,182.27058823529413,0,147,255,0.4734164342046044,106,106,173,0.012013888888888888,18,13,0.7393162393162394,62.69364161849711,56.0,0.03798611111111111,0.0043055555555555555,0.014444444444444444,0.010694444444444444,0.008194444444444445,1,62.54618214677596,55.90748510079821,5.744659796394003,4.001075414281635,0.7175703318573462,168.36157085506122,-0.7574935615838173,0.7574935615838173,0.00864906732072549,1,0.014374999999999805,207,0.05715402646914197,172.0,2.412090756622109,3.2284469696969693,0.028785040507787962
RHF_MPM_P27,111,0.00555,5.55,0,255,3.25125,24.601599114550574,46818,183.6,0,146,255,0.47781066941582007,105,105,177,0.012291666666666666,18,13,0.7564102564102564,62.76271186440678,56.06214689265537,0.03833333333333333,0.0044444444444444444,0.014791666666666667,0.010833333333333334,0.008333333333333333,1,62.618202400786025,55.87697039600154,5.829005502935916,4.123116620286681,0.7068687013485976,163.21319616253882,-1.1236169841743584,1.1236169841743584,0.008906830706138664,4,0.023541666666667016,339,0.07821805543800019,172.1818181818182,2.690663379445226,3.225561868686869,0.024435931974285133
RHF_MPM_P27,112,0.0056,5.6,0,255,3.245347222222222,24.585926682792717,46733,183.26666666666668,0,143,255,0.4751854636454663,104,104,174,0.012083333333333333,18,13,0.7435897435897436,62.97126436781609,56.04597701149425,0.03805555555555556,0.0045138888888888885,0.015,0.010833333333333334,0.008125,1,62.678107547129436,55.933708514326064,5.7303429819076594,4.0865651604897755,0.7010166046515526,165.88441083646504,-0.5919494101164999,0.5919494101164999,0.008323882481330109,-3,-0.005902777777778034,-85,0.0825096396152184,172.1818181818182,2.690663379445226,3.2248737373737373,0.023752949972254984
RHF_MPM_P27,113,0.00565,5.65,0,255,3.263402777777778,24.726866171096688,46993,184.28627450980392,0,147,255,0.47953436295131235,107,107,174,0.012083333333333333,17,13,0.7873303167420814,63.01149425287356,56.00574712643678,0.03861111111111111,0.004652777777777777,0.015208333333333334,0.010833333333333334,0.008333333333333333,1,62.78656395633392,55.938352520588175,5.7073569730794995,4.1807603972129845,0.6807441399919554,163.45019951433852,-1.1001314702464011,1.1001314702464011,0.008873662034771137,0,0.018055555555555713,260,0.10855578976587749,172.1818181818182,2.690663379445226,3.2247979797979798,0.02362828873334848
RHF_MPM_P27,114,0.0057,5.7,0,255,3.2706944444444446,24.756507047328252,47098,184.69803921568626,0,149,255,0.47499407652852826,105,105,177,0.012291666666666666,17,13,0.8009049773755657,62.89265536723164,55.954802259887,0.03798611111111111,0.0045138888888888885,0.015277777777777777,0.010972222222222222,0.008472222222222223,1,62.721177120047564,55.95779013970869,5.617950687017293,4.000045607205399,0.7021677830658282,170.33653136394838,-0.777701146201703,0.777701146201703,0.008471697311987771,3,0.007291666666666696,105,0.06821480335391439,172.54545454545453,3.0260576321987704,3.2294191919191917,0.026948532582047616
RHF_MPM_P27,115,0.00575,5.75,0,255,3.278888888888889,24.777944356689677,47216,185.1607843137255,0,150,255,0.47584083353808554,107,107,178,0.012361111111111111,17,13,0.8054298642533937,62.93258426966292,55.97191011235955,0.038125,0.004583333333333333,0.015416666666666667,0.010902777777777779,0.008541666666666666,1,62.737017112843105,55.912423754659436,5.66780354351756,4.123813844713583,0.6860166055998744,166.00376311074845,-0.9411000570792194,0.9411000570792194,0.007603354794984751,1,0.008194444444444393,118,0.0480522035311615,173.0,3.411211461689767,3.2341161616161616,0.030433541553433176
RHF_MPM_P27,116,0.0058,5.8,0,255,3.267013888888889,24.6915954150131,47045,184.49019607843138,0,149,255,0.48062844916361247,107,107,175,0.012152777777777778,17,13,0.7918552036199095,62.88,56.02285714285714,0.03854166666666667,0.0045138888888888885,0.015069444444444444,0.010833333333333334,0.008472222222222223,1,62.729875650972474,55.889935168455736,5.697589104263297,4.167275085970183,0.6819377115170034,163.49890424787847,-1.0550467883444108,1.0550467883444108,0.008332447656499096,-3,-0.011874999999999858,-171,0.023595274677166222,173.1818181818182,3.4593268346255357,3.2361616161616165,0.03178954940675544
RHF_MPM_P27,117,0.00585,5.85,0,255,3.2349305555555556,24.52633254666547,46583,182.67843137254903,0,146,255,0.4792161790017349,105,105,176,0.012222222222222223,18,13,0.7521367521367521,62.90340909090909,56.06818181818182,0.03840277777777778,0.004375,0.014722222222222222,0.010694444444444444,0.008125,1,62.64768263100272,55.93392439301891,5.748022266823826,4.089013564635875,0.702810136881553,166.3310224297585,-0.8928463380202242,0.8928463380202242,0.00837215293132688,1,-0.032083333333333464,-462,0.09322416215454767,174.0,2.9232609437842774,3.2398169191919193,0.0290041509001176
RHF_MPM_P27,118,0.0059,5.9,0,255,3.2734722222222223,24.70877749233853,47138,184.8549019607843,0,146,255,0.4830553892840007,107,107,173,0.012013888888888888,17,13,0.7828054298642534,62.959537572254334,56.10982658959538,0.03895833333333333,0.004652777777777777,0.015,0.010972222222222222,0.008402777777777778,1,62.77294327294327,55.982052696338414,5.6566921347909584,3.998233741393041,0.7073986380628848,167.3237211747537,-0.9239002273381234,0.9239002273381234,0.009207009207009207,-3,0.038541666666666696,555,0.13418853155084629,174.36363636363637,2.4962782214083603,3.247001262626263,0.02656022953889637
RHF_MPM_P27,119,0.00595,5.95,0,255,3.280763888888889,24.674573439402636,47243,185.26666666666668,0,149,255,0.4934648908623001,105,105,178,0.012361111111111111,18,13,0.7606837606837606,62.735955056179776,56.08426966292135,0.03979166666666667,0.0044444444444444444,0.015277777777777777,0.010902777777777779,0.008194444444444445,1,62.582858836229704,55.95076519272696,5.861956103468592,4.35798567296088,0.668807751117994,167.810675323687,-0.7166491830877703,0.7166491830877703,0.009800393709120928,5,0.007291666666666696,105,0.19264215780288446,175.1818181818182,2.0368505911280073,3.255164141414142,0.021378848504449172
RHF_MPM_P27,120,0.006,6.0,0,255,3.2440972222222224,24.53598122919556,46715,183.19607843137254,0,150,255,0.4698732610745554,106,106,175,0.012152777777777778,18,13,0.7478632478632479,62.84,55.98285714285714,0.0375,0.004375,0.015208333333333334,0.010625,0.008194444444444445,1,62.59344964144279,55.850711762817085,5.709268415563332,4.072213905682827,0.7008957814360565,169.83042968087247,-0.2349333470113371,0.2349333470113371,0.006914267365942417,-3,-0.036666666666666625,-528,0.10061239482187197,175.45454545454547,1.7768018441538238,3.257960858585859,0.01735780960343678
RHF_MPM_P27,121,0.00605,6.05,0,255,3.2797222222222224,24.707223526071964,47228,185.2078431372549,0,154,255,0.47397904849925415,107,107,177,0.012291666666666666,18,13,0.7564102564102564,62.932203389830505,55.91525423728814,0.03784722222222222,0.0045138888888888885,0.015069444444444444,0.010763888888888889,0.008333333333333333,1,62.61050647920725,55.860908782925385,5.730985359135382,4.082297968146373,0.7018544021532421,170.6362384602501,-0.2132593631619548,0.2132593631619548,0.00774964004404167,2,0.03562500000000002,513,0.019872466721882788,175.8181818181818,1.6414063713879807,3.262689393939394,0.015452629217868547
RHF_MPM_P27,122,0.0061,6.1,0,255,3.230208333333333,24.512553274029877,46515,182.41176470588235,0,139,255,0.47668635157929906,107,107,173,0.012013888888888888,18,13,0.7393162393162394,63.01156069364162,56.127167630057805,0.038125,0.004375,0.014861111111111111,0.010902777777777779,0.008125,1,62.68337095560572,55.92479845211222,5.781191735725758,4.193197985186797,0.6884147830513876,162.93634515980625,-0.9517869190080953,0.9517869190080953,0.00872836719337848,-4,-0.0495138888888893,-713,0.09690780025171185,175.45454545454547,1.776801844153824,3.260776515151515,0.017864466136490183
RHF_MPM_P27,123,0.00615,6.15,0,255,3.24375,24.58234523084832,46710,183.1764705882353,0,146,255,0.4732079170740579,107,107,174,0.012083333333333333,18,13,0.7435897435897436,62.798850574712645,55.96551724137931,0.03777777777777778,0.004375,0.014791666666666667,0.010833333333333334,0.008263888888888888,1,62.64356668807536,55.910083493898526,5.722768510740266,4.006291568838499,0.7140822710488297,167.75559595101865,-0.7526989895120957,0.7526989895120957,0.007578676942838793,1,0.013541666666666785,195,0.042437126538669254,175.45454545454547,1.7768018441538238,3.260631313131313,0.017995297041609404
RHF_MPM_P27,124,0.0062,6.2,0,255,3.274722222222222,24.66923578806778,47156,184.92549019607844,0,148,255,0.47351754412043146,106,106,178,0.012361111111111111,18,13,0.7606837606837606,62.741573033707866,55.98876404494382,0.03770833333333334,0.004375,0.015,0.010694444444444444,0.008333333333333333,1,62.52744083467639,55.876495037747056,5.824066539201987,4.045552443270717,0.7193703293184023,166.71363659816177,-0.6879239121843627,0.6879239121843627,0.007485791839850708,4,0.03097222222222218,446,0.12088588922731307,175.8181818181818,1.849726359034164,3.2616603535353543,0.018442447108407155
RHF_MPM_P27,125,0.00625,6.25,0,255,3.276597222222222,24.62119022032745,47183,185.0313725490196,0,150,255,0.48033738923139646,105,105,176,0.012222222222222223,18,13,0.7521367521367521,62.88636363636363,55.96590909090909,0.03847222222222222,0.0044444444444444444,0.01513888888888889,0.010625,0.008263888888888888,1,62.633533264099356,55.861178814403495,5.83970493837956,4.058338391452679,0.7190521965484679,171.69636279563062,-0.14961731048329127,0.14961731048329127,0.007905389653053006,-2,0.001875000000000071,27,0.10719230512670513,175.72727272727272,1.8136306675690912,3.2621969696969697,0.018780284949119576
RHF_MPM_P27,126,0.0063,6.3,0,255,3.253125,24.617761710262446,46845,183.7058823529412,0,146,255,0.46031539100944896,107,107,175,0.012152777777777778,18,13,0.7478632478632479,62.84,55.98285714285714,0.036458333333333336,0.004375,0.014930555555555556,0.010625,0.008194444444444445,1,62.54543707973103,55.93743195645213,5.539091699415565,3.593597193567256,0.7609844477678585,173.17682227040544,-0.009409976836827098,0.009409976836827098,0.008923044081545522,-1,-0.02347222222222234,-338,0.11651385914365434,175.45454545454547,1.6713433009863852,3.259854797979798,0.01814844633085876
RHF_MPM_P27,127,0.00635,6.35,0,11,0.01861111111111111,0.3463111380261797,268,24.363636363636363,0,0,7,0.053342004513375986,3,8,11,0.0007638888888888889,93,101,0.0011710848504205259,89.81818181818181,58.90909090909091,0.0043055555555555555,0.0,0.0,0.0,0.0,0,84.06716417910448,59.92537313432836,29.28560581309074,27.024586705278153,0.3852932582533048,103.84837032278561,-0.46282240731280905,0.46282240731280905,0.0,-164,-3.234513888888889,-46577,21.88808836280835,160.54545454545453,47.31973187575547,2.9645454545454544,0.9317602462160282
RHF_MPM_P27,128,0.0064,6.4,0,255,3.113472222222222,22.515344438091443,44834,175.81960784313725,1,109,255,0.609968126722332,104,104,149,0.010347222222222223,12,18,0.6898148148148148,65.57718120805369,54.48993288590604,0.050416666666666665,0.0031944444444444446,0.013888888888888888,0.009027777777777777,0.006527777777777778,1,66.03008877191417,52.900365793817194,7.266160508842041,4.687032727322122,0.7641408424054912,98.14683770236327,-1.5794275236999098,1.5794275236999098,0.010304679484319935,138,3.0948611111111113,44566,19.356828701492024,158.0909090909091,47.15439735679637,2.9535037878787875,0.9292068317346563
RHF_MPM_P27,129,0.00645,6.45,0,255,5.463263888888889,28.271040058931263,78671,308.51372549019607,24,178,255,0.970694527026939,99,99,248,0.017222222222222222,13,36,0.5299145299145299,65.98387096774194,48.37903225806452,0.0825,0.005277777777777778,0.02722222222222222,0.013819444444444445,0.009027777777777777,1,67.05840779957036,42.498175947935074,16.119793614667213,3.6894864566973498,0.9734548185169344,98.1100374940389,-0.9839807256309341,0.9839807256309341,0.005770868553850847,99,2.349791666666667,33837,10.452894030478491,164.9090909090909,53.774706026760036,3.152575757575757,1.1777586001655334
RHF_MPM_P27,130,0.0065,6.5,0,255,5.6258333333333335,28.867296940290213,81012,317.6941176470588,22,197,255,1.0201801246142148,91,91,305,0.021180555555555557,14,43,0.5066445182724253,65.74754098360656,45.41639344262295,0.08868055555555555,0.0059722222222222225,0.02736111111111111,0.013819444444444445,0.009722222222222222,1,66.49479089517602,42.60462647509011,15.65583742956468,4.1525150922949345,0.9641831110183907,95.60498971522999,-0.9377495124751154,0.9377495124751154,0.014405273292845504,57,0.16256944444444432,2341,0.5735814934694454,176.45454545454547,67.28280022867338,3.3657638888888886,1.3770488335328066
RHF_MPM_P27,131,0.00655,6.55,0,255,5.5534027777777775,29.81531687514905,79969,313.60392156862747,19,218,255,0.9221467809953625,105,105,256,0.017777777777777778,14,26,0.7032967032967034,65.4453125,50.1484375,0.07902777777777778,0.006875,0.027083333333333334,0.015555555555555555,0.011319444444444444,1,66.33140341882479,43.73904888144156,16.688807677482956,4.441873374116644,0.9639291893301806,96.04784974384451,-1.4023640150321128,1.4023640150321128,0.008190673886130876,-49,-0.072430555555556,-1043,1.1461281182575747,183.8181818181818,71.04776649527375,3.575700757575758,1.5119238539779047
RHF_MPM_P27,132,0.0066,6.6,0,255,5.151111111111111,30.63688678862076,74176,290.8862745098039,7,238,255,0.7150176543145113,108,108,265,0.01840277777777778,14,25,0.7571428571428571,65.37735849056604,50.56981132075472,0.05979166666666667,0.0077777777777777776,0.02409722222222222,0.016944444444444446,0.012430555555555556,1,65.5377076143227,49.774886755823985,7.8499572034706295,4.568236344465428,0.8132287838543752,92.23603446430197,-0.9453556510363785,0.9453556510363785,0.00529820966350302,9,-0.4022916666666667,-5793,6.08779860671438,191.8181818181818,74.69065681111682,3.7458270202020203,1.573097501270858
RHF_MPM_P27,133,0.00665,6.65,0,255,5.897638888888889,33.13575100137545,84926,333.043137254902,12,252,255,0.7850648491632661,108,108,315,0.021875,16,26,0.7572115384615384,65.44126984126984,49.62222222222222,0.06680555555555556,0.008958333333333334,0.026875,0.020069444444444445,0.015069444444444444,1,65.66866448437463,49.25822480747945,7.864405547826435,4.93635297006318,0.7784691148892664,94.1539850871652,-0.7778216111936922,0.7778216111936922,0.0060405529519817255,50,0.7465277777777786,10750,0.5330002539220493,204.72727272727272,82.21489680221187,3.9883207070707076,1.6770805220447667
RHF_MPM_P27,134,0.0067,6.7,0,255,7.028958333333334,36.23989602899971,101217,396.9294117647059,18,255,255,0.9431648298366663,110,110,367,0.025486111111111112,18,29,0.7030651340996169,65.28065395095368,48.03542234332425,0.08347222222222223,0.01173611111111111,0.03173611111111111,0.02347222222222222,0.018055555555555554,1,65.65732041060296,47.68471699418082,8.263520865297915,5.4801815020545455,0.7484621168428244,89.62167535274021,-0.3274926408397681,0.3274926408397681,0.011124613454261635,52,1.1313194444444443,16291,1.573548704845701,222.27272727272728,93.59204599954083,4.332430555555556,1.8666244210531175
RHF_MPM_P27,135,0.00675,6.75,0,255,6.744027777777778,35.02603445057065,97114,380.8392156862745,18,254,255,0.9312769625599371,108,108,355,0.024652777777777777,15,31,0.7634408602150538,65.21126760563381,47.04788732394366,0.08090277777777778,0.00951388888888889,0.03125,0.022708333333333334,0.016527777777777777,1,65.52976913730255,46.59700969994028,9.007927219481171,5.076010289037608,0.8261127843815834,90.93718527183509,-0.38813567407747607,0.38813567407747607,0.010235393455114608,-12,-0.28493055555555546,-4103,1.0951604837943287,238.36363636363637,99.6186115572539,4.64782196969697,1.9523882596488793
RHF_MPM_P27,136,0.0068,6.8,0,255,6.196041666666667,32.71189850461207,89223,349.8941176470588,18,246,255,0.9246082656208262,104,104,327,0.022708333333333334,14,32,0.7299107142857143,65.1559633027523,47.45871559633027,0.0792361111111111,0.00798611111111111,0.029444444444444443,0.01986111111111111,0.013819444444444445,1,65.42083319323493,46.65652354213599,9.63298608672922,4.805761399718567,0.8666676470814317,88.40123136320722,-0.5384226631749541,0.5384226631749541,0.00984051197561167,-28,-0.5479861111111113,-7891,0.1241327407366844,252.0909090909091,100.47926474963926,4.913226010101011,1.9463698997053613
RHF_MPM_P27,137,0.00685,6.85,0,255,5.593263888888889,30.48661221043184,80543,315.85490196078433,18,232,255,0.8975702272451016,106,106,266,0.018472222222222223,14,28,0.6785714285714286,65.2406015037594,49.52255639097744,0.07645833333333334,0.006944444444444444,0.02673611111111111,0.01638888888888889,0.011805555555555555,1,65.40334976348038,46.72784723687968,10.36237899792134,4.55075812655818,0.8984081244504691,89.80578124974112,-0.8349181189243241,0.8349181189243241,0.010267807258234733,-61,-0.6027777777777779,-8680,0.07343527590928813,260.3636363636364,97.49337760938407,5.125965909090909,1.880052922206592
RHF_MPM_P27,138,0.0069,6.9,0,255,5.039513888888889,28.803610060918995,72569,284.5843137254902,17,216,255,0.8734572548417212,109,109,228,0.015833333333333335,13,23,0.7625418060200669,65.09649122807018,50.90350877192982,0.07541666666666667,0.006597222222222222,0.021527777777777778,0.014652777777777778,0.010555555555555556,1,65.28262756824539,47.48088026567818,10.654058329223894,4.387783919657474,0.9112554723414139,88.4694424639915,-1.1379868294639284,1.1379868294639284,0.018093125163637366,-38,-0.55375,-7974,0.762648405809515,280.09090909090907,59.649665922183495,5.582411616161616,0.977530296860721
RHF_MPM_P27,139,0.00695,6.95,0,255,4.745208333333333,28.023380825183533,68331,267.9647058823529,16,207,255,0.8728357474911875,110,110,214,0.014861111111111111,13,21,0.7838827838827839,65.16355140186916,51.61214953271028,0.076875,0.006458333333333333,0.01986111111111111,0.013888888888888888,0.010208333333333333,1,65.30839589644525,48.04977243125375,10.793026794065106,4.494135954902686,0.9091849338000377,88.77050867882603,-1.4264811255617964,1.4264811255617964,0.02925465747610894,-14,-0.2943055555555558,-4238,0.5694754628528577,286.0,48.55924216871593,5.730751262626263,0.6656791980631179
RHF_MPM_P27,140,0.007,7.0,0,255,4.557847222222223,27.805180139459093,65633,257.3843137254902,14,205,255,0.833037424162745,109,109,213,0.014791666666666667,13,21,0.7802197802197802,65.14553990610328,51.647887323943664,0.07375,0.006319444444444444,0.01902777777777778,0.013819444444444445,0.010208333333333333,1,65.32962077003947,48.61217680130422,10.55373364978931,4.361777996293016,0.9105983666094246,88.57625596658889,-1.6535290859218925,1.6535290859218925,0.034449133819877194,-1,-0.18736111111111065,-2698,0.5628047358640116,282.8181818181818,51.97170240851909,5.648440656565656,0.7449249956380607
RHF_MPM_P27,141,0.00705,7.05,0,255,4.331388888888889,27.312904729040703,62372,244.59607843137255,12,198,255,0.8013868938531592,108,108,205,0.01423611111111111,14,20,0.7321428571428571,65.20975609756097,52.03414634146341,0.07083333333333333,0.0060416666666666665,0.018333333333333333,0.013333333333333334,0.00986111111111111,1,65.35988905278009,49.18809722311293,10.181215982579827,4.317190161492779,0.9056458828843568,88.6648342341655,-1.8941066366914758,1.8941066366914758,0.032402360033348294,-8,-0.22645833333333343,-3261,0.5767152687387332,273.72727272727275,55.89452877614622,5.530763888888888,0.8358900520298658
RHF_MPM_P27,142,0.0071,7.1,0,255,4.183888888888889,27.137196518368352,60248,236.26666666666668,9,194,255,0.7357580239688173,109,109,203,0.014097222222222223,13,20,0.7807692307692308,65.17241379310344,52.07881773399015,0.06381944444444444,0.0059722222222222225,0.018055555555555554,0.013125,0.009652777777777777,1,65.34585380427566,49.94756672420661,9.242353350685892,4.202028679077262,0.8906705860920652,89.07813794289783,-2.001237133549088,2.001237133549088,0.02494688620369141,-2,-0.14749999999999996,-2124,0.7595991780485668,268.90909090909093,59.390012238751126,5.4062626262626265,0.9209129614331547
RHF_MPM_P27,143,0.00715,7.15,0,255,4.111736111111111,27.085501472955492,59209,232.1921568627451,6,193,255,0.7045033479081928,106,106,204,0.014166666666666666,14,19,0.7669172932330827,65.36764705882354,52.30882352941177,0.06069444444444445,0.005902777777777778,0.017777777777777778,0.013055555555555556,0.009652777777777777,1,65.43079599385229,50.451806313229405,8.621874685765036,4.29443857479513,0.8671274025231385,90.07910585668085,-2.047857070639279,2.047857070639279,0.02043608235234508,1,-0.07215277777777818,-1039,0.5113440512100911,263.3636363636364,62.27398804297714,5.31177398989899,0.9927635891891599
RHF_MPM_P27,144,0.0072,7.2,0,255,4.1002777777777775,27.17440738248962,59044,231.54509803921567,4,195,255,0.6771307090116666,109,109,205,0.01423611111111111,14,20,0.7321428571428571,65.27804878048781,52.12682926829268,0.057708333333333334,0.005902777777777778,0.017916666666666668,0.013055555555555556,0.00986111111111111,1,65.4272745748933,50.81659440417316,7.916544676803016,4.309543589529112,0.8388440589209578,90.04698075691084,-1.7471715885509214,1.7471715885509214,0.015429171465347877,1,-0.01145833333333357,-165,0.3648050872532806,253.36363636363637,62.01066290606468,5.148377525252525,1.0301005213563197
RHF_MPM_P27,145,0.00725,7.25,0,255,4.136458333333334,27.350102654914746,59565,233.58823529411765,3,195,255,0.6480620237109159,107,107,206,0.014305555555555556,14,20,0.7357142857142858,65.27669902912622,52.08252427184466,0.05423611111111111,0.006111111111111111,0.018333333333333333,0.013194444444444444,0.009930555555555555,1,65.37320574162679,50.942046503819356,7.346725069449008,4.427981728743767,0.7979564993618813,89.9533059612925,-1.192270552792443,1.192270552792443,0.011819021237303785,1,0.036180555555556104,521,0.13660771587447437,238.72727272727272,51.58592286677179,4.88542297979798,0.8738097451343549
RHF_MPM_P27,146,0.0073,7.3,0,255,4.191388888888889,27.568181301877896,60356,236.69019607843137,3,204,255,0.652853339058269,106,106,211,0.014652777777777778,14,21,0.717687074829932,65.30805687203791,51.976303317535546,0.05479166666666667,0.00625,0.01840277777777778,0.01326388888888889,0.010138888888888888,1,65.47710252501822,50.92005765789648,7.303809594946686,4.44577925058865,0.793405687904113,93.09959252893374,-1.1790433464777084,1.1790433464777084,0.013602624428391543,5,0.05493055555555504,791,0.10619816827095753,225.63636363636363,36.477322288269924,4.653364898989899,0.6629060827713821
RHF_MPM_P27,147,0.00735,7.35,0,255,4.173611111111111,27.44758384962324,60100,235.68627450980392,3,198,255,0.6526760255970545,108,108,210,0.014583333333333334,14,20,0.75,65.36190476190477,52.04761904761905,0.05472222222222222,0.0060416666666666665,0.01840277777777778,0.01326388888888889,0.009930555555555555,1,65.46229617304492,50.921064891846925,7.299449938756553,4.349346793440094,0.8030988414477072,91.98854978684737,-1.099005451179443,1.099005451179443,0.013760399334442596,-1,-0.017777777777777892,-256,0.01484057205731454,215.0,17.482458741160055,4.469507575757575,0.45849185968931033
RHF_MPM_P27,148,0.0074,7.4,0,255,4.155486111111111,27.444513298296304,59839,234.6627450980392,3,200,255,0.6464085176022235,109,109,207,0.014375,14,20,0.7392857142857143,65.33333333333333,52.07729468599034,0.05402777777777778,0.0059722222222222225,0.01826388888888889,0.013194444444444444,0.010069444444444445,1,65.44673206437274,51.05581644078277,7.153492005664076,4.387037811110149,0.7898716372755148,90.12110604854853,-1.0152602111857647,1.0152602111857647,0.011380537776366583,-3,-0.018124999999999503,-261,0.13564741582267265,209.63636363636363,6.79936798229642,4.3388005050505045,0.29545283375464637
RHF_MPM_P27,149,0.00745,7.45,0,255,4.0945833333333335,27.17253154676101,58962,231.2235294117647,3,193,255,0.6418436683737085,109,109,205,0.01423611111111111,14,20,0.7321428571428571,65.29756097560976,52.11707317073171,0.05354166666666667,0.005902777777777778,0.017986111111111112,0.013125,0.009722222222222222,1,65.47359316169737,51.10087853193582,7.056656305872307,4.302394938351714,0.7926375435843398,90.04730248558702,-0.9020994377632358,0.9020994377632358,0.012618296529968454,-2,-0.06090277777777775,-877,0.052460562411861304,207.54545454545453,3.627261335138183,4.252897727272726,0.2017394286634782
RHF_MPM_P27,150,0.0075,7.5,0,255,4.095208333333333,27.203158606144285,58971,231.25882352941176,3,193,255,0.6444889808906478,109,109,206,0.014305555555555556,14,20,0.7357142857142858,65.33009708737865,52.12621359223301,0.05416666666666667,0.005902777777777778,0.017986111111111112,0.013055555555555556,0.009583333333333333,1,65.47791287242882,51.17072798494175,7.125892852225033,4.399657978734514,0.7866348661924144,90.21832659492974,-1.0829287355360302,1.0829287355360302,0.012752030659137542,1,0.0006249999999994316,9,0.06998289781104335,206.8181818181818,3.009626428590336,4.193806818181818,0.13203783516451711
RHF_MPM_P27,151,0.00755,7.55,0,255,3.9832638888888887,26.77813287849137,57359,224.93725490196078,1,187,255,0.6223449046598344,109,109,194,0.013472222222222222,12,20,0.8083333333333333,65.34536082474227,52.28350515463917,0.052083333333333336,0.005833333333333334,0.017777777777777778,0.012777777777777779,0.009305555555555555,1,65.48252235917641,51.18161055806412,7.076403666085052,4.403931182160504,0.7827467985875121,89.47313632537228,-1.0402712587340115,1.0402712587340115,0.011541344863055492,-12,-0.11194444444444418,-1612,0.011818534843205957,205.0909090909091,4.187742838647645,4.141571969696969,0.08177770590115553
RHF_MPM_P27,152,0.0076,7.6,0,255,3.9322916666666665,26.68653034196668,56625,222.05882352941177,1,184,255,0.6222929613615771,109,109,195,0.013541666666666667,13,19,0.7894736842105263,65.26666666666667,52.4,0.051944444444444446,0.005763888888888889,0.017430555555555557,0.012777777777777779,0.009375,1,65.49195584988962,51.39012803532009,6.889683486866781,4.259997351226044,0.785930070086854,89.51285737397016,-0.9477900230323214,0.9477900230323214,0.01271523178807947,1,-0.0509722222222222,-734,0.20873075736035834,204.1818181818182,5.09577689354237,4.105290404040404,0.07795770144504939
RHF_MPM_P27,153,0.00765,7.65,0,255,3.9604166666666667,26.83968537329564,57030,223.64705882352942,1,189,255,0.6217370435177133,110,110,192,0.013333333333333334,13,19,0.7773279352226721,65.33854166666667,52.489583333333336,0.051875,0.005763888888888889,0.0175,0.012708333333333334,0.009444444444444445,1,65.52852884446783,51.52398737506576,6.777212429621116,4.2632454458840146,0.7773600697962796,87.66302904647577,-0.8416126431253977,0.8416126431253977,0.012993161493950552,-3,0.028125000000000178,405,0.1387656541423853,203.1818181818182,6.191169397811426,4.084974747474747,0.08373232698311288
RHF_MPM_P27,154,0.0077,7.7,0,255,3.946527777777778,26.786606347395704,56830,222.86274509803923,1,185,255,0.617448838415831,109,109,196,0.01361111111111111,13,19,0.7935222672064778,65.22448979591837,52.43877551020408,0.051666666666666666,0.005833333333333334,0.017222222222222222,0.012638888888888889,0.009444444444444445,1,65.49677986978709,51.62841808903748,6.7161566454721005,4.278978977597096,0.770766930994718,87.74348454475789,-0.8335621242651007,0.8335621242651007,0.013126869611120888,4,-0.01388888888888884,-200,0.10915022406720952,202.45454545454547,6.513812406426493,4.069955808080807,0.0919942030243631
RHF_MPM_P27,155,0.00775,7.75,0,255,3.8359722222222223,26.42876506130953,55238,216.61960784313726,1,180,255,0.6019632766759888,110,110,189,0.013125,12,19,0.8289473684210527,65.29629629629629,52.51322751322751,0.050138888888888886,0.005694444444444445,0.017083333333333332,0.012430555555555556,0.009236111111111112,1,65.50479742206453,51.63449074912198,6.671217528523359,4.175846824897626,0.7798634065386808,86.95580352697236,-0.7916404433055936,0.7916404433055936,0.012545711285709114,-7,-0.11055555555555552,-1592,0.010057750495180135,201.0,7.49545316720865,4.04592803030303,0.11304483774212712
RHF_MPM_P27,156,0.0078,7.8,0,255,3.752638888888889,26.134222056160574,54038,211.91372549019607,1,175,255,0.6043074430083503,110,110,186,0.012916666666666667,12,18,0.8611111111111112,65.4247311827957,52.75268817204301,0.050486111111111114,0.005486111111111111,0.01673611111111111,0.012222222222222223,0.009027777777777777,1,65.55509086198602,51.89499981494504,6.5564754492069115,4.380818726439552,0.7440115778738922,87.62978461390306,-0.8870579029378205,0.8870579029378205,0.014138199045116399,-3,-0.08333333333333348,-1200,0.2653194366704762,199.1818181818182,8.429581913693552,4.0110353535353545,0.1365153290207629
RHF_MPM_P27,157,0.00785,7.85,0,255,3.8924305555555554,26.831812036237046,56051,219.8078431372549,0,193,255,0.594052728498885,111,111,195,0.013541666666666667,14,20,0.6964285714285714,65.4,52.8,0.049375,0.005833333333333334,0.017291666666666667,0.012569444444444444,0.009583333333333333,1,65.58482453479867,52.007493175857704,6.327633386366241,4.2353710042974315,0.7429515526814439,90.00576428414426,-0.8932946459932948,0.8932946459932948,0.012791921642789602,9,0.13979166666666654,2013,0.116356553525606,197.72727272727272,7.604913592132501,3.983857323232323,0.12735611752474804
RHF_MPM_P27,158,0.0079,7.9,0,255,3.8452777777777776,26.57902953521724,55372,217.1450980392157,0,182,255,0.5912198687645605,106,106,198,0.01375,12,20,0.825,65.46464646464646,52.48989898989899,0.049166666666666664,0.005694444444444445,0.017430555555555557,0.012569444444444444,0.009375,1,65.62432276240699,51.82684389221989,6.500091557531476,4.204744335537405,0.7625963612669069,89.44615266771858,-0.8242324649837312,0.8242324649837312,0.011215054540200824,3,-0.04715277777777782,-679,0.18491693719898541,196.63636363636363,6.554286970063976,3.9540088383838383,0.11747840237079553
RHF_MPM_P27,159,0.00795,7.95,0,255,3.8818055555555557,26.663508710219837,55898,219.2078431372549,1,183,255,0.6093139635258668,108,108,196,0.01361111111111111,12,20,0.8166666666666667,65.45408163265306,52.58673469387755,0.050833333333333335,0.005763888888888889,0.017430555555555557,0.012569444444444444,0.009375,1,65.63626605603062,51.859708755232745,6.511939173405907,4.3973335467852,0.7375683220775131,87.0357012866533,-0.7286841039819628,0.7286841039819628,0.01096640309134495,-2,0.03652777777777816,526,0.03496772059248248,195.63636363636363,5.677270907634908,3.929128787878788,0.09982892723446647
RHF_MPM_P27,160,0.008,8.0,0,255,3.852638888888889,26.569433800529318,55478,217.5607843137255,1,183,255,0.6032447331631315,109,109,192,0.013333333333333334,12,19,0.8421052631578947,65.41666666666667,52.796875,0.050208333333333334,0.005763888888888889,0.017013888888888887,0.0125,0.009375,1,65.63949673744547,51.88009661487436,6.511680186293023,4.386356072484825,0.7390837379194498,89.10348261213258,-0.8067528674919578,0.8067528674919578,0.01180648184866073,-4,-0.029166666666666785,-420,0.02064224123418974,194.45454545454547,4.905722750266197,3.9071338383838383,0.08674827954301502
RHF_MPM_P27,161,0.00805,8.05,0,255,3.875347222222222,26.698732346446988,55805,218.84313725490196,0,186,255,0.5985732977551936,110,110,195,0.013541666666666667,12,20,0.8125,65.42564102564103,52.62051282051282,0.04972222222222222,0.005694444444444445,0.017430555555555557,0.012569444444444444,0.009375,1,65.61714900098558,51.862377923125166,6.555115377447614,4.29292837339845,0.7557177544151963,89.59630538127169,-0.9079480248342305,0.9079480248342305,0.010214138518053938,3,0.02270833333333311,327,0.028519701298993057,193.45454545454547,3.3128849378706535,3.887146464646465,0.06326124129987441
RHF_MPM_P27,162,0.0081,8.1,0,255,3.9725,27.022114284723664,57204,224.3294117647059,1,191,255,0.6177942331031139,109,109,202,0.014027777777777778,14,20,0.7214285714285714,65.4950495049505,52.54455445544554,0.051805555555555556,0.005902777777777778,0.017569444444444443,0.012708333333333334,0.009583333333333333,1,65.61481714565414,51.80770575484232,6.619637301480795,4.452943642747443,0.73992720181464,87.60451213218859,-0.8633366051447754,0.8633366051447754,0.01110062233410251,7,0.09715277777777809,1399,0.05472187436514672,194.1818181818182,4.130115160582017,3.886167929292929,0.061834063183315
RHF_MPM_P27,163,0.00815,8.15,0,255,4.103680555555556,27.402580227419776,59093,231.7372549019608,2,199,255,0.6452025987650122,110,110,206,0.014305555555555556,14,20,0.7357142857142858,65.48543689320388,52.54368932038835,0.054375,0.005902777777777778,0.018125,0.013125,0.01,1,65.6217995363241,51.67356539691672,6.780421797184809,4.445179014448184,0.7551167521443353,89.89124002073042,-0.8799118337424544,0.8799118337424544,0.011744199820621732,4,0.13118055555555586,1889,0.1343219617332727,195.1818181818182,5.356698131874995,3.901748737373738,0.0876832787608193
RHF_MPM_P27,164,0.0082,8.2,0,255,4.051527777777777,27.100914506900672,58342,228.7921568627451,3,192,255,0.64702479874305,110,110,199,0.013819444444444445,13,20,0.7653846153846153,65.49748743718592,52.49246231155779,0.05451388888888889,0.005833333333333334,0.017986111111111112,0.012916666666666667,0.00951388888888889,1,65.67003188097769,51.48375098556786,6.928993143674797,4.603779653765046,0.747357080618556,89.39485728772206,-0.9397115291358316,0.9397115291358316,0.01335230194371122,-7,-0.0521527777777786,-751,0.1958465466289804,195.8181818181818,5.356698131874995,3.9100315656565656,0.09667617382768427
RHF_MPM_P27,165,0.00825,8.25,0,255,4.151736111111111,27.469515245436195,59785,234.45098039215685,3,203,255,0.6615269926791113,108,108,215,0.014930555555555556,14,20,0.7678571428571429,65.52093023255814,52.651162790697676,0.05576388888888889,0.005902777777777778,0.018194444444444444,0.012986111111111111,0.010138888888888888,1,65.68299740737643,51.59514928493769,6.889289975975434,4.623962038760923,0.7412933105767339,88.73197492051622,-0.9173183861900395,0.9173183861900395,0.014100526888015389,16,0.10020833333333368,1443,0.11215028300136891,197.54545454545453,7.691360399395443,3.928686868686869,0.11911415403151641
RHF_MPM_P27,166,0.0083,8.3,0,255,4.106736111111111,27.37375688019308,59137,231.90980392156862,2,199,255,0.6381617298910303,110,110,205,0.01423611111111111,13,20,0.7884615384615384,65.54634146341463,52.50731707317073,0.05354166666666667,0.0059722222222222225,0.017986111111111112,0.012986111111111111,0.009930555555555555,1,65.62170891320154,51.633917851767926,6.776622282962089,4.408079074882104,0.7595206265290714,88.27131369080392,-0.8301935517258235,0.8301935517258235,0.012056749581480291,-10,-0.04499999999999993,-648,0.07252090245091963,199.0,7.446780878644507,3.953301767676768,0.12523095024094558
RHF_MPM_P27,167,0.00835,8.35,0,255,4.188819444444444,27.681935545599643,60319,236.54509803921567,2,206,255,0.6403458828216464,108,108,218,0.01513888888888889,14,20,0.7785714285714286,65.45412844036697,52.57798165137615,0.05340277777777778,0.0059722222222222225,0.01840277777777778,0.013402777777777777,0.010486111111111111,1,65.60249672574147,51.59535138181999,6.732898777370886,4.379570632583028,0.7595291534941245,88.80410788248395,-0.7321104553124311,0.7321104553124311,0.011654702498383594,13,0.08208333333333329,1182,0.04308689767488562,201.9090909090909,8.027844106093212,3.992954545454545,0.12446902293959983
RHF_MPM_P27,168,0.0084,8.4,0,255,4.164097222222222,27.60065825284875,59963,235.14901960784314,3,205,255,0.6426804160650141,108,108,216,0.015,14,20,0.7714285714285715,65.50925925925925,52.504629629629626,0.05395833333333333,0.0059722222222222225,0.018194444444444444,0.013194444444444444,0.010277777777777778,1,65.6216500175108,51.60805830261995,6.849868645827247,4.463244445045066,0.75857904376378,88.27482098447803,-0.8994500706870763,0.8994500706870763,0.011823958107499625,-2,-0.024722222222222534,-356,0.022985091294523155,203.8181818181818,8.632056342159432,4.017651515151516,0.12894442573822776
RHF_MPM_P27,169,0.00845,8.45,0,255,4.201527777777778,27.66732575317972,60502,237.2627450980392,3,206,255,0.668111120052406,109,109,214,0.014861111111111111,14,20,0.7642857142857142,65.55140186915888,52.495327102803735,0.05652777777777778,0.0059722222222222225,0.018680555555555554,0.01361111111111111,0.010416666666666666,1,65.70197679415557,51.557799742157286,6.83244714961104,4.695621391612269,0.7264179196471108,86.81135518312387,-0.8154950770549386,0.8154950770549386,0.014759842649829758,-2,0.037430555555555856,539,0.09475396533083888,205.27272727272728,8.873770430481766,4.0500378787878795,0.12629454994155243
RHF_MPM_P27,170,0.0085,8.5,0,255,4.189027777777778,27.5596795185629,60322,236.55686274509804,3,202,255,0.6634935592419883,108,108,216,0.015,14,21,0.7346938775510204,65.56018518518519,52.416666666666664,0.05590277777777778,0.0059722222222222225,0.01861111111111111,0.01326388888888889,0.010277777777777778,1,65.69087563409701,51.46228573323166,6.8710799128765165,4.4836956339725464,0.7577491226400589,89.08848526965338,-0.8011337311813884,0.8011337311813884,0.01357713603660356,2,-0.012500000000000178,-180,0.09615696363597552,207.0909090909091,8.836438458343903,4.077967171717171,0.11980629244234091
RHF_MPM_P27,171,0.00855,8.55,0,255,4.194652777777778,27.58536421056348,60403,236.87450980392157,3,203,255,0.6550157766199101,108,108,216,0.015,14,21,0.7346938775510204,65.55555555555556,52.375,0.05486111111111111,0.005902777777777778,0.018541666666666668,0.013402777777777777,0.010347222222222223,1,65.6638246444713,51.466317898117644,6.91590556923672,4.358136349059671,0.7764642170916872,88.37067848161617,-0.7540828009535011,0.7540828009535011,0.013310597155770409,0,0.005625000000000213,81,0.027349851798462443,209.27272727272728,7.7352899586118715,4.1090593434343425,0.10004442915433041
RHF_MPM_P27,172,0.0086,8.6,0,255,4.146319444444444,27.347103626001946,59707,234.1450980392157,3,198,255,0.6431749185780646,106,106,216,0.015,14,21,0.7346938775510204,65.59722222222223,52.38425925925926,0.05368055555555556,0.005902777777777778,0.018680555555555554,0.012986111111111111,0.009930555555555555,1,65.67375684593097,51.41345235901988,6.927356950354951,4.375525263390642,0.7752701227545205,86.82693163122664,-0.7193724397003812,0.7193724397003812,0.01177416383338637,0,-0.04833333333333378,-696,0.053790462443938515,211.1818181818182,6.464141394411338,4.133693181818182,0.06754772013517289
RHF_MPM_P27,173,0.00865,8.65,0,255,4.145763888888889,27.40563486462484,59699,234.1137254901961,3,199,255,0.6481487340954867,109,109,209,0.014513888888888889,13,21,0.7655677655677655,65.68899521531101,52.47846889952153,0.05423611111111111,0.005833333333333334,0.018333333333333333,0.01326388888888889,0.01,1,65.71302701887804,51.55334260205363,6.925145923495044,4.392505878595366,0.7731005278734674,86.62669341178042,-0.7702183488112592,0.7702183488112592,0.01308229618586576,-7,-0.0005555555555547542,-8,0.1452977170479139,211.8181818181818,5.843694065450254,4.149444444444445,0.044336496906188454
RHF_MPM_P27,174,0.0087,8.7,0,255,4.186875,27.535343600159045,60291,236.43529411764706,3,202,255,0.6475926697059546,108,108,215,0.014930555555555556,13,21,0.7875457875457875,65.66046511627907,52.325581395348834,0.05402777777777778,0.005902777777777778,0.018541666666666668,0.013333333333333334,0.010069444444444445,1,65.66288500771259,51.40518485346072,7.065786808461632,4.283506384028608,0.7952878145846299,86.94535680419008,-0.7922331450881567,0.7922331450881567,0.011262045744804366,6,0.04111111111111043,592,0.15641272247434787,212.63636363636363,5.596634171498685,4.157007575757576,0.042959258703761403
RHF_MPM_P27,175,0.00875,8.75,0,255,4.052291666666667,27.08680186042719,58353,228.83529411764707,1,194,255,0.6284437480777518,109,109,204,0.014166666666666666,13,20,0.7846153846153846,65.61764705882354,52.794117647058826,0.052222222222222225,0.005902777777777778,0.017847222222222223,0.012847222222222222,0.009930555555555555,1,65.66478158792178,51.68063338645828,6.876839620059409,4.328464664157029,0.7770600746541578,86.00077753139901,-0.7960358024492352,0.7960358024492352,0.013572566963138142,-11,-0.1345833333333326,-1938,0.27545506230055133,213.0909090909091,4.58167387940151,4.157077020202021,0.04278897243150025
RHF_MPM_P27,176,0.0088,8.8,0,255,4.090972222222222,27.29117280264212,58910,231.01960784313727,2,202,255,0.6456662206705311,108,108,208,0.014444444444444444,14,20,0.7428571428571429,65.625,52.71634615384615,0.05402777777777778,0.005833333333333334,0.018055555555555554,0.012986111111111111,0.010138888888888888,1,65.70305550840264,51.75029706331692,6.7964982736896475,4.383015699931807,0.7642726781360725,87.87045194405418,-0.8261758654111292,0.8261758654111292,0.013613987438465456,4,0.03868055555555472,557,0.07948534998627199,212.45454545454547,4.755162483862553,4.15155303030303,0.04685132934639451
RHF_MPM_P27,177,0.00885,8.85,0,255,4.162916666666667,27.615565002040874,59946,235.08235294117648,2,208,255,0.6313279254873656,109,109,213,0.014791666666666667,14,20,0.7607142857142857,65.64319248826291,52.563380281690144,0.052569444444444446,0.0059722222222222225,0.018472222222222223,0.013541666666666667,0.010347222222222223,1,65.74860707970507,51.76253628265439,6.601511884435197,4.236935544472133,0.7668612587721442,85.24622766445083,-0.46588999055637587,0.46588999055637587,0.01362893270610216,5,0.07194444444444503,1036,0.04716719345170505,213.1818181818182,4.130115160582017,4.1566603535353535,0.044700174298748896
RHF_MPM_P27,178,0.0089,8.9,0,11,0.019791666666666666,0.3473470261816304,285,25.90909090909091,0,0,6,0.05852729505831645,3,8,11,0.0007638888888888889,93,107,0.0011054165410511506,90.0909090909091,71.18181818181819,0.004791666666666666,0.0,0.0,0.0,0.0,0,85.56491228070175,66.27719298245614,30.3648618847718,28.566332302821085,0.33904715425082904,60.399746661819066,0.11979352058912948,0.11979352058912948,0.0,-202,-4.143125,-59661,24.56341203766586,194.36363636363637,58.111605361459,3.777657828282828,1.1891385511081147
RHF_MPM_P27,179,0.00895,8.95,0,255,3.159097222222222,21.976784639111365,45491,178.39607843137256,4,97,255,0.6836475242039437,98,98,144,0.01,15,12,0.8,67.8125,56.708333333333336,0.0575,0.002777777777777778,0.01361111111111111,0.008611111111111111,0.006111111111111111,1,69.84221054714119,57.527225165417335,7.321700419936002,5.366723036342787,0.6802409081095435,-160.3176887081643,-0.37676847102073274,0.37676847102073274,0.0213009166648348,133,3.139305555555555,45206,17.993479002175288,187.8181818181818,59.34769380802069,3.6862941919191923,1.1945336402539901
RHF_MPM_P27,180,0.009,9.0,0,255,4.927847222222222,24.90634963839527,70961,278.278431372549,27,125,255,1.0968768971174863,92,92,212,0.014722222222222222,34,12,0.5196078431372549,73.06603773584905,57.24528301886792,0.0975,0.003958333333333334,0.01986111111111111,0.009791666666666667,0.007013888888888889,1,80.62005890559603,58.528050619354296,16.008277065743137,5.295567474998829,0.9437002405639132,-170.88461936457483,-0.5957038022690079,0.5957038022690079,0.010935584335057286,68,1.7687499999999998,25470,10.824216684226885,187.63636363636363,59.27021745941169,3.752323232323232,1.240382891683686
RHF_MPM_P27,181,0.00905,9.05,0,255,3.584236111111111,23.270704373855178,51613,202.40392156862745,12,114,255,0.7802508993725654,108,108,148,0.010277777777777778,17,12,0.7254901960784313,68.43243243243244,56.66891891891892,0.06777777777777778,0.00375,0.012847222222222222,0.009166666666666667,0.006944444444444444,1,76.04618991339392,57.34163873442737,16.08292347635121,4.214163207124005,0.9650604918609766,-173.90293396270934,-1.4748955193227735,1.4748955193227735,0.017805591614515722,-64,-1.3436111111111106,-19348,4.725235519899912,181.45454545454547,59.53511360588906,3.6973421717171715,1.2331901435196841
RHF_MPM_P27,182,0.0091,9.1,0,255,4.0027083333333335,27.094647501314466,57639,226.03529411764706,2,198,255,0.62384124943514,107,107,209,0.014513888888888889,22,12,0.7916666666666666,70.35885167464114,56.430622009569376,0.052083333333333336,0.005625,0.017986111111111112,0.013333333333333334,0.01,1,71.01646454657437,56.42316834088031,7.4909888053230524,4.229307868650738,0.8253742053222235,179.53024262379878,-1.5888223109463353,1.5888223109463353,0.011207689238189421,61,0.41847222222222236,6026,5.112897918935066,180.8181818181818,59.19892225956664,3.6798926767676763,1.2273740835606943
RHF_MPM_P27,183,0.00915,9.15,0,255,4.523402777777778,28.741523041662848,65137,255.4392156862745,4,218,255,0.6604030015566648,107,107,240,0.016666666666666666,26,12,0.7692307692307693,71.65833333333333,56.333333333333336,0.05472222222222222,0.006111111111111111,0.02034722222222222,0.015347222222222222,0.011041666666666667,1,72.10692847383207,56.23576461918725,7.719143983421982,4.046653045184081,0.8515730342243826,175.8919875421444,-0.4645744091270709,0.4645744091270709,0.007983173925725779,31,0.5206944444444446,7498,1.1064500583192625,183.0,60.87393829576302,3.7141729797979792,1.2450610565870883
RHF_MPM_P27,184,0.0092,9.2,0,255,5.152777777777778,30.059831411805572,74200,290.98039215686276,10,221,255,0.7227956004703575,102,102,282,0.019583333333333335,33,13,0.6573426573426573,73.59219858156028,56.333333333333336,0.059305555555555556,0.006458333333333333,0.024930555555555556,0.016805555555555556,0.01138888888888889,1,73.82405660377358,56.33376010781671,9.081992247648925,3.958779892942167,0.8999983334152681,177.43926993100374,-0.603012531759426,0.603012531759426,0.003557951482479784,42,0.6293749999999996,9063,1.7199221291756694,189.63636363636363,67.01597194600528,3.8057196969696965,1.3088187462959873
RHF_MPM_P27,185,0.00925,9.25,0,255,5.3353472222222225,31.007926415255195,76829,301.2901960784314,11,234,255,0.7442197220682891,105,105,290,0.02013888888888889,31,14,0.6682027649769585,73.37241379310345,56.320689655172416,0.06201388888888889,0.006875,0.024930555555555556,0.017777777777777778,0.012638888888888889,1,73.72309935050566,56.27030157883091,8.6888220877125,4.248344893356008,0.8723153386234935,177.18774963908135,-0.5342290078510149,0.5342290078510149,0.004854937588670945,8,0.18256944444444478,2629,0.11924492395252981,196.45454545454547,72.81403915125614,3.9101262626262634,1.3789866034592762
RHF_MPM_P27,186,0.0093,9.3,0,255,5.660347222222223,31.824165082728722,81509,319.64313725490194,14,243,255,0.8035433105018909,107,107,290,0.02013888888888889,29,14,0.7142857142857143,72.62758620689655,56.37241379310345,0.06791666666666667,0.007916666666666667,0.025902777777777778,0.018680555555555554,0.013541666666666667,1,73.80690475898368,56.268951894882775,8.931170549686772,4.380878679441415,0.8714323980356524,177.84870080385303,-0.5957051237157586,0.5957051237157586,0.0071893901286974446,0,0.3250000000000002,4680,0.08381627608601226,204.27272727272728,77.66020498309626,4.056313131313131,1.4686304806823973
RHF_MPM_P27,187,0.00935,9.35,0,255,6.3595138888888885,33.72728638633589,91577,359.12549019607843,18,252,255,0.8800703862683082,107,107,330,0.022916666666666665,31,16,0.6653225806451613,73.66969696969697,56.25757575757576,0.075,0.008888888888888889,0.029375,0.020625,0.015208333333333334,1,75.01423938325125,56.24942944189043,9.5053543022155,4.551415700937581,0.8779095430944542,177.68314078749447,-0.6414199022779656,0.6414199022779656,0.007316247529401488,40,0.6991666666666658,10068,1.2074924517884833,215.36363636363637,85.69636963486283,4.262544191919193,1.6113607772724463
RHF_MPM_P27,188,0.0094,9.4,0,255,6.173541666666667,32.623312343934835,88899,348.6235294117647,19,246,255,0.91595095623554,106,106,310,0.021527777777777778,27,14,0.8201058201058201,73.12903225806451,56.354838709677416,0.07833333333333334,0.008194444444444445,0.028819444444444446,0.019166666666666665,0.014027777777777778,1,75.30381669085142,56.230013835926165,10.119689985277804,4.504531205890801,0.8954682377321515,178.18827132584696,-0.6932511109361297,0.6932511109361297,0.01123747173758985,-20,-0.18597222222222154,-2678,0.29022746739742317,224.1818181818182,89.88762497678388,4.4453282828282825,1.7012240123396685
RHF_MPM_P27,189,0.00945,9.45,0,255,6.246180555555555,32.71982525287246,89945,352.72549019607845,20,247,255,0.952318089687544,106,106,314,0.021805555555555557,28,14,0.8010204081632653,73.30891719745223,56.20700636942675,0.08236111111111111,0.008125,0.02861111111111111,0.019444444444444445,0.014097222222222223,1,75.57601867808106,56.14764578353438,10.337753603100223,4.4436522913336,0.9029017462520906,177.0407632489546,-0.8707366862370162,0.8707366862370162,0.015131469231196843,4,0.07263888888888825,1046,0.2843913112360832,251.72727272727272,62.63326288670191,5.011363636363637,1.0431217515010518
RHF_MPM_P27,190,0.0095,9.5,0,255,6.136388888888889,32.07315220734363,88364,346.5254901960784,20,242,255,0.9857565597604936,106,106,296,0.020555555555555556,28,14,0.7551020408163265,72.93243243243244,56.16554054054054,0.08611111111111111,0.007847222222222222,0.02763888888888889,0.018680555555555554,0.013472222222222222,1,75.84637408899552,56.07421574396813,10.860432037773098,4.439233046343439,0.9126450953574033,176.415300108919,-0.9208776256465298,0.9208776256465298,0.017733466117423387,-18,-0.10979166666666629,-1581,0.28014999361311466,265.54545454545456,53.43366939293416,5.2820265151515144,0.9044376198084688
RHF_MPM_P27,191,0.00955,9.55,0,255,5.976041666666666,31.58563616755843,86055,337.47058823529414,20,240,255,1.0021431133163348,107,107,288,0.02,28,14,0.7346938775510204,72.69444444444444,56.30555555555556,0.08854166666666667,0.007638888888888889,0.026180555555555554,0.017916666666666668,0.013125,1,75.84020684445994,56.07972808087851,11.16298166865794,4.500385413972568,0.9151327538893349,175.95058795153264,-1.0724724835208561,1.0724724835208561,0.02168380686770089,-8,-0.16034722222222264,-2309,0.00827168443396522,272.45454545454544,50.917694078266486,5.3773169191919195,0.9172296567897753
RHF_MPM_P27,192,0.0096,9.6,0,255,5.896041666666667,31.251677037639602,84903,332.9529411764706,20,241,255,1.0066349722527739,106,106,280,0.019444444444444445,27,14,0.7407407407407407,72.43214285714286,56.364285714285714,0.08909722222222222,0.007569444444444445,0.025416666666666667,0.0175,0.012708333333333334,1,75.8720304347314,56.10157473823069,11.439483308145133,4.5413571215135615,0.917823061868814,176.30076163645188,-1.135662523027404,1.135662523027404,0.02287316113682673,-8,-0.07999999999999918,-1152,0.038600742677169946,284.45454545454544,32.337323317473924,5.587481060606061,0.7275419779127289
RHF_MPM_P27,193,0.00965,9.65,0,255,5.633055555555556,30.58460381733888,81116,318.10196078431375,19,237,255,0.9780890136567805,107,107,265,0.01840277777777778,25,14,0.7571428571428571,72.2566037735849,56.32830188679245,0.08659722222222223,0.007291666666666667,0.023958333333333335,0.01673611111111111,0.012291666666666666,1,75.6971620888604,56.09736673405987,11.540324771339765,4.408223354811597,0.9241687957788979,176.80339666319043,-1.1906199458662623,1.1906199458662623,0.02453276788796292,-15,-0.26298611111111114,-3787,0.17491896891636133,289.54545454545456,23.164877945888986,5.735694444444444,0.5284130430502794
RHF_MPM_P27,194,0.0097,9.7,0,255,5.428888888888889,30.088193492702764,78176,306.57254901960783,17,230,255,0.9500184873549682,107,107,259,0.017986111111111112,26,14,0.7115384615384616,72.16988416988417,56.32818532818533,0.08430555555555555,0.007083333333333333,0.023125,0.016041666666666666,0.01173611111111111,1,75.48594197707736,56.1337366966844,11.474490678890286,4.268747995299419,0.9282244354737346,176.64101015219478,-1.2138904080084758,1.2138904080084758,0.026529881293491608,-6,-0.2041666666666666,-2940,0.21432850907648254,291.27272727272725,19.881882612025127,5.818011363636365,0.3839229943544303
RHF_MPM_P27,195,0.00975,9.75,0,255,5.2740277777777775,29.72038522068473,75946,297.82745098039214,16,229,255,0.9226493492623056,108,108,250,0.017361111111111112,26,14,0.6868131868131868,71.832,56.34,0.08152777777777778,0.007013888888888889,0.0225,0.015555555555555555,0.011666666666666667,1,75.19635003818503,56.11995365127854,11.463058696379056,4.2092025849723065,0.9301431322849726,176.64438882543774,-1.2563432802507823,1.2563432802507823,0.025847312564190345,-9,-0.15486111111111178,-2230,0.2899197534009684,288.3636363636364,23.105578733177005,5.829034090909091,0.3659870134037627
RHF_MPM_P27,196,0.0098,9.8,0,255,5.124583333333334,29.433779839832365,73794,289.38823529411764,16,229,255,0.897353928690199,110,110,236,0.01638888888888889,25,13,0.7261538461538461,71.52966101694915,56.20338983050848,0.0792361111111111,0.007013888888888889,0.021666666666666667,0.015208333333333334,0.011527777777777777,1,74.84108464102772,56.13132503997615,11.190915792522459,4.0539935683004815,0.9320780430877955,176.5579305462,-1.3704946773140785,1.3704946773140785,0.02653332249234355,-14,-0.14944444444444382,-2152,0.35544733913514354,283.45454545454544,27.546204610249887,5.809873737373738,0.3956464524494153
RHF_MPM_P27,197,0.00985,9.85,0,255,4.932430555555555,29.005190214342285,71027,278.5372549019608,15,221,255,0.8734012377971729,109,109,231,0.016041666666666666,24,14,0.6875,71.16883116883118,56.25974025974026,0.07708333333333334,0.006805555555555555,0.020763888888888887,0.014861111111111111,0.01125,1,74.39984794514761,56.15365987582187,10.998887527378931,4.2250902851249785,0.9232757025564227,176.50821235734745,-1.4257407690308064,1.4257407690308064,0.02645472848353443,-5,-0.19215277777777828,-2767,0.4418016146229547,278.09090909090907,31.245231041071168,5.743699494949495,0.4691652445194641
RHF_MPM_P27,198,0.0099,9.9,0,255,4.739027777777777,28.575345417360232,68242,267.6156862745098,14,216,255,0.8420275614580804,110,110,223,0.015486111111111112,23,14,0.6925465838509317,70.81614349775785,56.28251121076233,0.074375,0.006805555555555555,0.019930555555555556,0.014444444444444444,0.010902777777777779,1,73.83737287887224,56.15338061604291,10.623050195826432,4.240097724946815,0.9168894416436545,176.76118440166783,-1.4948824925213404,1.4948824925213404,0.02743178687611735,-8,-0.19340277777777803,-2785,0.5624751355993474,268.3636363636364,30.20918802818629,5.596382575757576,0.5056669010807534
RHF_MPM_P27,199,0.00995,9.95,0,255,4.580625,28.28823419822841,65961,258.67058823529413,13,213,255,0.801887612874017,111,111,216,0.015,22,14,0.7012987012987013,70.5,56.30555555555556,0.07048611111111111,0.006736111111111111,0.019444444444444445,0.014166666666666666,0.010763888888888889,1,73.29796394839374,56.2022103970528,10.119923890045124,4.137148098970077,0.9126185431810862,176.72316004820271,-1.60046363096165,1.60046363096165,0.026500507875866042,-7,-0.158402777777777,-2281,0.5416145694065427,259.8181818181818,30.51621977607134,5.45157196969697,0.5461159360695721
RHF_MPM_P27,200,0.01,10.0,0,255,4.518194444444444,28.17277452644214,65062,255.1450980392157,12,213,255,0.7911493460528733,106,106,219,0.015208333333333334,23,14,0.6801242236024845,70.65296803652969,56.38356164383562,0.069375,0.006527777777777778,0.019444444444444445,0.013888888888888888,0.010694444444444444,1,72.98333896898343,56.268835879622515,9.676489969936664,4.272512942653867,0.8972438263194142,176.49033841038033,-1.5456527797245374,1.5456527797245374,0.024115459100550244,3,-0.06243055555555621,-899,0.32160197853338196,251.1818181818182,27.225717059822088,5.294482323232324,0.5434745828761685
RHF_MPM_P27,201,0.01005,10.05,0,255,4.464930555555555,28.254709894903847,64295,252.13725490196077,10,216,255,0.750827957215648,110,110,218,0.01513888888888889,23,14,0.6770186335403726,70.68348623853211,56.3394495412844,0.06513888888888889,0.006597222222222222,0.019166666666666665,0.014097222222222223,0.010694444444444444,1,72.56707364491795,56.28698965704954,9.06808725564591,4.183376975301394,0.8872288371295082,177.3508672548132,-1.3967418430998386,1.3967418430998386,0.021292479975114707,-1,-0.053263888888889,-767,0.4166609888796971,244.0909090909091,24.666703893948533,5.142531565656566,0.5199983351818089
RHF_MPM_P27,202,0.0101,10.1,0,255,4.408680555555556,28.10231543807891,63485,248.9607843137255,10,211,255,0.7362123296316047,111,111,213,0.014791666666666667,22,13,0.7447552447552448,70.50234741784037,56.27230046948357,0.06375,0.006527777777777778,0.019166666666666665,0.013819444444444445,0.010833333333333334,1,72.37287548239742,56.298668976923686,8.656818626381693,4.099981140846075,0.8807331052837326,176.46514290086128,-1.362947317302387,1.362947317302387,0.019957470268567378,-5,-0.05624999999999947,-810,0.1945490499567528,237.27272727272728,21.784443611693973,5.000044191919192,0.4856906986803314
RHF_MPM_P27,203,0.01015,10.15,0,255,4.352708333333333,27.971450716130732,62679,245.8,8,211,255,0.7195043657230691,111,111,211,0.014652777777777778,22,13,0.7377622377622378,70.43127962085308,56.308056872037916,0.06215277777777778,0.006527777777777778,0.01888888888888889,0.013958333333333333,0.010555555555555556,1,72.068140844621,56.293431611863625,8.365682457719165,4.216843940875653,0.8636659841390504,177.87057722005326,-1.0309048425692888,1.0309048425692888,0.019639751750985177,-2,-0.055972222222222534,-806,0.30477964081201064,231.0,18.2208671582886,4.859741161616162,0.4258198400789372
RHF_MPM_P27,204,0.0102,10.2,0,255,4.322291666666667,27.959051461685046,62241,244.08235294117648,7,213,255,0.7070301055225938,111,111,210,0.014583333333333334,22,14,0.6818181818181818,70.35714285714286,56.49047619047619,0.06069444444444445,0.006458333333333333,0.01875,0.013888888888888888,0.010555555555555556,1,71.902941790781,56.41059751610675,8.169831190307608,4.234044808696134,0.8552269625690391,178.50511641972116,-0.987986675508233,0.987986675508233,0.018717565591812473,-1,-0.030416666666666536,-438,0.20253043353219638,226.0,15.556349186104045,4.740580808080808,0.3728506424829712
RHF_MPM_P27,205,0.01025,10.25,0,255,4.255694444444444,27.752307878324327,61282,240.32156862745097,6,206,255,0.6752608406322985,111,111,209,0.014513888888888889,22,13,0.7307692307692307,70.34928229665071,56.49760765550239,0.057430555555555554,0.006319444444444444,0.018541666666666668,0.01361111111111111,0.010416666666666666,1,71.80805130380863,56.46276231193499,7.899171258316366,4.0354071658969906,0.8596611742476626,178.51489252860563,-1.1036085853033675,1.1036085853033675,0.018488299990209196,-1,-0.06659722222222264,-959,0.108283749665665,221.45454545454547,12.190634530160185,4.633926767676768,0.3254946531406715
RHF_MPM_P27,206,0.0103,10.3,0,255,4.220555555555555,27.6381850329138,60776,238.3372549019608,6,206,255,0.6896645589243945,110,110,207,0.014375,21,13,0.7582417582417582,70.17874396135265,56.31884057971015,0.058888888888888886,0.006319444444444444,0.018194444444444444,0.013680555555555555,0.010277777777777778,1,71.71345596946163,56.32652691852047,7.846444377970009,4.243472085674591,0.8411417907742372,177.40992959280067,-1.0177115734909985,1.0177115734909985,0.019070027642490456,-2,-0.03513888888888861,-506,0.16585644304345554,217.54545454545453,8.845786221941921,4.538156565656565,0.2739724056755551
RHF_MPM_P27,207,0.01035,10.35,0,255,4.206736111111111,27.656252491019632,60577,237.55686274509804,5,203,255,0.6684932608877469,110,110,210,0.014583333333333334,22,13,0.7342657342657343,70.28571428571429,56.22380952380952,0.056805555555555554,0.0061805555555555555,0.01826388888888889,0.01375,0.010416666666666666,1,71.57746339369727,56.268022516796805,7.769946645224716,4.017320988707875,0.8559652964905432,177.22906219205638,-1.0443740618103052,1.0443740618103052,0.019941561978968916,3,-0.013819444444444606,-199,0.14804305348131003,215.1818181818182,6.846607412277357,4.454715909090909,0.2163807794317204
RHF_MPM_P27,208,0.0104,10.4,0,255,4.113888888888889,27.326718231814585,59240,232.31372549019608,4,197,255,0.6619979514139414,109,109,206,0.014305555555555556,21,13,0.7545787545787546,70.05339805825243,56.140776699029125,0.05611111111111111,0.0061805555555555555,0.018125,0.013333333333333334,0.009930555555555555,1,71.46686360567185,56.11505739365294,7.76137220508319,4.157951581419152,0.8443932980525567,176.4169639075629,-0.8947452902304177,0.8947452902304177,0.019142471303173533,-4,-0.09284722222222186,-1337,0.18876080633883377,212.9090909090909,5.160242162297591,4.38030303030303,0.17634387666527587
RHF_MPM_P27,209,0.01045,10.45,0,255,4.049861111111111,27.13137559445478,58318,228.69803921568626,4,194,255,0.6552436537807729,108,108,201,0.013958333333333333,21,13,0.7362637362637363,70.0,56.21890547263681,0.05555555555555555,0.006111111111111111,0.017638888888888888,0.013194444444444444,0.00986111111111111,1,71.35342432868069,56.10816557495113,7.756931419455344,4.2183678476998,0.8392024383753627,176.06421347202402,-0.7836801369189885,0.7836801369189885,0.019119311361843683,-5,-0.06402777777777757,-922,0.11364843478594593,210.9090909090909,5.124886614347419,4.317651515151515,0.15937373824400358
RHF_MPM_P27,210,0.0105,10.5,0,255,4.027986111111111,27.013052042789866,58003,227.46274509803922,4,193,255,0.6537536210116032,109,109,199,0.013819444444444445,21,13,0.7289377289377289,69.88442211055276,56.25125628140704,0.05555555555555555,0.0059722222222222225,0.017708333333333333,0.012916666666666667,0.009791666666666667,1,71.40278951088737,56.16606037618744,7.658329766929514,3.9794446364089677,0.8543956288843699,175.20084913409266,-1.1507095113863195,1.1507095113863195,0.019740358257331517,-2,-0.021875000000000533,-315,0.07608369880921206,209.36363636363637,5.866278474509701,4.267411616161616,0.15561793057164547
RHF_MPM_P27,211,0.01055,10.55,0,255,3.9430555555555555,26.730277393855626,56780,222.66666666666666,3,189,255,0.6358397539320484,111,111,194,0.013472222222222222,20,13,0.7461538461538462,69.62886597938144,56.2319587628866,0.05361111111111111,0.005833333333333334,0.017291666666666667,0.012638888888888889,0.00951388888888889,1,71.17252553716098,56.108259950686865,7.595679684054809,4.097311124217154,0.8420326717284716,174.3361158985899,-1.0091927791806354,1.0091927791806354,0.02071151814019021,-5,-0.08493055555555529,-1223,0.23740763842875207,207.0909090909091,6.501112428647682,4.215126262626263,0.15915396502708776
RHF_MPM_P27,212,0.0106,10.6,0,255,3.8847222222222224,26.559807561437967,55940,219.37254901960785,2,186,255,0.635226094735959,109,109,194,0.013472222222222222,20,13,0.7461538461538462,69.75773195876289,56.24742268041237,0.05361111111111111,0.005694444444444445,0.017013888888888887,0.012638888888888889,0.009444444444444445,1,71.15981408652128,56.10555952806578,7.560881175986504,4.186566177050985,0.8327068782249794,175.43435590183083,-1.02137203750471,1.02137203750471,0.020414730067929925,0,-0.058333333333333126,-840,0.012995124458733059,204.9090909090909,6.501112428647682,4.16238005050505,0.16370446868649227
RHF_MPM_P27,213,0.01065,10.65,0,255,3.951388888888889,26.848145461794086,56900,223.13725490196077,2,192,255,0.6265658442093199,109,109,197,0.013680555555555555,20,13,0.7576923076923077,69.70558375634518,56.23857868020305,0.052708333333333336,0.005902777777777778,0.017430555555555557,0.012638888888888889,0.009791666666666667,1,71.1272934973638,56.20857644991213,7.465091801853738,3.9948328613460253,0.84476647314237,176.4154777472629,-1.0461581090712002,1.0461581090712002,0.01961335676625659,3,0.06666666666666643,960,0.10802812090306081,203.45454545454547,6.315401611984875,4.1208080808080805,0.15363282672713058
RHF_MPM_P27,214,0.0107,10.7,0,255,3.9252083333333334,26.713449132224213,56523,221.65882352941176,3,191,255,0.6359810569018094,110,110,194,0.013472222222222222,20,13,0.7461538461538462,69.66494845360825,56.25773195876289,0.05368055555555556,0.005694444444444445,0.017083333333333332,0.012708333333333334,0.009583333333333333,1,71.12679794066132,56.189197317905986,7.424681262918486,4.109793394089259,0.8328283805622793,175.46611989376126,-1.1303245574307934,1.1303245574307934,0.01912495798170656,-3,-0.02618055555555543,-377,0.019385467076057455,201.9090909090909,6.359739066324619,4.081944444444444,0.14381200780416212
RHF_MPM_P27,215,0.01075,10.75,0,255,4.029930555555556,27.092226873028025,58031,227.57254901960783,4,196,255,0.6559485977328825,109,109,200,0.013888888888888888,20,13,0.7692307692307693,69.815,56.18,0.05576388888888889,0.0060416666666666665,0.017638888888888888,0.013125,0.009722222222222222,1,71.20647584911512,56.134014578414984,7.461140009573147,4.162150111047577,0.8299460115950356,176.26410256711924,-0.9948598968134844,0.9948598968134844,0.019834226534093845,6,0.10472222222222216,1508,0.09692112170886395,201.0,5.830951894845301,4.055366161616161,0.12235159120844155
RHF_MPM_P27,216,0.0108,10.8,0,255,4.001041666666667,26.905865975934148,57615,225.94117647058823,4,191,255,0.6570188789170649,106,106,201,0.013958333333333333,20,13,0.7730769230769231,69.86069651741293,56.16417910447761,0.05583333333333333,0.005902777777777778,0.0175,0.012847222222222222,0.009652777777777777,1,71.24306170268159,56.08211403280396,7.58408261657086,4.122504244986935,0.8393617511466664,176.79646899845773,-0.8506877101809757,0.8506877101809757,0.020446064392953225,1,-0.028888888888888964,-416,0.06349953791886205,200.27272727272728,5.258601768719844,4.032215909090908,0.10513778160213058
RHF_MPM_P27,217,0.01085,10.85,0,255,3.96875,26.874786740109936,57150,224.11764705882354,2,190,255,0.6395956523136425,111,111,196,0.01361111111111111,20,13,0.7538461538461538,69.73979591836735,56.076530612244895,0.05409722222222222,0.005763888888888889,0.017291666666666667,0.013055555555555556,0.009652777777777777,1,71.17312335958005,56.08626421697288,7.387865914852012,4.074641877037021,0.8341539661187393,175.51771619210183,-0.9599396241919177,0.9599396241919177,0.018985126859142606,-5,-0.03229166666666661,-465,0.07006137212776217,199.27272727272728,4.919181548534066,4.009324494949495,0.08758652773808975
RHF_MPM_P27,218,0.0109,10.9,0,255,3.9278472222222223,26.744495842426115,56561,221.8078431372549,3,190,255,0.634514418385433,110,110,197,0.013680555555555555,20,13,0.7576923076923077,69.751269035533,56.10659898477157,0.05347222222222222,0.005763888888888889,0.017083333333333332,0.012708333333333334,0.009583333333333333,1,71.05385336185711,56.05219143933099,7.358006358306235,4.120381361938134,0.8285019951689855,174.98144904027794,-0.9215038353989209,0.9215038353989209,0.019218189211647602,1,-0.04090277777777773,-589,0.124041471021039,198.0909090909091,3.5790944881871862,3.9839709595959594,0.06394726429911352
RHF_MPM_P27,219,0.01095,10.95,0,255,3.944236111111111,26.894622321816314,56797,222.73333333333332,2,191,255,0.6267731670983414,106,106,200,0.013888888888888888,20,13,0.7692307692307693,69.89,56.135,0.05277777777777778,0.005763888888888889,0.017222222222222222,0.012777777777777779,0.009791666666666667,1,71.0722397309717,56.061675792735535,7.202879522228725,4.0498841693584815,0.8269611629792986,174.0492267423357,-1.0401756388919543,1.0401756388919543,0.019208761026110535,3,0.016388888888888786,236,0.0206884394945685,197.54545454545453,2.6752616308294837,3.9685479797979792,0.049603351419729436
RHF_MPM_P27,220,0.011,11.0,0,255,3.8706944444444447,26.5393225456946,55738,218.58039215686276,2,183,255,0.6194086285551192,108,108,195,0.013541666666666667,20,13,0.75,69.83076923076923,56.12820512820513,0.051944444444444446,0.005555555555555556,0.017430555555555557,0.012777777777777779,0.009375,1,71.05019914600452,56.055025296924896,7.29058233980808,3.980830378112645,0.8377697618645321,174.87450902160737,-1.0342170674958902,1.0342170674958902,0.019107251785137606,-5,-0.0735416666666664,-1059,0.023022086791233527,197.0,2.522624895547565,3.952260101010101,0.049644794014812636
RHF_MPM_P27,221,0.01105,11.05,0,255,3.8734722222222224,26.543556272857252,55778,218.7372549019608,1,185,255,0.6120848198389921,110,110,193,0.013402777777777777,20,13,0.7423076923076923,69.6839378238342,56.17616580310881,0.05125,0.005694444444444445,0.017430555555555557,0.012569444444444444,0.009444444444444445,1,71.03133852056366,56.03714726236151,7.374351761559284,4.097824180793037,0.8313922342231128,175.94972957911352,-0.9024252915047076,0.9024252915047076,0.01756965111692782,-2,0.002777777777777768,40,0.02598744527401236,196.45454545454547,2.675261630829484,3.938213383838384,0.04806562714593814
RHF_MPM_P27,222,0.0111,11.1,0,255,3.765347222222222,26.13251766938172,54221,212.6313725490196,0,176,255,0.6002342083905432,109,109,190,0.013194444444444444,20,13,0.7307692307692307,69.66315789473684,56.17368421052632,0.05,0.005416666666666667,0.01673611111111111,0.012083333333333333,0.009236111111111112,1,70.97880894856236,56.07124545840173,7.410164524316643,3.9933414414408417,0.8423694203298235,177.35837283887656,-0.9419589806211452,0.9419589806211452,0.017852861437450435,-3,-0.10812500000000025,-1557,0.06262621581923554,196.0909090909091,3.2038200339465632,3.922058080808081,0.06902020841833345
RHF_MPM_P27,223,0.01115,11.15,0,255,3.7510416666666666,26.095711232849425,54015,211.8235294117647,0,179,255,0.5902625383818567,110,110,187,0.012986111111111111,20,13,0.7192307692307692,69.57219251336899,56.06951871657754,0.04902777777777778,0.005347222222222222,0.01673611111111111,0.012083333333333333,0.009097222222222222,1,70.87146163102842,55.99787096176988,7.331055757049861,3.8838231609324985,0.8481371094586572,175.5790500190652,-0.9104124032627608,0.9104124032627608,0.01819864852355827,-3,-0.014305555555555571,-206,0.13002793291331283,195.45454545454547,4.120097888590785,3.909905303030303,0.08454678014178682
RHF_MPM_P27,224,0.0112,11.2,0,255,3.4993055555555554,25.022095781439344,50390,197.6078431372549,0,151,255,0.5771005128655854,108,108,174,0.012083333333333333,20,12,0.725,69.23563218390805,56.10919540229885,0.04770833333333333,0.004791666666666666,0.015486111111111112,0.01125,0.008194444444444445,1,70.75167692002381,55.90859297479658,7.395806614789759,3.9942972240750985,0.8416162884060603,173.99870667077954,-1.123239980901309,1.123239980901309,0.019587219686445723,-13,-0.25173611111111116,-3625,0.14939523402191285,193.36363636363637,7.36419750948314,3.8688068181818185,0.14362864460481137
RHF_MPM_P27,225,0.01125,11.25,0,255,3.430625,24.840506087133782,49401,193.72941176470587,0,152,255,0.5737115622745752,107,107,169,0.01173611111111111,18,13,0.7222222222222222,68.66863905325444,56.17751479289941,0.04777777777777778,0.004861111111111111,0.014930555555555556,0.011041666666666667,0.008125,1,70.27250460516994,55.979656282261494,7.262061705350433,4.073003557498691,0.8279103211013374,174.0610851716378,-1.1526912160882483,1.1526912160882483,0.02218578571283982,-5,-0.06868055555555541,-989,0.4844131511326547,191.0909090909091,10.148484396065754,3.823844696969697,0.18913817031041244
RHF_MPM_P27,226,0.0113,11.3,0,255,3.4925,25.23113320163977,50292,197.2235294117647,0,161,255,0.5769961196064234,110,110,174,0.012083333333333333,19,12,0.7631578947368421,68.95977011494253,56.195402298850574,0.04819444444444444,0.005069444444444444,0.015416666666666667,0.011319444444444444,0.008472222222222223,1,70.31696890161457,56.116121848405314,7.071352660355868,3.77668255429594,0.8454326463178423,175.0790772166441,-1.3111599012295012,1.3111599012295012,0.02129563350035791,5,0.061875000000000124,891,0.14352673758317316,188.72727272727272,10.80480456338256,3.7749873737373743,0.19876121600948055
RHF_MPM_P27,227,0.01135,11.35,0,255,3.4461805555555554,25.067190666523533,49625,194.6078431372549,0,157,255,0.5676878200291151,110,110,171,0.011875,18,12,0.7916666666666666,68.71929824561404,56.239766081871345,0.04743055555555555,0.005,0.015208333333333334,0.011041666666666667,0.008402777777777778,1,69.95959697732998,56.070790931989926,6.9636268215771056,4.169786770251919,0.8009021352350906,177.02695313754754,-0.9342845099993647,0.9342845099993647,0.021219143576826197,-3,-0.0463194444444448,-667,0.36023545668067075,186.0,11.143689612593228,3.724545454545455,0.205291666546299
RHF_MPM_P27,228,0.0114,11.4,0,255,3.6302777777777777,25.825928507145157,52276,205.00392156862745,1,174,255,0.595517033972917,109,109,184,0.012777777777777779,19,13,0.7449392712550608,69.08695652173913,56.07065217391305,0.050069444444444444,0.005416666666666667,0.01611111111111111,0.01173611111111111,0.008819444444444444,1,70.20187083939092,56.08443645267427,6.925698745617261,4.282727930827763,0.7858776079846538,176.87930203480892,-0.8814446673229405,0.8814446673229405,0.01951182186854388,13,0.18409722222222236,2651,0.24265783414650058,184.9090909090909,10.689455683519034,3.693775252525253,0.1912701630710376
RHF_MPM_P27,229,0.01145,11.45,0,255,3.780625,26.373179234644972,54441,213.49411764705883,1,185,255,0.599028378787231,109,109,193,0.013402777777777777,19,13,0.7813765182186235,69.44559585492227,56.10362694300518,0.050138888888888886,0.005486111111111111,0.016805555555555556,0.012291666666666666,0.009375,1,70.35228963465036,56.07527414999724,6.850377459750769,4.09004068009817,0.8022015458041408,176.39919364736656,-0.8597970081309129,0.8597970081309129,0.017486820594772322,9,0.1503472222222224,2165,0.1506975837817149,184.54545454545453,10.334088659855405,3.6803914141414142,0.17919258844842456
RHF_MPM_P27,230,0.0115,11.5,0,255,3.825486111111111,26.449039636258302,55087,216.02745098039216,1,183,255,0.6155074224881728,108,108,197,0.013680555555555555,21,13,0.7216117216117216,69.53807106598985,56.17766497461929,0.051805555555555556,0.005555555555555556,0.017222222222222222,0.012430555555555556,0.009444444444444445,1,70.48425218291067,56.08511990124712,6.987374009477379,4.281301630205422,0.7903003117031605,176.9703860390506,-0.8369226183484424,0.8369226183484424,0.015992883983516983,4,0.04486111111111102,646,0.1323293352247627,184.27272727272728,9.955271870548234,3.6695959595959593,0.16606852584666676
RHF_MPM_P27,231,0.01155,11.55,0,255,3.7304166666666667,26.041261966855387,53718,210.65882352941176,0,176,255,0.5993412822652908,108,108,189,0.013125,20,13,0.7269230769230769,69.42857142857143,56.1005291005291,0.049930555555555554,0.005347222222222222,0.016805555555555556,0.012152777777777778,0.008888888888888889,1,70.56712833687033,56.0338061729774,7.1280114929401215,4.1728327809832235,0.8107350121304537,177.53511548427625,-0.6520295655420472,0.6520295655420472,0.01595368405376224,-8,-0.09506944444444443,-1369,0.09747592320200806,183.72727272727272,9.506848336291906,3.6568434343434344,0.15516442010814924
RHF_MPM_P27,232,0.0116,11.6,0,255,3.769722222222222,26.195364304280073,54284,212.87843137254902,0,180,255,0.5980220243188351,106,106,192,0.013333333333333334,20,13,0.7384615384615385,69.46875,56.166666666666664,0.049930555555555554,0.005486111111111111,0.01673611111111111,0.012152777777777778,0.009097222222222222,1,70.66454203816963,56.10771129614619,7.043959468452847,4.0326925575581045,0.8199021663459568,175.53904619884204,-1.034997069485588,1.034997069485588,0.01746370938029622,3,0.03930555555555548,566,0.12227590290578157,183.63636363636363,9.422147287329583,3.6474116161616164,0.14449630628222374
RHF_MPM_P27,233,0.01165,11.65,0,255,3.6978472222222223,25.915530968235014,53249,208.81960784313725,0,171,255,0.5884459502014889,109,109,186,0.012916666666666667,20,13,0.7153846153846154,69.49462365591398,56.23118279569893,0.04868055555555555,0.005208333333333333,0.01659722222222222,0.012013888888888888,0.008888888888888889,1,70.66634115194651,56.06762568311142,7.229327175354573,4.192598725127134,0.8146569527613737,177.65248857816405,-0.6390323361548912,0.6390323361548912,0.016638810118499877,-6,-0.07187499999999991,-1035,0.040125966440142234,183.27272727272728,9.245056753755776,3.641275252525253,0.14074210665986725
RHF_MPM_P27,234,0.0117,11.7,0,255,3.8161805555555555,26.291607804913713,54953,215.50196078431372,1,178,255,0.6022934275018341,108,108,196,0.01361111111111111,22,13,0.6853146853146853,69.51020408163265,56.15816326530612,0.050277777777777775,0.005625,0.017013888888888887,0.012361111111111111,0.009097222222222222,1,70.73251687805943,56.124178843739195,7.301281817720035,4.050780403941403,0.8319810782349808,177.19601526587365,-0.9439627162114863,0.9439627162114863,0.01806998707986825,10,0.11833333333333318,1704,0.08704876049411796,184.0909090909091,9.91284332620653,3.6471969696969695,0.14648897312997183
RHF_MPM_P27,235,0.01175,11.75,0,255,3.6422222222222222,25.67483464310174,52448,205.67843137254903,0,164,255,0.5823956386256951,108,108,181,0.012569444444444444,20,13,0.6961538461538461,69.25414364640883,56.209944751381215,0.048125,0.005208333333333333,0.016180555555555556,0.01173611111111111,0.00875,1,70.65657413056742,56.105628431970715,7.222909415098732,3.8956140506613552,0.8420872033418106,176.04296270719007,-1.1155408689635575,1.1155408689635575,0.01918090298962782,-15,-0.17395833333333321,-2505,0.07817556314741168,184.72727272727272,9.458915074159684,3.6601893939393944,0.13893924620837092
RHF_MPM_P27,236,0.0118,11.8,0,255,3.6086805555555554,25.609948038542452,51965,203.7843137254902,0,168,255,0.5810327048960158,108,108,181,0.012569444444444444,19,13,0.7327935222672065,69.16022099447514,56.16574585635359,0.04840277777777778,0.005208333333333333,0.01597222222222222,0.011666666666666667,0.008680555555555556,1,70.56645819301453,56.08145867410757,7.1852765422064895,3.874383179761615,0.842170435653398,176.2109444723853,-1.2195667397858476,1.2195667397858476,0.02174540556143558,0,-0.0335416666666668,-483,0.09330090779944286,185.8181818181818,8.188885836282576,3.6763762626262633,0.1203844006341955
RHF_MPM_P27,237,0.01185,11.85,0,255,3.668125,25.89744862135045,52821,207.14117647058825,0,176,255,0.5920334229455971,110,110,184,0.012777777777777779,19,13,0.7449392712550608,69.16847826086956,56.17934782608695,0.04958333333333333,0.005416666666666667,0.01638888888888889,0.011944444444444445,0.008888888888888889,1,70.45919236667234,56.106510668105486,7.130617864311765,4.057594374223268,0.8223110481651943,176.9302707155959,-0.9875765481493028,0.9875765481493028,0.02095757369228148,3,0.05944444444444441,856,0.11015243939261357,186.72727272727272,7.337214099629481,3.692342171717172,0.10568823520577947
RHF_MPM_P27,238,0.0119,11.9,0,255,3.745,26.203280700027708,53928,211.48235294117646,0,182,255,0.5929761221133107,109,109,189,0.013125,19,13,0.7651821862348178,69.05820105820106,56.05291005291005,0.04958333333333333,0.005625,0.016458333333333332,0.012222222222222223,0.009236111111111112,1,70.36637739207832,56.000593383770955,7.013581695917688,4.1574019763256995,0.8053758708359761,175.51814945769726,-1.0519086319963462,1.0519086319963462,0.01865450229936211,5,0.07687500000000025,1107,0.1408300061410582,188.36363636363637,5.398193759746736,3.7195075757575755,0.07194049835216493
RHF_MPM_P27,239,0.01195,11.95,0,255,3.709236111111111,26.05784107252399,53413,209.46274509803922,0,178,255,0.5900632555973558,107,107,192,0.013333333333333334,19,13,0.7773279352226721,69.29166666666667,55.958333333333336,0.049166666666666664,0.005416666666666667,0.01659722222222222,0.012013888888888888,0.009097222222222222,1,70.42302435736619,55.94596820998633,6.968201512005883,4.211869129862019,0.7966496433556597,176.24330235249298,-0.9953490352641191,0.9953490352641191,0.01757998989010166,3,-0.03576388888888893,-515,0.07869427099430477,189.0909090909091,5.29930605155988,3.726685606060606,0.06640548249810051
RHF_MPM_P27,240,0.012,12.0,0,255,3.644861111111111,25.771942942592926,52486,205.82745098039214,0,169,255,0.5789546530363314,109,109,186,0.012916666666666667,19,13,0.7530364372469636,69.24731182795699,56.064516129032256,0.048125,0.005138888888888889,0.016319444444444445,0.011805555555555555,0.00875,1,70.4393362039401,55.9722783218382,6.997955237489703,3.98991625094134,0.8215374315129648,176.73436556892477,-0.9080982269178102,0.9080982269178102,0.017261745989406697,-6,-0.06437500000000007,-927,0.030956393916424088,188.45454545454547,5.211240235624187,3.714343434343434,0.06783451634770254
RHF_MPM_P27,241,0.01205,12.05,0,255,3.450277777777778,24.944611418334993,49684,194.8392156862745,0,152,255,0.5548864793841506,105,105,176,0.012222222222222223,19,12,0.7719298245614035,69.11931818181819,56.17613636363637,0.04534722222222222,0.004722222222222222,0.015486111111111112,0.011111111111111112,0.008055555555555555,1,70.31287738507366,55.99981885516464,6.879061241170631,3.8237204791629056,0.8312831650846004,174.55532913450654,-1.1113416682209967,1.1113416682209967,0.01753079462201111,-10,-0.1945833333333331,-2802,0.1294230035387815,186.54545454545453,5.565537405459625,3.6802335858585864,0.09302805767739124
RHF_MPM_P27,242,0.0121,12.1,0,255,3.3986111111111112,24.734377746679467,48940,191.92156862745097,0,147,255,0.5632108060922432,109,109,168,0.011666666666666667,18,13,0.717948717948718,68.61309523809524,56.101190476190474,0.04680555555555556,0.004722222222222222,0.01513888888888889,0.010902777777777779,0.007916666666666667,1,70.04051900286065,55.93302002451982,7.003789842425527,4.300207033299257,0.7893193444113934,174.6261302823235,-0.9414999234490368,0.9414999234490368,0.019391091131998366,-8,-0.05166666666666675,-744,0.280430333839272,184.63636363636363,7.619027941729805,3.6500694444444446,0.1213487317427206
RHF_MPM_P27,243,0.01215,12.15,0,255,3.4527083333333333,25.077307961768447,49719,194.9764705882353,0,156,255,0.5593806596462237,109,109,174,0.012083333333333333,18,13,0.7435897435897436,68.63793103448276,56.04597701149425,0.04631944444444445,0.005,0.015486111111111112,0.011111111111111112,0.008402777777777778,1,69.9734709064945,55.97833826102697,6.897749028003003,4.052259927814101,0.809241807963074,176.86023045100828,-0.8923513508974696,0.8923513508974696,0.019127496530501418,6,0.05409722222222202,779,0.08092706461031783,183.0,7.79277054244976,3.6212499999999994,0.12702151515727844
RHF_MPM_P27,244,0.0122,12.2,0,255,3.36875,24.71402820472953,48510,190.23529411764707,0,150,255,0.5597987247631429,108,108,171,0.011875,18,13,0.7307692307692307,68.59649122807018,56.111111111111114,0.04638888888888889,0.004861111111111111,0.014861111111111111,0.010763888888888889,0.008055555555555555,1,69.87268604411462,55.978746650175225,6.826397408921021,4.083778572874948,0.8013219465446896,174.94669201816936,-1.2445737700894304,1.2445737700894304,0.020305091733663162,-3,-0.08395833333333336,-1209,0.10078568979090334,181.63636363636363,8.434482548904148,3.591332070707071,0.14318529843409
RHF_MPM_P27,245,0.01225,12.25,0,255,3.34,24.734531305219605,48096,188.61176470588236,0,149,255,0.532148310264563,109,109,171,0.011875,18,13,0.7307692307692307,68.57309941520468,55.93567251461988,0.043680555555555556,0.004652777777777777,0.014861111111111111,0.010763888888888889,0.008194444444444445,1,69.73107950765136,55.8833374916833,6.4976103922019695,3.9655085505652585,0.7921683722339473,172.26269230128702,-1.2679419601865642,1.2679419601865642,0.017340319361277445,0,-0.028750000000000053,-414,0.17074928606953868,179.36363636363637,7.583147910426445,3.548042929292929,0.14062194571499773
RHF_MPM_P27,246,0.0123,12.3,0,255,3.3095833333333333,24.570211013966347,47658,186.89411764705883,0,145,255,0.534712027090981,109,109,168,0.011666666666666667,17,13,0.7601809954751131,68.48214285714286,55.94642857142857,0.04388888888888889,0.004583333333333333,0.014861111111111111,0.010902777777777779,0.008055555555555555,1,69.67224810105334,55.873536447186204,6.508467707142868,3.8950336452463534,0.8011554348398194,171.93390069512435,-1.3019103652644621,1.3019103652644621,0.01852784422342524,-3,-0.030416666666666536,-438,0.05964222393183585,178.1818181818182,8.222122948796372,3.517803030303031,0.15239127900119762
RHF_MPM_P27,247,0.01235,12.35,0,255,3.2622916666666666,24.388755839831813,46977,184.2235294117647,0,139,255,0.5288620941391264,108,108,167,0.011597222222222222,17,13,0.755656108597285,68.30538922155688,55.98802395209581,0.043194444444444445,0.004583333333333333,0.014652777777777778,0.010555555555555556,0.007847222222222222,1,69.50103242012048,55.843072141686356,6.455174680615354,3.9709107719227656,0.7884088779231573,172.37555187366758,-1.1963563060915405,1.1963563060915405,0.017604359580220108,-1,-0.04729166666666673,-681,0.1739048110515955,176.9090909090909,8.753747721607798,3.486313131313132,0.16557714551910008
RHF_MPM_P27,248,0.0124,12.4,0,255,3.201875,24.170643565558276,46107,180.81176470588235,0,135,255,0.5285128750701044,109,109,162,0.01125,17,13,0.7330316742081447,68.24074074074075,56.01851851851852,0.043541666666666666,0.0045138888888888885,0.01423611111111111,0.010277777777777778,0.0077083333333333335,1,69.37807708157113,55.877762595701306,6.4184309451210435,4.081926806129887,0.7717141300546742,172.38999552099875,-1.2484760474389207,1.2484760474389207,0.017741340794239488,-5,-0.060416666666666785,-870,0.12775540253761336,174.9090909090909,9.394916860191865,3.443926767676768,0.1731159766811167
RHF_MPM_P27,249,0.01245,12.45,0,255,3.2324305555555557,24.36140654425811,46547,182.53725490196078,0,146,255,0.5232965741894022,108,108,165,0.011458333333333333,17,13,0.746606334841629,68.38181818181818,56.054545454545455,0.042986111111111114,0.004583333333333333,0.014444444444444444,0.010625,0.0077777777777777776,1,69.44050099899027,55.9731239392442,6.478189155855819,3.965229118640048,0.7907887869588784,173.2570671290079,-1.2523890186020583,1.2523890186020583,0.01871226931918276,3,0.03055555555555589,440,0.11397601198611056,172.72727272727272,8.624393618641035,3.397329545454545,0.15370035766735138
RHF_MPM_P27,250,0.0125,12.5,0,255,3.257013888888889,24.421321785476874,46901,183.92549019607844,0,144,255,0.5257701334165847,107,107,169,0.01173611111111111,18,13,0.7222222222222222,68.5266272189349,56.112426035502956,0.043125,0.004583333333333333,0.014722222222222222,0.010625,0.007916666666666667,1,69.51320867358905,55.98750559689559,6.4672343461975395,4.109334378216153,0.7721763354051782,171.98083733406375,-1.2232081060354458,1.2232081060354458,0.016907955054263235,4,0.02458333333333318,354,0.07411638160597758,170.63636363636363,6.124061742945196,3.3562184343434343,0.12198107870070948
RHF_MPM_P27,251,0.01255,12.55,0,255,3.2913194444444445,24.505233164076056,47395,185.86274509803923,0,144,255,0.5385583828026157,110,110,164,0.01138888888888889,18,12,0.7592592592592593,68.40853658536585,56.323170731707314,0.044375,0.004652777777777777,0.014930555555555556,0.010694444444444444,0.00798611111111111,1,69.52079333263002,56.08186517565144,6.554238509451091,4.226242871513857,0.7643423384211993,175.6008879577088,-0.8714257088043074,0.8714257088043074,0.016626226395189365,-5,0.03430555555555559,494,0.0946639168624938,168.63636363636363,4.006193552096492,3.324078282828283,0.08157964344769823
RHF_MPM_P27,252,0.0126,12.6,0,255,3.334513888888889,24.737311066311833,48017,188.30196078431374,0,145,255,0.530391323929836,109,109,171,0.011875,19,13,0.6923076923076923,68.46198830409357,56.01754385964912,0.043472222222222225,0.004652777777777777,0.015,0.010902777777777779,0.008263888888888888,1,69.51685861257471,56.00922589916071,6.501928022148854,4.045196209867046,0.782895412182845,175.21284636863186,-1.109927243208952,1.109927243208952,0.017389674490284692,7,0.043194444444444535,622,0.07274576627550097,168.1818181818182,3.3795691446256555,3.3135542929292927,0.07146004085348509
RHF_MPM_P27,253,0.01265,12.65,0,255,3.468611111111111,25.431058510409596,49948,195.87450980392157,0,162,255,0.5264891494919004,110,110,178,0.012361111111111111,18,13,0.7606837606837606,68.15168539325843,55.87078651685393,0.043263888888888886,0.005347222222222222,0.015416666666666667,0.01138888888888889,0.008819444444444444,1,69.16300952991111,55.931969248017936,6.236022927023644,3.7345090886973584,0.8008532047633861,177.875421078551,-1.2112383220062728,1.2112383220062728,0.01903980139344919,7,0.1340972222222221,1931,0.3621847090196772,169.0909090909091,4.399474048204676,3.319917929292929,0.08120367872690101
RHF_MPM_P27,254,0.0127,12.7,0,11,0.017638888888888888,0.32590895565562966,254,23.09090909090909,0,0,7,0.053210530592975785,3,8,8,0.0005555555555555556,93,101,0.0008516980730331097,88.25,57.125,0.0043055555555555555,0.0,0.0,0.0,0.0,0,80.82283464566929,62.30708661417323,34.465995581441526,25.26795319824448,0.6800917206192278,125.82895921635136,0.20342373135711814,0.20342373135711814,0.0,-170,-3.450972222222222,-49694,13.288854095155086,154.0,46.352405056754655,3.0076388888888888,0.9480721007910001
RHF_MPM_P27,255,0.01275,12.75,0,255,2.944097222222222,21.57644677501354,42395,166.2549019607843,2,87,255,0.6409844316197981,103,103,130,0.009027777777777777,14,12,0.7738095238095238,66.86923076923077,57.56923076923077,0.05409722222222222,0.0030555555555555557,0.012152777777777778,0.007847222222222222,0.005763888888888889,1,68.94938082321029,58.67088100011794,7.968147210478952,5.237281741419545,0.7536488840972726,-142.81019591413838,-0.7282172082676329,0.7282172082676329,0.02068640169831348,122,2.926458333333333,42141,12.417765376336977,150.27272727272728,46.483801497434484,2.9690340909090907,0.9412028312661733
RHF_MPM_P27,256,0.0128,12.8,0,255,4.961805555555555,26.037231613082493,71450,280.19607843137254,24,149,255,1.0771172855435371,102,102,199,0.013819444444444445,24,22,0.3768939393939394,69.62814070351759,60.54773869346734,0.0967361111111111,0.004791666666666666,0.02020833333333333,0.011458333333333333,0.008125,1,76.74032190342898,65.90701189643107,17.455040139558864,4.28405111375072,0.9694134363551077,-142.5648573489806,-1.0628206620506877,1.0628206620506877,0.014779566130160952,69,2.017708333333333,29055,10.632984212534911,152.8181818181818,48.28102993143031,3.1164709595959597,1.1011935234631707
RHF_MPM_P27,257,0.01285,12.85,0,255,5.795138888888889,28.75613178538601,83450,327.2549019607843,28,198,255,1.1150950170821117,110,110,209,0.014513888888888889,18,19,0.6111111111111112,69.14354066985646,60.07655502392345,0.09895833333333333,0.006458333333333333,0.02673611111111111,0.013194444444444444,0.009930555555555555,1,77.45101258238466,67.65424805272619,18.924345031976195,4.107525845068158,0.9761605256902882,-137.19920035516645,-1.0591939934660006,1.0591939934660006,0.003918514080287597,10,0.8333333333333339,12000,1.8862437347859968,156.54545454545453,50.824767828229064,3.342430555555556,1.3455392056972781
RHF_MPM_P27,258,0.0129,12.9,0,255,5.77,29.950605447414024,83088,325.83529411764704,27,235,255,1.0382146091571647,112,112,233,0.016180555555555556,19,19,0.6454293628808865,69.54506437768241,60.39914163090129,0.09229166666666666,0.0077083333333333335,0.022222222222222223,0.015277777777777777,0.012013888888888888,1,76.63163152320432,66.66696755247449,19.855474455947643,3.786066101563462,0.9816520117504273,-137.5448294995489,-1.478345317085551,1.478345317085551,0.012023396880415944,24,-0.02513888888888971,-362,1.283007445933479,162.54545454545453,55.39505005185873,3.57040404040404,1.5144820132521597
RHF_MPM_P27,259,0.01295,12.95,0,12,0.01861111111111111,0.3398337238658683,268,22.333333333333332,0,0,6,0.05499288019917283,3,8,9,0.000625,93,101,0.0009581603321622484,89.33333333333333,61.0,0.0044444444444444444,0.0,0.0,0.0,0.0,0,84.80970149253731,56.62686567164179,32.38281082533602,26.823270154738694,0.5602580049799095,111.19859529001285,-0.3668013030187757,0.3668013030187757,0.0,-224,-5.751388888888888,-82820,12.949304004494083,148.63636363636363,70.84075961718999,3.2810164141414138,1.8287709641248755
RHF_MPM_P27,260,0.013,13.0,0,255,3.1063194444444444,22.205655287139997,44731,175.4156862745098,2,96,255,0.6436149686948035,106,106,133,0.009236111111111112,13,13,0.7869822485207101,64.44360902255639,55.067669172932334,0.05368055555555556,0.0030555555555555557,0.013194444444444444,0.008611111111111111,0.00625,1,63.86123717332499,52.97815832420469,7.472223908960651,5.297293605079323,0.7052775161603294,66.41126080410132,-1.1625057798371414,1.1625057798371414,0.0132793811897789,124,3.0877083333333335,44463,21.263847785397484,145.72727272727272,70.76605620453779,3.269551767676768,1.8294347924415224
RHF_MPM_P27,261,0.01305,13.05,0,255,5.588541666666667,27.62982123511433,80475,315.5882352941176,26,176,255,1.1785769283728604,102,102,225,0.015625,21,25,0.42857142857142855,61.50666666666667,51.324444444444445,0.10715277777777778,0.005486111111111111,0.023541666666666666,0.012916666666666667,0.009166666666666667,1,57.359838459148804,44.145896241068655,16.55799714852764,4.777352614008945,0.9574731540965197,58.29982892542617,-0.9814200082348581,0.9814200082348581,0.027350108729419075,92,2.4822222222222226,35744,10.967088891127593,150.8181818181818,74.18872516864513,3.481508838383838,1.9469911848545336
RHF_MPM_P27,262,0.0131,13.1,0,255,6.441666666666666,30.150404226145955,92760,363.7647058823529,35,214,255,1.1735369699423102,100,100,272,0.01888888888888889,27,32,0.3148148148148148,59.904411764705884,49.95955882352941,0.10361111111111111,0.006805555555555555,0.03222222222222222,0.013958333333333333,0.010694444444444444,1,55.71925398878827,42.66675291073739,18.0899077008701,4.500971916848584,0.9685520012987834,57.493718306481156,-0.8599643688831078,0.8599643688831078,0.008063820612332902,47,0.8531249999999995,12285,2.2089324109287816,160.63636363636363,82.01693032236778,3.7679040404040403,2.1218053943527524
RHF_MPM_P27,263,0.01315,13.15,0,255,6.065902777777778,30.24629965690005,87349,342.5450980392157,27,227,255,1.1240838764742465,109,109,244,0.016944444444444446,19,19,0.6759002770083102,61.717213114754095,52.21311475409836,0.10034722222222223,0.007222222222222222,0.02638888888888889,0.015555555555555555,0.011597222222222222,1,55.983937995855705,43.98528889855636,19.733525664735517,4.741415504319885,0.9707055792333112,54.52569984023509,-1.2259002437523456,1.2259002437523456,0.018328773082691274,-28,-0.3757638888888888,-5411,1.3448400554605136,167.27272727272728,85.46779394399327,4.016212121212122,2.2143618963310088
RHF_MPM_P27,264,0.0132,13.2,0,255,5.836180555555556,32.219150350385306,84041,329.57254901960783,15,249,255,0.8849682946382821,108,108,295,0.02048611111111111,21,22,0.6385281385281385,60.6,51.11186440677966,0.07722222222222222,0.00875,0.025902777777777778,0.018819444444444444,0.013888888888888888,1,59.62227960162302,49.40646827143894,12.278803596567165,4.772894280631289,0.9213601369994955,51.55530555549718,-2.437891405958215,2.437891405958215,0.03650599112338025,51,-0.22972222222222172,-3308,6.528913801944778,177.9090909090909,93.08203082663118,4.231445707070708,2.2651554725206977
RHF_MPM_P27,265,0.01325,13.25,0,255,6.280555555555556,33.889373288887775,90440,354.6666666666667,16,254,255,0.8736819080985445,110,110,314,0.021805555555555557,23,22,0.6205533596837944,60.13694267515923,51.15605095541401,0.0757638888888889,0.009791666666666667,0.028125,0.020625,0.015486111111111112,1,60.03403361344538,50.452178239716936,8.556425186027534,5.100651974821555,0.802895716645253,-135.659290049429,0.46479085226475364,0.46479085226475364,0.006656346749226006,19,0.44437499999999996,6399,1.1238552860612339,205.72727272727272,83.36457816460168,4.800801767676767,1.8905765395426521
RHF_MPM_P27,266,0.0133,13.3,0,255,6.962291666666666,35.39873126686633,100257,393.16470588235296,21,255,255,0.9672380821106847,110,110,351,0.024375,25,24,0.585,59.0997150997151,50.28490028490028,0.08444444444444445,0.010347222222222223,0.03166666666666667,0.022430555555555554,0.016805555555555556,1,59.029962995102586,49.738851152537976,9.326314481218864,4.9026780422291525,0.8506810007859,-137.5060853149313,0.3230264358533217,0.3230264358533217,0.008767467608246806,37,0.6817361111111104,9817,1.2316628353256835,225.8181818181818,89.12485438653735,5.166092171717172,1.884722191073155
RHF_MPM_P27,267,0.01335,13.35,0,12,0.01861111111111111,0.33176843311242943,268,22.333333333333332,0,0,7,0.05551042571519217,2,8,8,0.0005555555555555556,32,107,0.002336448598130841,97.75,63.375,0.0045138888888888885,0.0,0.0,0.0,0.0,0,88.7910447761194,61.18283582089552,30.54054316907654,24.238252986430062,0.6083852595403089,90.0840723585154,-0.24668344997031455,0.24668344997031455,0.0,-343,-6.943680555555555,-99989,31.885526087332696,208.45454545454547,109.03907859642352,4.716710858585859,2.399003659666143
RHF_MPM_P27,268,0.0134,13.4,0,255,3.4272916666666666,22.794010961664604,49353,193.54117647058823,10,105,255,0.7728067947219033,107,107,143,0.009930555555555555,15,13,0.7333333333333333,67.02797202797203,57.27972027972028,0.06708333333333333,0.003472222222222222,0.01361111111111111,0.008888888888888889,0.006666666666666667,1,70.49660608271027,59.37369562134014,10.296174231261073,5.073906545028745,0.8701452556265385,-144.19629802083077,-1.1030594778192122,1.1030594778192122,0.023686503353392903,135,3.4086805555555557,49085,18.383674153132517,202.45454545454547,110.64797877327705,4.501452020202021,2.398812186051242
RHF_MPM_P27,269,0.01345,13.45,0,255,5.139930555555556,26.38736418977967,74015,290.2549019607843,23,160,255,1.1681704857733817,104,104,200,0.013888888888888888,21,20,0.47619047619047616,69.38,59.94,0.10840277777777778,0.005069444444444444,0.021111111111111112,0.011805555555555555,0.00798611111111111,1,76.91751671958387,65.5043707356617,17.965058359814225,4.614225127791527,0.9664527614472751,-143.1268930449843,-1.1380334023428442,1.1380334023428442,0.016699317705870433,57,1.7126388888888893,24662,8.877683862589281,199.45454545454547,110.22568883585551,4.4441729797979805,2.3752444856615056
RHF_MPM_P27,270,0.0135,13.5,0,255,6.286388888888889,29.99809361098151,90524,354.99607843137255,30,219,255,1.1708407937795704,110,110,224,0.015555555555555555,21,20,0.5333333333333333,69.64732142857143,60.138392857142854,0.10423611111111111,0.006875,0.030833333333333334,0.014166666666666666,0.010902777777777779,1,78.6574610048164,67.99764703283107,19.889965103068985,4.06826521160276,0.9788585032741075,-137.8632485273443,-1.0328255959236778,1.0328255959236778,0.006517608589987186,24,1.1464583333333334,16509,3.0403672162651576,219.0,92.33043426145623,5.01397095959596,1.9609006400086875
RHF_MPM_P27,271,0.01355,13.55,0,255,5.782777777777778,30.070286331555412,83272,326.55686274509804,26,237,255,1.0351388127253962,110,110,237,0.016458333333333332,20,19,0.6236842105263158,69.67088607594937,60.36286919831224,0.09194444444444444,0.0077083333333333335,0.02263888888888889,0.015416666666666667,0.011944444444444445,1,76.30414785281968,65.45812518013258,18.59048805560301,4.178788609573973,0.9744093078801538,-140.07525537874494,-1.493857654176685,1.493857654176685,0.0121049092131809,13,-0.5036111111111117,-7252,3.4622614042983324,228.45454545454547,88.27577000654219,5.257285353535354,1.8731876890621804
RHF_MPM_P27,272,0.0136,13.6,0,255,5.315833333333333,30.574639534079367,76548,300.18823529411765,14,238,255,0.8609454709558189,109,109,262,0.018194444444444444,21,21,0.5941043083900227,70.10687022900764,60.541984732824424,0.07541666666666667,0.0077777777777777776,0.02340277777777778,0.016875,0.012430555555555556,1,71.79442963891937,61.58491404086325,10.561579856709148,4.504276786471341,0.9044981439876636,-142.00834246967426,-1.9262116428627007,1.9262116428627007,0.02284840884151121,25,-0.4669444444444446,-6724,5.944688629200382,231.8181818181818,88.78351421685343,5.232493686868687,1.8704420850757348
RHF_MPM_P27,273,0.01365,13.65,0,255,5.70625,32.064307602825465,82170,322.2352941176471,14,249,255,0.8502338547082042,109,109,290,0.02013888888888889,22,22,0.5991735537190083,70.47241379310344,60.86551724137931,0.07375,0.00875,0.025763888888888888,0.018541666666666668,0.013888888888888888,1,71.46883290738712,61.476073992941465,8.474159467537616,4.727732670561672,0.8299082527766597,-137.2352216519217,-0.6341861117081911,0.6341861117081911,0.011500547645125958,28,0.39041666666666686,5622,0.3433065504998347,233.45454545454547,89.67047110632214,5.165637626262626,1.8389045211698472
RHF_MPM_P27,274,0.0137,13.7,0,255,6.330555555555556,33.60224504275838,91160,357.4901960784314,18,251,255,0.9105463145100264,107,107,332,0.023055555555555555,25,23,0.577391304347826,71.52409638554217,61.69879518072289,0.07861111111111112,0.009097222222222222,0.028680555555555556,0.020555555555555556,0.014930555555555556,1,72.3740785432207,62.22890522158841,9.283300434513992,4.691475729511889,0.8629043824960518,-137.8756340478806,-0.6676309076734592,0.6676309076734592,0.012022817025010969,42,0.6243055555555559,8990,1.1773803633583393,241.45454545454547,94.0718909194294,5.1896969696969695,1.8522089339403291
RHF_MPM_P27,275,0.01375,13.75,0,255,6.335486111111111,33.29691371521,91231,357.7686274509804,20,253,255,0.9535895464845383,109,109,310,0.021527777777777778,23,22,0.6126482213438735,70.80967741935484,61.25483870967742,0.08340277777777778,0.008888888888888889,0.028402777777777777,0.01972222222222222,0.014930555555555556,1,72.63908101412898,62.560522190921944,10.11888501348161,4.731657973993008,0.8839366584505054,-137.6513213142009,-0.7852798873832569,0.7852798873832569,0.015203165590643532,-22,0.004930555555555216,71,0.4244951400633998,242.8181818181818,94.94287103479954,5.2350883838383835,1.873491752879796
RHF_MPM_P27,276,0.0138,13.8,0,255,6.539236111111111,33.53142994059332,94165,369.27450980392155,22,253,255,1.0289587841334311,109,109,317,0.02201388888888889,23,23,0.5992438563327032,71.10725552050474,61.353312302839115,0.09118055555555556,0.009375,0.02847222222222222,0.019930555555555556,0.015,1,73.26679764243615,63.01619497690225,10.949635240046844,4.689104463280281,0.903663624970638,-138.51152227276953,-0.9558048644108382,0.9558048644108382,0.01764986990920193,7,0.20375000000000032,2934,0.7756712276063703,243.0909090909091,95.15103261796197,5.258604797979798,1.8880341213579863
RHF_MPM_P27,277,0.01385,13.85,0,255,6.427152777777778,32.82258028576589,92551,362.9450980392157,23,249,255,1.034384397273353,107,107,312,0.021666666666666667,25,23,0.542608695652174,71.23397435897436,61.44230769230769,0.09125,0.008541666666666666,0.02826388888888889,0.019166666666666665,0.013958333333333333,1,73.75135871033268,63.450821709111736,11.878792647110803,4.451102198989744,0.9271420754809945,-137.83412565270785,-1.0452436604599495,1.0452436604599495,0.017493057881600414,-5,-0.11208333333333353,-1614,0.6509222878901356,239.54545454545453,91.72920981827053,5.2099558080808075,1.850020214771278
RHF_MPM_P27,278,0.0139,13.9,0,255,6.025,31.45754524399159,86760,340.2352941176471,23,244,255,1.0173157193446583,109,109,274,0.01902777777777778,22,20,0.6227272727272727,70.0948905109489,60.27007299270073,0.09020833333333333,0.008263888888888888,0.025486111111111112,0.017361111111111112,0.012777777777777779,1,73.42178423236514,63.11810742277547,12.639890727678578,4.1349625773834235,0.944977287849148,-138.27376128526805,-1.2782825804922233,1.2782825804922233,0.02491931765790687,-38,-0.40215277777777736,-5791,0.46831413907742003,263.72727272727275,55.348632091318805,5.755991161616161,0.8572079061112822
RHF_MPM_P27,279,0.01395,13.95,0,11,0.021805555555555557,0.3573778982972478,314,28.545454545454547,0,0,7,0.06539315567704898,2,8,9,0.000625,32,107,0.002628504672897196,96.33333333333333,60.333333333333336,0.005416666666666667,0.0,0.0,0.0,0.0,0,86.52866242038216,59.547770700636946,34.242698751129204,24.674016497728967,0.6933896333694056,110.70452680736618,-0.06883394620094899,0.06883394620094899,0.0,-265,-6.0031944444444445,-86446,13.58446024488891,251.54545454545453,86.53781478885257,5.446401515151515,1.7706341781995416
RHF_MPM_P27,280,0.014,14.0,0,255,3.351875,22.53978280694769,48267,189.28235294117647,7,100,255,0.7367821328334869,108,108,136,0.009444444444444445,14,13,0.7472527472527473,64.05147058823529,55.23529411764706,0.06277777777777778,0.003125,0.013472222222222222,0.008472222222222223,0.00625,1,62.69125903826631,54.14390784594029,7.41709976773373,6.220127031365617,0.5447171389785681,68.49773885871828,-1.188193378032317,1.188193378032317,0.021878301945428554,127,3.3300694444444447,47953,24.442248950415316,245.72727272727272,91.7992779820001,5.28385101010101,1.8705630378208005
RHF_MPM_P27,281,0.01405,14.05,0,255,5.76,27.949553464928357,82944,325.2705882352941,24,176,255,1.2298659573146848,99,99,246,0.017083333333333332,24,29,0.35344827586206895,60.292682926829265,50.483739837398375,0.11388888888888889,0.005486111111111111,0.024305555555555556,0.013819444444444445,0.009166666666666667,1,55.22016059027778,44.39293981481482,18.40408227807295,5.172874007623265,0.9596866551289148,51.06846977332787,-1.0906537603448245,1.0906537603448245,0.021219135802469136,110,2.4081249999999996,34677,12.284082772578815,247.72727272727272,91.54342328702504,5.2359974747474745,1.8509337436191586
RHF_MPM_P27,282,0.0141,14.1,0,255,6.294027777777778,30.499887393222096,90634,355.42745098039217,30,213,255,1.077042201349223,90,90,348,0.024166666666666666,37,46,0.2044653349001175,56.310344827586206,46.13793103448276,0.09354166666666666,0.006944444444444444,0.03340277777777778,0.014513888888888889,0.010902777777777779,1,54.962056182006755,43.795407904318466,18.01389151972393,4.24924714608215,0.9717804331054617,52.03096020908698,-0.9551622710464676,0.9551622710464676,0.004104419974843877,102,0.5340277777777782,7690,0.6508934395355,257.8181818181818,95.82258054419512,5.2824747474747475,1.870396430332716
RHF_MPM_P27,283,0.01415,14.15,0,255,6.153888888888889,30.600582082134196,88616,347.51372549019607,29,229,255,1.0795125662513883,109,109,249,0.017291666666666667,20,19,0.6552631578947369,61.200803212851405,51.94377510040161,0.09465277777777778,0.007291666666666667,0.027916666666666666,0.015625,0.011805555555555555,1,55.60467635641419,44.92512638801119,18.6051729776838,4.5869232951435315,0.9691325625198924,50.704258496461335,-1.316925245650779,1.316925245650779,0.004976527940778189,-99,-0.14013888888888903,-2018,1.2997017122988008,256.6363636363636,95.84388132153695,5.358661616161616,1.8871963778592953
RHF_MPM_P27,284,0.0142,14.2,0,255,5.888055555555556,31.821945547709024,84788,332.5019607843137,18,246,255,0.9111505960010191,108,108,288,0.02,23,21,0.5962732919254659,60.104166666666664,51.28125,0.07868055555555556,0.008055555555555555,0.026041666666666668,0.018333333333333333,0.013402777777777777,1,58.036302306930224,48.086863707128366,14.978074684648057,4.650104408760408,0.950586197147334,51.54637578141267,-2.097713794321025,2.097713794321025,0.05815681464358164,39,-0.26583333333333314,-3828,3.988657372891442,256.45454545454544,95.78229446972075,5.375189393939394,1.8909604887782283
RHF_MPM_P27,285,0.01425,14.25,0,255,5.976458333333333,32.82833614612937,86061,337.49411764705883,15,250,255,0.8369121866329948,106,106,320,0.022222222222222223,24,23,0.5797101449275363,59.66875,50.5875,0.07131944444444445,0.008472222222222223,0.02784722222222222,0.02,0.014305555555555556,1,59.49324316473199,50.068939473164384,8.832255219728497,4.682436700927491,0.8479026979241464,-135.0293645075598,0.5015239379413828,0.5015239379413828,0.005693635909413091,32,0.08840277777777761,1273,2.4599392279971926,255.36363636363637,94.98064178583753,5.342998737373737,1.8773881393615985
RHF_MPM_P27,286,0.0143,14.3,0,255,6.424513888888889,33.90191934360594,92513,362.79607843137256,18,253,255,0.9119138497619748,108,108,329,0.022847222222222224,25,24,0.5483333333333333,59.21580547112462,50.52279635258358,0.07881944444444444,0.009375,0.029652777777777778,0.021180555555555557,0.015486111111111112,1,58.820900846367536,49.771415909115476,9.387298168311478,4.881064239310918,0.8541877125893352,-137.0800457615561,0.46291102369833226,0.46291102369833226,0.00594511041691438,9,0.44805555555555543,6452,0.735230891780302,257.09090909090907,96.12440286652645,5.3510921717171716,1.881835945400763
RHF_MPM_P27,287,0.01435,14.35,0,255,6.688194444444444,34.11231041339723,96310,377.6862745098039,21,251,255,0.9930258941194368,106,106,344,0.02388888888888889,28,25,0.49142857142857144,58.34593023255814,50.06395348837209,0.08652777777777777,0.009097222222222222,0.03125,0.021527777777777778,0.015347222222222222,1,58.01058041740214,49.10060222199149,10.408243443702315,4.966172222524864,0.8788281879936877,-138.07985032322463,0.5468993462051187,0.5468993462051187,0.007891184716021182,15,0.26368055555555525,3797,1.051955417511382,259.54545454545456,97.95023192358606,5.364633838383838,1.8908514460745134
RHF_MPM_P27,288,0.0144,14.4,0,255,6.478194444444444,33.00456108321279,93286,365.82745098039214,23,249,255,0.9990643771938829,106,106,318,0.022083333333333333,29,23,0.4767616191904048,59.088050314465406,50.74528301886792,0.08666666666666667,0.008888888888888889,0.030069444444444444,0.019583333333333335,0.014027777777777778,1,57.72194112728598,48.93945500932616,11.272952964244322,4.79922469056843,0.9048506453018629,-138.16832811268586,0.7506942142333183,0.7506942142333183,0.007878995776429474,-26,-0.20999999999999996,-3024,0.33057686541644743,260.09090909090907,98.25704189009424,5.369273989898989,1.8935139288940885
RHF_MPM_P27,289,0.01445,14.45,0,255,6.312916666666666,32.36258985385148,90906,356.49411764705883,23,248,255,1.0320693350495067,108,108,294,0.020416666666666666,25,21,0.56,60.06802721088435,51.45578231292517,0.09083333333333334,0.008611111111111111,0.02847222222222222,0.018472222222222223,0.013541666666666667,1,57.75949882295998,48.90452775394363,11.923561364088519,4.845876302352347,0.9136900079842223,-138.61834010449047,0.9711238294864603,0.9711238294864603,0.01359646227971751,-24,-0.16527777777777786,-2380,0.051288338566357665,261.90909090909093,98.68172396461313,5.395448232323233,1.9043561042213946
RHF_MPM_P27,290,0.0145,14.5,0,255,6.009236111111111,31.44766129309718,86533,339.3450980392157,22,244,255,1.0291770036418093,108,108,279,0.019375,24,20,0.58125,60.541218637992834,51.73118279569893,0.09152777777777778,0.008055555555555555,0.026041666666666668,0.0175,0.012777777777777779,1,58.03573203286607,49.11381784983764,12.433812151836229,4.762450119875783,0.9237383360598974,-139.52182538572634,1.191023077507622,1.191023077507622,0.020211942264800713,-15,-0.3036805555555553,-4373,0.3465647565669985,286.45454545454544,57.85619105139231,5.9397601010101,0.8599135430526458
RHF_MPM_P27,291,0.01455,14.55,0,255,5.3509722222222225,29.516909215064157,77054,302.17254901960786,19,222,255,0.9682949896804482,108,108,245,0.017013888888888887,22,19,0.5861244019138756,61.40408163265306,52.285714285714285,0.08590277777777777,0.006597222222222222,0.022708333333333334,0.015625,0.011458333333333333,1,58.39185506268331,49.279777818153505,13.09234779404877,4.475781947163561,0.9397500055347748,-139.19607795603352,1.5146913475439847,1.5146913475439847,0.029706439639733174,-34,-0.6582638888888885,-9479,0.39289479946878253,296.3636363636364,36.70836597059865,6.121496212121213,0.3593147559220666
RHF_MPM_P27,292,0.0146,14.6,0,255,4.739027777777777,27.65030297501891,68242,267.6156862745098,16,196,255,0.9038470224309707,107,107,217,0.015069444444444444,20,18,0.6027777777777777,62.19815668202765,52.857142857142854,0.0804861111111111,0.005833333333333334,0.020277777777777777,0.01375,0.009722222222222222,1,58.86870255854166,49.69627209050145,13.537523371948048,4.436085730991849,0.9447859486976203,-138.67522429225696,1.8490641472434242,1.8490641472434242,0.036458485976378185,-28,-0.6119444444444451,-8812,0.6331279595824417,293.72727272727275,41.01904415599021,6.028680555555556,0.5313751701091515
RHF_MPM_P27,293,0.01465,14.65,0,255,4.249027777777778,26.290065966049394,61186,239.94509803921568,13,174,255,0.847314554769865,108,108,193,0.013402777777777777,17,16,0.7095588235294118,62.994818652849744,53.637305699481864,0.07527777777777778,0.005277777777777778,0.01826388888888889,0.012152777777777778,0.008819444444444444,1,59.70143496878371,50.41821658549341,13.53055307408564,4.271689302686735,0.948856752937384,-138.35203347651333,2.1933180555989837,2.1933180555989837,0.03798254502664008,-24,-0.4899999999999993,-7056,1.1021103034255328,279.6363636363636,46.24494611654677,5.842771464646466,0.727544191453553
RHF_MPM_P27,294,0.0147,14.7,0,255,3.922361111111111,25.81627555078469,56482,221.49803921568628,10,166,255,0.7573995592878258,108,108,186,0.012916666666666667,17,16,0.6838235294117647,63.19892473118279,53.715053763440864,0.06625,0.004930555555555555,0.016805555555555556,0.012013888888888888,0.008888888888888889,1,60.91940795297617,51.476133989589606,12.068897224872472,3.7692942613156473,0.9499786921155514,-138.5495469263046,2.676483771864954,2.676483771864954,0.033444283134449915,-7,-0.3266666666666671,-4704,1.6132722721575323,273.90909090909093,53.08047842740911,5.639905303030303,0.9025724073284176
RHF_MPM_P27,295,0.01475,14.75,0,12,0.017986111111111112,0.3249296502088976,259,21.583333333333332,0,0,6,0.054895363482112644,2,8,7,0.0004861111111111111,32,101,0.002165841584158416,99.0,58.57142857142857,0.0044444444444444444,0.0,0.0,0.0,0.0,0,86.0965250965251,60.803088803088805,37.30255934897048,25.141451758488966,0.7387429196806538,117.78132472609684,0.021816140944542876,0.021816140944542876,0.0,-179,-3.904375,-56223,26.849195774790743,248.36363636363637,92.86184530822972,5.106262626262626,1.8432403221370852
RHF_MPM_P27,296,0.0148,14.8,0,255,3.282986111111111,22.551964424778472,47275,185.3921568627451,6,100,255,0.7004940226119181,107,107,140,0.009722222222222222,14,12,0.8333333333333334,67.24285714285715,57.642857142857146,0.05965277777777778,0.003611111111111111,0.013680555555555555,0.008819444444444444,0.0061805555555555555,1,69.96892649391856,59.45933368588049,9.138810310086942,4.928513569075045,0.8421169973224327,-141.3284035403865,-0.9597182894612564,0.9597182894612564,0.023373876255949232,133,3.265,47016,16.183482767989712,232.0,94.63902712171894,4.861401515151515,1.8896958345360237
RHF_MPM_P27,297,0.01485,14.85,0,255,4.916597222222222,26.20538912087854,70799,277.64313725490194,24,155,255,1.0399832611018434,107,107,187,0.012986111111111111,20,17,0.55,69.01604278074866,59.67914438502674,0.09256944444444444,0.004861111111111111,0.01861111111111111,0.01173611111111111,0.008611111111111111,1,76.9316374525064,65.70318789813416,18.28441189259173,4.017743704935753,0.9755593708937199,-142.44508497749018,-1.232834730835933,1.232834730835933,0.009336290060594075,47,1.6336111111111111,23524,9.35227562236684,219.0909090909091,90.10343000781687,4.724318181818182,1.824915187264214
RHF_MPM_P27,298,0.0149,14.9,0,255,5.4338194444444445,28.483163801341778,78247,306.8509803921569,24,203,255,1.0350516538331451,109,109,212,0.014722222222222222,18,18,0.654320987654321,69.30660377358491,60.113207547169814,0.09166666666666666,0.006527777777777778,0.02361111111111111,0.013333333333333334,0.010208333333333333,1,76.20729229235626,65.57871867292037,17.0399013890064,4.166397642251746,0.9696471946052335,-140.95779669317946,-1.3158647526614617,1.3158647526614617,0.016844096259281505,25,0.5172222222222222,7448,0.7349615629801649,207.0909090909091,80.99882664184322,4.610284090909091,1.7356426737866153
RHF_MPM_P27,299,0.01495,14.95,0,255,5.900277777777778,30.208760685355195,84964,333.1921568627451,27,237,255,1.0478005136192614,111,111,238,0.016527777777777777,20,20,0.595,69.89915966386555,60.77731092436975,0.09229166666666666,0.007569444444444445,0.023958333333333335,0.015416666666666667,0.011805555555555555,1,76.51281719316417,65.86401299373853,17.62013197586333,4.265696928350103,0.9702532428815699,-140.42710771624908,-1.3299282511790114,1.3299282511790114,0.009733534202721153,26,0.46645833333333364,6717,0.41801712226268256,199.8181818181818,74.0034620588403,4.557746212121213,1.6863527752706788
RHF_MPM_P27,300,0.015,15.0,0,255,5.504305555555556,30.301147912175285,79262,310.8313725490196,19,237,255,0.9276392251158654,106,106,259,0.017986111111111112,20,21,0.6166666666666667,70.2084942084942,61.01544401544402,0.08131944444444444,0.007847222222222222,0.023333333333333334,0.016458333333333332,0.012013888888888888,1,73.7329111049431,63.361623476571374,13.986626547483395,4.504584454344394,0.9467180067421093,-143.52207477870132,-1.9734933255179063,1.9734933255179063,0.04414473518205445,21,-0.3959722222222224,-5702,3.740298270854427,196.63636363636363,70.55787144706461,4.4842361111111115,1.6247392151853512
RHF_MPM_P27,301,0.01505,15.05,0,255,5.6755555555555555,31.674093641723854,81728,320.5019607843137,16,246,255,0.884825984900476,110,110,279,0.019375,21,21,0.6326530612244898,70.44444444444444,61.19713261648746,0.07722222222222222,0.008472222222222223,0.024930555555555556,0.018333333333333333,0.013402777777777777,1,72.24765074393109,62.38724794440094,11.086971828766647,4.63172092091693,0.9085562749353667,-140.70269476721623,-1.8995327271222904,1.8995327271222904,0.020176683633516053,20,0.17124999999999968,2466,1.7763462550094062,196.63636363636363,70.5578714470646,4.453901515151515,1.598893016059756
RHF_MPM_P27,302,0.0151,15.1,0,255,6.052847222222222,32.86701823601677,87161,341.8078431372549,16,251,255,0.9013021445385634,107,107,309,0.021458333333333333,23,22,0.6106719367588933,71.0453074433657,61.70550161812298,0.07847222222222222,0.008680555555555556,0.026805555555555555,0.01972222222222222,0.014513888888888889,1,72.13484241805395,62.46316586546735,9.233559506212249,4.669533169285946,0.8627016475105916,-136.54799439942403,-0.7869593264953374,0.7869593264953374,0.015018184738587213,30,0.37729166666666636,5433,0.13597517834608291,202.45454545454547,76.67921804073671,4.517708333333332,1.6467089701201394
RHF_MPM_P27,303,0.01515,15.15,0,255,5.989166666666667,32.48484508838954,86244,338.21176470588233,18,250,255,0.9210626131875492,110,110,293,0.02034722222222222,22,22,0.6053719008264463,70.6962457337884,61.62457337883959,0.08083333333333333,0.00875,0.025902777777777778,0.018819444444444444,0.014305555555555556,1,72.25949631278698,62.68795510412318,9.908899388352248,4.6407692978712145,0.8835464345430709,-136.138161677511,-0.7587629224132505,0.7587629224132505,0.01753165437595659,-16,-0.06368055555555507,-917,0.2570385093474927,209.36363636363637,80.98178552475154,4.631357323232323,1.700328445900077
RHF_MPM_P27,304,0.0152,15.2,0,255,6.038125,32.650197878181,86949,340.9764705882353,19,253,255,0.9556435047400098,112,112,288,0.02,22,20,0.6545454545454545,70.39930555555556,61.138888888888886,0.085,0.008958333333333334,0.025763888888888888,0.01888888888888889,0.014513888888888889,1,72.30508689001599,62.56868969165833,10.300225264384542,4.639924243897281,0.8927924583694807,-136.8321535885349,-1.0458796212502262,1.0458796212502262,0.02380705931063037,-5,0.048958333333333215,705,0.12768218099048176,218.0,83.79303507614894,4.794002525252525,1.7410581004152048
RHF_MPM_P27,305,0.01525,15.25,0,255,6.398611111111111,33.455851892438275,92140,361.3333333333333,20,253,255,1.002428391853099,106,106,309,0.021458333333333333,23,22,0.6106719367588933,70.98058252427184,61.51779935275081,0.08958333333333333,0.009583333333333333,0.027430555555555555,0.02,0.015277777777777777,1,72.99357499457348,63.11320816149338,10.97617148057527,4.633456629953867,0.9065316856785925,-137.12704726984728,-1.035471987965326,1.035471987965326,0.02293249403082266,21,0.3604861111111113,5191,0.8777905411364822,229.1818181818182,86.92506509717873,5.019116161616162,1.7735862158646145
RHF_MPM_P27,306,0.0153,15.3,0,255,6.48625,33.213103251641016,93402,366.2823529411765,23,252,255,1.0382233451757974,109,109,308,0.021388888888888888,24,22,0.5833333333333334,71.30194805194805,61.607142857142854,0.09236111111111112,0.009305555555555555,0.027777777777777776,0.01986111111111111,0.014722222222222222,1,73.69791867411833,63.58102610222479,11.957517168173306,4.446906033886425,0.9282759689083023,-137.90948997261572,-1.067961305739324,1.067961305739324,0.022012376608637932,-1,0.08763888888888882,1262,0.845549315288559,256.54545454545456,53.705194663871175,5.607140151515152,0.8495653591506684
RHF_MPM_P27,307,0.01535,15.35,0,255,6.275416666666667,32.34510062665768,90366,354.3764705882353,23,250,255,1.0452731474780925,109,109,291,0.02020833333333333,23,21,0.6024844720496895,70.7147766323024,60.914089347079035,0.093125,0.008888888888888889,0.026805555555555555,0.018541666666666668,0.013819444444444445,1,73.84413385565368,63.49555142420822,12.528841421269611,4.457954094044977,0.934556278017297,-138.2978549023995,-1.236426796329881,1.236426796329881,0.02267445720735675,-17,-0.21083333333333343,-3036,0.16936587582347337,270.27272727272725,39.60966573747765,5.879179292929293,0.44417620912290057
RHF_MPM_P27,308,0.0154,15.4,0,255,6.134444444444444,31.898980865333513,88336,346.4156862745098,22,250,255,1.0633449261022405,109,109,284,0.01972222222222222,22,21,0.6147186147186147,70.41197183098592,60.725352112676056,0.09555555555555556,0.008611111111111111,0.025555555555555557,0.018194444444444444,0.013402777777777777,1,73.7696182756747,63.489630501720704,13.057435797653163,4.505288217105466,0.9385893728184485,-137.98424389931648,-1.399318298937102,1.399318298937102,0.026308639739177686,-7,-0.1409722222222225,-2030,0.07475044469905681,279.09090909090907,29.62939126013697,5.989892676767676,0.3266888455701653
RHF_MPM_P27,309,0.01545,15.45,0,255,6.008819444444445,31.571910731176843,86527,339.321568627451,21,248,255,1.071186081738919,109,109,278,0.019305555555555555,22,20,0.6318181818181818,70.34172661870504,60.46402877697842,0.0973611111111111,0.008541666666666666,0.024930555555555556,0.017569444444444443,0.013333333333333334,1,73.76977128526356,63.35926358246559,13.42915097037083,4.527044848109771,0.9414667658637881,-138.29300685392255,-1.513625932832528,1.513625932832528,0.029216313982918626,-6,-0.12562499999999943,-1809,0.1303670090475518,285.09090909090907,20.804084150843362,6.042165404040404,0.2755268646638003
RHF_MPM_P27,310,0.0155,15.5,0,255,5.836944444444445,31.190402220291745,84052,329.6156862745098,19,246,255,1.031668965346736,108,108,271,0.018819444444444444,22,20,0.615909090909091,70.14391143911439,60.38745387453874,0.09354166666666666,0.008402777777777778,0.024444444444444446,0.017083333333333332,0.012847222222222222,1,73.50089230476372,63.14144815114453,13.146951595066833,4.451099344235942,0.9409429602150646,-138.4340845268113,-1.7002473740303072,1.7002473740303072,0.02808975396183315,-7,-0.171875,-2475,0.34603391203205613,288.09090909090907,15.500466535234267,6.036407828282828,0.27907061373789555
RHF_MPM_P27,311,0.01555,15.55,0,255,5.58125,30.682777626576513,80370,315.1764705882353,18,243,255,0.9840702854907988,106,106,262,0.018194444444444444,21,19,0.656641604010025,69.82442748091603,60.095419847328245,0.08861111111111111,0.008194444444444445,0.02361111111111111,0.016666666666666666,0.0125,1,72.92386462610426,62.615353987806394,12.599676896095563,4.467920804874068,0.9350158272339226,-138.8678755907401,-1.7388711584977001,1.7388711584977001,0.02892870474057484,-9,-0.2556944444444449,-3682,0.7808559474304984,288.3636363636364,15.004682464743086,6.043402777777777,0.2663186880199443
RHF_MPM_P27,312,0.0156,15.6,0,255,5.381319444444444,30.225436738562507,77491,303.8862745098039,17,239,255,0.9576215646247219,110,110,249,0.017291666666666667,20,18,0.6916666666666667,69.43775100401606,59.907630522088354,0.08625,0.007847222222222222,0.02263888888888889,0.015902777777777776,0.012152777777777778,1,72.60933527764514,62.35925462311752,12.202675002708848,4.382702293411434,0.9332763310876319,-139.04267500713473,-1.8278985643707273,1.8278985643707273,0.029487295298808894,-13,-0.1999305555555555,-2879,0.4056052214113632,285.6363636363636,18.72418332858109,6.01665404040404,0.31266514129547324
RHF_MPM_P27,313,0.01565,15.65,0,255,5.1681944444444445,29.738259393245748,74422,291.8509803921569,15,233,255,0.920635004064562,109,109,245,0.017013888888888887,20,18,0.6805555555555556,69.31020408163265,59.79183673469388,0.08277777777777778,0.007569444444444445,0.021736111111111112,0.015347222222222222,0.011875,1,72.18657117519014,61.94191233774959,11.730423947940993,4.422017171234922,0.926225494653177,-139.23887521659978,-1.870117799086473,1.870117799086473,0.029695520141893528,-4,-0.2131249999999998,-3069,0.594057294779479,279.8181818181818,20.426445344736013,5.936231060606061,0.3957480515641289
RHF_MPM_P27,314,0.0157,15.7,0,255,5.020902777777778,29.56223979009734,72301,283.53333333333336,14,234,255,0.8623512587462314,110,110,240,0.016666666666666666,20,18,0.6666666666666666,69.0125,59.575,0.07652777777777778,0.007430555555555556,0.021111111111111112,0.01513888888888889,0.01173611111111111,1,71.5954136180689,61.47450242735232,10.905980938571773,4.057429192447285,0.9282178723997627,-139.81191069230857,-1.9431679069466714,1.9431679069466714,0.028270701650046335,-5,-0.14729166666666682,-2121,0.7536174637567342,275.0,22.855275897779848,5.848207070707071,0.47410920871443507
RHF_MPM_P27,315,0.01575,15.75,0,11,0.020277777777777777,0.35746783935459076,292,26.545454545454547,0,0,7,0.057527827120372785,3,8,10,0.0006944444444444445,32,101,0.003094059405940594,95.6,57.0,0.004652777777777777,0.0,0.0,0.0,0.0,0,87.97945205479452,55.917808219178085,31.550870566132097,22.952626430218594,0.6861289169002124,101.18343689445935,-0.30094284002750826,0.30094284002750826,0.0,-230,-5.000625,-72009,17.30068108541567,249.72727272727272,79.07199355833427,5.3011300505050505,1.7349100070142016
RHF_MPM_P27,316,0.0158,15.8,0,255,3.0052777777777777,22.25339174973747,43276,169.70980392156864,0,101,255,0.6013398198604183,107,107,138,0.009583333333333333,14,13,0.7582417582417582,63.97826086956522,55.072463768115945,0.049930555555555554,0.003263888888888889,0.012777777777777779,0.008472222222222223,0.00625,1,63.40306405397911,53.70466309270727,7.101604400563824,5.202031299508044,0.6807509582728851,51.07210628032394,-0.8391260630858625,0.8391260630858625,0.017145762085220447,128,2.985,42984,24.675835518122692,234.1818181818182,82.62051053056122,4.992645202020202,1.8122994213134633
RHF_MPM_P27,317,0.01585,15.85,0,255,5.546319444444444,27.93391147090972,79867,313.20392156862744,27,179,255,1.0620981163845893,104,104,217,0.015069444444444444,22,22,0.44834710743801653,60.755760368663594,51.903225806451616,0.0925,0.005625,0.026041666666666668,0.012777777777777779,0.009027777777777777,1,55.27793707037951,45.131180587727094,17.508768975790353,4.137533415579991,0.9716772129810707,49.7701411311635,-1.161554117550733,1.161554117550733,0.00688644872099866,79,2.5410416666666666,36591,11.811955416560778,225.9090909090909,79.30430980545135,4.90719696969697,1.7613038968363806
RHF_MPM_P27,318,0.0159,15.9,0,255,6.1594444444444445,29.875372981813456,88696,347.82745098039214,27,215,255,1.1831785181689447,97,97,292,0.020277777777777777,33,29,0.3051201671891327,58.17123287671233,49.386986301369866,0.10680555555555556,0.006736111111111111,0.02861111111111111,0.013888888888888888,0.010763888888888889,1,54.528828808514476,45.576824208532514,16.774138446704185,4.678315032844975,0.9603200143467235,-135.5795445892394,1.0504735945162653,1.0504735945162653,0.024961666816992873,75,0.6131250000000001,8829,0.8716429456830446,226.0,79.37941111579822,4.896654040404041,1.7534117780906706
RHF_MPM_P27,319,0.01595,15.95,0,255,6.190486111111111,29.80424850470756,89143,349.58039215686273,31,222,255,1.2096223959273318,110,110,229,0.015902777777777776,18,20,0.6361111111111111,61.7117903930131,52.200873362445414,0.109375,0.006805555555555555,0.025902777777777778,0.014444444444444444,0.010972222222222222,1,53.65993964753262,45.03318263913039,19.28654243806107,4.798462795954485,0.9685552680382006,-139.57808566560072,1.1371612663758508,1.1371612663758508,0.011532032801229485,-63,0.031041666666666856,447,1.024946110804741,221.0,77.27283422452491,4.901748737373738,1.757078472055357
RHF_MPM_P27,320,0.016,16.0,0,255,6.3592361111111115,31.848816775070766,91573,359.10980392156864,25,246,255,1.1499888987191338,110,110,275,0.019097222222222224,21,21,0.6235827664399093,60.78545454545455,51.414545454545454,0.10409722222222222,0.008125,0.0275,0.017638888888888888,0.013125,1,54.88480228888428,45.95133936859118,19.456412063097787,5.315968746423619,0.9619502921105983,-138.79946544219496,1.6208406866847185,1.6208406866847185,0.03672479879440446,46,0.16875000000000018,2430,1.5307842010006205,220.72727272727272,77.07622072762061,4.933604797979798,1.7798895094957539
RHF_MPM_P27,321,0.01605,16.05,0,255,6.570069444444444,33.557464499069184,94609,371.0156862745098,22,253,255,1.0197593699600394,110,110,308,0.021388888888888888,24,21,0.6111111111111112,59.782467532467535,50.935064935064936,0.09,0.009236111111111112,0.03013888888888889,0.020069444444444445,0.015,1,56.58656153220095,47.93139130526694,14.769778550368155,5.340704400781094,0.9323345788652324,-142.30453654832326,1.6143849619833905,1.6143849619833905,0.02128761534314917,33,0.21083333333333254,3036,2.6108600487477642,224.0909090909091,79.95050121561528,5.000252525252525,1.8256059077204119
RHF_MPM_P27,322,0.0161,16.1,0,255,7.135347222222222,34.573855336020934,102749,402.9372549019608,28,253,255,1.0882685430448742,106,106,352,0.024444444444444446,54,43,0.1515934539190353,57.86363636363637,49.25,0.095625,0.008958333333333334,0.03423611111111111,0.021805555555555557,0.015416666666666667,1,55.57995698254971,47.01552326543324,16.004457357632468,5.1150625114659,0.947551753053547,-141.95291960359123,1.6053190921982632,1.6053190921982632,0.02818518915025937,44,0.5652777777777782,8140,1.3609066778318832,232.27272727272728,87.64607641385781,5.141534090909091,1.922657068745501
RHF_MPM_P27,323,0.01615,16.15,0,255,7.354930555555556,34.71341294355284,105911,415.33725490196076,32,254,255,1.167239673904712,106,106,348,0.024166666666666666,57,47,0.12989921612541994,58.49425287356322,49.80172413793103,0.10388888888888889,0.00951388888888889,0.035416666666666666,0.02125,0.01576388888888889,1,54.83799605329003,46.22825768805884,17.57132398273314,5.194802032969298,0.9552991460083117,-141.05265816905447,1.6615452740204313,1.6615452740204313,0.0317247500259652,-4,0.21958333333333346,3162,1.0818008642382098,241.27272727272728,93.77060104230276,5.320953282828283,2.0259730642378098
RHF_MPM_P27,324,0.0162,16.2,0,255,7.027152777777777,33.70456652136808,101191,396.82745098039214,31,251,255,1.1229575377151582,105,105,327,0.022708333333333334,27,24,0.5046296296296297,59.12232415902141,50.36085626911315,0.09888888888888889,0.008819444444444444,0.03319444444444444,0.02013888888888889,0.014305555555555556,1,54.79447776976213,46.11612692828414,18.516606069142476,4.8502953995767895,0.9650833451916968,-139.85159160570566,1.786231114595468,1.786231114595468,0.04920398059115929,-21,-0.3277777777777784,-4720,0.12027945913108301,248.72727272727272,96.97524605334826,5.489949494949495,2.0829144783261047
RHF_MPM_P27,325,0.01625,16.25,0,255,6.262847222222222,31.902296725122625,90185,353.6666666666667,24,245,255,1.0654398446396387,108,108,285,0.019791666666666666,25,21,0.5428571428571428,60.38947368421053,51.27017543859649,0.09416666666666666,0.008055555555555555,0.027777777777777776,0.017986111111111112,0.013194444444444444,1,56.96925209292011,47.86032045240339,15.113723740663216,4.569616441021973,0.9531973536243745,-139.38934201633842,1.8563065603850066,1.8563065603850066,0.02787603259965626,-42,-0.7643055555555556,-11006,2.787804585376596,252.8181818181818,97.46870656949633,5.602853535353535,2.088083190009968
RHF_MPM_P27,326,0.0163,16.3,0,255,5.4575,29.80168711434155,78588,308.18823529411765,20,228,255,0.9664263140478637,106,106,255,0.017708333333333333,23,20,0.5543478260869565,60.96470588235294,51.898039215686275,0.08458333333333333,0.006666666666666667,0.02361111111111111,0.01611111111111111,0.011527777777777777,1,58.20436962386115,49.035883340968084,12.705574257197693,4.531422523799931,0.9342386902438776,-138.66660239249597,1.3480451297417178,1.3480451297417178,0.025194686211635363,-30,-0.8053472222222222,-11597,1.7051285641289486,275.09090909090907,60.369249465201534,6.097146464646465,1.1333538544816537
RHF_MPM_P27,327,0.01635,16.35,0,255,4.7068055555555555,27.407306068029303,67778,265.79607843137256,16,188,255,0.893246237608702,104,104,220,0.015277777777777777,20,18,0.6111111111111112,62.07727272727273,52.78636363636364,0.07861111111111112,0.005555555555555556,0.02020833333333333,0.013402777777777777,0.009791666666666667,1,58.673330579244,49.46001652453599,13.22302953990211,4.423540076252487,0.9423840273218553,-138.29053015373646,1.669010646613896,1.669010646613896,0.031868747971318126,-35,-0.7506944444444441,-10810,0.6323079432341845,282.54545454545456,46.43541680532541,6.2518308080808085,0.7531507584000589
RHF_MPM_P27,328,0.0164,16.4,0,255,4.076736111111111,25.37310229165099,58705,230.2156862745098,14,150,255,0.8397982390991464,102,102,187,0.012986111111111111,18,17,0.6111111111111112,62.72192513368984,53.55614973262032,0.07409722222222222,0.0044444444444444444,0.016944444444444446,0.011597222222222222,0.008263888888888888,1,59.228958351077424,50.03621497317094,13.675989940623577,4.303643849030202,0.9491957978013222,-138.2173532604073,1.9650927148154889,1.9650927148154889,0.03767992504897368,-33,-0.6300694444444446,-9073,0.8004541667340493,279.8181818181818,50.87385143991536,6.118232323232323,0.9665568347837108
RHF_MPM_P27,329,0.01645,16.45,0,255,3.5926388888888887,24.11322887804854,51734,202.87843137254902,11,136,255,0.7644025894140631,103,103,167,0.011597222222222222,17,14,0.7016806722689075,63.33532934131737,54.32934131736527,0.06763888888888889,0.003958333333333334,0.014722222222222222,0.010625,0.007430555555555556,1,60.21289674102138,51.05675184598137,13.330125723109251,4.160459209842291,0.9500461274594375,-138.0839295530725,2.4091865637175487,2.4091865637175487,0.03962577801832451,-20,-0.4840972222222222,-6971,1.4176142860352352,268.45454545454544,60.021759139898045,5.8848863636363635,1.2080985553845527
RHF_MPM_P27,330,0.0165,16.5,0,255,3.4325,24.092608349519427,49428,193.83529411764707,5,140,255,0.6973099104398532,106,106,168,0.011666666666666667,16,15,0.7,63.32738095238095,54.19642857142857,0.06041666666666667,0.0042361111111111115,0.015,0.010347222222222223,0.007638888888888889,1,61.27474306061342,51.92390952496561,12.143683361185548,4.246577313061386,0.9368638481750656,-137.85109719336563,2.9606337846725257,2.9606337846725257,0.03643683742008578,1,-0.1601388888888886,-2306,1.3709412994918815,262.90909090909093,65.93723537019476,5.6341603535353535,1.391004611850558
RHF_MPM_P27,331,0.01655,16.55,0,255,3.4720833333333334,24.65293082855464,49998,196.0705882352941,2,146,255,0.6338677240133642,105,105,174,0.012083333333333333,16,15,0.725,63.31609195402299,54.0919540229885,0.05333333333333334,0.0042361111111111115,0.015694444444444445,0.011111111111111112,0.007847222222222222,1,62.02530101204048,52.54720188807552,10.15584437675879,4.155134558959961,0.912472840659883,-138.65146976247158,3.2317141872925244,3.2317141872925244,0.023880955238209527,6,0.039583333333333304,570,0.9756180647986822,253.72727272727272,70.48931693280119,5.371691919191918,1.4977221446963656
RHF_MPM_P27,332,0.0166,16.6,0,255,3.4563194444444445,24.736568360047205,49771,195.18039215686275,1,147,255,0.6081794030779492,104,104,174,0.012083333333333333,16,15,0.725,63.367816091954026,54.132183908045974,0.050763888888888886,0.004375,0.015625,0.011180555555555555,0.008125,1,62.39261819131623,52.88057302445199,9.160031550559,4.093138661079796,0.8946100653508425,-139.0421452061947,3.1958698119468942,3.1958698119468942,0.01748005866870266,0,-0.01576388888888891,-227,0.4960425634560344,241.54545454545453,71.62701831059364,5.088623737373736,1.5381815510148287
RHF_MPM_P27,333,0.01665,16.65,0,255,3.535,25.41821902363211,50904,199.6235294117647,0,165,255,0.5561545851385197,107,107,179,0.012430555555555556,16,15,0.7458333333333333,63.44134078212291,54.02793296089386,0.04569444444444445,0.004930555555555555,0.015902777777777776,0.01173611111111111,0.008611111111111111,1,63.0719196919692,53.447882288228826,6.765179290746786,4.1658720024040115,0.7879169940993933,-140.12770665772166,1.4737530854813266,1.4737530854813266,0.012022630834512023,5,0.07868055555555564,1133,0.8850369085842632,225.8181818181818,64.2619895878203,4.761319444444444,1.448268179420374
RHF_MPM_P27,334,0.0167,16.7,0,255,3.69,26.147934059033336,53136,208.3764705882353,0,171,255,0.5433851876401021,108,108,193,0.013402777777777777,17,16,0.7095588235294118,62.994818652849744,53.803108808290155,0.04416666666666667,0.005138888888888889,0.01673611111111111,0.012291666666666666,0.009166666666666667,1,62.92835365853659,53.414765883769945,6.31581033987158,4.200817268920845,0.7467300738701023,-141.2794012342178,0.47664270557175703,0.47664270557175703,0.00950391448358928,14,0.1549999999999998,2232,0.14733601799919224,211.72727272727272,51.689793100222424,4.428143939393939,1.216258404895976
RHF_MPM_P27,335,0.01675,16.75,0,255,3.6749305555555556,25.841774628833054,52919,207.52549019607844,0,169,255,0.551883172460745,105,105,193,0.013402777777777777,17,16,0.7095588235294118,63.09844559585492,53.87564766839378,0.04465277777777778,0.004930555555555555,0.016805555555555556,0.011944444444444445,0.00875,1,62.82752886486895,53.38012812033485,6.584402431506939,4.310513888844471,0.7559275429348377,-139.55202112654104,0.7519669859985358,0.7519669859985358,0.006972920879079348,0,-0.015069444444444358,-217,0.10660869417597445,199.54545454545453,36.70611451754607,4.123396464646465,0.9076959735737768
RHF_MPM_P27,336,0.0168,16.8,0,255,3.6771527777777777,25.87218326491457,52951,207.65098039215687,0,169,255,0.5526476092977269,109,109,183,0.012708333333333334,16,15,0.7625,63.387978142076506,53.978142076502735,0.045,0.005,0.016666666666666666,0.012222222222222223,0.008888888888888889,1,62.93087949236086,53.39842495892429,6.432874721987343,4.320581224536025,0.7408769229109916,-140.34128573303124,0.46934868155754034,0.46934868155754034,0.010972408453098147,-10,0.0022222222222221255,32,0.10495773675789045,190.27272727272728,24.947548282130978,3.8883333333333328,0.6088076451042428
RHF_MPM_P27,337,0.01685,16.85,0,255,3.758263888888889,26.20653215405415,54119,212.2313725490196,0,177,255,0.5630172416569882,109,109,191,0.01326388888888889,17,15,0.7490196078431373,63.93717277486911,54.12565445026178,0.04576388888888889,0.005208333333333333,0.017152777777777777,0.012291666666666666,0.009027777777777777,1,63.403296439328145,53.510375284096156,6.477612440756052,4.268366299037786,0.7521943738740567,-141.1077320745562,0.7965424232597803,0.7965424232597803,0.011474713132171696,8,0.08111111111111136,1168,0.4855004089472824,184.45454545454547,14.411886737649686,3.733857323232323,0.352814276928118
RHF_MPM_P27,338,0.0169,16.9,0,255,3.8255555555555554,26.79389155556463,55088,216.0313725490196,0,194,255,0.5526951366329727,108,108,201,0.013958333333333333,17,16,0.7389705882352942,64.00995024875621,54.32835820895522,0.045625,0.005694444444444445,0.017013888888888887,0.012638888888888889,0.009652777777777777,1,63.85483226837061,53.99174048794656,5.923127492966989,4.068589504346571,0.7267530256927862,-143.62490146293416,-0.003648783814741911,0.003648783814741911,0.011254719721173395,10,0.0672916666666663,969,0.6599977760470129,182.72727272727272,10.711853324840318,3.653743686868687,0.18101662782293756
RHF_MPM_P27,339,0.01695,16.95,0,11,0.019444444444444445,0.35223054669447873,280,25.454545454545453,0,0,7,0.05599357987578596,3,8,10,0.0006944444444444445,32,107,0.0029205607476635513,98.1,64.1,0.0045138888888888885,0.0,0.0,0.0,0.0,0,84.63928571428572,62.07857142857143,31.88479567819723,27.447715528307285,0.5088752907379848,89.63549824366495,-0.2598880613216586,0.2598880613216586,0.0,-191,-3.806111111111111,-54808,22.302249655755812,166.63636363636363,50.65977914618752,3.28489898989899,1.0398048371183484
RHF_MPM_P27,340,0.017,17.0,0,255,3.3575694444444446,22.50819275985129,48349,189.60392156862744,11,101,255,0.7748939056558498,107,107,140,0.009722222222222222,13,13,0.8284023668639053,67.01428571428572,57.42142857142857,0.06763888888888889,0.0036805555555555554,0.01326388888888889,0.008541666666666666,0.0061805555555555555,1,69.88030776231153,59.6569732569443,9.44744578427883,5.187648002874504,0.8357527958875262,-139.35100145211845,-0.9647350062378423,0.9647350062378423,0.02359924714058202,130,3.3381250000000002,48069,14.956322004145541,164.1818181818182,51.23354402203552,3.2635290404040402,1.035667936411518
RHF_MPM_P27,341,0.01705,17.05,0,255,4.617152777777778,25.770995166918286,66487,260.73333333333335,19,148,255,1.0220809570987366,105,105,188,0.013055555555555556,20,19,0.49473684210526314,68.9627659574468,59.61702127659574,0.09256944444444444,0.005,0.01861111111111111,0.011180555555555555,0.00798611111111111,1,75.33465188683502,64.66886759817709,17.236778055167495,4.257134378428579,0.9690206523947387,-140.9767931552237,-1.4437476226576502,1.4437476226576502,0.024260381728759006,48,1.2595833333333335,18138,7.407358146897256,166.0,51.689633214196654,3.371224747474747,1.1067911373252375
RHF_MPM_P27,342,0.0171,17.1,0,255,5.652638888888889,28.756623029073936,81398,319.2078431372549,26,203,255,1.0640605227959907,108,108,210,0.014583333333333334,17,19,0.6501547987616099,69.07142857142857,60.042857142857144,0.09381944444444444,0.006388888888888889,0.026944444444444444,0.013402777777777777,0.010277777777777778,1,76.60318435342391,66.36252733482395,17.7617212470693,4.1889883100308865,0.9717910246400103,-139.57485123041428,-1.0740287663723098,1.0740287663723098,0.010847932381630999,22,1.035486111111111,14911,2.116047712677772,169.27272727272728,53.209860516621795,3.5694570707070707,1.2876078692629538
RHF_MPM_P27,343,0.01715,17.15,0,255,5.629305555555556,29.73409382558779,81062,317.89019607843136,23,229,255,1.0042482536284048,108,108,234,0.01625,20,19,0.6157894736842106,69.57692307692308,60.43162393162393,0.08833333333333333,0.007430555555555556,0.022847222222222224,0.015069444444444444,0.011597222222222222,1,76.01802324146949,65.73031753472651,19.06065421272071,4.1441027375625135,0.97607890032124,-138.60497100304715,-1.58160849710705,1.58160849710705,0.010226740026152821,24,-0.023333333333333428,-336,0.8614538631191929,174.72727272727272,56.394859387086484,3.767001262626263,1.4154404758542611
RHF_MPM_P27,344,0.0172,17.2,0,255,5.322708333333333,30.50522652665783,76647,300.5764705882353,14,235,255,0.810236922036069,107,107,267,0.018541666666666668,21,21,0.6054421768707483,70.37078651685393,61.10112359550562,0.06909722222222223,0.007569444444444445,0.024027777777777776,0.017013888888888887,0.012013888888888888,1,71.62517776299137,61.95270525917518,9.471886361187359,4.364720698364605,0.8874998690083807,-136.6146304711799,-1.1226585702031482,1.1226585702031482,0.022662335120748365,33,-0.30659722222222285,-4415,5.793741960269007,182.72727272727272,62.3597931495358,3.9295202020202016,1.4806034577238083
RHF_MPM_P27,345,0.01725,17.25,0,255,5.691388888888889,31.609391770026,81956,321.39607843137253,16,246,255,0.8714351716006157,108,108,284,0.01972222222222222,22,21,0.6147186147186147,70.61971830985915,61.32746478873239,0.07541666666666667,0.008333333333333333,0.025555555555555557,0.018194444444444444,0.013055555555555556,1,71.95877055981258,62.205951974230075,9.664503311375821,4.474308509142865,0.8863775486928481,-136.96099995289134,-0.9875758720558335,0.9875758720558335,0.020205964175899264,17,0.3686805555555557,5309,0.4188293838510968,191.0,68.87010170669787,4.111464646464646,1.5607900779688784
RHF_MPM_P27,346,0.0173,17.3,0,255,6.092291666666667,32.60279506633063,87729,344.0352941176471,17,248,255,0.9249615720814838,105,105,312,0.021666666666666667,23,24,0.5652173913043478,71.15705128205128,61.80128205128205,0.08055555555555556,0.008680555555555556,0.02763888888888889,0.019583333333333335,0.013888888888888888,1,72.46001892190723,62.73079597396528,10.183842784102607,4.531173989816559,0.8955616017634008,-136.2576097695932,-0.9416688498635494,0.9416688498635494,0.015764456451116505,28,0.4009027777777785,5773,0.7257486786488989,201.8181818181818,77.17962305476772,4.331224747474748,1.6514070169466786
RHF_MPM_P27,347,0.01735,17.35,0,255,6.004583333333334,32.21030039001931,86466,339.08235294117645,19,250,255,0.9274338638221472,109,109,287,0.019930555555555556,22,23,0.567193675889328,70.4390243902439,61.31707317073171,0.0804861111111111,0.008611111111111111,0.026458333333333334,0.018472222222222223,0.013819444444444445,1,72.39166840145259,62.819651654985776,10.446579621771159,4.4279469241335105,0.9057250449174944,-135.68855822965148,-1.0888417169827809,1.0888417169827809,0.01587907385561955,-25,-0.0877083333333335,-1263,0.11210319217594579,211.27272727272728,80.5899733320026,4.542809343434343,1.7023637805184064
RHF_MPM_P27,348,0.0174,17.4,0,255,5.972152777777778,32.16511636296883,85999,337.25098039215686,20,250,255,0.9424539873602671,110,110,284,0.01972222222222222,21,22,0.6147186147186147,70.37323943661971,60.95422535211268,0.08298611111111111,0.008819444444444444,0.025,0.018125,0.013958333333333333,1,72.51166874033419,62.78663705391923,10.994522502664294,4.521450440598391,0.9115245191211986,-135.51382854912654,-1.1825764900072087,1.1825764900072087,0.02284910289654531,-3,-0.03243055555555596,-467,0.12445901018118814,219.72727272727272,82.86581805336198,4.744071969696971,1.7283835023841694
RHF_MPM_P27,349,0.01745,17.45,0,255,6.166666666666667,32.557950471258,88800,348.2352941176471,21,251,255,0.9877088677371808,109,109,297,0.020625,22,22,0.6136363636363636,70.71043771043772,61.101010101010104,0.08777777777777777,0.008819444444444444,0.026319444444444444,0.018819444444444444,0.014097222222222223,1,72.9477027027027,63.11671171171171,11.715726801955828,4.453274091299552,0.9249409670026888,-135.72624148822297,-1.3583153630723037,1.3583153630723037,0.023772522522522523,13,0.19451388888888932,2801,0.5468774049598389,228.45454545454547,85.44893598610238,4.956900252525252,1.7462232871793646
RHF_MPM_P27,350,0.0175,17.5,0,255,6.385972222222223,33.070598689257125,91958,360.61960784313726,21,252,255,1.0220785432833934,109,109,303,0.021041666666666667,22,23,0.5988142292490118,70.86138613861387,61.27062706270627,0.09104166666666667,0.009027777777777777,0.02722222222222222,0.019583333333333335,0.014652777777777778,1,73.28428195480545,63.34248243763457,11.974275827040213,4.56229414269944,0.9245717663493503,-135.39765183322962,-1.2857996719669273,1.2857996719669273,0.024783053132952,6,0.21930555555555564,3158,0.4052875690541032,255.0909090909091,52.524374507035986,5.535675505050505,0.8268913070867995
RHF_MPM_P27,351,0.01755,17.55,0,255,6.276319444444445,32.52397142123124,90379,354.42745098039217,21,252,255,1.044205589319988,107,107,301,0.020902777777777777,22,22,0.621900826446281,70.68106312292359,60.970099667774086,0.09354166666666666,0.008611111111111111,0.02673611111111111,0.018958333333333334,0.013888888888888888,1,73.43946049414134,63.348421646621446,12.609828758521832,4.499145114263218,0.9341820618783012,-135.82436103391169,-1.313184694261078,1.313184694261078,0.025094325009128227,-2,-0.10965277777777782,-1579,0.15529215457907378,269.72727272727275,39.14098272815362,5.801016414141414,0.48158688693978674
RHF_MPM_P27,352,0.0176,17.6,0,255,6.306319444444444,32.46118603738179,90811,356.121568627451,21,252,255,1.068047346783231,109,109,294,0.020416666666666666,22,22,0.6074380165289256,70.7687074829932,60.86734693877551,0.0961111111111111,0.008680555555555556,0.026805555555555555,0.018680555555555554,0.013958333333333333,1,73.76639393906025,63.51074209071588,13.169867826623184,4.544546356896355,0.938576391979834,-136.39578235469182,-1.4099239227165021,1.4099239227165021,0.02580083910539472,-7,0.02999999999999936,432,0.3650115121164788,279.3636363636364,29.757421464760768,5.954577020202021,0.3227148772881961
RHF_MPM_P27,353,0.01765,17.65,0,255,6.214097222222223,32.25668205782233,89483,350.9137254901961,21,252,255,1.0575146278461722,109,109,290,0.02013888888888889,23,21,0.6004140786749482,70.65862068965517,60.734482758620686,0.09527777777777778,0.008680555555555556,0.026180555555555554,0.018333333333333333,0.013680555555555555,1,73.67611725132149,63.32546964227842,13.117378809324721,4.4836207379022435,0.9397699261485248,-136.9894908128021,-1.503857124142813,1.503857124142813,0.02683191220678788,-4,-0.09222222222222154,-1328,0.20609648347095438,286.6363636363636,20.13713316814002,6.005618686868687,0.3152373050249041
RHF_MPM_P27,354,0.0177,17.7,0,255,6.103680555555556,31.980421750539808,87893,344.678431372549,21,250,255,1.0460474058333307,109,109,286,0.01986111111111111,22,20,0.65,70.2867132867133,60.45454545454545,0.09423611111111112,0.008819444444444444,0.025833333333333333,0.017916666666666668,0.013541666666666667,1,73.5562786570034,63.13139840487866,13.087495276893783,4.494162678537593,0.9391915704849556,-137.68343904716707,-1.58450871407946,1.58450871407946,0.02617955923679929,-4,-0.11041666666666661,-1590,0.22808974960310785,291.3636363636364,11.459594846659579,6.048743686868687,0.29242983287210433
RHF_MPM_P27,355,0.01775,17.75,0,255,5.969027777777778,31.62271312151908,85954,337.07450980392156,20,248,255,1.023832103611283,109,109,279,0.019375,22,19,0.6674641148325359,70.12544802867383,60.236559139784944,0.0920138888888889,0.00875,0.025277777777777777,0.0175,0.013055555555555556,1,73.3675454312772,62.941806082323104,12.990035058719103,4.549457752233685,0.9366649475971679,-137.84550465456917,-1.577082743935288,1.577082743935288,0.026141889848058264,-7,-0.13465277777777818,-1939,0.26751725040645546,292.45454545454544,9.490316944258465,6.107500000000001,0.1863328455425996
RHF_MPM_P27,356,0.0178,17.8,0,255,5.664722222222222,30.79731147953152,81572,319.89019607843136,20,242,255,1.0005838468758168,111,111,255,0.017708333333333333,20,18,0.7083333333333334,69.56470588235294,59.819607843137256,0.09027777777777778,0.008194444444444445,0.02347222222222222,0.016666666666666666,0.012569444444444444,1,73.03944981120974,62.65178002255676,12.993412993689313,4.5203429859906565,0.9375335150620738,-138.2759590357915,-1.671731332245725,1.671731332245725,0.028355318001274946,-24,-0.3043055555555556,-4382,0.4379062128481883,289.8181818181818,14.288063561259046,6.105075757575758,0.19182337516274095
RHF_MPM_P27,357,0.01785,17.85,0,255,5.4655555555555555,30.314436553897,78704,308.64313725490194,18,237,255,0.9750029138056768,109,109,252,0.0175,20,18,0.7,69.42063492063492,59.80555555555556,0.08777777777777777,0.007638888888888889,0.02277777777777778,0.01611111111111111,0.012222222222222223,1,72.72951819475503,62.437474588330964,12.804371878830157,4.417857953490786,0.9385926470435342,-138.50818942822647,-1.7124479503131582,1.7124479503131582,0.03017635698312665,-3,-0.19916666666666671,-2868,0.37680820853178315,284.3636363636364,16.1147742898628,6.0480997474747475,0.26592411984373837
RHF_MPM_P27,358,0.0179,17.9,0,255,5.377638888888889,30.236710119812948,77438,303.678431372549,17,236,255,0.9573553323670791,111,111,247,0.017152777777777777,20,18,0.6861111111111111,69.39271255060729,59.73684210526316,0.08638888888888889,0.0077083333333333335,0.022222222222222223,0.015833333333333335,0.012291666666666666,1,72.47324311061753,62.16588754874868,12.498719941548979,4.465642275264692,0.9339942754147715,-138.37158704929587,-1.7489752221837496,1.7489752221837496,0.031070017304165913,-5,-0.08791666666666664,-1266,0.3734118889627814,280.72727272727275,19.306574052713042,5.991104797979799,0.3288773507652477
RHF_MPM_P27,359,0.01795,17.95,0,255,5.2595833333333335,29.99574701045596,75738,297.01176470588234,16,235,255,0.9261134433166665,110,110,247,0.017152777777777777,20,18,0.6861111111111111,69.32793522267207,59.64372469635627,0.08298611111111111,0.007569444444444445,0.022083333333333333,0.015486111111111112,0.012013888888888888,1,72.21636430853732,61.896815337083105,11.922559212910752,4.4365108089305965,0.9281883926292985,-138.92736257724457,-1.8532317200315198,1.8532317200315198,0.029311574110750218,0,-0.11805555555555536,-1700,0.37200345972687715,277.3636363636364,21.537589665397597,5.926325757575757,0.3906135429908447
RHF_MPM_P27,360,0.018,18.0,0,255,5.258958333333333,30.146157098439918,75729,296.9764705882353,15,236,255,0.9128377154073632,110,110,250,0.017361111111111112,20,18,0.6944444444444444,69.364,59.608,0.08180555555555556,0.0077083333333333335,0.022152777777777778,0.01576388888888889,0.012291666666666666,1,71.95213194416934,61.68918115913323,11.537998423932237,4.469810715528237,0.9219120907396169,-139.05299407666186,-1.781196909202627,1.781196909202627,0.028469938860938345,3,-0.0006250000000003197,-9,0.3360516243561646,273.09090909090907,21.877570687202766,5.843806818181818,0.42544957366596675
RHF_MPM_P27,361,0.01805,18.05,0,255,5.189722222222223,29.991926782803763,74732,293.06666666666666,15,236,255,0.8914980577385782,110,110,247,0.017152777777777777,19,18,0.7222222222222222,69.18218623481782,59.558704453441294,0.0792361111111111,0.0075,0.02201388888888889,0.015486111111111112,0.012152777777777778,1,71.8126237756249,61.596692180056735,11.294192766504565,4.49307656112917,0.9174626873458935,-138.79020491455847,-1.8123069577379847,1.8123069577379847,0.027792645720708664,-3,-0.06923611111111061,-997,0.16738201916942924,268.0,20.81520423326966,5.735056818181818,0.42585442272420393
RHF_MPM_P27,362,0.0181,18.1,0,255,5.171180555555556,29.95859299833058,74465,292.01960784313724,15,237,255,0.8815525097724897,110,110,247,0.017152777777777777,19,18,0.7222222222222222,69.1417004048583,59.550607287449395,0.07826388888888888,0.007569444444444445,0.022152777777777778,0.015555555555555555,0.012083333333333333,1,71.66163969650171,61.4728933055798,10.990665854379627,4.486481853064187,0.9128887786839537,-138.72006071936602,-1.5493419475763186,1.5493419475763186,0.028281743100785604,0,-0.01854166666666668,-267,0.19524946471228355,263.09090909090907,18.715353665103883,5.634589646464646,0.4165696398546255
RHF_MPM_P27,363,0.01815,18.15,0,255,5.177777777777778,29.94458410604413,74560,292.3921568627451,15,235,255,0.8915381023415317,110,110,247,0.017152777777777777,20,18,0.6861111111111111,69.2672064777328,59.59109311740891,0.07944444444444444,0.007569444444444445,0.022083333333333333,0.015347222222222222,0.012083333333333333,1,71.746875,61.44926233905579,10.762855616752832,4.5308750083482705,0.9070730224292838,-139.391244839411,-1.6661348532438136,1.6661348532438136,0.029573497854077254,0,0.006597222222222143,95,0.08845043550658849,258.8181818181818,16.39189479212312,5.53199494949495,0.3754399461606951
RHF_MPM_P27,364,0.0182,18.2,0,255,5.091319444444444,29.789943906984597,73315,287.5098039215686,15,236,255,0.8547762184015151,110,110,243,0.016875,19,18,0.7105263157894737,69.0082304526749,59.50617283950617,0.0757638888888889,0.0077777777777777776,0.021875,0.015347222222222222,0.012013888888888888,1,71.48387096774194,61.365695969446904,10.561952049696274,4.425104861344369,0.9080016575765681,-139.07214195335746,-1.641546458760611,1.641546458760611,0.02902543817772625,-4,-0.08645833333333375,-1245,0.275960973895969,254.54545454545453,13.593873194559087,5.429924242424243,0.32541377206361216
RHF_MPM_P27,365,0.01825,18.25,0,255,5.1443055555555555,30.00099550785259,74078,290.5019607843137,15,240,255,0.8690734772154608,110,110,249,0.017291666666666667,20,18,0.6916666666666667,69.18473895582329,59.602409638554214,0.07729166666666666,0.007916666666666667,0.022083333333333333,0.015694444444444445,0.012013888888888888,1,71.44427495342747,61.26851426874376,10.497333030480094,4.49222784262547,0.903807184118924,-138.92521953688896,-1.5398042650511887,1.5398042650511887,0.0285374875131618,6,0.05298611111111118,763,0.10493868353065765,251.1818181818182,9.291424999019078,5.342708333333333,0.25384194358543727
RHF_MPM_P27,366,0.0183,18.3,0,255,5.1404861111111115,30.103239947209193,74023,290.28627450980395,15,241,255,0.8493704725212907,111,111,246,0.017083333333333332,19,18,0.7192982456140351,68.9959349593496,59.46341463414634,0.07527777777777778,0.008055555555555555,0.02201388888888889,0.015694444444444445,0.012291666666666666,1,71.2742255785364,61.18180835686206,10.25730179156797,4.134519981800472,0.9151644557538742,-139.9149405086003,-1.7166608809666237,1.7166608809666237,0.029355740783270065,-3,-0.0038194444444439313,-55,0.19087877057462183,248.1818181818182,3.0694441847516605,5.267386363636363,0.16376353404653257
RHF_MPM_P27,367,0.01835,18.35,0,12,0.014375,0.2969783445855569,207,17.25,0,0,6,0.04311816573566931,3,8,7,0.0004861111111111111,32,107,0.0020443925233644858,97.42857142857143,62.285714285714285,0.0034027777777777776,0.0,0.0,0.0,0.0,0,89.71014492753623,63.468599033816425,32.55784112788362,22.29896335140701,0.7286342487251315,94.16721021533886,-0.35192602010875335,0.35192602010875335,0.0,-239,-5.126111111111111,-73816,18.577204683241014,225.63636363636363,69.17339573626519,4.753718434343434,1.502387611602617
RHF_MPM_P27,368,0.0184,18.4,0,255,3.071458333333333,22.28044338866455,44229,173.4470588235294,2,101,255,0.6391718938039228,107,107,138,0.009583333333333333,14,13,0.7582417582417582,64.42028985507247,55.03623188405797,0.05381944444444445,0.0035416666666666665,0.013402777777777777,0.008472222222222223,0.006319444444444444,1,63.9570643695313,53.64292658662868,6.552692739895638,5.546866903663219,0.532385687803636,61.350732908705076,-0.7425218665099862,0.7425218665099862,0.019082502430532004,131,3.0570833333333334,44022,27.5638349520983,215.27272727272728,72.88732388742966,4.536073232323232,1.5559585492608017
RHF_MPM_P27,369,0.01845,18.45,0,255,5.6125694444444445,28.60096094555332,80821,316.9450980392157,23,183,255,1.0922272838712814,93,93,292,0.020277777777777777,31,30,0.3139784946236559,58.31506849315068,49.32876712328767,0.09708333333333333,0.005625,0.026111111111111113,0.015,0.009305555555555555,1,55.94148797960926,46.56364063795301,15.779669755343905,4.583738800660093,0.9568799028151104,45.43107040600757,-1.1632967027097811,1.1632967027097811,0.0201680256369013,154,2.5411111111111113,36592,10.694192555111044,219.36363636363637,75.75951512669155,4.557430555555556,1.5689217759567455
RHF_MPM_P27,370,0.0185,18.5,0,255,6.798541666666667,31.372790503625506,97899,383.91764705882355,33,229,255,1.2293432642279154,88,88,389,0.02701388888888889,39,38,0.2624831309041835,54.79177377892031,45.86375321336761,0.10979166666666666,0.0075,0.03347222222222222,0.016319444444444445,0.011458333333333333,1,53.738189358420414,44.49498973431802,17.444521834665665,4.403049524025613,0.9676222036937625,-135.47431829000504,0.87456598732337,0.87456598732337,0.014341310942910551,97,1.1859722222222224,17078,3.0222245739260583,232.27272727272728,90.10810770613355,4.697335858585858,1.6892957916032394
RHF_MPM_P27,371,0.01855,18.55,0,255,7.200625,31.63701396129465,103689,406.6235294117647,45,238,255,1.3152929078144502,108,108,258,0.017916666666666668,20,20,0.645,61.18217054263566,51.91472868217054,0.11861111111111111,0.0077083333333333335,0.034583333333333334,0.01611111111111111,0.011944444444444445,1,51.671266961779935,42.018622997617875,21.609201519335368,4.6048583580617715,0.9770310242782663,45.26502173426391,-0.8271881229797242,0.8271881229797242,0.007609293174782282,-131,0.4020833333333327,5790,3.2256100831267465,233.0,90.28037136911576,4.87385101010101,1.8340027293113046
RHF_MPM_P27,372,0.0186,18.6,0,255,6.905625,33.11438796930418,99441,389.9647058823529,31,251,255,1.1908402971104608,109,109,305,0.021180555555555557,22,22,0.6301652892561983,60.12786885245902,50.954098360655735,0.10722222222222222,0.00875,0.029722222222222223,0.019583333333333335,0.01423611111111111,1,54.561438440884544,44.75411550567673,20.4187319952457,4.8695196199820066,0.9711466822214644,45.52598111423001,-1.5455887675450688,1.5455887675450688,0.022505807463722206,47,-0.29499999999999993,-4248,3.979448509564591,238.27272727272728,92.6077661274012,5.0298421717171715,1.9249531606625379
RHF_MPM_P27,373,0.01865,18.65,0,255,6.508472222222222,33.67837973470196,93722,367.5372549019608,20,252,255,0.978280271980356,107,107,331,0.02298611111111111,24,24,0.5746527777777778,59.39577039274924,50.438066465256796,0.085625,0.009236111111111112,0.03,0.020763888888888887,0.014930555555555556,1,58.30061244958494,48.873103433558825,11.529440607045927,4.843147242761813,0.9074927038667957,-135.2239285107148,1.3353003761185736,1.3353003761185736,0.03889161562920126,26,-0.39715277777777747,-5719,5.563046271367786,245.9090909090909,96.39827850731336,5.151414141414142,1.9717017219495299
RHF_MPM_P27,374,0.0187,18.7,0,255,6.914097222222222,34.7783345096962,99563,390.44313725490196,22,253,255,1.0300650440896943,108,108,349,0.02423611111111111,26,24,0.5592948717948718,58.68767908309456,50.126074498567334,0.09090277777777778,0.009583333333333333,0.03173611111111111,0.022152777777777778,0.016041666666666666,1,57.91592258168195,48.72283880558039,10.977405172277209,5.076130131311375,0.8866629831585668,-135.49309620728448,1.0273605038264124,1.0273605038264124,0.021122304470536243,18,0.4056249999999997,5841,0.4129960688538325,255.1818181818182,100.85977500904924,5.309261363636364,2.0359489162321363
RHF_MPM_P27,375,0.01875,18.75,0,255,6.825486111111111,34.11976297482356,98287,385.4392156862745,23,252,255,1.0376342854224379,105,105,346,0.024027777777777776,28,25,0.4942857142857143,58.46531791907515,49.971098265895954,0.09104166666666667,0.009166666666666667,0.03194444444444444,0.021458333333333333,0.015208333333333334,1,57.67584726362591,48.63535360729293,11.254789662336734,5.009241655156698,0.8954925836421775,-136.70348927590885,0.8913299676996903,0.8913299676996903,0.010866136925534405,-3,-0.08861111111111075,-1276,0.2555187238914263,264.54545454545456,104.02566434767532,5.46691287878788,2.079641854803664
RHF_MPM_P27,376,0.0188,18.8,0,255,6.665069444444445,33.477083403271884,95977,376.38039215686274,24,250,255,1.0468417311235243,106,106,326,0.02263888888888889,28,23,0.5062111801242236,59.04907975460123,50.61042944785276,0.091875,0.008958333333333334,0.030833333333333334,0.020069444444444445,0.014444444444444444,1,57.67317169738583,48.766204403138254,11.6163703579387,5.039079329615433,0.9010134227088399,-138.4143691184781,0.89231249615421,0.89231249615421,0.009335569980307781,-20,-0.16041666666666643,-2310,0.13087814725178643,271.54545454545456,105.32664657786671,5.605164141414142,2.104006326247639
RHF_MPM_P27,377,0.01885,18.85,0,255,6.365,32.527357673537246,91656,359.43529411764706,23,248,255,1.0451057920799633,108,108,300,0.020833333333333332,25,22,0.5454545454545454,59.85666666666667,51.03333333333333,0.09229166666666666,0.008611111111111111,0.028333333333333332,0.018958333333333334,0.013680555555555555,1,57.824932355765036,48.706402199528675,12.098261262882055,4.883431660037085,0.9149146295469126,-139.0291231973674,1.0415520018437328,1.0415520018437328,0.016343719996508684,-26,-0.3000694444444445,-4321,0.1631183649631477,276.45454545454544,105.28002800873801,5.716483585858587,2.108864008808188
RHF_MPM_P27,378,0.0189,18.9,0,255,5.7306944444444445,30.70837475467079,82522,323.6156862745098,20,238,255,0.9831669428245837,108,108,262,0.018194444444444444,23,20,0.5695652173913044,60.94274809160305,51.908396946564885,0.08666666666666667,0.0077083333333333335,0.024930555555555556,0.016805555555555556,0.012361111111111111,1,58.25238118319963,49.056154722377066,12.595297546236106,4.616234971118769,0.9304162241301932,-138.90089176029662,1.2850386905101894,1.2850386905101894,0.024417731029301278,-38,-0.6343055555555557,-9134,0.5523036549888338,299.6363636363636,62.96791784461315,6.23614898989899,1.105193017036566
RHF_MPM_P27,379,0.01895,18.95,0,255,4.966527777777777,28.360381533425297,71518,280.4627450980392,17,209,255,0.9252163708963981,106,106,233,0.016180555555555556,21,19,0.5839598997493735,61.63090128755365,52.45064377682404,0.08152777777777778,0.0061805555555555555,0.020902777777777777,0.014305555555555556,0.010208333333333333,1,58.64545988422495,49.485528118795266,13.076794546457426,4.238222190951155,0.9460219608113625,-138.7631247459936,1.5850880173759896,1.5850880173759896,0.031991946083503454,-29,-0.7641666666666671,-11004,0.5821274591972543,308.27272727272725,43.805543254646565,6.408428030303029,0.6540890945079494
RHF_MPM_P27,380,0.019,19.0,0,255,4.151875,25.567966135727495,59787,234.45882352941177,14,156,255,0.8470900585933661,105,105,186,0.012916666666666667,18,17,0.6078431372549019,62.806451612903224,53.56989247311828,0.07479166666666667,0.004583333333333333,0.017430555555555557,0.011805555555555555,0.008333333333333333,1,59.10933815043404,49.931640657668055,13.761900877338764,4.167566220269161,0.9530434409721126,-138.09945747778733,1.9036407106312547,1.9036407106312547,0.0357602823356248,-47,-0.814652777777777,-11731,0.6435832838107903,298.6363636363636,56.22402063057896,6.275637626262627,0.9030671204050887
RHF_MPM_P27,381,0.01905,19.05,0,255,3.6574305555555555,24.15236517192375,52667,206.53725490196078,12,137,255,0.7912446136184142,106,106,168,0.011666666666666667,16,15,0.7,63.31547619047619,54.24404761904762,0.07027777777777777,0.004097222222222223,0.014930555555555556,0.010416666666666666,0.0075,1,59.978202669603355,50.798241783279856,13.640557752216107,4.421219528262242,0.9460149216686454,-137.97705453522246,2.298175174351194,2.298175174351194,0.042322516946095276,-18,-0.4944444444444449,-7120,1.2271605696008017,278.54545454545456,59.721114944782585,5.99008207070707,1.1542589265513687
RHF_MPM_P27,382,0.0191,19.1,0,255,3.4230555555555555,24.03397876149567,49292,193.30196078431374,6,139,255,0.7018304159608001,106,106,166,0.011527777777777777,16,15,0.6916666666666667,63.44578313253012,54.33132530120482,0.06131944444444445,0.0044444444444444444,0.014513888888888889,0.010486111111111111,0.0077777777777777776,1,61.19660391138522,51.93408666720766,12.351323651914777,4.0775814468315925,0.9439343726688096,-138.15197125739573,2.8721826811738222,2.8721826811738222,0.03684167816278504,-2,-0.234375,-3375,1.6657266241255038,270.1818181818182,67.89539840053185,5.6466666666666665,1.2962318035378881
RHF_MPM_P27,383,0.01915,19.15,0,255,3.4431944444444444,24.595030455944915,49582,194.4392156862745,3,151,255,0.6525172786871235,107,107,173,0.012013888888888888,16,16,0.67578125,63.30057803468208,54.08670520231214,0.05583333333333333,0.004375,0.015277777777777777,0.011041666666666667,0.008055555555555555,1,61.97866161106853,52.55885200274293,10.647037409717406,4.184823710679929,0.9195168730607101,-137.99774689542156,3.275112555968929,3.275112555968929,0.027509983461740148,7,0.02013888888888893,290,1.0009725121702684,258.1818181818182,72.2090628683864,5.331900252525252,1.3705620171827175
RHF_MPM_P27,384,0.0192,19.2,0,255,3.613611111111111,25.53074145382579,52036,204.06274509803922,1,163,255,0.6084456819923939,108,108,184,0.012777777777777779,17,16,0.6764705882352942,62.875,53.98913043478261,0.050972222222222224,0.004722222222222222,0.016041666666666666,0.011875,0.008611111111111111,1,62.14505342455223,52.975440079944654,8.926152722148867,4.160297209863156,0.8847428194868963,-138.71524722129317,3.180551142250746,3.180551142250746,0.017199631024675224,11,0.17041666666666666,2454,0.4485887444653766,244.8181818181818,71.08997906855045,5.068731060606061,1.3970488501473801
RHF_MPM_P27,385,0.01925,19.25,0,255,3.675902777777778,25.832331214788727,52933,207.58039215686276,0,168,255,0.5681311006920927,106,106,192,0.013333333333333334,18,15,0.7111111111111111,62.75,54.083333333333336,0.04631944444444445,0.004930555555555555,0.016875,0.011875,0.008819444444444444,1,62.46730772863809,53.446394498705914,7.069645455521053,4.1212162182812,0.8125114391001651,-141.6880033878656,1.290991576203741,1.290991576203741,0.008879149113029679,8,0.062291666666666856,897,0.5706539240666074,230.54545454545453,64.16365954815522,4.774349747474748,1.316003965487174
RHF_MPM_P27,386,0.0193,19.3,0,255,3.66875,25.770248157597685,52830,207.1764705882353,0,169,255,0.5618928584555802,107,107,190,0.013194444444444444,18,15,0.7037037037037037,63.04210526315789,54.16842105263158,0.04583333333333333,0.004930555555555555,0.016805555555555556,0.011875,0.008819444444444444,1,62.64291122468295,53.521351504826804,6.744660639247327,4.246858329127065,0.7768689887099031,-141.69040248462497,0.6211824196642817,0.6211824196642817,0.010562180579216355,-2,-0.007152777777777786,-103,0.1909322932083082,216.36363636363637,53.41820038368388,4.487373737373738,1.1739526742139144
RHF_MPM_P27,387,0.01935,19.35,0,255,3.678402777777778,25.842806976969072,52969,207.72156862745098,0,174,255,0.5775173345253408,108,108,188,0.013055555555555556,17,15,0.7372549019607844,63.37234042553192,54.27127659574468,0.04743055555555555,0.005138888888888889,0.016666666666666666,0.011875,0.00875,1,62.86197587268025,53.55392776907247,6.702227182723792,4.316248695067043,0.7650236824536208,-142.32435042784758,0.6192582600474045,0.6192582600474045,0.013441824463365365,-2,0.009652777777777732,139,0.2214735491980578,203.8181818181818,40.94523655682325,4.215858585858586,0.9658234293071178
RHF_MPM_P27,388,0.0194,19.4,0,255,3.7638194444444446,26.33657647477827,54199,212.54509803921567,0,181,255,0.5628661705312834,108,108,196,0.01361111111111111,18,16,0.6805555555555556,63.204081632653065,54.015306122448976,0.04597222222222222,0.005208333333333333,0.017222222222222222,0.012430555555555556,0.009375,1,62.91551504640307,53.54495470396133,6.473836295077845,4.276444544023054,0.7507614021122121,-141.30565737621586,0.43224104805795627,0.43224104805795627,0.01149467702356132,8,0.0854166666666667,1230,0.05428590075159167,194.36363636363637,27.416891698608417,3.9793876262626258,0.6896237951970808
RHF_MPM_P27,389,0.01945,19.45,0,255,3.8490972222222224,26.561455323592764,55427,217.3607843137255,0,184,255,0.5679435923461215,109,109,196,0.01361111111111111,17,17,0.6782006920415224,63.42857142857143,54.1530612244898,0.04652777777777778,0.005625,0.017430555555555557,0.012708333333333334,0.009236111111111112,1,62.95442654302055,53.54590722932867,6.525692726513421,4.244023713925414,0.7596295244709415,-140.8813620378799,0.410837156996969,0.410837156996969,0.010031212225088855,0,0.08527777777777779,1228,0.038923153438378995,188.36363636363637,17.32193946349136,3.808333333333333,0.4111442462503245
RHF_MPM_P27,390,0.0195,19.5,0,255,3.8827083333333334,26.750927936105477,55911,219.25882352941176,0,190,255,0.570713921728635,109,109,201,0.013958333333333333,17,17,0.6955017301038062,63.3134328358209,54.243781094527364,0.04659722222222222,0.005486111111111111,0.017569444444444443,0.012847222222222222,0.009444444444444445,1,62.911144497504964,53.64663483035539,6.490383224162774,4.350923369086544,0.7420318447465708,-140.48429705780956,0.49068533210632487,0.49068533210632487,0.01087442542612366,5,0.033611111111111036,484,0.10963295614281057,185.45454545454547,11.179231038473544,3.709804292929293,0.19464771981545068
RHF_MPM_P27,391,0.01955,19.55,0,255,3.9544444444444444,27.033713668146998,56944,223.30980392156863,0,194,255,0.5809655894647877,108,108,207,0.014375,18,16,0.71875,63.15942028985507,54.227053140096615,0.04756944444444444,0.005555555555555556,0.017638888888888888,0.013194444444444444,0.009444444444444445,1,62.8689589772408,53.703691345883676,6.535537042026949,4.397821733723963,0.7397252664536695,-142.65989271139654,0.3294407031493329,0.3294407031493329,0.011116184321438606,6,0.071736111111111,1033,0.07095818546290344,187.36363636363637,12.786873434557995,3.6918560606060606,0.1588721176199276
RHF_MPM_P27,392,0.0196,19.6,0,255,3.969097222222222,27.008053387760164,57155,224.13725490196077,0,191,255,0.5745562298304469,108,108,206,0.014305555555555556,18,16,0.7152777777777778,63.16504854368932,54.29611650485437,0.04666666666666667,0.005486111111111111,0.018125,0.013055555555555556,0.009444444444444445,1,62.73193946286414,53.70928177762225,6.568796219100708,4.238456125455876,0.7639791575965567,-142.27281165865938,0.7970895012428602,0.7970895012428602,0.009378007173475636,-1,0.014652777777777626,211,0.13713351248706362,190.8181818181818,12.208925064872394,3.7201893939393944,0.17696708427074584
RHF_MPM_P27,393,0.01965,19.65,0,255,3.986458333333333,27.00956666855772,57405,225.11764705882354,0,190,255,0.5825158908639957,106,106,210,0.014583333333333334,18,16,0.7291666666666666,63.285714285714285,54.2047619047619,0.0475,0.005694444444444445,0.01826388888888889,0.012916666666666667,0.009444444444444445,1,62.95820921522515,53.71431060012194,6.545267795196615,4.382219309003206,0.7427896753350817,-142.23744955589413,0.41897722302708035,0.41897722302708035,0.010904973434369828,4,0.01736111111111116,250,0.2263256279992336,194.8181818181818,10.51248765489001,3.771407828282828,0.16466076975486804
RHF_MPM_P27,394,0.0197,19.7,0,255,4.039166666666667,27.334852485730863,58164,228.09411764705882,0,199,255,0.5708645152219636,108,108,211,0.014652777777777778,18,16,0.7326388888888888,63.24644549763033,54.279620853080566,0.04618055555555556,0.005625,0.01888888888888889,0.013541666666666667,0.01,1,62.95063957086858,53.83417577883227,6.461105963326855,4.31650653858319,0.7440935011010552,-140.438129243049,0.600357865236464,0.600357865236464,0.01012653875249295,1,0.05270833333333336,759,0.1201039573991785,198.27272727272728,8.894236224461824,3.825587121212121,0.14457658450405605
RHF_MPM_P27,395,0.01975,19.75,0,255,4.153263888888889,27.809971166678217,59807,234.53725490196078,0,205,255,0.5977108047271396,108,108,220,0.015277777777777777,18,16,0.7638888888888888,63.75454545454546,54.45909090909091,0.04923611111111111,0.006111111111111111,0.018958333333333334,0.013888888888888888,0.010277777777777778,1,63.71160566488872,54.171367900078586,6.275973012291724,4.492764059584127,0.6982363225732288,-144.31285669400418,0.18230654088511497,0.18230654088511497,0.012573778989081545,9,0.11409722222222207,1643,0.8323268125435233,201.54545454545453,9.632932493781531,3.8746464646464642,0.15547273976544052
RHF_MPM_P27,396,0.0198,19.8,0,255,3.964513888888889,26.85776949790479,57089,223.87843137254902,0,190,255,0.574936661334996,106,106,210,0.014583333333333334,18,16,0.7291666666666666,63.58095238095238,54.22380952380952,0.04638888888888889,0.005069444444444444,0.01840277777777778,0.013194444444444444,0.009375,1,63.29716758044457,53.734624883953124,6.233093296802531,4.369798874176287,0.7130981125169696,-142.7379911379209,0.6637790052910493,0.6637790052910493,0.010387290020844646,-10,-0.18874999999999975,-2718,0.60208254249073,203.1818181818182,9.398434896960062,3.9008838383838382,0.14362014425519862
RHF_MPM_P27,397,0.01985,19.85,0,255,4.290694444444444,28.24429779355614,61786,242.2980392156863,1,215,255,0.6144003002001681,109,109,221,0.015347222222222222,17,16,0.8125,63.89140271493213,54.39819004524887,0.050833333333333335,0.006319444444444444,0.019305555555555555,0.014375,0.011111111111111112,1,63.860421454698475,53.99216651021267,6.1629127926945335,4.6945613958844135,0.6478782206815542,-146.66977479144717,0.022818385044075844,0.022818385044075844,0.01095717476450976,11,0.32618055555555525,4697,0.6193404686587519,206.0,9.66718911858796,3.9574242424242425,0.1623115421005582
RHF_MPM_P27,398,0.0199,19.9,0,255,4.557708333333333,29.329559468855866,65631,257.3764705882353,1,229,255,0.6229677251389629,110,110,239,0.01659722222222222,19,17,0.739938080495356,63.94560669456067,54.50627615062761,0.051805555555555556,0.007222222222222222,0.020555555555555556,0.015416666666666667,0.01173611111111111,1,63.95875424723073,54.25628133046883,6.107202294551642,4.494232033810655,0.6771005834023324,-148.1791491964572,-0.09798891175943038,0.09798891175943038,0.00930962502475964,18,0.2670138888888891,3845,0.2818261456397109,210.63636363636363,11.895550942743466,4.037361111111111,0.2136255183566648
RHF_MPM_P27,399,0.01995,19.95,0,12,0.022708333333333334,0.37002011722712835,327,27.25,0,0,7,0.06486940662958116,2,8,9,0.000625,32,107,0.002628504672897196,95.33333333333333,52.888888888888886,0.005347222222222222,0.0,0.0,0.0,0.0,0,84.46177370030581,57.03363914373089,33.941478975979614,25.964575711874605,0.6440532254520935,112.51410453061699,0.010609117395490983,0.010609117395490983,0.0,-230,-4.535,-65304,20.690276052195706,193.63636363636363,59.40656946725478,3.697260101010101,1.1782981062050986
RHF_MPM_P27,400,0.02,20.0,0,255,3.2019444444444445,22.383657148246503,46108,180.8156862745098,5,99,255,0.7017061347728668,108,108,136,0.009444444444444445,12,14,0.8095238095238095,66.69852941176471,57.19117647058823,0.060208333333333336,0.0030555555555555557,0.013194444444444444,0.008819444444444444,0.006388888888888889,1,68.78402880194326,58.84217489372777,8.404122016554616,5.210098794708224,0.7846447632839706,45.711226228331604,0.7260126058443516,0.7260126058443516,0.0181313438015095,127,3.179236111111111,45781,15.781713679355283,188.1818181818182,61.65124518659661,3.6384280303030305,1.1853829625994798
RHF_MPM_P27,401,0.02005,20.05,0,255,5.407638888888889,27.11282901511629,77870,305.37254901960785,25,171,255,1.156627311084186,106,106,199,0.013819444444444445,21,22,0.43073593073593075,69.34673366834171,59.88944723618091,0.10430555555555555,0.005208333333333333,0.02326388888888889,0.011944444444444445,0.008680555555555556,1,77.55067420059073,67.31395916270708,19.468999947622507,4.070453951778864,0.9778999073683087,-137.7927529556817,-1.0707764450784756,1.0707764450784756,0.008989341209708488,63,2.2056944444444446,31762,12.191193552960764,188.0,61.61611359494734,3.777058080808081,1.2903661722722
RHF_MPM_P27,402,0.0201,20.1,0,255,5.834236111111111,28.911148995189194,84013,329.4627450980392,28,197,255,1.1137947013930445,110,110,210,0.014583333333333334,18,18,0.6481481481481481,69.29523809523809,59.95238095238095,0.09909722222222223,0.006597222222222222,0.02736111111111111,0.013541666666666667,0.009930555555555555,1,77.2484020330187,67.479009200957,18.716384963790045,4.037682474025505,0.9764530926356915,-135.81162460646868,-1.1098909768010683,1.1098909768010683,0.007498839465320843,11,0.42659722222222207,6143,0.34439799420872175,188.27272727272728,61.70618196390037,3.947948232323232,1.4204599475205921
RHF_MPM_P27,403,0.02015,20.15,0,255,5.848958333333333,30.137332059045182,84225,330.29411764705884,26,236,255,1.0506004111353624,109,109,242,0.016805555555555556,20,20,0.605,69.89256198347107,60.570247933884296,0.09333333333333334,0.0077777777777777776,0.02423611111111111,0.015694444444444445,0.011944444444444445,1,76.69057880676759,66.32359750667854,19.599257227547024,4.167315231433279,0.9771336176751557,-137.81810524636407,-1.555200933095956,1.555200933095956,0.015636687444345505,32,0.014722222222221859,212,1.2830210189317308,191.54545454545453,63.488529581568926,4.118844696969697,1.5221665657890298
RHF_MPM_P27,404,0.0202,20.2,0,255,5.289861111111111,30.2620684371016,76174,298.721568627451,14,233,255,0.824310778720682,107,107,262,0.018194444444444444,22,21,0.5670995670995671,70.38931297709924,61.02671755725191,0.07055555555555555,0.0075,0.02361111111111111,0.01673611111111111,0.012013888888888888,1,71.96261191482658,62.08676188725812,10.359942475923253,4.432402391903767,0.9038542770902726,-137.771563385061,-1.5441056753172469,1.5441056753172469,0.012392679917032058,20,-0.5590972222222224,-8051,6.348578344580771,196.27272727272728,66.54880766514825,4.237335858585858,1.557568418978318
RHF_MPM_P27,405,0.02025,20.25,0,255,5.44,30.907000016177562,78336,307.2,15,241,255,0.8287403570965443,108,108,269,0.018680555555555554,21,20,0.6404761904761904,70.49442379182156,60.92565055762082,0.07069444444444445,0.0077777777777777776,0.02409722222222222,0.017430555555555557,0.012569444444444444,1,71.83559283088235,61.931474673202615,9.336613340298957,4.395134357754673,0.8822710120883419,-137.20809426273564,-0.904337859901765,0.904337859901765,0.016505821078431373,7,0.1501388888888897,2162,0.20061895856362272,201.54545454545453,69.72851723436028,4.364684343434343,1.5930231175540266
RHF_MPM_P27,406,0.0203,20.3,0,255,6.011805555555555,32.46023849036048,86570,339.4901960784314,17,247,255,0.8917506394539314,106,106,306,0.02125,25,22,0.5563636363636364,71.32352941176471,61.85947712418301,0.07673611111111112,0.008472222222222223,0.027569444444444445,0.019375,0.013680555555555555,1,72.41103153517385,62.54620538292711,9.677313491029738,4.485009141183313,0.8861199256678387,-137.4392468405996,-0.7894829047812233,0.7894829047812233,0.01227908051287975,37,0.5718055555555548,8234,0.8420353602284555,209.36363636363637,75.90696785272773,4.533642676767676,1.6588397577295333
RHF_MPM_P27,407,0.02035,20.35,0,255,5.980902777777778,32.14635989875911,86125,337.7450980392157,19,248,255,0.9080111184419266,109,109,289,0.020069444444444445,22,22,0.5971074380165289,70.60553633217994,61.43944636678201,0.07798611111111112,0.008263888888888888,0.02666666666666667,0.018541666666666668,0.01375,1,72.51527431059506,62.77493178519594,10.328504345985552,4.511076527440241,0.8995781175479811,-136.56470617792863,-0.7760744577726919,0.7760744577726919,0.013062409288824383,-17,-0.0309027777777775,-445,0.25136094231673767,216.54545454545453,79.28930185359026,4.716950757575757,1.6967958200803697
RHF_MPM_P27,408,0.0204,20.4,0,255,5.993055555555555,32.24057065591638,86300,338.4313725490196,21,250,255,0.9282150454579515,111,111,284,0.01972222222222222,22,22,0.5867768595041323,70.54225352112677,61.16901408450704,0.08097222222222222,0.008541666666666666,0.025208333333333333,0.018541666666666668,0.014166666666666666,1,72.63786790266512,62.84110081112399,10.770717025750569,4.393285285347333,0.9130303505886963,-137.13839141060214,-1.1393350853876298,1.1393350853876298,0.021448435689455387,-5,0.012152777777777679,175,0.13931090699908277,222.27272727272728,81.64456326506867,4.871710858585859,1.7282036927214313
RHF_MPM_P27,409,0.02045,20.45,0,255,6.027013888888889,32.34361573144135,86789,340.34901960784316,21,251,255,0.9671531625820262,111,111,282,0.019583333333333335,22,21,0.6103896103896104,70.51773049645391,60.90780141843972,0.08583333333333333,0.008958333333333334,0.024791666666666667,0.01826388888888889,0.014444444444444444,1,72.85402527970135,62.82637200566892,11.292127498881547,4.556518104933644,0.914973995076875,-137.46191930843125,-1.2204706419267064,1.2204706419267064,0.025037735196856745,-2,0.033958333333333535,489,0.21665860093085154,226.1818181818182,83.36319024367593,5.0052840909090905,1.75534082814634
RHF_MPM_P27,410,0.0205,20.5,0,255,6.1251388888888885,32.453225421496825,88202,345.89019607843136,21,252,255,0.998355188805203,111,111,287,0.019930555555555556,22,21,0.6212121212121212,70.5609756097561,60.944250871080136,0.08930555555555555,0.008958333333333334,0.025208333333333333,0.018472222222222223,0.014305555555555556,1,73.20102718759212,63.110587061517876,11.87139738149825,4.476756921166864,0.9261707320140894,-137.78249921978923,-1.3692834230944964,1.3692834230944964,0.027788485521870254,5,0.09812499999999957,1413,0.4485404352464324,251.45454545454547,48.5692825416597,5.560050505050506,0.794070395565924
RHF_MPM_P27,411,0.02055,20.55,0,255,6.106805555555556,32.10632913229228,87938,344.85490196078433,21,249,255,1.016314655524538,110,110,285,0.019791666666666666,22,22,0.5888429752066116,70.70175438596492,61.02105263157895,0.090625,0.008402777777777778,0.025833333333333333,0.01840277777777778,0.013819444444444445,1,73.5263594805431,63.374968727967435,12.42989253505122,4.426913126063794,0.9344285858797876,-137.48554689816913,-1.3422308733291939,1.3422308733291939,0.02541563374195456,-2,-0.018333333333332646,-264,0.41921207806001254,265.0,32.64965543462902,5.824128787878788,0.2871793678277361
RHF_MPM_P27,412,0.0206,20.6,0,255,6.070069444444444,31.893342543645193,87409,342.7803921568627,21,250,255,1.0364335960301063,110,110,280,0.019444444444444445,22,21,0.6060606060606061,70.55,60.85357142857143,0.09291666666666666,0.008472222222222223,0.025555555555555557,0.017986111111111112,0.01361111111111111,1,73.75796542690112,63.544165932569875,13.025092890157282,4.405358198202187,0.9410667594500531,-137.5605280872814,-1.4916241553009855,1.4916241553009855,0.02691942477319269,-5,-0.03673611111111175,-529,0.28682574576504155,272.3636363636364,25.223627910328,5.884349747474747,0.26186787946238865
RHF_MPM_P27,413,0.02065,20.65,0,255,6.075069444444445,31.943793791607362,87481,343.0627450980392,21,250,255,1.0363134903772064,110,110,281,0.01951388888888889,23,21,0.5817805383022774,70.55516014234875,60.79715302491103,0.09319444444444444,0.008541666666666666,0.025277777777777777,0.017986111111111112,0.013680555555555555,1,73.77952926921274,63.5111852859478,13.405819880460673,4.287383962291122,0.9474799658831559,-137.92227669705326,-1.528225879777826,1.528225879777826,0.02732021810450269,1,0.005000000000000782,72,0.03940459804198563,278.8181818181818,15.741191948735716,5.906243686868686,0.26678429916558494
RHF_MPM_P27,414,0.0207,20.7,0,255,6.026597222222223,31.902369309939502,86783,340.3254901960784,20,251,255,1.0362755438534792,110,110,280,0.019444444444444445,22,20,0.6363636363636364,70.27857142857142,60.607142857142854,0.09361111111111112,0.008541666666666666,0.024722222222222222,0.017847222222222223,0.013888888888888888,1,73.69300439026077,63.3713284859938,13.34947756721611,4.432451608313794,0.9432681786198474,-138.0278396320788,-1.6634046673615224,1.6634046673615224,0.027240358134657708,-1,-0.04847222222222225,-698,0.16445813805047282,282.27272727272725,10.618088418020099,5.922392676767677,0.2682005962663844
RHF_MPM_P27,415,0.02075,20.75,0,255,5.968819444444445,31.733036807011985,85951,337.0627450980392,20,250,255,1.0314451988016171,110,110,279,0.019375,22,21,0.6038961038961039,70.3010752688172,60.69892473118279,0.09326388888888888,0.008611111111111111,0.024930555555555556,0.017777777777777778,0.013472222222222222,1,73.56873102116322,63.346348500890045,13.367677879337114,4.36638413653708,0.9451497130552625,-137.9857651827826,-1.6633013217155936,1.6633013217155936,0.027061930634896626,-1,-0.05777777777777793,-832,0.12675910193212966,283.8181818181818,8.600403603829319,5.984116161616161,0.1787325953430784
RHF_MPM_P27,416,0.0208,20.8,0,255,5.592708333333333,30.569111400752192,80535,315.8235294117647,19,241,255,0.9888705468667482,109,109,256,0.017777777777777778,21,19,0.6416040100250626,69.9140625,60.1953125,0.08875,0.008125,0.02340277777777778,0.01625,0.0125,1,73.2361954429751,62.99228906686534,13.311199875573903,4.332336034916466,0.945553923582568,-137.95877753637905,-1.6544289187726386,1.6544289187726386,0.02746631899174272,-23,-0.3761111111111113,-5416,0.48573448877220793,282.6363636363636,11.088673396125905,5.997998737373737,0.13698588272375203
RHF_MPM_P27,417,0.02085,20.85,0,255,5.448472222222223,30.264615117682407,78458,307.678431372549,18,235,255,0.9675201557418858,110,110,250,0.017361111111111112,21,19,0.6265664160401002,69.784,60.092,0.08673611111111111,0.0077083333333333335,0.022916666666666665,0.01597222222222222,0.012152777777777778,1,72.96013153534375,62.8009890642127,12.90502272707029,4.180801146805406,0.946068391045141,-138.29213344313928,-1.7473400808641548,1.7473400808641548,0.028410104769430778,-6,-0.1442361111111108,-2077,0.33586749189463444,277.54545454545456,12.010326135634182,5.946786616161616,0.2087529467181086
RHF_MPM_P27,418,0.0209,20.9,0,255,5.394583333333333,30.219681750544073,77682,304.63529411764705,17,238,255,0.9518281226330008,109,109,251,0.017430555555555557,20,19,0.6605263157894737,69.56972111553785,59.93625498007968,0.08506944444444445,0.007847222222222222,0.02236111111111111,0.015833333333333335,0.012222222222222223,1,72.71732190211375,62.58230993022837,12.616538879729694,4.256487433424644,0.9413708293785825,-138.31027004512305,-1.7666333547338386,1.7666333547338386,0.027805669267011664,1,-0.05388888888888932,-776,0.32676762634848344,274.09090909090907,13.58110013922788,5.8934848484848485,0.26144153016917426
RHF_MPM_P27,419,0.02095,20.95,0,255,5.275277777777778,29.91338050532191,75964,297.89803921568625,17,234,255,0.928535217067276,110,110,242,0.016805555555555556,20,18,0.6722222222222223,69.35950413223141,59.739669421487605,0.0825,0.007361111111111111,0.021736111111111112,0.015694444444444445,0.011875,1,72.45345163498499,62.344215681112104,12.310059728199152,4.321775106842763,0.9363467055320974,-138.18038816680854,-1.6876280237417176,1.6876280237417176,0.027644673792849243,-9,-0.11930555555555511,-1718,0.3554101705590946,270.27272727272725,15.954998698560724,5.8282323232323225,0.31294746214089586
RHF_MPM_P27,420,0.021,21.0,0,255,5.156458333333333,29.590004528761952,74253,291.18823529411765,16,233,255,0.9155440725449107,108,108,239,0.01659722222222222,20,18,0.6638888888888889,69.22594142259415,59.69037656903766,0.08166666666666667,0.007222222222222222,0.021527777777777778,0.015347222222222222,0.01173611111111111,1,72.25192248124655,62.152236273281886,11.980583714488304,4.3270501691486025,0.9324992544242905,-138.14224227960327,-1.747374200888756,1.747374200888756,0.028699177137624068,-3,-0.11881944444444503,-1711,0.27833449810860755,266.3636363636364,17.767553304077158,5.749090909090909,0.35931328942977575
RHF_MPM_P27,421,0.02105,21.05,0,255,5.133958333333333,29.547939618871666,73929,289.91764705882355,16,232,255,0.9111035714127779,107,107,237,0.016458333333333332,19,18,0.6929824561403509,69.17721518987342,59.628691983122366,0.08125,0.007291666666666667,0.021527777777777778,0.015277777777777777,0.011597222222222222,1,72.13062532970824,62.05574267202316,11.926201208312934,4.326108481748311,0.9318904434119977,-138.49488345662587,-1.650444936819576,1.650444936819576,0.028459738397651802,-2,-0.022499999999999964,-324,0.15499681950023161,261.8181818181818,18.29464989760758,5.658983585858587,0.3775314334313796
RHF_MPM_P27,422,0.0211,21.1,0,255,5.0625,29.416850506979838,72900,285.88235294117646,15,230,255,0.8843433953496223,109,109,237,0.016458333333333332,19,19,0.6565096952908587,69.17299578059071,59.721518987341774,0.07840277777777778,0.007291666666666667,0.021319444444444443,0.01513888888888889,0.011527777777777777,1,71.91493827160494,61.94238683127572,11.44579324564817,4.3072669869800535,0.9264902446381316,-137.99664350334322,-1.649184512583631,1.649184512583631,0.027626886145404664,0,-0.07145833333333318,-1029,0.2436605295586761,257.45454545454544,17.966451748460297,5.564046717171717,0.3842270715670585
RHF_MPM_P27,423,0.02115,21.15,0,255,4.9778472222222225,29.178476101190927,71681,281.10196078431375,15,226,255,0.874183198571039,110,110,232,0.01611111111111111,19,18,0.6783625730994152,69.04310344827586,59.50431034482759,0.07736111111111112,0.007152777777777778,0.020763888888888887,0.014930555555555556,0.011458333333333333,1,71.77360806908386,61.76003403970369,11.300847921550362,4.396959489890959,0.9212030135391635,-138.14258903431255,-1.6718391856935797,1.6718391856935797,0.028584980678282947,-5,-0.08465277777777747,-1219,0.23070926886182982,253.0909090909091,17.788937039399954,5.464753787878788,0.3817490574203056
RHF_MPM_P27,424,0.0212,21.2,0,255,4.999722222222222,29.3933264332523,71996,282.33725490196076,15,228,255,0.8628001711279079,111,111,233,0.016180555555555556,19,18,0.6812865497076024,69.08154506437768,59.566523605150216,0.07645833333333334,0.007222222222222222,0.021111111111111112,0.01513888888888889,0.011666666666666667,1,71.6427301516751,61.660758931051724,11.017376755264777,4.239705818903999,0.9229916818292624,-138.18664179474194,-1.6987798611674,1.6987798611674,0.02997388743819101,1,0.021874999999999645,315,0.16426982821904895,248.72727272727272,16.2261904400986,5.36699494949495,0.3492459711953878
RHF_MPM_P27,425,0.02125,21.25,0,255,4.989027777777777,29.4605954652294,71842,281.73333333333335,14,230,255,0.8515314992668247,109,109,237,0.016458333333333332,19,18,0.6929824561403509,69.16033755274262,59.61603375527426,0.07555555555555556,0.007291666666666667,0.021111111111111112,0.015069444444444444,0.011666666666666667,1,71.5655187773169,61.53236268478049,10.715139573736636,4.411988117783091,0.9112956041370003,-138.1673494298533,-1.7570172441397254,1.7570172441397254,0.030205172461791153,4,-0.010694444444444784,-154,0.1498238712182612,244.8181818181818,13.099744493123671,5.272670454545455,0.29412675734435406
RHF_MPM_P27,426,0.0213,21.3,0,255,4.972638888888889,29.459448611281065,71606,280.8078431372549,14,228,255,0.8419379752345014,110,110,237,0.016458333333333332,19,18,0.6929824561403509,69.07594936708861,59.56962025316456,0.07402777777777778,0.007222222222222222,0.021319444444444443,0.015277777777777777,0.01173611111111111,1,71.47272574923889,61.455380834008324,10.52358577505447,4.307032697677626,0.9124114129896822,-138.40146509355642,-1.681009767156661,1.681009767156661,0.02807027344077312,0,-0.016388888888888786,-236,0.12056845113126947,241.0,7.507571935295483,5.182108585858586,0.20599991059955297
RHF_MPM_P27,427,0.02135,21.35,0,255,4.935069444444444,29.410101120394746,71065,278.6862745098039,14,229,255,0.8307649343104152,107,107,241,0.01673611111111111,20,18,0.6694444444444444,69.2448132780083,59.643153526970956,0.07284722222222222,0.007222222222222222,0.02125,0.015208333333333334,0.01173611111111111,1,71.3261943291353,61.23413776120453,10.167988707831551,4.383245978266564,0.9023123296297801,-138.58118725924078,-1.4719281665481985,1.4719281665481985,0.02687680292689791,4,-0.03756944444444432,-541,0.2653675834408537,239.63636363636363,5.835202376684078,5.1223232323232315,0.17053781402342
RHF_MPM_P27,428,0.0214,21.4,0,255,4.887777777777778,29.395760570296062,70384,276.0156862745098,13,232,255,0.8259341279586143,110,110,236,0.01638888888888889,20,18,0.6555555555555556,69.10169491525424,59.6271186440678,0.07284722222222222,0.007361111111111111,0.020972222222222222,0.015069444444444444,0.01173611111111111,1,71.1936377585815,61.081083769038415,9.796049838761295,4.450453187969183,0.8908431490655301,-139.6009508638157,-1.579087879049998,1.579087879049998,0.028344510115935438,-5,-0.04729166666666629,-681,0.20247658856018458,238.36363636363637,4.88546503365251,5.07135101010101,0.14770153287367518
RHF_MPM_P27,429,0.02145,21.45,0,255,4.969930555555556,29.661464876271513,71567,280.6549019607843,13,236,255,0.8239336909221077,107,107,246,0.017083333333333332,20,18,0.6833333333333333,69.39024390243902,59.8089430894309,0.0725,0.007569444444444445,0.021597222222222223,0.015347222222222222,0.011805555555555555,1,71.26566713708833,61.15032067852502,9.684414296201112,4.446044968455969,0.8883883115984301,-139.44993223612255,-1.3142006756215312,1.3142006756215312,0.026911844844690988,10,0.08215277777777796,1183,0.09990986439454332,237.9090909090909,3.8008263564303406,5.032746212121212,0.10845464492585964
RHF_MPM_P27,430,0.0215,21.5,0,255,4.995138888888889,29.668948484019054,71930,282.078431372549,13,236,255,0.8284914999438939,108,108,245,0.017013888888888887,20,18,0.6805555555555556,69.35510204081632,59.775510204081634,0.07270833333333333,0.007569444444444445,0.021736111111111112,0.015347222222222222,0.011805555555555555,1,71.32667871541777,61.217808980953706,9.618114830897609,4.442534027758037,0.8869359739371326,-140.0176242178306,-1.5074167446325912,1.5074167446325912,0.02615042402335604,-1,0.02520833333333261,363,0.0909784790758526,238.1818181818182,4.17390555754509,5.007279040404041,0.07677885320772157
RHF_MPM_P27,431,0.02155,21.55,0,255,4.924375,29.494600075897843,70911,278.08235294117645,13,231,255,0.7898042186709905,107,107,245,0.017013888888888887,20,18,0.6805555555555556,69.38367346938776,59.840816326530614,0.068125,0.007222222222222222,0.021527777777777778,0.015347222222222222,0.011597222222222222,1,71.21075714628196,61.2208684125171,9.440725719189848,4.214717432990628,0.8948135790524493,-140.2452209513764,-1.3129607341388971,1.3129607341388971,0.02364936328637306,0,-0.07076388888888818,-1019,0.11596193475618967,238.72727272727272,4.614028196527098,4.986180555555555,0.06365169931555295
RHF_MPM_P27,432,0.0216,21.6,0,255,4.784166666666667,28.958513416706246,68892,270.16470588235296,13,223,255,0.7835126419505378,106,106,236,0.01638888888888889,20,18,0.6555555555555556,69.11440677966101,59.73728813559322,0.06756944444444445,0.006805555555555555,0.021041666666666667,0.014583333333333334,0.01125,1,71.10802415374789,61.148870696162106,9.438183906405825,4.277411280358618,0.8914074438760838,-139.8635623472451,-1.3344798501675912,1.3344798501675912,0.02476339778203565,-9,-0.1402083333333337,-2019,0.12545014513877514,238.63636363636363,4.65681762722389,4.954381313131313,0.06902908265631377
RHF_MPM_P27,433,0.02165,21.65,0,255,4.732222222222222,28.772958766398,68144,267.2313725490196,13,223,255,0.7892408827636583,109,109,231,0.016041666666666666,19,18,0.6754385964912281,68.96536796536796,59.56277056277056,0.06847222222222223,0.006666666666666667,0.020833333333333332,0.014513888888888889,0.011041666666666667,1,70.98522247006339,61.051273773186196,9.616521043922482,4.317307405619384,0.8935584324419715,-139.34372975682615,-1.2663451056615433,1.2663451056615433,0.026341277295139704,-5,-0.05194444444444457,-748,0.15686112612790254,238.0909090909091,5.1425947722658,4.924356060606059,0.08536738482911363
RHF_MPM_P27,434,0.0217,21.7,0,255,4.571180555555555,28.384787885917188,65825,258.1372549019608,13,220,255,0.7581675798020966,110,110,220,0.015277777777777777,19,17,0.6811145510835913,68.67272727272727,59.3,0.06604166666666667,0.006805555555555555,0.01951388888888889,0.01423611111111111,0.010763888888888889,1,70.61260919103684,60.80616786935055,9.371587928701853,3.943951251161795,0.9071342788356428,-140.07756282096193,-1.6337616999693194,1.6337616999693194,0.029335358906190656,-11,-0.16104166666666675,-2319,0.44600174865353054,237.0,7.185844671043456,4.887386363636363,0.13038432138052888
RHF_MPM_P27,435,0.02175,21.75,0,11,0.01888888888888889,0.33133381772078757,272,24.727272727272727,0,0,6,0.057339623337014124,2,8,9,0.000625,93,107,0.0009044317154054868,88.22222222222223,57.0,0.004652777777777777,0.0,0.0,0.0,0.0,0,83.07720588235294,59.37867647058823,35.90664315661628,27.934357456152934,0.6282991381558778,117.94111018570824,-0.08605391723776919,0.08605391723776919,0.0,-211,-4.552291666666666,-65553,12.546071192636711,216.63636363636363,66.04030825223022,4.434583333333333,1.4019892579542796
RHF_MPM_P27,436,0.0218,21.8,0,255,3.1552083333333334,22.413630694932476,45435,178.1764705882353,2,101,255,0.6408596705507986,107,107,136,0.009444444444444445,13,14,0.7472527472527473,64.15441176470588,54.875,0.05333333333333334,0.0033333333333333335,0.014027777777777778,0.008819444444444444,0.006319444444444444,1,63.572488169913065,52.674171893914384,7.696320016457081,5.191331132460207,0.7382554637968652,65.12406624465802,-1.02451829655463,1.02451829655463,0.015714757345658633,127,3.1363194444444447,45163,20.62484896091621,207.45454545454547,69.50129316830095,4.267872474747475,1.4347944676435533
RHF_MPM_P27,437,0.02185,21.85,0,255,5.713819444444445,27.888081945134033,82279,322.66274509803924,28,174,255,1.1540290356564358,97,97,250,0.017361111111111112,24,29,0.35919540229885055,60.128,50.424,0.10305555555555555,0.005555555555555556,0.025,0.012569444444444444,0.009027777777777777,1,56.52120225087811,44.27421334726966,16.657471773055303,4.851114599628667,0.9566538127290299,56.80192453086387,-0.9609939078303193,0.9609939078303193,0.023967233437450625,114,2.5586111111111114,36844,10.967221010690464,208.63636363636363,70.10157919019142,4.335252525252526,1.4829060218366514
RHF_MPM_P27,438,0.0219,21.9,0,255,6.184027777777778,29.819659723062372,89050,349.2156862745098,29,216,255,1.1990731054374328,101,101,267,0.018541666666666668,30,31,0.2870967741935484,59.92134831460674,50.52434456928839,0.108125,0.006875,0.027430555555555555,0.014027777777777778,0.010694444444444444,1,55.01484559236384,44.85884334643459,17.294581106821944,4.86954490069781,0.95954222181189,48.79431436380804,-0.9999093224876705,0.9999093224876705,0.025210555867490173,17,0.4702083333333329,6771,1.6158287714277983,211.0,71.57577040515113,4.448794191919192,1.5697566039656208
RHF_MPM_P27,439,0.02195,21.95,0,255,6.438541666666667,30.812420395857274,92715,363.5882352941176,34,234,255,1.1823869054993954,108,108,252,0.0175,20,19,0.6631578947368421,61.26587301587302,52.05952380952381,0.10583333333333333,0.007430555555555556,0.02666666666666667,0.015833333333333335,0.012013888888888888,1,54.155821603839726,44.333128404249585,19.966222944516044,4.62936919883882,0.9727491573126841,46.605690074886816,-1.2319783895413663,1.2319783895413663,0.006514587715040716,-15,0.25451388888888893,3665,1.0071238321559375,212.45454545454547,72.22863148787722,4.589772727272727,1.6693291454818404
RHF_MPM_P27,440,0.022,22.0,0,255,5.9944444444444445,32.14896269662733,86320,338.5098039215686,19,250,255,0.9586900984498221,108,108,291,0.02020833333333333,21,21,0.6598639455782312,60.60137457044674,51.302405498281786,0.08458333333333333,0.008958333333333334,0.02625,0.018680555555555554,0.013680555555555555,1,58.27549814643188,48.716380908248375,13.55207846738849,5.131389462320784,0.9255431095709766,-135.56885309337994,1.936993730832181,1.936993730832181,0.030792400370713624,39,-0.44409722222222214,-6395,6.015366765991555,216.54545454545453,75.22495190048147,4.682910353535354,1.7158729456682782
RHF_MPM_P27,441,0.02205,22.05,0,255,6.510833333333333,33.91980361209855,93756,367.67058823529413,20,254,255,0.9587524100204079,109,109,323,0.022430555555555554,24,23,0.5851449275362319,59.575851393188856,50.8421052631579,0.08388888888888889,0.009583333333333333,0.029166666666666667,0.020902777777777777,0.015625,1,57.883026152992876,48.72720679209864,13.221618101337677,4.838429767386069,0.9306351491524933,-136.79314586679146,1.9216029252092752,1.9216029252092752,0.050567430351124196,32,0.5163888888888888,7436,0.39262127476121816,223.63636363636363,81.02555458537614,4.820700757575758,1.794470983942378
RHF_MPM_P27,442,0.0221,22.1,0,255,7.183402777777777,35.498067859454494,103441,405.65098039215684,25,255,255,1.0432574772467382,109,109,358,0.02486111111111111,27,24,0.5524691358024691,58.59497206703911,49.849162011173185,0.09180555555555556,0.010208333333333333,0.03270833333333333,0.023055555555555555,0.017152777777777777,1,57.17924227337323,47.803192157848436,13.896896003882388,5.207070802827368,0.9271489059592611,-135.25345344120038,1.9518618921741728,1.9518618921741728,0.040873541439081215,35,0.6725694444444441,9685,1.1615140091798406,233.9090909090909,89.77391253532859,5.026066919191919,1.9194950059927065
RHF_MPM_P27,443,0.02215,22.15,0,255,6.946180555555555,34.60463128318487,100025,392.2549019607843,24,252,255,1.0150861604020136,102,102,370,0.025694444444444443,28,27,0.4894179894179894,58.016216216216215,49.3054054054054,0.08805555555555555,0.009305555555555555,0.03319444444444444,0.022083333333333333,0.015625,1,57.79459135216196,48.566228442889276,10.758560362690494,5.094301348225774,0.8807876711201591,-137.7652939957807,0.6039324756757554,0.6039324756757554,0.006678330417395651,12,-0.237222222222222,-3416,0.9802442864179662,246.0909090909091,97.95031629765123,5.222613636363636,1.9939101778432835
RHF_MPM_P27,444,0.0222,22.2,0,255,6.443402777777778,32.83972217163221,92785,363.8627450980392,24,247,255,0.9928488783541927,107,107,308,0.021388888888888888,27,23,0.49597423510466987,59.45779220779221,50.84415584415584,0.08590277777777777,0.008472222222222223,0.03048611111111111,0.01923611111111111,0.013888888888888888,1,57.81408632860915,48.708950800237105,11.425096306514398,4.867865494145506,0.9046912408585247,-138.80778119407915,0.7896882179244719,0.7896882179244719,0.007598210917712993,-62,-0.5027777777777773,-7240,0.1440476497329889,253.0909090909091,99.36292938282963,5.378175505050505,2.01620939826618
RHF_MPM_P27,445,0.02225,22.25,0,255,5.891388888888889,31.231770385367543,84836,332.69019607843137,21,240,255,0.9817215887409648,108,108,276,0.019166666666666665,24,21,0.5476190476190477,60.55797101449275,51.47826086956522,0.08590277777777777,0.0077777777777777776,0.025902777777777778,0.0175,0.012847222222222222,1,58.25965392050544,48.99341081616295,12.044628707366952,4.653301057911485,0.9223571643062974,-139.5362211494823,1.0571940960621184,1.0571940960621184,0.01715073789429016,-32,-0.5520138888888892,-7949,0.528628394629718,258.1818181818182,98.97090314542697,5.498194444444445,2.0038553939643533
RHF_MPM_P27,446,0.0223,22.3,0,255,5.010694444444445,28.477423261749962,72154,282.956862745098,18,208,255,0.8942441210460346,104,104,237,0.016458333333333332,22,19,0.5669856459330144,61.40506329113924,52.26160337552743,0.07743055555555556,0.0059722222222222225,0.021180555555555557,0.014375,0.010486111111111111,1,58.49402666518835,49.31928929789062,12.515765476833849,4.321501702265876,0.9384980077059408,-139.39728977655713,1.3789831719388472,1.3789831719388472,0.025015938132328077,-39,-0.880694444444444,-12682,0.4014067367438309,278.90909090909093,61.33285423216877,5.951994949494949,1.049648592094835
RHF_MPM_P27,447,0.02235,22.35,0,255,4.263958333333333,26.05255065137977,61401,240.78823529411764,15,167,255,0.8448218509701928,103,103,196,0.01361111111111111,18,17,0.6405228758169934,62.505102040816325,53.107142857142854,0.07409722222222222,0.004722222222222222,0.017777777777777778,0.012083333333333333,0.00875,1,59.12923242292471,49.82448168596603,13.158364797861196,4.277313273681019,0.945691952212447,-138.73024387941442,1.761210583988868,1.761210583988868,0.03398967443526978,-41,-0.7467361111111117,-10753,0.811606865194445,284.3636363636364,50.002313996041,6.052790404040405,0.7997203554815957
RHF_MPM_P27,448,0.0224,22.4,0,255,3.7129861111111113,24.372828637754836,53467,209.67450980392158,12,139,255,0.7851865263145599,105,105,171,0.011875,16,16,0.66796875,63.2046783625731,53.87134502923977,0.06958333333333333,0.004166666666666667,0.015416666666666667,0.010416666666666666,0.007638888888888889,1,60.02231282847364,50.591505040492265,13.280981987003868,4.3555107216786135,0.9446947503436267,-138.08198317192455,2.1873181455927315,2.1873181455927315,0.04243739128808424,-25,-0.5509722222222218,-7934,1.1772499467675173,277.1818181818182,59.24190498106154,5.8708964646464645,1.045810798001329
RHF_MPM_P27,449,0.02245,22.45,0,255,3.4476388888888887,23.934007244055216,49646,194.69019607843137,7,134,255,0.7173077430817679,105,105,164,0.01138888888888889,16,15,0.6833333333333333,63.46341463414634,54.207317073170735,0.06270833333333334,0.004097222222222223,0.014722222222222222,0.010208333333333333,0.007638888888888889,1,60.94752850179269,51.532973452040444,12.609386479004282,4.275583254150391,0.9407577571686967,-138.23873511500307,2.6873196797492915,2.6873196797492915,0.04050678805946099,-7,-0.2653472222222226,-3821,1.3199950045732285,267.8181818181818,67.65395665620504,5.622133838383839,1.247701058678619
RHF_MPM_P27,450,0.0225,22.5,0,255,3.3915277777777777,24.354785872352014,48838,191.521568627451,3,140,255,0.6564560991385127,108,108,168,0.011666666666666667,15,15,0.7466666666666667,63.523809523809526,54.160714285714285,0.05652777777777778,0.0042361111111111115,0.014861111111111111,0.010625,0.008055555555555555,1,61.87190302633196,52.290286252508295,11.262577883815892,4.19866774945512,0.9279124792446802,-138.07473782501364,3.266546336615063,3.266546336615063,0.032044719275973625,4,-0.056111111111111,-808,1.1949857486052524,260.1818181818182,73.49683750997006,5.345132575757575,1.3681238716901944
RHF_MPM_P27,451,0.02255,22.55,0,255,3.4772916666666664,25.0396360440899,50073,196.36470588235295,1,157,255,0.6052375001872136,108,108,178,0.012361111111111111,16,16,0.6953125,63.331460674157306,53.87078651685393,0.050833333333333335,0.004583333333333333,0.015555555555555555,0.011319444444444444,0.008541666666666666,1,62.33812633555009,52.78918778583268,9.402676768466623,4.027049848268053,0.9036424809454396,-138.49351962730842,3.5859361505489984,3.5859361505489984,0.019950871727278174,10,0.08576388888888875,1235,0.682837399394419,249.9090909090909,76.31448634726098,5.116300505050504,1.4485293698219714
RHF_MPM_P27,452,0.0226,22.6,0,255,3.591458333333333,25.615513893731087,51717,202.81176470588235,0,167,255,0.5632596714799871,106,106,186,0.012916666666666667,16,16,0.7265625,63.06989247311828,53.89784946236559,0.04625,0.005,0.016180555555555556,0.011875,0.008819444444444444,1,62.72065278341744,53.22364019568034,7.260296085141451,4.172089836666541,0.8184030791762669,-138.69566935825452,2.2199992774816315,2.2199992774816315,0.00951331283717153,8,0.11416666666666675,1644,0.5788569596544981,237.45454545454547,74.52804674796003,4.850902777777777,1.4361006876905202
RHF_MPM_P27,453,0.02265,22.65,0,255,3.63625,25.782146435593546,52362,205.34117647058824,0,170,255,0.5437640285699568,108,108,189,0.013125,17,16,0.6948529411764706,62.888888888888886,53.82539682539682,0.04423611111111111,0.005,0.016458333333333332,0.011944444444444445,0.008958333333333334,1,62.61300179519499,53.1871204308468,6.580479798995529,4.243954288596676,0.7642409479145446,-139.94136245499163,0.9989945169848229,0.9989945169848229,0.008956877124632367,3,0.044791666666666785,645,0.11367685995297333,222.0909090909091,64.8907537123385,4.528434343434343,1.2640921052091585
RHF_MPM_P27,454,0.0227,22.7,0,255,3.6643055555555555,25.815925926880706,52766,206.92549019607844,0,174,255,0.5540911104730646,107,107,192,0.013333333333333334,17,16,0.7058823529411765,62.989583333333336,53.817708333333336,0.04513888888888889,0.005,0.016458333333333332,0.011875,0.008888888888888889,1,62.64956600841451,53.23263086078156,6.51925418265268,4.144144904122739,0.7719545218461246,-139.72156425824275,0.6758671769520116,0.6758671769520116,0.01030966910510556,3,0.0280555555555555,404,0.05837928503510247,205.9090909090909,45.19343183463428,4.230082070707071,1.0224428993049806
RHF_MPM_P27,455,0.02275,22.75,0,255,3.687986111111111,25.90162897279342,53107,208.2627450980392,0,172,255,0.5737267981613549,107,107,189,0.013125,16,16,0.73828125,63.148148148148145,54.026455026455025,0.04715277777777778,0.005208333333333333,0.016805555555555556,0.012013888888888888,0.008819444444444444,1,62.7174383791214,53.32845011015497,6.655296025418933,4.200308760866827,0.7756829690713734,-141.02115442583988,0.5588855650202266,0.5588855650202266,0.01242774022256953,-3,0.023680555555555483,341,0.11742226047839502,195.0909090909091,31.68439405206104,3.979589646464646,0.7510085813673804
RHF_MPM_P27,456,0.0228,22.8,0,255,3.6825694444444443,25.89952008474631,53029,207.95686274509805,0,172,255,0.5666906442659104,109,109,187,0.012986111111111111,16,16,0.73046875,63.04812834224599,53.97860962566845,0.04645833333333333,0.005138888888888889,0.016805555555555556,0.012083333333333333,0.008958333333333334,1,62.62916517377284,53.275075901865016,6.591633087938734,4.278268780661814,0.760749721238188,-139.18168935070028,0.5645812605881033,0.5645812605881033,0.012314016858699957,-2,-0.005416666666666625,-78,0.10315505267842043,187.0,18.68883964489843,3.7787878787878784,0.44658935686467577
RHF_MPM_P27,457,0.02285,22.85,0,255,3.68,25.93846810776955,52992,207.81176470588235,0,174,255,0.5555407770786792,108,108,189,0.013125,17,16,0.6948529411764706,63.07936507936508,53.96296296296296,0.04513888888888889,0.005138888888888889,0.016805555555555556,0.012013888888888888,0.008819444444444444,1,62.74007397342995,53.314877717391305,6.554348121578453,4.159656699061243,0.7728072605793893,-139.66646262446446,0.7329788202090726,0.7329788202090726,0.011246980676328502,2,-0.00256944444444418,-37,0.1178344022795118,182.63636363636363,10.16475843537793,3.6578156565656568,0.21847629052917955
RHF_MPM_P27,458,0.0229,22.9,0,255,3.7438194444444446,26.22464642004328,53911,211.4156862745098,0,184,255,0.5739370080224053,108,108,195,0.013541666666666667,17,16,0.7169117647058824,63.287179487179486,54.02051282051282,0.04722222222222222,0.005486111111111111,0.016875,0.012361111111111111,0.009097222222222222,1,62.941737307785054,53.35591994212684,6.538827193827404,4.490910142076721,0.7268401444975293,-140.56566783304194,0.48689166950442164,0.48689166950442164,0.011778672256125836,6,0.06381944444444443,919,0.20579738733633227,182.54545454545453,10.048642028232981,3.6105303030303033,0.11299378118008957
RHF_MPM_P27,459,0.02295,22.95,0,255,3.7691666666666666,26.36614610474323,54276,212.8470588235294,0,184,255,0.5697920231821143,108,108,198,0.01375,17,16,0.7279411764705882,63.25757575757576,53.93434343434343,0.04715277777777778,0.005555555555555556,0.017013888888888887,0.012430555555555556,0.009166666666666667,1,62.992611835802194,53.4084125580367,6.331298404789827,4.447932224722607,0.7116533248534245,-137.2346287586753,0.5257909414439467,0.5257909414439467,0.010944063674552288,3,0.025347222222221966,365,0.07310056310335163,185.0,10.224747162910901,3.6156376262626257,0.11863807124681085
RHF_MPM_P27,460,0.023,23.0,0,255,3.818125,26.583624174708625,54981,215.61176470588236,0,189,255,0.5596761819685767,107,107,203,0.014097222222222223,18,16,0.7048611111111112,63.039408866995075,53.99014778325123,0.045625,0.005416666666666667,0.017430555555555557,0.012638888888888889,0.009375,1,62.73043414997908,53.451937942198214,6.3063602578926385,4.328959182486515,0.7271832650393268,-142.32525166307587,0.6921369958762424,0.6921369958762424,0.009639693712373365,5,0.04895833333333366,705,0.2657660587997824,188.54545454545453,9.018804963807934,3.6493181818181815,0.11875272022026825
RHF_MPM_P27,461,0.02305,23.05,0,255,3.7783333333333333,26.324664237597066,54408,213.36470588235295,0,175,255,0.5614265760131021,107,107,196,0.01361111111111111,18,15,0.725925925925926,63.07142857142857,54.10204081632653,0.04576388888888889,0.005277777777777778,0.017152777777777777,0.012291666666666666,0.009236111111111112,1,62.677345243346565,53.51519997059256,6.490501883337973,4.230053160964667,0.7584512738072093,-143.69196309276396,0.627734883495761,0.627734883495761,0.009649316277018085,-7,-0.03979166666666689,-573,0.08258641682506543,191.0909090909091,6.444935227187673,3.6844823232323236,0.0913094766597631
RHF_MPM_P27,462,0.0231,23.1,0,255,3.885763888888889,26.855067649221283,55955,219.4313725490196,0,194,255,0.573780958516408,108,108,203,0.014097222222222223,18,15,0.7518518518518519,63.16256157635468,53.98522167487685,0.04701388888888889,0.005763888888888889,0.017708333333333333,0.012777777777777779,0.009791666666666667,1,62.85554463408096,53.4128317397909,6.4389149500584155,4.429209865118347,0.7258230997291378,-143.45850138643928,0.3512266578841453,0.3512266578841453,0.012241980162630686,7,0.1074305555555557,1547,0.20550979912298617,193.36363636363637,5.803959890731771,3.721616161616162,0.08209184702483675
RHF_MPM_P27,463,0.02315,23.15,0,255,3.84625,26.504862758112683,55386,217.2,0,184,255,0.5658456794718552,105,105,206,0.014305555555555556,18,16,0.7152777777777778,63.11165048543689,53.77669902912621,0.04604166666666667,0.005208333333333333,0.017708333333333333,0.012847222222222222,0.009375,1,62.69057162459828,53.15137399342794,6.580633589899089,4.39312690820505,0.7445343220341413,-140.5306880967257,0.5185162121873957,0.5185162121873957,0.009569205214314086,3,-0.03951388888888907,-569,0.30915408292787017,195.1818181818182,6.321941327532258,3.7447790404040404,0.07793972597944812
RHF_MPM_P27,464,0.0232,23.2,0,255,3.7847916666666666,26.21505090032436,54501,213.72941176470587,0,182,255,0.5651513659921968,108,108,193,0.013402777777777777,17,15,0.7568627450980392,63.347150259067355,54.145077720207254,0.04583333333333333,0.005138888888888889,0.017430555555555557,0.0125,0.009236111111111112,1,62.77820590447882,53.26581163648373,6.543617939964807,4.3200867720848,0.7510911634724208,-142.25175006035815,0.2607957938088766,0.2607957938088766,0.01110071374837159,-13,-0.06145833333333339,-885,0.14413792408088194,195.54545454545453,6.065755388222646,3.7582828282828276,0.07047707056834387
RHF_MPM_P27,465,0.02325,23.25,0,255,3.8574305555555557,26.613021959980415,55547,217.83137254901962,0,187,255,0.577732526884213,108,108,201,0.013958333333333333,18,16,0.6979166666666666,63.18905472636816,53.98009950248756,0.0475,0.005416666666666667,0.017569444444444443,0.012777777777777779,0.009722222222222222,1,62.83268223306389,53.302914648855925,6.5918573295526945,4.5646628937486735,0.7214467512686915,-142.5014130720371,0.7269959636309273,0.7269959636309273,0.013070012781968423,8,0.07263888888888914,1046,0.06591133364756095,196.36363636363637,6.138888369503321,3.775839646464646,0.06891699602854003
RHF_MPM_P27,466,0.0233,23.3,0,255,3.8419444444444446,26.612327794907014,55324,216.95686274509805,0,190,255,0.572433144708292,108,108,200,0.013888888888888888,18,15,0.7407407407407407,63.415,53.99,0.04701388888888889,0.005486111111111111,0.017638888888888888,0.012847222222222222,0.009652777777777777,1,62.97699009471477,53.385293904996026,6.441158192518208,4.504835499270046,0.7147472597714902,-144.9808394029273,0.45462493110815555,0.45462493110815555,0.012905791338298027,-1,-0.01548611111111109,-223,0.16616588331076212,197.36363636363637,5.740964874126162,3.7898358585858585,0.06518633634592816
RHF_MPM_P27,467,0.02335,23.35,0,255,3.899583333333333,26.89847785540104,56154,220.21176470588236,0,198,255,0.5673232842249354,109,109,202,0.014027777777777778,17,16,0.7426470588235294,63.396039603960396,53.896039603960396,0.04631944444444445,0.005555555555555556,0.018125,0.013125,0.01,1,63.02115610642163,53.318160772162265,6.366577675902398,4.500638166462076,0.7072971118362934,-144.7744099365254,0.41091169556965146,0.41091169556965146,0.011290380026356092,2,0.05763888888888857,830,0.08035853479354552,198.72727272727272,4.825894341813454,3.809564393939394,0.0625219244016825
RHF_MPM_P27,468,0.0234,23.4,0,255,3.9276388888888887,26.9616144316042,56558,221.79607843137254,0,193,255,0.5683781320869776,109,109,204,0.014166666666666666,18,16,0.7083333333333334,63.259803921568626,53.955882352941174,0.04631944444444445,0.005486111111111111,0.018125,0.013055555555555556,0.00986111111111111,1,62.83549630467839,53.373368931008876,6.3967432639792,4.351606598811718,0.7329479663043826,-144.19515520139566,0.428619129359164,0.428619129359164,0.010873793274161039,2,0.0280555555555555,404,0.19369435403896645,200.0909090909091,3.9185931022276916,3.83207702020202,0.056066967885681926
RHF_MPM_P27,469,0.02345,23.45,0,255,3.914375,26.879039004469995,56367,221.04705882352943,0,195,255,0.562955178507843,108,108,204,0.014166666666666666,18,15,0.7555555555555555,63.21568627450981,53.8921568627451,0.04576388888888889,0.005486111111111111,0.017986111111111112,0.013194444444444444,0.00986111111111111,1,62.816523852608796,53.25644437348094,6.363644427683524,4.346266012844515,0.7304335271409905,-145.23247485292944,0.3864954600729174,0.3864954600729174,0.010892898327035322,0,-0.01326388888888852,-191,0.11845381416669072,200.9090909090909,3.7039179613569746,3.84758207070707,0.05301598306536148
RHF_MPM_P27,470,0.0235,23.5,0,255,3.8691666666666666,26.733576877007845,55716,218.49411764705883,0,191,255,0.5644771661291291,107,107,199,0.013819444444444445,17,15,0.7803921568627451,63.47738693467337,53.959798994974875,0.04590277777777778,0.005486111111111111,0.017708333333333333,0.012916666666666667,0.00986111111111111,1,62.97562639098284,53.26098427740685,6.357880696705993,4.567964456783416,0.695555037846454,-145.686802101118,0.6413395576862851,0.6413395576862851,0.01173810036614258,-5,-0.04520833333333352,-651,0.15916729703277716,201.0,3.6431754380934325,3.8566729797979793,0.04702559008095478
RHF_MPM_P27,471,0.02355,23.55,0,255,3.825138888888889,26.661329804140568,55082,216.0078431372549,0,194,255,0.5501692428729728,107,107,198,0.01375,17,15,0.7764705882352941,63.45454545454545,53.984848484848484,0.04465277777777778,0.005486111111111111,0.017569444444444443,0.012847222222222222,0.009583333333333333,1,63.033277658763296,53.33215932609564,6.0922513108430705,4.443198203481217,0.6841731809715877,-145.88846015513045,0.07404942304704266,0.07404942304704266,0.011564576449656876,-1,-0.044027777777777555,-634,0.0915945207561355,200.54545454545453,3.6770451665739428,3.857310606060606,0.046543671818939494
RHF_MPM_P27,472,0.0236,23.6,0,255,3.82375,26.614778525050706,55062,215.9294117647059,0,189,255,0.5536620850641508,109,109,198,0.01375,17,16,0.7279411764705882,63.42929292929293,53.97979797979798,0.04506944444444445,0.005416666666666667,0.017569444444444443,0.013055555555555556,0.009583333333333333,1,63.13270495078275,53.415586066615816,6.282470757186903,4.5509641933036615,0.6893895331358588,-145.30297229787456,0.4475747572799341,0.4475747572799341,0.009698158439577205,0,-0.001388888888889106,-20,0.1297913996848123,200.72727272727272,3.4926132204179177,3.8614393939393934,0.041044140473363834
RHF_MPM_P27,473,0.02365,23.65,0,255,3.8769444444444443,26.819812775823905,55828,218.93333333333334,0,191,255,0.5717297259241038,109,109,202,0.014027777777777778,17,15,0.792156862745098,63.698019801980195,54.18811881188119,0.04701388888888889,0.005902777777777778,0.0175,0.012847222222222222,0.009722222222222222,1,63.53863652647417,53.62110410546679,6.230341885010345,4.596772707893756,0.675014734620713,-148.16753274631157,-0.05249036586205589,0.05249036586205589,0.012036970695708247,4,0.05319444444444432,766,0.45499242679023694,200.63636363636363,3.444962785726621,3.860637626262626,0.0406453514397884
RHF_MPM_P27,474,0.0237,23.7,0,255,3.9674305555555556,27.331623072676162,57131,224.04313725490195,0,202,255,0.572437311930479,110,110,204,0.014166666666666666,17,15,0.8,63.82843137254902,54.3578431372549,0.04756944444444444,0.0061805555555555555,0.017847222222222223,0.013125,0.010208333333333333,1,63.732526999352366,54.05195077978681,6.041405106906554,4.231266359395803,0.7137722732343366,-150.89102564712766,-0.5724472710588498,0.5724472710588498,0.011184820850326443,2,0.09048611111111127,1303,0.4724641491643019,200.45454545454547,3.2012394293925466,3.87165404040404,0.05048423813601082
RHF_MPM_P27,475,0.02375,23.75,0,12,0.016875,0.32584285738425095,243,20.25,0,0,6,0.04979872446148187,3,8,8,0.0005555555555555556,93,101,0.0008516980730331097,86.625,50.0,0.003958333333333334,0.0,0.0,0.0,0.0,0,82.61728395061728,54.67901234567901,31.488198302180386,26.520607618717587,0.5391033779599804,125.30938855909301,0.09730253280039489,0.09730253280039489,0.0,-196,-3.9505555555555554,-56888,18.89516476021756,183.63636363636363,55.58330803605886,3.5291161616161615,1.111475572758182
RHF_MPM_P27,476,0.0238,23.8,0,255,3.354722222222222,22.632943784830204,48308,189.44313725490196,10,97,255,0.7974012204523934,105,105,139,0.009652777777777777,14,12,0.8273809523809523,67.00719424460432,57.597122302158276,0.07041666666666667,0.0033333333333333335,0.013333333333333334,0.008958333333333334,0.00625,1,70.13053738511219,59.35873975324998,9.575105513544353,5.291104808521992,0.8334534234069249,-146.6419564997164,-1.0096870324160911,1.0096870324160911,0.024902707626066077,131,3.337847222222222,48065,13.334867393428551,178.0,56.66969688867716,3.483415404040404,1.1073640359953896
RHF_MPM_P27,477,0.02385,23.85,0,255,5.247916666666667,26.764086293093715,75570,296.3529411764706,23,156,255,1.1134845176627122,99,99,219,0.015208333333333334,28,23,0.34006211180124224,70.81278538812785,60.945205479452056,0.09944444444444445,0.005,0.023541666666666666,0.011805555555555555,0.008125,1,77.8750165409554,66.4603017070266,18.42757315034991,4.1125668951661885,0.9747784787810375,-141.56021215570078,-1.0407601595169946,1.0407601595169946,0.009554055842265449,80,1.8931944444444446,27262,10.507575342514448,179.72727272727272,57.59591353731918,3.6112310606060607,1.2170763239186322
RHF_MPM_P27,478,0.0239,23.9,0,255,5.650277777777778,28.935383950576565,81364,319.07450980392156,25,211,255,1.039342083419626,111,111,211,0.014652777777777778,18,18,0.6512345679012346,69.35071090047393,60.07582938388626,0.09090277777777778,0.006458333333333333,0.026041666666666668,0.01361111111111111,0.010347222222222223,1,77.21523032299297,66.05856398407158,17.71996442057304,4.146874555999489,0.9722311242819506,-142.31273998456354,-1.1765609090753075,1.1765609090753075,0.00687036035593137,-8,0.4023611111111114,5794,0.7724707447264632,180.54545454545453,57.96921382998148,3.7703851010101017,1.3514287707981754
RHF_MPM_P27,479,0.02395,23.95,0,255,5.657777777777778,29.726364944935767,81472,319.4980392156863,25,230,255,1.0072345295104683,110,110,234,0.01625,20,19,0.6157894736842106,69.6880341880342,60.52136752136752,0.08847222222222222,0.007361111111111111,0.024027777777777776,0.015,0.011597222222222222,1,75.76112038491752,65.20259721131187,16.726844067564638,4.094692654656138,0.969574182254773,-140.51282874855997,-1.4058029540146215,1.4058029540146215,0.020006873527101336,23,0.007499999999999396,108,1.6873395710640056,183.27272727272728,59.68872424212879,3.9276704545454546,1.457125245869776
RHF_MPM_P27,480,0.024,24.0,0,255,5.532569444444444,30.174438139078358,79669,312.42745098039217,20,228,255,0.9324762344800183,108,108,254,0.017638888888888888,21,20,0.6047619047619047,70.14566929133858,60.86220472440945,0.08097222222222222,0.0075,0.02340277777777778,0.016319444444444445,0.011875,1,73.91090637512708,63.620366767500535,14.283229445213372,4.26121599998242,0.9544605948060486,-140.63870947733645,-1.7641234181554595,1.7641234181554595,0.02623354127703373,20,-0.12520833333333314,-1803,2.4344907186818783,187.8181818181818,62.91093008346755,4.074779040404041,1.5283035010923478
RHF_MPM_P27,481,0.02405,24.05,0,255,5.430555555555555,30.591468667700703,78200,306.6666666666667,16,236,255,0.8667486230059621,106,106,270,0.01875,21,21,0.6122448979591837,70.43703703703704,61.074074074074076,0.07506944444444444,0.007847222222222222,0.023958333333333335,0.016944444444444446,0.012291666666666666,1,72.22878516624041,62.45776214833759,10.596694930007027,4.33239258656606,0.9126043944940051,-138.21015750357944,-1.4848512654960302,1.4848512654960302,0.02248081841432225,16,-0.10201388888888907,-1469,2.044793696656306,194.27272727272728,67.22160219492609,4.216723484848486,1.5744277615106503
RHF_MPM_P27,482,0.0241,24.1,0,255,5.708263888888889,31.67830204725356,82199,322.34901960784316,15,244,255,0.8700058151099499,107,107,292,0.020277777777777777,22,21,0.6320346320346321,70.9931506849315,61.455479452054796,0.07534722222222222,0.008194444444444445,0.026041666666666668,0.018333333333333333,0.013125,1,72.15294589958515,62.301694667818346,9.675037776791159,4.44590266102501,0.8881658551109155,-137.2955326854554,-0.9511412528702315,0.9511412528702315,0.01408776262484945,22,0.2777083333333339,3999,0.17351845101439262,202.8181818181818,72.888230976448,4.387916666666667,1.6241368801179128
RHF_MPM_P27,483,0.02415,24.15,0,255,5.9127777777777775,31.95254994268073,85144,333.89803921568625,18,246,255,0.9151181988047399,108,108,290,0.02013888888888889,23,22,0.5731225296442688,70.84827586206896,61.5551724137931,0.07930555555555556,0.008263888888888888,0.026805555555555555,0.018333333333333333,0.013333333333333334,1,72.51249647655736,62.759278398947664,10.1827329503003,4.44448768451973,0.8997173707516112,-136.50592599652416,-0.9794956935482931,0.9794956935482931,0.01417598421497698,-2,0.20451388888888822,2945,0.58194457502006,211.1818181818182,77.01690272781114,4.577828282828283,1.6685925859801611
RHF_MPM_P27,484,0.0242,24.2,0,255,5.998194444444445,32.23457636462182,86374,338.721568627451,20,249,255,0.9305491319296927,109,109,289,0.020069444444444445,22,21,0.6255411255411255,70.68512110726644,61.44290657439446,0.0811111111111111,0.008680555555555556,0.026041666666666668,0.018541666666666668,0.013888888888888888,1,72.68774168152453,62.953817120892865,10.504191264641207,4.499468684717384,0.9036129766331046,-136.06336100297602,-0.9941674306804694,0.9941674306804694,0.01917243614976729,-1,0.08541666666666714,1230,0.26183238187828667,219.0909090909091,80.07434561984432,4.7706691919191915,1.6987522559384323
RHF_MPM_P27,485,0.02425,24.25,0,255,6.017152777777778,32.14594838309925,86647,339.7921568627451,21,248,255,0.954195606265525,111,111,282,0.019583333333333335,22,21,0.6103896103896104,70.74468085106383,61.40425531914894,0.08388888888888889,0.008611111111111111,0.025277777777777777,0.018472222222222223,0.013888888888888888,1,73.11860768405138,63.28140616524519,11.345015608491044,4.482415785176277,0.9186381125137819,-136.18950595391104,-1.204965933730323,1.204965933730323,0.021685690214317866,-7,0.018958333333332966,273,0.5412578813404381,226.1818181818182,81.85776820116729,4.957007575757576,1.7127845110514712
RHF_MPM_P27,486,0.0243,24.3,0,255,5.895902777777778,31.617390343000462,84901,332.9450980392157,21,247,255,0.9570920902681314,110,110,271,0.018819444444444444,21,20,0.6452380952380953,70.40221402214023,60.92619926199262,0.08486111111111111,0.008680555555555556,0.024444444444444446,0.017986111111111112,0.013472222222222222,1,73.24208195427616,63.31799389877622,12.172664948966249,4.390048716602296,0.9327019536213036,-136.5744716342706,-1.3798929869850178,1.3798929869850178,0.02541783960141812,-11,-0.12124999999999986,-1746,0.1287810453928645,250.0909090909091,44.543042606316185,5.491464646464647,0.7137904558746317
RHF_MPM_P27,487,0.02435,24.35,0,255,5.914513888888889,31.582726210740336,85169,333.99607843137255,21,247,255,0.9895412274474781,109,109,276,0.019166666666666665,22,21,0.5974025974025974,70.6376811594203,61.221014492753625,0.08805555555555555,0.008333333333333333,0.024652777777777777,0.017777777777777778,0.013333333333333334,1,73.49027228216839,63.55989855463842,12.6437598585893,4.291773921743032,0.9406283915449057,-136.92789946306524,-1.4013172722888985,1.4013172722888985,0.02605408071011753,5,0.018611111111111356,268,0.3465779874531314,262.54545454545456,27.714005767887095,5.724172979797981,0.23780866743945786
RHF_MPM_P27,488,0.0244,24.4,0,255,5.973263888888889,31.755105349154775,86015,337.3137254901961,20,248,255,1.0166736400970513,111,111,275,0.019097222222222224,22,20,0.625,70.45454545454545,61.03636363636364,0.0913888888888889,0.008541666666666666,0.025,0.018125,0.013472222222222222,1,73.58955996047202,63.617427192931466,13.008297803412862,4.265767608437992,0.9447031850295877,-137.28109212590326,-1.493766889739535,1.493766889739535,0.02755333372086264,-1,0.05874999999999986,846,0.11475010800333009,267.6363636363636,24.16335590506917,5.790113636363636,0.19293873698558806
RHF_MPM_P27,489,0.02445,24.45,0,255,6.012222222222222,31.82065830654244,86576,339.51372549019607,20,248,255,1.035858996116185,109,109,274,0.01902777777777778,22,20,0.6227272727272727,70.53649635036497,61.003649635036496,0.09347222222222222,0.008472222222222223,0.025277777777777777,0.018055555555555554,0.013472222222222222,1,73.77496072814637,63.683237848826465,13.225311732964448,4.294488560799221,0.9458110931117788,-137.47866654733056,-1.547057652032401,1.547057652032401,0.02684346701164295,-1,0.03895833333333343,561,0.19673455996232367,273.3636363636364,16.221605835051246,5.823017676767677,0.19710348930705315
RHF_MPM_P27,490,0.0245,24.5,0,255,6.009236111111111,31.78209420281291,86533,339.3450980392157,20,250,255,1.0444815576479325,109,109,276,0.019166666666666665,22,21,0.5974025974025974,70.43478260869566,60.858695652173914,0.094375,0.008472222222222223,0.025,0.017916666666666668,0.01361111111111111,1,73.75523788612436,63.602463799937595,13.48888917622361,4.333536734518643,0.94698861140687,-137.8408082442603,-1.5546878017888222,1.5546878017888222,0.027607964591543112,2,-0.002986111111111356,-43,0.08314708336031104,277.1818181818182,10.408197659172153,5.854968434343434,0.19621216752466206
RHF_MPM_P27,491,0.02455,24.55,0,255,5.990694444444444,31.842366468205917,86266,338.2980392156863,20,250,255,1.0364218175377733,111,111,274,0.01902777777777778,22,21,0.5930735930735931,70.41240875912409,60.86496350364963,0.09381944444444444,0.008472222222222223,0.02486111111111111,0.018055555555555554,0.013888888888888888,1,73.693274291146,63.52117867989706,13.506678756689594,4.384748058758052,0.9458391834908552,-137.74245928320858,-1.652501569495327,1.652501569495327,0.028041174970440265,-2,-0.01854166666666668,-267,0.10220938236114559,279.0,7.555852638247327,5.89661616161616,0.17026501738739228
RHF_MPM_P27,492,0.0246,24.6,0,255,5.733125,30.985069656582407,82557,323.7529411764706,19,245,255,1.0171810400411159,110,110,262,0.018194444444444444,21,20,0.6238095238095238,70.15648854961832,60.534351145038165,0.09180555555555556,0.008194444444444445,0.024166666666666666,0.017013888888888887,0.012986111111111111,1,73.48520416197294,63.26450815799993,13.335536764215053,4.395418539210714,0.9441199995061572,-137.7860078798363,-1.6555946517509614,1.6555946517509614,0.02776263672371816,-12,-0.2575694444444441,-3709,0.3304132797952259,278.27272727272725,8.687408956654757,5.924122474747475,0.10448411759574872
RHF_MPM_P27,493,0.02465,24.65,0,255,5.522708333333333,30.5756922497892,79527,311.8705882352941,18,242,255,0.9659719803332985,111,111,252,0.0175,21,19,0.631578947368421,70.0,60.42460317460318,0.08659722222222223,0.008194444444444445,0.023125,0.016527777777777777,0.012638888888888889,1,73.06489619877526,62.85740691840507,12.722995390163799,4.275213525120541,0.9418539360678765,-138.19008569003546,-1.7366106935742907,1.7366106935742907,0.02819168332767488,-10,-0.21041666666666714,-3030,0.5851411822860001,274.6363636363636,10.385940910434707,5.907253787878788,0.14506880637143346
RHF_MPM_P27,494,0.0247,24.7,0,255,5.405138888888889,30.33365432490672,77834,305.2313725490196,17,240,255,0.9416014601557026,110,110,251,0.017430555555555557,21,19,0.6290726817042607,69.89641434262948,60.16334661354582,0.08444444444444445,0.008125,0.02277777777777778,0.01625,0.0125,1,72.787483618984,62.59102705758409,12.419268136443815,4.244735191503681,0.9397777148875577,-138.43279277478723,-1.7121960976992237,1.7121960976992237,0.02811110825603207,-1,-0.1175694444444444,-1693,0.3845984525156659,271.09090909090907,11.163695587642728,5.861104797979798,0.20452969994820303
RHF_MPM_P27,495,0.02475,24.75,0,255,5.335,30.141653948942107,76824,301.2705882352941,16,237,255,0.9364551143503554,109,109,248,0.017222222222222222,21,19,0.6215538847117794,69.75,60.05241935483871,0.08361111111111111,0.0075,0.02236111111111111,0.01597222222222222,0.012152777777777778,1,72.63985212954285,62.44294751640113,12.152068558819503,4.310281103084611,0.9349819641823813,-138.55619262419435,-1.701898807659173,1.701898807659173,0.027087889201291262,-3,-0.07013888888888875,-1010,0.20909951504384466,267.3636363636364,11.403928567684888,5.800814393939395,0.24829689084689377
RHF_MPM_P27,496,0.0248,24.8,0,255,5.207361111111111,29.89426368669412,74986,294.0627450980392,16,231,255,0.8925021550752966,109,109,244,0.016944444444444446,21,19,0.6115288220551378,69.73770491803279,59.971311475409834,0.07902777777777778,0.007569444444444445,0.021875,0.015694444444444445,0.011944444444444445,1,72.32972821593364,62.169858373563066,11.66016540921907,4.194718032025731,0.9330496080546405,-138.64057244468057,-1.6819098214730537,1.6819098214730537,0.026618302083055503,-4,-0.12763888888888886,-1838,0.41322454153682,263.90909090909093,12.176389563820523,5.727196969696969,0.28981726718610745
RHF_MPM_P27,497,0.02485,24.85,0,255,5.241875,29.95032988755322,75483,296.01176470588234,16,234,255,0.910079206536663,110,110,245,0.017013888888888887,20,18,0.6805555555555556,69.56734693877551,59.80408163265306,0.08097222222222222,0.007638888888888889,0.021944444444444444,0.015625,0.012083333333333333,1,72.35520580793026,62.13351350635242,11.564779429166098,4.279042244887436,0.9290292105745263,-138.87217078420048,-1.6974151431200168,1.6974151431200168,0.027714849701257236,1,0.03451388888888918,497,0.04438532490030424,261.54545454545456,13.06183640411768,5.6677398989898995,0.3150935965873813
RHF_MPM_P27,498,0.0249,24.9,0,255,5.180138888888889,29.85646300743012,74594,292.5254901960784,16,233,255,0.8931510291787245,111,111,241,0.01673611111111111,20,18,0.6694444444444444,69.53526970954357,59.74273858921162,0.07930555555555556,0.007430555555555556,0.021597222222222223,0.015486111111111112,0.012083333333333333,1,72.14439499155428,61.95938011100088,11.372591831502497,4.244849799176429,0.9277297424227706,-138.69997671644245,-1.6441664189410476,1.6441664189410476,0.0272810145588117,-4,-0.061736111111111214,-889,0.27342940529095194,258.3636363636364,13.411478986116384,5.600978535353535,0.3330237757352372
RHF_MPM_P27,499,0.02495,24.95,0,255,5.126805555555555,29.728400717831576,73826,289.51372549019607,15,229,255,0.8694889911685632,110,110,241,0.01673611111111111,20,18,0.6694444444444444,69.53526970954357,59.74273858921162,0.07666666666666666,0.007361111111111111,0.021597222222222223,0.015347222222222222,0.012083333333333333,1,72.03225151030801,61.818912036409934,11.083426639852984,4.212035809917697,0.924974117425698,-138.98707442123913,-1.5667917207651783,1.5667917207651783,0.026779183485492915,0,-0.05333333333333368,-768,0.17974270601423437,255.27272727272728,13.13628499504614,5.524027777777778,0.33589246216903307
RHF_MPM_P27,500,0.025,25.0,0,255,5.0349305555555555,29.397866312798577,72503,284.3254901960784,15,227,255,0.8686098069254505,110,110,236,0.01638888888888889,20,18,0.6555555555555556,69.28389830508475,59.639830508474574,0.07645833333333334,0.007083333333333333,0.020972222222222222,0.014930555555555556,0.011666666666666667,1,71.89785250265506,61.68623367308939,10.998149651932927,4.2700175326614795,0.9215546271700219,-139.11228690190646,-1.5666564096976696,1.5666564096976696,0.026854061211260223,-5,-0.09187499999999993,-1323,0.1888561393005756,251.8181818181818,12.748035013060438,5.435183080808081,0.3240533489727203
RHF_MPM_P27,501,0.02505,25.05,0,255,5.024305555555555,29.496635275456466,72350,283.72549019607845,15,231,255,0.854048439472106,111,111,234,0.01625,19,18,0.6842105263157895,69.2991452991453,59.585470085470085,0.07541666666666667,0.007361111111111111,0.021041666666666667,0.015277777777777777,0.011875,1,71.76193503800968,61.58818244644091,10.873745445986328,4.327863412657545,0.9173809176004867,-138.9128691168471,-1.5019829836282343,1.5019829836282343,0.027892190739460955,-2,-0.010625000000000107,-153,0.16759355668669937,248.0,11.119188982851385,5.3456439393939394,0.28702390233778957
RHF_MPM_P27,502,0.0251,25.1,0,255,4.931527777777778,29.168452905289943,71014,278.48627450980393,14,226,255,0.8426514869145403,108,108,233,0.016180555555555556,19,18,0.6812865497076024,69.19742489270386,59.57510729613734,0.07402777777777778,0.007013888888888889,0.02048611111111111,0.014861111111111111,0.011458333333333333,1,71.68541414368998,61.589109189737236,10.810715558180952,4.218935922631146,0.9207068079104771,-138.74752036433395,-1.680390478719217,1.680390478719217,0.02852958571549272,-1,-0.09277777777777718,-1336,0.07652650600036508,244.27272727272728,8.291188193069347,5.249356060606061,0.22555528555806284
RHF_MPM_P27,503,0.02515,25.15,0,255,4.928958333333333,29.187095612681638,70977,278.3411764705882,14,227,255,0.8572256831016553,109,109,232,0.01611111111111111,19,18,0.6783625730994152,69.09913793103448,59.456896551724135,0.07590277777777778,0.007152777777777778,0.020694444444444446,0.014930555555555556,0.011527777777777777,1,71.56519717655016,61.42963213435338,10.856967449360354,4.412789702862255,0.9136740382323583,-138.36047741260768,-1.509501024237053,1.509501024237053,0.02998154331684912,-1,-0.002569444444445068,-37,0.1997124191987126,241.54545454545453,6.813938073252185,5.1762500000000005,0.18326828697628875
RHF_MPM_P27,504,0.0252,25.2,0,255,4.955694444444444,29.34946021301797,71362,279.8509803921569,14,228,255,0.8414095575065115,108,108,236,0.01638888888888889,19,18,0.6900584795321637,69.22033898305085,59.57627118644068,0.07416666666666667,0.007222222222222222,0.020902777777777777,0.015208333333333334,0.011666666666666667,1,71.55624842353073,61.47025027325467,10.694329382416369,4.324688039716147,0.9145863049559924,-137.91515195684693,-1.6269681497193358,1.6269681497193358,0.02854460357052773,4,0.02673611111111107,385,0.041592227499941896,240.0909090909091,6.0970118680389875,5.124703282828284,0.15633402087452902
RHF_MPM_P27,505,0.02525,25.25,0,255,4.927847222222222,29.21926689473142,70961,278.278431372549,14,227,255,0.8365967313651732,110,110,234,0.01625,19,18,0.6842105263157895,69.14957264957265,59.55982905982906,0.07368055555555555,0.007152777777777778,0.020833333333333332,0.014861111111111111,0.011527777777777777,1,71.52179366130692,61.46648158847818,10.720307593922891,4.195330973108574,0.920244348320548,-138.08437218790306,-1.622381825289939,1.622381825289939,0.02864953988810755,-2,-0.027847222222222356,-401,0.03466026002274487,238.54545454545453,5.228655943472147,5.081313131313132,0.1375903037770092
RHF_MPM_P27,506,0.0253,25.3,0,255,4.936527777777778,29.247867902337116,71086,278.7686274509804,14,226,255,0.8376454396181795,108,108,236,0.01638888888888889,20,18,0.6555555555555556,69.22881355932203,59.601694915254235,0.07347222222222222,0.007152777777777778,0.021388888888888888,0.01513888888888889,0.011458333333333333,1,71.46373406859297,61.408378583687366,10.416210598970466,4.433719941347635,0.9048851761110815,-137.8464724539909,-1.6331173285048126,1.6331173285048126,0.027853585797484738,2,0.008680555555556246,125,0.08213936615186898,237.45454545454547,4.314112915528972,5.045088383838384,0.11693557832353427
RHF_MPM_P27,507,0.02535,25.35,0,255,4.849861111111111,28.98890760048744,69838,273.87450980392157,14,226,255,0.8129407270758926,109,109,232,0.01611111111111111,19,18,0.6783625730994152,69.08189655172414,59.53448275862069,0.07097222222222223,0.006875,0.020972222222222222,0.014791666666666667,0.011319444444444444,1,71.32692803344884,61.36683467453249,10.259732614410039,4.355036031537603,0.9054380116980734,-137.6431660328274,-1.5602793909117665,1.5602793909117665,0.027105587216128754,-4,-0.08666666666666689,-1248,0.14297477973309217,236.36363636363637,4.028821782938244,5.012588383838383,0.11699872736543823
RHF_MPM_P27,508,0.0254,25.4,0,255,4.821180555555555,28.98463259011689,69425,272.2549019607843,13,225,255,0.8084743677829724,109,109,231,0.016041666666666666,19,18,0.6754385964912281,69.06060606060606,59.52813852813853,0.07034722222222223,0.006944444444444444,0.020625,0.014652777777777778,0.011319444444444444,1,71.22949945984875,61.248210298883684,10.108032124061863,4.274075178480669,0.9062045923336765,-137.70803948917123,-1.5200857396167426,1.5200857396167426,0.02696435001800504,-1,-0.02868055555555582,-413,0.15350592643874097,235.0909090909091,3.232070697205669,4.974343434343434,0.10381403428201193
RHF_MPM_P27,509,0.02545,25.45,0,255,4.900763888888889,29.305897671038206,70571,276.74901960784314,13,231,255,0.8264088899642471,109,109,234,0.01625,20,18,0.65,69.14102564102564,59.49145299145299,0.07284722222222222,0.007152777777777778,0.021111111111111112,0.01513888888888889,0.011527777777777777,1,71.17746666477731,61.082512646837934,9.924040208093972,4.364332471816521,0.8981085905661347,-138.9315143699759,-1.4623511957582382,1.4623511957582382,0.02863782573578382,3,0.07958333333333378,1146,0.17367533980511196,234.45454545454547,2.6410616447879907,4.948945707070707,0.08230629115128618
RHF_MPM_P27,510,0.0255,25.5,0,255,4.875972222222222,29.30696315438639,70214,275.34901960784316,13,229,255,0.8120715411117978,110,110,236,0.01638888888888889,20,18,0.6555555555555556,69.24152542372882,59.59322033898305,0.07131944444444445,0.007291666666666667,0.021111111111111112,0.015,0.01173611111111111,1,71.16238926709772,61.07370325006409,9.818550664730962,4.3378322220718,0.8971137450289803,-139.34223662406728,-1.450103205256619,1.450103205256619,0.02733073176289629,2,-0.02479166666666721,-357,0.017462342119758407,234.0,1.7580981459830651,4.926142676767677,0.06214998345699476
RHF_MPM_P27,511,0.02555,25.55,0,255,4.848402777777777,29.3118008839442,69817,273.7921568627451,13,227,255,0.790203966285014,110,110,236,0.01638888888888889,20,18,0.6555555555555556,69.26694915254237,59.69915254237288,0.06881944444444445,0.007013888888888889,0.021041666666666667,0.015,0.011597222222222222,1,71.04779638197,61.06655972041193,9.603741980153472,4.241630179213113,0.8971803763427659,-139.3046596812552,-1.2621849279615318,1.2621849279615318,0.025552515862898723,0,-0.027569444444444535,-397,0.11481532710307561,234.0,1.7580981459830651,4.909185606060607,0.055214087043019056
RHF_MPM_P27,512,0.0256,25.6,0,255,4.903472222222222,29.43014071301932,70610,276.9019607843137,13,231,255,0.8170716754849039,109,109,242,0.016805555555555556,20,18,0.6722222222222223,69.29752066115702,59.739669421487605,0.07166666666666667,0.007361111111111111,0.021388888888888888,0.01513888888888889,0.011666666666666667,1,71.12678090921966,60.987508851437475,9.548176364584286,4.4973811448473,0.8821225805145826,-140.0006763657463,-1.2067049633492921,1.2067049633492921,0.024883161025350518,6,0.05506944444444439,793,0.11174791018389874,234.72727272727272,2.8948515141983013,4.898200757575758,0.04154652771019508
RHF_MPM_P27,513,0.02565,25.65,0,255,4.897708333333333,29.41033492335338,70527,276.5764705882353,13,233,255,0.7990927842243433,110,110,238,0.016527777777777777,20,18,0.6611111111111111,69.11764705882354,59.50840336134454,0.06958333333333333,0.007430555555555556,0.021041666666666667,0.015069444444444444,0.011666666666666667,1,71.12257716902747,60.97359876359408,9.478438332820794,4.3973693652141845,0.8858697912990015,-140.01762699214638,-1.4079254082792998,1.4079254082792998,0.02501169764770939,-4,-0.00576388888888868,-83,0.014531413400436006,235.1818181818182,2.979267201486171,4.895126262626262,0.04019591578920735
RHF_MPM_P27,514,0.0257,25.7,0,255,4.887083333333333,29.52825670897003,70374,275.9764705882353,13,234,255,0.7949932830406512,109,109,241,0.01673611111111111,20,18,0.6694444444444444,69.26970954356847,59.62240663900415,0.06923611111111111,0.007152777777777778,0.021180555555555557,0.015277777777777777,0.01173611111111111,1,70.97352715491516,60.83309176684571,9.257063445944995,4.461915677243435,0.8761705567221255,-140.1794728024282,-1.1825747015102497,1.1825747015102497,0.0255492085145082,3,-0.010625000000000107,-153,0.20483682003518097,236.0,3.2192602199319587,4.891319444444443,0.03876912700893321
RHF_MPM_P27,515,0.02575,25.75,0,255,4.8746527777777775,29.468387897815234,70195,275.27450980392155,13,233,255,0.789727421209502,109,109,240,0.016666666666666666,20,18,0.6666666666666666,69.2,59.675,0.06881944444444445,0.007222222222222222,0.02125,0.015208333333333334,0.011666666666666667,1,71.01447396538215,60.882228078923,9.246499593647734,4.460774390237616,0.8759353849623003,-140.55049759861504,-1.316828276374426,1.316828276374426,0.02511574898497044,-1,-0.0124305555555555,-179,0.06396106981575811,236.36363636363637,3.41847194126603,4.88395202020202,0.0331251979239563
RHF_MPM_P27,516,0.0258,25.8,0,255,4.903194444444445,29.48782594028277,70606,276.8862745098039,13,229,255,0.8160158873872095,108,108,242,0.016805555555555556,20,18,0.6722222222222223,69.27685950413223,59.77272727272727,0.07166666666666667,0.007291666666666667,0.021388888888888888,0.01513888888888889,0.011597222222222222,1,71.06427215817352,60.92544542956689,9.226583705772873,4.5845747637220065,0.8678149238469605,-140.34745921478756,-1.375090663427859,1.375090663427859,0.025167832762088206,2,0.028541666666667354,411,0.06593632839310795,237.0909090909091,3.679292062699648,4.881710858585858,0.030834304071864035
RHF_MPM_P27,517,0.02585,25.85,0,255,4.833541666666667,29.255676086700344,69603,272.9529411764706,12,229,255,0.7792846830564225,108,108,242,0.016805555555555556,20,18,0.6722222222222223,69.14876033057851,59.59504132231405,0.06729166666666667,0.007152777777777778,0.02125,0.015069444444444444,0.011458333333333333,1,70.87266353461776,60.855092452911514,9.114224097679532,4.408239645895488,0.8752526899050352,-139.4306002974585,-1.3326404038550206,1.3326404038550206,0.02222605347470655,0,-0.06965277777777779,-1003,0.20411615797189445,237.63636363636363,3.9143727530201793,4.8723484848484855,0.028299501026811277
RHF_MPM_P27,518,0.0259,25.9,0,255,4.7399305555555555,28.917136211282127,68255,267.6666666666667,13,224,255,0.7671787170641222,110,110,225,0.015625,19,17,0.6965944272445821,68.70666666666666,59.324444444444445,0.06597222222222222,0.007083333333333333,0.020694444444444446,0.014722222222222222,0.01125,1,70.7011794007765,60.82074573291334,9.244414263747826,3.908580462220262,0.9062208935896784,-140.3668556085821,-1.437472114289461,1.437472114289461,0.024305911654823823,-17,-0.09361111111111153,-1348,0.17488998065618472,237.0,5.152228114656275,4.862354797979798,0.04742428780615505
RHF_MPM_P27,519,0.02595,25.95,0,11,0.015902777777777776,0.31615729470041326,229,20.818181818181817,0,0,6,0.04641406064002406,3,8,8,0.0005555555555555556,32,101,0.0024752475247524753,95.75,53.875,0.0036805555555555554,0.0,0.0,0.0,0.0,0,89.41484716157206,58.03493449781659,30.93361679855086,21.077711234929364,0.7319249252347848,96.19673271407288,-0.23118563258094657,0.23118563258094657,0.0,-217,-4.724027777777778,-68026,18.919886503333743,216.72727272727272,66.17894599162172,4.425511363636364,1.3951861235325471
RHF_MPM_P27,520,0.026,26.0,0,255,3.2446527777777776,22.546937289340132,46723,183.22745098039215,3,97,255,0.6670971596860839,106,106,139,0.009652777777777777,13,15,0.7128205128205128,64.16546762589928,55.194244604316545,0.05583333333333333,0.003263888888888889,0.014583333333333334,0.008680555555555556,0.006111111111111111,1,62.98739378892623,52.85458981657856,8.12520301252708,5.291691654273462,0.7588470727647144,55.386691515143475,-0.9031495582837752,0.9031495582837752,0.015559788540975537,131,3.22875,46494,26.93039663242635,208.0909090909091,69.4778637676707,4.274955808080808,1.4248193767797537
RHF_MPM_P27,521,0.02605,26.05,0,255,5.825486111111111,28.010623538466547,83887,328.96862745098036,29,180,255,1.2004630016165272,104,104,223,0.015486111111111112,22,23,0.4407114624505929,60.955156950672645,51.7982062780269,0.10840277777777778,0.005625,0.024791666666666667,0.01326388888888889,0.008958333333333334,1,55.25855019252089,43.68411076805703,18.3837337103547,4.507482164311038,0.9694753963934861,52.004697847295226,-1.0264343995532978,1.0264343995532978,0.02132630800958432,84,2.5808333333333335,37164,11.993027529238313,206.9090909090909,69.10263058465291,4.361275252525252,1.486061750830153
RHF_MPM_P27,522,0.0261,26.1,0,255,6.115,30.21628925118224,88056,345.3176470588235,26,226,255,1.112321968279698,97,97,300,0.020833333333333332,34,34,0.25951557093425603,57.95666666666666,48.89666666666667,0.09895833333333333,0.007291666666666667,0.029027777777777777,0.01423611111111111,0.01125,1,55.68312210411556,45.427250840374306,16.31105914909898,4.7764448444084895,0.9561630677869234,50.89691840170538,-1.0053437751676093,1.0053437751676093,0.027641500863087125,77,0.28951388888888907,4169,1.794101061766985,212.72727272727272,73.83900288538192,4.476420454545455,1.56625173499432
RHF_MPM_P27,523,0.02615,26.15,0,255,6.279722222222222,30.714257997993116,90428,354.61960784313726,28,234,255,1.1964290774165325,109,109,248,0.017222222222222222,20,19,0.6526315789473685,61.274193548387096,52.096774193548384,0.1082638888888889,0.007430555555555556,0.02798611111111111,0.01597222222222222,0.011944444444444445,1,54.47873446277701,44.769075949927014,19.44452710720514,4.729628119291439,0.9699668911122925,46.34866903602665,-1.179927422150624,1.179927422150624,0.012595656212677489,-52,0.16472222222222221,2372,1.3724954561033482,213.27272727272728,74.07501223770758,4.601534090909092,1.6481925605199041
RHF_MPM_P27,524,0.0262,26.2,0,255,6.601666666666667,32.79358122322789,95064,372.8,26,249,255,1.1068660638881131,107,107,306,0.02125,23,23,0.5784499054820416,60.05882352941177,50.86601307189542,0.09847222222222222,0.008541666666666666,0.030208333333333334,0.019097222222222224,0.013958333333333333,1,55.18945131700749,45.843778927880166,18.977458718740337,4.597428067499748,0.9702120369162587,45.102651067114564,-1.6411984285094952,1.6411984285094952,0.01856643945131701,58,0.32194444444444414,4636,1.2884505957578025,219.45454545454547,78.5810104707974,4.756439393939394,1.7459247312433757
RHF_MPM_P27,525,0.02625,26.25,0,255,6.5136111111111115,33.728410102923434,93796,367.82745098039214,22,252,255,0.9625599447277282,108,108,324,0.0225,24,23,0.5869565217391305,59.53703703703704,50.78086419753087,0.08354166666666667,0.009305555555555555,0.029513888888888888,0.02048611111111111,0.015208333333333334,1,57.83481171904985,48.82517378139793,12.28934302953745,4.701311329569237,0.9239340106398739,-137.37136272146665,1.558906757080235,1.558906757080235,0.04426628001194081,18,-0.08805555555555511,-1268,3.985805681324159,227.0,84.08004843870242,4.904305555555555,1.8181124333746288
RHF_MPM_P27,526,0.0263,26.3,0,255,6.790902777777778,34.08083467640644,97789,383.48627450980393,24,252,255,1.0356491627381288,107,107,340,0.02361111111111111,26,25,0.5230769230769231,58.917647058823526,50.05882352941177,0.0907638888888889,0.009375,0.030972222222222224,0.021458333333333333,0.015208333333333334,1,57.25074394870589,47.96968984241581,13.641913618679865,4.891770896044088,0.9334974935752545,-135.8323330161601,1.7013697208084313,1.7013697208084313,0.0482160570207283,16,0.2772916666666667,3993,1.0358513069987072,236.0909090909091,90.17906887304791,5.078510101010102,1.8970170688776569
RHF_MPM_P27,527,0.02635,26.35,0,255,6.874027777777778,34.00396370521965,98986,388.18039215686275,26,252,255,1.0745141681108432,106,106,338,0.02347222222222222,27,25,0.5007407407407407,58.76331360946745,50.1094674556213,0.09479166666666666,0.009236111111111112,0.03180555555555555,0.020972222222222222,0.015208333333333334,1,56.95162952336694,47.615561796617705,14.481381948451189,5.100300277370577,0.935925864897994,-135.0050160698476,1.8332287944574248,1.8332287944574248,0.04216757925363183,-2,0.0831249999999999,1197,0.4635473139460904,244.8181818181818,94.85282205205952,5.2576767676767675,1.9638888106140144
RHF_MPM_P27,528,0.0264,26.4,0,255,6.5604861111111115,33.3601780618637,94471,370.4745098039216,22,250,255,1.014820487750826,106,106,326,0.02263888888888889,28,25,0.4657142857142857,58.923312883435585,50.34662576687116,0.08847222222222222,0.00875,0.03048611111111111,0.02,0.014513888888888889,1,57.62745181060855,48.617110012596456,11.846147234681993,4.920629538956371,0.9096488748610813,-136.83632888891293,1.0951255710746042,1.0951255710746042,0.010479406378677055,-12,-0.3135416666666666,-4515,1.2082361494603189,252.45454545454547,97.65836894395373,5.414671717171717,1.9925258504219998
RHF_MPM_P27,529,0.02645,26.45,0,255,6.100694444444445,31.831684068375306,87850,344.5098039215686,22,244,255,0.9924825286735462,108,108,282,0.019583333333333335,24,21,0.5595238095238095,60.3758865248227,51.59219858156028,0.08666666666666667,0.008055555555555555,0.02722222222222222,0.018055555555555554,0.013194444444444444,1,57.992441661923735,49.037951052931135,12.015508554340165,4.695721647372804,0.9204734641433027,-138.109658314461,1.057523984331027,1.057523984331027,0.014968696642003414,-44,-0.4597916666666668,-6621,0.557068014512642,257.6363636363636,97.57633163768645,5.538377525252525,1.9890328636910326
RHF_MPM_P27,530,0.0265,26.5,0,255,5.507638888888889,30.0700861411514,79310,311.01960784313724,20,233,255,0.966142130919383,107,107,254,0.017638888888888888,23,20,0.5521739130434783,61.03543307086614,52.12204724409449,0.08486111111111111,0.006944444444444444,0.023333333333333334,0.01625,0.011875,1,58.356550245870636,49.32618837473206,12.579883553046159,4.584413651390131,0.9312330656967052,-138.53346628508456,1.3431571381429208,1.3431571381429208,0.025053587189509518,-28,-0.5930555555555559,-8540,0.4643875693672143,280.0,57.93883922645578,6.0376262626262625,0.9667303971767032
RHF_MPM_P27,531,0.02655,26.55,0,255,4.605625,26.998098369729618,66321,260.08235294117645,16,182,255,0.8788867337012153,106,106,210,0.014583333333333334,20,18,0.5833333333333334,62.06190476190476,53.10952380952381,0.076875,0.005416666666666667,0.01965277777777778,0.013055555555555556,0.009166666666666667,1,58.61494850801405,49.61989415117384,13.299158914967407,4.321514315051488,0.9457324212303065,-138.14038443513365,1.6785136634918727,1.6785136634918727,0.032312540522609734,-44,-0.9020138888888889,-12989,0.3911939991794403,286.45454545454544,44.19659311502649,6.16135101010101,0.6297030363347774
RHF_MPM_P27,532,0.0266,26.6,0,255,4.016666666666667,25.335312422694845,57840,226.8235294117647,14,151,255,0.8216340226874195,106,106,182,0.012638888888888889,17,16,0.6691176470588235,62.862637362637365,53.70879120879121,0.07270833333333333,0.004375,0.016666666666666666,0.011180555555555555,0.008194444444444445,1,59.3811030428769,50.3237897648686,13.556243103236374,4.172034682405567,0.9514648483884818,-137.82656197800344,2.030528910626069,2.030528910626069,0.040992392807745505,-28,-0.5889583333333333,-8481,1.0404142474368727,282.72727272727275,50.64868464430589,5.996912878787879,0.8816931989042047
RHF_MPM_P27,533,0.02665,26.65,0,255,3.645347222222222,24.44446339872608,52493,205.8549019607843,11,142,255,0.7666079179869774,106,106,169,0.01173611111111111,16,15,0.7041666666666667,63.17751479289941,54.17751479289941,0.06770833333333333,0.0043055555555555555,0.015208333333333334,0.010625,0.007847222222222222,1,60.209189796734805,51.14651477339836,13.193760049216957,4.1164425513808665,0.9500823651501711,-137.69732825717537,2.4865001187286477,2.4865001187286477,0.040805440725430055,-13,-0.37131944444444454,-5347,1.1673063486399833,270.8181818181818,59.76745569564242,5.77239898989899,1.108342619595583
RHF_MPM_P27,534,0.0267,26.7,0,255,3.430972222222222,24.27958016407353,49406,193.74901960784314,4,141,255,0.6829740243793873,108,108,166,0.011527777777777777,16,15,0.6916666666666667,63.24698795180723,54.30120481927711,0.059166666666666666,0.0042361111111111115,0.014791666666666667,0.010694444444444444,0.007916666666666667,1,61.27389385904546,52.12868882321985,11.722804986394076,4.3133817407496124,0.9298463993152675,-137.84830584590722,3.0507099615641486,3.0507099615641486,0.034469497631866575,-3,-0.21437499999999998,-3087,1.4485374018103794,263.3636363636364,66.84347078643403,5.513421717171717,1.279197117768818
RHF_MPM_P27,535,0.02675,26.75,0,255,3.397222222222222,24.517680537738823,48920,191.84313725490196,1,145,255,0.6136332430655642,108,108,169,0.01173611111111111,16,15,0.7041666666666667,63.15976331360947,54.29585798816568,0.051944444444444446,0.004375,0.015208333333333334,0.010833333333333334,0.00798611111111111,1,61.87187244480785,52.79881439084219,10.105599108560156,4.217272490175135,0.9087594279861324,-137.92813252358988,3.385998596794406,3.385998596794406,0.023732624693376943,3,-0.03374999999999995,-486,0.8981351042084629,250.9090909090909,70.40719816694177,5.222108585858586,1.3604920371382256
RHF_MPM_P27,536,0.0268,26.8,0,255,3.4506944444444443,24.927120149792497,49690,194.86274509803923,0,152,255,0.5787592054047783,105,105,174,0.012083333333333333,16,15,0.725,63.241379310344826,54.10919540229885,0.04784722222222222,0.004652777777777777,0.015486111111111112,0.01138888888888889,0.008194444444444445,1,62.45445763735158,53.198772388810625,8.211448983462292,4.147213273453243,0.8630885925809899,-138.636610178699,2.8340156096325546,2.8340156096325546,0.014107466291004227,5,0.05347222222222214,770,0.7066625125971636,237.27272727272728,69.44990465219047,4.9436616161616165,1.3809546710249658
RHF_MPM_P27,537,0.02685,26.85,0,255,3.51625,25.30513260067017,50634,198.56470588235294,0,160,255,0.5433150441454311,107,107,183,0.012708333333333334,16,16,0.71484375,63.15300546448088,54.14207650273224,0.044097222222222225,0.004930555555555555,0.01611111111111111,0.011527777777777777,0.008333333333333333,1,62.68446103408777,53.41470158391595,6.571978569380557,4.071267355646013,0.7850054660903247,-137.86957842826044,1.0063544321633846,1.0063544321633846,0.009163802978235968,9,0.06555555555555559,944,0.315478968885435,223.0,62.67375846396959,4.645965909090909,1.3013191829962698
RHF_MPM_P27,538,0.0269,26.9,0,255,3.4854861111111113,25.22667372296251,50191,196.82745098039214,0,160,255,0.5454324230080532,108,108,179,0.012430555555555556,16,15,0.7458333333333333,63.11173184357542,54.41899441340782,0.04472222222222222,0.005069444444444444,0.015555555555555555,0.011458333333333333,0.008611111111111111,1,62.72433304775757,53.58707736446773,6.507360130201507,4.469703293044605,0.7267813388685055,-140.07866559861677,0.6518031627380632,0.6518031627380632,0.011994182223904684,-4,-0.03076388888888859,-443,0.17692706744565928,208.54545454545453,51.89213224015517,4.337916666666667,1.1267960916549682
RHF_MPM_P27,539,0.02695,26.95,0,255,3.563263888888889,25.65037682011116,51311,201.21960784313725,0,167,255,0.5491013727946769,107,107,188,0.013055555555555556,17,15,0.7372549019607844,62.898936170212764,54.244680851063826,0.045,0.005138888888888889,0.01597222222222222,0.011666666666666667,0.008888888888888889,1,62.64056440139541,53.73440392898209,6.54615087548481,4.1108301830403695,0.7782321454485882,-141.69143634640793,0.8210190780076826,0.8210190780076826,0.011303619107014091,9,0.0777777777777775,1120,0.16947655508934545,196.0,36.326799523717526,4.065441919191919,0.8949336377871858
RHF_MPM_P27,540,0.027,27.0,0,255,3.6450694444444443,25.99319482246288,52489,205.8392156862745,0,172,255,0.5459512372780939,106,106,191,0.01326388888888889,17,15,0.7490196078431373,62.853403141361255,54.18324607329843,0.04479166666666667,0.005347222222222222,0.016805555555555556,0.012083333333333333,0.009097222222222222,1,62.62978909866829,53.64472556154623,6.4367349430997525,4.3497828072124145,0.7371082122809686,-143.62328630889934,0.5815659322264464,0.5815659322264464,0.010611747223227724,3,0.08180555555555546,1178,0.09032340081519266,187.72727272727272,24.106170123363206,3.8422032828282826,0.6249536838133865
RHF_MPM_P27,541,0.02705,27.05,0,255,3.6615972222222224,25.943667557571157,52727,206.77254901960785,0,170,255,0.5436257625586098,108,108,192,0.013333333333333334,17,16,0.7058823529411765,62.791666666666664,54.109375,0.04416666666666667,0.005347222222222222,0.01659722222222222,0.012152777777777778,0.009097222222222222,1,62.64551368369147,53.616344567299485,6.313283526525977,4.136738510414784,0.7554176650027014,-142.0418341992163,0.17023724718506808,0.17023724718506808,0.009160392208925219,1,0.01652777777777814,238,0.032446007590842235,182.0909090909091,12.317427014781245,3.6743813131313128,0.3364756669010608
RHF_MPM_P27,542,0.0271,27.1,0,255,3.6529861111111113,25.856864244976425,52603,206.28627450980392,0,168,255,0.5516989063592752,109,109,186,0.012916666666666667,17,15,0.7294117647058823,62.97849462365591,54.274193548387096,0.04513888888888889,0.005208333333333333,0.01673611111111111,0.011875,0.009027777777777777,1,62.594585860122045,53.539931182632166,6.535591229703216,4.217980666503546,0.7638563987703895,-140.2441313035121,0.8168660710587535,0.8168660710587535,0.010094481303347717,-6,-0.008611111111111125,-124,0.09182945371629969,179.9090909090909,8.805520432242755,3.5877777777777777,0.164071955729327
RHF_MPM_P27,543,0.02715,27.15,0,255,3.689583333333333,26.052103825128555,53130,208.35294117647058,0,173,255,0.5505600440214108,109,109,189,0.013125,17,16,0.6948529411764706,63.01058201058201,54.116402116402114,0.045,0.005416666666666667,0.016875,0.012222222222222223,0.009027777777777777,1,62.64268774703557,53.525127046866174,6.553690489775904,4.040633533120544,0.7873210526027127,-141.59900702506707,0.7399566694728861,0.7399566694728861,0.010690758516845473,3,0.03659722222222195,527,0.05032846073962321,180.54545454545453,9.17866732615893,3.558042929292929,0.10126858617124537
RHF_MPM_P27,544,0.0272,27.2,0,255,3.7206944444444443,26.078293753106287,53578,210.10980392156864,0,172,255,0.5592599383536487,103,103,195,0.013541666666666667,17,16,0.7169117647058824,62.753846153846155,54.02051282051282,0.045625,0.005138888888888889,0.017083333333333332,0.012222222222222223,0.009027777777777777,1,62.45809847325395,53.48852140804061,6.627961105808895,4.221545336076841,0.7709218807616098,-140.0702939176466,0.4499205727105173,0.4499205727105173,0.01043338683788122,6,0.03111111111111109,448,0.18818388025826105,182.9090909090909,9.248631795170821,3.564892676767677,0.10918123313946917
RHF_MPM_P27,545,0.02725,27.25,0,255,3.714652777777778,26.056429826361537,53491,209.7686274509804,0,174,255,0.5634687308025711,108,108,188,0.013055555555555556,17,15,0.7372549019607844,62.962765957446805,54.17553191489362,0.04604166666666667,0.005138888888888889,0.016805555555555556,0.012083333333333333,0.009166666666666667,1,62.57121758800546,53.518797554728835,6.639423157064453,4.299864484267613,0.7619581921382739,-140.23648658880728,0.5495609886937797,0.5495609886937797,0.011889850629077789,-7,-0.006041666666666501,-87,0.11710072237374393,184.9090909090909,7.609259257396938,3.5906818181818183,0.10799978119238626
RHF_MPM_P27,546,0.0273,27.3,0,255,3.7279166666666668,26.173398785657465,53682,210.51764705882354,0,178,255,0.5575785004757554,109,109,190,0.013194444444444444,17,16,0.6985294117647058,62.93684210526316,54.089473684210525,0.04569444444444445,0.005486111111111111,0.016944444444444446,0.012430555555555556,0.009236111111111112,1,62.638165493088934,53.54196937520957,6.618448446513897,4.25059549287687,0.7665082723725156,-140.39468614063486,0.5135527711539883,0.5135527711539883,0.01125144368689691,2,0.013263888888888964,191,0.07084458525150081,186.8181818181818,5.7968358425199495,3.62074494949495,0.09523585935387863
RHF_MPM_P27,547,0.02735,27.35,0,255,3.741388888888889,26.165210856824736,53876,211.27843137254902,0,179,255,0.5722219252553575,110,110,187,0.012986111111111111,16,16,0.73046875,63.07486631016043,54.20320855614973,0.04701388888888889,0.005347222222222222,0.017083333333333332,0.012361111111111111,0.009166666666666667,1,62.71003786472641,53.62055460687505,6.6528105194665015,4.083344746348574,0.7894791337916474,-140.7558022200208,0.3623456496613764,0.3623456496613764,0.011637835028584157,-3,0.013472222222222108,194,0.10649542920103315,188.0,4.1560470729681676,3.6471717171717173,0.08405854522127339
RHF_MPM_P27,548,0.0274,27.4,0,255,3.747847222222222,26.306280187628055,53969,211.64313725490197,0,183,255,0.5625197357801118,110,110,189,0.013125,18,15,0.7,63.2010582010582,54.301587301587304,0.04611111111111111,0.005486111111111111,0.016944444444444446,0.012569444444444444,0.009166666666666667,1,62.792547573607074,53.74046211714132,6.536127191632492,4.171057523453278,0.7699085130925591,-140.97478074248494,0.37659557152882067,0.37659557152882067,0.011951305379013878,2,0.006458333333333233,93,0.14555295626619336,188.54545454545453,3.8462174184193056,3.66822601010101,0.07736758471067101
RHF_MPM_P27,549,0.02745,27.45,0,255,3.789513888888889,26.50052281533174,54569,213.99607843137255,0,184,255,0.5563479665285036,107,107,199,0.013819444444444445,18,16,0.6909722222222222,63.18090452261306,54.04522613065327,0.04548611111111111,0.005486111111111111,0.017222222222222222,0.012569444444444444,0.009444444444444445,1,62.80325826018436,53.57893675896571,6.404326477820356,4.262017883886407,0.746406395928292,-140.01529654053866,0.4780755264275157,0.4780755264275157,0.010280562223973317,10,0.04166666666666696,600,0.1618800795055268,190.36363636363637,3.6249821886139793,3.6958648989898992,0.05935797694151248
RHF_MPM_P27,550,0.0275,27.5,0,255,3.8048611111111112,26.559756603064777,54790,214.86274509803923,0,188,255,0.5583565631856025,108,108,196,0.01361111111111111,17,16,0.7205882352941176,63.30102040816327,54.16836734693877,0.04555555555555556,0.005625,0.017152777777777777,0.012569444444444444,0.009166666666666667,1,62.89313743383829,53.68167548822778,6.3521323582600875,4.327791555726753,0.7319920341881158,-140.7228322711963,0.20536519943438963,0.20536519943438963,0.010731885380543895,-3,0.015347222222222179,221,0.13650462390373164,191.0909090909091,3.871916261644883,3.717828282828283,0.050224873902272135
RHF_MPM_P27,551,0.02755,27.55,0,255,3.8359027777777777,26.685682332406326,55237,216.6156862745098,0,186,255,0.5570675616698518,109,109,199,0.013819444444444445,18,17,0.6503267973856209,63.085427135678394,54.21608040201005,0.04541666666666667,0.005555555555555556,0.017361111111111112,0.012777777777777779,0.009444444444444445,1,62.71147962416496,53.63414015967558,6.4925231180600385,4.482888754234281,0.7233615710571888,-140.36092997091976,0.6785144876645651,0.6785144876645651,0.010029509205785977,3,0.031041666666666412,447,0.18777424550741317,191.8181818181818,4.4887370529558215,3.7351767676767675,0.054842738929501485
RHF_MPM_P27,552,0.0276,27.6,0,255,3.85125,26.70685952446903,55458,217.48235294117646,0,185,255,0.5626104713603919,108,108,199,0.013819444444444445,18,16,0.6909722222222222,62.93467336683417,54.336683417085425,0.04597222222222222,0.005555555555555556,0.017638888888888888,0.012847222222222222,0.009375,1,62.54320386598867,53.71286378881316,6.580026282628158,4.300011056944922,0.7569312546652962,-143.49163043729834,0.595414522202963,0.595414522202963,0.010332143243535648,0,0.015347222222222179,221,0.1857798174571034,192.45454545454547,4.942646261479341,3.752417929292929,0.05867801021153024
RHF_MPM_P27,553,0.02765,27.65,0,255,3.8586805555555554,26.65875587730479,55565,217.90196078431373,0,184,255,0.5655014122912452,108,108,197,0.013680555555555555,18,16,0.6840277777777778,62.97969543147208,54.25888324873097,0.04618055555555556,0.005625,0.017708333333333333,0.012847222222222222,0.009375,1,62.5160622694142,53.62089444794385,6.682869558782279,4.371553312005582,0.7563707725810062,-142.8424157810899,0.6667748656828267,0.6667748656828267,0.010438225501664717,-2,0.007430555555555607,107,0.09589069779987629,193.45454545454547,4.63903666260839,3.7711174242424246,0.056755355978324214
RHF_MPM_P27,554,0.0277,27.7,0,255,3.806875,26.439543090709527,54819,214.9764705882353,0,183,255,0.5664455741290892,108,108,196,0.01361111111111111,18,16,0.6805555555555556,63.10204081632653,54.20918367346939,0.04618055555555556,0.005486111111111111,0.017222222222222222,0.0125,0.009236111111111112,1,62.69547054853244,53.58744231014794,6.693705027040908,4.263953865810567,0.7708559294113912,-141.87299484681088,0.5451988495758943,0.5451988495758943,0.01220379795326438,-1,-0.05180555555555566,-746,0.1825003455867555,194.0909090909091,4.4610342350491985,3.781780303030303,0.05117972270137072
RHF_MPM_P27,555,0.02775,27.75,0,255,3.7391666666666667,26.26037931043224,53844,211.1529411764706,0,175,255,0.55454619663932,106,106,194,0.013472222222222222,18,16,0.6736111111111112,63.15979381443299,54.31958762886598,0.04534722222222222,0.005347222222222222,0.017083333333333332,0.012291666666666666,0.009305555555555555,1,62.730759230369216,53.769779362603074,6.554054606025786,4.144833886510188,0.7746358102309968,-142.67600318059937,0.44908750127702346,0.44908750127702346,0.012424782705593938,-2,-0.06770833333333304,-975,0.18572046673375223,194.0,4.451761653343743,3.783459595959596,0.049420665337557845
RHF_MPM_P27,556,0.0278,27.8,0,255,3.8554166666666667,26.79621264892464,55518,217.71764705882353,0,190,255,0.5659998681675973,108,108,202,0.014027777777777778,18,16,0.7013888888888888,63.13861386138614,54.17821782178218,0.04645833333333333,0.005555555555555556,0.0175,0.012847222222222222,0.009375,1,62.81330379336431,53.7144169458554,6.584063820683672,4.322789117447501,0.7542795945192582,-143.83563505360075,0.6039836371576746,0.6039836371576746,0.011833999783853886,8,0.11624999999999996,1674,0.09939115689131944,195.27272727272728,4.554536381772854,3.796256313131313,0.0481555716674521
RHF_MPM_P27,557,0.02785,27.85,0,255,3.913402777777778,26.95753993328095,56353,220.9921568627451,0,194,255,0.5719690021691384,108,108,205,0.01423611111111111,18,16,0.7118055555555556,63.18048780487805,54.25853658536585,0.04680555555555556,0.005555555555555556,0.017638888888888888,0.012916666666666667,0.009444444444444445,1,62.84338012173265,53.663691374017354,6.642694975749225,4.261103267672785,0.767146393442719,-142.90499074157262,0.7165805895584316,0.7165805895584316,0.010274519546430536,3,0.05798611111111107,835,0.0589717658410922,196.63636363636363,4.995866059648759,3.813118686868687,0.05345669503134395
RHF_MPM_P27,558,0.0279,27.9,0,255,3.9627777777777777,27.02860887725275,57064,223.78039215686275,0,191,255,0.5837085117055036,109,109,204,0.014166666666666666,18,17,0.6666666666666666,63.088235294117645,54.10294117647059,0.04777777777777778,0.005625,0.017638888888888888,0.013055555555555556,0.009652777777777777,1,62.81482195429693,53.546596803588955,6.711044976069159,4.342793477528397,0.7623954884494318,-142.3034809377651,0.34464999125091933,0.34464999125091933,0.010900042058040096,-1,0.04937499999999995,711,0.1205267910097085,198.1818181818182,4.3655298921974435,3.83324494949495,0.06341117576694756
RHF_MPM_P27,559,0.02795,27.95,0,255,3.92375,26.806539777195955,56502,221.57647058823528,0,188,255,0.5889270280106624,106,106,205,0.01423611111111111,18,17,0.6699346405228758,63.009756097560974,54.18048780487805,0.04833333333333333,0.005555555555555556,0.017430555555555557,0.012777777777777779,0.009305555555555555,1,62.66567555130792,53.54295423170861,6.819892456515173,4.493662660830732,0.752225980836722,-140.28441557195944,0.41902254311574116,0.41902254311574116,0.011468620579802484,1,-0.03902777777777766,-562,0.14919087724946167,199.63636363636363,3.6747968966195885,3.8492361111111113,0.06202364060216534
RHF_MPM_P27,560,0.028,28.0,0,255,3.872638888888889,26.657261908919114,55766,218.69019607843137,0,188,255,0.5857373324510815,106,106,202,0.014027777777777778,18,17,0.6601307189542484,63.16831683168317,54.301980198019805,0.04805555555555555,0.005555555555555556,0.017222222222222222,0.012569444444444444,0.009375,1,62.74744467955385,53.6087400925295,6.789481685854962,4.23496320097735,0.7816210896789139,-141.1686104333726,0.576806031869263,0.576806031869263,0.011602051429186242,-3,-0.05111111111111111,-736,0.10494746218010591,199.9090909090909,3.728381209892705,3.8567929292929293,0.05929053089981743
RHF_MPM_P27,561,0.02805,28.05,0,255,3.820625,26.51502937849981,55017,215.75294117647059,0,186,255,0.5623496308761001,109,109,196,0.01361111111111111,17,17,0.6782006920415224,63.10204081632653,54.224489795918366,0.04611111111111111,0.005555555555555556,0.017152777777777777,0.012569444444444444,0.009375,1,62.70154679462711,53.58380137048549,6.572817762448423,4.182315921380518,0.7714376956807752,-139.70701179668777,0.5040348395415719,0.5040348395415719,0.010760310449497427,-6,-0.052013888888888804,-749,0.052235578851359786,199.9090909090909,3.7283812098927047,3.8582260101010095,0.05819844737170305
RHF_MPM_P27,562,0.0281,28.1,0,255,3.8099305555555554,26.514871063144493,54863,215.14901960784314,0,185,255,0.5668589599530107,108,108,200,0.013888888888888888,18,16,0.6944444444444444,63.18,54.305,0.04659722222222222,0.005555555555555556,0.017152777777777777,0.0125,0.009236111111111112,1,62.82640395166141,53.72728432641306,6.661768215356602,4.167445344418047,0.7801628669115449,-140.67361100096983,0.5980720665543044,0.5980720665543044,0.010954559539215866,4,-0.010694444444444784,-154,0.1902016516868393,200.0,3.7172815091383407,3.8558648989898985,0.05956696229467817
RHF_MPM_P27,563,0.02815,28.15,0,255,3.776666666666667,26.4207722361697,54384,213.27058823529413,0,181,255,0.5612364437452952,108,108,198,0.01375,17,16,0.7279411764705882,63.06060606060606,54.23737373737374,0.04597222222222222,0.005486111111111111,0.017083333333333332,0.0125,0.009166666666666667,1,62.81244483671668,53.75882612533098,6.4962535618322885,4.2337979230215,0.7584517735305122,-140.75523854782602,0.839129042014611,0.839129042014611,0.010922330097087379,-2,-0.03326388888888854,-479,0.034492636446325345,199.9090909090909,3.752684989190962,3.849084595959596,0.06380069683047734
RHF_MPM_P27,564,0.0282,28.2,0,255,3.783472222222222,26.44197902219762,54482,213.65490196078431,0,186,255,0.5630129552017916,107,107,196,0.01361111111111111,17,17,0.6782006920415224,63.40816326530612,54.18877551020408,0.04625,0.005625,0.017222222222222222,0.012569444444444444,0.009166666666666667,1,63.06671928343306,53.71223523365515,6.435925626089664,4.2176053255607595,0.7553494130108883,-140.54710986478594,0.3386853233543035,0.3386853233543035,0.010315333504643736,-2,0.006805555555555287,98,0.2585076506412717,199.8181818181818,3.833303389510548,3.842247474747474,0.06638353487830002
RHF_MPM_P27,565,0.02825,28.25,0,255,3.810138888888889,26.738318996498034,54866,215.1607843137255,0,191,255,0.5556882266164377,108,108,200,0.013888888888888888,17,16,0.7352941176470589,63.82,54.47,0.04590277777777778,0.005902777777777778,0.017222222222222222,0.012638888888888889,0.009722222222222222,1,63.641563080960886,54.0074362993475,6.082371766211248,4.516826304092448,0.6697248047840486,-140.86858512523602,-0.030145686594691752,0.030145686594691752,0.011664783290197937,4,0.02666666666666684,384,0.6462113127624074,200.1818181818182,3.6386356538526363,3.8425441919191914,0.06623188712705518
RHF_MPM_P27,566,0.0283,28.3,0,255,3.9004166666666666,27.180626778067698,56166,220.25882352941176,0,207,255,0.5659218786479567,109,109,204,0.014166666666666666,17,16,0.75,63.85294117647059,54.6421568627451,0.04708333333333333,0.0061805555555555555,0.017569444444444443,0.013125,0.010208333333333333,1,63.763736068083894,54.29503614286223,5.950640235907612,4.17234127934865,0.7130055563791886,-144.71226967533048,-0.2719573520675962,0.2719573520675962,0.011839903144250971,4,0.09027777777777768,1300,0.3124738529417365,201.0909090909091,3.2038200339465632,3.8572032828282827,0.059200601803982345
RHF_MPM_P27,567,0.02835,28.35,0,11,0.017847222222222223,0.335245894817944,257,23.363636363636363,0,0,6,0.051654745620784814,3,8,10,0.0006944444444444445,32,107,0.0029205607476635513,97.3,57.8,0.004097222222222223,0.0,0.0,0.0,0.0,0,90.57587548638132,58.01945525291829,33.81443213504295,20.82106528834638,0.7879455413081211,87.94339478275417,0.04422176443730089,0.04422176443730089,0.04669260700389105,-194,-3.8825694444444445,-55909,27.06957919683218,183.63636363636363,55.00127722033161,3.508333333333333,1.1053749233812842
RHF_MPM_P27,568,0.0284,28.4,0,255,3.326111111111111,22.522612992005485,47896,187.82745098039214,9,94,255,0.7628782923023445,101,101,143,0.009930555555555555,13,13,0.8461538461538461,67.1048951048951,57.34265734265734,0.06652777777777778,0.003611111111111111,0.013402777777777777,0.008888888888888889,0.00625,1,69.846187573075,58.8251419742776,9.03728402398492,5.357263517547695,0.8053528447067799,-144.3467040952718,-1.018267822562414,1.018267822562414,0.024177384332720896,133,3.308263888888889,47639,20.74533904461561,178.0,55.695601262577284,3.4549431818181815,1.098683469431571
RHF_MPM_P27,569,0.02845,28.45,0,255,4.665,25.7732391897746,67176,263.43529411764706,20,153,255,1.0018627259947739,106,106,183,0.012708333333333334,18,18,0.5648148148148148,68.71584699453553,59.42622950819672,0.08923611111111111,0.004861111111111111,0.018541666666666668,0.01125,0.008055555555555555,1,75.96297784923186,65.485813385733,18.3293905168377,4.12574039809385,0.9743382549271435,-138.99796369037514,-1.3945603127206794,1.3945603127206794,0.016404668333928785,40,1.338888888888889,19280,9.043211096389731,176.0909090909091,55.128699909566244,3.5187815656565657,1.1457300896108649
RHF_MPM_P27,570,0.0285,28.5,0,255,5.643680555555555,29.03874414387631,81269,318.7019607843137,24,206,255,1.0318042971079546,111,111,212,0.014722222222222222,18,18,0.654320987654321,69.44339622641509,60.0188679245283,0.09055555555555556,0.006736111111111111,0.02763888888888889,0.013888888888888888,0.010416666666666666,1,76.73328083278987,66.16158682892616,17.516049895337783,4.021579636479887,0.9732864961749551,-138.99449005974165,-1.1714519820790905,1.1714519820790905,0.008736418560582757,29,0.9786805555555551,14093,1.0247128539271475,176.72727272727272,55.49789661712973,3.6751388888888887,1.2976182506032123
RHF_MPM_P27,571,0.02855,28.55,0,255,5.9129861111111115,30.153040167799297,85147,333.90980392156865,28,232,255,1.0279832655664298,109,109,238,0.016527777777777777,20,20,0.595,70.06302521008404,60.72268907563025,0.08979166666666667,0.0075,0.025833333333333333,0.015069444444444444,0.011319444444444444,1,77.0941783034047,65.93095470186853,18.410689701971048,4.111605559067754,0.9747435640467973,-141.30008286384793,-1.3392256463271426,1.3392256463271426,0.008338520441119476,26,0.26930555555555635,3878,0.4282968156866333,180.0,57.90116971655628,3.8606249999999993,1.4495278929150224
RHF_MPM_P27,572,0.0286,28.6,0,255,5.240277777777778,29.89304387554171,75460,295.921568627451,16,237,255,0.8496908407760253,111,111,237,0.016458333333333332,19,19,0.6565096952908587,69.75527426160338,60.371308016877634,0.07305555555555555,0.007569444444444445,0.022222222222222223,0.015625,0.011875,1,72.78115557911477,62.561741319904584,11.891622208774779,4.298594638839566,0.9323795033371364,-140.2624433279892,-1.516131116270862,1.516131116270862,0.036814206201961304,-1,-0.6727083333333335,-9687,5.473003182298208,183.72727272727272,60.08946498058451,3.9896843434343428,1.5024544938669375
RHF_MPM_P27,573,0.02865,28.65,0,255,5.3464583333333335,30.508690154718163,76989,301.91764705882355,14,235,255,0.8501863147684446,107,107,270,0.01875,22,20,0.6136363636363636,70.64074074074074,61.03703703703704,0.07340277777777778,0.0075,0.02375,0.016805555555555556,0.012013888888888888,1,72.32857940744782,62.146462481653224,10.701635979606937,4.349514555223635,0.9136799003171344,-138.78926200477434,-1.6225709895887497,1.6225709895887497,0.030160152749094025,33,0.1061805555555555,1529,0.614232614454907,190.0909090909091,64.98315102667284,4.129368686868687,1.5499255093288908
RHF_MPM_P27,574,0.0287,28.7,0,255,5.646319444444444,31.357477073226974,81307,318.8509803921569,16,241,255,0.884144035098831,106,106,285,0.019791666666666666,23,22,0.5632411067193676,71.0,61.463157894736845,0.07666666666666666,0.007847222222222222,0.025416666666666667,0.017986111111111112,0.013055555555555556,1,72.39379143247199,62.33466983162581,10.250590351095736,4.492500102529484,0.8988446148003644,-137.69318724272165,-1.2993832418083997,1.2993832418083997,0.015878091677223365,15,0.29986111111111047,4318,0.19918487591043676,198.0,70.52272361058203,4.299337121212121,1.603516557717131
RHF_MPM_P27,575,0.02875,28.75,0,255,5.738333333333333,31.37471562509461,82632,324.0470588235294,17,245,255,0.9171258797033282,108,108,276,0.019166666666666665,22,21,0.5974025974025974,70.53623188405797,61.28623188405797,0.07979166666666666,0.00798611111111111,0.025763888888888888,0.0175,0.012986111111111111,1,72.59325684964662,62.7287370510214,10.754988208532243,4.4627760017317755,0.9098444855627084,-137.01084122285053,-1.2506110750050647,1.2506110750050647,0.014183367218510988,-9,0.09201388888888928,1325,0.4416734382446174,205.27272727272728,73.98168189625285,4.477051767676767,1.6443043545093832
RHF_MPM_P27,576,0.0288,28.8,0,255,5.816805555555556,31.54718988746105,83762,328.47843137254904,19,245,255,0.9305634566655738,108,108,275,0.019097222222222224,22,21,0.5952380952380952,70.54181818181819,61.014545454545456,0.08145833333333333,0.008194444444444445,0.025138888888888888,0.017638888888888888,0.013333333333333334,1,72.7829206561448,62.7657768439149,11.111872785344943,4.428683705809353,0.9171447758178528,-136.93909102699487,-1.1329863565038372,1.1329863565038372,0.017346768224254436,-1,0.0784722222222225,1130,0.1932467483632531,212.0909090909091,76.59154302408274,4.6594760101010095,1.6712871384497066
RHF_MPM_P27,577,0.02885,28.85,0,255,5.798611111111111,31.364762575290143,83500,327.45098039215685,20,245,255,0.9324077431558169,111,111,267,0.018541666666666668,22,20,0.6068181818181818,70.26966292134831,60.756554307116104,0.08159722222222222,0.008263888888888888,0.024791666666666667,0.017638888888888888,0.013194444444444444,1,72.96051497005988,62.8731497005988,11.418295287560454,4.3582157285607,0.9242916081305075,-137.25132970305074,-1.2697070469715301,1.2697070469715301,0.02295808383233533,-8,-0.018194444444445068,-262,0.20752992720913702,217.8181818181818,78.11276019822321,4.832039141414142,1.681966030490003
RHF_MPM_P27,578,0.0289,28.9,0,255,5.918263888888889,31.678196143006744,85223,334.2078431372549,21,247,255,0.9785961339586695,110,110,274,0.01902777777777778,22,21,0.5930735930735931,70.46715328467154,60.85036496350365,0.08673611111111111,0.008333333333333333,0.024652777777777777,0.017708333333333333,0.01361111111111111,1,73.28089834903723,63.10869131572463,12.057118450192753,4.421171606489492,0.930344923800879,-137.14161111141254,-1.3252173041657183,1.3252173041657183,0.02595543456578623,7,0.1196527777777785,1723,0.39764979816545776,241.8181818181818,43.431907378244354,5.368440656565656,0.7359319961254968
RHF_MPM_P27,579,0.02895,28.95,0,255,5.961875,31.720410609923583,85851,336.67058823529413,21,249,255,0.9951326396212526,109,109,276,0.019166666666666665,22,21,0.5974025974025974,70.47101449275362,60.78623188405797,0.08840277777777777,0.008333333333333333,0.02486111111111111,0.017986111111111112,0.013680555555555555,1,73.51223631640866,63.29355511292821,12.50446994504753,4.399229786357299,0.9360704627177782,-137.32036565254893,-1.3710518006257724,1.3710518006257724,0.0261266613085462,2,0.04361111111111082,628,0.29612814568033335,253.9090909090909,30.96171990012108,5.608055555555556,0.3701401432218593
RHF_MPM_P27,580,0.029,29.0,0,255,6.0441666666666665,31.904727869340412,87036,341.3176470588235,21,248,255,1.0234709621346234,109,109,285,0.019791666666666666,23,21,0.5900621118012422,70.79298245614035,61.0,0.09173611111111112,0.008402777777777778,0.025347222222222222,0.018125,0.013680555555555555,1,73.77980375936394,63.444701043246475,13.04368326247628,4.369783725255992,0.942214043411497,-137.60296866173013,-1.44600774717454,1.44600774717454,0.027793097109242153,9,0.08229166666666643,1185,0.3073067340319802,263.1818181818182,22.437056126045274,5.733434343434343,0.24025778906835565
RHF_MPM_P27,581,0.02905,29.05,0,255,5.9406944444444445,31.553861967646736,85546,335.4745098039216,20,248,255,1.0288486563927188,110,110,274,0.01902777777777778,22,21,0.5930735930735931,70.46715328467154,60.71167883211679,0.09277777777777778,0.008263888888888888,0.02451388888888889,0.017430555555555557,0.013402777777777777,1,73.77330325205153,63.374944474317914,13.390449907101383,4.418171791052418,0.9439985964752705,-137.55704710526715,-1.5726724747943932,1.5726724747943932,0.02794987492109508,-11,-0.10347222222222197,-1490,0.07005880033231933,268.8181818181818,15.625260328409844,5.760435606060606,0.24529075776658296
RHF_MPM_P27,582,0.0291,29.1,0,255,5.8770138888888885,31.483793440696974,84629,331.878431372549,19,249,255,1.028589218627866,110,110,271,0.018819444444444444,22,21,0.5865800865800865,70.37269372693727,60.571955719557195,0.09277777777777778,0.008472222222222223,0.024444444444444446,0.017569444444444443,0.013333333333333334,1,73.63095392832244,63.22378853584469,13.307237579762278,4.388240777961438,0.9440635873440635,-137.89698557760883,-1.6511915278979004,1.6511915278979004,0.028193645204362572,-3,-0.06368055555555596,-917,0.20763296390951758,271.8181818181818,12.216368913121755,5.757165404040404,0.24346818296984066
RHF_MPM_P27,583,0.02915,29.15,0,255,5.907708333333333,31.647516516982943,85071,333.61176470588236,19,250,255,1.0210577159107086,111,111,272,0.01888888888888889,22,20,0.6181818181818182,70.31617647058823,60.6360294117647,0.09208333333333334,0.008472222222222223,0.024652777777777777,0.017777777777777778,0.013541666666666667,1,73.53303711017855,63.13399395798803,13.084582439697737,4.383610140524566,0.9422106542120897,-138.08733169071448,-1.6052569570550175,1.6052569570550175,0.026401476413819045,1,0.030694444444444358,442,0.13285619853013395,275.0,5.376717484589544,5.817840909090909,0.18266660804397555
RHF_MPM_P27,584,0.0292,29.2,0,255,5.698402777777778,31.009500295231977,82057,321.7921568627451,18,245,255,1.0005337316341225,109,109,267,0.018541666666666668,22,20,0.6068181818181818,70.29962546816479,60.449438202247194,0.0901388888888889,0.008333333333333333,0.02361111111111111,0.016944444444444446,0.012847222222222222,1,73.35819003863168,62.90148311539539,13.041489360340998,4.338808949469854,0.9430352774967896,-138.04866068452182,-1.7516347430527592,1.7516347430527592,0.028931108863351086,-5,-0.20930555555555497,-3014,0.29091715375972255,274.72727272727275,5.690357219828663,5.849835858585859,0.11593159283736859
RHF_MPM_P27,585,0.02925,29.25,0,255,5.5095833333333335,30.491643524519777,79338,311.1294117647059,18,240,255,0.967406794863964,109,109,253,0.017569444444444443,21,19,0.6340852130325815,69.98814229249012,60.134387351778656,0.08659722222222223,0.007916666666666667,0.022916666666666665,0.016319444444444445,0.012361111111111111,1,73.094935592024,62.70955910156545,12.7988997051174,4.231902369061823,0.9437549248615091,-138.27235645487772,-1.654095973454881,1.654095973454881,0.028636970934482846,-14,-0.18881944444444443,-2719,0.32578786156532646,271.8181818181818,7.56569028056843,5.837405303030303,0.14158024409115672
RHF_MPM_P27,586,0.0293,29.3,0,255,5.424236111111111,30.321269741256376,78109,306.30980392156863,17,237,255,0.9472613287345029,110,110,250,0.017361111111111112,20,19,0.6578947368421053,69.78,60.064,0.08472222222222223,0.008055555555555555,0.02236111111111111,0.016041666666666666,0.012361111111111111,1,72.77189568423613,62.52421615946946,12.554780334166932,4.259790897362351,0.940679541673447,-138.0409867324046,-1.6164625369301577,1.6164625369301577,0.027333597920854193,-3,-0.08534722222222246,-1229,0.3724336024157809,269.45454545454544,9.661202977642413,5.80885101010101,0.18400082079014976
RHF_MPM_P27,587,0.02935,29.35,0,255,5.385,30.347015641300437,77544,304.09411764705885,17,240,255,0.9242884795411105,110,110,251,0.017430555555555557,21,19,0.6290726817042607,69.92828685258964,60.06374501992032,0.08208333333333333,0.007916666666666667,0.0225,0.016180555555555556,0.012430555555555556,1,72.58601568141958,62.231533065098525,11.86268376047955,4.30538266836926,0.9318144740554263,-138.48301367805072,-1.6668443743380275,1.6668443743380275,0.02708139894769421,1,-0.03923611111111125,-565,0.3467200155422608,267.27272727272725,10.80480456338256,5.76959595959596,0.22054790814211703
RHF_MPM_P27,588,0.0294,29.4,0,255,5.395347222222222,30.438540409167906,77693,304.678431372549,17,244,255,0.920200266496944,111,111,250,0.017361111111111112,21,18,0.6613756613756614,69.732,59.928,0.08180555555555556,0.00798611111111111,0.02263888888888889,0.01625,0.012638888888888889,1,72.52193891341562,62.08857940869834,11.813075276084579,4.354804982540379,0.9295711356503277,-138.20952510793487,-1.554300475218752,1.554300475218752,0.0263086764573385,-1,0.010347222222222285,149,0.15665752479857437,265.72727272727275,11.894161356739923,5.7329356060606065,0.24485461722087287
RHF_MPM_P27,589,0.02945,29.45,0,255,5.361111111111111,30.36161710465825,77200,302.7450980392157,17,242,255,0.9149070979621317,110,110,248,0.017222222222222222,21,18,0.656084656084656,69.6491935483871,59.87096774193548,0.08152777777777778,0.008125,0.022430555555555554,0.016319444444444445,0.012569444444444444,1,72.46678756476683,62.08075129533679,11.759817362684625,4.369148699665051,0.928420140943707,-138.21208979695092,-1.6785268941891198,1.6785268941891198,0.02773316062176166,-2,-0.034236111111111356,-493,0.055704134645301266,263.3636363636364,12.579006517156976,5.682285353535352,0.2585235303264497
RHF_MPM_P27,590,0.0295,29.5,0,255,5.3279861111111115,30.19224505103967,76723,300.87450980392157,16,234,255,0.9110222016367222,110,110,249,0.017291666666666667,20,19,0.6552631578947369,69.68273092369478,59.855421686746986,0.08076388888888889,0.007638888888888889,0.022847222222222224,0.016180555555555556,0.012291666666666666,1,72.37250889563755,61.97532682507201,11.474205443267532,4.427858761699943,0.9225419701830605,-138.37714535787765,-1.6642346551124068,1.6642346551124068,0.02816626044341332,1,-0.03312499999999918,-477,0.14143120724719058,260.90909090909093,12.507848775538323,5.62465909090909,0.2604205529247824
RHF_MPM_P27,591,0.02955,29.55,0,255,5.262986111111111,30.0931852192269,75787,297.20392156862744,16,237,255,0.8992358212764118,111,111,243,0.016875,20,18,0.675,69.46913580246914,59.666666666666664,0.07965277777777778,0.007638888888888889,0.022222222222222223,0.01597222222222222,0.012222222222222223,1,72.11639199334978,61.710042619446604,11.192847065844688,4.511954237189331,0.9151513101471913,-138.52064315232957,-1.4934954109509386,1.4934954109509386,0.027445340229854724,-6,-0.06500000000000039,-936,0.36874324046928214,257.09090909090907,10.874946565841938,5.5536426767676765,0.24221545716526124
RHF_MPM_P27,592,0.0296,29.6,0,255,5.197361111111111,29.890342526802844,74842,293.4980392156863,16,231,255,0.886889977297173,109,109,244,0.016944444444444446,20,18,0.6777777777777778,69.45491803278688,59.627049180327866,0.07826388888888888,0.0075,0.021944444444444444,0.015555555555555555,0.012083333333333333,1,71.97490713770343,61.61323855589108,11.105836343253548,4.456676579691192,0.9159504434144284,-138.68576611150695,-1.5344060967928304,1.5344060967928304,0.027524651933406377,1,-0.06562499999999982,-945,0.1714321763792654,254.36363636363637,10.020639856840274,5.486066919191919,0.22808446892667786
RHF_MPM_P27,593,0.02965,29.65,0,255,5.202013888888889,29.954587551637157,74909,293.7607843137255,15,233,255,0.8831736854394546,110,110,243,0.016875,20,18,0.675,69.37860082304526,59.55555555555556,0.07805555555555556,0.007430555555555556,0.021944444444444444,0.015555555555555555,0.012152777777777778,1,71.91314795284946,61.53300671481397,11.05121306140011,4.48854463282078,0.9138026237637821,-138.58519035288157,-1.5150711382042006,1.5150711382042006,0.02745998478153493,-1,0.004652777777777395,67,0.10124892708789068,251.8181818181818,8.972870036627906,5.4247032828282835,0.2041999712814618
RHF_MPM_P27,594,0.0297,29.7,0,255,5.204861111111111,30.009324545929587,74950,293.921568627451,16,234,255,0.875175682294808,110,110,243,0.016875,20,18,0.675,69.36625514403292,59.55144032921811,0.07736111111111112,0.007638888888888889,0.021944444444444444,0.015625,0.012083333333333333,1,71.83314209472982,61.49120747164776,10.885344846310865,4.409130840104326,0.9142936437055751,-138.85663658389143,-1.5031023817280929,1.5031023817280929,0.027671781187458305,0,0.002847222222222001,41,0.09026690458150728,249.1818181818182,6.603279926303592,5.360808080808082,0.1442226962921509
RHF_MPM_P27,595,0.02975,29.75,0,255,5.1999305555555555,30.082898657906025,74879,293.64313725490194,15,236,255,0.874309068115003,111,111,246,0.017083333333333332,19,18,0.7192982456140351,69.35365853658537,59.479674796747965,0.07722222222222222,0.0077083333333333335,0.02201388888888889,0.015902777777777776,0.012291666666666666,1,71.68899157307122,61.36502891331348,10.546687254799897,4.4143493394811415,0.9081922964749285,-138.75129162389788,-1.5859504559322586,1.5859504559322586,0.028085310968362292,3,-0.004930555555555216,-71,0.1915734884522512,247.27272727272728,3.4664865390795674,5.315492424242424,0.10362732618866484
RHF_MPM_P27,596,0.0298,29.8,0,255,5.109652777777778,29.82870757697641,73579,288.5450980392157,15,235,255,0.8676064960453658,110,110,243,0.016875,19,18,0.7105263157894737,69.21810699588477,59.37448559670782,0.07680555555555556,0.0075,0.021875,0.015555555555555555,0.012152777777777778,1,71.5088952010764,61.17931746829938,10.358988694450582,4.504490802334924,0.9005082834414636,-138.86185582894592,-1.629890453252907,1.629890453252907,0.0292474755025211,-3,-0.09027777777777768,-1300,0.25869565905697395,246.36363636363637,3.1413004623947267,5.279135101010102,0.09921653301068803
RHF_MPM_P27,597,0.02985,29.85,0,255,5.059861111111111,29.832016264831218,72862,285.73333333333335,14,236,255,0.8535479636731119,111,111,241,0.01673611111111111,19,18,0.7046783625730995,69.20331950207469,59.365145228215766,0.07583333333333334,0.007638888888888889,0.021458333333333333,0.015555555555555555,0.012083333333333333,1,71.33568938541352,61.024072904943594,10.112931555407252,4.4667107034581575,0.8971711439507777,-139.06092394628487,-1.6655087082682796,1.6655087082682796,0.029974472290082623,-2,-0.04979166666666668,-717,0.2325964940212411,245.54545454545453,3.2575405213034396,5.246010101010101,0.10584722364554029
RHF_MPM_P27,598,0.0299,29.9,0,255,5.094375,29.954781597961908,73359,287.6823529411765,14,236,255,0.8736138971198019,110,110,247,0.017152777777777777,20,18,0.6861111111111111,69.3157894736842,59.4331983805668,0.07819444444444444,0.0077083333333333335,0.021527777777777778,0.015694444444444445,0.012222222222222223,1,71.3450156081735,61.03191155822735,10.230764994295427,4.514842843001975,0.8973593320009157,-139.31936181867331,-1.5849792108074252,1.5849792108074252,0.029362450415081995,6,0.03451388888888918,497,0.012182894412729533,245.1818181818182,2.8225772175018227,5.219589646464646,0.10411381426243795
RHF_MPM_P27,599,0.02995,29.95,0,255,5.201041666666667,30.40114556546691,74895,293.70588235294116,14,240,255,0.8623923511279189,106,106,259,0.017986111111111112,20,18,0.7194444444444444,69.38223938223938,59.57142857142857,0.07680555555555556,0.008055555555555555,0.022152777777777778,0.01611111111111111,0.0125,1,71.24447559917218,60.88525268709527,9.863272405443912,4.572475549003593,0.8860518997909863,-139.13858061193324,-1.4519079001203832,1.4519079001203832,0.028226183323319314,12,0.10666666666666647,1536,0.1778120296597575,246.0,4.748205402618399,5.201925505050505,0.08803801391265201
RHF_MPM_P27,600,0.03,30.0,0,255,5.306527777777778,30.655377209105776,76414,299.66274509803924,15,241,255,0.8625207700183866,110,110,259,0.017986111111111112,20,18,0.7194444444444444,69.46718146718146,59.74131274131274,0.07631944444444444,0.008194444444444445,0.023055555555555555,0.01673611111111111,0.012569444444444444,1,71.40966315073155,61.14511738686628,9.821282572632411,4.533051442689237,0.8871121583978206,-139.54256833886234,-1.483625704811172,1.483625704811172,0.02667050540476876,0,0.10548611111111139,1519,0.307923025084613,247.0,6.045283661289563,5.196963383838384,0.08010693988617186
RHF_MPM_P27,601,0.03005,30.05,0,255,5.4675,31.129635743576852,78732,308.7529411764706,15,247,255,0.8707489801374937,111,111,263,0.01826388888888889,21,19,0.6591478696741855,69.74524714828897,60.17110266159696,0.07673611111111112,0.00875,0.02388888888888889,0.017083333333333332,0.013125,1,71.67109942590052,61.454465782655085,9.952094569316962,4.530422661545932,0.8903774432316235,-139.85989204588344,-1.0610870830208767,1.0610870830208767,0.022748056698673982,4,0.16097222222222207,2318,0.4050251300244639,248.27272727272728,7.604913592132501,5.209646464646465,0.10653295678408675
RHF_MPM_P27,602,0.0301,30.1,0,255,5.4880555555555555,30.765714080544306,79028,309.9137254901961,16,237,255,0.8876150673950065,108,108,267,0.018541666666666668,21,20,0.6357142857142857,69.86142322097378,60.157303370786515,0.07715277777777778,0.007569444444444445,0.02409722222222222,0.017083333333333332,0.012430555555555556,1,72.07803563294023,61.78429164346814,10.457089730329077,4.52052736402352,0.9017331681205402,-138.7997954006711,-1.2145671720260043,1.2145671720260043,0.022245280153869514,4,0.020555555555555216,296,0.5238150198886375,250.45454545454547,9.079083217270107,5.230107323232324,0.1331108115388482
RHF_MPM_P27,603,0.03015,30.15,0,255,5.175833333333333,29.824275615213562,74532,292.2823529411765,16,231,255,0.861577535501924,108,108,244,0.016944444444444446,20,18,0.6777777777777778,69.40573770491804,59.64344262295082,0.0751388888888889,0.0075,0.022152777777777778,0.015694444444444445,0.012083333333333333,1,71.78515268609456,61.50876133741212,10.668112422397881,4.4702239513797215,0.9079739115607289,-138.81549073892697,-1.222099068633983,1.222099068633983,0.026096173455696883,-23,-0.3122222222222222,-4496,0.4021161152059498,250.45454545454547,9.079083217270107,5.228150252525253,0.13373467280804707
RHF_MPM_P27,604,0.0302,30.2,0,255,5.126527777777778,29.641824180057654,73822,289.4980392156863,16,232,255,0.8810342610604815,111,111,237,0.016458333333333332,19,18,0.6929824561403509,69.13924050632912,59.40084388185654,0.07798611111111112,0.007430555555555556,0.021805555555555557,0.015486111111111112,0.011875,1,71.79447861071225,61.463845466121214,10.992256869110399,4.575004890199339,0.9092719457748241,-138.958746096492,-1.4899142046574336,1.4899142046574336,0.029693045433610576,-7,-0.04930555555555571,-710,0.04587383092565711,249.9090909090909,9.671462665111449,5.221287878787879,0.13680131371813153
RHF_MPM_P27,605,0.03025,30.25,0,255,5.137847222222222,29.63756926659497,73985,290.1372549019608,15,230,255,0.8872743426298927,109,109,239,0.01659722222222222,19,18,0.6988304093567251,69.09623430962343,59.48953974895397,0.07861111111111112,0.007291666666666667,0.021875,0.015625,0.011666666666666667,1,71.74075826180983,61.58884909103197,11.050437985553643,4.431168566071648,0.9160803139587683,-138.46985126452665,-1.581715528736222,1.581715528736222,0.02943839967560992,2,0.011319444444444215,163,0.13605801015385233,249.54545454545453,9.994213201681319,5.2151957070707065,0.13887366336426654
RHF_MPM_P27,606,0.0303,30.3,0,255,5.093194444444444,29.458863659836883,73342,287.6156862745098,15,230,255,0.8803073397524721,108,108,239,0.01659722222222222,19,18,0.6988304093567251,69.03347280334728,59.46861924686193,0.07784722222222222,0.007222222222222222,0.021666666666666667,0.015416666666666667,0.011527777777777777,1,71.7488205939298,61.7329770118077,11.151609121308834,4.32000774588169,0.9219164649419875,-137.90167446136897,-1.6587674446078975,1.6587674446078975,0.02876932726132366,0,-0.04465277777777743,-643,0.14435324293672117,248.9090909090909,10.413754413838246,5.205492424242424,0.14326086526963433
RHF_MPM_P27,607,0.03035,30.35,0,255,4.9759722222222225,29.067361524555825,71654,280.99607843137255,15,226,255,0.8660866289788212,110,110,230,0.01597222222222222,18,18,0.7098765432098766,68.8695652173913,59.356521739130436,0.0763888888888889,0.007152777777777778,0.021180555555555557,0.014930555555555556,0.011319444444444444,1,71.60104111424344,61.666033996706396,11.047269421192192,4.250142395924971,0.9230319340189549,-137.94564296437144,-1.6643137617213442,1.6643137617213442,0.028749267312362183,-9,-0.1172222222222219,-1688,0.16223483561561433,247.72727272727272,11.678191867290767,5.193339646464646,0.1559808047374294
RHF_MPM_P27,608,0.0304,30.4,0,255,4.969166666666666,29.25884755790403,71556,280.61176470588236,15,227,255,0.8529485667480333,111,111,231,0.016041666666666666,19,18,0.6754385964912281,68.96969696969697,59.44588744588744,0.07506944444444444,0.006944444444444444,0.021041666666666667,0.015,0.01138888888888889,1,71.43426127788027,61.44408575102018,10.683887662822885,4.413599390055184,0.9106820444599781,-137.74976955078662,-1.6855793977069622,1.6855793977069622,0.02867684051651853,1,-0.006805555555556175,-98,0.2776266154037032,246.8181818181818,12.525016289723988,5.185094696969697,0.16495711846894706
RHF_MPM_P27,609,0.03045,30.45,0,255,4.986805555555556,29.406432937860007,71810,281.6078431372549,14,229,255,0.849570681578917,110,110,238,0.016527777777777777,19,18,0.695906432748538,69.09243697478992,59.50840336134454,0.07458333333333333,0.007013888888888889,0.021458333333333333,0.01513888888888889,0.011458333333333333,1,71.36036763681939,61.333003759922015,10.528867162492746,4.428330351121578,0.9072510801140626,-137.74667397781025,-1.5902911884171207,1.5902911884171207,0.028477927865199832,7,0.017638888888889426,254,0.1334146878554499,246.0,12.777821695137527,5.175315656565657,0.17303598010250562
RHF_MPM_P27,610,0.0305,30.5,0,255,4.969861111111111,29.411608299419594,71566,280.65098039215684,14,229,255,0.8409299314966718,109,109,234,0.01625,19,18,0.6842105263157895,69.14529914529915,59.47435897435897,0.07381944444444444,0.007152777777777778,0.02125,0.015208333333333334,0.011458333333333333,1,71.35430232233183,61.30451611100243,10.381454675754005,4.3575746192200455,0.9076415875342059,-138.23550941538565,-1.561547545933379,1.561547545933379,0.027890338987787498,-4,-0.01694444444444443,-244,0.029126176899802687,243.72727272727272,12.483377377288633,5.154299242424243,0.18241987303660467
RHF_MPM_P27,611,0.03055,30.55,0,255,4.933541666666667,29.358887305984304,71043,278.6,14,228,255,0.8431318207503391,110,110,235,0.016319444444444445,19,18,0.6871345029239766,69.17021276595744,59.51063829787234,0.07444444444444444,0.007152777777777778,0.021180555555555557,0.015347222222222222,0.011458333333333333,1,71.29787593429332,61.2654167194516,10.368722402971736,4.442194417664411,0.9035785105925166,-138.1895196022487,-1.5449924961882402,1.5449924961882402,0.0294751066255648,1,-0.03631944444444457,-523,0.06864910550559428,241.54545454545453,11.695870571691193,5.120391414141414,0.1856096446692369
RHF_MPM_P27,612,0.0306,30.6,0,255,4.963611111111111,29.563362898167814,71476,280.2980392156863,13,233,255,0.8320755076181847,110,110,238,0.016527777777777777,19,18,0.695906432748538,69.06302521008404,59.588235294117645,0.07333333333333333,0.007291666666666667,0.021527777777777778,0.015416666666666667,0.011666666666666667,1,71.11340869662544,61.11749398399463,9.972309844381313,4.401140511672871,0.8973418697316383,-138.7257311974344,-1.6212802943450644,1.6212802943450644,0.027785550394538026,3,0.030069444444444038,433,0.23645146951941257,239.27272727272728,9.535492637232265,5.074583333333333,0.1537334920147834
RHF_MPM_P27,613,0.03065,30.65,0,255,4.957361111111111,29.626784779479514,71386,279.9450980392157,13,235,255,0.8324577004154573,109,109,242,0.016805555555555556,20,18,0.6722222222222223,69.03305785123968,59.549586776859506,0.07347222222222222,0.007569444444444445,0.021527777777777778,0.015347222222222222,0.011805555555555555,1,70.97418261283725,60.907881097133895,9.669594571046852,4.526823146105342,0.8836488785110324,-140.0451881997556,-1.4282877644464484,1.4282877644464484,0.02754041408679573,4,-0.006249999999999645,-90,0.2516375662437659,237.0,4.067610422035836,5.026338383838385,0.08374870224314199
RHF_MPM_P27,614,0.0307,30.7,0,255,5.055208333333334,29.985754846369918,72795,285.47058823529414,13,236,255,0.8366356153833748,110,110,248,0.017222222222222222,20,18,0.6888888888888889,69.18548387096774,59.641129032258064,0.07409722222222222,0.007638888888888889,0.02201388888888889,0.015694444444444445,0.011944444444444445,1,71.00700597568515,60.81096229136617,9.31912311192645,4.667240841863141,0.8655491238055595,-140.01835746847047,-1.3022823545778244,1.3022823545778244,0.026320489044577237,6,0.09784722222222264,1409,0.10232608689912423,237.36363636363637,4.7915214374925235,5.015372474747475,0.07026849007832714
RHF_MPM_P27,615,0.03075,30.75,0,255,5.1565972222222225,30.21565988539705,74255,291.19607843137254,14,239,255,0.8425795876194296,110,110,252,0.0175,20,18,0.7,69.32539682539682,59.757936507936506,0.07409722222222222,0.00798611111111111,0.022569444444444444,0.01597222222222222,0.012222222222222223,1,71.15923506834557,61.02219379166386,9.457814960762791,4.447106886175874,0.8825575079740785,-140.68068576063052,-1.3688708914082484,1.3688708914082484,0.024779476129553564,4,0.10138888888888875,1460,0.26036982039059153,238.72727272727272,6.368829050231634,5.018106060606061,0.07496726447784728
RHF_MPM_P27,616,0.0308,30.8,0,255,5.1873611111111115,30.23823520042573,74698,292.93333333333334,14,237,255,0.8416524674905108,110,110,251,0.017430555555555557,20,18,0.6972222222222222,69.28685258964144,59.72908366533864,0.07402777777777778,0.007847222222222222,0.02277777777777778,0.016041666666666666,0.012291666666666666,1,71.23774398243594,61.099614447508635,9.63209330601717,4.477679112361011,0.8853785183869063,-139.85493545887618,-1.2366150024580327,1.2366150024580327,0.025074299178023507,-1,0.030763888888889035,443,0.11026154154139856,239.8181818181818,7.284082045094593,5.022607323232323,0.08307031495554602
RHF_MPM_P27,617,0.03085,30.85,0,255,5.0836805555555555,29.958160830438167,73205,287.078431372549,14,238,255,0.826095635250048,109,109,251,0.017430555555555557,20,18,0.6972222222222222,69.16334661354581,59.60956175298805,0.07236111111111111,0.0077777777777777776,0.022083333333333333,0.015833333333333335,0.011944444444444445,1,71.11544293422581,61.02079092958131,9.641002939193111,4.423343652416793,0.888536807336996,-139.3413461288128,-1.3357090556981277,1.3357090556981277,0.026145755071374906,0,-0.103680555555556,-1493,0.1455015236062383,240.9090909090909,7.948179270688871,5.021742424242424,0.08237752284311792
RHF_MPM_P27,618,0.0309,30.9,0,255,4.968472222222222,29.66312208036747,71546,280.57254901960783,13,236,255,0.8110355933975086,110,110,241,0.01673611111111111,20,17,0.7088235294117647,68.87136929460581,59.32780082987552,0.07111111111111111,0.007638888888888889,0.021736111111111112,0.015347222222222222,0.011597222222222222,1,70.86896542084813,60.82700640147598,9.425759138802173,4.092859373084218,0.9008065367735923,-141.8046192984495,-1.5058703637850441,1.5058703637850441,0.02691974394096106,-10,-0.11520833333333336,-1659,0.3135340618399425,241.9090909090909,7.166266245460494,5.021060606060606,0.08278356685927905
RHF_MPM_P27,619,0.03095,30.95,0,12,0.020416666666666666,0.3634324692734845,294,24.5,0,0,7,0.058412500325861504,3,8,12,0.0008333333333333334,93,107,0.0012059089538739825,84.75,61.333333333333336,0.004722222222222222,0.0,0.0,0.0,0.0,0,81.9047619047619,60.61224489795919,31.32397258187616,27.49006619025561,0.47938497603865565,117.40484152045524,-0.11538159782148275,0.11538159782148275,0.0,-229,-4.948055555555555,-71252,11.037885963252036,222.0,66.70423184067518,4.5711742424242425,1.4413616035467502
RHF_MPM_P27,620,0.031,31.0,0,255,3.093125,22.11963387432927,44541,174.6705882352941,2,95,255,0.636209460607799,108,108,131,0.009097222222222222,13,13,0.7751479289940828,64.41221374045801,55.0763358778626,0.05298611111111111,0.003263888888888889,0.013125,0.008472222222222223,0.00625,1,63.63305718326935,52.7235131676433,7.665655820264898,5.105677144071719,0.7459109312050952,63.16633197409796,-1.1384029510970026,1.1384029510970026,0.012752295637727038,119,3.0727083333333334,44247,19.90194165759476,212.27272727272728,71.30483970453378,4.399021464646466,1.4935812301213975
RHF_MPM_P27,621,0.03105,31.05,0,255,5.671944444444445,28.0170759755392,81676,320.2980392156863,29,183,255,1.1167828852164405,103,103,224,0.015555555555555555,20,26,0.4307692307692308,61.0625,51.33482142857143,0.09888888888888889,0.005625,0.02486111111111111,0.012777777777777779,0.009375,1,56.7410255154513,43.656949409863365,17.508835582830823,4.284169191155932,0.969602340436415,58.418955234918165,-1.008161070883631,1.008161070883631,0.008570449091532397,93,2.5788194444444446,37135,11.388708394023242,211.36363636363637,71.08544503530781,4.462847222222222,1.5311403299671484
RHF_MPM_P27,622,0.0311,31.1,0,255,6.167638888888889,30.533628227881596,88814,348.2901960784314,29,229,255,1.0679770494980931,102,102,279,0.019375,30,33,0.2818181818181818,58.935483870967744,49.655913978494624,0.09340277777777778,0.007361111111111111,0.028194444444444446,0.014375,0.011597222222222222,1,56.13804129979508,44.929403022046074,16.302821746135127,4.50541530569334,0.9610547604915762,54.280681411053614,-1.0207302622542453,1.0207302622542453,0.015538090841533993,55,0.4956944444444442,7138,1.4080938035114603,215.36363636363637,73.4998735030114,4.575037878787878,1.6049527039094633
RHF_MPM_P27,623,0.03115,31.15,0,255,6.102222222222222,30.249446194297974,87872,344.5960784313726,29,231,255,1.1006020518461241,110,110,232,0.01611111111111111,19,18,0.6783625730994152,61.40948275862069,52.366379310344826,0.09715277777777778,0.007430555555555556,0.028402777777777777,0.014861111111111111,0.011458333333333333,1,55.1755621813547,44.635094227967954,18.509513379667304,4.556928333071512,0.9692206090223235,50.16838809873593,-1.082261167726136,1.082261167726136,0.010037327021121631,-47,-0.06541666666666668,-942,1.0064709234277378,214.8181818181818,73.35197609263308,4.67854797979798,1.6623655136439486
RHF_MPM_P27,624,0.0312,31.2,0,255,6.455486111111111,32.06011656356308,92959,364.5450980392157,28,247,255,1.1008281373845994,108,108,283,0.01965277777777778,22,20,0.6431818181818182,60.466431095406364,51.35689045936396,0.09743055555555556,0.008194444444444445,0.029791666666666668,0.017708333333333333,0.013125,1,55.01708279994406,44.739325939392636,20.074351609811345,4.713441260594329,0.972043901232513,48.75396402982743,-1.4225451226337305,1.4225451226337305,0.006024161189341537,51,0.3532638888888888,5087,0.18968385276247413,218.54545454545453,75.64433961442508,4.814741161616163,1.7392210393342085
RHF_MPM_P27,625,0.03125,31.25,0,255,6.644236111111111,34.28393333375184,95677,375.20392156862744,21,254,255,0.9785423441760875,107,107,340,0.02361111111111111,25,23,0.591304347826087,59.167647058823526,50.32058823529412,0.08618055555555555,0.009722222222222222,0.029375,0.021736111111111112,0.01576388888888889,1,57.74993990196181,48.342328877368644,13.393613849872343,4.785113449750582,0.9340018054327272,47.43368327241658,-2.1378058187678652,2.1378058187678652,0.04148332410088109,57,0.18874999999999975,2718,4.522182892267028,226.9090909090909,83.15205627529555,4.959198232323232,1.8174274794033445
RHF_MPM_P27,626,0.0313,31.3,0,255,6.596875,34.13381841632751,94995,372.52941176470586,19,254,255,0.953931334339392,104,104,346,0.024027777777777776,27,24,0.5339506172839507,58.83815028901734,50.20520231213873,0.08319444444444445,0.00986111111111111,0.03076388888888889,0.021388888888888888,0.015416666666666667,1,58.61692720669509,49.52426969840518,9.617130635851368,5.129081791533125,0.8459087454155434,-135.55040178438398,0.49070895060267056,0.49070895060267056,0.007210905837149324,6,-0.047361111111110965,-682,1.4658277835411602,235.45454545454547,89.85176037771997,5.0901325757575755,1.8778107679077445
RHF_MPM_P27,627,0.03135,31.35,0,255,6.801388888888889,34.43892739754259,97940,384.078431372549,22,254,255,0.9840404254936623,106,106,349,0.02423611111111111,27,24,0.5385802469135802,58.57593123209169,50.16905444126075,0.08569444444444445,0.009652777777777777,0.03194444444444444,0.021597222222222223,0.015625,1,57.94421074127017,49.150990402287114,10.31593999767143,5.098834158067953,0.8693098475846113,-137.65057620492155,0.5851030078148207,0.5851030078148207,0.006452930365529916,3,0.2045138888888891,2945,0.769340546028996,244.36363636363637,95.62452398196216,5.236862373737374,1.9416493666269377
RHF_MPM_P27,628,0.0314,31.4,0,255,6.397430555555555,32.916397155996414,92123,361.26666666666665,23,250,255,0.9932653850058683,107,107,311,0.021597222222222223,25,22,0.5654545454545454,59.543408360128616,51.07073954983923,0.08680555555555555,0.008888888888888889,0.028958333333333332,0.01923611111111111,0.014027777777777778,1,58.0425409506855,49.257123628192744,10.975547996584291,4.9865027775626425,0.8908342924748549,-138.27090336818813,0.807021319491938,0.807021319491938,0.01164747131552381,-38,-0.40395833333333364,-5817,0.1446827278039718,249.8181818181818,97.53956603424459,5.356294191919191,1.968769231969363
RHF_MPM_P27,629,0.03145,31.45,0,255,6.002361111111111,31.695333427680183,86434,338.956862745098,21,245,255,1.006715670561417,108,108,280,0.019444444444444445,24,20,0.5833333333333334,60.31428571428572,51.589285714285715,0.08902777777777778,0.008125,0.025972222222222223,0.017986111111111112,0.013055555555555556,1,58.24387393849643,49.379110072425206,11.514811763001775,4.890859085881382,0.9053130166691005,-139.34010811244775,1.1069105000399713,1.1069105000399713,0.022063077029872504,-31,-0.39506944444444425,-5689,0.2354053197303647,253.36363636363637,97.86286576566091,5.450284090909091,1.9726861393426949
RHF_MPM_P27,630,0.0315,31.5,0,255,5.3180555555555555,29.76819623911141,76580,300.3137254901961,18,228,255,0.9246538312301803,107,107,253,0.017569444444444443,23,19,0.5789473684210527,60.92094861660079,52.14624505928854,0.08131944444444444,0.006736111111111111,0.022847222222222224,0.016041666666666666,0.011527777777777777,1,58.54015408722904,49.70547140245495,11.938642135391394,4.463344180532957,0.9274863830083826,-139.16502207173684,1.3924970930954879,1.3924970930954879,0.028310263776442936,-27,-0.6843055555555555,-9854,0.44078752735507476,275.27272727272725,61.6531218837824,5.931887626262627,0.9903653674138307
RHF_MPM_P27,631,0.03155,31.55,0,255,4.567986111111111,27.34512885932594,65779,257.956862745098,15,191,255,0.8705697298381565,108,108,209,0.014513888888888889,20,17,0.6147058823529412,61.97607655502392,53.133971291866025,0.076875,0.005625,0.019375,0.013402777777777777,0.009791666666666667,1,59.029507897657304,50.29105033521336,12.39061270914081,4.260746525787549,0.939017662536824,-138.85075700881237,1.7404721064064492,1.7404721064064492,0.03195548731358032,-44,-0.7500694444444447,-10801,0.7631315995758174,282.3636363636364,47.517026091655204,6.0659659090909095,0.6319498268547462
RHF_MPM_P27,632,0.0316,31.6,0,255,4.007569444444444,25.548673828012625,57709,226.30980392156863,12,159,255,0.808426122514186,101,101,190,0.013194444444444444,18,16,0.6597222222222222,62.62105263157895,53.636842105263156,0.07131944444444445,0.004861111111111111,0.017152777777777777,0.01173611111111111,0.008402777777777778,1,59.80098424855742,50.851392330485716,12.367822575120124,4.407037553100095,0.9343598225297902,-138.26989327834156,2.104365138526324,2.104365138526324,0.03392884991942331,-19,-0.5604166666666668,-8070,0.9534982494288913,279.27272727272725,52.0979687426241,5.914659090909091,0.8646007079379442
RHF_MPM_P27,633,0.03165,31.65,0,255,3.560208333333333,24.283810621274625,51267,201.04705882352943,8,141,255,0.7380325554436397,106,106,169,0.01173611111111111,17,15,0.6627450980392157,63.07692307692308,54.25443786982248,0.06430555555555556,0.004097222222222223,0.014930555555555556,0.010625,0.007569444444444445,1,60.49177833694189,51.6418748902803,12.080408624684607,4.253576156961486,0.9359603853276854,-137.98597004032496,2.5583226144701094,2.5583226144701094,0.03431057015233971,-21,-0.4473611111111109,-6442,1.0497900503845183,269.27272727272725,60.98895713620608,5.67761994949495,1.0906317900986653
RHF_MPM_P27,634,0.0317,31.7,0,255,3.4515277777777778,24.475679774904574,49702,194.90980392156862,3,146,255,0.665588421121051,106,106,172,0.011944444444444445,17,15,0.6745098039215687,63.104651162790695,54.16860465116279,0.05701388888888889,0.0042361111111111115,0.014861111111111111,0.010763888888888889,0.007916666666666667,1,61.385155526940565,52.41712607138546,10.847048772526767,4.052378728614429,0.9275928313158678,-138.27844163261608,3.025482127871897,3.025482127871897,0.02794656150657921,3,-0.10868055555555545,-1565,1.1828512997899927,263.8181818181818,66.51154128395268,5.436647727272727,1.251207062784408
RHF_MPM_P27,635,0.03175,31.75,0,255,3.475,24.968609459345814,50040,196.23529411764707,1,153,255,0.6068366782692175,107,107,177,0.012291666666666666,17,16,0.6507352941176471,63.016949152542374,53.847457627118644,0.050972222222222224,0.004722222222222222,0.015555555555555555,0.01125,0.008333333333333333,1,62.02102318145484,52.81243005595523,9.274663335381705,4.078338543755619,0.8981305006139059,-137.8066375253911,3.1461915622842485,3.1461915622842485,0.019184652278177457,5,0.02347222222222234,338,0.7487275300629856,254.1818181818182,70.58820166908937,5.165694444444444,1.3219533725403765
RHF_MPM_P27,636,0.0318,31.8,0,255,3.558125,25.376149877305778,51237,200.9294117647059,0,162,255,0.581848332052319,104,104,187,0.012986111111111111,18,16,0.6493055555555556,62.72727272727273,53.79144385026738,0.04819444444444444,0.004583333333333333,0.016319444444444445,0.011527777777777777,0.008333333333333333,1,62.16853055409177,53.12836426800945,7.736887054809887,4.058786257311553,0.8513476164459151,-138.14179160234212,2.127140518636019,2.127140518636019,0.011885941799871187,10,0.0831249999999999,1197,0.34867298623290094,240.27272727272728,67.30539747245847,4.885138888888888,1.3057751564853468
RHF_MPM_P27,637,0.03185,31.85,0,255,3.6305555555555555,25.637476035466822,52280,205.01960784313727,0,166,255,0.5598334471423423,106,106,188,0.013055555555555556,18,16,0.6527777777777778,62.76063829787234,53.829787234042556,0.04569444444444445,0.004791666666666666,0.016875,0.011805555555555555,0.008611111111111111,1,62.23247895944912,53.18726090283091,7.066298253274229,3.8680719699697663,0.8368729241738077,-138.68599407858824,1.0607812155282705,1.0607812155282705,0.008856159143075746,1,0.07243055555555555,1043,0.08693797870344304,225.9090909090909,59.6313745141455,4.615473484848485,1.22843438596875
RHF_MPM_P27,638,0.0319,31.9,0,255,3.5661111111111112,25.3003500500353,51352,201.38039215686274,0,158,255,0.5721390510288817,106,106,183,0.012708333333333334,17,16,0.6727941176470589,62.978142076502735,53.96174863387978,0.04694444444444444,0.004861111111111111,0.01611111111111111,0.01138888888888889,0.008402777777777778,1,62.41404424365166,53.31225658202212,7.07907814072141,4.10672191028744,0.814530307628869,-139.0916866360546,0.8254717281846159,0.8254717281846159,0.012015111388066676,-5,-0.0644444444444443,-928,0.22043110543664865,210.8181818181818,46.02335016413493,4.321357323232323,1.0432008959738541
RHF_MPM_P27,639,0.03195,31.95,0,255,3.5570138888888887,25.428457909175226,51221,200.86666666666667,0,163,255,0.5653143130217086,109,109,180,0.0125,16,17,0.6617647058823529,63.166666666666664,54.12777777777778,0.04652777777777778,0.005,0.016041666666666666,0.011458333333333333,0.00875,1,62.626676558442824,53.39868413346088,6.876341660749335,4.2643858292746,0.7844806628557834,-137.47236381432887,0.9220594713054524,0.9220594713054524,0.012690107573065735,-3,-0.009097222222222534,-131,0.22952608335687805,198.9090909090909,33.91554898287682,4.063137626262626,0.826363253368072
RHF_MPM_P27,640,0.032,32.0,0,255,3.593472222222222,25.714222969859943,51746,202.92549019607844,0,166,255,0.5510089439861536,108,108,187,0.012986111111111111,17,17,0.6470588235294118,62.93582887700535,54.11764705882353,0.045208333333333336,0.005138888888888889,0.01625,0.011875,0.008958333333333334,1,62.648784447107026,53.5928380937657,6.546272451924288,4.108194572968647,0.7785662532616457,-138.64396927619774,0.7368544776646169,0.7368544776646169,0.01031963823290689,7,0.03645833333333348,525,0.19540859511094494,190.45454545454547,22.22350776814185,3.8441477272727274,0.5595545326252902
RHF_MPM_P27,641,0.03205,32.05,0,255,3.6704166666666667,25.98977335935874,52854,207.27058823529413,0,174,255,0.5600959338826128,108,108,192,0.013333333333333334,17,17,0.6643598615916955,62.828125,54.135416666666664,0.04590277777777778,0.005277777777777778,0.016527777777777777,0.012152777777777778,0.009166666666666667,1,62.62948878041397,53.63961100389753,6.639397268409173,4.196077551403961,0.7749710300161953,-139.63008924633826,0.5495615649345738,0.5495615649345738,0.009497862035039922,5,0.07694444444444448,1108,0.05059671802923124,184.9090909090909,10.378776819281876,3.694362373737374,0.30970661284977147
RHF_MPM_P27,642,0.0321,32.1,0,255,3.725972222222222,26.213724520209833,53654,210.4078431372549,0,180,255,0.5539673102143515,107,107,197,0.013680555555555555,17,17,0.6816608996539792,62.92893401015228,54.065989847715734,0.045208333333333336,0.005277777777777778,0.01673611111111111,0.012152777777777778,0.009375,1,62.64779885935811,53.53356692884035,6.516695795316058,4.222951007457842,0.7616230839323236,-138.4817466686385,0.4390738419533657,0.4390738419533657,0.00877846945241734,5,0.05555555555555536,800,0.10761321873112453,183.8181818181818,8.188885836282578,3.6178156565656567,0.144104569192149
RHF_MPM_P27,643,0.03215,32.15,0,255,3.758958333333333,26.282210851605768,54129,212.27058823529413,0,179,255,0.5676387134380089,106,106,199,0.013819444444444445,17,17,0.6885813148788927,62.92964824120603,54.06532663316583,0.04652777777777778,0.005277777777777778,0.016875,0.012222222222222223,0.009375,1,62.63631325167655,53.51456705278132,6.668177267483186,4.114198548585874,0.7869710074001763,-138.23720944222097,0.47863154507561356,0.47863154507561356,0.009902270501949048,2,0.03298611111111116,475,0.02220167728063504,184.63636363636363,9.15793473415493,3.595214646464647,0.09086542161022323
RHF_MPM_P27,644,0.0322,32.2,0,255,3.7288194444444445,26.136157957376895,53695,210.5686274509804,0,178,255,0.5729259568033914,106,106,199,0.013819444444444445,17,17,0.6885813148788927,62.92964824120603,54.06532663316583,0.04708333333333333,0.005277777777777778,0.01673611111111111,0.012152777777777778,0.009236111111111112,1,62.65592699506472,53.534332805661606,6.7690194165465485,4.221570735406969,0.7816952420613619,-138.76482239375994,0.5242503823558692,0.5242503823558692,0.010820374336530403,0,-0.030138888888888715,-434,0.027845716306492362,187.36363636363637,8.541585197488251,3.61054292929293,0.09763664297863549
RHF_MPM_P27,645,0.03225,32.25,0,255,3.726875,26.155656918637813,53667,210.45882352941177,0,180,255,0.5641560646589483,104,104,198,0.01375,17,17,0.6851211072664359,62.94949494949495,54.10606060606061,0.04631944444444445,0.005277777777777778,0.01659722222222222,0.012152777777777778,0.009305555555555555,1,62.70069130005404,53.598766467289025,6.630357390700609,4.222334609769986,0.7710137019318216,-138.71217554721426,0.49939894376117144,0.49939894376117144,0.01121732163154266,-1,-0.0019444444444443043,-28,0.07845724792454618,189.72727272727272,7.496555682941201,3.6355744949494953,0.0885319740729111
RHF_MPM_P27,646,0.0323,32.3,0,255,3.7621527777777777,26.30992151956269,54175,212.45098039215685,0,179,255,0.5600373383091652,107,107,198,0.01375,17,17,0.6851211072664359,62.813131313131315,54.13636363636363,0.04548611111111111,0.005208333333333333,0.017222222222222222,0.0125,0.009166666666666667,1,62.50565759113982,53.55195200738348,6.647746650635445,4.1130874547390555,0.7856123370740227,-138.72058393625514,0.5635994445967542,0.5635994445967542,0.010096908167974157,0,0.03527777777777752,508,0.20057353082868024,191.63636363636363,6.636986272161448,3.661679292929293,0.07917692660224909
RHF_MPM_P27,647,0.03235,32.35,0,255,3.7335416666666665,26.10476834818024,53763,210.83529411764707,0,176,255,0.5706861777663784,106,106,193,0.013402777777777777,17,17,0.6678200692041523,62.8860103626943,54.26943005181347,0.04680555555555556,0.005,0.017083333333333332,0.012430555555555556,0.008958333333333334,1,62.51368041217938,53.639529044138165,6.757512889848948,4.2541993543843635,0.7769591185307186,-138.07335488063651,0.7534533469872267,0.7534533469872267,0.009895281141305359,-5,-0.028611111111111143,-412,0.08794374920461795,192.1818181818182,6.478189727752679,3.6776262626262626,0.0742245901886263
RHF_MPM_P27,648,0.0324,32.4,0,255,3.7194444444444446,26.024735236612923,53560,210.0392156862745,0,173,255,0.5613087612631722,106,106,195,0.013541666666666667,17,17,0.6747404844290658,62.97435897435897,54.0974358974359,0.04597222222222222,0.005208333333333333,0.016666666666666666,0.012222222222222223,0.009166666666666667,1,62.595985810306196,53.491859596713965,6.746289682665435,4.239531614834528,0.7778708376872079,-138.28886190304678,0.4556438897225213,0.4556438897225213,0.010212845407020164,2,-0.014097222222221983,-203,0.1690575176186544,192.8181818181818,6.3792017428541214,3.6857070707070707,0.073495208557602
RHF_MPM_P27,649,0.03245,32.45,0,255,3.6991666666666667,25.95274657644372,53268,208.89411764705883,0,172,255,0.5642368143560057,105,105,193,0.013402777777777777,17,17,0.6678200692041523,62.97409326424871,54.18652849740933,0.04590277777777778,0.005069444444444444,0.016666666666666666,0.012222222222222223,0.009027777777777777,1,62.589528422317336,53.59014793121574,6.748924153692371,4.197377615838073,0.7830705800351171,-137.09223772734975,0.5569679292068874,0.5569679292068874,0.010832019223548848,-2,-0.02027777777777784,-292,0.09850022618639658,193.72727272727272,5.577404236428351,3.69780303030303,0.06301914214086701
RHF_MPM_P27,650,0.0325,32.5,0,255,3.6420833333333333,25.708736217129466,52446,205.6705882352941,0,171,255,0.5586734687929534,108,108,186,0.012916666666666667,17,16,0.6838235294117647,63.10215053763441,54.376344086021504,0.04534722222222222,0.004861111111111111,0.01638888888888889,0.012013888888888888,0.00875,1,62.62618693513328,53.67482744155894,6.80542965335906,4.047310900553822,0.8039344546948566,-139.63132960241535,0.7843187438218461,0.7843187438218461,0.010963657857605918,-7,-0.057083333333333375,-822,0.09227386430534429,194.27272727272728,4.37120555642593,3.705536616161616,0.04890691108960257
RHF_MPM_P27,651,0.03255,32.55,0,255,3.7191666666666667,26.144914406162357,53556,210.0235294117647,0,179,255,0.5656881519215875,106,106,194,0.013472222222222222,17,16,0.7132352941176471,62.97938144329897,54.28865979381443,0.04631944444444445,0.005277777777777778,0.016875,0.012361111111111111,0.009305555555555555,1,62.6616065426843,53.67241765628501,6.773433059806017,4.321151279492406,0.7700729361364185,-139.36124135068755,0.8134643005934454,0.8134643005934454,0.011464635148256032,8,0.07708333333333339,1110,0.03550148819604916,194.9090909090909,3.728381209892705,3.7169633838383835,0.03371243923165549
RHF_MPM_P27,652,0.0326,32.6,0,255,3.7738194444444444,26.375812691442636,54343,213.10980392156864,0,184,255,0.5620088170733929,108,108,198,0.01375,17,17,0.6851211072664359,62.93939393939394,54.26767676767677,0.04597222222222222,0.005486111111111111,0.017152777777777777,0.012638888888888889,0.009166666666666667,1,62.65312919787277,53.66840255414681,6.526369780457643,4.28560405979453,0.7541869998981964,-139.40743808196225,0.5328213132984634,0.5328213132984634,0.011077783707193199,4,0.05465277777777766,787,0.009380107687744938,195.45454545454547,3.7016860130004243,3.726363636363636,0.03383894565529384
RHF_MPM_P27,653,0.03265,32.65,0,255,3.745277777777778,26.264228523275527,53932,211.49803921568628,0,183,255,0.5542346439477421,107,107,196,0.01361111111111111,17,16,0.7205882352941176,62.97959183673469,54.3469387755102,0.04513888888888889,0.005208333333333333,0.017222222222222222,0.012569444444444444,0.009166666666666667,1,62.55848105021138,53.682359267225394,6.576774235846242,4.229451223637442,0.7657914382623828,-139.72745555121884,0.8116169162074172,0.8116169162074172,0.009753022324408514,-2,-0.028541666666666465,-411,0.09567163474975877,195.36363636363637,3.6747968966195885,3.728118686868687,0.03427101344637425
RHF_MPM_P27,654,0.0327,32.7,0,255,3.7934722222222224,26.382717125869974,54626,214.21960784313725,0,181,255,0.5655257093990106,105,105,199,0.013819444444444445,17,17,0.6885813148788927,62.97989949748744,54.09045226130653,0.04611111111111111,0.005277777777777778,0.017152777777777777,0.0125,0.009444444444444445,1,62.63072529564676,53.50902500640721,6.659220902625879,4.237379555329825,0.7714271801111576,-139.14777458479486,0.5103852409785689,0.5103852409785689,0.010471204188481676,3,0.04819444444444443,694,0.18778710544634186,195.36363636363637,3.6747968966195885,3.731256313131313,0.038294593843465105
RHF_MPM_P27,655,0.03275,32.75,0,255,3.79,26.292076013717733,54576,214.0235294117647,0,179,255,0.5651009466567033,106,106,198,0.01375,17,17,0.6851211072664359,62.964646464646464,54.06565656565657,0.04597222222222222,0.005208333333333333,0.017222222222222222,0.012291666666666666,0.009236111111111112,1,62.5812811492231,53.44884198182351,6.721824103966066,4.021165785390512,0.8013278939151486,-138.77226987395656,0.5242749854628073,0.5242749854628073,0.009802843740838464,-1,-0.003472222222222321,-50,0.07788915241293753,195.27272727272728,3.5952218060518524,3.7368181818181814,0.0418176118788322
RHF_MPM_P27,656,0.0328,32.8,0,255,3.8108333333333335,26.3695198493134,54876,215.2,0,182,255,0.580685840050519,108,108,197,0.013680555555555555,17,17,0.6816608996539792,62.954314720812185,54.142131979695435,0.04763888888888889,0.005208333333333333,0.017361111111111112,0.012361111111111111,0.009236111111111112,1,62.62174721189591,53.51421386398425,6.797846322541704,4.3827725191047096,0.7644107435530805,-136.91917306317686,0.563879691712054,0.563879691712054,0.011844886653546176,-1,0.02083333333333348,300,0.07688293182155008,195.1818181818182,3.5372866287897673,3.7444507575757573,0.04668501486775747
RHF_MPM_P27,657,0.03285,32.85,0,255,3.7381944444444444,26.10861260763437,53830,211.09803921568627,0,178,255,0.558347629304264,107,107,195,0.013541666666666667,17,17,0.6747404844290658,63.02564102564103,54.184615384615384,0.04548611111111111,0.005138888888888889,0.016944444444444446,0.012222222222222223,0.008958333333333334,1,62.670685491361695,53.58825933494334,6.689210914746902,4.063312932107604,0.7943634297243168,-138.7434485335901,0.5340557741862556,0.5340557741862556,0.010514582946312466,-2,-0.07263888888888914,-1046,0.08875633479715224,194.9090909090909,3.4233037061386784,3.7422727272727276,0.04636612664825703
RHF_MPM_P27,658,0.0329,32.9,0,255,3.7013194444444446,26.0719655405563,53299,209.01568627450982,0,180,255,0.5644111996894476,108,108,191,0.01326388888888889,16,16,0.74609375,63.38743455497382,54.35602094240838,0.04631944444444445,0.005277777777777778,0.01673611111111111,0.012152777777777778,0.008888888888888889,1,62.94271937559804,53.80960243156532,6.693944441361714,4.151877581772804,0.7844090899013818,-139.08206886704588,0.8828206274548605,0.8828206274548605,0.011219722696485863,-4,-0.03687499999999977,-531,0.35070671592502883,194.72727272727272,3.56984616655852,3.739343434343435,0.047820256578309864
RHF_MPM_P27,659,0.03295,32.95,0,255,3.7913888888888887,26.551911068778473,54596,214.10196078431372,0,187,255,0.5611287641791893,109,109,198,0.01375,16,17,0.7279411764705882,63.22222222222222,54.24242424242424,0.04597222222222222,0.005486111111111111,0.017430555555555557,0.012708333333333334,0.009652777777777777,1,62.91889515715437,53.73825921312917,6.4425193592581556,4.231396677278746,0.7540715897268404,-137.9206540845659,0.3314219896506378,0.3314219896506378,0.01075170342149608,7,0.09006944444444409,1297,0.07521601027227981,195.0,3.692744729379982,3.7458838383838384,0.049540396864196555
RHF_MPM_P27,660,0.033,33.0,0,255,3.874791666666667,26.81327051388998,55797,218.81176470588235,0,192,255,0.5670070514167801,109,109,201,0.013958333333333333,17,17,0.6955017301038062,62.81592039800995,54.149253731343286,0.04625,0.005416666666666667,0.017916666666666668,0.012847222222222222,0.009583333333333333,1,62.65960535512662,53.656038855135584,6.58488846988911,4.334120740116593,0.752850134789026,-139.23258962289475,0.6005048395499704,0.6005048395499704,0.008835600480312561,3,0.08340277777777816,1201,0.27201358183770924,195.72727272727272,4.002065582373661,3.761849747474748,0.05925866366374058
RHF_MPM_P27,661,0.03305,33.05,0,255,3.852986111111111,26.574920000398592,55483,217.58039215686276,0,187,255,0.5553151554968978,106,106,205,0.01423611111111111,18,17,0.6699346405228758,62.765853658536585,53.95609756097561,0.04493055555555556,0.005277777777777778,0.017986111111111112,0.012708333333333334,0.009236111111111112,1,62.58151145395887,53.653245138150425,6.587691139188599,4.0287450133447384,0.7912008008364835,-139.72938193474715,0.17542400521233134,0.17542400521233134,0.006830921183065083,4,-0.021805555555555856,-314,0.07814385615128162,197.45454545454547,3.4997048281673013,3.7810227272727275,0.0509417577722845
RHF_MPM_P27,662,0.0331,33.1,0,255,3.7636805555555557,26.140606456200576,54197,212.53725490196078,0,176,255,0.5783660683871445,108,108,193,0.013402777777777777,17,16,0.7095588235294118,63.233160621761655,54.295336787564764,0.04722222222222222,0.005208333333333333,0.016875,0.012083333333333333,0.008958333333333334,1,62.69332250862594,53.56724541948817,6.842846514747749,4.2622524425525325,0.7823196975964225,-139.0509089601963,0.7252559648666641,0.7252559648666641,0.011144528294924074,-12,-0.0893055555555553,-1286,0.14105907824649389,197.36363636363637,3.5998163405860604,3.7850694444444444,0.04752045789289249
RHF_MPM_P27,663,0.03315,33.15,0,255,3.7861805555555557,26.338396994600444,54521,213.8078431372549,0,178,255,0.5606701345224472,106,106,197,0.013680555555555555,17,16,0.7242647058823529,63.13705583756345,54.21827411167513,0.045625,0.005277777777777778,0.017430555555555557,0.012291666666666666,0.009097222222222222,1,62.75183874103556,53.64653986537297,6.609065499380451,4.099061261113876,0.7844295098323065,-139.92802418378952,0.3211509469881251,0.3211509469881251,0.011114983217475834,4,0.022499999999999964,324,0.09854825520320172,197.27272727272728,3.5952218060518524,3.7861931818181818,0.047387104620270036
RHF_MPM_P27,664,0.0332,33.2,0,255,3.8271527777777776,26.515549399340777,55111,216.12156862745098,0,182,255,0.5704273505605446,104,104,202,0.014027777777777778,17,17,0.698961937716263,63.01485148514851,54.07920792079208,0.04673611111111111,0.005277777777777778,0.0175,0.0125,0.009375,1,62.853586398359674,53.67028360944276,6.637301243252648,4.187032248401378,0.7759181935527952,-140.17374061571988,0.35070343575089175,0.35070343575089175,0.010070584819727458,5,0.040972222222221966,590,0.10448134356619107,197.8181818181818,3.809513970864902,3.7936363636363635,0.046802410805463275
RHF_MPM_P27,665,0.03325,33.25,0,255,3.868888888888889,26.680871818358074,55712,218.478431372549,0,187,255,0.5772838210842437,108,108,201,0.013958333333333333,17,17,0.6955017301038062,63.06467661691542,54.19402985074627,0.04736111111111111,0.005277777777777778,0.017638888888888888,0.012777777777777779,0.009652777777777777,1,62.82271323951752,53.625394887995405,6.652964920445755,4.554079057555357,0.7289952788721572,-138.2089473058507,0.4480374413917022,0.4480374413917022,0.010751723147616313,-1,0.041736111111111196,601,0.05448072365590761,198.0,3.908033683673578,3.800492424242424,0.05155841929866032
RHF_MPM_P27,666,0.0333,33.3,0,255,3.864513888888889,26.60191966052087,55649,218.2313725490196,0,187,255,0.5717437355521681,107,107,200,0.013888888888888888,17,17,0.6920415224913494,63.04,54.185,0.04673611111111111,0.005208333333333333,0.017569444444444443,0.012708333333333334,0.009166666666666667,1,62.67465722654495,53.63196104152815,6.651468325429307,4.266060054387638,0.7672307449951712,-140.19685351686513,0.45239451853401763,0.45239451853401763,0.010314650757426009,-1,-0.004375000000000018,-63,0.14820154300663888,198.1818181818182,3.9501019968000786,3.807266414141414,0.054543458273421226
RHF_MPM_P27,667,0.03335,33.35,0,255,3.8984027777777777,26.790997092804492,56137,220.1450980392157,0,188,255,0.570661664794624,107,107,201,0.013958333333333333,17,16,0.7389705882352942,63.02985074626866,54.19402985074627,0.04652777777777778,0.005416666666666667,0.017847222222222223,0.013055555555555556,0.009583333333333333,1,62.654684076455816,53.58228975541978,6.70973474338547,4.222521301607009,0.777152187798148,-139.8474593197958,0.8388648394726096,0.8388648394726096,0.01008247679783387,1,0.03388888888888886,488,0.05353656122821846,198.54545454545453,4.00825594273611,3.815227272727272,0.060543645522985585
RHF_MPM_P27,668,0.0334,33.4,0,255,3.8852777777777776,26.686860165227284,55948,219.40392156862745,0,189,255,0.5743914918446612,108,108,202,0.014027777777777778,17,17,0.698961937716263,62.96534653465346,54.18316831683168,0.04680555555555556,0.005277777777777778,0.017847222222222223,0.012986111111111111,0.009236111111111112,1,62.587384714377635,53.66145349252878,6.691184943361873,4.238065085849643,0.7738406344939543,-140.6648866993552,0.4420385903149183,0.4420385903149183,0.010134410524058054,1,-0.013125000000000053,-189,0.10390428965732271,199.1818181818182,3.9501019968000786,3.8285984848484844,0.05825273877324755
RHF_MPM_P27,669,0.03345,33.45,0,255,3.801875,26.37180964034507,54747,214.69411764705882,0,179,255,0.5686969096375631,107,107,198,0.01375,17,16,0.7279411764705882,63.08080808080808,54.26262626262626,0.04631944444444445,0.005208333333333333,0.017361111111111112,0.012222222222222223,0.009097222222222222,1,62.61040787623066,53.72308984967213,6.7222385484077884,4.161148978250334,0.7853812168773022,-141.1399124051935,0.7170750923530647,0.7170750923530647,0.010502858604124426,-4,-0.08340277777777771,-1201,0.06579594595119936,199.8181818181818,3.0396824540546343,3.8377398989898994,0.04361209992562218
RHF_MPM_P27,670,0.0335,33.5,0,255,3.8085416666666667,26.545737716793994,54843,215.0705882352941,0,187,255,0.5544175981483783,107,107,198,0.01375,17,16,0.7279411764705882,63.005050505050505,54.34848484848485,0.04534722222222222,0.005486111111111111,0.017430555555555557,0.012638888888888889,0.009583333333333333,1,62.72167824517258,53.768083438178074,6.498849865026101,4.291602220210272,0.7509462402143159,-139.1979118953024,0.7109846437159519,0.7109846437159519,0.010174498112794705,0,0.006666666666666821,96,0.12002298951081897,199.8181818181818,3.0396824540546343,3.8392992424242425,0.04221109442827039
RHF_MPM_P27,671,0.03355,33.55,0,255,3.8026388888888887,26.59686058609672,54758,214.7372549019608,0,189,255,0.5523591340909966,107,107,200,0.013888888888888888,17,16,0.7352941176470589,63.045,54.28,0.04506944444444445,0.005416666666666667,0.0175,0.012638888888888889,0.00951388888888889,1,62.79909784871617,53.83938419956901,6.368469672590535,4.169245439357498,0.7559148858863188,-141.24989378312677,0.32323681213030353,0.32323681213030353,0.009295445414368676,2,-0.005902777777778034,-85,0.10525014768528285,199.72727272727272,3.0178532132177875,3.832739898989899,0.04179009877808436
RHF_MPM_P27,672,0.0336,33.6,0,255,3.944027777777778,27.08437803932381,56794,222.72156862745098,0,193,255,0.5700487476745943,109,109,205,0.01423611111111111,18,17,0.6699346405228758,63.15121951219512,54.2,0.04638888888888889,0.005555555555555556,0.018055555555555554,0.013402777777777777,0.009722222222222222,1,62.88472373842307,53.79115751663908,6.345478472921107,4.2085354131059125,0.7484123245249936,-141.95773707515664,0.12089797784910858,0.12089797784910858,0.008926999330915238,5,0.14138888888888923,2036,0.0982731190841198,199.72727272727272,3.0178532132177875,3.8410164141414143,0.05259805651522358
RHF_MPM_P27,673,0.03365,33.65,0,255,3.995,27.2570883237533,57528,225.6,0,199,255,0.5754781798481963,107,107,211,0.014652777777777778,18,16,0.7326388888888888,63.56872037914692,54.312796208530806,0.04736111111111111,0.005694444444444445,0.018333333333333333,0.013402777777777777,0.01,1,63.25431094423585,53.87284452788207,6.337724252759677,3.9449203927586627,0.7826590734296405,-141.43371445830465,-0.018381930821277277,0.018381930821277277,0.010516617994715616,6,0.0509722222222222,734,0.3785068962466985,201.36363636363637,3.7239452996843716,3.862045454545454,0.06273884891006487
RHF_MPM_P27,674,0.0337,33.7,0,11,0.01875,0.3288170611787385,270,24.545454545454547,0,0,7,0.055707369922040166,2,8,7,0.0004861111111111111,32,101,0.002165841584158416,95.42857142857143,48.42857142857143,0.0045138888888888885,0.0,0.0,0.0,0.0,0,89.02222222222223,57.02962962962963,33.88392025887516,21.640943325093964,0.7694734061472467,112.11839022288702,0.07945403129396866,0.07945403129396866,0.0,-204,-3.9762500000000003,-57258,25.96055746336725,184.0909090909091,56.107777042296895,3.519551767676767,1.108567506527935
RHF_MPM_P27,675,0.03375,33.75,0,255,3.1050694444444447,21.9650417171028,44713,175.34509803921569,5,93,255,0.7075668092930947,108,108,130,0.009027777777777777,13,12,0.8333333333333334,66.95384615384616,56.86153846153846,0.060833333333333336,0.0029861111111111113,0.012430555555555556,0.008263888888888888,0.0059722222222222225,1,69.4838190235502,57.91794332744392,7.989127121999662,5.40897297879832,0.735944567104684,-153.5201152220089,-0.5410423431865532,0.5410423431865532,0.02091114440990316,123,3.086319444444445,44443,19.558586369663885,177.54545454545453,57.81060556422566,3.453907828282828,1.109787772590753
RHF_MPM_P27,676,0.0338,33.8,0,255,4.976388888888889,25.87973248753826,71660,281.01960784313724,22,151,255,1.1450614016995415,102,102,192,0.013333333333333334,21,20,0.45714285714285713,69.26041666666667,59.75,0.10597222222222222,0.005,0.018680555555555554,0.011180555555555555,0.00798611111111111,1,77.3964275746581,64.39182249511582,17.32720407169073,5.110066114041425,0.9555232470001769,-149.2872545040736,-1.0615582449118783,1.0615582449118783,0.021308958972927713,62,1.871319444444444,26947,10.223526082554988,176.72727272727272,57.535903271689904,3.554589646464647,1.1901929594404375
RHF_MPM_P27,677,0.03385,33.85,0,255,5.540972222222222,28.473123080260674,79790,312.9019607843137,24,196,255,1.0740493802722346,109,109,208,0.014444444444444444,18,18,0.6419753086419753,69.26442307692308,59.91826923076923,0.09527777777777778,0.006388888888888889,0.024791666666666667,0.01326388888888889,0.00986111111111111,1,76.77658854493045,66.01267076074696,17.980013130200913,4.085661390047316,0.9738403023832981,-139.2866908984002,-1.1674575332687,1.1674575332687,0.009988720391026445,16,0.5645833333333332,8130,1.7353240397612184,177.45454545454547,57.87504350889962,3.7069949494949497,1.3203413349529656
RHF_MPM_P27,678,0.0339,33.9,0,255,5.731597222222222,29.76515209760107,82535,323.6666666666667,26,224,255,1.0173015577650089,106,106,243,0.016875,21,20,0.5785714285714286,69.90946502057614,60.674897119341566,0.08930555555555555,0.007430555555555556,0.02340277777777778,0.01513888888888889,0.011527777777777777,1,76.14644696189495,65.20685769673472,17.718338234621385,4.381433112165648,0.9689434540655206,-141.12122475414125,-1.4972722543393302,1.4972722543393302,0.017604652571636275,35,0.19062499999999982,2745,1.0229433556181284,181.27272727272728,60.62266439225951,3.873648989898989,1.4438956709235908
RHF_MPM_P27,679,0.03395,33.95,0,255,5.429375,30.291266818056787,78183,306.6,17,234,255,0.8862058120230043,108,108,259,0.017986111111111112,21,21,0.5873015873015873,70.28185328185329,60.93050193050193,0.07680555555555556,0.0077083333333333335,0.023541666666666666,0.01625,0.011944444444444445,1,72.78093703234718,62.572963431948125,11.49478359582924,4.410249630885618,0.9234686024722553,-140.48345336808381,-1.4449353177636286,1.4449353177636286,0.02143688525638566,16,-0.3022222222222215,-4352,4.273646696202241,186.45454545454547,64.48588800711451,4.014021464646465,1.5116691928609607
RHF_MPM_P27,680,0.034,34.0,0,255,5.337152777777778,30.338406310300496,76855,301.3921568627451,16,237,255,0.8577247176700249,108,108,260,0.018055555555555554,21,20,0.6190476190476191,70.28846153846153,60.896153846153844,0.07416666666666667,0.007569444444444445,0.02361111111111111,0.01638888888888889,0.012152777777777778,1,72.02124780430681,62.15678875805087,10.283144052461589,4.32802236495785,0.9071139465135478,-138.82259562444247,-1.1166059964357902,1.1166059964357902,0.02615314553379741,1,-0.09222222222222243,-1328,0.8662153787563813,192.0909090909091,67.8694663512976,4.153592171717171,1.5558678308971376
RHF_MPM_P27,681,0.03405,34.05,0,255,5.633958333333333,31.18258906377862,81129,318.15294117647056,16,238,255,0.8809869697008548,107,107,281,0.01951388888888889,22,21,0.6082251082251082,70.71174377224199,61.20640569395018,0.07604166666666666,0.0077777777777777776,0.025625,0.017430555555555557,0.012430555555555556,1,72.19295196538846,62.25816908873522,9.935699863007162,4.376777548936221,0.8977475852845926,-138.1280628466097,-1.0147764333987688,1.0147764333987688,0.017687879796373675,21,0.2968055555555553,4274,0.19939982543227353,199.63636363636363,72.55878209771807,4.3195391414141415,1.6067322438183511
RHF_MPM_P27,682,0.0341,34.1,0,255,5.921388888888889,31.907386610206895,85268,334.3843137254902,18,246,255,0.908780153189109,107,107,293,0.02034722222222222,24,22,0.5549242424242424,71.07849829351535,61.48805460750853,0.07840277777777778,0.008125,0.026805555555555555,0.018472222222222223,0.01326388888888889,1,72.61879016747197,62.57706290753858,10.273563406489567,4.407468259630568,0.9032994243846111,-137.92133902815644,-0.821415263407018,0.821415263407018,0.014296101702866257,12,0.28743055555555586,4139,0.5320069943381458,208.0909090909091,77.36742860057107,4.512152777777778,1.6593566698891
RHF_MPM_P27,683,0.03415,34.15,0,255,5.969305555555556,31.920126480290563,85958,337.09019607843135,20,248,255,0.9458619931755101,107,107,289,0.020069444444444445,22,22,0.5971074380165289,70.64359861591696,61.37370242214533,0.08236111111111111,0.008333333333333333,0.026180555555555554,0.01840277777777778,0.013472222222222222,1,72.73119430419507,62.87826612997045,10.881871505833834,4.502938622563471,0.9103669722821902,-137.5200522700012,-0.9304472935326462,0.9304472935326462,0.018020428581400218,-4,0.04791666666666661,690,0.3214935009542269,215.72727272727272,80.7567513744949,4.696268939393939,1.6980135979878856
RHF_MPM_P27,684,0.0342,34.2,0,255,5.938611111111111,31.80941043960784,85516,335.35686274509806,20,248,255,0.9640867517145283,111,111,274,0.01902777777777778,22,21,0.5930735930735931,70.47080291970804,60.90510948905109,0.085,0.008541666666666666,0.024652777777777777,0.017916666666666668,0.013541666666666667,1,72.97953599326442,62.922961784929136,11.450219017168937,4.516395079578897,0.9189227963866409,-137.45992904032087,-1.1652479497322827,1.1652479497322827,0.020265213527293137,-15,-0.030694444444444358,-442,0.2523317183827734,221.45454545454547,82.43494805698022,4.872960858585859,1.7168673252428706
RHF_MPM_P27,685,0.03425,34.25,0,255,5.862361111111111,31.46864091586767,84418,331.0509803921569,21,248,255,0.9808376936309589,111,111,268,0.01861111111111111,21,21,0.6077097505668935,70.28358208955224,60.84701492537314,0.08722222222222223,0.008541666666666666,0.02409722222222222,0.017430555555555557,0.01326388888888889,1,73.23866947807339,63.21587813025658,12.327605965646232,4.411604709070239,0.9337737705629376,-137.50518000154196,-1.3388327890794438,1.3388327890794438,0.025515885237745506,-6,-0.07624999999999993,-1098,0.3910884149514347,245.1818181818182,47.41848159414444,5.404198232323233,0.7824886126169774
RHF_MPM_P27,686,0.0343,34.3,0,255,5.93375,31.551462368710684,85446,335.08235294117645,21,247,255,1.0198649420818309,110,110,273,0.018958333333333334,22,21,0.5909090909090909,70.38461538461539,60.83882783882784,0.09145833333333334,0.008402777777777778,0.02451388888888889,0.017708333333333333,0.01361111111111111,1,73.45854691852163,63.30650937434169,12.80463432008309,4.439482360685396,0.9379727328907262,-137.70955544574912,-1.3665722434406637,1.3665722434406637,0.028111321770474918,5,0.0713888888888885,1028,0.2378236977731311,258.1818181818182,30.72108598287082,5.661351010101011,0.30184305776304166
RHF_MPM_P27,687,0.03435,34.35,0,255,6.0974305555555555,32.042383287316326,87803,344.3254901960784,20,250,255,1.041081953479032,110,110,283,0.01965277777777778,23,21,0.5859213250517599,70.5547703180212,60.936395759717314,0.09388888888888888,0.008472222222222223,0.025277777777777777,0.018333333333333333,0.013888888888888888,1,73.65906631891849,63.48064416933362,13.144214182155084,4.405231281355774,0.9421661925892101,-137.95696144182875,-1.4229135902867165,1.4229135902867165,0.02799448765987495,10,0.1636805555555556,2357,0.26557664950518245,266.45454545454544,23.090193260200063,5.76326388888889,0.2352842044874945
RHF_MPM_P27,688,0.0344,34.4,0,255,6.101666666666667,31.9967827809818,87864,344.56470588235294,21,250,255,1.0641713330989933,109,109,282,0.019583333333333335,22,21,0.6103896103896104,70.43971631205673,60.8936170212766,0.09645833333333333,0.008611111111111111,0.025,0.017986111111111112,0.01375,1,73.70601156332513,63.56852635891833,13.439394263104772,4.424774054074829,0.9442465863831407,-137.88302214627865,-1.5319154911725221,1.5319154911725221,0.027223891468633344,-1,0.004236111111111107,61,0.09963501000452266,273.1818181818182,14.115228280884713,5.814236111111112,0.24223734394404633
RHF_MPM_P27,689,0.03445,34.45,0,255,5.950277777777778,31.60255395675334,85684,336.0156862745098,20,249,255,1.0400871220385988,108,108,280,0.019444444444444445,22,21,0.6060606060606061,70.375,60.7,0.09409722222222222,0.008402777777777778,0.024791666666666667,0.017569444444444443,0.013333333333333334,1,73.60271462583447,63.29370710984548,13.283808161303552,4.436479751951639,0.9425814010845976,-137.97905570881983,-1.6516110102001076,1.6516110102001076,0.02825498342747771,-2,-0.15138888888888857,-2180,0.293591343462159,276.54545454545456,10.456521552371353,5.834116161616162,0.24360903988217483
RHF_MPM_P27,690,0.0345,34.5,0,255,5.782986111111111,31.17188997183959,83275,326.5686274509804,19,247,255,1.01894063675548,108,108,268,0.01861111111111111,21,20,0.638095238095238,70.16417910447761,60.473880597014926,0.09194444444444444,0.008263888888888888,0.024166666666666666,0.017013888888888887,0.013125,1,73.46626238366856,63.149804863404384,13.322174769185143,4.468655688034758,0.9420651704298822,-137.76211516287344,-1.665608791809853,1.665608791809853,0.02850795556889823,-12,-0.16729166666666728,-2409,0.19831054163330614,277.3636363636364,9.344640926733717,5.866262626262626,0.2089433447594183
RHF_MPM_P27,691,0.03455,34.55,0,255,5.553333333333334,30.535522392416638,79968,313.6,18,239,255,0.9778636052354719,108,108,254,0.017638888888888888,21,19,0.6365914786967418,69.93700787401575,60.12204724409449,0.08756944444444445,0.007916666666666667,0.02326388888888889,0.016458333333333332,0.0125,1,73.13833033213285,62.83678471388556,12.937248954632844,4.344678669654272,0.9419236516779029,-137.81752330834107,-1.7011336311578034,1.7011336311578034,0.02687324929971989,-14,-0.22965277777777704,-3307,0.4533442890664991,276.8181818181818,10.451778289912564,5.885915404040404,0.1634707359696759
RHF_MPM_P27,692,0.0346,34.6,0,255,5.443333333333333,30.37643659154247,78384,307.38823529411764,17,239,255,0.9500921309537744,111,111,249,0.017291666666666667,21,19,0.6240601503759399,69.80722891566265,60.024096385542165,0.08472222222222223,0.0077777777777777776,0.02277777777777778,0.01625,0.012222222222222223,1,72.86305878750765,62.58426464584609,12.482266551665031,4.319054525406292,0.9382288899165617,-138.05700052072706,-1.7514495942363844,1.7514495942363844,0.027250459277403553,-5,-0.11000000000000032,-1584,0.3735516136265498,273.90909090909093,13.020644764474785,5.86858585858586,0.19610817421490534
RHF_MPM_P27,693,0.03465,34.65,0,255,5.358194444444444,30.168361408490554,77158,302.58039215686273,17,235,255,0.9400282336844565,109,109,249,0.017291666666666667,20,19,0.6552631578947369,69.70682730923694,59.95582329317269,0.08395833333333333,0.0077083333333333335,0.02236111111111111,0.015902777777777776,0.012222222222222223,1,72.59743642914539,62.32123694237798,12.268830476101567,4.380696106664487,0.9340818401814395,-138.14988751850265,-1.6606785559306219,1.6606785559306219,0.02791674226911014,0,-0.08513888888888932,-1226,0.37381654598698566,269.90909090909093,13.296989033438056,5.817386363636364,0.24344469979463762
RHF_MPM_P27,694,0.0347,34.7,0,255,5.253125,29.901986137322,75645,296.6470588235294,16,234,255,0.919945702624354,110,110,244,0.016944444444444446,20,19,0.6421052631578947,69.61065573770492,59.89754098360656,0.08194444444444444,0.007569444444444445,0.02201388888888889,0.015833333333333335,0.012083333333333333,1,72.3989027695155,62.171247273448344,12.030681552255865,4.3943985434346455,0.930903202587474,-137.75913754639893,-1.6349626248776374,1.6349626248776374,0.027457201401282307,-5,-0.10506944444444422,-1513,0.24882225541871789,265.8181818181818,13.710103652006442,5.75227904040404,0.28613432750358886
RHF_MPM_P27,695,0.03475,34.75,0,255,5.175,29.6340867452031,74520,292.2352941176471,16,228,255,0.9095175009338317,108,108,242,0.016805555555555556,20,19,0.6368421052631579,69.49173553719008,59.768595041322314,0.08055555555555556,0.007430555555555556,0.021597222222222223,0.015625,0.011875,1,72.32411433172302,62.14068706387547,11.984881705477072,4.289830936837399,0.9337457917195855,-137.8826676788147,-1.6622609408336304,1.6622609408336304,0.027200751476113796,-2,-0.078125,-1125,0.08079131659143449,262.90909090909093,14.99972451537661,5.682859848484847,0.3227894854062597
RHF_MPM_P27,696,0.0348,34.8,0,255,5.121944444444445,29.50394261031005,73756,289.2392156862745,16,230,255,0.9022047855487372,110,110,235,0.016319444444444445,20,18,0.6527777777777778,69.28510638297873,59.51914893617021,0.08013888888888888,0.007361111111111111,0.02125,0.015555555555555555,0.011944444444444445,1,72.18643906936384,61.88886327891968,11.773540497519289,4.360336866472853,0.9288920771629555,-137.86096900901347,-1.6821574927099814,1.6821574927099814,0.027943489343239872,-7,-0.05305555555555497,-764,0.287001213473269,259.90909090909093,16.86553530107288,5.615549242424242,0.3540276136394777
RHF_MPM_P27,697,0.03485,34.85,0,255,5.014722222222222,29.38951872749791,72212,283.1843137254902,15,227,255,0.87095499863196,110,110,235,0.016319444444444445,19,18,0.6871345029239766,69.22553191489362,59.53191489361702,0.07715277777777778,0.007361111111111111,0.021041666666666667,0.015277777777777777,0.011875,1,71.85665817315682,61.60689359109289,11.24673420482404,4.390331865513995,0.9206601622268905,-137.66233596234767,-1.8158076071432678,1.8158076071432678,0.028665595745859414,0,-0.107222222222223,-1544,0.4338920883771051,256.45454545454544,17.70137969128979,5.532001262626263,0.37678659685718285
RHF_MPM_P27,698,0.0349,34.9,0,255,5.011111111111111,29.412308721366767,72160,282.98039215686276,15,229,255,0.8671558641577974,110,110,232,0.01611111111111111,19,18,0.6783625730994152,69.14655172413794,59.30172413793103,0.07680555555555556,0.007430555555555556,0.020902777777777777,0.015208333333333334,0.011805555555555555,1,71.7510532150776,61.44840631929046,11.161560000944426,4.349205094178265,0.9209591028987092,-138.0514978793479,-1.6694014848021346,1.6694014848021346,0.0293930155210643,-3,-0.0036111111111107874,-52,0.19044847726954658,251.8181818181818,16.797284314155625,5.43324494949495,0.3575147672360297
RHF_MPM_P27,699,0.03495,34.95,0,255,5.022777777777778,29.482589646839887,72328,283.6392156862745,14,230,255,0.8682779211769913,111,111,233,0.016180555555555556,19,18,0.6812865497076024,69.18025751072962,59.31330472103004,0.07715277777777778,0.0075,0.02125,0.015277777777777777,0.011944444444444445,1,71.7175367769052,61.387996349961284,11.019868373622508,4.419733749388151,0.9160476018221665,-137.70672244804146,-1.8113144471791713,1.8113144471791713,0.02967039044353501,1,0.011666666666666714,168,0.06908484654478515,247.36363636363637,14.549431274562698,5.3351641414141415,0.3047893922231363
RHF_MPM_P27,700,0.035,35.0,0,255,5.033194444444445,29.59055561259693,72478,284.2274509803922,14,230,255,0.8545471543357106,110,110,235,0.016319444444444445,19,18,0.6871345029239766,69.22978723404255,59.34893617021277,0.075625,0.0075,0.021458333333333333,0.015416666666666667,0.012152777777777778,1,71.68616683683325,61.34625679516543,10.799517520022777,4.368604529593409,0.9145298193738987,-138.34063967273335,-1.8235634633935425,1.8235634633935425,0.02862937719031982,2,0.010416666666666963,150,0.05221363399222519,243.27272727272728,10.58378613378123,5.251792929292929,0.2446193467522643
RHF_MPM_P27,701,0.03505,35.05,0,255,5.072986111111111,29.796194634453762,73051,286.4745098039216,14,233,255,0.8479084311896445,111,111,239,0.01659722222222222,19,18,0.6988304093567251,69.28451882845188,59.48117154811715,0.07472222222222222,0.0075,0.021527777777777778,0.015555555555555555,0.012152777777777778,1,71.51057480390412,61.245349139642165,10.493495283842991,4.34786507742898,0.910122593409401,-138.25591156576135,-1.5481742826136249,1.5481742826136249,0.026912704822658142,4,0.039791666666666003,573,0.20252139879871248,240.63636363636363,7.1512583415625945,5.187247474747475,0.18145955771602743
RHF_MPM_P27,702,0.0351,35.1,0,255,4.9975,29.549536927655716,71964,282.21176470588233,14,233,255,0.8421943161252432,112,112,233,0.016180555555555556,19,17,0.7213622291021672,69.12017167381974,59.05150214592275,0.07402777777777778,0.007430555555555556,0.021041666666666667,0.015416666666666667,0.011875,1,71.33861375132011,60.86830915457729,10.199427958287343,4.489188150969796,0.8979285889253581,-138.4972846692789,-1.53139943308682,1.53139943308682,0.02766661108331944,-6,-0.07548611111111114,-1087,0.4144028884353031,238.72727272727272,6.046650599387596,5.136717171717173,0.14650538417046177
RHF_MPM_P27,703,0.03515,35.15,0,255,5.088680555555555,29.89431820194376,73277,287.3607843137255,14,235,255,0.8608263843602564,112,112,238,0.016527777777777777,19,17,0.7368421052631579,69.2016806722689,59.1764705882353,0.07666666666666666,0.0077083333333333335,0.021597222222222223,0.015833333333333335,0.012152777777777778,1,71.40446524830438,60.926566316852494,10.154034952291424,4.4896256145585545,0.8969401973119303,-139.56683599492547,-1.5275083592582896,1.5275083592582896,0.029013196500948454,5,0.09118055555555582,1313,0.08792221909977145,237.72727272727272,5.100640050583832,5.104476010101011,0.10994284957622995
RHF_MPM_P27,704,0.0352,35.2,0,255,5.067569444444445,29.98997431426338,72973,286.1686274509804,14,236,255,0.84115145183458,111,111,244,0.016944444444444446,20,17,0.7176470588235294,69.18442622950819,59.278688524590166,0.07472222222222222,0.00798611111111111,0.021666666666666667,0.015625,0.012152777777777778,1,71.15364586902005,60.75281268414345,9.714347408706528,4.535796987233439,0.8843009798990661,-139.16706935231255,-1.5477073293402561,1.5477073293402561,0.02943554465350198,6,-0.02111111111111086,-304,0.3051240500258254,237.27272727272728,4.223116236122522,5.078055555555555,0.07524042552376106
RHF_MPM_P27,705,0.03525,35.25,0,255,5.117430555555556,30.30104786523543,73691,288.9843137254902,13,241,255,0.8329040075948015,110,110,252,0.0175,20,18,0.7,69.34920634920636,59.48809523809524,0.07388888888888889,0.008125,0.022083333333333333,0.01597222222222222,0.012430555555555556,1,71.01864542481442,60.558182138931485,9.164276092870713,4.677395704329569,0.8599404049313798,-139.42867562353996,-1.4292288822269106,1.4292288822269106,0.026285435127763226,8,0.049861111111111356,718,0.2368674081954376,238.0,5.736644568830363,5.065719696969698,0.053512539509508114
RHF_MPM_P27,706,0.0353,35.3,0,255,5.258472222222222,30.59973670727877,75722,296.9490196078431,14,241,255,0.8419248662713011,110,110,257,0.017847222222222223,21,18,0.6798941798941799,69.55252918287938,59.63035019455253,0.07423611111111111,0.008263888888888888,0.023055555555555555,0.01659722222222222,0.012430555555555556,1,71.29250415995351,60.765550302422014,9.423438863516271,4.509361050105432,0.8780733523025808,-140.524366345033,-1.1782075950708761,1.1782075950708761,0.02456353503605293,5,0.1410416666666663,2031,0.3435115166066703,239.36363636363637,7.900203993600157,5.073308080808081,0.0713999254080899
RHF_MPM_P27,707,0.03535,35.35,0,255,5.285555555555556,30.489419607868754,76112,298.47843137254904,15,242,255,0.8501341514311893,110,110,254,0.017638888888888888,20,18,0.7055555555555556,69.40551181102362,59.56692913385827,0.0745138888888889,0.008194444444444445,0.023055555555555555,0.016041666666666666,0.012430555555555556,1,71.46867773807021,60.977309754046665,9.671791907207044,4.491237998471992,0.885644114367858,-140.27610088940528,-1.1838054760027386,1.1838054760027386,0.02347855791465209,-3,0.02708333333333357,390,0.27546178496992135,241.0909090909091,8.784847962202207,5.088181818181818,0.09357905204687453
RHF_MPM_P27,708,0.0354,35.4,0,255,5.252986111111111,30.33876710900184,75643,296.6392156862745,16,239,255,0.8568554554027363,111,111,250,0.017361111111111112,20,18,0.6944444444444444,69.364,59.416,0.07541666666666667,0.008055555555555555,0.02263888888888889,0.016180555555555556,0.012152777777777778,1,71.56643707943894,61.00501037769523,9.871046543084915,4.577549902262106,0.8859739483877009,-139.88000878993853,-1.490685217651815,1.490685217651815,0.02745792736935341,-4,-0.03256944444444443,-469,0.1016081363640087,242.45454545454547,8.897023367024975,5.109842171717172,0.1013233758648937
RHF_MPM_P27,709,0.03545,35.45,0,255,5.315277777777778,30.44925268067722,76540,300.15686274509807,16,240,255,0.8840928162282882,109,109,258,0.017916666666666668,20,18,0.7166666666666667,69.50387596899225,59.6937984496124,0.07833333333333334,0.008125,0.023194444444444445,0.01625,0.012222222222222223,1,71.63882937026392,61.12602560752548,10.035011431167003,4.606619273995887,0.8884079987056441,-139.6433029666307,-1.454290835674433,1.454290835674433,0.027854716488110793,8,0.062291666666666856,897,0.14101535243283375,244.8181818181818,9.252205455194126,5.137493686868687,0.1115901544127257
RHF_MPM_P27,710,0.0355,35.5,0,255,5.344375,30.454231648554508,76959,301.8,15,241,255,0.8890419624608011,110,110,254,0.017638888888888888,20,18,0.7055555555555556,69.34645669291339,59.51574803149607,0.07861111111111112,0.008125,0.023125,0.016041666666666666,0.012361111111111111,1,71.72352811237153,61.24557231772762,10.264350706739243,4.426681993038415,0.9022240569501419,-139.9227616896942,-1.443157292846225,1.443157292846225,0.027417196169388897,-4,0.029097222222222108,419,0.14651038473352657,246.72727272727272,8.77072516013988,5.166729797979799,0.11954986558788111
RHF_MPM_P27,711,0.03555,35.55,0,255,5.303333333333334,30.27187345081606,76368,299.4823529411765,16,237,255,0.8937108329240449,110,110,252,0.0175,20,18,0.7,69.44444444444444,59.52777777777778,0.07895833333333334,0.007847222222222222,0.02263888888888889,0.015902777777777776,0.012222222222222223,1,71.85306672952022,61.38732191493819,10.667200706512508,4.469150229446963,0.9080038333623772,-138.94314654919918,-1.4141228418778267,1.4141228418778267,0.026961554577833648,-2,-0.04104166666666664,-591,0.19202396111463643,248.27272727272728,8.035047197812494,5.191287878787879,0.11732186363218501
RHF_MPM_P27,712,0.0356,35.6,0,255,5.242708333333334,30.056246732832935,75495,296.05882352941177,16,235,255,0.8839872545105882,110,110,247,0.017152777777777777,20,18,0.6861111111111111,69.36032388663968,59.441295546558706,0.078125,0.0077083333333333335,0.02263888888888889,0.015694444444444445,0.012083333333333333,1,71.86470627193854,61.436307040201335,10.685206004986465,4.435793567600596,0.9097602235203829,-138.75431983328102,-1.6002558701019016,1.6002558701019016,0.02857142857142857,-5,-0.06062499999999993,-873,0.050348996462231774,249.0,7.507571935295483,5.206717171717172,0.1117784649833423
RHF_MPM_P27,713,0.03565,35.65,0,255,5.147013888888889,29.751096818713652,74117,290.6549019607843,15,235,255,0.8729017279242048,108,108,244,0.016944444444444446,19,18,0.7134502923976608,69.15573770491804,59.36065573770492,0.0770138888888889,0.007638888888888889,0.022222222222222223,0.015277777777777777,0.011944444444444445,1,71.73598499669441,61.38123507427446,10.639001703032994,4.435474792108348,0.9089491258871316,-138.42666952776514,-1.5707982205704207,1.5707982205704207,0.028414533777675836,-3,-0.09569444444444475,-1378,0.14000745741397777,250.0,5.862050525510367,5.2203093434343435,0.09302937764814666
RHF_MPM_P27,714,0.0357,35.7,0,255,5.1369444444444445,29.739855816679974,73972,290.0862745098039,15,233,255,0.8826409163895645,109,109,240,0.016666666666666666,19,18,0.7017543859649122,69.27916666666667,59.36666666666667,0.07819444444444444,0.007430555555555556,0.021875,0.015555555555555555,0.012013888888888888,1,71.75834099388958,61.362704807224354,10.844401873953238,4.528435537977373,0.9086388818081564,-138.3054561659127,-1.4913193495339543,1.4913193495339543,0.028172822148921212,-4,-0.010069444444444464,-145,0.02903724173433614,250.1818181818182,5.507320447585803,5.2246969696969705,0.08770348849719202
RHF_MPM_P27,715,0.03575,35.75,0,255,5.085833333333333,29.575712527812037,73236,287.2,15,231,255,0.8754246368196107,111,111,234,0.01625,19,18,0.6842105263157895,69.19658119658119,59.35042735042735,0.07756944444444444,0.0075,0.021527777777777778,0.015277777777777777,0.011875,1,71.72595444863182,61.341239281227814,10.836160858242724,4.456490393381059,0.9115176282666909,-138.11256471086352,-1.5528645390834874,1.5528645390834874,0.02866076792834125,-6,-0.05111111111111111,-736,0.03885430632556011,249.27272727272728,7.059370421206246,5.226357323232324,0.08483923119107067
RHF_MPM_P27,716,0.0358,35.8,0,255,5.0036805555555555,29.472106404157053,72053,282.5607843137255,15,230,255,0.840060284923117,112,112,230,0.01597222222222222,19,17,0.7120743034055728,69.03478260869565,59.165217391304346,0.07375,0.007430555555555556,0.021111111111111112,0.015208333333333334,0.011666666666666667,1,71.4485448211733,61.15663469945734,10.379578321445571,4.336168407732162,0.9085576057949473,-138.35019193630572,-1.6974951662744386,1.6974951662744386,0.029103576533940294,-4,-0.08215277777777796,-1183,0.3332190766107612,247.27272727272728,8.88400922076912,5.216016414141414,0.10256628472154228
RHF_MPM_P27,717,0.03585,35.85,0,255,4.982847222222222,29.532701699490744,71753,281.3843137254902,14,231,255,0.855819073087114,110,110,234,0.01625,19,18,0.6842105263157895,69.0982905982906,59.31196581196581,0.07618055555555556,0.0077083333333333335,0.020972222222222222,0.015347222222222222,0.011875,1,71.3045726311095,60.983666188173316,10.379790380960396,4.539218529387309,0.8993093094065092,-138.13414316359103,-1.5948483436904692,1.5948483436904692,0.02986634705169122,4,-0.020833333333333037,-300,0.22504687824446912,245.1818181818182,9.053559639653363,5.190959595959597,0.12112253798472632
RHF_MPM_P27,718,0.0359,35.9,0,255,4.946041666666667,29.471918218844596,71223,279.3058823529412,14,232,255,0.8383143013367121,111,111,231,0.016041666666666666,19,18,0.6754385964912281,68.96536796536796,59.23376623376623,0.074375,0.007361111111111111,0.021111111111111112,0.01513888888888889,0.011805555555555555,1,71.152169945102,60.94431574070174,10.19554406248428,4.332922127049246,0.9052018272211548,-138.38477394525802,-1.67315365733538,1.67315365733538,0.02959718068601435,-3,-0.036805555555555536,-530,0.15740087807414316,243.0909090909091,9.423901387184179,5.160094696969697,0.13549058870956474
RHF_MPM_P27,719,0.03595,35.95,0,255,5.061527777777778,29.981593295800412,72886,285.82745098039214,14,237,255,0.8358212600689022,111,111,243,0.016875,20,18,0.675,69.25102880658436,59.32098765432099,0.07416666666666667,0.007916666666666667,0.021666666666666667,0.015625,0.012152777777777778,1,71.15052273413275,60.8409022308811,9.93001645180013,4.437608716782372,0.8945897373707653,-138.419278814677,-1.5656498285463423,1.5656498285463423,0.027988914194769916,12,0.11548611111111118,1663,0.10342662770003164,242.45454545454547,9.168757587725795,5.142689393939393,0.13473506945313757
RHF_MPM_P27,720,0.036,36.0,0,255,5.237708333333333,30.420021874735315,75423,295.77647058823527,14,243,255,0.8688189163704509,109,109,258,0.017916666666666668,20,18,0.7166666666666667,69.37209302325581,59.58527131782946,0.07722222222222222,0.008055555555555555,0.02263888888888889,0.01597222222222222,0.012361111111111111,1,71.32688967556315,60.933044296832534,9.879246515783267,4.6180491960220476,0.8840197575020471,-138.6331763492136,-1.3460189859611,1.3460189859611,0.027365657690624875,15,0.1761805555555549,2537,0.1989860757623846,242.45454545454547,9.168757587725795,5.135637626262626,0.1273448343716331
RHF_MPM_P27,721,0.03605,36.05,0,255,5.247708333333334,30.363388755089716,75567,296.3411764705882,15,239,255,0.8589790461059739,108,108,257,0.017847222222222223,20,18,0.7138888888888889,69.36186770428016,59.50194552529183,0.07569444444444444,0.008125,0.02298611111111111,0.016041666666666666,0.012291666666666666,1,71.42650892585388,60.95752114018024,9.84344519711993,4.506064029821849,0.8890690779943861,-139.5345134619556,-1.3165151218510085,1.3165151218510085,0.02624161340267577,-1,0.010000000000000675,144,0.10258221526539137,242.72727272727272,9.545021635204863,5.126849747474747,0.1154134199269512
RHF_MPM_P27,722,0.0361,36.1,0,255,5.190902777777778,30.245695525084283,74749,293.1333333333333,15,238,255,0.8418789764947427,108,108,254,0.017638888888888888,20,18,0.7055555555555556,69.31889763779527,59.51968503937008,0.07388888888888889,0.007916666666666667,0.022430555555555554,0.015902777777777776,0.012222222222222223,1,71.32227855891048,60.91959758658979,9.687268613395768,4.43258138573644,0.8891747770480393,-139.5820388749704,-1.4101136521417332,1.4101136521417332,0.026261220885898138,-3,-0.056805555555556,-818,0.11091512660626267,242.9090909090909,9.737038428360643,5.1166287878787875,0.10371728134229034
RHF_MPM_P27,723,0.03615,36.15,0,255,5.138055555555556,30.05789037835013,73988,290.1490196078431,15,237,255,0.8523911385980758,110,110,248,0.017222222222222222,20,18,0.6888888888888889,69.20564516129032,59.399193548387096,0.07548611111111111,0.007916666666666667,0.02201388888888889,0.015555555555555555,0.012222222222222223,1,71.28314050927177,60.88658971725145,9.931518831677812,4.571066931349964,0.8877848969003542,-139.48760205653585,-1.3368213570698333,1.3368213570698333,0.027855868519219333,-6,-0.052847222222221824,-761,0.05119869498121052,243.0,9.779384624625603,5.1071148989899,0.09624656717880754
RHF_MPM_P27,724,0.0362,36.2,0,255,5.184236111111111,30.251928567537025,74653,292.75686274509803,15,239,255,0.8597870261700051,110,110,253,0.017569444444444443,20,18,0.7027777777777777,69.35177865612648,59.44268774703557,0.07645833333333334,0.007916666666666667,0.02201388888888889,0.01597222222222222,0.012291666666666666,1,71.38010528712844,60.8815988640778,9.827773230695819,4.629453490405937,0.8821021150137888,-139.52757230947947,-1.6201661764432815,1.6201661764432815,0.029295540701646285,5,0.046180555555555,665,0.09709313446477129,243.8181818181818,10.196418103861784,5.110498737373738,0.09822387073811156
RHF_MPM_P27,725,0.03625,36.25,0,255,5.235069444444444,30.339465142518026,75385,295.62745098039215,15,239,255,0.8630399854687224,109,109,256,0.017777777777777778,21,18,0.6772486772486772,69.42578125,59.515625,0.07645833333333334,0.00798611111111111,0.022708333333333334,0.016041666666666666,0.012291666666666666,1,71.48911587185779,60.97382768455263,9.967777482856304,4.540161916520086,0.8902440335637988,-139.7493059132881,-1.5036932933785412,1.5036932933785412,0.028520262651721164,3,0.050833333333333286,732,0.14279167661041234,245.27272727272728,10.677852261837108,5.119419191919191,0.10447721919847286
RHF_MPM_P27,726,0.0363,36.3,0,255,5.222291666666667,30.251709598585546,75201,294.90588235294115,15,239,255,0.8643987782731718,110,110,253,0.017569444444444443,20,18,0.7027777777777777,69.35177865612648,59.44268774703557,0.07645833333333334,0.007916666666666667,0.022569444444444444,0.01611111111111111,0.012083333333333333,1,71.4468557598968,60.968457866251775,10.02457251114011,4.5400631992158464,0.891564650302772,-139.5807482005145,-1.3756807249081948,1.3756807249081948,0.027871969787635804,-3,-0.01277777777777711,-184,0.04259990623861993,247.0,10.242513895967674,5.131824494949495,0.10780129525010934
RHF_MPM_P27,727,0.03635,36.35,0,255,5.167638888888889,30.177168199422983,74414,291.81960784313725,15,240,255,0.8531318502638724,111,111,248,0.017222222222222222,20,18,0.6888888888888889,69.30645161290323,59.37903225806452,0.07555555555555556,0.007847222222222222,0.022083333333333333,0.01611111111111111,0.012222222222222223,1,71.35908565592496,60.88765554868708,9.773846790564164,4.508390458119768,0.8872593859311637,-140.23382688753844,-1.4224928981072824,1.4224928981072824,0.027562017899857554,-5,-0.054652777777778105,-787,0.1193004848064551,248.63636363636363,8.720641420036689,5.146729797979798,0.1001136920981638
RHF_MPM_P27,728,0.0364,36.4,0,255,5.206527777777778,30.399220780388166,74974,294.0156862745098,14,242,255,0.8589915300055836,110,110,255,0.017708333333333333,20,18,0.7083333333333334,69.3843137254902,59.44705882352941,0.07659722222222222,0.008263888888888888,0.022291666666666668,0.01638888888888889,0.012361111111111111,1,71.26469175981006,60.74501827300131,9.462053051074887,4.772193097374645,0.8634989111343975,-140.12217482555317,-1.400509072156168,1.400509072156168,0.028369834876090377,7,0.03888888888888875,560,0.17104268484448062,250.54545454545453,7.52406607147584,5.167064393939393,0.08656059928298644
RHF_MPM_P27,729,0.03645,36.45,0,255,5.1959027777777775,30.339603699738966,74821,293.4156862745098,14,242,255,0.8528986292136087,110,110,255,0.017708333333333333,20,18,0.7083333333333334,69.3843137254902,59.498039215686276,0.07555555555555556,0.008055555555555555,0.022430555555555554,0.01611111111111111,0.012361111111111111,1,71.25228211331043,60.8365966774034,9.447964595366333,4.541352907168787,0.8769015765750928,-140.55231871458602,-1.3710053251782264,1.3710053251782264,0.027666029590622955,0,-0.010625000000000107,-153,0.09241538551063379,252.72727272727272,4.350358586911054,5.18977904040404,0.05110169045212276
RHF_MPM_P27,730,0.0365,36.5,0,255,5.1165972222222225,30.058980486130064,73679,288.9372549019608,14,240,255,0.8361425203535875,110,110,247,0.017152777777777777,20,17,0.7264705882352941,69.16599190283401,59.336032388663966,0.07381944444444444,0.007916666666666667,0.022152777777777778,0.01597222222222222,0.012013888888888888,1,71.13949700728837,60.82632771888869,9.603172470497778,4.229957782746324,0.8977648571357424,-141.08954725219994,-1.540066791071615,1.540066791071615,0.027687672199676976,-8,-0.07930555555555507,-1142,0.11325162978687739,253.0909090909091,3.629539050486751,5.194785353535353,0.039722569382725816
RHF_MPM_P27,731,0.03655,36.55,0,11,0.02020833333333333,0.35911923265663304,291,26.454545454545453,0,0,7,0.057247044750179985,3,8,10,0.0006944444444444445,32,101,0.003094059405940594,98.1,61.3,0.004652777777777777,0.0,0.0,0.0,0.0,0,88.21649484536083,60.27835051546392,29.76835728315159,23.570081339046478,0.610802397645052,87.39536868275144,-0.3120069853209151,0.3120069853209151,0.0,-237,-5.096388888888889,-73388,17.085787490689583,230.54545454545453,69.81972062698154,4.720467171717172,1.4868210918195337
RHF_MPM_P27,732,0.0366,36.6,0,255,3.1033333333333335,22.353188064942028,44688,175.24705882352941,1,100,255,0.6175132883569864,106,106,139,0.009652777777777777,13,13,0.8224852071005917,64.28057553956835,55.15107913669065,0.05125,0.0029861111111111113,0.01423611111111111,0.008541666666666666,0.00625,1,63.626723057644114,54.19875581811672,6.550186217677236,5.348119138585198,0.5773687312848437,62.36470348898266,-1.1504598173394776,1.1504598173394776,0.01206140350877193,129,3.0831250000000003,44397,25.330186502590166,219.8181818181818,73.87805453684308,4.525523989898989,1.5443773053212935
RHF_MPM_P27,733,0.03665,36.65,0,255,5.909027777777778,28.53994620896016,85090,333.6862745098039,30,181,255,1.1281323706011521,95,95,275,0.019097222222222224,25,34,0.3235294117647059,59.64727272727273,48.46545454545455,0.09881944444444445,0.005347222222222222,0.02673611111111111,0.014097222222222223,0.009375,1,57.9760371371489,44.30807380420731,15.095491411272453,5.154502616753933,0.9398964006503682,56.44884268407117,-0.9918118412726596,0.9918118412726596,0.03017980961335057,136,2.8056944444444447,40402,11.391042185522535,221.72727272727272,74.99950413059216,4.590808080808081,1.5857486197387791
RHF_MPM_P27,734,0.0367,36.7,0,255,6.833611111111111,31.013876074784637,98404,385.89803921568625,36,233,255,1.2842016548436146,104,104,273,0.018958333333333334,24,31,0.36693548387096775,59.582417582417584,50.014652014652015,0.11597222222222223,0.007430555555555556,0.030069444444444444,0.014861111111111111,0.011597222222222222,1,57.10354253892118,41.54635990406894,17.80263679885786,9.30179095134234,0.8526422717992418,62.22896915072958,-0.9487480969393676,0.9487480969393676,0.041654810780049595,-2,0.9245833333333326,13314,2.8962580151212394,224.0,76.13146524269712,4.744949494949495,1.7090644925877958
RHF_MPM_P27,735,0.03675,36.75,0,255,6.422430555555556,30.82452729534207,92483,362.678431372549,33,240,255,1.18376764852466,111,111,239,0.01659722222222222,19,19,0.6620498614958449,61.28870292887029,52.12970711297071,0.10673611111111111,0.0077083333333333335,0.027291666666666665,0.015416666666666667,0.012222222222222223,1,56.46045219121352,43.67821113069429,17.60027553118895,8.055142165473908,0.8891214313266489,56.964736294540685,-1.057876469560056,1.057876469560056,0.013732253495236962,-34,-0.4111805555555552,-5921,2.2267363669232925,222.72727272727272,75.75209677156967,4.8575126262626265,1.7738379236144308
RHF_MPM_P27,736,0.0368,36.8,0,255,6.275972222222222,32.17305774849692,90374,354.40784313725493,24,250,255,1.0789607392762102,109,109,288,0.02,22,20,0.6545454545454545,60.520833333333336,51.513888888888886,0.09652777777777778,0.008611111111111111,0.027708333333333335,0.018055555555555554,0.013541666666666667,1,57.195963440812626,46.99759886693075,15.679007672109687,4.956573005559951,0.9487165546126974,50.58683773339765,-1.6473931712552616,1.6473931712552616,0.04015535441609312,49,-0.14645833333333336,-2109,3.399898784046943,225.63636363636363,77.5667134879538,4.9521401515151515,1.8186531278120228
RHF_MPM_P27,737,0.03685,36.85,0,255,6.724583333333333,33.91607257618511,96834,379.74117647058824,24,253,255,1.0494027868309543,109,109,322,0.02236111111111111,25,22,0.5854545454545454,59.49068322981366,50.68012422360248,0.09270833333333334,0.009375,0.031041666666666665,0.020625,0.015416666666666667,1,57.42355990664436,47.766631555032326,13.848364933844227,5.138164328779396,0.9286207218561736,47.86247819974321,-1.588341918234843,1.588341918234843,0.03599975215316934,34,0.44861111111111107,6460,0.8020046300538598,231.9090909090909,82.17880123183123,5.088712121212122,1.8888643353749046
RHF_MPM_P27,738,0.0369,36.9,0,255,7.069444444444445,34.65231930224428,101800,399.2156862745098,27,254,255,1.0733229842726173,108,108,338,0.02347222222222222,26,24,0.5416666666666666,59.03846153846154,50.36390532544379,0.09472222222222222,0.009930555555555555,0.03298611111111111,0.021666666666666667,0.015625,1,56.70709233791749,47.09182711198428,15.504414497363584,5.34144968370028,0.9387820834519958,49.062497202909434,-1.7970326252854631,1.7970326252854631,0.05298624754420432,16,0.3448611111111113,4966,0.9842188849004959,240.0909090909091,87.67030651610669,5.261603535353536,1.9733257230482641
RHF_MPM_P27,739,0.03695,36.95,0,255,6.838402777777778,34.242836804927265,98473,386.1686274509804,23,254,255,1.0400553538711281,106,106,344,0.02388888888888889,28,24,0.5119047619047619,58.651162790697676,50.5,0.09152777777777778,0.009444444444444445,0.03131944444444444,0.021180555555555557,0.015347222222222222,1,57.490185126887575,48.73023062159171,12.089082346544965,5.203241805198687,0.90263429200841,45.5991047443665,-1.5629848216453675,1.5629848216453675,0.01965005636062677,6,-0.23104166666666703,-3327,1.8159296176974726,248.1818181818182,92.63890620116777,5.409955808080809,2.024291765003342
RHF_MPM_P27,740,0.037,37.0,0,255,6.411597222222222,32.98069454584999,92327,362.06666666666666,23,252,255,1.0058922459274742,108,108,305,0.021180555555555557,25,20,0.61,59.829508196721314,51.49180327868852,0.08819444444444445,0.00875,0.028680555555555556,0.019375,0.014444444444444444,1,58.076359028236595,49.58485600095313,10.773192922056333,4.985383072658179,0.8864845590510235,-138.68750724966722,0.8511423224190002,0.8511423224190002,0.013343875572692713,-39,-0.4268055555555552,-6146,1.0363321772826448,252.72727272727272,94.07742547216668,5.520473484848485,2.0426907331784827
RHF_MPM_P27,741,0.03705,37.05,0,255,6.138541666666667,32.13727349781347,88395,346.6470588235294,21,248,255,1.029541390839644,109,109,290,0.02013888888888889,24,20,0.6041666666666666,60.13793103448276,51.710344827586205,0.09173611111111112,0.008541666666666666,0.026805555555555555,0.01840277777777778,0.013541666666666667,1,58.2487697267945,49.734012104757056,11.174414262913835,5.032820577644676,0.8928330031154071,-139.0608205267489,1.0699653175283081,1.0699653175283081,0.021765936987386166,-15,-0.2730555555555556,-3932,0.22797585898334008,256.6363636363636,94.649854946124,5.613377525252526,2.045447033145732
RHF_MPM_P27,742,0.0371,37.1,0,255,5.617708333333334,30.695012357664123,80895,317.2352941176471,19,241,255,0.9696257555549553,109,109,263,0.01826388888888889,23,18,0.6352657004830918,60.76425855513308,52.17110266159696,0.08631944444444445,0.007638888888888889,0.02375,0.01673611111111111,0.012291666666666666,1,58.4217813214661,49.87535694418691,11.63060559984166,4.6703541842212815,0.9158339163225135,-138.77680822864215,1.363597752817833,1.363597752817833,0.02657766240187898,-27,-0.520833333333333,-7500,0.22340853950612893,279.6363636363636,53.882486153198116,6.122241161616162,1.0396897334987907
RHF_MPM_P27,743,0.03715,37.15,0,255,4.9714583333333335,28.677099929617427,71589,280.74117647058824,15,214,255,0.925486711273695,106,106,235,0.016319444444444445,22,17,0.6283422459893048,61.43404255319149,52.693617021276594,0.08284722222222222,0.006319444444444444,0.021388888888888888,0.014791666666666667,0.010833333333333334,1,59.05510623140427,50.294612300772464,11.719906791707404,4.67493801377482,0.91699936217628,-138.95065927752,1.683255890625939,1.683255890625939,0.030619229211191663,-28,-0.6462500000000002,-9306,0.7595232027883455,288.3636363636364,34.78838031525293,6.292070707070708,0.5864946705153238
RHF_MPM_P27,744,0.0372,37.2,0,255,4.434444444444445,27.203668711370984,63856,250.4156862745098,13,191,255,0.8392889700629808,105,105,213,0.014791666666666667,19,17,0.6594427244582043,62.1924882629108,53.178403755868544,0.07416666666666667,0.005833333333333334,0.019097222222222224,0.01326388888888889,0.009375,1,59.74951453269857,50.799470684039086,11.755988592020863,4.619382758332593,0.9195646719030931,-138.3675546129698,2.0940988412291057,2.0940988412291057,0.03189989977449261,-22,-0.5370138888888887,-7733,0.8585364733434606,282.72727272727275,40.970257302963994,6.158017676767677,0.7914381079357139
RHF_MPM_P27,745,0.03725,37.25,0,255,4.082430555555556,26.369372958102566,58787,230.53725490196078,10,173,255,0.7803690686477592,107,107,198,0.01375,18,16,0.6875,62.54040404040404,53.621212121212125,0.06854166666666667,0.005416666666666667,0.017430555555555557,0.012152777777777778,0.009305555555555555,1,60.43274873696566,51.51016381172708,11.354248124264876,4.248560904083356,0.9273550882150076,-138.13739618975086,2.505370018982057,2.505370018982057,0.0297684862299488,-15,-0.35201388888888907,-5069,0.9858466917444246,275.90909090909093,47.708307920404174,5.907910353535354,0.9560174052407746
RHF_MPM_P27,746,0.0373,37.3,0,255,3.9068055555555556,26.194688993423668,56258,220.61960784313726,6,173,255,0.7103164382997462,108,108,193,0.013402777777777777,18,16,0.6701388888888888,62.689119170984455,53.59585492227979,0.06131944444444445,0.005347222222222222,0.016666666666666666,0.012222222222222223,0.009166666666666667,1,61.121458281488856,52.1441928259092,10.413772299090738,4.139188300178658,0.9176140785960956,-138.02492264108227,2.770080757276935,2.770080757276935,0.024316541647410147,-5,-0.17562500000000014,-2529,0.9361162468102461,271.72727272727275,52.53239850379938,5.6792171717171716,1.0961936275152653
RHF_MPM_P27,747,0.03735,37.35,0,255,3.839097222222222,26.24564274453726,55283,216.79607843137254,3,175,255,0.6558338821741962,108,108,194,0.013472222222222222,18,16,0.6736111111111112,62.71649484536083,53.68041237113402,0.05583333333333333,0.005486111111111111,0.016944444444444446,0.012569444444444444,0.009027777777777777,1,61.70576850026229,52.62717291029792,9.137773638533536,4.224495861057997,0.8867176985697445,-138.1315140986899,2.707317981491783,2.707317981491783,0.018450518242497695,1,-0.06770833333333348,-975,0.758081917525535,263.1818181818182,56.672613526878585,5.457683080808081,1.1949940703351458
RHF_MPM_P27,748,0.0374,37.4,0,255,3.7640972222222224,26.059317535864068,54203,212.5607843137255,1,171,255,0.6121883103935322,107,107,192,0.013333333333333334,17,16,0.7058823529411765,62.755208333333336,53.796875,0.051180555555555556,0.005208333333333333,0.01673611111111111,0.012152777777777778,0.009027777777777777,1,62.04407505119643,53.00415106174935,7.907237909269748,4.146708819265313,0.851460105686658,-138.24933878607644,1.997374339214738,1.997374339214738,0.012969761821301403,-2,-0.07499999999999973,-1080,0.5065213214433216,251.36363636363637,56.72945799986704,5.18854797979798,1.2126059538148077
RHF_MPM_P27,749,0.03745,37.45,0,255,3.6927777777777777,25.8936377439958,53176,208.53333333333333,0,170,255,0.57155368034808,107,107,190,0.013194444444444444,17,16,0.6985294117647058,62.81578947368421,53.87894736842105,0.046875,0.005277777777777778,0.01673611111111111,0.011805555555555555,0.008958333333333334,1,62.322589137956975,53.22835489694599,6.866352166079941,4.248643748084953,0.7855778224646676,-137.3668886079448,0.9285966217266393,0.9285966217266393,0.011903866405897398,-2,-0.07131944444444471,-1027,0.3575436424283649,237.9090909090909,51.934319613517694,4.881578282828283,1.121588477221479
RHF_MPM_P27,750,0.0375,37.5,0,255,3.686111111111111,25.89909267799183,53080,208.15686274509804,0,171,255,0.5752490187734782,106,106,193,0.013402777777777777,17,16,0.7095588235294118,62.7979274611399,53.92746113989637,0.04736111111111111,0.005208333333333333,0.016527777777777777,0.011875,0.009027777777777777,1,62.418933685003765,53.36851921627732,6.822873641991088,4.129019445521273,0.7960939298654633,-138.78416755863472,0.6531426956608983,0.6531426956608983,0.012565938206480784,3,-0.006666666666666821,-96,0.17008323891338373,224.1818181818182,40.851879186370994,4.5950063131313135,0.9785977471147664
RHF_MPM_P27,751,0.03755,37.55,0,255,3.611527777777778,25.592236353136162,52006,203.94509803921568,0,165,255,0.5620474350053584,104,104,190,0.013194444444444444,17,16,0.6985294117647058,62.77894736842105,54.02105263157895,0.04597222222222222,0.005069444444444444,0.016527777777777777,0.01173611111111111,0.008611111111111111,1,62.4420836057378,53.44531400223051,6.750036001361954,4.135711624281717,0.7903196458445512,-137.4399228407658,0.7459001593431395,0.7459001593431395,0.011325616275045186,-3,-0.074583333333333,-1074,0.08020821640947007,213.72727272727272,32.74166350272417,4.340454545454546,0.8250980067982789
RHF_MPM_P27,752,0.0376,37.6,0,255,3.57,25.478827593819062,51408,201.6,0,165,255,0.5549306947180941,106,106,184,0.012777777777777779,16,16,0.71875,62.97282608695652,54.11413043478261,0.04534722222222222,0.004930555555555555,0.01638888888888889,0.011597222222222222,0.008541666666666666,1,62.49443666355431,53.4401455026455,6.709334059182953,4.181236688385115,0.7820649145953642,-137.91722884905695,0.8009115639403631,0.8009115639403631,0.0108348895113601,-6,-0.04152777777777805,-598,0.05260756647763874,204.0909090909091,23.035366269576738,4.106950757575758,0.6215356811010302
RHF_MPM_P27,753,0.03765,37.65,0,255,3.5414583333333334,25.39842959025305,50997,199.98823529411766,0,163,255,0.5545560067765084,107,107,185,0.012847222222222222,16,16,0.72265625,63.016216216216215,54.21621621621622,0.04548611111111111,0.005069444444444444,0.015833333333333335,0.011527777777777777,0.008541666666666666,1,62.63601780496892,53.55840539639587,6.573506882370165,4.312680466876606,0.7547000687111554,-137.02835541050558,0.8448555750834288,0.8448555750834288,0.01186344294762437,1,-0.028541666666666465,-411,0.18447390621470863,197.0,14.071247279470288,3.918200757575758,0.4150436640080613
RHF_MPM_P27,754,0.0377,37.7,0,255,3.5580555555555557,25.59023450018954,51236,200.92549019607844,0,170,255,0.54768100713522,109,109,182,0.012638888888888889,16,16,0.7109375,63.10989010989011,54.34615384615385,0.04486111111111111,0.005138888888888889,0.016041666666666666,0.011597222222222222,0.008611111111111111,1,62.7685611679288,53.75267390116324,6.530812718979756,4.232753351828126,0.7615378307714377,-138.3837419087408,0.7430784450691262,0.7430784450691262,0.011632445936450932,-3,0.016597222222222374,239,0.2351765188305684,192.1818181818182,7.997933617426463,3.7897095959595957,0.2582488148815317
RHF_MPM_P27,755,0.03775,37.75,0,255,3.64375,26.05374311652636,52470,205.76470588235293,0,181,255,0.5386799775246226,110,110,187,0.012986111111111111,16,16,0.73046875,63.096256684491976,54.29946524064171,0.043958333333333335,0.005416666666666667,0.016527777777777777,0.012291666666666666,0.009027777777777777,1,62.82687249857061,53.846826758147515,6.2290803401778465,4.274588844727341,0.72738355448264,-139.44029170181645,0.3173101763323467,0.3173101763323467,0.009624547360396416,5,0.08569444444444407,1234,0.11074733296797323,189.8181818181818,4.6283352950392205,3.717828282828282,0.16022767270766997
RHF_MPM_P27,756,0.0378,37.8,0,255,3.7206944444444443,26.256275219585806,53578,210.10980392156864,0,179,255,0.5499616818062879,108,108,194,0.013472222222222222,17,17,0.671280276816609,62.83505154639175,54.18556701030928,0.04493055555555556,0.005277777777777778,0.017083333333333332,0.012430555555555556,0.009027777777777777,1,62.63186382470417,53.82604800477808,6.338107231985471,4.2565272204688,0.7409347440496719,-139.8724169079378,0.3291219718596327,0.3291219718596327,0.008940236664302513,7,0.07694444444444448,1108,0.1961125683752451,189.45454545454547,4.09797369803078,3.6849431818181815,0.11183577536488105
RHF_MPM_P27,757,0.03785,37.85,0,255,3.712083333333333,26.092448217694237,53454,209.6235294117647,0,177,255,0.5517892737832815,107,107,193,0.013402777777777777,17,16,0.7095588235294118,62.76165803108808,54.16062176165803,0.04472222222222222,0.005138888888888889,0.016875,0.012152777777777778,0.00875,1,62.542316758334266,53.74609944999439,6.4278596317367045,4.113804242713878,0.7683782674135052,-140.33954802478462,0.39171705488381914,0.39171705488381914,0.010270512964418005,-1,-0.008611111111111125,-124,0.1200435275533697,189.45454545454547,4.09797369803078,3.6672411616161615,0.08823849160007866
RHF_MPM_P27,758,0.0379,37.9,0,255,3.733125,26.20056111487643,53757,210.81176470588235,0,184,255,0.5574322042893529,109,109,191,0.01326388888888889,17,16,0.7022058823529411,62.890052356020945,54.19895287958115,0.04541666666666667,0.005277777777777778,0.016875,0.012430555555555556,0.009027777777777777,1,62.64614840857935,53.709302974496346,6.56016829468835,4.2413544466847695,0.7628874208159179,-139.83589447377096,0.41304690012437645,0.41304690012437645,0.010900905928530238,-2,0.021041666666666625,303,0.11015894063441044,189.1818181818182,3.8804447218932805,3.6576073232323236,0.07350423656900659
RHF_MPM_P27,759,0.03795,37.95,0,255,3.7646527777777776,26.313818465599933,54211,212.5921568627451,0,184,255,0.5552264752256992,108,108,197,0.013680555555555555,18,17,0.6437908496732027,63.04060913705584,54.17766497461929,0.04527777777777778,0.005416666666666667,0.016944444444444446,0.0125,0.009166666666666667,1,62.68912213388427,53.689952223718436,6.630901693209638,4.199874235346034,0.773841699025795,-139.05220431748714,0.5746755587713,0.5746755587713,0.01066204275884968,6,0.03152777777777782,454,0.047129530257062485,189.63636363636363,4.436885215240884,3.657657828282828,0.07357754315446574
RHF_MPM_P27,760,0.038,38.0,0,255,3.7544444444444443,26.32329148665413,54064,212.01568627450982,0,187,255,0.5596924094932071,110,110,189,0.013125,17,16,0.6948529411764706,63.22222222222222,54.48148148148148,0.04569444444444445,0.005347222222222222,0.01659722222222222,0.012361111111111111,0.009166666666666667,1,62.806914027818884,53.832883249482094,6.514986187601988,4.1996666108993415,0.7645062213163131,-139.85174238280055,0.3926888990640203,0.3926888990640203,0.011985794613791062,-8,-0.010208333333333375,-147,0.18521395304499982,189.54545454545453,4.438747496630437,3.663263888888889,0.07824131352767834
RHF_MPM_P27,761,0.03805,38.05,0,255,3.702986111111111,26.186659919695884,53323,209.10980392156864,0,180,255,0.5455262713017819,109,109,191,0.01326388888888889,17,16,0.7022058823529411,63.24083769633508,54.56020942408377,0.04465277777777778,0.005347222222222222,0.01659722222222222,0.012430555555555556,0.009166666666666667,1,62.842657014796615,53.98075877201208,6.294212780663464,4.261915165258341,0.7358758594400375,-138.74056273267408,0.5219880784829832,0.5219880784829832,0.01128968737692928,2,-0.05145833333333316,-741,0.152133925478858,189.36363636363637,4.33322737738654,3.6647979797979797,0.07883740814821474
RHF_MPM_P27,762,0.0381,38.1,0,255,3.6775694444444444,26.105796976132833,52957,207.67450980392158,0,180,255,0.5485438484266052,108,108,190,0.013194444444444444,18,16,0.6597222222222222,63.05263157894737,54.71052631578947,0.04479166666666667,0.005208333333333333,0.016180555555555556,0.012083333333333333,0.009027777777777777,1,62.855146628396625,54.257756292841364,6.372041333977987,4.183082579404408,0.7543482253763962,-142.70488381173217,0.5952301894469911,0.5952301894469911,0.010329134958551277,-1,-0.025416666666666643,-366,0.2772789515874706,189.36363636363637,4.33322737738654,3.670801767676767,0.07704638619743344
RHF_MPM_P27,763,0.03815,38.15,0,255,3.9471527777777777,27.19183239205792,56839,222.89803921568628,0,198,255,0.5788651285443358,107,107,207,0.014375,19,16,0.680921052631579,63.14975845410628,54.66183574879227,0.04798611111111111,0.005902777777777778,0.017430555555555557,0.013125,0.01,1,63.19015112862647,54.3213462587308,6.580002749859322,4.37335159836019,0.7471612401448577,-146.73588193369469,-0.038947904400241054,0.038947904400241054,0.010732067770368937,17,0.2695833333333333,3882,0.3409863618036157,191.45454545454547,6.329780067465168,3.705088383838384,0.10382467467193224
RHF_MPM_P27,764,0.0382,38.2,0,255,3.760972222222222,26.41011652019619,54158,212.3843137254902,0,184,255,0.5500268790233396,108,108,199,0.013819444444444445,18,16,0.6909722222222222,62.949748743718594,54.482412060301506,0.04472222222222222,0.005277777777777778,0.016805555555555556,0.012361111111111111,0.009097222222222222,1,62.77990324605783,54.103142656671224,6.378216881462151,4.238712077000771,0.7472343122333833,-142.3177497880416,0.274420189113637,0.274420189113637,0.009029136969607445,-8,-0.18618055555555557,-2681,0.46466777067473286,192.72727272727272,6.311474530076284,3.7250441919191926,0.090725773978785
RHF_MPM_P27,765,0.03825,38.25,0,255,3.720138888888889,26.287692726247364,53570,210.07843137254903,0,181,255,0.5530482558852494,108,108,195,0.013541666666666667,17,16,0.7169117647058824,62.87179487179487,54.41538461538462,0.04541666666666667,0.005347222222222222,0.01659722222222222,0.012430555555555556,0.008958333333333334,1,62.7502893410491,54.0656524173978,6.413650537488058,4.257607845332109,0.7478787666586697,-141.40612946121476,0.48893122258388555,0.48893122258388555,0.009296247899943998,-4,-0.040833333333333055,-588,0.047775531505622346,193.9090909090909,5.333505506862774,3.7397790404040405,0.07403525614019797
RHF_MPM_P27,766,0.0383,38.3,0,255,3.844375,26.74529066071336,55359,217.09411764705882,0,191,255,0.5611282833111644,107,107,201,0.013958333333333333,17,17,0.6955017301038062,62.756218905472636,54.25373134328358,0.04597222222222222,0.005625,0.017222222222222222,0.013055555555555556,0.009375,1,62.581459202659005,53.84947343702018,6.451022525285069,4.320602501844997,0.742582435734311,-139.3552599015392,0.2678123419564092,0.2678123419564092,0.008616485124370021,6,0.12423611111111077,1789,0.2742935784627944,195.1818181818182,5.201716182152715,3.758017676767677,0.07283419677073286
RHF_MPM_P27,767,0.03835,38.35,0,255,3.8777083333333335,26.669382211180704,55839,218.9764705882353,0,190,255,0.5659927670038625,107,107,200,0.013888888888888888,17,17,0.6920415224913494,62.675,54.235,0.04597222222222222,0.005555555555555556,0.0175,0.012708333333333334,0.00951388888888889,1,62.26982933075449,53.64490768101148,6.709282391447752,4.173861069480183,0.7829358411233943,-138.31513848579502,0.4754184894188865,0.4754184894188865,0.008488690700048353,-1,0.03333333333333366,480,0.3727738263272174,195.72727272727272,5.361324617376993,3.7722916666666664,0.07922616495352751
RHF_MPM_P27,768,0.0384,38.4,0,255,3.7840277777777778,26.22657728334425,54490,213.68627450980392,0,180,255,0.5776897119064631,108,108,195,0.013541666666666667,17,17,0.6747404844290658,62.774358974358975,54.32820512820513,0.04722222222222222,0.005208333333333333,0.016944444444444446,0.012361111111111111,0.009027777777777777,1,62.330501009359516,53.61339695356946,6.890290219129452,4.189448719588423,0.7939201014647981,-138.23975979433789,0.58536775420593,0.58536775420593,0.012038906221325014,-5,-0.09368055555555577,-1349,0.06836650150970655,195.9090909090909,5.29930605155988,3.778832070707071,0.07692191111875882
RHF_MPM_P27,769,0.03845,38.45,0,255,3.783333333333333,26.35785250905105,54480,213.64705882352942,0,181,255,0.5757301254582651,108,108,196,0.01361111111111111,17,17,0.6782006920415224,62.92857142857143,54.16326530612245,0.04729166666666667,0.005277777777777778,0.017083333333333332,0.012361111111111111,0.009236111111111112,1,62.55956314243759,53.604405286343614,6.759932456885796,4.139006639255884,0.7906369749060888,-136.75181679702936,0.5179846873671303,0.5179846873671303,0.012298091042584435,1,-0.000694444444444553,-10,0.22923854582023853,196.36363636363637,5.068130859915039,3.7833964646464646,0.0755517516504838
RHF_MPM_P27,770,0.0385,38.5,0,255,3.816666666666667,26.494936623186454,54960,215.52941176470588,0,183,255,0.5806809918480491,108,108,200,0.013888888888888888,17,17,0.6920415224913494,62.775,54.105,0.04763888888888889,0.005347222222222222,0.017291666666666667,0.012569444444444444,0.009375,1,62.4973981077147,53.571142649199416,6.826222381894125,4.279141022932918,0.7791254013570079,-138.39716874506627,0.5932845933475107,0.5932845933475107,0.011299126637554585,4,0.03333333333333366,480,0.07050457128360126,196.63636363636363,5.174636171184622,3.7881250000000004,0.07585774364772759
RHF_MPM_P27,771,0.03855,38.55,0,255,3.893472222222222,26.792785858413154,56066,219.86666666666667,0,189,255,0.5803613186730552,108,108,201,0.013958333333333333,18,17,0.6568627450980392,62.72636815920398,54.02985074626866,0.04777777777777778,0.005555555555555556,0.017638888888888888,0.012847222222222222,0.00951388888888889,1,62.40662790282881,53.45954767595334,6.875240626375333,4.154655691442295,0.7967626306151373,-138.0553191774547,0.5626096609409958,0.5626096609409958,0.00923911104769379,1,0.07680555555555513,1106,0.1438494634985465,197.72727272727272,4.692177418386887,3.800763888888889,0.08062532354053352
RHF_MPM_P27,772,0.0386,38.6,0,255,3.8784722222222223,26.59800186520504,55850,219.01960784313727,0,185,255,0.5894091831547391,107,107,202,0.014027777777777778,17,18,0.6601307189542484,62.68811881188119,53.89108910891089,0.04833333333333333,0.005347222222222222,0.0175,0.012708333333333334,0.009236111111111112,1,62.34282900626678,53.3630975828111,7.044097951750496,3.985905789368985,0.8245079147022502,-137.50253739005768,0.5533744034966054,0.5533744034966054,0.008898836168307969,1,-0.01499999999999968,-216,0.11564134066015722,198.72727272727272,4.3083620403901035,3.816717171717172,0.07697897141159911
RHF_MPM_P27,773,0.03865,38.65,0,255,3.9119444444444444,26.69661904514049,56332,220.90980392156862,0,186,255,0.6042915211337743,107,107,203,0.014097222222222223,17,18,0.6633986928104575,62.65024630541872,53.847290640394085,0.049930555555555554,0.005347222222222222,0.017569444444444443,0.012777777777777779,0.009375,1,62.33749911240503,53.24288148831925,7.1202079202192605,4.309929500569058,0.7959902062507853,-136.6144007811256,0.6364225694647826,0.6364225694647826,0.011449975147340766,1,0.033472222222222126,482,0.12033418942034478,199.9090909090909,3.4497574474564137,3.8380239898989896,0.06734965775036963
RHF_MPM_P27,774,0.0387,38.7,0,255,3.82375,26.40253128318803,55062,215.9294117647059,0,181,255,0.592221355194564,108,108,195,0.013541666666666667,17,17,0.6747404844290658,62.702564102564104,54.14871794871795,0.04868055555555555,0.005416666666666667,0.017222222222222222,0.012361111111111111,0.009305555555555555,1,62.312956303802984,53.55731720605863,7.029524074758403,4.086992594998247,0.8136150960088129,-138.35728583583565,0.545435865864633,0.545435865864633,0.013838945189059605,-8,-0.08819444444444446,-1270,0.31539208938138363,198.8181818181818,2.8862741575250084,3.826805555555555,0.05784462642871753
RHF_MPM_P27,775,0.03875,38.75,0,255,3.7636805555555557,26.31223680909617,54197,212.53725490196078,0,182,255,0.5808073762232693,109,109,194,0.013472222222222222,17,17,0.671280276816609,62.845360824742265,54.149484536082475,0.04791666666666667,0.005208333333333333,0.01673611111111111,0.012291666666666666,0.009305555555555555,1,62.575308596416775,53.65330184327546,6.8996893904536565,4.134187921516535,0.8006108693143165,-139.07983389135825,0.7275548056135629,0.7275548056135629,0.010849309002343302,-1,-0.06006944444444429,-865,0.2793595819394041,198.36363636363637,3.1986567428653054,3.827051767676767,0.05756899409813648
RHF_MPM_P27,776,0.0388,38.8,0,255,3.8497916666666665,26.645950415920765,55437,217.4,0,186,255,0.5836308994618282,109,109,197,0.013680555555555555,17,18,0.6437908496732027,62.776649746192895,53.85279187817259,0.04805555555555555,0.005347222222222222,0.017291666666666667,0.012708333333333334,0.009375,1,62.601782203221674,53.481303100817144,6.90902170107575,4.167378632357518,0.7976056507626488,-138.60621677732703,0.5786795301930965,0.5786795301930965,0.00909140104984036,3,0.0861111111111108,1240,0.17402419160709168,198.54545454545453,3.0559520570857477,3.8388383838383833,0.04672419241540453
RHF_MPM_P27,777,0.03885,38.85,0,255,3.885902777777778,26.7239638847378,55957,219.4392156862745,0,185,255,0.5846563533318604,107,107,202,0.014027777777777778,17,18,0.6601307189542484,62.82673267326733,53.84653465346535,0.04826388888888889,0.005486111111111111,0.017291666666666667,0.012638888888888889,0.009444444444444445,1,62.53258752256197,53.33627606912451,6.902887059392455,4.155291235883459,0.7985230372160381,-137.05529001612277,0.6299556784947576,0.6299556784947576,0.00941794592276212,5,0.03611111111111143,520,0.1606883435510343,198.63636363636363,3.1413004623947267,3.842613636363636,0.048656754119618305
RHF_MPM_P27,778,0.0389,38.9,0,255,3.9298611111111112,26.934056765916246,56590,221.92156862745097,0,196,255,0.590379143175966,110,110,198,0.01375,16,18,0.6875,62.96969696969697,53.89393939393939,0.04875,0.005555555555555556,0.017430555555555557,0.012916666666666667,0.00986111111111111,1,62.62397950167874,53.234352359074045,6.804456233512892,4.352893533445993,0.7686145498704098,-135.65732809666335,0.7168649775727984,0.7168649775727984,0.011327089591800671,-4,0.04395833333333332,633,0.13689754021651168,198.45454545454547,3.114880308911239,3.8473547979797975,0.05408368623318623
RHF_MPM_P27,779,0.03895,38.95,0,255,3.8730555555555557,26.733857987312685,55772,218.71372549019608,0,188,255,0.5750416050874397,108,108,200,0.013888888888888888,17,17,0.6920415224913494,62.755,54.025,0.04722222222222222,0.005486111111111111,0.017361111111111112,0.012569444444444444,0.009305555555555555,1,62.496037438141,53.42863802624973,6.733345443866852,4.216572720295681,0.7796443574605683,-136.94051536198364,0.48996448111161695,0.48996448111161695,0.009664347701355519,2,-0.056805555555555554,-818,0.2326286570743065,198.9090909090909,2.937362622073366,3.855448232323232,0.05054716362906807
RHF_MPM_P27,780,0.039,39.0,0,255,3.901736111111111,26.787123716179718,56185,220.33333333333334,0,189,255,0.5827725412020155,104,104,206,0.014305555555555556,18,17,0.673202614379085,62.432038834951456,54.02427184466019,0.04777777777777778,0.005555555555555556,0.017708333333333333,0.012638888888888889,0.009583333333333333,1,62.24034884755718,53.53546320192222,6.8603854896587055,4.049711401684512,0.8071811828615341,-139.01577973688683,0.37049392977674955,0.37049392977674955,0.009557711132864643,6,0.028680555555555376,413,0.27710697124431977,199.8181818181818,3.4063625445809445,3.8662121212121208,0.046488227231695975
RHF_MPM_P27,781,0.03905,39.05,0,255,3.867847222222222,26.61214675834646,55697,218.41960784313724,0,180,255,0.5861204865632287,109,109,196,0.01361111111111111,18,17,0.6405228758169934,62.5969387755102,53.94387755102041,0.048125,0.005277777777777778,0.017430555555555557,0.012569444444444444,0.009444444444444445,1,62.30735946280769,53.4149595130797,6.99137154428661,4.178976452335799,0.8016949255865885,-139.77355048793828,0.5847624907229696,0.5847624907229696,0.009731224302924753,-10,-0.03388888888888886,-488,0.1378824194047463,199.45454545454547,3.5767846496192734,3.870864898989899,0.04377888420050981
RHF_MPM_P27,782,0.0391,39.1,0,255,3.8852083333333334,26.688953251318075,55947,219.4,0,184,255,0.5870374188696827,110,110,195,0.013541666666666667,17,17,0.6747404844290658,62.717948717948715,54.06666666666667,0.04833333333333333,0.005347222222222222,0.017430555555555557,0.012708333333333334,0.009444444444444445,1,62.30605751872308,53.358106779630724,7.06729030631496,4.1861196243111864,0.8057004972814406,-138.61826572699977,0.6253423915872072,0.6253423915872072,0.0106171912703094,-1,0.01736111111111116,250,0.05686763894360222,198.9090909090909,3.752684989190962,3.8701136363636364,0.043454189477302105
RHF_MPM_P27,783,0.03915,39.15,0,255,3.870277777777778,26.589024572191764,55732,218.55686274509804,0,182,255,0.5845762427902944,110,110,193,0.013402777777777777,18,16,0.6701388888888888,62.61139896373057,53.81347150259067,0.048125,0.005277777777777778,0.017430555555555557,0.012708333333333334,0.009444444444444445,1,62.26534127610709,53.32769324624991,7.0365844872959675,4.111144500367618,0.81157169369632,-139.17799982638854,0.43431598415666134,0.43431598415666134,0.010963180937342998,-2,-0.014930555555555447,-215,0.05082121038966321,198.0909090909091,3.964720452246641,3.869368686868687,0.0433746773129419
RHF_MPM_P27,784,0.0392,39.2,0,255,3.8763194444444444,26.662388621597024,55819,218.89803921568628,0,183,255,0.5757125723420005,109,109,198,0.01375,18,17,0.6470588235294118,62.75757575757576,53.984848484848484,0.04708333333333333,0.005277777777777778,0.017361111111111112,0.012708333333333334,0.009305555555555555,1,62.32700335011376,53.436643436822585,6.911959393703694,3.887478380305025,0.8268463742987874,-138.24989781349726,0.49000096370586815,0.49000096370586815,0.010462387359142945,5,0.006041666666666501,87,0.12518927828143928,197.63636363636363,3.649974527251769,3.8661300505050504,0.04135789517821337
RHF_MPM_P27,785,0.03925,39.25,0,255,3.876875,26.679477000349024,55827,218.9294117647059,0,187,255,0.5893377630637708,110,110,196,0.01361111111111111,17,17,0.6782006920415224,62.77040816326531,53.765306122448976,0.04847222222222222,0.005277777777777778,0.017361111111111112,0.012777777777777779,0.009375,1,62.431905708707255,53.331291310656134,6.95598141356607,4.263266677394431,0.7901665421142298,-138.51830850857027,0.485739134613215,0.485739134613215,0.010926612570978201,-2,0.0005555555555556424,8,0.14867271211042543,197.72727272727272,3.5952218060518524,3.870959595959597,0.03917100746709413
RHF_MPM_P27,786,0.0393,39.3,0,255,3.937986111111111,27.002211356969894,56707,222.38039215686274,0,197,255,0.5824232134544048,106,106,209,0.014513888888888889,18,17,0.6830065359477124,63.03349282296651,54.23444976076555,0.048125,0.005763888888888889,0.017361111111111112,0.012777777777777779,0.00986111111111111,1,62.69684518666126,53.646816089724375,6.7801294375319845,4.255693419421116,0.7784783864825421,-138.77615693316164,0.4238123165792245,0.4238123165792245,0.011092105031124904,13,0.061111111111110894,880,0.41200584120204076,199.0909090909091,4.62118728259594,3.8868055555555547,0.02540538332093223
RHF_MPM_P27,787,0.03935,39.35,0,255,3.9191666666666665,27.252153215133504,56436,221.31764705882352,0,203,255,0.5434711284258973,108,108,205,0.01423611111111111,18,16,0.7118055555555556,63.21951219512195,54.390243902439025,0.04465277777777778,0.006111111111111111,0.017777777777777778,0.013125,0.010277777777777778,1,62.92774115812602,53.911634417747536,6.344518049641774,3.8172014183097494,0.7987572094239189,-141.88772232754985,0.1919311975461023,0.1919311975461023,0.010950457155007443,-4,-0.0188194444444445,-271,0.3513427051977004,199.8181818181818,4.858323351231777,3.893112373737374,0.02400652666714071
RHF_MPM_P27,788,0.0394,39.4,0,12,0.021388888888888888,0.36831186044330677,308,25.666666666666668,0,0,7,0.061662162014424586,3,8,12,0.0008333333333333334,32,107,0.0035046728971962616,96.25,62.0,0.005,0.0,0.0,0.0,0.0,0,89.35064935064935,62.46103896103896,33.1986351583592,21.853010611135726,0.7527991630462595,98.85205040104275,-0.15572402310114214,0.15572402310114214,0.0,-193,-3.897777777777778,-56128,27.77161132155224,182.54545454545453,54.145198118936115,3.541792929292929,1.113505983937464
RHF_MPM_P27,789,0.03945,39.45,0,255,3.401736111111111,22.83032668251514,48985,192.09803921568627,10,106,255,0.7714120550410959,107,107,143,0.009930555555555555,15,13,0.7333333333333333,67.11888111888112,57.20979020979021,0.06743055555555555,0.003472222222222222,0.01423611111111111,0.008888888888888889,0.006597222222222222,1,70.0952944779014,58.32358885373073,8.431052144239722,5.814561176697173,0.7241331350644106,-151.43691966552973,-0.6582868718571834,0.6582868718571834,0.030417474737164437,131,3.3803472222222224,48677,19.694851729980677,177.54545454545453,55.019605821864886,3.493781565656566,1.1071057408670684
RHF_MPM_P27,790,0.0395,39.5,0,255,5.074791666666667,25.691184784883735,73077,286.5764705882353,27,145,255,1.1691224323182032,108,108,175,0.012152777777777778,17,18,0.5718954248366013,68.51428571428572,59.24,0.108125,0.004861111111111111,0.018055555555555554,0.010902777777777779,0.007847222222222222,1,77.93916006404204,65.02030734704489,17.68328171097169,5.214120953559051,0.9555399675968501,-147.33949847366674,-0.9431288305598325,0.9431288305598325,0.015668404559574148,32,1.673055555555556,24092,10.313693126719315,175.27272727272728,54.55954363493973,3.603030303030303,1.1949503741447625
RHF_MPM_P27,791,0.03955,39.55,0,255,5.5680555555555555,28.525105055746213,80180,314.4313725490196,23,197,255,1.0953217047704806,107,107,215,0.014930555555555556,29,28,0.2647783251231527,69.97209302325581,60.76744186046512,0.09798611111111111,0.00625,0.02701388888888889,0.012847222222222222,0.00986111111111111,1,76.57985781990521,66.62191319531055,17.798475177677343,4.463873510608291,0.9680386928664099,-136.2893271832879,-1.1331101573842552,1.1331101573842552,0.020266899476178598,40,0.4932638888888885,7103,2.1006770061373525,176.0909090909091,55.07920667787856,3.754513888888889,1.322073076030292
RHF_MPM_P27,792,0.0396,39.6,0,255,5.876666666666667,30.277119340445115,84624,331.8588235294118,26,239,255,1.0605005546380197,111,111,242,0.016805555555555556,21,20,0.5761904761904761,70.0495867768595,60.87190082644628,0.09430555555555556,0.0077083333333333335,0.02340277777777778,0.015694444444444445,0.012013888888888888,1,76.61268670826243,66.40921015314804,18.91579893687962,3.99456090752424,0.9774480744793232,-138.02900026801032,-1.4619726704985871,1.4619726704985871,0.012797787861599547,27,0.3086111111111114,4444,0.21522156038826543,180.27272727272728,58.09567486497192,3.937133838383838,1.4569734153780678
RHF_MPM_P27,793,0.03965,39.65,0,255,5.616944444444444,30.914969703602996,80884,317.1921568627451,17,242,255,0.8769297173881092,106,106,272,0.01888888888888889,23,21,0.5631469979296067,70.73161764705883,61.3125,0.07555555555555556,0.00798611111111111,0.024930555555555556,0.016944444444444446,0.012708333333333334,1,73.08510953958756,63.155630285346916,12.225303063005626,4.252361594507016,0.9375565753094081,-138.09800792052295,-1.7401050210502425,1.7401050210502425,0.015911675980416397,30,-0.25972222222222285,-3740,4.798914735345582,187.27272727272728,63.806655265719314,4.094564393939394,1.5343617595366918
RHF_MPM_P27,794,0.0397,39.7,0,255,5.803680555555555,31.534491703673712,83573,327.7372549019608,19,245,255,0.9068454172607843,107,107,286,0.01986111111111111,22,22,0.5909090909090909,70.95104895104895,61.62937062937063,0.07847222222222222,0.008194444444444445,0.025277777777777777,0.017916666666666668,0.012916666666666667,1,72.8858841970493,63.00746652627045,10.887381519269052,4.487827608104931,0.9110913531394712,-137.34294248906872,-1.086786994862177,1.086786994862177,0.022232060593732426,14,0.1867361111111112,2689,0.2482805602804226,195.72727272727272,69.87793371182859,4.270328282828283,1.607592137246696
RHF_MPM_P27,795,0.03975,39.75,0,255,5.987638888888889,32.14994794332469,86222,338.12549019607843,20,248,255,0.9312336058190114,108,108,294,0.020416666666666666,23,21,0.6086956521739131,71.0952380952381,61.6530612244898,0.08125,0.008541666666666666,0.02638888888888889,0.01861111111111111,0.013680555555555555,1,72.95863004801559,62.97378859223864,10.704252803355029,4.456073240012979,0.9092319001803788,-138.1322651613996,-1.154285029296136,1.154285029296136,0.023068358423604184,8,0.1839583333333339,2649,0.08016334619676145,204.45454545454547,75.39395157361297,4.462266414141414,1.673769488889275
RHF_MPM_P27,796,0.0398,39.8,0,255,5.813055555555556,31.42395223387589,83708,328.26666666666665,19,244,255,0.9286494699079033,109,109,274,0.01902777777777778,22,21,0.5930735930735931,70.4051094890511,61.27007299270073,0.0811111111111111,0.008194444444444445,0.025416666666666667,0.017777777777777778,0.013125,1,72.6939957949061,62.98765948296459,10.888494671724175,4.4063877585471,0.9144570731812768,-137.1065130842896,-1.1125820306619139,1.1125820306619139,0.018218091460792278,-20,-0.17458333333333353,-2514,0.2649975274004451,211.54545454545453,77.89195738196202,4.638282828282828,1.7044779515253332
RHF_MPM_P27,797,0.03985,39.85,0,255,5.951805555555556,31.913866884439862,85706,336.10196078431375,20,248,255,0.9466873699501555,110,110,279,0.019375,22,20,0.634090909090909,70.53405017921148,61.229390681003586,0.08256944444444445,0.008333333333333333,0.025486111111111112,0.017847222222222223,0.013472222222222222,1,72.84205306512963,63.08427648005974,11.081277967760201,4.520654186453313,0.9130023815689732,-136.89025904623136,-1.0643324005479085,1.0643324005479085,0.01885515599841318,5,0.13874999999999993,1998,0.17679309769821053,217.9090909090909,80.24785983603839,4.821357323232323,1.7274243423733846
RHF_MPM_P27,798,0.0399,39.9,0,255,5.960416666666666,32.014577232597404,85830,336.5882352941176,20,250,255,0.9650137925707454,111,111,278,0.019305555555555555,22,20,0.6318181818181818,70.49640287769785,61.194244604316545,0.08534722222222223,0.008680555555555556,0.024583333333333332,0.017916666666666668,0.014027777777777778,1,72.9420249330071,63.13204007922638,11.482169232154163,4.476436237900605,0.9208742225724108,-137.02505518323304,-1.2154416580777332,1.2154416580777332,0.02317371548409647,-1,0.00861111111111068,124,0.11079591947477871,224.54545454545453,81.90722427496706,5.006925505050505,1.7301776209605464
RHF_MPM_P27,799,0.03995,39.95,0,255,5.903680555555556,31.874455774145467,85013,333.3843137254902,20,250,255,0.9708833177784068,111,111,273,0.018958333333333334,22,20,0.6204545454545455,70.53846153846153,61.120879120879124,0.08638888888888889,0.008333333333333333,0.024166666666666666,0.017916666666666668,0.014097222222222223,1,73.151200404644,63.20189853316552,11.843111059278108,4.404239648456495,0.9282800166358318,-137.51647642414756,-1.3657819435882652,1.3657819435882652,0.02677237598955454,-5,-0.05673611111111043,-817,0.22053249538624736,248.27272727272728,47.45924741595948,5.541679292929293,0.7218459367331618
RHF_MPM_P27,800,0.04,40.0,0,255,5.937569444444445,31.67710450227349,85501,335.2980392156863,21,248,255,1.010755271453427,111,111,271,0.018819444444444444,22,20,0.615909090909091,70.4059040590406,60.96678966789668,0.09048611111111111,0.008402777777777778,0.024444444444444446,0.017569444444444443,0.013541666666666667,1,73.39902457281201,63.37044011181156,12.455789769147932,4.432682960475237,0.9345342139988003,-137.82319873950718,-1.3458957990434492,1.3458957990434492,0.026467526695594202,-2,0.03388888888888886,488,0.29970499171796533,259.90909090909093,34.006562322465584,5.772209595959596,0.2566325431161381
RHF_MPM_P27,801,0.04005,40.05,0,255,6.026041666666667,31.814952409701913,86775,340.29411764705884,20,248,255,1.0284981458056988,108,108,283,0.01965277777777778,23,22,0.5592885375494071,70.7243816254417,61.30035335689046,0.09229166666666666,0.008263888888888888,0.025416666666666667,0.018125,0.01361111111111111,1,73.62872947277441,63.65525785076347,12.8024864123931,4.331921224987655,0.941014722868227,-137.86537819234428,-1.354727523147449,1.354727523147449,0.025214635551714205,12,0.08847222222222229,1274,0.36590365601946806,269.72727272727275,21.286320443339402,5.858686868686868,0.14149858026502848
RHF_MPM_P27,802,0.0401,40.1,0,255,5.915416666666666,31.535107175156565,85182,334.0470588235294,20,248,255,1.0217772434526227,110,110,274,0.01902777777777778,22,21,0.5930735930735931,70.38321167883211,60.886861313868614,0.091875,0.008333333333333333,0.024791666666666667,0.017569444444444443,0.01326388888888889,1,73.56052921978822,63.547063933694915,13.081189939792141,4.321847791117119,0.9438457498228585,-138.0928389834946,-1.46791175145444,1.46791175145444,0.026355333286375057,-9,-0.11062500000000064,-1593,0.12789526260975118,275.09090909090907,12.398346997259868,5.890265151515152,0.1078816577144477
RHF_MPM_P27,803,0.04015,40.15,0,255,5.938958333333333,31.680785607252673,85521,335.3764705882353,19,248,255,1.024535718466014,108,108,280,0.019444444444444445,23,21,0.5797101449275363,70.53214285714286,61.025,0.09229166666666666,0.008402777777777778,0.024583333333333332,0.017847222222222223,0.013472222222222222,1,73.63191496825341,63.569439085136985,13.180328114768644,4.307532415277893,0.9450882408937349,-137.96799778376237,-1.6127020166323685,1.6127020166323685,0.02594684346534769,6,0.023541666666666572,339,0.07481024318895697,278.54545454545456,6.665564647208495,5.895928030303031,0.10865137316245835
RHF_MPM_P27,804,0.0402,40.2,0,255,5.7342361111111115,31.09895264581227,82573,323.8156862745098,19,244,255,1.0005118666537784,110,110,267,0.018541666666666668,22,21,0.577922077922078,70.25093632958801,60.71910112359551,0.08986111111111111,0.008263888888888888,0.02388888888888889,0.017013888888888887,0.013055555555555556,1,73.42578082424036,63.37817446380778,13.183412981762142,4.304795937462866,0.9451864163925621,-137.78670159893312,-1.6008586920991554,1.6008586920991554,0.026715754544463687,-13,-0.20472222222222136,-2948,0.2812000012450144,278.09090909090907,7.241980460601612,5.906590909090909,0.08362149490951441
RHF_MPM_P27,805,0.04025,40.25,0,255,5.5709027777777775,30.751729409660722,80221,314.59215686274507,18,243,255,0.9667664108077093,110,110,261,0.018125,21,20,0.6214285714285714,70.03448275862068,60.56704980842912,0.08673611111111111,0.00798611111111111,0.023541666666666666,0.01659722222222222,0.012708333333333334,1,73.12401989503995,63.13668490794181,12.810032232105081,4.252260915801,0.9432977871094814,-137.8891035226758,-1.6494357100177488,1.6494357100177488,0.027174929257924984,-6,-0.163333333333334,-2352,0.38649303225833037,275.8181818181818,8.255226243451995,5.8854292929292935,0.12580219870002446
RHF_MPM_P27,806,0.0403,40.3,0,255,5.387361111111111,30.23424899812644,77578,304.2274509803922,17,240,255,0.9423774784491642,109,109,255,0.017708333333333333,21,20,0.6071428571428571,69.95686274509804,60.47843137254902,0.08416666666666667,0.0077083333333333335,0.022569444444444444,0.015902777777777776,0.012361111111111111,1,72.90034545876408,62.918868751450155,12.564085923413685,4.2355090174535635,0.9414644111096705,-137.8608353200509,-1.730219887028579,1.730219887028579,0.027688262136172627,-6,-0.18354166666666671,-2643,0.3122084743759003,272.27272727272725,8.057643565876488,5.830858585858585,0.1856084967286702
RHF_MPM_P27,807,0.04035,40.35,0,255,5.392013888888889,30.4049704470946,77645,304.4901960784314,17,243,255,0.9248305470274957,109,109,255,0.017708333333333333,21,20,0.6071428571428571,69.85490196078432,60.509803921568626,0.08222222222222222,0.007847222222222222,0.02277777777777778,0.01597222222222222,0.0125,1,72.68598106767982,62.75118809968446,12.228513093683741,4.171776429077756,0.9400083015237997,-138.05267405624298,-1.7460808849109466,1.7460808849109466,0.026904501255715113,0,0.004652777777778283,67,0.27215600882856333,270.54545454545456,9.423024378072682,5.792582070707071,0.22464261861363727
RHF_MPM_P27,808,0.0404,40.4,0,255,5.405277777777778,30.55877624314159,77836,305.2392156862745,17,244,255,0.9184410443954942,110,110,252,0.0175,20,20,0.63,69.71031746031746,60.29365079365079,0.08201388888888889,0.008333333333333333,0.02236111111111111,0.016180555555555556,0.012708333333333334,1,72.52053034585539,62.60260033917468,11.99566265063787,4.126529927588157,0.9389689769087176,-138.3147337453642,-1.6860808947600898,1.6860808947600898,0.0270568888432088,-3,0.013263888888888964,191,0.2223786498869374,268.09090909090907,10.370013986617598,5.7428977272727275,0.24357302255085583
RHF_MPM_P27,809,0.04045,40.45,0,255,5.388402777777777,30.532847366110722,77593,304.28627450980395,16,244,255,0.9262539080705687,108,108,256,0.017777777777777778,21,19,0.6416040100250626,69.7734375,60.28125,0.08326388888888889,0.008402777777777778,0.022430555555555554,0.016180555555555556,0.012708333333333334,1,72.44979572899618,62.47705334244068,11.862672374690613,4.323866165939663,0.9312059589939872,-138.11745234767872,-1.7258600381941218,1.7258600381941218,0.028211307721057313,4,-0.01687500000000064,-243,0.14410216657339087,266.09090909090907,10.38753225969869,5.690896464646465,0.25248091308967185
RHF_MPM_P27,810,0.0405,40.5,0,255,5.356388888888889,30.683062886077522,77132,302.47843137254904,16,247,255,0.9000780623842427,110,110,255,0.017708333333333333,20,19,0.6710526315789473,69.76862745098039,60.23529411764706,0.08083333333333333,0.008263888888888888,0.022083333333333333,0.01638888888888889,0.012777777777777779,1,72.22001244619614,62.15894829642691,11.381927966656509,4.260281106909882,0.9273067641701874,-138.40727312720955,-1.7777915438650167,1.7777915438650167,0.028911476430016077,-1,-0.032013888888888786,-461,0.39241709615381354,264.45454545454544,10.586128456734281,5.641142676767677,0.25947519440463934
RHF_MPM_P27,811,0.04055,40.55,0,255,5.413055555555555,30.880674406085944,77948,305.678431372549,15,247,255,0.8921566671733003,110,110,263,0.01826388888888889,21,19,0.6591478696741855,70.0,60.30798479087453,0.07965277777777778,0.008263888888888888,0.022916666666666665,0.016666666666666666,0.013055555555555556,1,72.01897418792015,61.92405193205727,10.677878637342388,4.388882606170394,0.9116237540538753,-139.1202483788235,-1.572633732723932,1.572633732723932,0.027313080515215273,8,0.05666666666666664,816,0.3091806644742139,263.72727272727275,10.384349317304464,5.593459595959596,0.24858611270786227
RHF_MPM_P27,812,0.0406,40.6,0,255,5.492013888888889,30.992722131347517,79085,310.1372549019608,15,246,255,0.9067395980705146,109,109,267,0.018541666666666668,21,20,0.6357142857142857,69.99625468164794,60.41947565543071,0.080625,0.008263888888888888,0.023680555555555555,0.016944444444444446,0.013125,1,72.02689511285325,62.00672693936903,10.536787685579988,4.439674537924103,0.906898149600938,-138.70692693721168,-1.4154172167611085,1.4154172167611085,0.025820319908958715,4,0.07895833333333346,1137,0.08305358442473168,262.27272727272725,8.539649866049002,5.544911616161616,0.20823579806686998
RHF_MPM_P27,813,0.04065,40.65,0,255,5.523263888888889,31.066309241726557,79535,311.9019607843137,16,248,255,0.9107979994638546,110,110,267,0.018541666666666668,21,20,0.6357142857142857,69.94756554307116,60.43445692883895,0.08083333333333333,0.008263888888888888,0.02361111111111111,0.017152777777777777,0.013125,1,72.06456277110706,62.03775696234362,10.444875623892402,4.505230945548284,0.9021922749012924,-138.52027341874876,-1.3491852204567865,1.3491852204567865,0.02481926196014333,0,0.03125,450,0.0488028155348583,261.6363636363636,7.87715600815799,5.509261363636364,0.17220440012646607
RHF_MPM_P27,814,0.0407,40.7,0,255,5.510972222222223,30.997493476611332,79358,311.2078431372549,16,246,255,0.8964031361378328,110,110,266,0.018472222222222223,21,20,0.6333333333333333,69.95864661654136,60.3984962406015,0.079375,0.008402777777777778,0.023819444444444445,0.016944444444444446,0.01326388888888889,1,72.12187807152398,62.1143047959878,10.580090329865367,4.366799571577069,0.9108500381827116,-138.9389048577654,-1.2999838282387528,1.2999838282387528,0.02415635474684342,-1,-0.012291666666666146,-177,0.09562747773259586,260.3636363636364,5.612854196521139,5.470353535353536,0.1065616939548816
RHF_MPM_P27,815,0.04075,40.75,0,255,5.51,30.94174472563994,79344,311.15294117647056,16,243,255,0.9101365208658742,109,109,266,0.018472222222222223,21,20,0.6333333333333333,69.95864661654136,60.42481203007519,0.08076388888888889,0.008263888888888888,0.023541666666666666,0.016944444444444446,0.013055555555555556,1,72.14239261947974,62.11252268602541,10.752069022699287,4.493682364301794,0.9084762303110849,-138.5794078328838,-1.181673453176432,1.181673453176432,0.025509175236942933,0,-0.0009722222222228183,-14,0.02059180889934296,260.27272727272725,5.51182050589968,5.449968434343433,0.06893745083194192
RHF_MPM_P27,816,0.0408,40.8,0,255,5.509513888888889,30.944850918606914,79337,311.12549019607843,16,245,255,0.9140514060788398,109,109,265,0.01840277777777778,21,20,0.6309523809523809,70.00377358490566,60.49433962264151,0.08090277777777778,0.008263888888888888,0.02361111111111111,0.017013888888888887,0.013125,1,72.24878682077718,62.231934658482174,10.919779096551805,4.440107670372746,0.913601168236077,-138.4245904478876,-1.2442847171135039,1.2442847171135039,0.02543579918575192,-1,-0.00048611111111096506,-7,0.1599341903275768,260.6363636363636,5.677270907634908,5.444387626262626,0.06094262542246874
RHF_MPM_P27,817,0.04085,40.85,0,255,5.448194444444445,30.61189782432046,78454,307.66274509803924,16,242,255,0.9185589718978002,108,108,261,0.018125,21,20,0.6214285714285714,69.91570881226053,60.40229885057471,0.08159722222222222,0.008055555555555555,0.02361111111111111,0.01638888888888889,0.012569444444444444,1,72.401063043312,62.36557728095445,11.266486614710638,4.371313982885999,0.921662467813098,-137.81687094138815,-1.2986419707907952,1.2986419707907952,0.025224972595406226,-4,-0.06131944444444404,-883,0.2026040436189303,261.1818181818182,5.3905334837722165,5.449917929292929,0.05821596250473772
RHF_MPM_P27,818,0.0409,40.9,0,255,5.2411111111111115,30.07485437092088,75472,295.96862745098036,16,237,255,0.8889898994416399,109,109,250,0.017361111111111112,21,19,0.6265664160401002,69.708,60.064,0.07854166666666666,0.007569444444444445,0.02201388888888889,0.015902777777777776,0.012291666666666666,1,72.22030686877252,62.09268337926648,11.227798918046098,4.279910615630575,0.9244972353536314,-138.25215622192758,-1.4653415036939839,1.4653415036939839,0.026884142463430145,-11,-0.20708333333333329,-2982,0.3273283920050756,260.72727272727275,6.061666573879873,5.436199494949495,0.08282365756056057
RHF_MPM_P27,819,0.04095,40.95,0,255,5.146388888888889,29.833246522478706,74108,290.61960784313726,16,236,255,0.8861423118556513,109,109,248,0.017222222222222222,20,19,0.6526315789473685,69.55645161290323,59.94758064516129,0.07881944444444444,0.007569444444444445,0.021597222222222223,0.015625,0.012083333333333333,1,72.08772332271819,61.970731904787606,11.36122794493199,4.317071735900094,0.9249935330884325,-138.24823015024495,-1.509495063297366,1.509495063297366,0.02853942894154477,-2,-0.09472222222222282,-1364,0.1801403863988139,260.3636363636364,6.664324657495001,5.412664141414141,0.11770468980955238
RHF_MPM_P27,820,0.041,41.0,0,255,5.104652777777778,29.7472329341831,73507,288.2627450980392,15,235,255,0.8819962150365961,110,110,244,0.016944444444444446,20,19,0.6421052631578947,69.47131147540983,59.91803278688525,0.078125,0.007291666666666667,0.021388888888888888,0.015416666666666667,0.011944444444444445,1,72.04443114261227,61.96027589209191,11.263175475637476,4.302857499572059,0.924150415231256,-138.12099115067866,-1.6261965451345233,1.6261965451345233,0.028119770906172202,-4,-0.04173611111111075,-601,0.0445369628490338,259.27272727272725,8.113859176976247,5.386868686868687,0.14751309962513218
RHF_MPM_P27,821,0.04105,41.05,0,255,5.059097222222222,29.72973949257046,72851,285.69019607843137,14,236,255,0.8585626074303395,109,109,243,0.016875,20,18,0.675,69.440329218107,59.78600823045267,0.07604166666666666,0.0075,0.021319444444444443,0.015416666666666667,0.012013888888888888,1,71.87407173546005,61.74200765946933,10.944232515339666,4.394852014919347,0.9158292717315849,-138.37767758876865,-1.7396509092436554,1.7396509092436554,0.028565153532552744,-1,-0.04555555555555557,-656,0.27688147098973426,258.1818181818182,9.330479689687419,5.359842171717172,0.17524829590383242
RHF_MPM_P27,822,0.0411,41.1,0,255,5.052152777777778,29.80252579860738,72751,285.2980392156863,14,232,255,0.8514420671888244,108,108,246,0.017083333333333332,21,18,0.6507936507936508,69.53252032520325,59.82113821138211,0.07541666666666667,0.007569444444444445,0.021319444444444443,0.015694444444444445,0.012152777777777778,1,71.68176382455223,61.53949773886269,10.640481873274535,4.271530575356591,0.9158846840164894,-139.14916507649386,-1.5451760943238202,1.5451760943238202,0.027491031051119573,3,-0.006944444444444642,-100,0.2792715534060611,256.6363636363636,9.800489109062848,5.327032828282828,0.19489664699991638
RHF_MPM_P27,823,0.04115,41.15,0,255,4.973541666666667,29.60836138399905,71619,280.8588235294118,14,234,255,0.8415360808710041,110,110,241,0.01673611111111111,20,18,0.6694444444444444,69.37759336099585,59.76348547717842,0.074375,0.007638888888888889,0.021111111111111112,0.015277777777777777,0.012013888888888888,1,71.50469847386867,61.3861824376213,10.48505636753929,4.355334797990603,0.9096457160964864,-138.74872356122978,-1.5021786028876891,1.5021786028876891,0.028009327133861128,-5,-0.07861111111111097,-1132,0.23421724959411477,254.27272727272728,10.145226455565727,5.27989898989899,0.211301464561293
RHF_MPM_P27,824,0.0412,41.2,0,255,5.026666666666666,29.825180170825828,72384,283.8588235294118,14,236,255,0.8350504822401055,110,110,245,0.017013888888888887,21,18,0.6481481481481481,69.55102040816327,59.82857142857143,0.07381944444444444,0.0077083333333333335,0.021736111111111112,0.01597222222222222,0.012083333333333333,1,71.51389809902741,61.332476790450926,10.152819219254647,4.330444252476822,0.904475167796757,-139.22610258685282,-1.5470551984442154,1.5470551984442154,0.027616600353669318,4,0.053124999999999645,765,0.054487885268655674,252.27272727272728,9.592524637738483,5.2347537878787875,0.20749864221518613
RHF_MPM_P27,825,0.04125,41.25,0,255,5.063541666666667,30.006477147274893,72915,285.94117647058823,14,238,255,0.8269631298595241,110,110,247,0.017152777777777777,21,19,0.6190476190476191,69.59919028340082,59.91497975708502,0.07270833333333333,0.0077083333333333335,0.021875,0.01611111111111111,0.012083333333333333,1,71.3995474182267,61.228060069944455,9.860291350742466,4.415543455436882,0.8941284157679453,-139.1801964067759,-1.2981281061333971,1.2981281061333971,0.025509154494959885,2,0.03687500000000021,531,0.1548513148827376,250.54545454545453,8.62726793754058,5.194078282828283,0.19269147617350513
RHF_MPM_P27,826,0.0413,41.3,0,255,5.124027777777778,30.21855170438086,73786,289.35686274509806,14,238,255,0.816287179827113,107,107,253,0.017569444444444443,21,19,0.6340852130325815,69.72332015810277,60.11462450592885,0.07125,0.007916666666666667,0.022222222222222223,0.016180555555555556,0.012222222222222223,1,71.37049033692028,61.30233377605508,9.593820617721523,4.388636756797464,0.8892383730191483,-138.68614500777252,-1.2628691598946424,1.2628691598946424,0.02387986880980132,6,0.06048611111111146,871,0.07975523426995375,249.36363636363637,7.201928116486676,5.158989898989899,0.1651411119128637
RHF_MPM_P27,827,0.04135,41.35,0,255,5.152430555555555,30.22362763970452,74195,290.96078431372547,14,240,255,0.8230418840274432,108,108,251,0.017430555555555557,21,19,0.6290726817042607,69.70916334661355,60.02788844621514,0.07180555555555555,0.00798611111111111,0.022291666666666668,0.016319444444444445,0.012222222222222223,1,71.48534267807804,61.388260664465264,9.832318988294917,4.296543468912205,0.899470396203244,-139.2174740062005,-1.1653224227639158,1.1653224227639158,0.023680841027023385,-2,0.02840277777777711,409,0.14343810658703718,248.0909090909091,5.3164332789867075,5.126527777777778,0.1226864926713889
RHF_MPM_P27,828,0.0414,41.4,0,255,5.199305555555555,30.25833447289032,74870,293.6078431372549,15,240,255,0.8393056434267887,110,110,252,0.0175,21,19,0.631578947368421,69.76587301587301,60.051587301587304,0.07361111111111111,0.008055555555555555,0.022708333333333334,0.016319444444444445,0.012222222222222223,1,71.67364765593696,61.508040603713106,10.00018777925333,4.359673169105196,0.8999664641149068,-139.04066465317635,-1.3852374048406628,1.3852374048406628,0.02553759850407373,1,0.046875,675,0.22317257567332247,247.27272727272728,3.71950409917796,5.103901515151514,0.07493479920640254
RHF_MPM_P27,829,0.04145,41.45,0,255,5.153472222222222,30.165341621899383,74210,291.01960784313724,14,239,255,0.8328852734830716,111,111,247,0.017152777777777777,21,19,0.6190476190476191,69.5748987854251,59.91093117408907,0.07298611111111111,0.007916666666666667,0.02236111111111111,0.016180555555555556,0.012152777777777778,1,71.55705430534968,61.41987602748956,9.995310399211503,4.236407178313167,0.9057373205368506,-139.21784127668406,-1.2208621067002852,1.2208621067002852,0.025387414095135428,-5,-0.04583333333333339,-660,0.1461745596943811,247.0,3.6181361349331636,5.095934343434343,0.06374666704467896
RHF_MPM_P27,830,0.0415,41.5,0,255,5.197916666666667,30.265388576057013,74850,293.52941176470586,14,240,255,0.8503289028359668,110,110,251,0.017430555555555557,21,19,0.6290726817042607,69.72908366533865,60.01593625498008,0.07486111111111111,0.008125,0.0225,0.016458333333333332,0.012291666666666666,1,71.66541082164329,61.44952571810287,10.154891883657871,4.372843021667297,0.9025359877358727,-139.2235900891958,-1.2654681444357683,1.2654681444357683,0.025317301269205075,4,0.044444444444445175,640,0.11233983610791275,247.27272727272728,3.7921188390207656,5.100618686868686,0.06896202673123446
RHF_MPM_P27,831,0.04155,41.55,0,255,5.238402777777778,30.302416207365983,75433,295.8156862745098,15,238,255,0.8686588034570691,110,110,252,0.0175,21,19,0.631578947368421,69.69047619047619,59.97222222222222,0.07652777777777778,0.008194444444444445,0.022847222222222224,0.01625,0.012152777777777778,1,71.81371548261372,61.558893322551135,10.33005399961611,4.2848979841831385,0.909912982537971,-139.43981636346965,-1.3927635880138902,1.3927635880138902,0.025810984582344598,1,0.040486111111111,583,0.18427030517233378,248.0,3.861229196653691,5.112777777777778,0.0795757362795546
RHF_MPM_P27,832,0.0416,41.6,0,255,5.180555555555555,30.101878581507215,74600,292.54901960784315,15,234,255,0.8584853226734876,108,108,249,0.017291666666666667,21,19,0.6240601503759399,69.570281124498,59.903614457831324,0.07541666666666667,0.0077777777777777776,0.022222222222222223,0.01576388888888889,0.012013888888888888,1,71.75907506702413,61.56087131367292,10.449197626293419,4.285340221081693,0.912035215901667,-139.27500993869117,-1.3216955295519284,1.3216955295519284,0.025335120643431637,-3,-0.057847222222222605,-833,0.05467620565365529,248.54545454545453,3.5255853508482393,5.123819444444444,0.07978744406458416
RHF_MPM_P27,833,0.04165,41.65,0,255,5.0934027777777775,29.754835476850428,73345,287.62745098039215,15,232,255,0.8485360920425149,110,110,243,0.016875,20,18,0.675,69.42798353909465,59.724279835390945,0.07465277777777778,0.0077083333333333335,0.021944444444444444,0.015208333333333334,0.01173611111111111,1,71.71553616470106,61.49718453882337,10.41350062472661,4.29470916292832,0.9109949854925535,-139.24684156927879,-1.4380549744794988,1.4380549744794988,0.0262185561387961,-6,-0.08715277777777786,-1255,0.07714688137724458,248.27272727272728,3.816016702148247,5.127569444444445,0.07726034707635701
RHF_MPM_P27,834,0.0417,41.7,0,255,5.003263888888889,29.52438592667135,72047,282.5372549019608,14,230,255,0.8491135998572095,109,109,242,0.016805555555555556,20,18,0.6722222222222223,69.32231404958678,59.603305785123965,0.07465277777777778,0.007430555555555556,0.02125,0.015347222222222222,0.011875,1,71.5329854123003,61.32850777964384,10.424556628091173,4.3383507145375395,0.9092884507727632,-139.16734775374925,-1.434306209865088,1.434306209865088,0.028883922994711785,-1,-0.09013888888888832,-1298,0.24854904202066547,248.36363636363637,3.6499745272517696,5.130271464646465,0.07217893063508721
RHF_MPM_P27,835,0.04175,41.75,0,255,4.989444444444445,29.60487055878592,71848,281.75686274509803,14,233,255,0.8360074407977351,110,110,241,0.01673611111111111,20,18,0.6694444444444444,69.29460580912863,59.56846473029046,0.07381944444444444,0.007638888888888889,0.021388888888888888,0.015555555555555555,0.011875,1,71.42840440930854,61.24454403741232,10.159065975349668,4.378431468995829,0.9023578492670798,-139.18594746715704,-1.65779300233819,1.65779300233819,0.028560293953902683,-1,-0.013819444444444606,-199,0.1341159803911728,248.0,4.134115273055299,5.126887626262626,0.07762387154742943
RHF_MPM_P27,836,0.0418,41.8,0,255,5.0524305555555555,29.867942465927495,72755,285.3137254901961,14,233,255,0.8402672989742788,110,110,246,0.017083333333333332,20,18,0.6833333333333333,69.369918699187,59.65447154471545,0.0745138888888889,0.00798611111111111,0.021666666666666667,0.015694444444444445,0.012152777777777778,1,71.38537557556182,61.15083499415848,10.056577448154702,4.443422293740899,0.897092690569016,-139.38027040103896,-1.5658215350537734,1.5658215350537734,0.028630334684901382,5,0.06298611111111097,907,0.10311578599396116,247.9090909090909,4.165977904505309,5.125877525252525,0.0785088537049503
RHF_MPM_P27,837,0.04185,41.85,0,255,5.09125,30.015785311764617,73314,287.50588235294117,14,239,255,0.8532067170002843,111,111,245,0.017013888888888887,20,18,0.6805555555555556,69.46938775510205,59.65714285714286,0.075625,0.00798611111111111,0.021736111111111112,0.01597222222222222,0.012291666666666666,1,71.43351883678424,61.123073355702864,9.974043661215255,4.661673006613693,0.8840562853775171,-139.3681550853973,-1.3992900751536994,1.3992900751536994,0.02718443953405898,-1,0.03881944444444407,559,0.055574114215798144,247.1818181818182,3.9038019188334343,5.122897727272727,0.07914199781182017
RHF_MPM_P27,838,0.0419,41.9,0,255,5.130833333333333,30.145655101984065,73884,289.74117647058824,14,240,255,0.8441800736860702,111,111,248,0.017222222222222222,20,18,0.6888888888888889,69.54435483870968,59.721774193548384,0.07430555555555556,0.008055555555555555,0.021944444444444444,0.016041666666666666,0.012361111111111111,1,71.51411672351253,61.170212765957444,9.776285358641392,4.449234472983378,0.8904378774286948,-140.20785538269413,-1.4875289350339695,1.4875289350339695,0.026595744680851064,3,0.03958333333333375,570,0.09337099841072179,246.9090909090909,3.7283812098927047,5.120934343434343,0.07865135741428675
RHF_MPM_P27,839,0.04195,41.95,0,255,5.115763888888889,30.057678374711255,73667,288.89019607843136,14,240,255,0.8235458906785011,110,110,249,0.017291666666666667,20,18,0.6916666666666667,69.49799196787149,59.674698795180724,0.071875,0.007916666666666667,0.022152777777777778,0.015833333333333335,0.012152777777777778,1,71.4642920167782,61.1318229329279,9.636486558815442,4.29695765277777,0.8950802871509438,-140.1490666222807,-1.383778801601135,1.383778801601135,0.02466504676449428,1,-0.015069444444444358,-217,0.06289897202019867,246.63636363636363,3.444962785726621,5.113339646464647,0.07464863715640246
RHF_MPM_P27,840,0.042,42.0,0,255,5.0325,29.867462775383,72468,284.18823529411765,14,238,255,0.8157191514145029,111,111,242,0.016805555555555556,20,18,0.6722222222222223,69.40082644628099,59.66115702479339,0.07138888888888889,0.00798611111111111,0.021736111111111112,0.015694444444444445,0.012083333333333333,1,71.31197218082464,61.039051719379586,9.521026391042595,4.372162747416969,0.888327077874384,-140.45667931223045,-1.3132737599141353,1.3132737599141353,0.025390517193795883,-7,-0.08326388888888925,-1199,0.1783474992483713,246.1818181818182,3.688265959109235,5.102342171717171,0.07680592139042128
RHF_MPM_P27,841,0.04205,42.05,0,255,5.028819444444444,29.84029136727834,72415,283.98039215686276,14,234,255,0.823540393757733,108,108,248,0.017222222222222222,20,18,0.6888888888888889,69.43951612903226,59.681451612903224,0.07222222222222222,0.0077083333333333335,0.021597222222222223,0.01576388888888889,0.012083333333333333,1,71.27329973071878,60.97637229855693,9.508516703310919,4.4712491767037275,0.8825405799235475,-140.34560742401422,-1.1939132877873844,1.1939132877873844,0.02568528619761099,6,-0.0036805555555554648,-53,0.07364963130833649,245.9090909090909,3.4233037061386784,5.086969696969697,0.07296469241367037
RHF_MPM_P27,842,0.0421,42.1,0,255,5.042291666666666,29.827011951760873,72609,284.74117647058824,14,236,255,0.829613145843486,110,110,243,0.016875,20,18,0.675,69.46502057613169,59.724279835390945,0.07291666666666667,0.007638888888888889,0.021944444444444444,0.01576388888888889,0.012083333333333333,1,71.42252337864453,61.14984368328995,9.79602674273394,4.3103659306002795,0.897992062472259,-140.3233149217179,-1.3844915933358184,1.3844915933358184,0.02629150656254734,-5,0.013472222222222108,194,0.22882311601204103,245.0909090909091,2.9062486114810513,5.069141414141414,0.05570223906329637
RHF_MPM_P27,843,0.04215,42.15,0,255,5.005138888888889,29.71998675101841,72074,282.64313725490194,14,234,255,0.8304266677329352,108,108,244,0.016944444444444446,20,18,0.6777777777777778,69.46311475409836,59.68852459016394,0.07277777777777777,0.007569444444444445,0.021597222222222223,0.015555555555555555,0.011805555555555555,1,71.41551738490995,61.08080583844382,9.760814229537123,4.3752413783016975,0.8939104776266125,-139.80993689787283,-1.3557588687310522,1.3557588687310522,0.025737436523572993,1,-0.037152777777777146,-535,0.06939242011349034,244.63636363636363,2.6379305688267105,5.053194444444444,0.0457423434897568
RHF_MPM_P27,844,0.0422,42.2,0,255,4.962152777777778,29.68047007206728,71455,280.2156862745098,13,237,255,0.8035326133410758,109,109,243,0.016875,20,18,0.675,69.08641975308642,59.39506172839506,0.07013888888888889,0.0077083333333333335,0.021527777777777778,0.015416666666666667,0.011875,1,71.12463788398293,60.894800923658245,9.5629302124988,4.06389830657557,0.9052103870032432,-141.01731925247782,-1.5075045398034344,1.5075045398034344,0.025400601777342383,-1,-0.04298611111111139,-619,0.34526614717336795,244.63636363636363,2.6379305688267105,5.0412626262626254,0.050562118168842776
RHF_MPM_P27,845,0.04225,42.25,0,12,0.01888888888888889,0.3338394306131299,272,22.666666666666668,0,0,7,0.05627367446029376,2,8,9,0.000625,32,107,0.002628504672897196,96.77777777777777,59.44444444444444,0.004583333333333333,0.0,0.0,0.0,0.0,0,91.50367647058823,60.025735294117645,31.52876795390442,20.40937855825378,0.7622135991012039,90.36494410451473,-0.18556572605022364,0.18556572605022364,0.04411764705882353,-234,-4.943263888888889,-71183,20.39756085375888,223.45454545454547,67.86264689043014,4.588137626262626,1.4457577735529108
RHF_MPM_P27,846,0.0423,42.3,0,255,3.296875,22.63855772327227,47475,186.1764705882353,2,104,255,0.6533430874167003,104,104,145,0.010069444444444445,14,13,0.7967032967032966,64.08275862068966,55.08965517241379,0.05402777777777778,0.003611111111111111,0.015347222222222222,0.008541666666666666,0.00625,1,63.00724591890469,53.06828857293312,7.35702649471545,5.181678576953966,0.7098856329716926,53.49310926931789,-0.9265690739340948,0.9265690739340948,0.010194839389152185,136,3.2779861111111113,47203,29.333472673126252,214.72727272727272,71.1389049792931,4.434267676767677,1.4844113424766134
RHF_MPM_P27,847,0.04235,42.35,0,255,6.337777777777778,28.705812720607955,91264,357.89803921568625,31,181,255,1.3483712771288792,98,98,266,0.018472222222222223,28,29,0.3275862068965517,59.537593984962406,49.6015037593985,0.12444444444444444,0.005694444444444445,0.02486111111111111,0.014375,0.009305555555555555,1,55.77533309957924,42.945969933380084,17.650610594856747,7.109581251516897,0.9152901319428622,50.177378752868876,-1.008805990588696,1.008805990588696,0.03844889551192146,121,3.040902777777778,43789,12.440333503044302,216.54545454545453,72.16315307105855,4.551117424242424,1.5762233411200322
RHF_MPM_P27,848,0.0424,42.4,0,255,6.800277777777778,30.99438076186921,97924,384.0156862745098,32,228,255,1.2977925083996167,95,95,326,0.02263888888888889,33,39,0.2533022533022533,57.54907975460123,47.4079754601227,0.11847222222222223,0.007430555555555556,0.030972222222222224,0.014444444444444444,0.011319444444444444,1,56.05045749765124,42.2723642825048,18.31363692785626,10.133340061700975,0.8329673778458057,52.30539889454343,-1.0009157967665518,1.0009157967665518,0.03195335157877538,60,0.46249999999999947,6660,0.7276249083872737,223.9090909090909,78.54177179918577,4.706483585858586,1.701088802198051
RHF_MPM_P27,849,0.04245,42.45,0,255,6.405347222222222,30.73601645493973,92237,361.71372549019605,32,236,255,1.1696702103552448,110,110,241,0.01673611111111111,39,46,0.1343366778149387,61.095435684647306,51.863070539419084,0.10423611111111111,0.0075,0.03145833333333333,0.015208333333333334,0.011666666666666667,1,54.576146231989334,43.07955592658044,20.19644585629787,4.8135933321616555,0.9711821122664018,50.50010658467868,-0.9886580722352465,0.9886580722352465,0.011708967117317346,-85,-0.3949305555555558,-5687,1.6808188654114793,223.27272727272728,78.37217839965557,4.822348484848485,1.7681301825369355
RHF_MPM_P27,850,0.0425,42.5,0,255,5.813611111111111,31.506235860079943,83716,328.2980392156863,18,246,255,0.9694577391276233,108,108,284,0.01972222222222222,22,20,0.6454545454545455,60.41549295774648,51.40845070422535,0.08548611111111111,0.008125,0.024652777777777777,0.018125,0.013055555555555556,1,58.2863968655932,48.39962492235654,14.35289304582864,4.6734484185646865,0.9455040960724683,50.07092535677238,-2.0810782701433252,2.0810782701433252,0.04155716947775814,43,-0.5917361111111106,-8521,6.486069216711764,226.45454545454547,80.04471890633003,4.885789141414142,1.789905149221744
RHF_MPM_P27,851,0.04255,42.55,0,255,6.328541666666666,33.227263184117305,91131,357.3764705882353,20,250,255,0.9562503252794117,107,107,321,0.022291666666666668,24,22,0.6079545454545454,59.54205607476636,50.7601246105919,0.08347222222222223,0.009097222222222222,0.028125,0.020277777777777777,0.014652777777777778,1,58.4648143880787,48.91705347247369,11.74339906492579,4.960183938720795,0.906418572767251,49.46269664807555,-1.5764126314880706,1.5764126314880706,0.04172016108678715,37,0.514930555555555,7415,0.5473254213045505,233.63636363636363,84.53538551966672,5.003611111111112,1.8377029502376845
RHF_MPM_P27,852,0.0426,42.6,0,255,6.800694444444445,34.33526490627987,97930,384.03921568627453,23,254,255,1.0188657276472168,107,107,343,0.023819444444444445,26,24,0.5496794871794872,58.93002915451895,50.17201166180758,0.08951388888888889,0.00986111111111111,0.030833333333333334,0.021458333333333333,0.015625,1,57.809649749821304,48.22040232819361,12.483575601586137,5.23147793743656,0.9079544487956229,50.98603043089511,-1.6461387079874221,1.6461387079874221,0.034167262330235884,22,0.47215277777777853,6799,0.9563281445454238,242.27272727272728,90.22304776002325,5.164690656565657,1.9091200660777516
RHF_MPM_P27,853,0.04265,42.65,0,255,6.752986111111111,34.18712636561745,97243,381.3450980392157,22,254,255,1.0020790799908224,106,106,346,0.024027777777777776,27,25,0.5125925925925926,58.69653179190752,50.216763005780344,0.08777777777777777,0.009652777777777777,0.03173611111111111,0.021041666666666667,0.015208333333333334,1,57.99049803070658,48.99857059119937,10.662405974907557,5.077202574253871,0.8793489432234931,-136.09319611966288,0.8041162342470977,0.8041162342470977,0.008689571485865306,3,-0.047708333333333464,-687,0.7989067193662617,251.63636363636363,95.02944302331943,5.320208333333334,1.9617661663606274
RHF_MPM_P27,854,0.0427,42.7,0,255,6.541875,33.334648671313914,94203,369.4235294117647,23,251,255,1.013366949689341,108,108,315,0.021875,25,22,0.5727272727272728,59.55238095238095,51.03809523809524,0.08861111111111111,0.008958333333333334,0.03027777777777778,0.01972222222222222,0.014583333333333334,1,58.06416993089392,49.10605819347579,10.857428023635158,5.164391167514196,0.879631861773187,-137.82549723560297,0.8009915828576557,0.8009915828576557,0.010859526766663482,-31,-0.21111111111111125,-3040,0.1303116783728415,258.09090909090907,96.68830383853859,5.459911616161616,1.9888851380589376
RHF_MPM_P27,855,0.04275,42.75,0,255,6.230486111111111,32.493516465038006,89719,351.8392156862745,22,248,255,0.9939694887228363,107,107,298,0.020694444444444446,25,22,0.5418181818181819,59.87919463087248,51.19463087248322,0.08715277777777777,0.008680555555555556,0.027569444444444445,0.018819444444444444,0.013819444444444445,1,58.10915190762269,49.34194540732732,11.456249086681849,4.574834247328111,0.9168068679267585,-138.7052088839707,0.9970717198061785,0.9970717198061785,0.018234710596417705,-17,-0.3113888888888887,-4484,0.24013778521729331,263.09090909090907,97.19937761253651,5.575214646464647,1.993445704179271
RHF_MPM_P27,856,0.0428,42.8,0,255,5.543055555555555,30.394395163092934,79820,313.01960784313724,19,236,255,0.9357284194060258,108,108,261,0.018125,23,20,0.5673913043478261,60.78544061302682,51.95785440613027,0.081875,0.007430555555555556,0.023958333333333335,0.016527777777777777,0.012152777777777778,1,58.29944875970934,49.454748183412676,11.981591394162006,4.518319395667176,0.9261704662479744,-138.73298552669877,1.3230074209780271,1.3230074209780271,0.025294412427962917,-37,-0.6874305555555562,-9899,0.22121789757307608,286.0,55.263007518592396,6.077411616161616,0.9566105911139867
RHF_MPM_P27,857,0.04285,42.85,0,255,4.742708333333334,27.91324075294012,68295,267.8235294117647,16,201,255,0.8784523328903799,106,106,224,0.015555555555555555,21,18,0.5925925925925926,61.723214285714285,52.75,0.07756944444444444,0.006111111111111111,0.02020833333333333,0.014097222222222223,0.010208333333333333,1,58.837484442492126,49.96553188373966,12.564614605344659,4.3716198580714005,0.9375201157957013,-138.41637956753505,1.6919571690151773,1.6919571690151773,0.03200819972179515,-37,-0.8003472222222214,-11525,0.7418776074712464,293.1818181818182,39.300284944186025,6.208851010101011,0.5974302222970065
RHF_MPM_P27,858,0.0429,42.9,0,255,3.959375,25.22383577642468,57015,223.58823529411765,13,150,255,0.8178015197904355,105,105,185,0.012847222222222222,17,16,0.6801470588235294,62.88108108108108,53.75135135135135,0.07256944444444445,0.0045138888888888885,0.016805555555555556,0.01138888888888889,0.00798611111111111,1,59.6081732877313,50.614575111812684,12.895686564993042,4.229912887203588,0.9446742846872568,-138.01256957387022,2.06724639166573,2.06724639166573,0.037288432868543366,-39,-0.7833333333333337,-11280,1.0075804722619137,285.8181818181818,49.870410578214305,5.992632575757576,0.8767407235374948
RHF_MPM_P27,859,0.04295,42.95,0,255,3.5897916666666667,24.443446490736243,51693,202.71764705882353,8,141,255,0.7490857904757771,105,105,171,0.011875,16,15,0.7125,63.26315789473684,54.27485380116959,0.06583333333333333,0.004166666666666667,0.015347222222222222,0.010763888888888889,0.007847222222222222,1,60.57415897703751,51.55947613796839,12.37746304608508,4.290523823914547,0.9379982454764592,-137.61330186724393,2.614977201832272,2.614977201832272,0.036987599868454145,-14,-0.3695833333333334,-5322,1.3512832053920112,271.72727272727275,57.794449102897744,5.700770202020203,1.0719460139143018
RHF_MPM_P27,860,0.043,43.0,0,255,3.4089583333333335,24.27659001025559,49089,192.50588235294117,4,142,255,0.6632253794398061,102,102,171,0.011875,16,15,0.7125,63.22222222222222,54.25730994152047,0.05708333333333333,0.004166666666666667,0.014930555555555556,0.010625,0.007847222222222222,1,61.43912078062295,52.498319379086965,10.971187153287627,4.2069964575317496,0.9235580516277675,-137.74291626186692,3.1303876768201433,3.1303876768201433,0.02988449550815865,0,-0.18083333333333318,-2604,1.2765522132117455,265.3636363636364,64.31353982606367,5.4283712121212115,1.2276922319981174
RHF_MPM_P27,861,0.04305,43.05,0,255,3.4125694444444443,24.654943617596132,49141,192.70980392156864,1,151,255,0.6119419261052599,107,107,172,0.011944444444444445,16,15,0.7166666666666667,63.18023255813954,54.21511627906977,0.051805555555555556,0.004375,0.015347222222222222,0.010763888888888889,0.007916666666666667,1,61.99595042835921,53.021367086546874,9.540972769848587,4.1307820669686555,0.9014170357812659,-137.855393651599,3.261577971656848,3.261577971656848,0.020614151116175903,1,0.0036111111111107874,52,0.7639621462331443,255.1818181818182,69.23453970095639,5.210094696969697,1.347403778337341
RHF_MPM_P27,862,0.0431,43.1,0,255,3.437291666666667,24.94823721001451,49497,194.10588235294117,0,156,255,0.5752713995348002,106,106,176,0.012222222222222223,16,16,0.6875,63.0625,54.07386363636363,0.04763888888888889,0.004583333333333333,0.015625,0.011319444444444444,0.008055555555555555,1,62.46394730993798,53.45093642038911,7.693218038064763,4.161359367663345,0.8410787401790896,-137.76358946563923,2.4957092883808976,2.4957092883808976,0.012829060347091742,4,0.024722222222222534,356,0.6352565574200063,242.0,69.25184605350374,4.947253787878788,1.385064309057471
RHF_MPM_P27,863,0.04315,43.15,0,255,3.5113194444444447,25.295061764066826,50563,198.28627450980392,0,162,255,0.5618069624679661,109,109,178,0.012361111111111111,16,16,0.6953125,63.08426966292135,54.140449438202246,0.04604166666666667,0.004791666666666666,0.015833333333333335,0.011458333333333333,0.008333333333333333,1,62.59035262939303,53.61450072187172,6.764606715259157,4.067673574320051,0.7990104919752223,-136.83096612907906,1.1422929572782028,1.1422929572782028,0.009552439530882266,2,0.0740277777777778,1066,0.20671619555813145,227.0,63.3704835220482,4.648219696969697,1.3054245025672664
RHF_MPM_P27,864,0.0432,43.2,0,255,3.519652777777778,25.351515457474097,50683,198.75686274509803,0,163,255,0.5474220247976072,106,106,185,0.012847222222222222,16,17,0.6801470588235294,63.02162162162162,54.31891891891892,0.04472222222222222,0.004930555555555555,0.01597222222222222,0.011458333333333333,0.008472222222222223,1,62.61876763411795,53.73411202967464,6.5050032525866515,4.082786158035886,0.7785054579725327,-137.51240793592132,0.5466330887194704,0.5466330887194704,0.010102006589980861,7,0.008333333333333304,120,0.12294013765992813,212.36363636363637,51.716487132463996,4.354280303030303,1.153598403554781
RHF_MPM_P27,865,0.04325,43.25,0,255,3.5276388888888888,25.440913297779897,50798,199.2078431372549,0,166,255,0.5460452097848913,107,107,187,0.012986111111111111,17,17,0.6470588235294118,62.87700534759358,54.20855614973262,0.04465277777777778,0.004930555555555555,0.01611111111111111,0.011597222222222222,0.008472222222222223,1,62.57708964919879,53.71670144493878,6.5995738982156045,4.32088371739186,0.7558700944087898,-137.21511550954426,0.8800088832545672,0.8800088832545672,0.010807512106775857,2,0.007986111111110805,115,0.04516838371877513,200.72727272727272,40.497117538481916,4.0802588383838385,0.9395589932096469
RHF_MPM_P27,866,0.0433,43.3,0,255,3.555138888888889,25.64590911134515,51194,200.76078431372548,0,171,255,0.5373827295323079,108,108,187,0.012986111111111111,16,17,0.6875,63.12299465240642,54.406417112299465,0.04375,0.005069444444444444,0.016319444444444445,0.011875,0.008819444444444444,1,62.69576512872602,53.79409696448803,6.360579391362421,4.194794401622338,0.7517056260287523,-138.29082525454334,0.4708059811860513,0.4708059811860513,0.01048951048951049,0,0.027500000000000302,396,0.14168251793117254,190.63636363636363,26.365517174289767,3.837045454545455,0.654500191336211
RHF_MPM_P27,867,0.04335,43.35,0,255,3.577777777777778,25.772133002647898,51520,202.0392156862745,0,173,255,0.5421759721905903,106,106,190,0.013194444444444444,17,17,0.657439446366782,63.026315789473685,54.294736842105266,0.044375,0.005069444444444444,0.016319444444444445,0.011944444444444445,0.008888888888888889,1,62.76100543478261,53.82503881987578,6.353695138159865,4.219353131963421,0.7476627445717504,-138.39255088019755,0.20972165968187997,0.20972165968187997,0.009704968944099378,3,0.022638888888888875,326,0.0722059273826862,184.1818181818182,14.262590494132043,3.6583838383838385,0.3714474225040876
RHF_MPM_P27,868,0.0434,43.4,0,255,3.5911805555555554,25.77499364146186,51713,202.79607843137254,0,176,255,0.5482459831000364,108,108,188,0.013055555555555556,16,17,0.6911764705882353,63.09574468085106,54.297872340425535,0.04472222222222222,0.005069444444444444,0.01625,0.011805555555555555,0.008888888888888889,1,62.77810221801094,53.80082377738673,6.360172904986943,4.208858251090693,0.7497226549413789,-137.50149786230463,0.3134206226271044,0.3134206226271044,0.00972676116257034,-2,0.01340277777777743,193,0.02964233930550913,180.9090909090909,7.064051701840877,3.553699494949494,0.14330983790583918
RHF_MPM_P27,869,0.04345,43.45,0,255,3.5825,25.74375866917391,51588,202.30588235294118,0,172,255,0.5350186628368968,107,107,191,0.01326388888888889,17,17,0.6608996539792388,62.96335078534032,54.35602094240838,0.043611111111111114,0.005,0.01638888888888889,0.011666666666666667,0.00875,1,62.65135302783593,53.850236489105995,6.337921674692552,4.084976916214973,0.7645795183824663,-137.7708297141051,0.40816803989581785,0.40816803989581785,0.009304489416143289,3,-0.008680555555555358,-125,0.136040336994115,181.45454545454547,7.572241608348653,3.519438131313132,0.06691881670373175
RHF_MPM_P27,870,0.0435,43.5,0,255,3.581875,25.75204882541576,51579,202.27058823529413,0,173,255,0.5427696005419601,107,107,190,0.013194444444444444,17,16,0.6985294117647058,62.94736842105263,54.43684210526316,0.04423611111111111,0.004861111111111111,0.01611111111111111,0.011805555555555555,0.008819444444444444,1,62.63231159968204,53.930339867000136,6.422781211100939,4.104717705770955,0.7691342289662467,-139.51061102701647,0.680672686486426,0.680672686486426,0.009945908218461,-1,-0.0006249999999998757,-9,0.08233545491579684,183.1818181818182,7.145477677501304,3.5187184343434343,0.06619698795192076
RHF_MPM_P27,871,0.04355,43.55,0,255,3.653888888888889,26.08047505934253,52616,206.3372549019608,0,182,255,0.5465500908418275,106,106,196,0.01361111111111111,17,17,0.6782006920415224,62.86734693877551,54.37244897959184,0.04472222222222222,0.005138888888888889,0.016527777777777777,0.012291666666666666,0.009166666666666667,1,62.67506081800213,53.86994450357306,6.380664638842875,4.299685613508914,0.7388574894130031,-137.92218892546273,0.48053961173899545,0.48053961173899545,0.009654857837920024,6,0.07201388888888882,1037,0.07399388887244243,185.45454545454547,6.880322883063455,3.5409848484848485,0.06672365000873158
RHF_MPM_P27,872,0.0436,43.6,0,255,3.663472222222222,26.05449575514337,52754,206.87843137254902,0,179,255,0.5555475338139265,107,107,195,0.013541666666666667,17,17,0.6747404844290658,62.86666666666667,54.292307692307695,0.04555555555555556,0.005138888888888889,0.01659722222222222,0.012013888888888888,0.009236111111111112,1,62.569113242597716,53.831140766576944,6.558488856204975,4.235050829845036,0.7635609468968422,-138.3471806447196,0.6247994236406288,0.6247994236406288,0.010330970163399933,-1,0.009583333333333055,138,0.1128300436007084,187.54545454545453,5.898592071821213,3.5637941919191927,0.06161627093155554
RHF_MPM_P27,873,0.04365,43.65,0,255,3.64375,25.96661643862814,52470,205.76470588235293,0,178,255,0.5425899553195108,107,107,194,0.013472222222222222,17,17,0.671280276816609,62.84020618556701,54.27319587628866,0.04423611111111111,0.005069444444444444,0.01638888888888889,0.012152777777777778,0.009027777777777777,1,62.54697922622451,53.82889270059081,6.481406646517259,4.160626995279166,0.7667609689709624,-138.7054039575557,0.3388260899925937,0.3388260899925937,0.009433962264150943,-1,-0.019722222222222197,-284,0.02224788712411664,189.1818181818182,4.876999484000603,3.582563131313131,0.050701669045058954
RHF_MPM_P27,874,0.0437,43.7,0,255,3.6973611111111113,26.148338989793483,53242,208.7921568627451,0,184,255,0.555506061161219,107,107,195,0.013541666666666667,17,16,0.7169117647058824,62.774358974358975,54.42564102564103,0.04534722222222222,0.005,0.016944444444444446,0.012430555555555556,0.009027777777777777,1,62.411592351902634,53.82857518500432,6.5782285810099514,4.255280519892743,0.7625974797605151,-139.70919411195948,0.23038587486479684,0.23038587486479684,0.00967281469516547,1,0.0536111111111115,772,0.13538724664751323,190.72727272727272,3.620419591225432,3.5994760101010104,0.05496582803948388
RHF_MPM_P27,875,0.04375,43.75,0,255,3.7005555555555554,26.109271974237263,53288,208.97254901960784,0,181,255,0.5566490868556011,107,107,196,0.01361111111111111,18,16,0.6805555555555556,62.76020408163265,54.31122448979592,0.04534722222222222,0.004930555555555555,0.016875,0.012291666666666666,0.008958333333333334,1,62.39305284491818,53.80817444828104,6.665823570006202,4.274129862118865,0.7673733322506776,-140.1917873563957,0.2731283736463215,0.2731283736463215,0.0104151028374118,1,0.0031944444444440556,46,0.027566345025760143,191.72727272727272,3.4136333373670156,3.6159217171717173,0.05568084114101912
RHF_MPM_P27,876,0.0438,43.8,0,255,3.7284027777777777,26.1999771830688,53689,210.54509803921567,0,180,255,0.5633694229936597,108,108,194,0.013472222222222222,17,17,0.671280276816609,62.891752577319586,54.20103092783505,0.04618055555555556,0.005277777777777778,0.016805555555555556,0.012291666666666666,0.009166666666666667,1,62.43612285570601,53.64512283708022,6.81477238238749,4.119762004820541,0.7965792944438679,-138.47826975601038,0.7797634106063079,0.7797634106063079,0.010188306729497663,-2,0.027847222222222356,401,0.16864416309035155,192.36363636363637,3.11222595793158,3.6341729797979805,0.056647116219108846
RHF_MPM_P27,877,0.04385,43.85,0,255,3.690486111111111,25.908722652533807,53143,208.40392156862745,0,176,255,0.5683461904770499,106,106,194,0.013472222222222222,17,17,0.671280276816609,62.86082474226804,54.28865979381443,0.04638888888888889,0.004861111111111111,0.01673611111111111,0.011944444444444445,0.00875,1,62.379447904709934,53.60568654385337,6.861130177484568,4.28875429095546,0.7805608039039033,-137.8382706393369,0.5340537660754696,0.5340537660754696,0.011064486385789286,0,-0.03791666666666682,-546,0.06904542920339933,193.0,2.6285149626910838,3.646477272727273,0.05270611737690476
RHF_MPM_P27,878,0.0439,43.9,0,255,3.6589583333333335,25.92066708725421,52689,206.6235294117647,0,176,255,0.5460941757361244,107,107,191,0.01326388888888889,17,16,0.7022058823529411,62.98429319371728,54.32984293193717,0.044444444444444446,0.005069444444444444,0.016527777777777777,0.012222222222222223,0.008958333333333334,1,62.38951204236179,53.65596234508152,6.760565663122358,4.008067216150337,0.8053057345388163,-138.48637369095735,0.5175855978617401,0.5175855978617401,0.012279602953178082,-3,-0.03152777777777738,-454,0.05127321967467513,193.0909090909091,2.538952735230717,3.6538573232323235,0.04804763031327931
RHF_MPM_P27,879,0.04395,43.95,0,255,3.598611111111111,25.658935486360498,51820,203.2156862745098,0,172,255,0.544685461999838,107,107,189,0.013125,17,16,0.6948529411764706,62.957671957671955,54.37566137566137,0.04416666666666667,0.004722222222222222,0.01625,0.011805555555555555,0.008680555555555556,1,62.50038595137013,53.72886916248553,6.656257929313166,4.266866371732719,0.7675151518934055,-138.00940292888848,0.3360326963796855,0.3360326963796855,0.011675028946352759,-2,-0.06034722222222255,-869,0.1326967509880009,193.1818181818182,2.3671302847802798,3.654532828282828,0.04720657690644555
RHF_MPM_P27,880,0.044,44.0,0,255,3.6469444444444443,25.933058944504324,52516,205.94509803921568,0,174,255,0.5534077996841937,107,107,192,0.013333333333333334,17,17,0.6643598615916955,62.932291666666664,54.21875,0.04513888888888889,0.005069444444444444,0.01659722222222222,0.012083333333333333,0.009097222222222222,1,62.52932439637444,53.7131731281895,6.6806881606851745,4.17325020008837,0.780885886025311,-138.20818861803218,0.4299624850397325,0.4299624850397325,0.011120420443293472,3,0.04833333333333334,696,0.03292110405028668,193.27272727272728,2.299838298304276,3.660391414141414,0.04156525192495456
RHF_MPM_P27,881,0.04405,44.05,0,255,3.6561805555555558,26.006875092531025,52649,206.46666666666667,0,177,255,0.5446309632993915,108,108,191,0.01326388888888889,17,17,0.6608996539792388,63.010471204188484,54.29842931937173,0.044305555555555556,0.005208333333333333,0.01659722222222222,0.012083333333333333,0.009236111111111112,1,62.58534824972934,53.792987521130506,6.474767900573922,4.009730802959146,0.7851657737714131,-136.75450203915548,0.28725484109242616,0.28725484109242616,0.009857737089023533,-1,0.009236111111111445,133,0.09751415007716734,193.36363636363637,2.185602778212965,3.6671464646464647,0.03351436341095178
RHF_MPM_P27,882,0.0441,44.1,0,255,3.674097222222222,26.094217029438468,52907,207.478431372549,0,178,255,0.543288457370507,107,107,197,0.013680555555555555,17,17,0.6816608996539792,62.923857868020306,54.065989847715734,0.04416666666666667,0.005138888888888889,0.016527777777777777,0.012083333333333333,0.009166666666666667,1,62.54688415521576,53.6606120173134,6.639593674447182,4.005773456516208,0.797502187370865,-137.68610544166236,0.633663957694136,0.633663957694136,0.009696259474171659,6,0.01791666666666636,258,0.13785050082456496,193.45454545454547,2.3105936412979697,3.6689835858585864,0.033290406291160035
RHF_MPM_P27,883,0.04415,44.15,0,255,3.7205555555555554,26.168173411443107,53576,210.10196078431372,0,176,255,0.5593086723179144,106,106,196,0.01361111111111111,17,17,0.6782006920415224,62.755102040816325,54.05102040816327,0.04569444444444445,0.005,0.016944444444444446,0.012222222222222223,0.009166666666666667,1,62.39760340450948,53.481932208451546,6.785707912105481,4.142997195167209,0.7919796180376492,-136.1844983742671,0.6652184713825815,0.6652184713825815,0.00989248917425713,-1,0.04645833333333327,669,0.2328330230580204,193.54545454545453,2.387986461193399,3.67417297979798,0.03633659273388204
RHF_MPM_P27,884,0.0442,44.2,0,255,3.6013194444444445,25.601722727043192,51859,203.3686274509804,0,171,255,0.548193786207437,107,107,188,0.013055555555555556,17,16,0.6911764705882353,62.920212765957444,54.43617021276596,0.044375,0.004722222222222222,0.01638888888888889,0.011597222222222222,0.008819444444444444,1,62.384696966775294,53.74106712431786,6.798655133541017,4.00900133025514,0.8076401657254255,-137.32078840852537,0.5775373074592574,0.5775373074592574,0.010085038276866118,-8,-0.11923611111111088,-1717,0.2594561249152294,193.0,2.860387767736777,3.670315656565656,0.041277595984222586
RHF_MPM_P27,885,0.04425,44.25,0,255,3.535416666666667,25.491095854865566,50910,199.64705882352942,0,167,255,0.5511014782306045,109,109,182,0.012638888888888889,17,15,0.7137254901960784,63.0989010989011,54.7032967032967,0.04513888888888889,0.004791666666666666,0.01576388888888889,0.011527777777777777,0.008819444444444444,1,62.62427813789039,53.99314476527205,6.581538701334817,4.033524468719253,0.7901959088620987,-140.43186500025902,0.4854576977323169,0.4854576977323169,0.013199764289923394,-6,-0.06590277777777764,-949,0.3477675583229581,191.8181818181818,4.17390555754509,3.655593434343434,0.05545213988660182
RHF_MPM_P27,886,0.0443,44.3,0,255,3.5449305555555557,25.5770553235308,51047,200.1843137254902,0,170,255,0.5444375971313469,107,107,185,0.012847222222222222,17,16,0.6801470588235294,62.85945945945946,54.49189189189189,0.04451388888888889,0.004722222222222222,0.015833333333333335,0.01173611111111111,0.00875,1,62.56224655709444,54.04858267870786,6.3971236758212005,4.151067557020847,0.7608771674190329,-138.3779361438936,0.30926166765710994,0.30926166765710994,0.011166180186886594,3,0.009513888888888822,137,0.08319422613475766,190.8181818181818,4.3655298921974435,3.641445707070707,0.061678991810933254
RHF_MPM_P27,887,0.04435,44.35,0,255,3.6284722222222223,25.931178046670333,52250,204.90196078431373,0,173,255,0.5510600242003415,108,108,191,0.01326388888888889,18,16,0.6631944444444444,62.84293193717277,54.58638743455497,0.04506944444444445,0.004930555555555555,0.01659722222222222,0.012152777777777778,0.009166666666666667,1,62.52287081339713,54.08595215311005,6.484054020488809,4.221402925627936,0.7590401961258803,-139.6139114681331,0.5504048436857385,0.5504048436857385,0.009703349282296651,6,0.08354166666666663,1203,0.05428560406601796,190.54545454545453,4.250425355476713,3.632361111111111,0.055223701088361825
RHF_MPM_P27,888,0.0444,44.4,0,255,3.703402777777778,26.20875361780642,53329,209.13333333333333,0,179,255,0.5484665282180318,106,106,196,0.01361111111111111,18,16,0.6805555555555556,62.714285714285715,54.392857142857146,0.04479166666666667,0.005277777777777778,0.016875,0.012222222222222223,0.009305555555555555,1,62.391325545200544,53.97153518723396,6.472899946035703,3.9774808321735766,0.7889308014582035,-141.94834886550453,0.3186309451755644,0.3186309451755644,0.009244501115715651,5,0.0749305555555555,1079,0.17434276487769954,190.72727272727272,4.4331583055405845,3.633535353535353,0.056568112010423575
RHF_MPM_P27,889,0.04445,44.45,0,255,3.692222222222222,26.06564086974685,53168,208.50196078431372,0,179,255,0.5558421514707489,108,108,192,0.013333333333333334,18,16,0.6666666666666666,62.869791666666664,54.276041666666664,0.04541666666666667,0.005,0.01673611111111111,0.012361111111111111,0.009166666666666667,1,62.48333584110743,53.788782726452,6.537073147638873,4.2283547688223155,0.7626368464245381,-138.89897375965714,0.12677925952492233,0.12677925952492233,0.01002482696358712,-4,-0.011180555555555749,-161,0.2046078113727234,190.8181818181818,4.448047208263661,3.636559343434343,0.05869543520358619
RHF_MPM_P27,890,0.0445,44.5,0,255,3.721875,26.176936823936735,53595,210.1764705882353,0,176,255,0.5655066467109057,105,105,195,0.013541666666666667,17,17,0.6747404844290658,62.88205128205128,54.03076923076923,0.04631944444444445,0.005069444444444444,0.01673611111111111,0.012222222222222223,0.009375,1,62.472077619180894,53.53309077339304,6.78339785173495,4.238862641485394,0.780714558859917,-136.42347400464993,0.6540843748414386,0.6540843748414386,0.009553129956152626,3,0.02965277777777775,427,0.2559396851214187,191.36363636363637,4.558164049716972,3.647765151515151,0.06205138390348195
RHF_MPM_P27,891,0.04455,44.55,0,255,3.7250694444444443,26.173317294329006,53641,210.35686274509803,0,176,255,0.567207294779743,107,107,195,0.013541666666666667,17,17,0.6747404844290658,62.84102564102564,54.10769230769231,0.04631944444444445,0.005,0.01673611111111111,0.012291666666666666,0.009305555555555555,1,62.43261684159505,53.547678082064095,6.805447596018664,4.005382784681945,0.8084569046159201,-136.59337720689322,0.6632556733576193,0.6632556733576193,0.009917786767584497,0,0.0031944444444444997,46,0.042070685066256046,191.63636363636363,4.676298599858795,3.654867424242424,0.06590249807383777
RHF_MPM_P27,892,0.0446,44.6,0,255,3.7777777777777777,26.31265127812001,54400,213.33333333333334,0,180,255,0.5620524273398435,108,108,197,0.013680555555555555,18,18,0.6080246913580247,62.74111675126903,53.944162436548226,0.04569444444444445,0.005069444444444444,0.017222222222222222,0.012569444444444444,0.009236111111111112,1,62.320386029411765,53.43204044117647,6.80236434298665,4.0625988806671325,0.8020675278889561,-136.05377555667172,0.24173671323424842,0.24173671323424842,0.009834558823529412,2,0.05270833333333336,759,0.16114533562401193,192.1818181818182,4.914138818814393,3.665921717171717,0.0747940148034474
RHF_MPM_P27,893,0.04465,44.65,0,255,3.750486111111111,26.125315650136205,54007,211.7921568627451,0,178,255,0.5697474068366297,108,108,193,0.013402777777777777,17,17,0.6678200692041523,62.932642487046635,54.13989637305699,0.04659722222222222,0.005,0.017291666666666667,0.012291666666666666,0.009236111111111112,1,62.33578980502527,53.43151813653785,7.03912835620976,4.08873415928851,0.8140048898126289,-136.22331526494546,0.6854175098917966,0.6854175098917966,0.010146832817968042,-4,-0.027291666666666714,-393,0.015412628110961016,191.8181818181818,4.686890456236452,3.6728661616161613,0.07867621253018649
RHF_MPM_P27,894,0.0447,44.7,0,255,3.725763888888889,26.075789699340877,53651,210.39607843137256,0,175,255,0.5725891234062594,106,106,195,0.013541666666666667,17,17,0.6747404844290658,62.93846153846154,54.00512820512821,0.04694444444444444,0.005,0.016944444444444446,0.012291666666666666,0.009236111111111112,1,62.410504930010624,53.44996365398595,6.96990786240103,4.064072104432906,0.8124087463789482,-136.084493741404,0.7472218570006501,0.7472218570006501,0.01177983634974185,2,-0.02472222222222209,-356,0.07695834597692984,191.72727272727272,4.614028196527098,3.673339646464646,0.07897688717618578
RHF_MPM_P27,895,0.04475,44.75,0,255,3.691875,26.074452494218622,53163,208.48235294117646,0,176,255,0.55882245831026,108,108,193,0.013402777777777777,17,17,0.6678200692041523,63.07772020725388,54.09844559585492,0.04569444444444445,0.005,0.016527777777777777,0.012222222222222223,0.009236111111111112,1,62.58017794330644,53.60463104038523,6.895643479678148,4.054860633285915,0.8088374947788006,-137.33179860425147,0.7772383202811458,0.7772383202811458,0.010872223162725956,-2,-0.03388888888888886,-488,0.22958861438770492,192.1818181818182,4.468438446343458,3.6815719696969698,0.07569196127383293
RHF_MPM_P27,896,0.0448,44.8,0,255,3.752986111111111,26.368492314056827,54043,211.93333333333334,0,184,255,0.5601274925685318,108,108,197,0.013680555555555555,17,17,0.6816608996539792,62.9492385786802,54.0507614213198,0.04590277777777778,0.005277777777777778,0.016944444444444446,0.0125,0.009375,1,62.63344003848787,53.66491497511241,6.663050700619268,4.04487243016815,0.7946558988230044,-137.0334525683486,0.4111710940823319,0.4111710940823319,0.010584164461632404,4,0.061111111111110894,880,0.08044254825219568,193.54545454545453,3.285329272653209,3.701351010101011,0.06212691934036157
RHF_MPM_P27,897,0.04485,44.85,0,255,3.799027777777778,26.525543750826408,54706,214.53333333333333,0,185,255,0.5574203273228909,107,107,198,0.01375,17,17,0.6851211072664359,62.95959595959596,53.92424242424242,0.04541666666666667,0.005416666666666667,0.017361111111111112,0.012847222222222222,0.009444444444444445,1,62.65131795415494,53.570540708514606,6.542723977938109,4.041158171742439,0.7864477329009005,-136.08939618532273,0.15710332695344112,0.15710332695344112,0.008280627353489563,1,0.04604166666666698,663,0.09605270461820542,194.72727272727272,2.135880022631042,3.724450757575758,0.04437557257010205
RHF_MPM_P27,898,0.0449,44.9,0,255,3.792152777777778,26.34656433598112,54607,214.1450980392157,0,184,255,0.5712489324389907,108,108,195,0.013541666666666667,17,18,0.6372549019607843,63.11282051282051,54.01538461538462,0.04659722222222222,0.005208333333333333,0.017291666666666667,0.012569444444444444,0.009305555555555555,1,62.65623454868423,53.415441243796586,6.749064171215771,4.180331171528417,0.7850801429137233,46.29733628408543,-0.5484909347493466,0.5484909347493466,0.008460453787975901,-3,-0.0068749999999999645,-99,0.15517737224731545,195.0909090909091,1.7814470856604934,3.7393308080808083,0.03642827973333593
RHF_MPM_P27,899,0.04495,44.95,0,255,3.810138888888889,26.47311125321605,54866,215.1607843137255,0,181,255,0.577391750502153,109,109,195,0.013541666666666667,17,17,0.6747404844290658,63.08205128205128,54.01538461538462,0.0475,0.005208333333333333,0.017222222222222222,0.012708333333333334,0.009652777777777777,1,62.668975321692855,53.434713666022674,6.760490076868178,4.287979675174849,0.7731111725959039,-135.18432196757246,0.5414361816286924,0.5414361816286924,0.010279590274486931,0,0.017986111111111036,259,0.023103107049006814,195.0,1.7580981459830651,3.7490340909090913,0.03963983932611006
RHF_MPM_P27,900,0.045,45.0,0,255,3.8331944444444446,26.72737534015082,55198,216.46274509803922,0,190,255,0.5644425577390566,110,110,197,0.013680555555555555,16,17,0.7242647058823529,63.243654822335024,54.390862944162436,0.04631944444444445,0.005555555555555556,0.0175,0.012708333333333334,0.009652777777777777,1,62.87418022392116,53.81591724337839,6.514085146943362,4.2180721328529325,0.762039100966064,-135.72569101296483,0.46603264858689103,0.46603264858689103,0.011123591434472264,2,0.023055555555555607,332,0.43292634395162444,195.45454545454547,1.5587661999529314,3.761849747474747,0.041923318070021726
RHF_MPM_P27,901,0.04505,45.05,0,255,3.9300694444444444,27.239807701345626,56593,221.93333333333334,0,205,255,0.5595515439113605,110,110,205,0.01423611111111111,17,17,0.7093425605536332,63.234146341463415,54.41463414634146,0.04590277777777778,0.005902777777777778,0.017847222222222223,0.01326388888888889,0.010347222222222223,1,63.07105119007651,54.07748308094641,6.273865190720525,3.947080969261448,0.7772995615731199,-139.49647237528183,0.009094674901825294,0.009094674901825294,0.009400455886770449,8,0.09687499999999982,1395,0.3273757240505199,196.36363636363637,3.1413004623947267,3.780776515151515,0.061859554056908496
RHF_MPM_P27,902,0.0451,45.1,0,12,0.017986111111111112,0.33730360512351626,259,21.583333333333332,0,0,7,0.051999000115810635,3,8,9,0.000625,64,107,0.001314252336448598,91.44444444444444,58.44444444444444,0.004166666666666667,0.0,0.0,0.0,0.0,0,84.82239382239382,61.54826254826255,31.129327237524695,25.20509755242071,0.5868581513616632,96.16818480324535,-0.35152039003154967,0.35152039003154967,0.0,-196,-3.9120833333333334,-56334,22.998553262275802,179.45454545454547,53.9921941098284,3.4437689393939395,1.0849493422787964
RHF_MPM_P27,903,0.04515,45.15,0,255,3.4343055555555555,22.58457231080968,49454,193.93725490196078,11,101,255,0.838688518013395,105,105,138,0.009583333333333333,14,12,0.8214285714285714,67.15217391304348,57.666666666666664,0.07479166666666667,0.003472222222222222,0.01361111111111111,0.00875,0.0060416666666666665,1,70.30325150645044,59.57061107291624,9.181537934534266,5.747624698072677,0.7798246348770781,-144.79385948319367,-0.8077558461132622,0.8077558461132622,0.03354632587859425,129,3.4163194444444445,49195,14.653211216267826,174.0909090909091,54.90562902994149,3.4125441919191917,1.079817688591029
RHF_MPM_P27,904,0.0452,45.2,0,255,5.519861111111111,26.793752277197406,79486,311.7098039215686,28,164,255,1.2684719668520685,105,105,199,0.013819444444444445,21,19,0.49874686716791977,69.22613065326634,59.95477386934673,0.11743055555555555,0.005277777777777778,0.020625,0.012013888888888888,0.008680555555555556,1,78.63586040308985,66.71602546360366,18.74761243684762,4.909914642724051,0.9650962472023962,-142.34214329625968,-0.9403801736453395,0.9403801736453395,0.019965780137382684,61,2.0855555555555556,30032,10.976762630165467,174.63636363636363,55.12015425376346,3.5733964646464647,1.2383288046851832
RHF_MPM_P27,905,0.04525,45.25,0,255,5.565138888888889,28.457076472638555,80138,314.26666666666665,26,199,255,1.0933343449006314,110,110,207,0.014375,24,23,0.375,69.2463768115942,60.10144927536232,0.09715277777777778,0.0060416666666666665,0.024722222222222222,0.013055555555555556,0.01,1,77.09446205295865,66.46175347525518,18.080736572009094,4.235545567189263,0.972174619374619,-140.3105511145596,-1.144101621678532,1.144101621678532,0.010407047842471736,8,0.04527777777777775,652,1.5622301744128115,175.72727272727272,55.62878736293893,3.7406123737373735,1.365293501692988
RHF_MPM_P27,906,0.0453,45.3,0,255,5.5846527777777775,29.542002593604717,80419,315.3686274509804,22,221,255,1.034937015848612,107,107,239,0.01659722222222222,20,20,0.5975,69.68200836820084,60.76150627615063,0.09208333333333334,0.007083333333333333,0.024305555555555556,0.015,0.01125,1,75.67175667441774,65.47797162362129,17.919999645014144,4.31577756901571,0.9705658732167316,-139.69621766096242,-1.684919580622274,1.684919580622274,0.0330394558499857,32,0.01951388888888861,281,1.7297159667799358,179.9090909090909,58.428595965043364,3.912683080808081,1.4640140297701087
RHF_MPM_P27,907,0.04535,45.35,0,255,5.362222222222222,30.384227735154443,77216,302.8078431372549,15,233,255,0.8116818034680272,108,108,260,0.018055555555555554,22,21,0.5627705627705628,70.3423076923077,61.146153846153844,0.06868055555555555,0.007569444444444445,0.024027777777777776,0.01638888888888889,0.011944444444444445,1,72.04497772482387,62.44521860754248,10.092649828529728,4.227392367570166,0.9080515075863034,-137.66116032365179,-0.8300533163709095,0.8300533163709095,0.015009842519685039,21,-0.22243055555555546,-3203,4.727696733690975,185.63636363636363,62.7509836609214,4.058977272727272,1.520076151707237
RHF_MPM_P27,908,0.0454,45.4,0,255,5.579513888888889,30.983710949596407,80345,315.078431372549,17,240,255,0.8712745770450823,107,107,278,0.019305555555555555,22,21,0.6017316017316018,70.62230215827338,61.39208633093525,0.07527777777777778,0.008125,0.025,0.017083333333333332,0.012569444444444444,1,72.25562262741926,62.63521065405439,10.153743104509545,4.381465876093159,0.9021070135734639,-137.2744538518999,-1.1198769159612165,1.1198769159612165,0.02210467359512104,18,0.2172916666666671,3129,0.2836692664481046,192.9090909090909,68.16484637253821,4.220839646464647,1.5774896838646337
RHF_MPM_P27,909,0.04545,45.45,0,255,5.764027777777778,31.52100067854773,83002,325.4980392156863,18,243,255,0.8947937691138613,107,107,285,0.019791666666666666,22,22,0.5888429752066116,70.86315789473684,61.55789473684211,0.07756944444444444,0.008194444444444445,0.025763888888888888,0.017847222222222223,0.012986111111111111,1,72.38452085491916,62.75190959253994,10.053788639180382,4.370866460840879,0.9005520569071745,-137.20201162231663,-0.8186162139837893,0.8186162139837893,0.017132117298378352,7,0.18451388888888864,2657,0.1738775295898539,201.0909090909091,73.14425913650435,4.40010101010101,1.6297625846482688
RHF_MPM_P27,910,0.0455,45.5,0,255,6.040277777777778,31.975759741309513,86980,341.0980392156863,20,244,255,0.9205298491977366,106,106,295,0.02048611111111111,25,22,0.5363636363636364,71.12881355932204,61.82372881355932,0.07895833333333334,0.008055555555555555,0.02798611111111111,0.01826388888888889,0.013055555555555556,1,72.89492986893539,63.158139802253395,10.614623586532407,4.352016851640037,0.9120846253011335,-137.13986397731716,-0.81656755388499,0.81656755388499,0.011634858588181191,10,0.2762500000000001,3978,0.6523345344781782,210.1818181818182,77.88315044967648,4.602840909090909,1.6816489012332292
RHF_MPM_P27,911,0.04555,45.55,0,255,6.005138888888889,31.964017986073706,86474,339.1137254901961,21,246,255,0.9397975148352987,108,108,289,0.020069444444444445,23,21,0.598343685300207,70.77508650519032,61.5916955017301,0.08166666666666667,0.008263888888888888,0.025833333333333333,0.018472222222222223,0.013333333333333334,1,72.86871198279252,63.22241367347411,11.104155880686088,4.4135093297253265,0.917617490693318,-136.9477397943478,-1.0486073416845747,1.0486073416845747,0.018942109767097624,-6,-0.03513888888888861,-506,0.06941547432307536,218.54545454545453,80.899897332628,4.800290404040403,1.707007160532379
RHF_MPM_P27,912,0.0456,45.6,0,255,6.079375,32.15610823516423,87543,343.3058823529412,22,248,255,0.9785157573960855,108,108,285,0.019791666666666666,22,21,0.6168831168831169,70.73684210526316,61.50526315789474,0.08638888888888889,0.008611111111111111,0.025486111111111112,0.018472222222222223,0.01375,1,73.24843791051255,63.49935460288087,11.75883788129504,4.452213553045917,0.9255493461344352,-136.80642330263484,-1.1956289945721608,1.1956289945721608,0.023222873330820282,-4,0.0742361111111105,1069,0.46998729617248153,225.8181818181818,82.92583562965183,4.995681818181818,1.7191812253188217
RHF_MPM_P27,913,0.04565,45.65,0,255,6.025416666666667,31.9047613756552,86766,340.25882352941176,22,247,255,0.986893037084966,110,110,273,0.018958333333333334,22,20,0.6204545454545455,70.43589743589743,61.13919413919414,0.0875,0.008472222222222223,0.02423611111111111,0.018194444444444444,0.01375,1,73.47416038540442,63.695283866952494,12.533655440499887,4.293757573871622,0.9394893038699842,-137.00593398411496,-1.3143208942474753,1.3143208942474753,0.024030150058778784,-12,-0.05395833333333311,-777,0.2988961561997032,249.8181818181818,47.21675007455835,5.541811868686867,0.7079731565056822
RHF_MPM_P27,914,0.0457,45.7,0,255,6.193958333333334,32.311454447274016,89193,349.77647058823527,22,250,255,1.034348237736605,111,111,282,0.019583333333333335,23,20,0.6130434782608696,70.7127659574468,61.223404255319146,0.0925,0.00875,0.025138888888888888,0.018680555555555554,0.014097222222222223,1,73.79589205430919,63.84814951845997,12.994593803884062,4.365264183200807,0.9418872211196733,-137.40027865469318,-1.3690410279905771,1.3690410279905771,0.026448263877210096,9,0.16854166666666703,2427,0.3562010305811267,262.90909090909093,31.86749425484603,5.792689393939394,0.2704983928159626
RHF_MPM_P27,915,0.04575,45.75,0,255,6.249444444444444,32.27310756517848,89992,352.90980392156865,22,250,255,1.0836262680802158,110,110,285,0.019791666666666666,23,20,0.6195652173913043,70.77543859649123,61.27368421052632,0.098125,0.008611111111111111,0.025486111111111112,0.018472222222222223,0.014027777777777778,1,74.07119521735265,64.0113121166326,13.701920307995795,4.402954253324157,0.9469644031714887,-137.6377990172451,-1.4564522251125678,1.4564522251125678,0.027758022935372034,3,0.05548611111111068,799,0.3200216633669915,270.72727272727275,25.04937273426553,5.859015151515152,0.2845511493609587
RHF_MPM_P27,916,0.0458,45.8,0,255,6.191666666666666,32.02846281911693,89160,349.6470588235294,22,250,255,1.0884095825394342,110,110,281,0.01951388888888889,23,20,0.6108695652173913,70.66192170818505,61.17437722419929,0.09895833333333333,0.008541666666666666,0.025486111111111112,0.018194444444444444,0.01361111111111111,1,74.09997756841634,63.971882009869894,14.018938534172571,4.395830411401112,0.9495671636244518,-137.97165679289685,-1.5462729566619624,1.5462729566619624,0.02925078510542844,-4,-0.05777777777777793,-832,0.04881758957661766,277.45454545454544,14.920173264675377,5.915972222222222,0.28272561521531386
RHF_MPM_P27,917,0.04585,45.85,0,255,6.079444444444444,31.780528974728856,87544,343.30980392156863,21,249,255,1.0869469712963158,110,110,275,0.019097222222222224,22,19,0.6578947368421053,70.53454545454545,60.93454545454546,0.099375,0.008472222222222223,0.025,0.018055555555555554,0.013402777777777777,1,74.13219638124829,63.889849675591705,14.1350497907157,4.461701121331944,0.9488763348214735,-137.91521143752635,-1.7110837330652962,1.7110837330652962,0.03087590240336288,-6,-0.112222222222222,-1616,0.08813260331698594,280.72727272727275,8.832696582902631,5.9609532828282825,0.2652555967558364
RHF_MPM_P27,918,0.0459,45.9,0,255,5.773472222222222,30.894245088856596,83138,326.03137254901964,19,243,255,1.0462893171942071,109,109,264,0.018333333333333333,22,19,0.631578947368421,70.31439393939394,60.76136363636363,0.09493055555555556,0.008125,0.02409722222222222,0.016875,0.012708333333333334,1,73.81033943563713,63.58069715412928,13.986316414509474,4.411830246520764,0.948945841963457,-137.9357594181765,-1.733596848347321,1.733596848347321,0.030274964516827443,-11,-0.30597222222222253,-4406,0.4462814974483242,281.09090909090907,8.01651188547222,5.998339646464647,0.19892003208674405
RHF_MPM_P27,919,0.04595,45.95,0,255,5.673402777777778,30.838975849996363,81697,320.38039215686274,18,244,255,1.0143731512359069,109,109,260,0.018055555555555554,22,20,0.5909090909090909,70.18846153846154,60.58461538461538,0.09180555555555556,0.008125,0.023541666666666666,0.016875,0.012847222222222222,1,73.4486211243987,63.26713343207217,13.448814311648178,4.284393992824585,0.9478992076781534,-138.08496407730706,-1.7034397556236343,1.7034397556236343,0.02877706647734923,-4,-0.10006944444444432,-1441,0.4787090394754353,279.45454545454544,10.05768486250133,6.006875,0.1820660592858628
RHF_MPM_P27,920,0.046,46.0,0,255,5.553888888888889,30.63641417929703,79976,313.6313725490196,18,243,255,0.9793803272151949,110,110,257,0.017847222222222223,21,20,0.611904761904762,70.03112840466926,60.40466926070039,0.08798611111111111,0.008055555555555555,0.02298611111111111,0.01659722222222222,0.012708333333333334,1,73.20299839951986,63.040087026107834,12.971456138768106,4.213512711961545,0.9457725629510205,-138.20256280875972,-1.7981818889993721,1.7981818889993721,0.026595478643593077,-3,-0.11951388888888825,-1721,0.33448556536602614,276.90909090909093,11.735374227712672,5.987771464646466,0.2146531657450716
RHF_MPM_P27,921,0.04605,46.05,0,255,5.529027777777777,30.61133353386374,79618,312.2274509803922,18,242,255,0.9776125988127689,111,111,252,0.0175,21,19,0.631578947368421,70.02380952380952,60.26587301587302,0.08791666666666667,0.008125,0.022847222222222224,0.016458333333333332,0.012638888888888889,1,73.07695495993369,62.81744077972318,12.755344511815117,4.410549686018325,0.9383154216325624,-138.1009824192561,-1.5976685528301722,1.5976685528301722,0.02616242558215479,-5,-0.02486111111111189,-358,0.2558481965773635,273.0,12.210278829367866,5.941294191919192,0.25059259744736845
RHF_MPM_P27,922,0.0461,46.1,0,255,5.422152777777778,30.262993918664147,78079,306.1921568627451,17,237,255,0.9508261947688612,108,108,249,0.017291666666666667,21,19,0.6240601503759399,69.85943775100401,60.17670682730924,0.08479166666666667,0.007847222222222222,0.0225,0.01611111111111111,0.012083333333333333,1,72.93830607461673,62.76835000448264,12.567286327505942,4.213689275161183,0.9421148607638012,-138.32895576279424,-1.6457230752676713,1.6457230752676713,0.02679337593975333,-3,-0.10687499999999961,-1539,0.14708302965791353,269.3636363636364,12.84362400905408,5.888295454545454,0.2900309205459257
RHF_MPM_P27,923,0.04615,46.15,0,255,5.404027777777777,30.337560793315554,77818,305.1686274509804,17,242,255,0.9350075193819221,110,110,251,0.017430555555555557,21,19,0.6290726817042607,69.85657370517929,60.179282868525895,0.08333333333333333,0.008055555555555555,0.02236111111111111,0.01611111111111111,0.012291666666666666,1,72.79007427587447,62.618597239713175,12.312562356315556,4.221465436818331,0.9393870965345158,-138.26419060796997,-1.6427343634635692,1.6427343634635692,0.027975532653113675,2,-0.01812500000000039,-261,0.21070965026420793,266.27272727272725,12.799793386762213,5.8269002525252525,0.31360629552595226
RHF_MPM_P27,924,0.0462,46.2,0,255,5.3348611111111115,30.191627909306963,76822,301.2627450980392,16,238,255,0.925482485208091,110,110,250,0.017361111111111112,21,19,0.6265664160401002,69.812,60.0,0.08263888888888889,0.007916666666666667,0.022222222222222223,0.01611111111111111,0.012430555555555556,1,72.6572986904793,62.41550597485095,12.139806493307404,4.257979924461877,0.9364708980865277,-138.13933294702767,-1.7078884240968983,1.7078884240968983,0.028754783785894664,-1,-0.06916666666666593,-996,0.24264257239893106,264.1818181818182,13.394830629885016,5.764122474747475,0.33590856457710233
RHF_MPM_P27,925,0.04625,46.25,0,255,5.257916666666667,30.06001415860075,75714,296.91764705882355,16,237,255,0.8989946927408262,111,111,245,0.017013888888888887,20,19,0.6447368421052632,69.68979591836735,59.91428571428571,0.0798611111111111,0.007847222222222222,0.022152777777777778,0.015833333333333335,0.012083333333333333,1,72.43722429141242,62.22928388409013,11.728511119281055,4.27862972053653,0.9310836031755386,-138.28417646792377,-1.75276117649054,1.75276117649054,0.027537839765433076,-5,-0.07694444444444493,-1108,0.28829049275336416,260.8181818181818,13.141317090612837,5.679027777777777,0.33480163382777656
RHF_MPM_P27,926,0.0463,46.3,0,255,5.238819444444444,29.99326973108874,75439,295.8392156862745,16,234,255,0.8972738889480012,109,109,248,0.017222222222222222,21,19,0.6215538847117794,69.78225806451613,60.0,0.07944444444444444,0.007569444444444445,0.021805555555555557,0.015902777777777776,0.012083333333333333,1,72.35121091212768,62.12477630933602,11.573325918141574,4.338958927222322,0.9270610970306009,-137.9122082778558,-1.663716189918896,1.663716189918896,0.026431951643049352,3,-0.01909722222222232,-275,0.13535189173766882,257.45454545454544,11.09761347287733,5.587152777777778,0.30280064029613374
RHF_MPM_P27,927,0.04635,46.35,0,255,5.1802777777777775,29.936653025468363,74596,292.53333333333336,15,235,255,0.8736706865423545,108,108,246,0.017083333333333332,20,19,0.6473684210526316,69.67073170731707,59.947154471544714,0.07736111111111112,0.0077777777777777776,0.021597222222222223,0.015694444444444445,0.012013888888888888,1,72.13585178829965,61.99009330258995,11.233694853620436,4.187809044596873,0.9279157396415466,-138.0822059457032,-1.6226945418499163,1.6226945418499163,0.02593972867177865,-2,-0.058541666666666714,-843,0.25400603245226777,254.27272727272728,8.634928110359366,5.495208333333333,0.2550738110038835
RHF_MPM_P27,928,0.0464,46.4,0,255,5.2432638888888885,30.183060516203575,75503,296.09019607843135,16,238,255,0.8725465141719062,111,111,247,0.017152777777777777,20,19,0.65,69.63967611336032,59.93927125506073,0.07715277777777778,0.008055555555555555,0.021805555555555557,0.015902777777777776,0.012361111111111111,1,72.10569116458949,61.94259830735203,10.987581840559926,4.237631276480839,0.9226348680517277,-138.16440829472924,-1.6168159055832036,1.6168159055832036,0.02666119227050581,1,0.06298611111111097,907,0.05626222351841237,251.72727272727272,5.8167611901986875,5.41919191919192,0.18445740129377253
RHF_MPM_P27,929,0.04645,46.45,0,255,5.2252777777777775,30.170763072340147,75244,295.07450980392156,15,242,255,0.8681528928104562,110,110,247,0.017152777777777777,20,18,0.6861111111111111,69.5425101214575,59.874493927125506,0.07673611111111112,0.00798611111111111,0.021805555555555557,0.016041666666666666,0.012430555555555556,1,71.97679549199937,61.80306735420764,10.82404198072861,4.2722351351410195,0.9188106160329915,-138.34126288311262,-1.5498148021712583,1.5498148021712583,0.027390888310031364,0,-0.017986111111111036,-259,0.18995520866204282,250.1818181818182,4.448047208263661,5.36935606060606,0.15345662168444274
RHF_MPM_P27,930,0.0465,46.5,0,255,5.070555555555556,29.709085212032402,73016,286.33725490196076,15,238,255,0.862807875236107,110,110,240,0.016666666666666666,19,18,0.7017543859649122,69.275,59.61666666666667,0.07652777777777778,0.0077083333333333335,0.021041666666666667,0.015347222222222222,0.011944444444444445,1,71.74389174975347,61.581543771228226,10.776239643598922,4.338985607428205,0.915356764120792,-138.48125553348493,-1.6393534381050285,1.6393534381050285,0.02981538292976882,-7,-0.15472222222222154,-2228,0.32142938721930875,248.36363636363637,4.1401081951766185,5.314551767676767,0.14233028233465395
RHF_MPM_P27,931,0.04655,46.55,0,255,5.088055555555556,29.892183976514698,73268,287.3254901960784,15,239,255,0.8612291180254618,106,106,244,0.016944444444444446,20,18,0.6777777777777778,69.39344262295081,59.64344262295082,0.07680555555555556,0.007847222222222222,0.02125,0.015555555555555555,0.012152777777777778,1,71.66278593656166,61.400242943713494,10.675703678241378,4.409561158338193,0.910709974146455,-138.38223760677388,-1.6531005923314208,1.6531005923314208,0.03014958781459846,4,0.01750000000000007,252,0.19861556583267043,247.1818181818182,3.2702010452009,5.272203282828283,0.13386830116357934
RHF_MPM_P27,932,0.0466,46.6,0,255,5.197916666666667,30.196943758042615,74850,293.52941176470586,15,242,255,0.8799810182705127,111,111,245,0.017013888888888887,20,18,0.6805555555555556,69.46122448979592,59.710204081632654,0.07875,0.00798611111111111,0.02201388888888889,0.01597222222222222,0.0125,1,71.8124916499666,61.45047428189713,10.643792380776478,4.4417405242526256,0.9087650792989963,-139.15214666312548,-1.6651948645811063,1.6651948645811063,0.02887107548430194,1,0.10986111111111097,1582,0.1579081630625891,246.54545454545453,2.934547707557995,5.242102272727273,0.10733162029015858
RHF_MPM_P27,933,0.04665,46.65,0,255,5.315,30.587246752345806,76536,300.1411764705882,15,245,255,0.8836018183562111,111,111,253,0.017569444444444443,21,18,0.6693121693121693,69.71146245059289,59.74308300395257,0.07895833333333334,0.008333333333333333,0.022430555555555554,0.01611111111111111,0.012708333333333334,1,71.82746681300303,61.376959862025714,10.410497936375378,4.482888587679519,0.9025370001112925,-139.52417183111137,-1.4867210719024537,1.4867210719024537,0.027268213651092298,8,0.11708333333333343,1686,0.07502416568678552,246.9090909090909,3.423303706138679,5.232361111111111,0.09466349282007083
RHF_MPM_P27,934,0.0467,46.7,0,255,5.302361111111111,30.435217539018453,76354,299.42745098039217,16,244,255,0.8866229926658816,111,111,251,0.017430555555555557,20,18,0.6972222222222222,69.60159362549801,59.69322709163347,0.07881944444444444,0.008055555555555555,0.022916666666666665,0.016180555555555556,0.012569444444444444,1,71.85675930534092,61.39129580637557,10.33945597874353,4.508318146209808,0.8999318886697064,-139.63245410785228,-1.4967560184942221,1.4967560184942221,0.027791602273620243,-2,-0.012638888888889532,-182,0.032612411866761344,246.9090909090909,3.423303706138679,5.223118686868687,0.08149950066370222
RHF_MPM_P27,935,0.04675,46.75,0,255,5.243125,30.367201581657827,75501,296.08235294117645,15,242,255,0.8613660381060083,110,110,251,0.017430555555555557,20,18,0.6972222222222222,69.52988047808765,59.645418326693225,0.07625,0.008194444444444445,0.02236111111111111,0.016180555555555556,0.0125,1,71.66254751592695,61.23117574601661,10.120110525061772,4.492195957344951,0.8960822584609303,-139.53089856194686,-1.4111239990641116,1.4111239990641116,0.026847326525476483,0,-0.05923611111111082,-853,0.2517074748129899,247.0,3.5161962919661303,5.21477904040404,0.0739856811377511
RHF_MPM_P27,936,0.0468,46.8,0,255,5.221875,30.22972933013565,75195,294.88235294117646,15,240,255,0.876590763157501,110,110,250,0.017361111111111112,20,18,0.6944444444444444,69.56,59.604,0.07798611111111112,0.008125,0.022291666666666668,0.01597222222222222,0.012430555555555556,1,71.69863687745196,61.20843141166301,10.219534519423773,4.530978911711298,0.8963414034428616,-139.4331126442396,-1.3915556379931064,1.3915556379931064,0.02786089500631691,-1,-0.021250000000000213,-306,0.04265848989910149,247.45454545454547,3.5512772699317474,5.211502525252525,0.07279116949670665
RHF_MPM_P27,937,0.04685,46.85,0,255,5.249027777777778,30.263707851875537,75586,296.4156862745098,15,240,255,0.8877074064421779,111,111,249,0.017291666666666667,20,18,0.6916666666666667,69.5582329317269,59.570281124497996,0.07916666666666666,0.00798611111111111,0.02236111111111111,0.016041666666666666,0.012430555555555556,1,71.72473738523007,61.17466197443971,10.139186357093909,4.566295602533317,0.8928464799836929,-140.41195386277508,-1.436632501591105,1.436632501591105,0.02839150107162702,-1,0.027152777777778248,391,0.042680339697026046,247.54545454545453,3.5767846496192734,5.212430555555556,0.07319746318502279
RHF_MPM_P27,938,0.0469,46.9,0,255,5.286597222222222,30.41219626197126,76127,298.5372549019608,15,242,255,0.8871889518002894,111,111,252,0.0175,21,18,0.6666666666666666,69.66666666666667,59.58730158730159,0.07930555555555556,0.008125,0.022708333333333334,0.01611111111111111,0.012569444444444444,1,71.79790350335624,61.206536445676306,10.188151562150647,4.563210454745498,0.8940867389361518,-140.2960064402576,-1.4744190996245727,1.4744190996245727,0.02870203738489629,3,0.03756944444444432,541,0.07980766102489772,248.0909090909091,3.752684989190962,5.2220959595959595,0.07530292021481146
RHF_MPM_P27,939,0.04695,46.95,0,255,5.201736111111111,30.16844948299698,74905,293.7450980392157,15,239,255,0.8725319450126291,112,112,242,0.016805555555555556,20,18,0.6722222222222223,69.48347107438016,59.35950413223141,0.07756944444444444,0.0077777777777777776,0.022083333333333333,0.015902777777777776,0.012430555555555556,1,71.78729056805287,61.16160469928576,10.102999413487767,4.60646567521004,0.8900052350172409,-140.27917409406902,-1.62005257437865,1.62005257437865,0.02863627261197517,-10,-0.0848611111111115,-1222,0.04616813001907123,247.63636363636363,4.140108195176618,5.218320707070707,0.07518794153411518
RHF_MPM_P27,940,0.047,47.0,0,255,5.233055555555556,30.265838215483182,75356,295.51372549019607,15,239,255,0.8828353818149037,111,111,249,0.017291666666666667,20,18,0.6916666666666667,69.5582329317269,59.570281124497996,0.07854166666666666,0.007916666666666667,0.022291666666666668,0.01597222222222222,0.012430555555555556,1,71.82199161314294,61.18960666702054,10.094082643302707,4.486158749306144,0.8958113415466195,-141.01868541650788,-1.5466444051037098,1.5466444051037098,0.02892934869154414,7,0.03131944444444468,451,0.04459005188787136,247.8181818181818,4.152068089697904,5.219027777777777,0.07528654809322498
RHF_MPM_P27,941,0.04705,47.05,0,255,5.21,30.157149695847878,75024,294.21176470588233,15,239,255,0.8748452739669501,111,111,246,0.017083333333333332,20,18,0.6833333333333333,69.58536585365853,59.48780487804878,0.07784722222222222,0.007847222222222222,0.022222222222222223,0.016041666666666666,0.0125,1,71.80216997227554,61.21447803369588,10.257414690141557,4.492536614847275,0.8989849948591021,-140.03730468257348,-1.5460841267384342,1.5460841267384342,0.028644167199829387,-3,-0.023055555555555607,-332,0.0318038099443401,248.36363636363637,3.41847194126603,5.231704545454546,0.0592517761419169
RHF_MPM_P27,942,0.0471,47.1,0,255,5.219513888888889,30.21014260857374,75161,294.74901960784314,15,238,255,0.8727985200996514,111,111,245,0.017013888888888887,20,18,0.6805555555555556,69.49795918367347,59.60408163265306,0.07763888888888888,0.00798611111111111,0.02236111111111111,0.016041666666666666,0.012430555555555556,1,71.81241601362409,61.26235680738681,10.267479397385676,4.514195678651707,0.8981644914980809,-140.1751083644576,-1.526871077964284,1.526871077964284,0.028246031851625178,-1,0.009513888888888822,137,0.048962826036321495,248.45454545454547,3.312884937870654,5.2436553030303035,0.038801424377805524
RHF_MPM_P27,943,0.04715,47.15,0,255,5.2120138888888885,30.168086662708586,75053,294.3254901960784,15,238,255,0.8774125991929353,111,111,246,0.017083333333333332,20,18,0.6833333333333333,69.57723577235772,59.60162601626016,0.07784722222222222,0.0077777777777777776,0.02236111111111111,0.01597222222222222,0.0125,1,71.7663251302413,61.19053202403635,10.186451442842008,4.46570083295627,0.8987818635213637,-140.61890511308982,-1.3393090992596322,1.3393090992596322,0.028113466483684863,1,-0.007500000000000284,-108,0.08534148483794979,248.54545454545453,3.229512666969384,5.244936868686869,0.03747986803583876
RHF_MPM_P27,944,0.0472,47.2,0,255,5.162847222222222,29.957487381732452,74345,291.54901960784315,15,235,255,0.8753221028113976,110,110,244,0.016944444444444446,20,18,0.6777777777777778,69.53688524590164,59.59016393442623,0.0775,0.007638888888888889,0.022222222222222223,0.015902777777777776,0.012013888888888888,1,71.73045934494586,61.19175465734077,10.047933076785204,4.536292275498682,0.8922887194539656,-140.4638688825168,-1.5225696887495062,1.5225696887495062,0.028031474880624116,-2,-0.04916666666666636,-708,0.035886618495699005,247.72727272727272,3.13603423830188,5.231104797979797,0.03714520071118063
RHF_MPM_P27,945,0.04725,47.25,0,255,5.091458333333334,29.725113948682402,73317,287.5176470588235,15,232,255,0.8619253748345559,110,110,244,0.016944444444444446,20,18,0.6777777777777778,69.52459016393442,59.622950819672134,0.07618055555555556,0.0075,0.02201388888888889,0.015625,0.012013888888888888,1,71.68322490009139,61.166673486367415,10.000986902064904,4.494405417788405,0.8933325605372513,-140.16464926694167,-1.5243194486661957,1.5243194486661957,0.028192642906829248,0,-0.0713888888888885,-1028,0.053480444258668595,247.0909090909091,3.1175323999058633,5.211931818181818,0.04820171962618061
RHF_MPM_P27,946,0.0473,47.3,0,255,4.957222222222223,29.311876206213668,71384,279.9372549019608,14,230,255,0.8544089196254254,107,107,236,0.01638888888888889,19,18,0.6900584795321637,69.16525423728814,59.42796610169491,0.075625,0.007430555555555556,0.021180555555555557,0.01513888888888889,0.01173611111111111,1,71.50752269416115,61.13757984982629,10.050863523235197,4.468770870687339,0.8957214715201592,-139.98545597304425,-1.4850092111449475,1.4850092111449475,0.02885800739661549,-8,-0.134236111111111,-1933,0.17809465139621172,245.72727272727272,4.20153454846958,5.1859406565656565,0.08635575566560622
RHF_MPM_P27,947,0.04735,47.35,0,255,4.971319444444444,29.378430242898343,71587,280.73333333333335,14,229,255,0.8556614205112487,110,110,236,0.01638888888888889,20,18,0.6555555555555556,69.32203389830508,59.41525423728814,0.07583333333333334,0.007361111111111111,0.021111111111111112,0.015277777777777777,0.011666666666666667,1,71.55887242097029,61.18717085504351,10.21863951314588,4.418012343890849,0.9017066426848652,-139.6280103188055,-1.5987353852837414,1.5987353852837414,0.029809881682428374,0,0.01409722222222154,203,0.07138670913992008,244.45454545454547,4.793245936896024,5.163162878787879,0.10492177639956596
RHF_MPM_P27,948,0.0474,47.4,0,255,5.029166666666667,29.513440617510753,72420,284.0,15,231,255,0.8731688098779462,110,110,236,0.01638888888888889,20,18,0.6555555555555556,69.34322033898304,59.389830508474574,0.07791666666666666,0.007569444444444445,0.021041666666666667,0.015416666666666667,0.011805555555555555,1,71.62829328914664,61.204943385805024,10.580541867400008,4.441231188893578,0.9076376315797183,-139.39987369223059,-1.472103386492171,1.472103386492171,0.029784589892294946,0,0.057847222222222605,833,0.07165975012534745,243.27272727272728,5.118432094639727,5.143175505050506,0.10756905966842498
RHF_MPM_P27,949,0.04745,47.45,0,255,5.055833333333333,29.732099084528528,72804,285.50588235294117,14,235,255,0.8649446450583094,110,110,239,0.01659722222222222,20,18,0.6638888888888889,69.43096234309624,59.42677824267783,0.07708333333333334,0.007569444444444445,0.021319444444444443,0.015694444444444445,0.011875,1,71.57334761826273,61.160732926762265,10.267159372590271,4.4625471775018495,0.9006029162302458,-139.62085231880437,-1.5067443025463394,1.5067443025463394,0.029242898741827374,3,0.026666666666666394,384,0.07052369415774,242.0909090909091,4.42008937496117,5.12219696969697,0.09977242567684352
RHF_MPM_P27,950,0.0475,47.5,0,255,5.034375,29.738975530128755,72495,284.29411764705884,14,235,255,0.8466959763094961,111,111,238,0.016527777777777777,20,17,0.7,69.44117647058823,59.33613445378151,0.075,0.0075,0.021527777777777778,0.015694444444444445,0.011944444444444445,1,71.46920477274294,60.92933305745224,9.79619383382118,4.557989859688547,0.8851626553499068,-139.8057178986587,-1.6364287567542282,1.6364287567542282,0.028526105248637836,-1,-0.021458333333333357,-309,0.25375506258921227,241.72727272727272,4.574452954694227,5.106982323232323,0.09924248970298809
RHF_MPM_P27,951,0.04755,47.55,0,255,5.033888888888889,29.776747385779785,72488,284.26666666666665,14,237,255,0.8490761868285905,110,110,239,0.01659722222222222,20,17,0.7029411764705882,69.38075313807532,59.40167364016737,0.075625,0.0075,0.02125,0.015625,0.012083333333333333,1,71.4755131883898,60.94670842070412,9.887896155615877,4.56373757287955,0.8871152960225499,-139.7602602703596,-1.5466860870429961,1.5466860870429961,0.0292186292903653,1,-0.00048611111111096506,-7,0.01848511174183886,240.8181818181818,3.9958656319701658,5.088876262626263,0.09253100506672499
RHF_MPM_P27,952,0.0476,47.6,0,255,5.117847222222222,29.97511353567587,73697,289.0078431372549,14,239,255,0.8683471460571253,112,112,239,0.01659722222222222,20,17,0.7029411764705882,69.48535564853556,59.38493723849373,0.07743055555555556,0.0077083333333333335,0.021875,0.01597222222222222,0.012291666666666666,1,71.60794876317897,61.02039431727207,10.026852163451869,4.5164847924296705,0.8928072297182077,-139.98308019487004,-1.5778326433523486,1.5778326433523486,0.029567010868827768,0,0.08395833333333336,1209,0.151554586940682,240.1818181818182,3.6635348508381607,5.080498737373738,0.0850551694793904
RHF_MPM_P27,953,0.04765,47.65,0,255,5.080486111111111,29.917683033567783,73159,286.89803921568625,14,239,255,0.8408067625395441,111,111,241,0.01673611111111111,20,17,0.7088235294117647,69.52697095435684,59.31120331950208,0.074375,0.0077083333333333335,0.021944444444444444,0.015902777777777776,0.012222222222222223,1,71.4837408931232,60.91097472628111,9.698070492610182,4.401023936088355,0.8911014863613954,-140.44705453337056,-1.3563110954260194,1.3563110954260194,0.026968657308055057,2,-0.03736111111111118,-538,0.165530184185302,239.8181818181818,3.3525616208337774,5.067859848484849,0.07292326700635751
RHF_MPM_P27,954,0.0477,47.7,0,255,5.05125,29.848853246048947,72738,285.2470588235294,14,236,255,0.8432894126082711,107,107,245,0.017013888888888887,20,17,0.7205882352941176,69.5469387755102,59.4,0.07458333333333333,0.007638888888888889,0.021875,0.015833333333333335,0.012083333333333333,1,71.43780417388435,60.79024718853969,9.362217196315662,4.6029957056185475,0.870789185444899,-140.84766617961728,-1.3676164860786428,1.3676164860786428,0.027220984904726554,4,-0.029236111111111462,-421,0.1291716708242794,239.72727272727272,3.1934851036818714,5.05324494949495,0.05692242191569406
RHF_MPM_P27,955,0.04775,47.75,0,255,5.074375,29.823256380501995,73071,286.5529411764706,14,236,255,0.8518650485283472,110,110,244,0.016944444444444446,20,17,0.7176470588235294,69.51639344262296,59.40573770491803,0.07548611111111111,0.0077083333333333335,0.021944444444444444,0.015833333333333335,0.011944444444444445,1,71.461906912455,60.82110550013001,9.492287620600973,4.581873224590559,0.8757889031993981,-141.23079402277946,-1.2277994486283168,1.2277994486283168,0.025961051579970165,-1,0.023125000000000284,333,0.03915580928560981,239.72727272727272,3.1934851036818714,5.04520202020202,0.04608690240273559
RHF_MPM_P27,956,0.0478,47.8,0,255,5.098958333333333,29.90038320125006,73425,287.94117647058823,14,237,255,0.8564707815554584,111,111,242,0.016805555555555556,20,17,0.711764705882353,69.48760330578513,59.30578512396694,0.0757638888888889,0.007638888888888889,0.022083333333333333,0.015833333333333335,0.012152777777777778,1,71.60464419475656,60.952686414708886,9.676592361821987,4.615619823695169,0.8789097286950014,-140.46352568017122,-1.5282110841954915,1.5282110841954915,0.02801498127340824,-2,0.02458333333333318,354,0.19413260632940257,239.54545454545453,2.9958649187789237,5.04588383838384,0.04681589606152441
RHF_MPM_P27,957,0.04785,47.85,0,255,4.974722222222222,29.519853016996233,71636,280.92549019607844,14,232,255,0.8418107710899931,109,109,239,0.01659722222222222,20,17,0.7029411764705882,69.36401673640168,59.37656903765691,0.07423611111111111,0.007569444444444445,0.021388888888888888,0.015416666666666667,0.011805555555555555,1,71.45027639734212,60.87729633145346,9.783452440168734,4.477464376473192,0.8891288853977675,-140.76872891011723,-1.366915207618235,1.366915207618235,0.02763973421184879,-3,-0.12423611111111121,-1789,0.17179371796385662,239.8181818181818,2.790183500585965,5.047474747474748,0.043987872181618724
RHF_MPM_P27,958,0.0479,47.9,0,255,4.857430555555555,29.30778753274668,69947,274.30196078431374,13,232,255,0.8026675897619551,111,111,232,0.01611111111111111,19,17,0.718266253869969,69.05172413793103,59.14224137931034,0.07041666666666667,0.007430555555555556,0.020694444444444446,0.015208333333333334,0.011597222222222222,1,71.0684804208901,60.658741618654126,9.474800828057981,4.093487161477505,0.9018547367936364,-141.25023252597396,-1.612451787666119,1.612451787666119,0.02797832644716714,-7,-0.11729166666666657,-1689,0.4399253688090218,239.45454545454547,3.4473609501560984,5.037121212121212,0.06770408471283232
RHF_MPM_P27,959,0.04795,47.95,0,11,0.01902777777777778,0.34245705214191224,274,24.90909090909091,0,0,6,0.056060984797548924,3,8,10,0.0006944444444444445,93,107,0.0010049241282283187,89.2,60.7,0.0045138888888888885,0.0,0.0,0.0,0.0,0,85.08029197080292,58.55474452554745,33.48438493893415,27.064400547066985,0.5888129842282753,102.15001656781904,-0.3623939706920303,0.3623939706920303,0.0,-222,-4.838402777777778,-69673,14.168897863915587,218.9090909090909,66.14372030311864,4.58165404040404,1.4444145377446715
RHF_MPM_P27,960,0.048,48.0,0,255,3.2270833333333333,22.603778318476614,46470,182.23529411764707,3,102,255,0.6599070016277367,107,107,139,0.009652777777777777,14,13,0.7637362637362637,64.23021582733813,55.115107913669064,0.05513888888888889,0.003125,0.014722222222222222,0.008819444444444444,0.006458333333333333,1,63.168194534108025,53.59928986442866,7.414848774380173,5.454057167198504,0.6774609003306238,-135.95016193201434,0.5600116895221869,0.5600116895221869,0.013406498816440715,129,3.2080555555555557,46196,22.46545225393014,209.8181818181818,69.5424241764017,4.415404040404041,1.4849442302487872
RHF_MPM_P27,961,0.04805,48.05,0,255,6.407986111111111,28.166176131819807,92275,361.8627450980392,38,166,255,1.3121230790178176,107,107,193,0.013402777777777777,18,19,0.564327485380117,62.03626943005181,52.83419689119171,0.11833333333333333,0.005277777777777778,0.03027777777777778,0.011875,0.009027777777777777,1,53.64910322405852,42.053373069628826,18.65485787754827,4.824885777870038,0.9659738791365209,50.124214650548964,-0.6837598168840844,0.6837598168840844,0.011335681387157952,54,3.1809027777777774,45805,14.963999933223098,205.72727272727272,69.08636348683227,4.540277777777778,1.5860581023112383
RHF_MPM_P27,962,0.0481,48.1,0,255,6.372708333333334,30.16851361101942,91767,359.8705882352941,33,227,255,1.2344562052186527,112,112,223,0.015486111111111112,25,27,0.33037037037037037,61.3542600896861,52.130044843049326,0.11201388888888889,0.007430555555555556,0.027569444444444445,0.014375,0.011319444444444444,1,54.25430710386087,43.05176152647466,19.713985073546226,4.5838925141697535,0.9725916549765168,51.09557221159996,-1.0553845574886263,1.0553845574886263,0.023003912081685136,30,-0.035277777777777075,-508,1.1674978573388526,204.27272727272728,68.53677302148348,4.6619886363636365,1.6684937216441367
RHF_MPM_P27,963,0.04815,48.15,0,255,6.184583333333333,30.510034070663625,89058,349.2470588235294,30,236,255,1.1197880047702766,110,110,233,0.016180555555555556,19,19,0.6454293628808865,61.532188841201716,52.351931330472105,0.09944444444444445,0.007847222222222222,0.0275,0.015277777777777777,0.011875,1,55.24795077365312,44.58202519706259,18.895528668335132,4.519033277579415,0.9709804504068349,50.39640693012449,-1.1615364987982086,1.1615364987982086,0.004536369556917963,10,-0.18812500000000032,-2709,1.8245642340130102,203.72727272727272,68.28162392100276,4.758964646464647,1.7223035325315692
RHF_MPM_P27,964,0.0482,48.2,0,255,5.738402777777778,31.662933511599846,82633,324.0509803921569,17,248,255,0.8810921399955555,108,108,279,0.019375,22,20,0.634090909090909,60.68458781362007,51.598566308243726,0.07604166666666666,0.008402777777777778,0.025555555555555557,0.017847222222222223,0.013402777777777777,1,58.50159137390631,48.6569772366972,14.905126375797506,4.585378116738366,0.9515035856985664,49.48087661589902,-2.3751500150466742,2.3751500150466742,0.06084736122372418,46,-0.44618055555555536,-6425,5.214538453299407,207.1818181818182,70.98760222335649,4.818775252525253,1.7437211163107735
RHF_MPM_P27,965,0.04825,48.25,0,255,6.058055555555556,33.390011673440135,87236,342.10196078431375,15,254,255,0.8273241287666404,109,109,311,0.021597222222222223,24,22,0.5890151515151515,59.848874598070736,51.154340836012864,0.07111111111111111,0.009583333333333333,0.027430555555555555,0.020416666666666666,0.015347222222222222,1,59.69508001283874,50.55368196616076,8.379165261893062,4.985948625054004,0.8036951909701814,-137.34512536693495,0.39641086905807593,0.39641086905807593,0.00554816818744555,32,0.3196527777777778,4603,2.240960499881738,213.1818181818182,76.50527989125763,4.91030303030303,1.7795764851697442
RHF_MPM_P27,966,0.0483,48.3,0,255,6.539583333333334,34.22682654559059,94170,369.29411764705884,19,254,255,0.9501072800540411,109,109,333,0.023125,25,23,0.5791304347826087,59.16216216216216,50.6036036036036,0.083125,0.009652777777777777,0.029305555555555557,0.021666666666666667,0.01597222222222222,1,58.996315174684085,49.860008495274506,9.168717120222194,5.377505346567553,0.8099450602872209,-136.10237378730747,0.4207432506630786,0.4207432506630786,0.007337793352447701,22,0.481527777777778,6934,0.9846091525334703,221.27272727272728,83.70412274965467,5.043503787878787,1.8406590955627347
RHF_MPM_P27,967,0.04835,48.35,0,255,6.585625,33.8204269557687,94833,371.8941176470588,21,252,255,0.9586908230352873,107,107,330,0.022916666666666665,25,24,0.55,59.0,50.6030303030303,0.083125,0.009236111111111112,0.03090277777777778,0.020972222222222222,0.01513888888888889,1,58.15779317326247,49.365463498992966,10.060289264539346,4.9140725399643905,0.8725849713533038,-137.0999589030648,0.5946649768081532,0.5946649768081532,0.007012326932607848,-3,0.046041666666666536,663,0.9734957114518898,229.27272727272728,89.31974322021767,5.178655303030303,1.8935878005088032
RHF_MPM_P27,968,0.0484,48.4,0,255,6.4622222222222225,33.0746750308308,93056,364.92549019607844,23,251,255,1.013202326454868,108,108,308,0.021388888888888888,25,21,0.5866666666666667,59.62662337662338,51.311688311688314,0.08881944444444445,0.008888888888888889,0.029375,0.01951388888888889,0.014305555555555556,1,58.19769816024759,49.58852733837689,10.695541327364431,4.9297052744949434,0.8874457515223365,-138.29951662980275,0.7925853879448114,0.7925853879448114,0.011423229023383769,-22,-0.12340277777777775,-1777,0.2266051288629198,235.54545454545453,92.16029872541118,5.313882575757575,1.9270143441228544
RHF_MPM_P27,969,0.04845,48.45,0,255,6.306111111111111,32.62839026895458,90808,356.10980392156864,22,251,255,1.0392797860504615,110,110,294,0.020416666666666666,24,20,0.6125,60.085034013605444,51.54081632653061,0.09222222222222222,0.008819444444444444,0.027569444444444445,0.01875,0.014027777777777778,1,58.26371024579332,49.45743767068981,11.18777919449881,5.143773243515378,0.8880395131697748,-138.9454489106651,1.0091569135508505,1.0091569135508505,0.017784776671658883,-14,-0.15611111111111153,-2248,0.14677226036416818,241.1818181818182,93.65489666547867,5.445580808080808,1.940773216536112
RHF_MPM_P27,970,0.0485,48.5,0,255,5.824861111111111,31.144129886217705,83878,328.93333333333334,21,242,255,0.9970226779860033,106,106,273,0.018958333333333334,23,19,0.6247139588100686,60.582417582417584,51.99267399267399,0.08840277777777777,0.00798611111111111,0.025208333333333333,0.017361111111111112,0.012708333333333334,1,58.38991153818641,49.64566394048499,11.703903513430875,4.691102529083767,0.9161589209806107,-139.20813783526796,1.2641882267322824,1.2641882267322824,0.024678700016690907,-21,-0.4812500000000002,-6930,0.2266183903452993,265.09090909090907,58.59173777536548,5.973383838383838,0.9077768442775345
RHF_MPM_P27,971,0.04855,48.55,0,255,4.962916666666667,28.648225897053575,71466,280.25882352941176,16,210,255,0.8989749118735058,105,105,239,0.01659722222222222,22,18,0.6035353535353535,61.37656903765691,52.58158995815899,0.079375,0.006388888888888889,0.021180555555555557,0.014861111111111111,0.010833333333333334,1,58.8717571992276,50.00975288948591,12.18045122600964,4.487521729955663,0.9296594593175025,-139.20983038254627,1.6494208636068377,1.6494208636068377,0.03149749531245627,-34,-0.8619444444444442,-12412,0.6039337743898907,274.1818181818182,44.349476130590894,6.131186868686869,0.45423306693287474
RHF_MPM_P27,972,0.0486,48.6,0,255,4.2086805555555555,26.21858956040245,60605,237.66666666666666,13,165,255,0.8228732428772447,108,108,191,0.01326388888888889,18,16,0.6631944444444444,62.78534031413613,53.481675392670155,0.07256944444444445,0.005,0.018125,0.012569444444444444,0.009097222222222222,1,59.70908340895966,50.67055523471661,12.485131084304887,4.171419273876201,0.9425337441336925,-139.07746726716857,2.060911210379588,2.060911210379588,0.03519511591452851,-48,-0.7542361111111111,-10861,1.066665327535606,274.0,44.684754365748425,5.93125,0.7038397872583976
RHF_MPM_P27,973,0.04865,48.65,0,255,3.7731944444444445,25.143708144185275,54334,213.07450980392156,9,151,255,0.7553625245663154,106,106,182,0.012638888888888889,17,16,0.6691176470588235,63.010989010989015,53.785714285714285,0.06618055555555556,0.0045138888888888885,0.01611111111111111,0.011319444444444444,0.008125,1,60.65684470129201,51.45746677954872,11.9411272357049,4.268448879009953,0.933929297498099,-138.63058873893667,2.574045876361359,2.574045876361359,0.033956638568851914,-9,-0.435486111111111,-6271,1.2318608876953376,270.27272727272725,50.15809716031701,5.694930555555556,0.9193524178441298
RHF_MPM_P27,974,0.0487,48.7,0,255,3.557361111111111,24.803710827496026,51226,200.8862745098039,4,151,255,0.6856897105182916,105,105,176,0.012222222222222223,17,15,0.6901960784313725,63.02840909090909,54.05681818181818,0.059097222222222225,0.0045138888888888885,0.015694444444444445,0.011041666666666667,0.008263888888888888,1,61.31915433568891,52.16003591925975,11.232256021491745,4.1196807448931265,0.9303107307822521,-138.70211843069436,2.9911406377391754,2.9911406377391754,0.03049232811462929,-6,-0.21583333333333332,-3108,0.9655347989012363,265.09090909090907,56.30833063742482,5.456092171717171,1.0870836435014186
RHF_MPM_P27,975,0.04875,48.75,0,255,3.5031944444444445,24.88942470242627,50446,197.82745098039214,1,150,255,0.618070023630801,106,106,177,0.012291666666666666,17,15,0.6941176470588235,63.005649717514125,54.03954802259887,0.05215277777777778,0.004652777777777777,0.015694444444444445,0.011319444444444444,0.008125,1,61.94873726360861,52.77821829282797,9.558234344985372,4.092475277799126,0.9037018722024611,-138.76664100293996,3.025510797507093,3.025510797507093,0.020675573880981644,1,-0.054166666666666696,-780,0.8823401328956958,255.8181818181818,61.420781472513156,5.2528914141414145,1.2165216269000583
RHF_MPM_P27,976,0.0488,48.8,0,255,3.4454166666666666,24.76061935129496,49614,194.56470588235294,0,151,255,0.5901574170244062,107,107,174,0.012083333333333333,17,15,0.6823529411764706,63.206896551724135,54.11494252873563,0.04895833333333333,0.0045138888888888885,0.015347222222222222,0.011111111111111112,0.008125,1,62.58070302737131,53.23334139557383,7.8964000748764365,4.275289277653069,0.840750612906272,-139.97950889264473,2.3174953888559973,2.3174953888559973,0.01368565324303624,-3,-0.05777777777777793,-832,0.7787925046000259,243.36363636363637,62.84218723013839,5.015378787878788,1.289020576041257
RHF_MPM_P27,977,0.04885,48.85,0,255,3.515347222222222,25.26282486220267,50621,198.51372549019607,0,160,255,0.5645459010719552,108,108,177,0.012291666666666666,16,15,0.7375,63.31638418079096,54.2090395480226,0.04631944444444445,0.004930555555555555,0.01576388888888889,0.011597222222222222,0.008402777777777778,1,62.8925347187926,53.478911914027776,6.803015665428969,4.319691676990302,0.7725391119537622,-139.2939031813501,1.2094439163278552,1.2094439163278552,0.011714505837498272,3,0.0699305555555556,1007,0.3969179805808777,229.1818181818182,58.46338120694663,4.740448232323232,1.2567184825227786
RHF_MPM_P27,978,0.0489,48.9,0,255,3.5820833333333333,25.598091532459343,51582,202.28235294117647,0,166,255,0.5493189194968211,109,109,183,0.012708333333333334,16,16,0.71484375,63.19125683060109,54.13661202185792,0.045,0.005,0.01611111111111111,0.011805555555555555,0.008680555555555556,1,62.91357450273351,53.59241595905549,6.560273134099081,4.120922556453619,0.7780815633081675,-140.9744394439764,0.790085779030772,0.790085779030772,0.010158582451242681,6,0.06673611111111111,961,0.11543760542359159,215.8181818181818,50.09231148012126,4.4673989898989905,1.1477159906061147
RHF_MPM_P27,979,0.04895,48.95,0,255,3.644791666666667,25.826093218464532,52485,205.8235294117647,0,170,255,0.5602442876930971,107,107,185,0.012847222222222222,16,16,0.72265625,63.13513513513514,54.23243243243243,0.04604166666666667,0.005277777777777778,0.01673611111111111,0.012083333333333333,0.008958333333333334,1,62.91622368295703,53.607887967990855,6.552509828357587,4.322304324245621,0.75158080946412,-141.87872121062512,0.7345312197370654,0.7345312197370654,0.010422025340573498,2,0.06270833333333359,903,0.01569717224065625,204.63636363636363,41.20739723371108,4.21126893939394,0.9754023130600916
RHF_MPM_P27,980,0.049,49.0,0,255,3.6749305555555556,25.963667656739524,52919,207.52549019607844,0,173,255,0.5551587447508766,109,109,188,0.013055555555555556,17,15,0.7372549019607844,63.069148936170215,54.191489361702125,0.04527777777777778,0.005277777777777778,0.016875,0.012083333333333333,0.008888888888888889,1,62.924563956235,53.630491883822444,6.299536490428456,4.4263585261526615,0.7115373386351581,-141.9241423233403,0.13952246106039456,0.13952246106039456,0.010922353030102609,3,0.030138888888888715,434,0.024093508861780417,195.0,30.072639331519213,3.972070707070707,0.7220820776385122
RHF_MPM_P27,981,0.04905,49.05,0,255,3.700277777777778,26.025044560332336,53284,208.95686274509805,0,175,255,0.5671013957967144,108,108,191,0.01326388888888889,18,15,0.7074074074074074,63.16230366492147,54.20942408376963,0.04645833333333333,0.005208333333333333,0.016875,0.012083333333333333,0.008888888888888889,1,62.953738458073715,53.61889122438255,6.51249881419118,4.263318059777943,0.7559439981456472,-143.0793328267041,0.5567882148634592,0.5567882148634592,0.011072742286615119,3,0.02534722222222241,365,0.03139628731200074,187.54545454545453,17.238243088940024,3.7789267676767677,0.4227740118284745
RHF_MPM_P27,982,0.0491,49.1,0,255,3.7311805555555555,26.168347079708077,53729,210.7019607843137,0,177,255,0.5649119695508089,105,105,196,0.01361111111111111,18,15,0.725925925925926,63.32142857142857,54.16836734693877,0.04638888888888889,0.005347222222222222,0.016875,0.012083333333333333,0.008958333333333334,1,62.956894786800426,53.61705968843641,6.548284372913036,4.256692990583136,0.7598939548248759,-142.9383409808459,0.7601961236220622,0.7601961236220622,0.010739079454298424,5,0.0309027777777775,445,0.003649237585175055,183.63636363636363,6.905501459939252,3.6669507575757576,0.19740112380983185
RHF_MPM_P27,983,0.04915,49.15,0,255,3.7516666666666665,26.281362164511606,54024,211.85882352941175,0,180,255,0.5597081277282494,107,107,197,0.013680555555555555,18,16,0.6840277777777778,63.243654822335024,54.08629441624365,0.04569444444444445,0.005208333333333333,0.017152777777777777,0.012152777777777778,0.008958333333333334,1,62.993780541981344,53.63938249666815,6.404893506745094,4.270407340579026,0.745289187339596,-140.9768977522518,0.6485496557865031,0.6485496557865031,0.009532800236931734,1,0.020486111111110983,295,0.04311457645179256,184.1818181818182,7.661214973881954,3.6254040404040406,0.10589764567040594
RHF_MPM_P27,984,0.0492,49.2,0,255,3.7318055555555554,26.202473156512287,53738,210.7372549019608,0,180,255,0.5562410256837674,101,101,198,0.01375,18,15,0.7333333333333333,63.27272727272727,54.101010101010104,0.04541666666666667,0.005208333333333333,0.017152777777777777,0.012222222222222223,0.008888888888888889,1,63.056291637202726,53.655811530016,6.353494304919105,4.363043770398412,0.7269261719664645,-141.2663414432139,0.33734637397962264,0.33734637397962264,0.009639361345788827,1,-0.019861111111111107,-286,0.06463397065415033,185.63636363636363,8.573455092983513,3.6216414141414135,0.10121128796356534
RHF_MPM_P27,985,0.04925,49.25,0,255,3.7593055555555557,26.305747356085355,54134,212.29019607843136,0,184,255,0.5651983464406629,109,109,194,0.013472222222222222,17,16,0.7132352941176471,63.45360824742268,54.154639175257735,0.04604166666666667,0.005277777777777778,0.017152777777777777,0.012430555555555556,0.009097222222222222,1,63.128181918941884,53.61543577049544,6.478799971329477,4.300110723082644,0.7479809038498321,-141.67905015242962,0.5867467584061659,0.5867467584061659,0.00990135589463184,-4,0.027500000000000302,396,0.08245249884265478,187.27272727272728,8.291188193069347,3.64,0.10608445048224066
RHF_MPM_P27,986,0.0493,49.3,0,255,3.809652777777778,26.534944541564073,54859,215.13333333333333,0,187,255,0.5586186732149928,108,108,197,0.013680555555555555,17,16,0.7242647058823529,63.441624365482234,54.09644670050761,0.04555555555555556,0.005486111111111111,0.017222222222222222,0.012638888888888889,0.009375,1,63.17499407572139,53.61353652089903,6.355474177646122,4.322281049161792,0.7331305861626678,-141.4983465198527,0.30636184552018353,0.30636184552018353,0.010390273245957819,3,0.05034722222222232,725,0.04685066884665383,189.0909090909091,8.027844106093212,3.667859848484848,0.10673733231995038
RHF_MPM_P27,987,0.04935,49.35,0,255,3.844513888888889,26.641765543812472,55361,217.10196078431372,0,188,255,0.5721888564530311,108,108,201,0.013958333333333333,18,16,0.6979166666666666,63.3134328358209,54.0,0.04694444444444444,0.005486111111111111,0.0175,0.012708333333333334,0.009305555555555555,1,63.169415292353825,53.56975126894384,6.4186407333202125,4.365100065149587,0.7331507891559216,-141.80692604799646,0.4426715322940336,0.4426715322940336,0.010007044670435866,4,0.03486111111111079,502,0.044139224196194676,191.54545454545453,7.114180926005037,3.704141414141414,0.09173442300310657
RHF_MPM_P27,988,0.0494,49.4,0,255,3.8325,26.60606654662303,55188,216.42352941176472,0,189,255,0.5643838694549379,108,108,200,0.013888888888888888,18,15,0.7407407407407407,63.34,54.04,0.04611111111111111,0.005416666666666667,0.017430555555555557,0.012638888888888889,0.009305555555555555,1,63.23622889033848,53.65838588098862,6.252301514803274,4.20715615464822,0.7397360098752568,-142.68306321971428,0.07235429824138995,0.07235429824138995,0.00989345509893455,-1,-0.012013888888888768,-173,0.11099617708724702,193.63636363636363,5.788275410811494,3.7329734848484857,0.0764292639981002
RHF_MPM_P27,989,0.04945,49.45,0,255,3.825277777777778,26.588654638367753,55084,216.01568627450982,0,187,255,0.5570954510623183,108,108,199,0.013819444444444445,18,16,0.6909722222222222,63.336683417085425,53.984924623115575,0.04527777777777778,0.005347222222222222,0.017291666666666667,0.012638888888888889,0.009236111111111112,1,63.240995570401566,53.602062304843514,6.23383080158017,4.470924350126241,0.6968639401563532,-140.79034264813623,0.06249386520450057,0.06249386520450057,0.009204124609687024,-1,-0.007222222222222019,-104,0.056524919005666314,195.0909090909091,4.870216449446863,3.755082070707071,0.06369766355197345
RHF_MPM_P27,990,0.0495,49.5,0,255,3.8360416666666666,26.613493724433965,55239,216.6235294117647,0,187,255,0.5635293400600099,106,106,203,0.014097222222222223,18,16,0.7048611111111112,63.241379310344826,53.93103448275862,0.04576388888888889,0.005347222222222222,0.017430555555555557,0.012638888888888889,0.009375,1,63.10789478448198,53.56152356125202,6.460525477521451,4.245606707966514,0.7537500584392083,-141.72061941054196,0.777513338234973,0.777513338234973,0.009196401093430366,4,0.010763888888888573,155,0.13913737436213583,196.72727272727272,4.179841430026418,3.7724684343434345,0.0569662233823098
RHF_MPM_P27,991,0.04955,49.55,0,255,3.8629861111111112,26.72379125163416,55627,218.1450980392157,0,192,255,0.561592085207227,105,105,203,0.014097222222222223,18,16,0.7048611111111112,63.320197044334975,54.08866995073892,0.04583333333333333,0.005486111111111111,0.017569444444444443,0.012777777777777779,0.009583333333333333,1,63.161378467291065,53.57024466536035,6.317261016292275,4.3954695383605165,0.7182479597938141,-141.77500275201987,0.2819054715943549,0.2819054715943549,0.009473816671760116,0,0.02694444444444466,388,0.05419005428758531,198.0909090909091,3.502065506228768,3.789564393939394,0.0532246341635496
RHF_MPM_P27,992,0.0496,49.6,0,255,3.849861111111111,26.617860805662023,55438,217.40392156862745,0,190,255,0.5772244207884851,106,106,201,0.013958333333333333,18,16,0.6979166666666666,63.25373134328358,54.169154228855724,0.04729166666666667,0.005347222222222222,0.017430555555555557,0.012638888888888889,0.009236111111111112,1,63.143908510408025,53.725170460694834,6.555982025242541,4.206456831475005,0.7670216941578186,-142.7400719683955,0.43428643663486566,0.43428643663486566,0.009740611133157762,-2,-0.013125000000000053,-189,0.15590766964302302,199.0,2.76339711883103,3.803162878787879,0.04747340507585247
RHF_MPM_P27,993,0.04965,49.65,0,255,3.87625,26.763318955111966,55818,218.89411764705883,0,190,255,0.5727612332644619,107,107,204,0.014166666666666666,18,16,0.7083333333333334,63.299019607843135,54.15196078431372,0.04701388888888889,0.005486111111111111,0.017430555555555557,0.012708333333333334,0.009305555555555555,1,63.10362248736966,53.68753807015658,6.472938941741981,4.3425947371848395,0.741561810570816,-143.452271239104,0.15915850107394888,0.15915850107394888,0.009226414418288007,3,0.026388888888889017,380,0.055128581243047654,199.72727272727272,2.9260867162601962,3.8163510101010103,0.045764261195780705
RHF_MPM_P27,994,0.0497,49.7,0,255,3.95375,26.983247371568854,56934,223.27058823529413,0,190,255,0.5716020968682644,108,108,207,0.014375,19,17,0.6408668730650154,63.01932367149758,54.04830917874396,0.04638888888888889,0.005416666666666667,0.018125,0.013055555555555556,0.00951388888888889,1,62.79832788843222,53.570485123125025,6.550388533382637,4.24045076296161,0.7621855164370589,-141.9200371843932,0.371541100902515,0.371541100902515,0.008325429444620086,3,0.07749999999999968,1116,0.32696511212841356,200.63636363636363,3.4449627857266214,3.8347222222222217,0.05561225011194952
RHF_MPM_P27,995,0.04975,49.75,0,255,3.8986805555555555,26.62263705598343,56141,220.1607843137255,0,182,255,0.5698016349816566,106,106,204,0.014166666666666666,19,17,0.631578947368421,63.044117647058826,53.80882352941177,0.04625,0.005347222222222222,0.017847222222222223,0.012777777777777779,0.009305555555555555,1,62.70910742594539,53.342138544023086,6.719094873487182,4.076030168651478,0.7949813911629686,-140.98814633093997,0.418546603047736,0.418546603047736,0.007997720026362195,-3,-0.05506944444444439,-793,0.24515801254277056,201.1818181818182,3.4593268346255357,3.8498926767676767,0.04766092788016533
RHF_MPM_P27,996,0.0498,49.8,0,255,3.852222222222222,26.359648677383046,55472,217.53725490196078,0,180,255,0.5849098436657465,106,106,200,0.013888888888888888,18,17,0.6535947712418301,63.31,53.98,0.04784722222222222,0.005208333333333333,0.017430555555555557,0.0125,0.009097222222222222,1,62.84123521776752,53.33607946351312,6.984061519607073,4.290928261144332,0.7890035256082252,-140.7378154221235,0.6771069083989587,0.6771069083989587,0.011032593019901933,-4,-0.04645833333333327,-669,0.13226664669680685,201.72727272727272,2.665977872475487,3.8583396464646467,0.03814057788477447
RHF_MPM_P27,997,0.04985,49.85,0,255,3.8168055555555553,26.29437087658734,54962,215.53725490196078,0,177,255,0.5797307211547372,107,107,199,0.013819444444444445,18,17,0.6503267973856209,63.32663316582914,54.040201005025125,0.04743055555555555,0.005347222222222222,0.017291666666666667,0.012222222222222223,0.009097222222222222,1,62.8935992140024,53.47827589971253,6.866403928958446,4.124749666569328,0.7994634878449814,-140.89979487354293,0.5362077564656196,0.5362077564656196,0.01186274153051199,-1,-0.035416666666666874,-510,0.15153156294811415,201.9090909090909,2.391444806902892,3.8589898989898987,0.037357923473206794
RHF_MPM_P27,998,0.0499,49.9,0,255,3.8538888888888887,26.56519310821104,55496,217.6313725490196,0,185,255,0.5749611091586132,108,108,199,0.013819444444444445,18,16,0.6909722222222222,63.321608040201006,54.19597989949749,0.04694444444444444,0.005416666666666667,0.017222222222222222,0.012569444444444444,0.009097222222222222,1,62.876117197635864,53.6038813608188,6.775540398110443,4.261099111150699,0.7774907650558063,-142.10234103434846,0.6705544643733335,0.6705544643733335,0.010667435490846188,0,0.03708333333333336,534,0.1268162164549867,201.72727272727272,2.5258989071726914,3.8598421717171716,0.03712415813225767
RHF_MPM_P27,999,0.04995,49.95,0,255,3.8718055555555555,26.68085736099473,55754,218.64313725490197,0,187,255,0.5675620670608081,102,102,206,0.014305555555555556,19,17,0.6377708978328174,63.092233009708735,53.95145631067961,0.04625,0.005416666666666667,0.017638888888888888,0.012708333333333334,0.009305555555555555,1,62.8582523227033,53.52371130322488,6.714454491813467,4.119106398651118,0.7897191818137281,-142.2372223837495,0.5977040321074302,0.5977040321074302,0.009488108476521864,7,0.017916666666666803,258,0.08213642243833269,202.27272727272728,2.7333266142496195,3.863415404040404,0.03620059593228353
RHF_MPM_P27,1000,0.05,50.0,0,255,3.8899305555555554,26.702398638525583,56015,219.66666666666666,0,188,255,0.574411323444388,107,107,203,0.014097222222222223,18,17,0.6633986928104575,63.1576354679803,54.06896551724138,0.04680555555555556,0.005416666666666667,0.017569444444444443,0.012708333333333334,0.009375,1,62.850272248504865,53.54255110238329,6.6817459470991505,4.227653356558534,0.7743832172734152,-141.0602754070339,0.4878730983049507,0.4878730983049507,0.008497723823975721,-3,0.018124999999999947,261,0.020460195906733494,202.63636363636363,2.5324342322152944,3.8692929292929295,0.034750920188295335
RHF_MPM_P27,1001,0.05005,50.05,0,255,3.9077083333333333,26.762980163805825,56271,220.6705882352941,0,192,255,0.5745053221905073,107,107,205,0.01423611111111111,19,17,0.6346749226006192,63.05365853658537,53.94634146341463,0.04673611111111111,0.005416666666666667,0.017638888888888888,0.012916666666666667,0.009444444444444445,1,62.815766558262695,53.524568605498395,6.668560447404124,4.244517719626652,0.7712793007618385,-142.55094634769165,0.32293990727350846,0.32293990727350846,0.008565691030904017,2,0.017777777777777892,256,0.03891031808279084,202.8181818181818,2.622219109428356,3.875808080808081,0.03462404393520046
RHF_MPM_P27,1002,0.0501,50.1,0,255,3.9364583333333334,26.858638248573,56685,222.2941176470588,0,191,255,0.577958808962235,108,108,203,0.014097222222222223,19,17,0.628482972136223,63.108374384236456,54.02463054187192,0.04729166666666667,0.005486111111111111,0.017638888888888888,0.012847222222222222,0.00951388888888889,1,62.768774808150305,53.51129928552527,6.674852904958487,4.189036824699746,0.7785481398806468,-140.9677878746753,0.2354513772255251,0.2354513772255251,0.009473405662873776,-2,0.028750000000000053,414,0.04882928866136119,202.8181818181818,2.622219109428356,3.8824873737373737,0.038388417207623475
RHF_MPM_P27,1003,0.05015,50.15,0,255,3.975625,26.897341417021483,57249,224.50588235294117,0,191,255,0.5861848634165744,106,106,208,0.014444444444444444,19,17,0.6439628482972136,63.04807692307692,53.83173076923077,0.04791666666666667,0.005416666666666667,0.017916666666666668,0.012986111111111111,0.009375,1,62.71917413404601,53.3853866443082,6.869063562665534,4.217508502865675,0.7893169551917971,-141.68685265109804,0.4492786134953359,0.4492786134953359,0.010393194640954426,5,0.03916666666666657,564,0.13533004134285692,203.45454545454547,2.934547707557995,3.8939204545454547,0.04510860837139809
RHF_MPM_P27,1004,0.0502,50.2,0,255,3.9468055555555557,26.817662677090098,56834,222.87843137254902,0,191,255,0.5900403732304285,105,105,204,0.014166666666666666,18,17,0.6666666666666666,63.35294117647059,53.931372549019606,0.04826388888888889,0.005555555555555556,0.017777777777777778,0.012777777777777779,0.009583333333333333,1,62.92648766583383,53.333110462047365,6.876833462819021,4.326556658613169,0.7772842770725181,-139.9938252565004,0.8528336599990629,0.8528336599990629,0.011120104163001021,-4,-0.028819444444444287,-415,0.21380294594347743,203.45454545454547,2.934547707557995,3.9003345959595963,0.047111750778301605
RHF_MPM_P27,1005,0.05025,50.25,0,255,3.9627777777777777,26.97933114349978,57064,223.78039215686275,0,191,255,0.5806995705609581,108,108,206,0.014305555555555556,18,17,0.673202614379085,63.189320388349515,53.820388349514566,0.04743055555555555,0.005486111111111111,0.017777777777777778,0.013055555555555556,0.00951388888888889,1,62.94259077526987,53.40734964250666,6.671290510326033,4.229135249916645,0.7733899301995906,-141.0361457288118,0.4911384520656458,0.4911384520656458,0.01095261460815926,2,0.015972222222222054,230,0.07596555830622626,203.36363636363637,2.837179369877679,3.9011553030303032,0.0481033206953237
RHF_MPM_P27,1006,0.0503,50.3,0,255,4.038680555555556,27.26249389287536,58157,228.06666666666666,0,193,255,0.5729847458647459,106,106,213,0.014791666666666667,19,17,0.6594427244582043,63.10328638497653,53.69953051643193,0.04666666666666667,0.005555555555555556,0.01840277777777778,0.013472222222222222,0.00986111111111111,1,62.82404525680486,53.2644565572502,6.644917327687095,4.167712516506085,0.7788557728451438,-138.65148418184992,0.32121329364080853,0.32121329364080853,0.008855339855907286,7,0.07590277777777787,1093,0.18566495027939087,204.1818181818182,3.9730497060749377,3.9138825757575764,0.06221551736163961
RHF_MPM_P27,1007,0.05035,50.35,0,255,3.9897916666666666,27.01082794631601,57453,225.30588235294118,0,193,255,0.5756609098491989,108,108,207,0.014375,18,17,0.6764705882352942,63.2512077294686,53.90338164251208,0.04659722222222222,0.005486111111111111,0.018194444444444444,0.013055555555555556,0.009652777777777777,1,62.87184307172819,53.33735401110473,6.717578386200677,4.09166628731404,0.7930946550004468,-139.94226151394898,0.3922659929730991,0.3922659929730991,0.00809357213722521,-6,-0.04888888888888898,-704,0.08717034983249036,204.8181818181818,3.809513970864902,3.92638888888889,0.062390399131275226
RHF_MPM_P27,1008,0.0504,50.4,0,255,3.91375,26.800573788296862,56358,221.01176470588234,0,190,255,0.5824485503822968,108,108,204,0.014166666666666666,18,16,0.7083333333333334,63.3235294117647,54.23529411764706,0.04777777777777778,0.005416666666666667,0.017708333333333333,0.012916666666666667,0.00951388888888889,1,62.93583874516484,53.61173214095603,6.731929816046479,4.281247978210167,0.771720810490558,-140.70870938890567,0.6842478182519826,0.6842478182519826,0.0114092054366727,-3,-0.07604166666666679,-1095,0.28174244330470755,205.27272727272728,3.359948838650242,3.9352020202020204,0.052323322967775754
RHF_MPM_P27,1009,0.05045,50.45,0,255,3.950833333333333,27.125307461135087,56892,223.10588235294117,0,195,255,0.5668567440980481,105,105,210,0.014583333333333334,19,16,0.6907894736842105,63.17619047619048,54.21904761904762,0.04631944444444445,0.005625,0.017847222222222223,0.01326388888888889,0.009722222222222222,1,62.94985235182451,53.75991352035435,6.474052662428965,4.234821548720063,0.7563888893030125,-142.85745222037332,0.4302464176429579,0.4302464176429579,0.010809955705547353,6,0.03708333333333336,534,0.1488425422115665,206.27272727272728,2.956991994052835,3.9440151515151523,0.04562013102048362
RHF_MPM_P27,1010,0.0505,50.5,0,255,4.06375,27.52817177898045,58518,229.48235294117646,0,204,255,0.5756670568017053,106,106,216,0.015,19,17,0.6687306501547987,62.986111111111114,53.995370370370374,0.04708333333333333,0.005763888888888889,0.018541666666666668,0.013680555555555555,0.010138888888888888,1,62.78541645305718,53.5722000068355,6.526322295728217,4.320344720079873,0.7495147492100572,-143.41065841251486,0.2564769139140541,0.2564769139140541,0.009074131036604122,6,0.11291666666666655,1626,0.24955065209494337,207.1818181818182,4.06354484338673,3.9614646464646466,0.051049026770806354
RHF_MPM_P27,1011,0.05055,50.55,0,255,4.157916666666667,27.685479168163827,59874,234.8,0,203,255,0.5908555179190917,107,107,220,0.015277777777777777,19,17,0.6811145510835913,62.804545454545455,53.81363636363636,0.048125,0.005625,0.019166666666666665,0.013958333333333333,0.010277777777777778,1,62.610131275678924,53.263236129204664,6.785982437971703,4.377906919570528,0.7640646051458667,-142.08773684442585,0.541946648580507,0.541946648580507,0.00800013361392257,4,0.09416666666666718,1356,0.3552232693521219,208.72727272727272,5.241285565599846,3.9858270202020205,0.07110397429159783
RHF_MPM_P27,1012,0.0506,50.6,0,255,4.166527777777778,27.573876357670805,59998,235.28627450980392,1,201,255,0.6108941481785293,107,107,218,0.01513888888888889,19,17,0.6749226006191951,62.99082568807339,53.78440366972477,0.050208333333333334,0.005694444444444445,0.01902777777777778,0.013680555555555555,0.010138888888888888,1,62.64140471349045,53.20949031634388,7.017977261734396,4.350244822844437,0.7847032524573226,-141.77385199611368,0.6310422271283851,0.6310422271283851,0.010683689456315211,-2,0.00861111111111068,124,0.06218231511143464,209.9090909090909,5.712101117238184,4.00935606060606,0.08316139190827695
RHF_MPM_P27,1013,0.05065,50.65,0,255,4.125,27.38677068099365,59400,232.94117647058823,1,196,255,0.6169872679151809,107,107,214,0.014861111111111111,18,17,0.6993464052287581,63.481308411214954,53.80373831775701,0.050902777777777776,0.005763888888888889,0.01875,0.013333333333333334,0.01,1,63.00442760942761,53.17560606060606,6.953676174901499,4.4498449172920225,0.7684357321722034,-140.63347138164448,0.608313871966004,0.608313871966004,0.012962962962962963,-4,-0.04152777777777761,-598,0.36460083071971433,210.9090909090909,5.367487061500186,4.026496212121213,0.08575959924472633
RHF_MPM_P27,1014,0.0507,50.7,0,255,4.112638888888889,27.475141921231653,59222,232.24313725490197,0,204,255,0.6000974959263954,108,108,215,0.014930555555555556,18,17,0.7026143790849673,63.41860465116279,53.88837209302326,0.04923611111111111,0.005833333333333334,0.018819444444444444,0.01361111111111111,0.010069444444444445,1,63.03458174327108,53.30851710512985,6.688769439249962,4.404577039284065,0.7525778010748971,-137.32231049299,0.5842563990604892,0.5842563990604892,0.011549761912802674,1,-0.012361111111110823,-178,0.13628872860312494,211.54545454545453,5.39972451087909,4.038952020202021,0.08740077975645019
RHF_MPM_P27,1015,0.05075,50.75,0,255,4.172430555555556,27.947449266100993,60083,235.61960784313726,0,211,255,0.5835251663749306,109,109,219,0.015208333333333334,18,16,0.7604166666666666,63.406392694063925,54.42922374429224,0.04770833333333333,0.006111111111111111,0.01888888888888889,0.014097222222222223,0.010694444444444444,1,63.253016660286605,54.049198608591446,6.293172957053452,4.0935044294515,0.759534095340442,-141.8462617863682,0.14677359152376382,0.14677359152376382,0.009719887488973587,4,0.059791666666666465,861,0.7722194652698842,212.9090909090909,5.212825886120528,4.059463383838384,0.08981067528934965
RHF_MPM_P27,1016,0.0508,50.8,0,12,0.018819444444444444,0.3449939543105103,271,22.583333333333332,0,0,7,0.05527167518442996,3,8,10,0.0006944444444444445,93,107,0.0010049241282283187,84.8,58.8,0.0044444444444444444,0.0,0.0,0.0,0.0,0,79.36162361623616,63.68265682656826,33.062669827588465,27.73333031993415,0.544422765805867,118.68700517908519,-0.20760070130054545,0.20760070130054545,0.0,-209,-4.153611111111111,-59812,18.769409561804853,195.0909090909091,58.721924890196824,3.7009217171717173,1.1674411597319725
RHF_MPM_P27,1017,0.05085,50.85,0,255,3.647777777777778,23.15030826661939,52528,205.9921568627451,13,113,255,0.8618763673433709,103,103,148,0.010277777777777778,14,13,0.8131868131868132,67.05405405405405,57.891891891891895,0.07666666666666666,0.0038194444444444443,0.014513888888888889,0.009027777777777777,0.006736111111111111,1,70.54458574474566,59.63491851964667,9.566746299826688,6.0249134597801515,0.7767762663712666,-139.94961193809036,-0.8522516286855253,0.8522516286855253,0.027566250380749314,138,3.6289583333333333,52257,9.701770056470014,189.1818181818182,59.88142553385768,3.6653851010101017,1.1625582823793539
RHF_MPM_P27,1018,0.0509,50.9,0,255,5.205208333333333,26.44777953473048,74955,293.94117647058823,23,155,255,1.2206532684868276,103,103,204,0.014166666666666666,21,21,0.46258503401360546,69.55882352941177,60.27450980392157,0.11375,0.005138888888888889,0.01888888888888889,0.01173611111111111,0.008402777777777778,1,77.56890134080449,67.01331465545994,19.511410687100277,4.954458567457302,0.967223593527835,-137.20095503633922,-1.1264626961194506,1.1264626961194506,0.02677606563938363,56,1.5574305555555554,22427,10.187332287209417,188.9090909090909,59.806437089625824,3.7758775252525254,1.2431075793500812
RHF_MPM_P27,1019,0.05095,50.95,0,255,5.549861111111111,28.591281936256156,79918,313.4039215686274,23,195,255,1.0951030688820194,103,103,237,0.016458333333333332,32,28,0.26450892857142855,71.12236286919831,61.69198312236287,0.09798611111111111,0.006319444444444444,0.025347222222222222,0.013194444444444444,0.009930555555555555,1,76.43097925373507,65.70833854701068,17.251875624332886,4.716938004321083,0.9618958971631464,-138.19421358967395,-1.3394780614738373,1.3394780614738373,0.040128631847643835,33,0.34465277777777814,4963,1.7314240727978125,191.9090909090909,61.297270509385875,3.9246148989898995,1.3444545722744796
RHF_MPM_P27,1020,0.051,51.0,0,255,5.7186111111111115,29.635224222834125,82348,322.93333333333334,24,220,255,1.035968447502344,107,107,240,0.016666666666666666,21,20,0.5714285714285714,69.75416666666666,60.725,0.0907638888888889,0.006944444444444444,0.025277777777777777,0.015,0.010972222222222222,1,76.92700490600865,66.12272307767037,19.113427260489015,4.205788058373504,0.975490029483371,-141.1951022690113,-1.341201398874239,1.341201398874239,0.006533249137805411,3,0.16875000000000018,2430,0.6463404574707314,194.63636363636363,62.6930077691324,4.085321969696969,1.4402266134973156
RHF_MPM_P27,1021,0.05105,51.05,0,255,5.253819444444445,30.001672742637012,75655,296.6862745098039,15,228,255,0.8494083499177247,108,108,252,0.0175,21,21,0.5714285714285714,70.09920634920636,60.98412698412698,0.07305555555555555,0.007291666666666667,0.023125,0.016319444444444445,0.011875,1,72.4123719516225,62.704910448747604,12.694847708476507,4.414439422179872,0.9375929599481931,-138.58777663512518,-2.347788461410699,2.347788461410699,0.034340096490648335,12,-0.4647916666666667,-6693,5.662451225331069,197.9090909090909,64.63246376164865,4.1935101010101015,1.4787263957932526
RHF_MPM_P27,1022,0.0511,51.1,0,255,5.395763888888889,30.76667969212123,77699,304.7019607843137,13,234,255,0.8014386280847092,106,106,275,0.019097222222222224,21,21,0.6235827664399093,70.46181818181819,61.167272727272724,0.06770833333333333,0.0075,0.02486111111111111,0.017361111111111112,0.012152777777777778,1,71.49023796960064,61.98017992509556,8.857466839270373,4.303926777925833,0.8740091608445449,-135.78714142332944,-0.6682566422158861,0.6682566422158861,0.009536802275447561,23,0.14194444444444443,2044,1.172845007966721,202.9090909090909,68.17818172120695,4.306041666666666,1.5183064633068517
RHF_MPM_P27,1023,0.05115,51.15,0,255,5.877777777777778,32.24713907302572,84640,331.921568627451,16,247,255,0.872569328990356,107,107,301,0.020902777777777777,23,21,0.6231884057971014,71.07308970099668,61.51495016611295,0.07506944444444444,0.008333333333333333,0.02673611111111111,0.019097222222222224,0.013819444444444445,1,72.05147684310019,62.24312381852552,9.263254292592814,4.645432364822584,0.8651632553239995,-137.1952450112569,-0.6283807077020347,0.6283807077020347,0.014213137996219281,26,0.48201388888888896,6941,0.6197810615202317,210.45454545454547,73.79253920942962,4.461609848484849,1.5823593979863908
RHF_MPM_P27,1024,0.0512,51.2,0,255,6.379027777777778,33.40179143814005,91858,360.2274509803922,20,251,255,0.9299871955808997,106,106,331,0.02298611111111111,25,23,0.5756521739130435,72.03323262839879,62.404833836858,0.08034722222222222,0.008680555555555556,0.029375,0.020902777777777777,0.014583333333333334,1,73.02766226131638,63.144854013803915,10.1799766027712,4.453650935827953,0.8992226559374067,-137.8251605500334,-0.5974566252799791,0.5974566252799791,0.012660846088527945,30,0.5012499999999998,7218,1.3289301395538942,221.0909090909091,81.5603006653856,4.666521464646465,1.6690711286933262
RHF_MPM_P27,1025,0.05125,51.25,0,255,6.336041666666667,32.647605933980614,91239,357.8,23,248,255,0.9829226764008759,106,106,303,0.021041666666666667,25,22,0.5509090909090909,71.28052805280528,61.864686468646866,0.08520833333333333,0.008611111111111111,0.02875,0.019166666666666665,0.013958333333333333,1,73.57194839925909,63.68659235633885,11.460819936084448,4.443968642543469,0.9217632673330097,-137.44977405279354,-0.8551149640267216,0.8551149640267216,0.01267002049562139,-28,-0.04298611111111139,-619,0.7679373878963596,229.0909090909091,84.82115360671271,4.86864898989899,1.7234975975173188
RHF_MPM_P27,1026,0.0513,51.3,0,255,6.150486111111111,31.878182734997903,88567,347.321568627451,24,247,255,1.0057110311475692,110,110,274,0.01902777777777778,22,21,0.5930735930735931,70.41605839416059,61.26642335766423,0.08840277777777777,0.008472222222222223,0.026111111111111113,0.017916666666666668,0.013472222222222222,1,73.70890963903034,63.950455587295494,12.621429442492039,4.4045732073759005,0.9371317429813835,-137.54832693473196,-1.071408054331395,1.071408054331395,0.014260390438876783,-29,-0.18555555555555525,-2672,0.29729141570277173,234.0909090909091,85.69550168045265,5.048472222222222,1.7445387410276703
RHF_MPM_P27,1027,0.05135,51.35,0,255,6.16,31.988352220422012,88704,347.8588235294118,25,248,255,1.010336850947167,111,111,277,0.01923611111111111,22,21,0.5995670995670995,70.66064981949458,61.288808664259925,0.08909722222222222,0.008402777777777778,0.024930555555555556,0.018125,0.01375,1,73.99824134199135,64.08004148629149,13.072600850985179,4.40509931784955,0.9415146997189484,-137.3867773084257,-1.2750647917069324,1.2750647917069324,0.019469246031746032,3,0.009513888888888822,137,0.31702577112423785,258.3636363636364,48.546646223031026,5.606761363636363,0.7377547094544273
RHF_MPM_P27,1028,0.0514,51.4,0,255,6.10125,31.746242535206694,87858,344.54117647058825,24,246,255,1.0503587385695263,110,110,276,0.019166666666666665,23,20,0.6,70.64492753623189,61.20289855072464,0.09416666666666666,0.008263888888888888,0.024791666666666667,0.017986111111111112,0.01326388888888889,1,74.09741856177013,64.0427508024312,13.55156628928543,4.3938854560247655,0.9459767346514469,-138.1059080170459,-1.3230063698088435,1.3230063698088435,0.025233900157071637,-1,-0.05874999999999986,-846,0.1059561986191315,270.0,33.798870341531185,5.829804292929293,0.4097421378679056
RHF_MPM_P27,1029,0.05145,51.45,0,255,6.105,31.66845744936469,87912,344.7529411764706,22,246,255,1.067123265540212,109,109,279,0.019375,23,21,0.577639751552795,70.74193548387096,61.39784946236559,0.09638888888888889,0.008194444444444445,0.025347222222222222,0.017708333333333333,0.01326388888888889,1,74.29860542360542,64.30420192920192,14.011734996339225,4.339539402016041,0.950831880554433,-138.04235719943665,-1.4936113716525552,1.4936113716525552,0.027493402493402493,3,0.003750000000000142,54,0.32989823440693833,276.8181818181818,26.59397806687611,5.911603535353535,0.36416593405201575
RHF_MPM_P27,1030,0.0515,51.5,0,255,5.910416666666666,31.2070509722073,85110,333.7647058823529,20,246,255,1.0567009445104434,109,109,267,0.018541666666666668,23,20,0.5804347826086956,70.49438202247191,61.01498127340824,0.09576388888888888,0.008194444444444445,0.024305555555555556,0.017291666666666667,0.012777777777777779,1,74.09880155093408,63.999588767477384,14.022785997965256,4.392279302641484,0.9496791298574662,-138.04222432289558,-1.562408131905498,1.562408131905498,0.0279990600399483,-12,-0.194583333333334,-2802,0.3642948885590971,279.54545454545456,23.757730364370154,5.944381313131313,0.34589944940003203
RHF_MPM_P27,1031,0.05155,51.55,0,255,5.820486111111111,31.091516970734535,83815,328.6862745098039,20,247,255,1.038742300287924,110,110,264,0.018333333333333333,22,19,0.631578947368421,70.29166666666667,60.76136363636363,0.09423611111111112,0.008194444444444445,0.02409722222222222,0.017361111111111112,0.012638888888888889,1,73.86192209031796,63.718833144425226,13.820056376972069,4.399153946259295,0.9479844487401315,-138.22520780211988,-1.6758909424223252,1.6758909424223252,0.028586768478196026,-3,-0.08993055555555518,-1295,0.36733581194486203,281.72727272727275,20.963565402387193,5.953642676767677,0.3410605192351735
RHF_MPM_P27,1032,0.0516,51.6,0,255,5.732847222222222,30.966809363754344,82553,323.7372549019608,19,245,255,1.0230573842429613,111,111,259,0.017986111111111112,21,20,0.6166666666666667,70.14671814671814,60.810810810810814,0.09243055555555556,0.008194444444444445,0.02361111111111111,0.017013888888888887,0.012777777777777779,1,73.58735600159898,63.618233135076856,13.592079800551822,4.259482420387984,0.9496278951163928,-138.28822395393343,-1.6506999741303607,1.6506999741303607,0.02761862076484198,-5,-0.08763888888888882,-1262,0.2924156270710119,282.3636363636364,20.141647162365423,5.997190656565656,0.272644030301565
RHF_MPM_P27,1033,0.05165,51.65,0,255,5.629791666666667,30.771721573023964,81069,317.91764705882355,18,242,255,1.0036299310148546,110,110,260,0.018055555555555554,21,20,0.6190476190476191,70.1576923076923,60.78076923076923,0.09069444444444444,0.008055555555555555,0.02347222222222222,0.016666666666666666,0.0125,1,73.37323761240425,63.453675264281046,13.319134983115683,4.2341270547682415,0.9481249016057242,-138.20631711027562,-1.6967875085598516,1.6967875085598516,0.0285065808138746,1,-0.10305555555555568,-1484,0.2700481020710827,281.0,21.079934448750933,6.018465909090907,0.23080320241208552
RHF_MPM_P27,1034,0.0517,51.7,0,255,5.539513888888889,30.55343397298369,79769,312.81960784313725,17,240,255,0.9879907117883462,110,110,254,0.017638888888888888,21,19,0.6365914786967418,69.96850393700787,60.653543307086615,0.08902777777777778,0.008055555555555555,0.023125,0.01638888888888889,0.012361111111111111,1,73.1915405734057,63.29873760483396,13.226847081874268,4.315992334424369,0.9452643815703553,-137.68853572348343,-1.7079306515305404,1.7079306515305404,0.027867968759793905,-6,-0.09027777777777768,-1300,0.2387875463582255,276.72727272727275,21.35454351948596,5.987714646464647,0.26716885133485213
RHF_MPM_P27,1035,0.05175,51.75,0,255,5.51375,30.65076725238248,79398,311.36470588235295,17,247,255,0.9646919363581352,111,111,254,0.017638888888888888,21,19,0.6365914786967418,70.06299212598425,60.61417322834646,0.086875,0.008194444444444445,0.02298611111111111,0.016527777777777777,0.012708333333333334,1,73.01272072344392,63.11379379833245,12.836765266588124,4.205839009881399,0.9448026075360342,-137.92644999498503,-1.7779036577424268,1.7779036577424268,0.02760774830600267,0,-0.02576388888888914,-371,0.25725619585079373,269.72727272727275,13.645451517170036,5.90905303030303,0.26775557328737604
RHF_MPM_P27,1036,0.0518,51.8,0,255,5.377986111111111,30.389105802899284,77443,303.69803921568626,17,241,255,0.9254152819837849,111,111,250,0.017361111111111112,21,18,0.6613756613756614,69.872,60.436,0.08284722222222222,0.008055555555555555,0.02236111111111111,0.01625,0.0125,1,72.62492413775293,62.74323050501659,12.350460878197493,4.21753273088397,0.9398861772754463,-137.75467068456223,-1.7700950700006493,1.7700950700006493,0.027826917862169596,-4,-0.13576388888888857,-1955,0.5363798525547806,264.90909090909093,9.885292522958682,5.821957070707072,0.27050349122430817
RHF_MPM_P27,1037,0.05185,51.85,0,255,5.274583333333333,30.125667693730133,75954,297.8588235294118,16,239,255,0.911574534541048,110,110,248,0.017222222222222222,20,18,0.6888888888888889,69.71370967741936,60.25403225806452,0.08138888888888889,0.0077777777777777776,0.022152777777777778,0.01576388888888889,0.011944444444444445,1,72.35745319535508,62.40760196961319,11.938394613139454,4.35332436970262,0.9311450280587942,-137.81343046627256,-1.8108805186548398,1.8108805186548398,0.028504094583563736,-2,-0.10340277777777818,-1489,0.4291703843512809,262.54545454545456,10.517203537439688,5.742329545454546,0.2902716962106943
RHF_MPM_P27,1038,0.0519,51.9,0,255,5.386597222222222,30.424251124335974,77567,304.1843137254902,16,240,255,0.933821089512854,110,110,256,0.017777777777777778,21,19,0.6416040100250626,69.8515625,60.3046875,0.08361111111111111,0.007916666666666667,0.023125,0.016180555555555556,0.012569444444444444,1,72.41905707323991,62.302267716941486,11.694898262254819,4.586682558189339,0.9198820316999182,-138.12806257088906,-1.6072227824730156,1.6072227824730156,0.028311008547449303,8,0.11201388888888886,1613,0.12202599131478446,260.6363636363636,9.584767529525239,5.672020202020202,0.27378718834286014
RHF_MPM_P27,1039,0.05195,51.95,0,255,5.304791666666667,30.211402452568162,76389,299.56470588235294,16,239,255,0.9217099210793854,110,110,250,0.017361111111111112,20,18,0.6944444444444444,69.596,60.028,0.08215277777777778,0.007916666666666667,0.022430555555555554,0.016041666666666666,0.012291666666666666,1,72.16850593671863,62.065349723127675,11.246366208353793,4.383778292351914,0.920901618148119,-138.99288993257147,-1.5201164763071993,1.5201164763071993,0.026653052141015068,-6,-0.08180555555555546,-1178,0.3448275044204957,258.27272727272725,8.66645475477308,5.599614898989899,0.2553970954906551
RHF_MPM_P27,1040,0.052,52.0,0,255,5.153958333333334,29.717771612443876,74217,291.0470588235294,16,233,255,0.9033954982754229,110,110,242,0.016805555555555556,20,18,0.6722222222222223,69.39256198347107,59.83471074380165,0.08034722222222222,0.0075,0.021805555555555557,0.015208333333333334,0.011944444444444445,1,72.01929477073986,61.872738051928806,11.085624960683363,4.517610181102966,0.9131964311381966,-138.89848914053917,-1.5847140024132453,1.5847140024132453,0.028147189996900978,-8,-0.15083333333333293,-2172,0.24364570165460522,254.9090909090909,6.986409475214853,5.5131565656565655,0.2293220516286587
RHF_MPM_P27,1041,0.05205,52.05,0,255,5.020347222222222,29.44627527646263,72293,283.5019607843137,15,231,255,0.8819595121869311,111,111,237,0.016458333333333332,20,18,0.6583333333333333,69.29535864978902,59.767932489451475,0.07895833333333334,0.007361111111111111,0.020763888888888887,0.015208333333333334,0.011875,1,71.8758109360519,61.74942248903766,11.09359370136503,4.418869862097406,0.9172437942911881,-138.8815469753269,-1.7600965533379065,1.7600965533379065,0.031206340862877456,-5,-0.13361111111111157,-1924,0.18919391868641067,252.1818181818182,7.56569028056843,5.432241161616162,0.23188942690141676
RHF_MPM_P27,1042,0.0521,52.1,0,255,5.018680555555555,29.531936543966165,72269,283.40784313725493,14,232,255,0.8718897202113565,109,109,241,0.01673611111111111,20,18,0.6694444444444444,69.26141078838174,59.63900414937759,0.07791666666666666,0.007361111111111111,0.02125,0.015208333333333334,0.01173611111111111,1,71.6336880266781,61.49973017476373,10.776761993388387,4.381783068849479,0.9136082798356044,-139.1691213034557,-1.604130998347588,1.604130998347588,0.030566356252335027,4,-0.0016666666666669272,-24,0.3478070658441399,250.0909090909091,7.178940735418048,5.359349747474747,0.2242874094997788
RHF_MPM_P27,1043,0.05215,52.15,0,255,5.108125,29.81250745326601,73557,288.45882352941175,14,236,255,0.8902319962080337,108,108,246,0.017083333333333332,21,18,0.6507936507936508,69.4308943089431,59.78861788617886,0.07993055555555556,0.0075,0.021666666666666667,0.015416666666666667,0.011944444444444445,1,71.65190260614217,61.43249452805308,10.57113536728282,4.496338027897464,0.9050331343096841,-139.7262655253036,-1.53133932245925,1.53133932245925,0.02978642413366505,5,0.0894444444444451,1288,0.06965919245621698,248.9090909090909,6.666804406290583,5.302556818181818,0.2003376621806198
RHF_MPM_P27,1044,0.0522,52.2,0,255,5.165763888888889,30.095836877102126,74387,291.71372549019605,14,237,255,0.8737162349532497,107,107,254,0.017638888888888888,21,18,0.671957671957672,69.5984251968504,59.95275590551181,0.07763888888888888,0.0077777777777777776,0.02236111111111111,0.015833333333333335,0.012083333333333333,1,71.60147606436608,61.36002258459139,10.095678153904105,4.54333252341456,0.8930147109304735,-140.06653973022603,-1.5109332057810658,1.5109332057810658,0.027491362738112844,8,0.05763888888888857,830,0.08828940312749652,248.36363636363637,5.943257864974965,5.2603724747474745,0.17413211287273267
RHF_MPM_P27,1045,0.05225,52.25,0,255,5.021388888888889,29.72180901971347,72308,283.5607843137255,14,234,255,0.8338567135272292,109,109,247,0.017152777777777777,21,18,0.6534391534391535,69.54655870445345,59.821862348178136,0.07340277777777778,0.007430555555555556,0.021736111111111112,0.015486111111111112,0.01173611111111111,1,71.45191403440836,61.23467666095038,9.75813895853791,4.412757779339958,0.8919099492335014,-140.8334366658807,-1.4082815415091086,1.4082815415091086,0.02591691099186812,-7,-0.14437500000000014,-2079,0.19514200311181887,247.72727272727272,5.674358739755357,5.213270202020202,0.1619007216090619
RHF_MPM_P27,1046,0.0523,52.3,0,255,5.127569444444444,30.071692871335916,73837,289.55686274509804,14,236,255,0.8547774530160269,107,107,253,0.017569444444444443,21,18,0.6693121693121693,69.66403162055336,59.96442687747036,0.075625,0.0077777777777777776,0.02236111111111111,0.015833333333333335,0.012152777777777778,1,71.45968823218712,61.16326502972764,9.716688413307661,4.453413290507579,0.8887840319162599,-141.1920192181917,-1.2116084968856973,1.2116084968856973,0.025718813061202377,6,0.1061805555555555,1529,0.07183355222314647,247.63636363636363,5.58036700117193,5.178162878787879,0.13205681473518616
RHF_MPM_P27,1047,0.05235,52.35,0,255,5.019861111111111,29.727517554964287,72286,283.4745098039216,14,232,255,0.8345980716616228,108,108,246,0.017083333333333332,21,18,0.6507936507936508,69.53658536585365,59.853658536585364,0.07326388888888889,0.0075,0.021458333333333333,0.015416666666666667,0.011944444444444445,1,71.52358686329303,61.24217690839166,9.750997291374395,4.398725001527317,0.892470813171916,-141.19261430332583,-1.3504655591088452,1.3504655591088452,0.025786459342057935,-7,-0.10770833333333307,-1551,0.10153875935570221,247.27272727272728,5.5447093389006925,5.1456060606060605,0.12258568078181709
RHF_MPM_P27,1048,0.0524,52.4,0,255,4.925208333333333,29.510933060401292,70923,278.1294117647059,13,230,255,0.8256261474084757,109,109,244,0.016944444444444446,21,18,0.6455026455026455,69.37295081967213,59.864754098360656,0.07236111111111111,0.007083333333333333,0.021388888888888888,0.015347222222222222,0.01173611111111111,1,71.3135936156113,61.1686758879348,9.484744597657091,4.343390747976304,0.8889859913841541,-141.057372072509,-1.3784761906172418,1.3784761906172418,0.02622562497356288,-2,-0.09465277777777814,-1363,0.22248497495364294,246.9090909090909,5.615798258720182,5.1138446969696965,0.13008498458054288
RHF_MPM_P27,1049,0.05245,52.45,0,255,4.879375,29.297927821082755,70263,275.54117647058825,13,229,255,0.822778533031662,108,108,242,0.016805555555555556,20,18,0.6722222222222223,69.35537190082644,59.743801652892564,0.07222222222222222,0.007013888888888889,0.021111111111111112,0.014930555555555556,0.011527777777777777,1,71.2928283733971,61.08833952435848,9.70198808721121,4.46173135157595,0.8879820832538878,-140.45692317824418,-1.1129917199290458,1.1129917199290458,0.02618732476552382,-2,-0.04583333333333339,-660,0.08297666296544598,245.63636363636363,4.959338798903947,5.067733585858585,0.11415167496283961
RHF_MPM_P27,1050,0.0525,52.5,0,255,4.916180555555556,29.419914634113244,70793,277.61960784313726,13,231,255,0.827958678209433,109,109,242,0.016805555555555556,20,18,0.6722222222222223,69.29752066115702,59.760330578512395,0.07291666666666667,0.007083333333333333,0.021111111111111112,0.01513888888888889,0.01173611111111111,1,71.33552752390773,61.18244741711751,9.711161283382225,4.33618564676179,0.8947758155750848,-140.7421635547683,-1.4167175398874872,1.4167175398874872,0.027785233003263035,0,0.036805555555556424,530,0.10334172890886731,244.9090909090909,4.851514205136848,5.032405303030303,0.09360433067832702
RHF_MPM_P27,1051,0.05255,52.55,0,255,4.87375,29.375481647942575,70182,275.22352941176473,13,231,255,0.8197832827240532,109,109,241,0.01673611111111111,20,18,0.6694444444444444,69.27385892116183,59.84232365145228,0.07208333333333333,0.007083333333333333,0.020972222222222222,0.01513888888888889,0.011666666666666667,1,71.22846313869653,61.1441965176256,9.51652333700398,4.384055016986337,0.8875672250713206,-140.6539165915442,-1.3747860412630386,1.3747860412630386,0.02765666410190647,-1,-0.04243055555555575,-611,0.113692189233002,244.8181818181818,4.914138818814393,5.006931818181818,0.0951735072043377
RHF_MPM_P27,1052,0.0526,52.6,0,255,4.837777777777778,29.295535601399056,69664,273.1921568627451,13,227,255,0.8063271269179371,108,108,242,0.016805555555555556,20,18,0.6722222222222223,69.43388429752066,59.81404958677686,0.07069444444444445,0.007013888888888889,0.020972222222222222,0.01513888888888889,0.011527777777777777,1,71.14262746899402,61.04930810748737,9.380286809981675,4.3043193076037625,0.8885041278935851,-140.7261448860281,-1.2101498965449209,1.2101498965449209,0.025996210381258614,1,-0.03597222222222207,-518,0.12795144614985307,245.27272727272728,4.37120555642593,4.990334595959596,0.10661781016506301
RHF_MPM_P27,1053,0.05265,52.65,0,255,4.792013888888889,29.18353331551176,69005,270.6078431372549,12,229,255,0.7893576567237948,109,109,236,0.01638888888888889,20,18,0.6555555555555556,69.32203389830508,59.78389830508475,0.06868055555555555,0.007083333333333333,0.020694444444444446,0.014861111111111111,0.011458333333333333,1,71.11497717556699,61.08141439026158,9.236136434586394,4.225882367533908,0.8891901259327946,-140.23953303236408,-1.4600143740439562,1.4600143740439562,0.02508513875806101,-6,-0.0457638888888896,-659,0.04237159567656456,244.8181818181818,5.005781781067711,4.969728535353536,0.12018842564347565
RHF_MPM_P27,1054,0.0527,52.7,0,255,4.838333333333333,29.254396203343905,69672,273.22352941176473,13,229,255,0.8097803622919404,110,110,236,0.01638888888888889,20,18,0.6555555555555556,69.38135593220339,59.80508474576271,0.07097222222222223,0.007013888888888889,0.020694444444444446,0.015277777777777777,0.011458333333333333,1,71.20874956941095,61.12129693420599,9.322419572032882,4.364180782082421,0.8836552604236853,-140.32096241475912,-1.4297776967687639,1.4297776967687639,0.026294637731082787,0,0.04631944444444436,667,0.10190132069166503,243.9090909090909,5.583328193739668,4.945202020202021,0.11692728996815502
RHF_MPM_P27,1055,0.05275,52.75,0,255,4.735902777777778,28.87341462490468,68197,267.4392156862745,13,222,255,0.7926220694868541,109,109,231,0.016041666666666666,20,18,0.6416666666666667,69.32900432900433,59.74458874458875,0.06888888888888889,0.006805555555555555,0.02034722222222222,0.014791666666666667,0.01125,1,71.16874642579586,61.18360045163277,9.544594502182415,4.178229943369866,0.8990924645682669,-140.14028264061767,-1.2189761102534586,1.2189761102534586,0.025646289426221096,-5,-0.10243055555555536,-1475,0.07404039291385918,241.8181818181818,5.71788552491505,4.906123737373736,0.1081885153609642
RHF_MPM_P27,1056,0.0528,52.8,0,255,4.687013888888889,28.82298992172021,67493,264.678431372549,12,224,255,0.7882116560407156,110,110,230,0.01597222222222222,20,18,0.6388888888888888,69.2,59.665217391304346,0.06888888888888889,0.006736111111111111,0.02013888888888889,0.014722222222222222,0.01138888888888889,1,70.95879572696428,60.93695642511075,9.114772405433502,4.386460263770544,0.876584831736539,-140.60303292835417,-1.0833688539824093,1.0833688539824093,0.025498940630880238,-1,-0.04888888888888854,-704,0.3239021021217095,240.27272727272728,6.368829050231634,4.875726010101011,0.11805666355554155
RHF_MPM_P27,1057,0.05285,52.85,0,255,4.699236111111111,28.884499870169247,67669,265.3686274509804,12,225,255,0.7966005555650282,105,105,234,0.01625,20,18,0.65,69.32905982905983,59.74786324786325,0.06986111111111111,0.006805555555555555,0.02020833333333333,0.014861111111111111,0.01138888888888889,1,70.99027619737251,60.91443644800425,9.108031937445352,4.451933350203983,0.8724003432488836,-140.74116085624578,-1.2447450880533222,1.2447450880533222,0.02655573453132158,4,0.012222222222222356,176,0.038706193122036714,238.54545454545453,5.140987460217707,4.836786616161617,0.09740060786074008
RHF_MPM_P27,1058,0.0529,52.9,0,255,4.581736111111111,28.536358139657686,65977,258.73333333333335,11,221,255,0.7703332840469067,109,109,228,0.015833333333333335,20,18,0.6333333333333333,69.13157894736842,59.65350877192982,0.06715277777777778,0.006597222222222222,0.02,0.014513888888888889,0.011111111111111112,1,70.8265304575837,60.852372796580624,8.94247464144555,4.407654437543664,0.8700917515283705,-140.24365761034326,-1.2270418981318767,1.2270418981318767,0.02517543992603483,-6,-0.1175000000000006,-1692,0.175113003877547,236.9090909090909,5.367487061500186,4.796957070707071,0.10376539638280662
RHF_MPM_P27,1059,0.05295,52.95,0,255,4.559930555555556,28.39322870168676,65663,257.5019607843137,11,221,255,0.7708245576323786,107,107,230,0.01597222222222222,20,18,0.6388888888888888,69.22608695652174,59.7695652173913,0.06701388888888889,0.006319444444444444,0.019791666666666666,0.014444444444444444,0.010763888888888889,1,70.85474315824742,60.95662701978283,9.092978549572322,4.164925064106846,0.888932876260237,-139.77357304675837,-1.2125953437578438,1.2125953437578438,0.025250140870810046,2,-0.021805555555554967,-314,0.10800416443006006,235.63636363636363,5.192174658652231,4.76375,0.1152243700061845
RHF_MPM_P27,1060,0.053,53.0,0,255,4.420972222222222,27.783580865710068,63662,249.65490196078431,11,207,255,0.7638545318741561,107,107,222,0.015416666666666667,19,18,0.6491228070175439,68.92342342342343,59.707207207207205,0.0661111111111111,0.0060416666666666665,0.019305555555555555,0.013541666666666667,0.010277777777777778,1,70.75415475479878,60.93924161980459,9.114659579195065,4.269691317730324,0.8834941378811597,-139.72872838026623,-1.2356807925675843,1.2356807925675843,0.025007068580943106,-8,-0.13895833333333396,-2001,0.10207976802848683,233.8181818181818,6.072563960787177,4.722077020202019,0.14493498996952958
RHF_MPM_P27,1061,0.05305,53.05,0,255,4.281666666666666,27.424689251759176,61656,241.78823529411764,10,203,255,0.7473957702951146,109,109,209,0.014513888888888889,18,18,0.6450617283950617,68.622009569378,59.33971291866029,0.0648611111111111,0.0059722222222222225,0.01840277777777778,0.013333333333333334,0.010138888888888888,1,70.4791747761775,60.684458933437135,8.936337571189267,4.321016688104788,0.875325973244243,-139.1875552281542,-1.3253025642410243,1.3253025642410243,0.02560983521473985,-13,-0.13930555555555557,-2006,0.37487091900436087,230.8181818181818,8.819587516825385,4.664393939393938,0.17856805314142604
RHF_MPM_P27,1062,0.0531,53.1,0,255,4.285902777777777,27.60376627164193,61717,242.02745098039216,9,206,255,0.7312460109856901,109,109,211,0.014652777777777778,18,18,0.6512345679012346,68.69194312796209,59.28909952606635,0.06333333333333334,0.006111111111111111,0.018541666666666668,0.013402777777777777,0.010208333333333333,1,70.38695983278514,60.57258129850771,8.6970280932596,4.228846522398169,0.8738250750764933,-139.81659254493323,-1.4379376974596378,1.4379376974596378,0.026702529286906362,2,0.004236111111111107,61,0.1449834507185533,228.0909090909091,9.829959266118742,4.610953282828282,0.19511365066245145
RHF_MPM_P27,1063,0.05315,53.15,0,255,4.4134722222222225,28.20239128256297,63554,249.2313725490196,9,219,255,0.7425713651158177,110,110,220,0.015277777777777777,19,18,0.6432748538011696,68.99545454545455,59.42272727272727,0.06479166666666666,0.006597222222222222,0.01902777777777778,0.014027777777777778,0.011111111111111112,1,70.41583535261353,60.47930893413475,8.490362919123282,4.353172364461967,0.858556339461816,-139.2605368265223,-1.3004574427626,1.3004574427626,0.025537338326462537,9,0.12756944444444507,1837,0.09763979517123866,226.0909090909091,8.99954085146515,4.57238005050505,0.18828056541469237
RHF_MPM_P27,1064,0.0532,53.2,0,255,4.513888888888889,28.69083431630095,65000,254.90196078431373,8,224,255,0.7310905362696891,110,110,226,0.015694444444444445,19,18,0.6608187134502924,69.07964601769912,59.491150442477874,0.063125,0.006666666666666667,0.019583333333333335,0.014583333333333334,0.01138888888888889,1,70.39966153846154,60.4278,8.177451372743361,4.334634304459832,0.8479529199429167,-139.97746215292995,-1.4034861484712513,1.4034861484712513,0.02286153846153846,6,0.10041666666666682,1446,0.0539885410056718,225.1818181818182,8.440359555225571,4.547095959595959,0.1753166848050946
RHF_MPM_P27,1065,0.05325,53.25,0,255,4.512222222222222,28.656955536436243,64976,254.8078431372549,8,224,255,0.7270718976023651,109,109,226,0.015694444444444445,20,18,0.6277777777777778,69.16371681415929,59.52654867256637,0.06256944444444444,0.006666666666666667,0.019791666666666666,0.014583333333333334,0.011319444444444444,1,70.37433821718788,60.38749692194041,8.034649903842132,4.364503922578439,0.8395967243258362,-140.72566545503463,-1.0601556193116464,1.0601556193116464,0.01953028810637774,0,-0.0016666666666669272,-24,0.0475984107025243,224.27272727272728,7.735289958611872,4.517449494949495,0.14918696867662795
RHF_MPM_P27,1066,0.0533,53.3,0,255,4.569375,28.82142178616526,65799,258.0352941176471,9,224,255,0.7344264802239866,110,110,227,0.01576388888888889,19,18,0.6637426900584795,69.12334801762114,59.519823788546255,0.06340277777777778,0.006736111111111111,0.01986111111111111,0.014652777777777778,0.011458333333333333,1,70.42970257906656,60.36895697503002,8.049307668964257,4.487605796891313,0.8301671966932418,-139.50803292606557,-1.0672190409932838,1.0672190409932838,0.02057782033161598,1,0.05715277777777761,823,0.058386147309725515,223.9090909090909,7.500964125358643,4.502310606060606,0.13391912200474443
RHF_MPM_P27,1067,0.05335,53.35,0,255,4.5784722222222225,28.770993936781878,65930,258.54901960784315,9,225,255,0.7492337765359365,108,108,231,0.016041666666666666,20,18,0.6416666666666667,69.21645021645021,59.6017316017316,0.06493055555555556,0.006597222222222222,0.02,0.014583333333333334,0.011458333333333333,1,70.50615804641286,60.409752768087365,8.190664712217094,4.458821793983789,0.8388397019424753,-141.1423809149781,-0.8342569497725842,0.8342569497725842,0.021173972394964356,4,0.009097222222222534,131,0.0866587284600934,224.0,7.579877667518484,4.4924431818181825,0.12354311210687208
RHF_MPM_P27,1068,0.0534,53.4,0,255,4.5027083333333335,28.474781598975877,64839,254.27058823529413,9,219,255,0.7443231009030038,105,105,229,0.015902777777777776,20,18,0.6361111111111111,69.06550218340611,59.532751091703055,0.0642361111111111,0.006597222222222222,0.019583333333333335,0.014444444444444444,0.010972222222222222,1,70.53060657937353,60.446937799781,8.147049619454933,4.528887768148078,0.831253862716717,-141.04307115128128,-1.285892820345762,1.285892820345762,0.021761594102314964,-2,-0.07576388888888896,-1091,0.0445023296691866,223.54545454545453,7.101390854340838,4.47457702020202,0.10519365982009232
RHF_MPM_P27,1069,0.05345,53.45,0,255,4.4968055555555555,28.50281888234862,64754,253.93725490196078,10,219,255,0.7339002320394838,110,110,225,0.015625,19,18,0.6578947368421053,69.06222222222222,59.48444444444444,0.06347222222222222,0.006666666666666667,0.019305555555555555,0.014513888888888889,0.01125,1,70.44160978472372,60.40080921641906,8.198818225685809,4.2748433199137414,0.8533139209844466,-140.5351299947744,-1.1578989364757526,1.1578989364757526,0.02239243907712265,-4,-0.005902777777778034,-85,0.1002410876882225,223.27272727272728,6.981676134918646,4.4668560606060606,0.1000354747810596
RHF_MPM_P27,1070,0.0535,53.5,0,255,4.342013888888889,27.85155164937108,62525,245.19607843137254,8,209,255,0.7326199696399908,109,109,216,0.015,19,18,0.631578947368421,68.91666666666667,59.4537037037037,0.06340277777777778,0.0061805555555555555,0.018819444444444444,0.013819444444444445,0.010486111111111111,1,70.42810075969612,60.4153218712515,8.216938620899771,4.383519310944919,0.8458167562306478,-141.35301326305577,-1.3266525248315693,1.3266525248315693,0.02392642942822871,-9,-0.15479166666666622,-2229,0.019827024675473637,222.0,6.915069183904223,4.447045454545454,0.10121251420693289
RHF_MPM_P27,1071,0.05355,53.55,0,255,4.419097222222222,28.215925551726063,63635,249.54901960784315,9,219,255,0.7396301251497396,109,109,217,0.015069444444444444,18,18,0.6697530864197531,68.60829493087557,59.26267281105991,0.06416666666666666,0.006666666666666667,0.01902777777777778,0.014166666666666666,0.010833333333333334,1,70.1740237290799,60.270291506246565,8.2548537540702,4.414115568285202,0.8450231567202279,-139.74651394440622,-1.2545621345024085,1.2545621345024085,0.024766244990964092,1,0.0770833333333325,1110,0.2925558822861338,221.54545454545453,7.062881672565466,4.4468749999999995,0.10125784997489146
RHF_MPM_P27,1072,0.0536,53.6,0,255,4.400972222222222,28.31680006147324,63374,248.52549019607844,7,216,255,0.7059280257569566,109,109,224,0.015555555555555555,19,18,0.6549707602339181,68.75892857142857,59.361607142857146,0.060625,0.006597222222222222,0.019097222222222224,0.014305555555555556,0.010972222222222222,1,70.0750149903746,60.31131063212043,8.071099183630634,3.9811440866918706,0.8698823725238977,-141.6611685047202,-1.348225751230824,1.348225751230824,0.022880045444504057,7,-0.018124999999999503,-261,0.10716948739017114,222.9090909090909,5.853585466183726,4.457720959595959,0.08857660391215719
RHF_MPM_P27,1073,0.05365,53.65,0,11,0.01875,0.3355072341495287,270,24.545454545454547,0,0,6,0.0550752348691468,2,8,9,0.000625,32,101,0.0027846534653465345,96.44444444444444,57.22222222222222,0.0044444444444444444,0.0,0.0,0.0,0.0,0,89.01481481481481,56.91481481481482,31.873048682136567,24.648968783338784,0.633981363732982,102.14982599171766,-0.3809553600249236,0.3809553600249236,0.0,-215,-4.3822222222222225,-63104,19.2419386036553,204.54545454545453,61.99906690846775,4.069797979797979,1.2829624466299903
RHF_MPM_P27,1074,0.0537,53.7,0,255,3.4727083333333333,23.555713028393804,50007,196.10588235294117,3,128,255,0.6592679357941842,102,102,163,0.011319444444444444,15,15,0.7244444444444444,63.23312883435583,54.392638036809814,0.05451388888888889,0.0034027777777777776,0.01597222222222222,0.010138888888888888,0.006666666666666667,1,62.46541484192213,53.38420621113044,6.991036246456597,5.36324587933842,0.6414553632022948,47.99422197680565,-0.9227009037163911,0.9227009037163911,0.010078588997540345,154,3.4539583333333335,49737,26.783125957084323,199.36363636363637,62.866775048181665,3.9842739898989894,1.2885462285342997
RHF_MPM_P27,1075,0.05375,53.75,0,255,6.204652777777778,28.8273643728488,89347,350.38039215686274,28,184,255,1.2795274833403203,97,97,272,0.01888888888888889,29,30,0.31264367816091954,58.60294117647059,49.42279411764706,0.11645833333333333,0.005416666666666667,0.02736111111111111,0.014930555555555556,0.009305555555555555,1,53.07119433221037,43.60578418973217,19.15295993733646,4.626710626205455,0.9703843045340107,-135.5279831970855,0.9624172072344257,0.9624172072344257,0.022563712267899314,109,2.7319444444444443,39340,13.559827292914015,203.54545454545453,65.95365264729969,4.137979797979798,1.4350665174442145
RHF_MPM_P27,1076,0.0538,53.8,0,255,6.456875,30.84303813416385,92979,364.6235294117647,32,223,255,1.108488847093299,94,94,332,0.023055555555555555,34,34,0.28719723183391005,56.734939759036145,47.64156626506024,0.09708333333333333,0.007361111111111111,0.030625,0.015347222222222222,0.010972222222222222,1,53.74764194065327,44.086051689091086,18.801553535524665,3.9716052072695356,0.9774346259469389,46.568021361090196,-1.1152830243033787,1.1152830243033787,0.006119661428924811,60,0.25222222222222257,3632,0.8296012523547591,213.1818181818182,75.57274422317538,4.314766414141414,1.5824895227583935
RHF_MPM_P27,1077,0.05385,53.85,0,255,6.485069444444444,30.769195442676466,93385,366.2156862745098,33,231,255,1.1579427664945947,104,104,263,0.01826388888888889,41,42,0.1527293844367015,59.14448669201521,49.954372623574145,0.10236111111111111,0.007361111111111111,0.03180555555555555,0.015208333333333334,0.011458333333333333,1,53.46370402098838,43.78097124805911,19.557608708588248,4.229185770839476,0.9763396902255623,46.836172279337845,-0.9698104303553804,0.9698104303553804,0.004326176580821331,-69,0.028194444444443967,406,0.4167671024971719,216.45454545454547,76.86867625001587,4.488920454545454,1.7018377171247183
RHF_MPM_P27,1078,0.0539,53.9,0,255,6.565625,32.5255817955214,94545,370.7647058823529,27,247,255,1.082351655896673,103,103,315,0.021875,53,56,0.10613207547169812,57.993650793650794,48.69206349206349,0.09513888888888888,0.008333333333333333,0.030416666666666668,0.01826388888888889,0.013541666666666667,1,54.57541911259189,45.06571473901317,20.096783157766993,4.618157525779221,0.9732388523454281,46.1717754731542,-1.4809752340831834,1.4809752340831834,0.004072134962187318,52,0.08055555555555571,1160,1.6989632963804164,224.0909090909091,81.93950600673706,4.669570707070706,1.8041485115401197
RHF_MPM_P27,1079,0.05395,53.95,0,255,6.555,33.958866498881974,94392,370.16470588235296,20,253,255,0.9979234975392666,107,107,336,0.023333333333333334,25,24,0.56,59.13690476190476,50.30357142857143,0.08770833333333333,0.009097222222222222,0.029305555555555557,0.021111111111111112,0.015555555555555555,1,57.564602932451905,48.695101279769474,12.889357117466401,4.757005810000106,0.929403733152429,-138.33969331452317,1.9560477272149448,1.9560477272149448,0.0409674548690567,21,-0.010625000000000107,-153,4.701879046842438,233.8181818181818,88.06693547505182,4.856142676767676,1.881695822120438
RHF_MPM_P27,1080,0.054,54.0,0,255,6.710277777777778,34.10742555075972,96628,378.93333333333334,23,254,255,1.0143632779631977,108,108,330,0.022916666666666665,25,24,0.55,59.25454545454546,50.52121212121212,0.08902777777777778,0.009236111111111112,0.030347222222222223,0.020833333333333332,0.015555555555555555,1,57.21726621683156,48.40066026410564,13.737815629212738,4.871624437653005,0.9350127123898702,-138.9623072250971,2.1951657420360955,2.1951657420360955,0.03323053359274744,-6,0.15527777777777807,2236,0.45534416184143456,243.36363636363637,92.18782479982004,5.057367424242424,1.949635379756904
RHF_MPM_P27,1081,0.05405,54.05,0,255,6.970138888888889,34.790319494598855,100370,393.6078431372549,24,254,255,1.0406448183970294,107,107,354,0.024583333333333332,27,24,0.5462962962962963,58.30508474576271,49.929378531073446,0.09152777777777778,0.009652777777777777,0.03173611111111111,0.021736111111111112,0.016180555555555556,1,57.33024808209625,48.53380492178938,11.713327422982449,5.163875583600294,0.8975784774659116,-137.88702099287127,1.5379467392110224,1.5379467392110224,0.01327089767858922,24,0.2598611111111113,3742,0.17462073687969867,255.9090909090909,96.88085892706712,5.296287878787878,2.0075066043097305
RHF_MPM_P27,1082,0.0541,54.1,0,255,6.548125,33.24841751599177,94293,369.77647058823527,24,250,255,1.0174768813390753,106,106,325,0.022569444444444444,27,23,0.5233494363929146,58.646153846153844,50.48307692307692,0.08909722222222222,0.00875,0.03027777777777778,0.019791666666666666,0.014583333333333334,1,57.42778361066039,48.8536052517154,11.17356921420722,4.847898075744116,0.9009745532359988,-137.39071142951948,0.7662413570381372,0.7662413570381372,0.010594635869046482,-29,-0.42201388888888935,-6077,0.3343432822012084,265.72727272727275,97.90727608683535,5.489835858585859,2.016217749211152
RHF_MPM_P27,1083,0.05415,54.15,0,255,6.266736111111111,32.298252518300714,90241,353.8862745098039,22,249,255,1.0452066449080626,109,109,290,0.02013888888888889,25,21,0.5523809523809524,59.76896551724138,51.45172413793104,0.0926388888888889,0.008541666666666666,0.02736111111111111,0.01840277777777778,0.01361111111111111,1,57.69635753149898,49.1478263760375,11.626259501183075,4.819864392059451,0.9100187583269207,-138.59326219714248,1.0087089159840064,1.0087089159840064,0.019326026972218836,-35,-0.28138888888888847,-4052,0.39836920181155344,271.72727272727275,97.18594259468047,5.659450757575757,1.9958585021079114
RHF_MPM_P27,1084,0.0542,54.2,0,255,5.889722222222222,31.289072106027255,84812,332.5960784313726,21,242,255,1.0179180465430264,108,108,276,0.019166666666666665,24,20,0.575,60.10144927536232,51.677536231884055,0.09041666666666667,0.00798611111111111,0.025277777777777777,0.017569444444444443,0.012847222222222222,1,57.738350705088905,49.155449700514076,12.108908031983294,4.781509188050443,0.9187347087621435,-138.61314665023448,1.2611232968688362,1.2611232968688362,0.023510823940008488,-14,-0.3770138888888894,-5429,0.042679523242751156,296.0,50.818751013237765,6.193175505050505,0.9005048840904688
RHF_MPM_P27,1085,0.05425,54.25,0,255,5.386180555555556,29.820033639236176,77561,304.1607843137255,18,231,255,0.9833221984984214,108,108,249,0.017291666666666667,23,19,0.5697940503432495,60.859437751004016,52.2289156626506,0.08826388888888889,0.006875,0.022847222222222224,0.015902777777777776,0.011527777777777777,1,58.132502159590516,49.48533412410877,12.587436747439504,4.606849009147999,0.9306196258488733,-138.52518223639072,1.5514822963722352,1.5514822963722352,0.03040187723211408,-27,-0.5035416666666661,-7251,0.5139835620096591,303.8181818181818,33.37886697194167,6.367127525252525,0.4087059808315419
RHF_MPM_P27,1086,0.0543,54.3,0,255,4.904652777777778,28.5302155718088,70627,276.96862745098036,15,212,255,0.9205633152794666,106,106,230,0.01597222222222222,21,18,0.6084656084656085,61.34347826086957,52.68695652173913,0.08270833333333333,0.006319444444444444,0.020694444444444446,0.014375,0.010763888888888889,1,58.69459271949821,50.06498931003724,12.680016596225022,4.515662405031313,0.9344385812487874,-138.41657240856,1.8780049219256523,1.8780049219256523,0.0347883953728744,-19,-0.481527777777778,-6934,0.8074316888202486,300.0,38.76737147278741,6.248945707070707,0.5874632945005763
RHF_MPM_P27,1087,0.05435,54.35,0,255,4.452916666666667,27.212696277937578,64122,251.45882352941177,13,189,255,0.8531011916954236,107,107,211,0.014652777777777778,19,17,0.653250773993808,62.018957345971565,53.15165876777251,0.07590277777777778,0.005694444444444445,0.01902777777777778,0.013125,0.009583333333333333,1,59.331337138579585,50.55205701631265,12.623630432399382,4.276858592936763,0.9408591980828699,-137.93383296374404,2.2248784694976504,2.2248784694976504,0.0353388852499922,-19,-0.4517361111111109,-6505,0.8016722558051183,289.0,44.82085553522033,6.066767676767677,0.77539742814899
RHF_MPM_P27,1088,0.0544,54.4,0,255,4.105347222222222,26.376153461170464,59117,231.83137254901962,11,173,255,0.7832965510860042,106,106,199,0.013819444444444445,18,17,0.6503267973856209,62.20603015075377,53.32663316582914,0.06854166666666667,0.005208333333333333,0.017708333333333333,0.0125,0.009236111111111112,1,60.097822961246344,51.12018539506403,11.677512736607616,4.1826497289903335,0.9336526104387243,-137.4274821868687,2.531510594185324,2.531510594185324,0.029957541823840857,-12,-0.3475694444444448,-5005,0.9540809038502993,283.1818181818182,51.47782961769814,5.8504292929292925,0.9424832508040901
RHF_MPM_P27,1089,0.05445,54.45,0,255,3.781458333333333,25.475360167248702,54453,213.54117647058823,7,162,255,0.7192875136603394,106,106,184,0.012777777777777779,17,16,0.6764705882352942,62.630434782608695,53.630434782608695,0.06208333333333333,0.004930555555555555,0.016527777777777777,0.011597222222222222,0.008263888888888888,1,60.85383725414578,51.70514021266046,10.672290364124429,4.364870118812234,0.9125384414377118,-137.32011196856067,2.796828646942193,2.796828646942193,0.025085853855618605,-15,-0.3238888888888889,-4664,0.9558921224162857,271.27272727272725,57.5359032716899,5.597323232323232,1.0802132758133312
RHF_MPM_P27,1090,0.0545,54.5,0,255,3.6347916666666666,25.275235422267425,52341,205.25882352941176,3,160,255,0.6658874916594719,107,107,180,0.0125,16,16,0.703125,62.61666666666667,53.65,0.05673611111111111,0.004791666666666666,0.01611111111111111,0.011319444444444444,0.008333333333333333,1,61.48491622246423,52.28392655852964,9.297998053875443,4.440398123245073,0.8785964394276532,-136.8356652548235,2.730027690697516,2.730027690697516,0.019181903288053342,-4,-0.1466666666666665,-2112,0.8563026908859265,257.09090909090907,59.0399780510161,5.331849747474747,1.1675388023839666
RHF_MPM_P27,1091,0.05455,54.55,0,255,3.633402777777778,25.59646206735509,52321,205.18039215686275,1,165,255,0.6083873333917215,108,108,184,0.012777777777777779,17,16,0.6764705882352942,62.755434782608695,53.744565217391305,0.050833333333333335,0.005069444444444444,0.01611111111111111,0.011666666666666667,0.00875,1,62.04344335926301,52.91582729687888,7.493817340423898,4.263710954685539,0.8223625534763965,-138.82506012893444,1.5989649455823451,1.5989649455823451,0.01563425775501233,4,-0.001388888888888662,-20,0.8433570451872415,243.8181818181818,57.54969106909923,5.0521338383838374,1.1723567092964995
RHF_MPM_P27,1092,0.0546,54.6,0,255,3.6825,25.907557871422597,53028,207.95294117647057,0,172,255,0.5699651117678641,109,109,187,0.012986111111111111,17,16,0.6875,62.657754010695186,53.663101604278076,0.046875,0.005208333333333333,0.01659722222222222,0.012083333333333333,0.009027777777777777,1,62.14365995323225,53.10432224485178,6.768470762388148,4.03130274046011,0.8032810009208743,-138.26366756667025,0.9801502754830589,0.9801502754830589,0.010956475824092931,3,0.049097222222222126,707,0.21348000168189518,228.63636363636363,47.658391853372336,4.753257575757575,1.0588664198379572
RHF_MPM_P27,1093,0.05465,54.65,0,255,3.6555555555555554,25.750118062776206,52640,206.4313725490196,0,172,255,0.57459633450815,108,108,187,0.012986111111111111,18,16,0.6493055555555556,62.6524064171123,53.705882352941174,0.0475,0.005208333333333333,0.01611111111111111,0.011944444444444445,0.008888888888888889,1,62.21960486322188,53.136645136778114,6.7584878409662785,4.313053382056056,0.7698968056313644,-138.2855781028137,0.665989266045951,0.665989266045951,0.01189209726443769,0,-0.02694444444444466,-388,0.08253725641075373,216.0909090909091,37.780356958356364,4.4902967171717165,0.9320528250530757
RHF_MPM_P27,1094,0.0547,54.7,0,255,3.6136805555555553,25.54822224861491,52037,204.06666666666666,0,163,255,0.5756249300296875,108,108,183,0.012708333333333334,17,16,0.6727941176470589,62.79234972677595,53.78688524590164,0.0475,0.005069444444444444,0.016041666666666666,0.01173611111111111,0.008680555555555556,1,62.23992543766935,53.15310260007303,6.79424626953934,4.41135351585123,0.7605513076333241,-136.93963654673948,1.0325529628652992,1.0325529628652992,0.011760862463247305,-4,-0.04187500000000011,-603,0.026149069657990798,206.36363636363637,30.588984135031737,4.249109848484848,0.770406266385928
RHF_MPM_P27,1095,0.05475,54.75,0,255,3.590763888888889,25.503909520019917,51707,202.77254901960785,0,163,255,0.5655027332307363,108,108,184,0.012777777777777779,17,16,0.6764705882352942,62.69021739130435,53.68478260869565,0.04645833333333333,0.005,0.016041666666666666,0.011458333333333333,0.008541666666666666,1,62.21190554470381,53.11756628696308,6.604907249667111,4.2692557471822905,0.7630187627789042,-136.2124210674487,0.6391790165929772,0.6391790165929772,0.012319415166225076,1,-0.022916666666666252,-330,0.04525421473463207,198.0,21.687868414476245,4.040113636363636,0.5869893003762926
RHF_MPM_P27,1096,0.0548,54.8,0,255,3.5565972222222224,25.330706926990874,51215,200.84313725490196,0,159,255,0.5656607494289565,107,107,181,0.012569444444444444,17,16,0.6654411764705882,62.71270718232044,53.74585635359116,0.04638888888888889,0.004791666666666666,0.016041666666666666,0.011319444444444444,0.008333333333333333,1,62.25371473201211,53.19369325392951,6.564270201076186,4.053122100275185,0.7866085204667302,-136.5799366537831,0.6756943045394287,0.6756943045394287,0.01142243483354486,-3,-0.03416666666666668,-492,0.08685230706715666,191.8181818181818,14.898555035598598,3.8737878787878786,0.416446653154065
RHF_MPM_P27,1097,0.05485,54.85,0,255,3.584722222222222,25.475135806650457,51620,202.4313725490196,0,162,255,0.5675015315571523,105,105,187,0.012986111111111111,17,17,0.6470588235294118,62.780748663101605,53.839572192513366,0.04645833333333333,0.004861111111111111,0.01597222222222222,0.011597222222222222,0.008541666666666666,1,62.399457574583494,53.35422316931422,6.528348838498688,4.140909571281821,0.7730897773941778,-136.51304478608293,0.35679236226291355,0.35679236226291355,0.012185199535063928,6,0.028124999999999734,405,0.216819809736586,187.9090909090909,8.73295269710751,3.7537941919191913,0.2646093422764925
RHF_MPM_P27,1098,0.0549,54.9,0,255,3.587083333333333,25.48460973135987,51654,202.56470588235294,0,162,255,0.5622622317802377,105,105,189,0.013125,17,17,0.6539792387543253,62.75661375661376,53.84126984126984,0.04590277777777778,0.004791666666666666,0.016319444444444445,0.011458333333333333,0.008472222222222223,1,62.3371858907345,53.32653811902273,6.639210427364412,4.065606187042185,0.7905767970646421,-136.03595017845487,0.3093683712726838,0.3093683712726838,0.011305997599411468,2,0.002361111111111036,34,0.06814854817992008,185.9090909090909,4.888847148999546,3.67508207070707,0.14803803000658916
RHF_MPM_P27,1099,0.05495,54.95,0,255,3.5674305555555557,25.384234122956446,51371,201.45490196078433,0,159,255,0.5650486169982346,105,105,188,0.013055555555555556,17,17,0.6505190311418685,62.776595744680854,53.88297872340426,0.04625,0.004722222222222222,0.01611111111111111,0.01138888888888889,0.008263888888888888,1,62.31056432617625,53.317903097078116,6.8054919886374154,4.118358120415196,0.7961098374423966,-136.10428825619087,0.8123654778681952,0.8123654778681952,0.01166027525257441,-1,-0.01965277777777752,-283,0.02798698453769681,184.9090909090909,2.778310325442932,3.626180555555555,0.061217681411469486
RHF_MPM_P27,1100,0.055,55.0,0,255,3.571597222222222,25.429193884501096,51431,201.69019607843137,0,167,255,0.5675218164634054,107,107,185,0.012847222222222222,17,17,0.6401384083044983,62.924324324324324,54.037837837837834,0.04645833333333333,0.004861111111111111,0.01597222222222222,0.011597222222222222,0.008472222222222223,1,62.40901401878244,53.42038848165503,6.665912931585755,4.178989040486151,0.7790842521041369,-135.6301727634222,0.6108872903726267,0.6108872903726267,0.012638292080651746,-3,0.00416666666666643,60,0.14211121006497915,185.0,2.76339711883103,3.607102272727273,0.03824325497878428
RHF_MPM_P27,1101,0.05505,55.05,0,255,3.595972222222222,25.595042605927198,51782,203.06666666666666,0,168,255,0.556905199599637,106,106,189,0.013125,17,17,0.6539792387543253,62.767195767195766,53.96296296296296,0.045625,0.005,0.01611111111111111,0.01173611111111111,0.008611111111111111,1,62.40776717778379,53.404754547912404,6.566415652480619,4.16026806866848,0.7736873545842091,-137.21459417975905,0.5957081121272488,0.5957081121272488,0.01147116758719246,4,0.024375000000000036,351,0.0156835741062039,185.8181818181818,2.4796693994519736,3.6035732323232326,0.03730487680122775
RHF_MPM_P27,1102,0.0551,55.1,0,255,3.591111111111111,25.534620374196308,51712,202.7921568627451,0,167,255,0.5534251547453346,107,107,188,0.013055555555555556,17,17,0.6505190311418685,62.797872340425535,53.88297872340426,0.045,0.004791666666666666,0.01625,0.011666666666666667,0.008541666666666666,1,62.425897277227726,53.32731280940594,6.463654630631405,4.13724326821158,0.7683099155147135,-135.3275689416105,0.3675658579476929,0.3675658579476929,0.011061262376237623,-1,-0.004861111111110983,-70,0.07953567356067824,186.1818181818182,2.4796693994519736,3.599728535353535,0.03619529879707711
RHF_MPM_P27,1103,0.05515,55.15,0,255,3.611388888888889,25.6195581379168,52004,203.93725490196078,0,165,255,0.5588740806294731,107,107,188,0.013055555555555556,17,17,0.6505190311418685,62.819148936170215,53.930851063829785,0.045625,0.004930555555555555,0.01625,0.01173611111111111,0.00875,1,62.434389662333665,53.34641566033382,6.620399356991837,4.200494033354601,0.7729413810892225,-136.59186123262504,0.5496482127774573,0.5496482127774573,0.010845319590800708,0,0.02027777777777784,292,0.0209054901487708,186.27272727272728,2.5258989071726914,3.593263888888889,0.02564838555421365
RHF_MPM_P27,1104,0.0552,55.2,0,255,3.635972222222222,25.739571467539268,52358,205.32549019607842,0,170,255,0.5673146699868759,108,108,189,0.013125,17,17,0.6539792387543253,62.7989417989418,53.99470899470899,0.04659722222222222,0.005,0.01611111111111111,0.011875,0.008888888888888889,1,62.43934069292181,53.37434584972688,6.539563288359127,4.369693642858882,0.7439875365763614,45.18274233590189,-0.630479181712492,0.630479181712492,0.012777417013636884,1,0.02458333333333318,354,0.028365616217826087,186.45454545454547,2.641061644787991,3.591483585858586,0.02162726021658943
RHF_MPM_P27,1105,0.05525,55.25,0,255,3.6329166666666666,25.70953346401875,52314,205.1529411764706,0,165,255,0.5662149813704311,107,107,191,0.01326388888888889,17,17,0.6608996539792388,62.769633507853406,53.989528795811516,0.04652777777777778,0.005069444444444444,0.016180555555555556,0.011805555555555555,0.008819444444444444,1,62.421474175172996,53.40138395075888,6.596245899315059,4.3691080635475625,0.749183214577997,-135.45194753420904,0.5725335812452131,0.5725335812452131,0.011258936422372596,2,-0.003055555555555589,-44,0.03240789045718996,187.1818181818182,2.6906633794452257,3.593232323232323,0.023999011427238925
RHF_MPM_P27,1106,0.0553,55.3,0,255,3.627847222222222,25.667738929528582,52241,204.86666666666667,0,168,255,0.565584668035612,107,107,187,0.012986111111111111,17,16,0.6875,62.844919786096256,54.18181818181818,0.04638888888888889,0.005,0.016319444444444445,0.011875,0.008680555555555556,1,62.35701843379721,53.520682988457345,6.608974124848548,4.183213411211985,0.774184851613642,-136.04252269829982,0.535806773163659,0.535806773163659,0.010662123619379415,-4,-0.005069444444444571,-73,0.13559794612044462,187.45454545454547,2.4995867427031855,3.5966035353535357,0.02594147315764497
RHF_MPM_P27,1107,0.05535,55.35,0,255,3.6109722222222222,25.686019038667393,51998,203.91372549019607,0,168,255,0.5538880377567583,108,108,186,0.012916666666666667,17,17,0.643598615916955,62.73118279569893,54.12903225806452,0.04527777777777778,0.005069444444444444,0.016180555555555556,0.011944444444444445,0.008958333333333334,1,62.36324474018232,53.487711065810224,6.517345387449435,4.275154201949351,0.7547908100604999,-137.17521323700626,0.33099732089326744,0.33099732089326744,0.012058156082926267,-1,-0.01687499999999975,-243,0.033554650560674845,187.9090909090909,1.5640591394622958,3.6015467171717175,0.02284280050909823
RHF_MPM_P27,1108,0.0554,55.4,0,255,3.6709722222222223,25.896464616050192,52862,207.30196078431374,0,170,255,0.561193837505099,108,108,190,0.013194444444444444,17,17,0.657439446366782,62.77368421052632,54.05789473684211,0.04597222222222222,0.005138888888888889,0.01659722222222222,0.012083333333333333,0.009097222222222222,1,62.27061026824562,53.41343498165033,6.800033068664102,4.210191572537858,0.7852784108769602,-137.2959771496597,0.8514535004297611,0.8514535004297611,0.010953047557791987,4,0.06000000000000005,864,0.11873534464984757,188.1818181818182,1.6414063713879807,3.6093876262626265,0.029542400342872782
RHF_MPM_P27,1109,0.05545,55.45,0,255,3.6390277777777778,25.72321107373014,52402,205.49803921568628,0,170,255,0.5627899164976338,107,107,190,0.013194444444444444,17,17,0.657439446366782,62.8,54.136842105263156,0.04611111111111111,0.005138888888888889,0.01638888888888889,0.012083333333333333,0.00875,1,62.30069462997596,53.513530017938244,6.7238576460492725,4.25929931875363,0.7737748956354423,-136.66805231317053,0.5465345163483314,0.5465345163483314,0.012060608373726193,0,-0.03194444444444455,-460,0.10451834819877354,188.27272727272728,1.7104443383842527,3.6141098484848486,0.02975055612481456
RHF_MPM_P27,1110,0.0555,55.5,0,255,3.596041666666667,25.619164883570992,51783,203.0705882352941,0,167,255,0.5600291933714413,108,108,185,0.012847222222222222,17,16,0.6801470588235294,62.87567567567567,54.28648648648649,0.04590277777777778,0.005069444444444444,0.01597222222222222,0.011597222222222222,0.00875,1,62.435509723268254,53.66251472490972,6.72372835078924,4.255624088496066,0.7742121011773336,-138.2907425297475,0.9176131287142577,0.9176131287142577,0.01220477762972404,-5,-0.04298611111111095,-619,0.20092673363887392,188.0,1.954016841836789,3.6167108585858587,0.026644352128680236
RHF_MPM_P27,1111,0.05555,55.55,0,255,3.6944444444444446,26.07089367309031,53200,208.62745098039215,0,174,255,0.5639367099025706,109,109,191,0.01326388888888889,17,17,0.6608996539792388,62.659685863874344,54.09947643979058,0.04638888888888889,0.005208333333333333,0.016666666666666666,0.012361111111111111,0.009166666666666667,1,62.409473684210525,53.55781954887218,6.507718756870534,4.272166234131683,0.754346234471727,-138.11423916902476,0.47385226375871264,0.47385226375871264,0.012161654135338346,6,0.09840277777777784,1417,0.10788398961545051,188.54545454545453,1.876342494595481,3.627878787878788,0.03081389532603369
RHF_MPM_P27,1112,0.0556,55.6,0,255,3.74375,26.22352691220763,53910,211.41176470588235,0,178,255,0.5627926963983714,109,109,190,0.013194444444444444,16,17,0.6985294117647058,62.60526315789474,54.089473684210525,0.04618055555555556,0.005347222222222222,0.016875,0.012569444444444444,0.009236111111111112,1,62.31899462066407,53.47293637544055,6.564335881170292,4.282710403584659,0.7578567633875677,-136.34912285610116,0.7676183940413993,0.7676183940413993,0.00959005750324615,-1,0.04930555555555527,710,0.12406294399242748,188.63636363636363,1.9198829165402616,3.6413131313131313,0.04355484426101375
RHF_MPM_P27,1113,0.05565,55.65,0,255,3.773888888888889,26.306792772735605,54344,213.1137254901961,0,178,255,0.5772011597104816,107,107,196,0.01361111111111111,18,17,0.6405228758169934,62.525510204081634,53.93877551020408,0.04756944444444444,0.005347222222222222,0.017013888888888887,0.012569444444444444,0.009305555555555555,1,62.23629103488886,53.36912998675107,6.64468868159261,4.479388028586994,0.7386121592529633,-135.84866318817828,0.7920425415389005,0.7920425415389005,0.011003974679817459,6,0.03013888888888916,434,0.13272395952814628,189.36363636363637,2.837179369877679,3.657929292929293,0.05467781053476846
RHF_MPM_P27,1114,0.0557,55.7,0,255,3.821527777777778,26.39154342460026,55030,215.80392156862746,0,183,255,0.5731154786725522,107,107,200,0.013888888888888888,18,17,0.6535947712418301,62.455,53.905,0.046875,0.005416666666666667,0.017430555555555557,0.012569444444444444,0.009166666666666667,1,62.037234235871345,53.33859712883881,6.829299063929713,4.096568579592105,0.8001109920606901,-136.2132064116942,0.6995342725587328,0.6995342725587328,0.010012720334363075,4,0.047638888888888786,686,0.20138486697711,190.45454545454547,4.120097888590785,3.6770328282828277,0.06972044956113259
RHF_MPM_P27,1115,0.05575,55.75,0,255,3.8336805555555555,26.263050545462363,55205,216.49019607843138,0,173,255,0.5910622385871094,107,107,194,0.013472222222222222,17,17,0.671280276816609,62.45360824742268,53.845360824742265,0.04861111111111111,0.005416666666666667,0.017430555555555557,0.012569444444444444,0.009027777777777777,1,61.9025269450231,53.1637532832171,7.100813731935144,4.182846931995585,0.8080850296772125,-136.02507524112002,0.7315671012538343,0.7315671012538343,0.012263381940041663,-6,0.012152777777777679,175,0.22071797516166353,190.9090909090909,4.209395237378264,3.6950063131313127,0.0813350988269748
RHF_MPM_P27,1116,0.0558,55.8,0,255,3.736458333333333,25.824287205629105,53805,211.0,0,170,255,0.5871214822846001,106,106,194,0.013472222222222222,18,17,0.6339869281045751,62.608247422680414,54.05154639175258,0.04798611111111111,0.005069444444444444,0.016944444444444446,0.011875,0.008611111111111111,1,61.923836074714245,53.20224886162996,7.190751579235519,4.1237767832620325,0.8192171695806922,-136.05492877590117,0.966816628524238,0.966816628524238,0.013437412879843881,0,-0.09722222222222232,-1400,0.04399987006270651,191.1818181818182,4.302603478617903,3.704419191919192,0.07957723631566262
RHF_MPM_P27,1117,0.05585,55.85,0,255,3.544861111111111,25.17755148126642,51046,200.18039215686275,0,158,255,0.5722483518277989,105,105,181,0.012569444444444444,17,16,0.6654411764705882,62.93922651933702,54.29281767955801,0.04673611111111111,0.004722222222222222,0.015625,0.011180555555555555,0.008194444444444445,1,62.212768875132234,53.46377776907104,6.912722486050251,4.222354276283328,0.791777847147275,-136.85841503021857,0.865967063885454,0.865967063885454,0.015319515730909375,-13,-0.1915972222222222,-2759,0.38971724696849624,190.63636363636363,5.103879580952073,3.696875,0.08976097218069663
RHF_MPM_P27,1118,0.0559,55.9,0,255,3.6616666666666666,25.828281280195334,52728,206.7764705882353,0,167,255,0.5653213517726718,107,107,190,0.013194444444444444,17,17,0.657439446366782,62.705263157894734,53.98421052631579,0.04631944444444445,0.005138888888888889,0.01638888888888889,0.011944444444444445,0.008888888888888889,1,62.32358519192839,53.39216355636474,6.656152118574011,4.314580211180308,0.7614621493529217,46.144637643306915,-0.691153799830944,0.691153799830944,0.013067061143984222,9,0.1168055555555556,1682,0.13194260695396218,191.0,4.898979485566356,3.7014835858585857,0.08647336069116054
RHF_MPM_P27,1119,0.05595,55.95,0,255,3.68875,25.909547491518982,53118,208.30588235294118,0,167,255,0.5640616308711313,108,108,190,0.013194444444444444,16,17,0.6985294117647058,62.626315789473686,53.96842105263158,0.04618055555555556,0.005277777777777778,0.016875,0.012083333333333333,0.008958333333333334,1,62.27037915584171,53.42550547836891,6.837616078875766,4.045660786708528,0.8061750558751718,-135.16787602781415,0.7002481632319011,0.7002481632319011,0.009525961067811287,0,0.02708333333333357,390,0.06278985617907538,191.0,4.898979485566356,3.703099747474748,0.08605311907994626
RHF_MPM_P27,1120,0.056,56.0,0,255,3.7220138888888887,26.01591956753118,53597,210.1843137254902,0,171,255,0.5787497654864255,106,106,193,0.013402777777777777,17,17,0.6678200692041523,62.54922279792746,53.96373056994819,0.04743055555555555,0.005208333333333333,0.01673611111111111,0.012222222222222223,0.009027777777777777,1,62.18696941993022,53.32727578036084,6.876056380378758,4.183772567238854,0.7935881899589237,45.36869866847573,-0.8502120711556855,0.8502120711556855,0.011250629699423476,3,0.03326388888888854,479,0.12886526923721758,191.27272727272728,4.919181548534066,3.710643939393939,0.08371108139579993
RHF_MPM_P27,1121,0.05605,56.05,0,255,3.7689583333333334,26.15774041535608,54273,212.83529411764707,0,177,255,0.580298562887553,107,107,197,0.013680555555555555,18,18,0.6080246913580247,62.598984771573605,53.868020304568525,0.04736111111111111,0.005138888888888889,0.017152777777777777,0.012222222222222223,0.008958333333333334,1,62.224900042378344,53.331030162327494,6.888827021449164,4.126492649433024,0.8007397655300832,-135.778512996464,0.6147868449989008,0.6147868449989008,0.010594586626867871,4,0.04694444444444468,676,0.038115974384154705,192.36363636363637,4.734260569560559,3.726363636363636,0.07665251384020393
RHF_MPM_P27,1122,0.0561,56.1,0,255,3.7944444444444443,26.201759317992845,54640,214.27450980392157,0,174,255,0.5910949171316731,108,108,194,0.013472222222222222,18,18,0.5987654320987654,62.623711340206185,53.93298969072165,0.04861111111111111,0.005208333333333333,0.017291666666666667,0.012361111111111111,0.009166666666666667,1,62.09751098096633,53.18259516837482,7.110190620508326,4.182024331351674,0.8087349138123305,45.199330165896434,-0.7791337968163313,0.7791337968163313,0.01154831625183016,-3,0.025486111111110876,367,0.19560398870464257,192.63636363636363,4.734260569560559,3.735454545454545,0.0782413267719118
RHF_MPM_P27,1123,0.05615,56.15,0,255,3.8986111111111112,26.533092508620012,56140,220.15686274509804,0,180,255,0.6065802298595966,107,107,198,0.01375,18,18,0.6111111111111112,62.59090909090909,53.898989898989896,0.05,0.005416666666666667,0.017777777777777778,0.012777777777777779,0.009444444444444445,1,62.02828642679017,53.147239045244035,7.22007042127592,4.181499746940041,0.8152213964523045,45.605599478231994,-0.7149354989513939,0.7149354989513939,0.012931955824723904,4,0.10416666666666696,1500,0.07773090983467937,193.36363636363637,4.88546503365251,3.749532828282828,0.09130858228841617
RHF_MPM_P27,1124,0.0562,56.2,0,255,3.8066666666666666,26.23814780048317,54816,214.96470588235294,0,175,255,0.590548246549369,108,108,194,0.013472222222222222,18,17,0.6339869281045751,62.603092783505154,53.95360824742268,0.04868055555555555,0.005486111111111111,0.017361111111111112,0.012361111111111111,0.009166666666666667,1,62.002572241681264,53.23020650904845,7.158973000159113,4.072966350582791,0.8223848083298811,-136.02596114266416,1.1272070799931773,1.1272070799931773,0.014265907764156451,-4,-0.0919444444444446,-1324,0.08686091967019405,193.1818181818182,4.820754030386492,3.7525126262626256,0.0925807833187001
RHF_MPM_P27,1125,0.05625,56.25,0,255,3.8118055555555554,26.315621671588744,54890,215.2549019607843,1,177,255,0.6023049676274298,108,108,196,0.01361111111111111,18,17,0.6405228758169934,62.673469387755105,54.025510204081634,0.050069444444444444,0.005416666666666667,0.017013888888888887,0.012638888888888889,0.009166666666666667,1,62.18901439242121,53.321606850063766,7.013558488445345,4.3966656310222,0.7791151247986949,-136.68855581795376,0.7747806647350058,0.7747806647350058,0.013845873565312443,2,0.005138888888888804,74,0.20764079057413437,192.8181818181818,4.427562058867608,3.7516287878787877,0.09196203924903215
RHF_MPM_P27,1126,0.0563,56.3,0,255,3.9125694444444443,26.73562298607443,56341,220.94509803921568,0,185,255,0.5975103523215974,106,106,202,0.014027777777777778,18,18,0.6234567901234568,62.51980198019802,53.76237623762376,0.049166666666666664,0.005416666666666667,0.017708333333333333,0.012847222222222222,0.00951388888888889,1,62.20400773859179,53.29683534193571,6.904069625078428,4.238959205679895,0.7893217466666047,45.082811292794645,-0.6234172885941869,0.6234172885941869,0.010826928879501607,6,0.10076388888888888,1451,0.02895562198139161,193.54545454545453,5.158640348767676,3.758800505050505,0.10073855308265056
RHF_MPM_P27,1127,0.05635,56.35,0,255,3.932361111111111,26.695320698634283,56626,222.06274509803922,0,181,255,0.6050789448163777,109,109,195,0.013541666666666667,17,17,0.6747404844290658,62.815384615384616,53.98974358974359,0.04986111111111111,0.005347222222222222,0.017986111111111112,0.012708333333333334,0.009444444444444445,1,62.217161727828206,53.28409211316357,7.092137099374568,4.294211401680084,0.7958536312163437,46.42488694176214,-0.8456184382004657,0.8456184382004657,0.010119026595556812,-7,0.019791666666666874,285,0.018314401774858134,193.63636363636363,5.174636171184621,3.7766098484848487,0.11191150251180416
RHF_MPM_P27,1128,0.0564,56.4,0,255,3.925972222222222,26.868461848612384,56534,221.7019607843137,0,193,255,0.5930979402719998,110,110,197,0.013680555555555555,17,16,0.7242647058823529,62.984771573604064,54.35532994923858,0.04895833333333333,0.005833333333333334,0.017361111111111112,0.012847222222222222,0.00986111111111111,1,62.489457671489724,53.732125800403296,6.602286637518384,4.042712473208773,0.7906099913165507,-136.2795666754752,0.5579221998586771,0.5579221998586771,0.01526515017511586,2,-0.006388888888888999,-92,0.5242892959389348,195.0909090909091,3.3426866019727703,3.8112563131313135,0.09202940099160033
RHF_MPM_P27,1129,0.05645,56.45,0,11,0.016041666666666666,0.3141671501985669,231,21.0,0,0,7,0.047925396531631526,3,8,7,0.0004861111111111111,32,107,0.0020443925233644858,97.42857142857143,62.142857142857146,0.0038194444444444443,0.0,0.0,0.0,0.0,0,89.86580086580086,61.01298701298701,31.858468495687514,21.18743148488287,0.7468000349936467,93.42710778115256,-0.18185813756656918,0.18185813756656918,0.0,-190,-3.9099305555555555,-56303,28.327991575288422,178.45454545454547,54.29777098449159,3.4798358585858584,1.0981888384113379
RHF_MPM_P27,1130,0.0565,56.5,0,255,3.2825,22.51932933615031,47268,185.36470588235295,8,98,255,0.7659329491077357,107,107,138,0.009583333333333333,14,13,0.7582417582417582,67.34057971014492,57.34782608695652,0.0675,0.003472222222222222,0.013402777777777777,0.008958333333333334,0.006458333333333333,1,70.01675552170602,58.67912752813743,8.374703490424531,5.596395277580619,0.7439368186528258,-148.00737501218003,-0.7523344346874064,0.7523344346874064,0.02913175932977913,131,3.2664583333333335,47037,19.98578247572398,173.72727272727272,55.340419075672656,3.4429040404040405,1.097372843923503
RHF_MPM_P27,1131,0.05655,56.55,0,255,5.286319444444445,26.616416854560516,76123,298.52156862745096,26,158,255,1.1629726392476287,107,107,190,0.013194444444444444,20,18,0.5277777777777778,69.08421052631579,59.59473684210526,0.1057638888888889,0.005208333333333333,0.021319444444444443,0.011666666666666667,0.008541666666666666,1,78.34201226961628,65.54870407104292,18.408413905648185,4.725298829217309,0.9664931675482942,-145.0138745293538,-1.0525801999238402,1.0525801999238402,0.01670979861539876,52,2.0038194444444444,28855,10.793562053254833,173.45454545454547,55.2520894485426,3.5851136363636367,1.218953259142212
RHF_MPM_P27,1132,0.0566,56.6,0,255,6.018055555555556,29.96772720772988,86660,339.84313725490193,26,219,255,1.0957984384888635,95,95,306,0.02125,41,34,0.21951219512195122,74.59477124183006,64.66993464052288,0.0967361111111111,0.006875,0.029722222222222223,0.014305555555555556,0.010625,1,77.69112624048003,66.58071774751905,17.430463619313432,4.324539817467064,0.9687338128926246,-141.28930314031956,-0.9379260335799051,0.9379260335799051,0.012670205400415416,116,0.7317361111111111,10537,1.220124932684567,183.36363636363637,67.0918945480718,3.78957702020202,1.406797362439302
RHF_MPM_P27,1133,0.05665,56.65,0,255,6.188263888888889,30.52037640909078,89111,349.4549019607843,29,225,255,1.0830340663043914,109,109,245,0.017013888888888887,21,21,0.5555555555555556,70.00408163265305,60.86938775510204,0.09506944444444444,0.007361111111111111,0.030416666666666668,0.015416666666666667,0.011666666666666667,1,78.13975827900035,67.13904007361606,19.86057619071193,4.099108178840379,0.9784689187549135,-140.2569176750122,-1.2219945787366395,1.2219945787366395,0.004309232305775942,-61,0.17020833333333307,2451,0.7162363616888445,188.0,69.38954597710732,4.00719696969697,1.566774310608785
RHF_MPM_P27,1134,0.0567,56.7,0,255,5.447777777777778,30.383270169171052,78448,307.6392156862745,18,239,255,0.8936980135544534,109,109,253,0.017569444444444443,20,20,0.6325,70.0790513833992,60.85375494071146,0.07756944444444444,0.007916666666666667,0.023194444444444445,0.016527777777777777,0.012430555555555556,1,73.18636549051601,63.0608046094228,12.53151691695371,4.33911471938214,0.938140012533009,-141.59700187684427,-1.5977199461867757,1.5977199461867757,0.028133285743422394,8,-0.7404861111111112,-10663,6.416237574966517,193.0,71.8673019592992,4.148030303030303,1.619424898328538
RHF_MPM_P27,1135,0.05675,56.75,0,255,5.7103472222222225,31.559985717527628,82229,322.46666666666664,16,244,255,0.8961237010457338,106,106,290,0.02013888888888889,23,22,0.5731225296442688,71.07931034482759,61.66551724137931,0.078125,0.008125,0.025486111111111112,0.017986111111111112,0.013055555555555556,1,72.69415899500176,62.78463802308188,10.673118889435052,4.455426669470497,0.9087027697304441,-138.5770554462322,-1.3110242655429223,1.3110242655429223,0.02784905568595021,37,0.26256944444444485,3781,0.5643892430208248,201.72727272727272,77.09744826468396,4.321092171717172,1.6744811278836897
RHF_MPM_P27,1136,0.0568,56.8,0,255,5.898680555555556,31.942338647304247,84941,333.10196078431375,17,245,255,0.9173024109986003,106,106,301,0.020902777777777777,24,22,0.5700757575757576,71.51495016611295,61.920265780730894,0.0798611111111111,0.008263888888888888,0.026597222222222223,0.01840277777777778,0.01326388888888889,1,72.99671536713718,63.020225803793224,10.534201527284496,4.426180466296076,0.9074443101023573,-137.78709117879535,-1.1471521083845477,1.1471521083845477,0.01698826244098845,11,0.18833333333333346,2712,0.38346050740623394,211.27272727272728,82.133030570799,4.510808080808082,1.7235338008042278
RHF_MPM_P27,1137,0.05685,56.85,0,255,5.835625,31.575566244125426,84033,329.54117647058825,18,244,255,0.9173813770519987,108,108,283,0.01965277777777778,23,22,0.5592885375494071,70.90812720848056,61.63604240282685,0.079375,0.007847222222222222,0.02638888888888889,0.017916666666666668,0.013055555555555556,1,72.93288351004962,63.142848642795094,10.746924796356376,4.366418366115241,0.9137421044157317,-137.26252301874942,-1.0407157795089559,1.0407157795089559,0.012982994775861864,-18,-0.06305555555555564,-908,0.1382420580869868,218.63636363636363,84.56656627906449,4.685631313131314,1.751293340332975
RHF_MPM_P27,1138,0.0569,56.9,0,255,5.818472222222222,31.39435269278901,83786,328.57254901960783,19,243,255,0.9420806114589202,109,109,273,0.018958333333333334,22,20,0.6204545454545455,70.51648351648352,61.19047619047619,0.08243055555555556,0.00798611111111111,0.02486111111111111,0.017361111111111112,0.013125,1,73.0619196524479,63.26599909292722,11.437712540963794,4.486913506245954,0.9198410986467147,-137.25381264063452,-1.2243175695528015,1.2243175695528015,0.01749695653211754,-10,-0.01715277777777846,-247,0.17837140861913073,225.72727272727272,85.55178220245635,4.85709595959596,1.7614514458263097
RHF_MPM_P27,1139,0.05695,56.95,0,255,5.822430555555556,31.478099700570652,83843,328.79607843137256,20,246,255,0.9518762615635127,109,109,272,0.01888888888888889,22,20,0.6181818181818182,70.43014705882354,61.18382352941177,0.08402777777777778,0.008402777777777778,0.02423611111111111,0.017638888888888888,0.013472222222222222,1,73.21624941855612,63.449304056391114,12.002742056899557,4.296789721823956,0.9337277168546592,-137.31340217682543,-1.2337016744271034,1.2337016744271034,0.021802654962250874,-1,0.003958333333334174,57,0.23962133948694594,232.54545454545453,85.97818289475707,5.029501262626263,1.7546753947474294
RHF_MPM_P27,1140,0.057,57.0,0,255,5.8822222222222225,31.528459640203653,84704,332.17254901960786,21,246,255,0.9688804305851436,110,110,274,0.01902777777777778,23,20,0.5956521739130435,70.63138686131387,61.167883211678834,0.085625,0.008263888888888888,0.024652777777777777,0.017708333333333333,0.01326388888888889,1,73.57220438231961,63.644113619191536,12.45691533786703,4.319636681107877,0.9379516145155864,-137.33889666582166,-1.3170141080123368,1.3170141080123368,0.024721382697393275,2,0.059791666666666465,861,0.4057766651575253,256.8181818181818,48.31867356287869,5.562790404040404,0.7586907786093136
RHF_MPM_P27,1141,0.05705,57.05,0,255,5.885277777777778,31.29990734687308,84748,332.3450980392157,21,245,255,1.001179810898159,109,109,270,0.01875,23,20,0.5869565217391305,70.5925925925926,61.12592592592593,0.08881944444444445,0.008055555555555555,0.025,0.017291666666666667,0.013055555555555556,1,73.87683485155992,63.82974229480342,13.150887024022722,4.252909839460168,0.9462646141869866,-137.62585682061817,-1.3367213566897043,1.3367213566897043,0.02555812526549299,-4,0.003055555555555145,44,0.356732011458169,268.8181818181818,30.38186714538245,5.799406565656566,0.2374376789350169
RHF_MPM_P27,1142,0.0571,57.1,0,255,5.987986111111111,31.637118804057195,86227,338.14509803921567,21,247,255,1.031110439485362,110,110,275,0.019097222222222224,23,20,0.5978260869565217,70.60363636363637,61.123636363636365,0.09270833333333334,0.008402777777777778,0.024791666666666667,0.017777777777777778,0.013472222222222222,1,73.97453233905853,63.93934614447911,13.506511988977485,4.257067803320441,0.9490298119602018,-137.92936474297736,-1.5203236173346146,1.5203236173346146,0.027763925452584458,5,0.10270833333333318,1479,0.14682575702945458,276.54545454545456,17.380049358459235,5.863194444444445,0.17778669238618058
RHF_MPM_P27,1143,0.05715,57.15,0,255,5.875694444444444,31.32655012243293,84610,331.80392156862746,20,246,255,1.033689625806023,110,110,268,0.01861111111111111,21,19,0.6716791979949874,70.16791044776119,60.89179104477612,0.09347222222222222,0.008611111111111111,0.023958333333333335,0.017291666666666667,0.013194444444444444,1,73.69258952842453,63.73011464365914,13.602244870012049,4.34898011598878,0.9475103232832376,-137.94629455865498,-1.668619181440207,1.668619181440207,0.02882637986053658,-7,-0.11229166666666668,-1617,0.35109766362590855,273.09090909090907,14.761464237882398,5.850252525252526,0.17109833646584183
RHF_MPM_P27,1144,0.0572,57.2,0,255,5.8630555555555555,31.294188697250735,84428,331.09019607843135,19,247,255,1.0446309239087148,110,110,268,0.01861111111111111,21,20,0.638095238095238,70.30597014925372,60.884328358208954,0.09506944444444444,0.008472222222222223,0.024791666666666667,0.017291666666666667,0.012986111111111111,1,73.62186715307718,63.56981096318757,13.421117516343562,4.414951389312315,0.9443453984945261,-137.91599728516707,-1.7122786584639968,1.7122786584639968,0.02963471833988724,0,-0.012638888888888644,-182,0.17521108511593758,275.1818181818182,12.006196747120985,5.8206881313131325,0.13427200903517003
RHF_MPM_P27,1145,0.05725,57.25,0,255,5.686111111111111,30.896650328849727,81880,321.0980392156863,18,247,255,1.0145462096578428,111,111,258,0.017916666666666668,21,19,0.6466165413533834,70.08527131782945,60.58139534883721,0.09194444444444444,0.008263888888888888,0.023958333333333335,0.016875,0.012708333333333334,1,73.39123106985834,63.31824621397167,13.114755693191015,4.371465460277766,0.9428122703661791,-137.88019422973696,-1.827627551410775,1.827627551410775,0.02944553004396678,-10,-0.17694444444444457,-2548,0.3412884790475463,275.6363636363636,11.227180713645769,5.842354797979798,0.0810183201602364
RHF_MPM_P27,1146,0.0573,57.3,0,255,5.5505555555555555,30.621956986635556,79928,313.44313725490196,17,246,255,0.9874500659842552,111,111,253,0.017569444444444443,20,19,0.6657894736842105,69.91304347826087,60.430830039525695,0.08930555555555555,0.008194444444444445,0.02326388888888889,0.016527777777777777,0.012638888888888889,1,72.96541887698929,62.85866029426484,12.602392422786341,4.465327256669957,0.9351228061081935,-137.95417296767238,-1.6980668367721616,1.6980668367721616,0.02826293664297868,-5,-0.13555555555555543,-1952,0.6265263292062994,272.27272727272725,11.939932305966998,5.827828282828282,0.11184536076553639
RHF_MPM_P27,1147,0.05735,57.35,0,255,5.386111111111111,30.254727847045082,77560,304.15686274509807,17,240,255,0.9476973359472761,107,107,250,0.017361111111111112,20,18,0.6944444444444444,69.816,60.324,0.08520833333333333,0.00798611111111111,0.02236111111111111,0.016041666666666666,0.012291666666666666,1,72.69444301186178,62.57866168127901,12.147386024604941,4.387183382889225,0.9325027965526532,-138.1698054046605,-1.8602235202524093,1.8602235202524093,0.028365136668385766,-3,-0.1644444444444444,-2368,0.38965002599203125,267.6363636363636,9.546753158418237,5.781231060606061,0.1661907269332442
RHF_MPM_P27,1148,0.0574,57.4,0,255,5.314097222222222,30.18355229336175,76523,300.09019607843135,16,240,255,0.9266876785314975,111,111,245,0.017013888888888887,21,17,0.6862745098039216,69.72244897959183,60.077551020408166,0.08298611111111111,0.008055555555555555,0.022430555555555554,0.01597222222222222,0.012430555555555556,1,72.39997125047371,62.21951570116174,11.617580782810435,4.337844680476049,0.9276759800018217,-138.7659228095552,-1.741968842038161,1.741968842038161,0.027717156933209624,-5,-0.07201388888888882,-1037,0.4644345522131018,264.1818181818182,10.214234112864101,5.733819444444444,0.21199094800730767
RHF_MPM_P27,1149,0.05745,57.45,0,255,5.311388888888889,30.231539054876837,76484,299.9372549019608,16,236,255,0.9123516454421003,110,110,250,0.017361111111111112,21,17,0.7002801120448179,69.852,60.176,0.08125,0.007847222222222222,0.022569444444444444,0.01611111111111111,0.012291666666666666,1,72.2516212541185,62.01031588306051,11.004439142098965,4.395796502804386,0.9167520804078115,-139.35191147087522,-1.602217579752955,1.602217579752955,0.0272344542649443,5,-0.0027083333333335347,-39,0.25646107952704844,262.09090909090907,10.543887030834894,5.687720959595961,0.24163223192023622
RHF_MPM_P27,1150,0.0575,57.5,0,255,5.177986111111111,29.833781213580806,74563,292.4039215686274,16,234,255,0.886008881322399,111,111,241,0.01673611111111111,20,17,0.7088235294117647,69.57261410788382,59.97925311203319,0.07840277777777778,0.0077083333333333335,0.021944444444444444,0.015416666666666667,0.012013888888888888,1,72.0653809530196,61.8355484623741,10.835289850350701,4.459847786003067,0.9113628324311441,-139.3855551437795,-1.5147603889425743,1.5147603889425743,0.02743988305191583,-9,-0.13340277777777754,-1921,0.25539988466479535,259.27272727272725,11.607919781463542,5.6291351010101005,0.2773535813489397
RHF_MPM_P27,1151,0.05755,57.55,0,255,5.130486111111111,29.746171341635186,73879,289.721568627451,15,232,255,0.8775566735717145,110,110,239,0.01659722222222222,20,18,0.6638888888888889,69.59414225941423,59.91213389121339,0.07770833333333334,0.007569444444444445,0.021666666666666667,0.015555555555555555,0.011805555555555555,1,72.03970005008189,61.799821329471165,10.782730057994618,4.412478508415133,0.9124370062528814,-139.55334362443003,-1.6343611080810883,1.6343611080810883,0.027775145846586986,-2,-0.04750000000000032,-684,0.04399928182550175,256.09090909090907,11.927466738998579,5.560795454545455,0.2983895324897115
RHF_MPM_P27,1152,0.0576,57.6,0,255,5.0661805555555555,29.52780931447242,72953,286.09019607843135,15,230,255,0.8776834645001985,110,110,237,0.016458333333333332,20,18,0.6583333333333333,69.48945147679325,59.91561181434599,0.07777777777777778,0.007222222222222222,0.021527777777777778,0.01513888888888889,0.011666666666666667,1,71.97540882485984,61.79253766123394,10.866279221710183,4.329886431298518,0.9171813605344555,-139.77378406297885,-1.5467446488986631,1.5467446488986631,0.028703411785670225,-2,-0.0643055555555554,-926,0.0647024996699682,253.0909090909091,12.198767042425716,5.48633207070707,0.31009702491126123
RHF_MPM_P27,1153,0.05765,57.65,0,255,5.0384722222222225,29.552494121089108,72554,284.5254901960784,15,231,255,0.863607169659087,110,110,240,0.016666666666666666,20,18,0.6666666666666666,69.51666666666667,59.88333333333333,0.07659722222222222,0.007430555555555556,0.021458333333333333,0.015277777777777777,0.011666666666666667,1,71.87563745623949,61.67823965598037,10.580943089527976,4.329724954499589,0.9124445871893128,-139.92310221851665,-1.6178899383338308,1.6178899383338308,0.028199685751302477,3,-0.027708333333333002,-399,0.15171802793776404,249.9090909090909,10.51798931229509,5.400012626262626,0.2899407415469847
RHF_MPM_P27,1154,0.0577,57.7,0,255,5.015069444444444,29.595593386716274,72217,283.20392156862744,14,231,255,0.8484270308260697,110,110,240,0.016666666666666666,20,18,0.6666666666666666,69.54166666666667,59.94583333333333,0.07493055555555556,0.007361111111111111,0.021458333333333333,0.015347222222222222,0.011666666666666667,1,71.71688106678482,61.557195674148744,10.296953452452406,4.256029577967495,0.9105817532633029,-140.2789325074812,-1.4949646105634757,1.4949646105634757,0.02770815735907058,0,-0.023402777777778105,-337,0.1996377637881587,247.36363636363637,9.128105720771796,5.32177398989899,0.2661673950997516
RHF_MPM_P27,1155,0.05775,57.75,0,255,5.071180555555555,29.73426759548017,73025,286.37254901960785,14,232,255,0.8615057639303948,109,109,246,0.017083333333333332,21,19,0.6165413533834586,69.69918699186992,60.113821138211385,0.07597222222222222,0.007361111111111111,0.021736111111111112,0.015486111111111112,0.01173611111111111,1,71.85555631633002,61.715426223895925,10.448998065228382,4.315008432702123,0.9107495888978399,-139.87608344162146,-1.4486824240304264,1.4486824240304264,0.026935980828483395,6,0.056111111111111,808,0.21039898219744066,245.36363636363637,6.385676119576708,5.249785353535354,0.2115099909421904
RHF_MPM_P27,1156,0.0578,57.8,0,255,5.00375,29.5908978562243,72054,282.56470588235294,14,232,255,0.8423831578337295,109,109,241,0.01673611111111111,21,18,0.6375661375661376,69.50207468879668,59.91701244813278,0.07416666666666667,0.007361111111111111,0.021458333333333333,0.015347222222222222,0.011666666666666667,1,71.72830099647487,61.62655785938324,10.224273446742334,4.190933870686301,0.9121302837040111,-140.09519296646351,-1.5201707637065995,1.5201707637065995,0.026049907014183808,-5,-0.06743055555555522,-971,0.15521437640436675,243.8181818181818,5.059970927300271,5.187752525252526,0.17054076499737594
RHF_MPM_P27,1157,0.05785,57.85,0,255,5.009375,29.70007217347081,72135,282.88235294117646,14,233,255,0.8222948978418105,109,109,246,0.017083333333333332,21,19,0.6165413533834586,69.73170731707317,60.146341463414636,0.07201388888888889,0.007361111111111111,0.021527777777777778,0.015486111111111112,0.011805555555555555,1,71.68205448118111,61.63995286615374,10.192941490569133,4.209548535530035,0.9107370889000653,-139.15302869733637,-1.40378795840082,1.40378795840082,0.02507797878976918,5,0.005625000000000213,81,0.048147340354351136,243.1818181818182,4.238742991590824,5.1385542929292924,0.13262834394787282
RHF_MPM_P27,1158,0.0579,57.9,0,255,4.962777777777778,29.513499793513617,71464,280.25098039215686,14,229,255,0.8273494200066499,108,108,244,0.016944444444444446,21,19,0.6115288220551378,69.62295081967213,60.114754098360656,0.07236111111111111,0.007291666666666667,0.021458333333333333,0.015416666666666667,0.011666666666666667,1,71.6671610881003,61.60792846748013,10.21114771810488,4.268776431629503,0.9084237423835093,-139.58461478318415,-1.2759562780169096,1.2759562780169096,0.025159520877644687,-2,-0.04659722222222218,-671,0.03531820023537535,242.63636363636363,3.6747968966195885,5.100069444444444,0.11552809168828064
RHF_MPM_P27,1159,0.05795,57.95,0,255,4.923541666666667,29.44121121849699,70899,278.0352941176471,13,230,255,0.8273958114248212,109,109,241,0.01673611111111111,21,19,0.6040100250626567,69.63485477178423,60.0746887966805,0.07256944444444445,0.007291666666666667,0.021319444444444443,0.015347222222222222,0.011597222222222222,1,71.59449357536778,61.5065938870788,10.044125371043764,4.349617526766824,0.9013694683256639,-139.66852768664572,-1.3524646153411308,1.3524646153411308,0.026305025458751182,-3,-0.03923611111111125,-565,0.1246966903804771,242.27272727272728,3.620419591225432,5.064564393939393,0.1037048309570494
RHF_MPM_P27,1160,0.058,58.0,0,255,4.911527777777778,29.46086538668818,70726,277.35686274509806,13,230,255,0.8162694572390765,109,109,242,0.016805555555555556,21,19,0.606516290726817,69.63223140495867,60.074380165289256,0.07159722222222223,0.007013888888888889,0.02125,0.015277777777777777,0.011666666666666667,1,71.57384837259282,61.491276192630714,9.980131421312644,4.392289264225765,0.897947126506289,-138.79734929077338,-1.4930827453802786,1.4930827453802786,0.026595594265192434,1,-0.012013888888889213,-173,0.025707122764402332,241.54545454545453,2.675261630829484,5.028213383838384,0.07761450830415648
RHF_MPM_P27,1161,0.05805,58.05,0,255,4.859930555555556,29.25544403270497,69983,274.44313725490196,13,228,255,0.8087624331488359,109,109,238,0.016527777777777777,21,19,0.5964912280701754,69.60084033613445,59.98739495798319,0.07076388888888889,0.007013888888888889,0.020972222222222222,0.01513888888888889,0.011458333333333333,1,71.5212551619679,61.513238929454296,10.160055267353805,4.187546098836719,0.9111124749779046,-138.97856247560892,-1.3771411803189242,1.3771411803189242,0.026835088521498077,-4,-0.05159722222222207,-743,0.05699480338258153,241.27272727272728,2.863275590549749,4.999299242424242,0.07565175479640317
RHF_MPM_P27,1162,0.0581,58.1,0,255,4.842986111111111,29.321643020411965,69739,273.48627450980393,13,229,255,0.7999554302749665,109,109,239,0.01659722222222222,20,19,0.6289473684210526,69.51882845188284,59.95397489539749,0.06972222222222223,0.007083333333333333,0.020902777777777777,0.015069444444444444,0.011597222222222222,1,71.4025007528069,61.36057299359039,9.84884953540309,4.311514418674819,0.899087809277863,-139.12930163105506,-1.394613505295262,1.394613505295262,0.02586787880525961,1,-0.01694444444444443,-244,0.1934153501363863,241.27272727272728,2.863275590549749,4.973162878787879,0.07547706695722656
RHF_MPM_P27,1163,0.05815,58.15,0,255,4.807291666666667,29.214396938808513,69225,271.47058823529414,12,228,255,0.801706701798379,108,108,238,0.016527777777777777,20,19,0.6263157894736842,69.49159663865547,59.9327731092437,0.07006944444444445,0.007013888888888889,0.020694444444444446,0.015,0.011527777777777777,1,71.32388587937884,61.28621162874684,9.762412744686245,4.167357382480769,0.904309313498522,-139.70995190344073,-1.2776029481680642,1.2776029481680642,0.02581437342000722,-1,-0.03569444444444425,-514,0.10821234174300974,241.36363636363637,2.7393671224217027,4.949627525252525,0.08281007475710557
RHF_MPM_P27,1164,0.0582,58.2,0,255,4.845138888888889,29.393147656339508,69770,273.6078431372549,12,230,255,0.7965588292751223,109,109,241,0.01673611111111111,20,19,0.6342105263157894,69.52282157676349,59.933609958506224,0.06965277777777777,0.007013888888888889,0.020833333333333332,0.015208333333333334,0.011666666666666667,1,71.29899670345421,61.28474989250394,9.814171520705239,4.1635498836755485,0.9055504699944221,-139.1486970857499,-1.1683206459854534,1.1683206459854534,0.025899383689264727,3,0.03784722222222214,545,0.024932062711514272,241.45454545454547,2.709029895591153,4.932051767676768,0.08260481410446568
RHF_MPM_P27,1165,0.05825,58.25,0,255,4.815069444444444,29.308091092177936,69337,271.90980392156865,12,229,255,0.7841753486304606,109,109,241,0.01673611111111111,21,19,0.6040100250626567,69.54356846473028,59.9253112033195,0.06833333333333333,0.007013888888888889,0.021041666666666667,0.01513888888888889,0.011666666666666667,1,71.30732509338448,61.24989543822202,9.523960961231305,4.252529783495558,0.8947793778295223,-138.83844855408927,-1.450330419778634,1.450330419778634,0.02526789448634928,0,-0.030069444444444926,-433,0.035835667457451655,241.54545454545453,2.675261630829484,4.913869949494949,0.0843238745994667
RHF_MPM_P27,1166,0.0583,58.3,0,255,4.739444444444445,29.08443932418965,68248,267.6392156862745,11,226,255,0.7786739852566069,108,108,238,0.016527777777777777,20,19,0.6263157894736842,69.44957983193277,59.84873949579832,0.06770833333333333,0.006944444444444444,0.020555555555555556,0.015,0.011458333333333333,1,71.1665836361505,61.102816199742115,9.350777300374205,4.235910831467739,0.8915100423764822,-139.64699862340086,-1.1170949643068488,1.1170949643068488,0.02439631930606025,-3,-0.07562499999999961,-1089,0.20356930067220447,240.8181818181818,2.442732516826255,4.883712121212121,0.08195833945087812
RHF_MPM_P27,1167,0.05835,58.35,0,255,4.7472916666666665,29.174429198423397,68361,268.08235294117645,11,229,255,0.770094084334568,109,109,236,0.01638888888888889,20,18,0.6555555555555556,69.34322033898304,59.69915254237288,0.06680555555555556,0.007222222222222222,0.020555555555555556,0.015208333333333334,0.011458333333333333,1,71.12261377100978,61.0607217565571,9.243292203298097,4.241584226429619,0.8884970069870405,-139.58251235768833,-1.14680130355074,1.14680130355074,0.023683094161875924,-2,0.007847222222221895,113,0.06087110305842897,240.36363636363637,2.8049542946439114,4.860397727272727,0.08096640207974051
RHF_MPM_P27,1168,0.0584,58.4,0,255,4.65375,28.741300129947536,67014,262.8,11,221,255,0.7641490758271577,107,107,235,0.016319444444444445,20,18,0.6527777777777778,69.31063829787234,59.69787234042553,0.06604166666666667,0.006805555555555555,0.02020833333333333,0.014722222222222222,0.011111111111111112,1,71.14083624317307,61.13277822544543,9.370006493974472,4.0824787283538315,0.9000936553212942,-139.48783730557926,-1.266249657172127,1.266249657172127,0.024412809263735936,-1,-0.09354166666666686,-1347,0.07432491641701496,239.36363636363637,2.568081253059188,4.828068181818183,0.08587676250332373
RHF_MPM_P27,1169,0.05845,58.45,0,255,4.550347222222222,28.443098042729552,65525,256.96078431372547,10,219,255,0.7430729523452215,107,107,230,0.01597222222222222,20,18,0.6388888888888888,69.21739130434783,59.65217391304348,0.06409722222222222,0.006666666666666667,0.019791666666666666,0.014444444444444444,0.010833333333333334,1,70.98927127050744,61.0040289965662,9.229821744097938,4.077766062363817,0.8971119271823909,-139.60845120641983,-1.067324173624665,1.067324173624665,0.023517741320106828,-5,-0.10340277777777729,-1489,0.19886755611745177,238.0909090909091,3.3153786416019035,4.790574494949495,0.10644747563888418
RHF_MPM_P27,1170,0.0585,58.5,0,255,4.582986111111111,28.52248726832969,65995,258.80392156862746,11,222,255,0.766340676617234,106,106,233,0.016180555555555556,20,18,0.6472222222222223,69.3175965665236,59.65665236051502,0.06666666666666667,0.006736111111111111,0.01986111111111111,0.014375,0.010902777777777779,1,71.1070384120009,61.02798696870975,9.292713301138562,4.159263312307388,0.8942422417652397,-139.94803557428264,-1.2046977039949132,1.2046977039949132,0.02571406924767028,3,0.032638888888889106,470,0.12017938277746122,237.36363636363637,3.4712514712794147,4.7596148989898985,0.11261798730752307
RHF_MPM_P27,1171,0.05855,58.55,0,255,4.604236111111111,28.616180763683456,66301,260.00392156862745,12,220,255,0.7665527602954532,105,105,233,0.016180555555555556,20,18,0.6472222222222223,69.23175965665236,59.63090128755365,0.06673611111111111,0.006736111111111111,0.01972222222222222,0.014652777777777778,0.011111111111111112,1,71.03933575662509,61.06214084252123,9.44358812136622,4.08640015174921,0.9015298590429098,-138.5987061229302,-1.4508257081092595,1.4508257081092595,0.026470188986591453,0,0.021249999999999325,306,0.07582965542099332,236.54545454545453,3.3402132856134243,4.731679292929293,0.10954102085625082
RHF_MPM_P27,1172,0.0586,58.6,0,255,4.494861111111111,28.206578748634726,64726,253.82745098039214,11,215,255,0.7529608458798227,107,107,228,0.015833333333333335,20,18,0.6333333333333333,69.13157894736842,59.62719298245614,0.06520833333333333,0.006458333333333333,0.019444444444444445,0.014027777777777778,0.010833333333333334,1,70.91722028242128,60.997960634057414,9.290316315756293,4.101575853080353,0.8972664823696168,-139.07231787572522,-1.2680048223578697,1.2680048223578697,0.024750486666872663,-5,-0.109375,-1575,0.13795393505978837,235.63636363636363,4.09595648220684,4.698491161616162,0.12041975070799421
RHF_MPM_P27,1173,0.05865,58.65,0,255,4.470625,28.27569821121305,64377,252.45882352941177,10,214,255,0.7479557146328395,108,108,226,0.015694444444444445,19,18,0.6608187134502924,69.00442477876106,59.45575221238938,0.06479166666666666,0.006666666666666667,0.019166666666666665,0.014097222222222223,0.010902777777777779,1,70.61798468397099,60.615157587337094,8.872900313570433,4.220650791747272,0.8796190401811059,-139.4254836086069,-1.0900410376754686,1.0900410376754686,0.024589527315656213,-2,-0.02423611111111068,-349,0.4858807631078484,234.45454545454547,4.774242183818503,4.664640151515152,0.1271897213589423
RHF_MPM_P27,1174,0.0587,58.7,0,255,4.352222222222222,27.99933968577663,62672,245.77254901960785,7,213,255,0.7192817573412396,107,107,226,0.015694444444444445,19,18,0.6608187134502924,69.01769911504425,59.47787610619469,0.06208333333333333,0.006319444444444444,0.01902777777777778,0.013819444444444445,0.010763888888888889,1,70.43997319377074,60.467290017870816,8.458798626194442,4.351475682637497,0.857531247533472,-139.40683464907607,-1.1399559866634488,1.1399559866634488,0.023056548378861372,0,-0.11840277777777786,-1705,0.23141501408330806,233.36363636363637,5.192174658652231,4.623270202020202,0.14659120190898117
RHF_MPM_P27,1175,0.05875,58.75,0,255,4.514236111111111,28.643899730616024,65005,254.92156862745097,9,219,255,0.7297609940069452,107,107,226,0.015694444444444445,19,18,0.6608187134502924,68.96017699115045,59.39380530973451,0.06326388888888888,0.007013888888888889,0.019444444444444445,0.014513888888888889,0.011319444444444444,1,70.40596877163296,60.31454503499731,8.338425607887938,4.2616867733488375,0.8595271433904501,-140.06033297610765,-1.20151501634281,1.20151501634281,0.022890546881009152,0,0.16201388888888868,2333,0.15648428201564724,232.0,4.972652484064488,4.593188131313131,0.13110969150003424
RHF_MPM_P27,1176,0.0588,58.8,0,255,4.453402777777778,28.4789502348078,64129,251.48627450980393,7,219,255,0.7137417825679726,108,108,230,0.01597222222222222,20,18,0.6388888888888888,69.16521739130435,59.51304347826087,0.06131944444444445,0.006597222222222222,0.019375,0.014444444444444444,0.011111111111111112,1,70.43477989677058,60.33296948338505,8.186637230606596,4.292072213037655,0.851547286535692,-139.98536453518858,-1.0891201342767358,1.0891201342767358,0.019912987883796723,4,-0.06083333333333307,-876,0.03419855596495627,231.0,4.08989886516436,4.560309343434343,0.11579948562750497
RHF_MPM_P27,1177,0.05885,58.85,0,255,4.458888888888889,28.45029982050353,64208,251.79607843137254,8,216,255,0.7174382924205966,105,105,225,0.015625,19,18,0.6578947368421053,68.97333333333333,59.36888888888889,0.06180555555555556,0.006805555555555555,0.019375,0.014375,0.011111111111111112,1,70.32430538250685,60.211718165960626,8.124679879022795,4.266490857389763,0.8510237153849252,-140.0500229326004,-1.0847707962493036,1.0847707962493036,0.020791801644654873,-5,0.0054861111111108585,79,0.16403200992173778,229.8181818181818,3.7614837937413093,4.534804292929292,0.10381183596905795
RHF_MPM_P27,1178,0.0589,58.9,0,255,4.5344444444444445,28.65764746144895,65296,256.0627450980392,9,220,255,0.7451331669443433,110,110,226,0.015694444444444445,19,18,0.6608187134502924,69.00442477876106,59.36283185840708,0.06472222222222222,0.006875,0.01972222222222222,0.014652777777777778,0.011319444444444444,1,70.39123376623377,60.35910316098995,8.482575347201754,4.310991910912354,0.861228849688554,-138.93736509245727,-1.0471974156829469,1.0471974156829469,0.022114677775055134,1,0.07555555555555582,1088,0.16186953174730664,228.9090909090909,3.3426866019727703,4.515454545454545,0.07935912369633764
RHF_MPM_P27,1179,0.05895,58.95,0,255,4.488819444444444,28.50627391948929,64639,253.48627450980393,9,222,255,0.738289464705874,110,110,222,0.015416666666666667,19,17,0.6873065015479877,68.6891891891892,58.9954954954955,0.06430555555555556,0.006805555555555555,0.019583333333333335,0.014652777777777778,0.011041666666666667,1,70.05829298101766,59.97928495180928,8.294485660521087,4.334702417232975,0.8525776852345966,-141.00159463158153,-1.233633503752337,1.233633503752337,0.023484274199786506,-4,-0.04562500000000025,-657,0.5050855754083023,227.72727272727272,3.2777738867854445,4.500460858585858,0.06632389834274242
RHF_MPM_P27,1180,0.059,59.0,0,255,4.151041666666667,27.48156513967212,59775,234.41176470588235,3,200,255,0.655657556754633,109,109,207,0.014375,18,17,0.6764705882352942,68.27053140096618,58.84057971014493,0.05520833333333333,0.0061805555555555555,0.01875,0.013680555555555555,0.010138888888888888,1,69.5076035131744,59.75712254286909,7.492567825309504,3.8849084861496075,0.8550766513240502,-140.4438573228841,-1.2899443459608737,1.2899443459608737,0.01890422417398578,-15,-0.3377777777777773,-4864,0.5938139657667161,225.63636363636363,6.705123241667555,4.4641603535353545,0.11812842913680659
RHF_MPM_P27,1181,0.05905,59.05,0,13,0.018819444444444444,0.35177130459010536,271,20.846153846153847,0,0,7,0.0540976658064578,3,8,10,0.0006944444444444445,89,107,0.0010500892575868949,86.5,67.3,0.004375,0.0,0.0,0.0,0.0,0,85.54243542435424,63.36531365313653,31.768574552819107,24.263424005379996,0.645505626569841,107.66135833196304,-0.3241682474611337,0.3241682474611337,0.0,-197,-4.1322222222222225,-59504,16.43578040459303,205.36363636363637,62.09856202005549,4.04923611111111,1.279440588850623
RHF_MPM_P27,1182,0.0591,59.1,0,255,3.2652083333333333,22.543720130397915,47019,184.38823529411764,4,107,255,0.6921966680348637,104,104,147,0.010208333333333333,13,15,0.7538461538461538,64.44897959183673,55.095238095238095,0.058472222222222224,0.0031944444444444446,0.014444444444444444,0.00875,0.006319444444444444,1,64.15810629745422,53.31225674727238,7.1202247432402395,5.557423245657341,0.6251403791854723,73.28262665722254,-1.1320186627176503,1.1320186627176503,0.012654458835789787,137,3.2463888888888888,46748,23.62950455172785,197.54545454545453,63.52431694221676,3.927506313131313,1.2845347725160567
RHF_MPM_P27,1183,0.05915,59.15,0,255,5.437222222222222,27.36909150961588,78296,307.043137254902,25,168,255,1.1572091340284727,101,101,229,0.015902777777777776,23,28,0.3555900621118012,60.85589519650655,51.02620087336245,0.10486111111111111,0.005347222222222222,0.021388888888888888,0.012916666666666667,0.009027777777777777,1,58.35843465822009,44.6980944109533,15.716374518448886,5.228594510197833,0.943038180702656,61.900424220713795,-1.0446655338814685,1.0446655338814685,0.023794318994584653,82,2.172013888888889,31277,10.38460321241957,197.63636363636363,63.56853528032521,4.013175505050505,1.349307726351762
RHF_MPM_P27,1184,0.0592,59.2,0,255,6.476388888888889,30.94249367354956,93260,365.72549019607845,28,229,255,1.1852119161060317,94,94,338,0.02347222222222222,32,38,0.2779605263157895,57.37278106508876,47.11834319526627,0.10625,0.0075,0.03090277777777778,0.016319444444444445,0.011458333333333333,1,56.02018014153978,43.73162127385803,16.88506404986094,5.1493263385449515,0.9523640753434381,57.449718871001764,-0.9028830147212407,0.9028830147212407,0.018957752519837015,109,1.0391666666666666,14964,2.5301194654606007,207.8181818181818,75.20132757752012,4.195517676767677,1.5231358064788365
RHF_MPM_P27,1185,0.05925,59.25,0,255,6.5900694444444445,30.92640814625117,94897,372.14509803921567,36,229,255,1.1919504641461687,109,109,244,0.016944444444444446,39,45,0.13903133903133902,61.23770491803279,52.16803278688525,0.10618055555555556,0.0075,0.033680555555555554,0.015208333333333334,0.01138888888888889,1,54.27048273391151,42.56033383563232,20.44880006696513,4.555658399395394,0.974867910795188,53.53466638223145,-0.9572758991038444,0.9572758991038444,0.00885170237204548,-94,0.11368055555555578,1637,2.105553438221518,209.45454545454547,75.77282270812553,4.398958333333334,1.6725979324526208
RHF_MPM_P27,1186,0.0593,59.3,0,255,6.011736111111111,32.074320180503804,86569,339.48627450980393,20,249,255,0.9479997052186887,105,105,294,0.020416666666666666,22,22,0.6074380165289256,60.21768707482993,51.224489795918366,0.08270833333333333,0.008611111111111111,0.026805555555555555,0.018541666666666668,0.013680555555555555,1,58.264089916713836,48.455024315863646,13.85054191931429,4.575243279557911,0.9438656622593499,50.78663774021618,-1.989089509316946,1.989089509316946,0.04071896406334831,50,-0.5783333333333331,-8328,7.120131613127679,215.63636363636363,79.55018167772262,4.535094696969697,1.7361745112849685
RHF_MPM_P27,1187,0.05935,59.35,0,255,6.345138888888889,33.82048674386312,91370,358.3137254901961,18,253,255,0.8975494525916496,109,109,323,0.022430555555555554,23,23,0.610586011342155,59.637770897832816,50.755417956656345,0.07763888888888888,0.00951388888888889,0.02826388888888889,0.020972222222222222,0.015486111111111112,1,59.064616394877966,49.777596585312466,9.776554244285553,4.805020559775481,0.8708865713022627,47.523464958092774,-1.0167013818377426,1.0167013818377426,0.02342125424099814,29,0.3334027777777777,4801,1.545975436466203,224.0909090909091,85.35748840287114,4.707070707070707,1.811618423812803
RHF_MPM_P27,1188,0.0594,59.4,0,255,6.640069444444444,34.3074249737358,95617,374.96862745098036,20,254,255,0.9475619572558864,107,107,341,0.023680555555555555,26,24,0.5464743589743589,58.96480938416422,50.27565982404692,0.08222222222222222,0.009166666666666667,0.030347222222222223,0.021597222222222223,0.015555555555555555,1,58.44182519844797,49.452555507911775,10.087818731103628,4.897705892721203,0.8742328190285331,-135.01496824040066,0.821576691782515,0.821576691782515,0.011148645115408348,18,0.29493055555555525,4247,0.7025101966153264,234.63636363636363,91.74497531673202,4.905359848484848,1.8912227870459397
RHF_MPM_P27,1189,0.05945,59.45,0,255,6.808958333333333,34.170336636611815,98049,384.50588235294117,23,252,255,1.0445545843943032,107,107,340,0.02361111111111111,27,25,0.5037037037037037,58.89411764705882,50.379411764705885,0.09208333333333334,0.009236111111111112,0.03131944444444444,0.020972222222222222,0.015347222222222222,1,57.96936225764669,49.03061734438903,10.820332673564296,5.108422146871219,0.881537919439646,-136.34562821121375,0.7962914077739656,0.7962914077739656,0.010158186213015941,-1,0.16888888888888864,2432,0.6334453759145672,245.0,96.49964672568402,5.112133838383838,1.9623677390368062
RHF_MPM_P27,1190,0.0595,59.5,0,255,6.56875,33.19182037948758,94590,370.94117647058823,24,250,255,1.0328058677986351,107,107,316,0.021944444444444444,26,24,0.5064102564102564,59.30379746835443,50.857594936708864,0.09048611111111111,0.008680555555555556,0.030208333333333334,0.019791666666666666,0.014375,1,57.63716037636114,48.95772280367903,11.5067181411823,4.804694244907431,0.9086513888705462,-136.31411278441453,0.8931289139183277,0.8931289139183277,0.010096204672798393,-24,-0.24020833333333336,-3459,0.34010543070492005,253.54545454545453,98.23104826364832,5.301218434343434,1.9931629855174418
RHF_MPM_P27,1191,0.05955,59.55,0,255,6.302013888888889,32.403379390801994,90749,355.878431372549,23,249,255,1.0408498743115953,109,109,292,0.020277777777777777,24,23,0.5289855072463768,60.01027397260274,51.62328767123287,0.09208333333333334,0.008541666666666666,0.02763888888888889,0.01875,0.013958333333333333,1,57.909982479145775,49.264553879381594,11.761020812834087,4.770736278003199,0.9140330849750543,-136.93677917451254,1.0616613437183482,1.0616613437183482,0.018248134965674553,-24,-0.2667361111111104,-3841,0.41058154949366904,261.27272727272725,97.60690261460267,5.496761363636364,1.976170840309365
RHF_MPM_P27,1192,0.0596,59.6,0,255,6.0524305555555555,31.63899604098222,87155,341.7843137254902,21,244,255,1.0547104962454106,108,108,282,0.019583333333333335,23,22,0.5573122529644269,60.45390070921986,52.03191489361702,0.09465277777777778,0.008125,0.025902777777777778,0.017638888888888888,0.013125,1,58.20103264299237,49.484091561011994,12.02463505138414,4.833586429062859,0.9156512357544929,-137.3817185515171,1.2355182939262541,1.2355182939262541,0.024473638919167002,-10,-0.2495833333333337,-3594,0.36456411168788727,286.0,56.70016834991842,6.045271464646465,0.9510370909398231
RHF_MPM_P27,1193,0.05965,59.65,0,255,5.782222222222222,31.078405606815295,83264,326.5254901960784,19,242,255,1.0148910977041827,108,108,271,0.018819444444444444,22,20,0.615909090909091,60.76383763837639,52.40959409594096,0.09125,0.008055555555555555,0.02409722222222222,0.017152777777777777,0.012916666666666667,1,58.19599106456572,49.65007686395081,12.503349259318123,4.770426805849756,0.9243556656802405,-136.9758714485171,1.510315318521263,1.510315318521263,0.028968101460415067,-11,-0.2702083333333336,-3891,0.1660618508409505,297.27272727272725,36.76730491542454,6.274090909090908,0.3947023276430184
RHF_MPM_P27,1194,0.0597,59.7,0,255,5.3445833333333335,29.82968573778943,76962,301.81176470588235,17,231,255,0.9704023535230029,108,108,254,0.017638888888888888,22,19,0.6076555023923444,61.19291338582677,52.76377952755905,0.08736111111111111,0.006944444444444444,0.022430555555555554,0.015694444444444445,0.01173611111111111,1,58.624762869987784,50.18965203606975,12.636002193231981,4.464190292719435,0.9355133462103353,-137.46649828501526,1.7869895273483363,1.7869895273483363,0.032782412099477666,-17,-0.43763888888888847,-6302,0.6891927360993341,299.54545454545456,33.0629252304358,6.2656691919191925,0.4130313831046854
RHF_MPM_P27,1195,0.05975,59.75,0,255,4.7809027777777775,28.38870538840115,68845,269.98039215686276,14,211,255,0.8819696618450701,107,107,230,0.01597222222222222,20,18,0.6388888888888888,61.93043478260869,53.21304347826087,0.07868055555555556,0.0060416666666666665,0.020277777777777777,0.014166666666666666,0.010416666666666666,1,59.358137845885686,50.74791197617837,12.581209912482288,4.448783873672835,0.9353946840252763,-137.66708532608845,2.1894684448938486,2.1894684448938486,0.034265378749364514,-24,-0.563680555555556,-8117,0.9216794540420921,289.72727272727275,36.08346614345163,6.111534090909092,0.5858435059884385
RHF_MPM_P27,1196,0.0598,59.8,0,255,4.490694444444444,27.596118327401935,64666,253.5921568627451,12,195,255,0.8352577692728721,103,103,223,0.015486111111111112,19,18,0.652046783625731,62.29596412556054,53.403587443946186,0.07368055555555555,0.0059722222222222225,0.01951388888888889,0.013472222222222222,0.009930555555555555,1,60.10985680264745,51.25701295889648,11.858976574099641,4.469486561683736,0.9262595039385942,-137.22396686188517,2.440566622923317,2.440566622923317,0.030294126743574675,-7,-0.2902083333333332,-4179,0.907890522342611,287.8181818181818,38.89804431124615,5.920681818181818,0.7244303927606407
RHF_MPM_P27,1197,0.05985,59.85,0,255,4.338263888888889,27.385827788339448,62471,244.98431372549018,10,194,255,0.7813464223674225,107,107,212,0.014722222222222222,18,18,0.654320987654321,62.485849056603776,53.60377358490566,0.06784722222222223,0.005763888888888889,0.01888888888888889,0.013194444444444444,0.009930555555555555,1,60.65796929775416,51.73981527428727,10.987562756717397,4.395234916656058,0.9165068047565906,-137.08566978700915,2.6316402143082778,2.6316402143082778,0.024571401130124376,-11,-0.15243055555555518,-2195,0.7304282189502288,280.3636363636364,44.458914081681236,5.7685479797979795,0.853546462472908
RHF_MPM_P27,1198,0.0599,59.9,0,255,4.239305555555555,27.322603779572773,61046,239.39607843137256,8,198,255,0.7251169337292462,107,107,213,0.014791666666666667,19,17,0.6594427244582043,62.502347417840376,53.72300469483568,0.06236111111111111,0.005763888888888889,0.01875,0.013402777777777777,0.00986111111111111,1,61.09833568128952,52.214821609933495,9.73493393422748,4.26858660899238,0.898740306513069,-137.1572766310822,2.467264481329983,2.467264481329983,0.018412344789175375,1,-0.09895833333333393,-1425,0.6477295505471947,270.3636363636364,46.08543987633232,5.577108585858586,0.9350227541317827
RHF_MPM_P27,1199,0.05995,59.95,0,255,4.118194444444445,27.086777772066252,59302,232.55686274509804,5,195,255,0.683547236097609,103,103,211,0.014652777777777778,19,17,0.653250773993808,62.4218009478673,53.687203791469194,0.057916666666666665,0.005694444444444445,0.01826388888888889,0.013055555555555556,0.00986111111111111,1,61.48015244005261,52.58374085191056,8.342843942803816,4.4242030511370825,0.8478105988658374,-137.38024339814854,1.6478089357354229,1.6478089357354229,0.016930289029037808,-2,-0.1211111111111105,-1744,0.530928850575375,258.54545454545456,43.02296138821188,5.347847222222223,0.9552400574961699
RHF_MPM_P27,1200,0.06,60.0,0,255,4.314930555555556,28.005625414482154,62135,243.66666666666666,5,218,255,0.6988405000647901,109,109,218,0.01513888888888889,19,17,0.6749226006191951,62.38990825688074,53.75229357798165,0.06,0.006527777777777778,0.019166666666666665,0.014097222222222223,0.010416666666666666,1,61.732630562484914,52.827939164721975,7.896942697112064,4.413327973830626,0.8292583879195943,-138.88012415688695,1.382666856317875,1.382666856317875,0.015321477428180574,7,0.196736111111111,2833,0.35125207228837896,247.45454545454547,35.69660955727165,5.121117424242424,0.8740667744905793
RHF_MPM_P27,1201,0.06005,60.05,0,255,4.478194444444444,28.649950495710033,64486,252.8862745098039,5,222,255,0.6866034150607208,109,109,231,0.016041666666666666,20,18,0.6416666666666667,62.095238095238095,53.41125541125541,0.058263888888888886,0.006875,0.020069444444444445,0.014652777777777778,0.011111111111111112,1,61.576497224203706,52.773377167137056,7.556929563468183,4.3341180486556095,0.8191852767059615,-137.98351616645203,0.8737906247851627,0.8737906247851627,0.01211115590980988,13,0.16326388888888843,2351,0.16539235442816233,239.72727272727272,28.49590372186185,4.93106691919192,0.7582467056752072
RHF_MPM_P27,1202,0.0601,60.1,0,255,4.484097222222222,28.48297049488993,64571,253.21960784313725,6,220,255,0.7030726836226496,107,107,228,0.015833333333333335,20,18,0.6333333333333333,62.1359649122807,53.469298245614034,0.059722222222222225,0.006666666666666667,0.02,0.014513888888888889,0.010763888888888889,1,61.53389292406808,52.68481206733673,7.64052499955639,4.429218606796851,0.8148294050867214,-137.52921342525235,0.8055215833545276,0.8055215833545276,0.01206423936442056,-3,0.005902777777778034,85,0.09827971964087336,233.9090909090909,23.286572586147525,4.765801767676769,0.6284299900451514
RHF_MPM_P27,1203,0.06015,60.15,0,255,4.566319444444445,28.779992405183147,65755,257.8627450980392,7,220,255,0.7065692607868761,108,108,231,0.016041666666666666,20,18,0.6416666666666667,62.04329004329004,53.4025974025974,0.06027777777777778,0.006875,0.02048611111111111,0.014791666666666667,0.011041666666666667,1,61.451144399665424,52.66095353965478,7.681302225778227,4.437146328661672,0.8162806782985131,-137.11913897203326,0.6254851171343699,0.6254851171343699,0.012500950498060983,3,0.08222222222222264,1184,0.08611938012995095,229.27272727272728,17.64339128961173,4.630700757575759,0.47937186395986614
RHF_MPM_P27,1204,0.0602,60.2,0,255,4.767569444444445,29.376302636519796,68653,269.2274509803922,10,228,255,0.7260539239553688,110,110,238,0.016527777777777777,20,18,0.6611111111111111,61.96218487394958,53.285714285714285,0.061875,0.007013888888888889,0.021111111111111112,0.015555555555555555,0.011666666666666667,1,61.21396006001194,52.4183502541768,7.84232301480699,4.7055380936375695,0.7999862010073753,-136.12798740237645,0.6943958283578939,0.6943958283578939,0.011696502701994085,7,0.20124999999999993,2898,0.33928272148986083,226.27272727272728,12.285178868649442,4.538459595959596,0.3200724103534661
RHF_MPM_P27,1205,0.06025,60.25,0,255,4.743333333333333,29.24794313755717,68304,267.8588235294118,10,227,255,0.7289773804773896,109,109,240,0.016666666666666666,21,18,0.6349206349206349,61.8125,53.233333333333334,0.06194444444444445,0.007013888888888889,0.020833333333333332,0.015555555555555555,0.011458333333333333,1,61.076423049894586,52.48748243148278,8.018686660996364,4.487624081300666,0.8287319293069747,-137.13091550009318,0.8121638585550722,0.8121638585550722,0.012868938861560084,2,-0.02423611111111157,-349,0.1539340348691194,225.0,9.82575465526463,4.483800505050506,0.21023446142196994
RHF_MPM_P27,1206,0.0603,60.3,0,255,4.816458333333333,29.460543174274022,69357,271.98823529411766,10,227,255,0.7428719083143469,109,109,243,0.016875,21,18,0.6428571428571429,61.69135802469136,53.181069958847736,0.06340277777777778,0.007013888888888889,0.021111111111111112,0.015625,0.011597222222222222,1,61.030162780973804,52.40615943596176,8.060103932160432,4.428855176049112,0.8355077455898544,-137.88509982064693,0.7086467648678739,0.7086467648678739,0.014028865146993095,3,0.0731250000000001,1053,0.09355983155785949,226.1818181818182,11.06031547978613,4.487032828282829,0.21499690477119138
RHF_MPM_P27,1207,0.06035,60.35,0,255,4.855416666666667,29.629528460149903,69918,274.18823529411765,11,230,255,0.7446907252831831,109,109,244,0.016944444444444446,21,18,0.6455026455026455,61.692622950819676,53.217213114754095,0.06354166666666666,0.007222222222222222,0.021388888888888888,0.01576388888888889,0.011666666666666667,1,61.03845933808175,52.497182413684605,8.033211244180967,4.577629882429968,0.8217569790844319,-138.06571282857928,0.686613629336456,0.686613629336456,0.014245258731657084,1,0.03895833333333343,561,0.09140030269850714,228.0909090909091,12.10900900873204,4.520189393939395,0.2397082826185148
RHF_MPM_P27,1208,0.0604,60.4,0,255,4.824513888888889,29.44624521738866,69473,272.44313725490196,10,228,255,0.7516555580103055,109,109,243,0.016875,21,19,0.6090225563909775,61.66255144032922,53.10699588477366,0.06409722222222222,0.007083333333333333,0.021388888888888888,0.015833333333333335,0.011597222222222222,1,60.98792336591194,52.34993450693075,8.152042634162171,4.564639581892913,0.8285344171824857,-137.97600616698776,0.7718299416246955,0.7718299416246955,0.014725145020367625,-1,-0.0309027777777775,-445,0.15567861293877117,230.9090909090909,11.634232759439982,4.564393939393939,0.24681290612456872
RHF_MPM_P27,1209,0.06045,60.45,0,255,4.727013888888889,29.122497378884603,68069,266.9372549019608,9,223,255,0.7406720371848764,109,109,237,0.016458333333333332,21,18,0.626984126984127,61.73839662447257,53.22362869198312,0.06298611111111112,0.006875,0.020972222222222222,0.015208333333333334,0.011319444444444444,1,60.970045101294275,52.31396083385976,8.253971067733959,4.636042953781,0.8273584739403642,-137.63468942957272,0.9072929360587738,0.9072929360587738,0.015219850445871102,-6,-0.09750000000000014,-1404,0.04017135173177253,233.0909090909091,10.237671481121666,4.608731060606061,0.227480653343638
RHF_MPM_P27,1210,0.0605,60.5,0,255,4.792638888888889,29.400931603392713,69014,270.64313725490194,9,228,255,0.7396470138382047,109,109,242,0.016805555555555556,21,18,0.6402116402116402,61.743801652892564,53.260330578512395,0.06291666666666666,0.006944444444444444,0.021111111111111112,0.015486111111111112,0.011527777777777777,1,60.94632973019967,52.375720868229635,8.248646616083654,4.472917383024028,0.8402102523548733,-137.65450156990275,0.8548188158415977,0.8548188158415977,0.013852261859912481,5,0.06562499999999982,945,0.06615678855206723,235.9090909090909,7.727807468128512,4.670044191919192,0.17084430467132558
RHF_MPM_P27,1211,0.06055,60.55,0,255,4.7711805555555555,29.36787388732531,68705,269.4313725490196,9,227,255,0.7414576592371562,109,109,243,0.016875,21,18,0.6428571428571429,61.70781893004115,53.251028806584365,0.06319444444444444,0.006944444444444444,0.021041666666666667,0.015416666666666667,0.01138888888888889,1,61.02060985372243,52.53064551342697,8.257737298718878,4.385371600687328,0.8473328795090765,-138.67274258702824,0.9052166434584529,0.9052166434584529,0.015413725347500183,1,-0.021458333333333357,-309,0.17181147354026247,238.1818181818182,5.474206988118036,4.711521464646465,0.1301273517685584
RHF_MPM_P27,1212,0.0606,60.6,0,255,4.6994444444444445,29.12360058101451,67672,265.38039215686274,8,224,255,0.7401681020715367,109,109,238,0.016527777777777777,21,18,0.6296296296296297,61.71008403361345,53.239495798319325,0.06319444444444444,0.006875,0.020902777777777777,0.015208333333333334,0.010972222222222222,1,61.08615084525358,52.51297434684951,8.187801749449985,4.43065147988074,0.8409400284319704,-138.62467743842475,0.9196017185726608,0.9196017185726608,0.015072703629270599,-5,-0.071736111111111,-1033,0.06788145327770846,238.8181818181818,4.987587899761892,4.7316351010101005,0.10766894482475223
RHF_MPM_P27,1213,0.06065,60.65,0,255,4.655277777777778,29.035489298645,67036,262.8862745098039,8,226,255,0.7282298591381802,110,110,233,0.016180555555555556,21,17,0.6526610644257703,61.92274678111588,53.48927038626609,0.06201388888888889,0.006736111111111111,0.020416666666666666,0.01513888888888889,0.011180555555555555,1,61.216435944865445,52.660093084312905,8.056845151598557,4.4000225257804315,0.8377054800387276,-139.21225068060977,0.9620283114702244,0.9620283114702244,0.01478310161704159,-5,-0.044166666666666465,-636,0.19651496150089295,239.27272727272728,4.136113878573573,4.74719696969697,0.07943560486647656
RHF_MPM_P27,1214,0.0607,60.7,0,255,4.715208333333333,29.273287345973475,67899,266.2705882352941,8,229,255,0.7322492963941365,110,110,236,0.01638888888888889,21,17,0.6610644257703081,61.813559322033896,53.46610169491525,0.06263888888888888,0.007083333333333333,0.020763888888888887,0.015486111111111112,0.01138888888888889,1,61.21897229708832,52.651894725990076,7.915658935404566,4.699914426207376,0.8046503263258942,-139.53123773904537,0.8939137981055889,0.8939137981055889,0.014683574132166895,3,0.05993055555555493,863,0.008581734194671394,239.72727272727272,3.4136333373670156,4.7607323232323235,0.05697008664191719
RHF_MPM_P27,1215,0.06075,60.75,0,255,5.233125,30.638925858038416,75357,295.5176470588235,13,244,255,0.8651373635908329,109,109,262,0.018194444444444444,21,19,0.656641604010025,61.88549618320611,53.603053435114504,0.0770138888888889,0.007916666666666667,0.022708333333333334,0.016805555555555556,0.012847222222222222,1,61.42394203590907,52.55795745584352,8.305369634643448,5.412344844858515,0.7585042026360759,45.16320197887465,-0.8192301968333264,0.8192301968333264,0.01791472590469366,26,0.5179166666666672,7458,0.22547018551203932,241.9090909090909,7.19159288784222,4.803055555555556,0.14743435438803248
RHF_MPM_P27,1216,0.0608,60.8,0,255,5.0055555555555555,30.01770028244858,72080,282.6666666666667,12,238,255,0.7847087403617385,110,110,248,0.017222222222222222,20,19,0.6526315789473685,62.00806451612903,53.689516129032256,0.06777777777777778,0.007638888888888889,0.021875,0.01576388888888889,0.012152777777777778,1,61.0588512763596,52.57556881243063,8.088578885630692,4.853498739281887,0.7999674144443641,-138.4506680335845,0.8460497777272907,0.8460497777272907,0.01549667036625971,-14,-0.2275694444444447,-3277,0.36551528366027386,242.63636363636363,7.364197509483141,4.82689393939394,0.15675526077311716
RHF_MPM_P27,1217,0.06085,60.85,0,255,4.9511111111111115,29.886978749372318,71296,279.59215686274507,11,236,255,0.7693897385258007,108,108,254,0.017638888888888888,22,18,0.6414141414141414,61.39763779527559,53.20866141732284,0.06638888888888889,0.007430555555555556,0.021805555555555557,0.015902777777777776,0.011875,1,60.87197037701975,52.54961007630162,7.992215437962956,4.68993381524151,0.8097226758484318,-138.2342967813839,0.7790610447790305,0.7790610447790305,0.013282652603231597,6,-0.05444444444444407,-784,0.18867518787452128,243.63636363636363,8.059694639746,4.839135101010101,0.16067104367768606
RHF_MPM_P27,1218,0.0609,60.9,0,255,4.9968055555555555,30.11783323355804,71954,282.17254901960786,11,238,255,0.7642823201996649,110,110,252,0.0175,22,18,0.6363636363636364,61.45634920634921,53.214285714285715,0.06583333333333333,0.007638888888888889,0.022152777777777778,0.01625,0.012291666666666666,1,60.96863273758235,52.53538371737499,7.984403205568238,4.708507317511835,0.8076128016001557,-139.43467454464442,0.7283878512203622,0.7283878512203622,0.013022208633293493,-2,0.04569444444444404,658,0.09770363983927484,244.36363636363637,8.412898400915836,4.851988636363636,0.16699062652399949
RHF_MPM_P27,1219,0.06095,60.95,0,255,4.973958333333333,29.969659697553336,71625,280.88235294117646,11,235,255,0.7759292039155804,109,109,251,0.017430555555555557,22,18,0.6338383838383839,61.45019920318725,53.07171314741036,0.06680555555555556,0.0075,0.022083333333333333,0.016041666666666666,0.012083333333333333,1,61.01112739965096,52.440739965095986,8.068563868387963,4.791793376684907,0.8045504598092266,-140.0731824403281,0.7297482265436399,0.7297482265436399,0.014338568935427573,-1,-0.022847222222222463,-329,0.1037460175128436,245.0909090909091,8.607127548032455,4.865574494949495,0.1702500772812722
RHF_MPM_P27,1220,0.061,61.0,0,255,4.955277777777778,29.703204558329233,71356,279.82745098039214,11,232,255,0.7776270389765483,107,107,250,0.017361111111111112,22,18,0.6313131313131313,61.468,53.276,0.06652777777777778,0.007152777777777778,0.022083333333333333,0.01576388888888889,0.011527777777777777,1,60.69844161668255,52.40565614664499,8.368549550055084,4.5551001862657,0.8388829925207777,-139.46416026635652,0.7707341628425123,0.7707341628425123,0.014210437804809687,-1,-0.018680555555555145,-269,0.31464785584470273,246.27272727272728,8.302145495877,4.886325757575758,0.16595367657296686
RHF_MPM_P27,1221,0.06105,61.05,0,255,4.921875,29.576380766790123,70875,277.94117647058823,12,230,255,0.7733683649299091,109,109,243,0.016875,22,18,0.6136363636363636,61.67901234567901,53.28395061728395,0.06625,0.007152777777777778,0.021736111111111112,0.015694444444444445,0.011666666666666667,1,60.6893544973545,52.338694885361555,8.66813227980401,4.623082168577936,0.8458994750566816,-139.31872783103634,0.9789726036893541,0.9789726036893541,0.014574955908289241,-7,-0.03340277777777789,-481,0.06757504162300716,246.36363636363637,8.260230321164034,4.898074494949496,0.16346114595131087
RHF_MPM_P27,1222,0.0611,61.1,0,255,4.961805555555555,29.669818410596093,71450,280.19607843137254,12,232,255,0.8013085204532977,109,109,246,0.017083333333333332,21,18,0.6507936507936508,61.77235772357724,53.34146341463415,0.06923611111111111,0.007152777777777778,0.021805555555555557,0.015625,0.011805555555555555,1,60.6634989503149,52.18188943317005,8.880164714268673,4.571939199517397,0.8572811994361134,-138.8288469608832,1.14145042942363,1.14145042942363,0.017326801959412177,3,0.03993055555555536,575,0.1589228087774045,246.63636363636363,8.193930428540908,4.915404040404041,0.15913720215920635
RHF_MPM_P27,1223,0.06115,61.15,0,255,4.854097222222222,29.32775569398558,69899,274.1137254901961,12,226,255,0.7863685507012725,108,108,241,0.01673611111111111,21,18,0.6375661375661376,61.72199170124481,53.261410788381745,0.06777777777777778,0.007013888888888889,0.021319444444444443,0.015208333333333334,0.01125,1,60.66251305455014,52.22644100773974,8.95745509746409,4.54798131166789,0.8615154175812717,-138.6649293325442,1.2248471483716967,1.2248471483716967,0.018455199645202362,-5,-0.10770833333333307,-1551,0.04456248183278681,246.9090909090909,7.94817927068887,4.929463383838384,0.14570106462902818
RHF_MPM_P27,1224,0.0612,61.2,0,255,4.785486111111111,29.1358865759951,68911,270.2392156862745,10,224,255,0.7682685834356424,107,107,238,0.016527777777777777,21,18,0.6296296296296297,61.7563025210084,53.29831932773109,0.06576388888888889,0.006805555555555555,0.021319444444444443,0.015069444444444444,0.011111111111111112,1,60.766205685594464,52.338407511137554,8.787322947867752,4.466848433950021,0.8611631289594025,-138.27760749799916,1.1828170590844354,1.1828170590844354,0.01559983166693271,-3,-0.06861111111111118,-988,0.15260622404092095,247.36363636363637,7.25224388188332,4.941300505050505,0.12703872682304457
RHF_MPM_P27,1225,0.06125,61.25,0,255,4.75,29.09465634403984,68400,268.2352941176471,10,225,255,0.7523851630016639,110,110,232,0.01611111111111111,20,18,0.6444444444444445,61.97844827586207,53.44827586206897,0.06409722222222222,0.006875,0.021111111111111112,0.015,0.01138888888888889,1,60.904956140350876,52.41027777777778,8.578576810106656,4.542671394814689,0.8482870186780446,-137.98004711859156,1.1649624326029722,1.1649624326029722,0.015175438596491227,-6,-0.03548611111111111,-511,0.1562594762631956,247.0,7.885544888073251,4.944463383838384,0.1216908865405659
RHF_MPM_P27,1226,0.0613,61.3,0,255,4.7775694444444445,29.247612147227024,68797,269.7921568627451,11,227,255,0.7528839601722224,109,109,238,0.016527777777777777,21,18,0.6296296296296297,61.85294117647059,53.29831932773109,0.06444444444444444,0.007013888888888889,0.020972222222222222,0.015208333333333334,0.01138888888888889,1,60.94191607192174,52.48625666816867,8.631054300544129,4.32442188257586,0.8654295973957794,-138.45641497540646,1.1946730497125932,1.1946730497125932,0.015262293413957004,6,0.027569444444444535,397,0.08449158731349608,244.8181818181818,6.658121244945656,4.903049242424242,0.08972534186410402
RHF_MPM_P27,1227,0.06135,61.35,0,255,4.779513888888889,29.29877812748675,68825,269.9019607843137,10,223,255,0.7525178967672801,110,110,236,0.01638888888888889,21,19,0.5914786967418546,61.99152542372882,53.402542372881356,0.06444444444444444,0.006944444444444444,0.021041666666666667,0.015347222222222222,0.011597222222222222,1,61.102651652742466,52.47064293498002,8.45043016116002,4.529484127442158,0.84421395708696,-137.65504274139053,1.0421984349866666,1.0421984349866666,0.01586632764257174,-2,0.0019444444444447484,28,0.161492153387906,243.72727272727272,7.020630755021026,4.882500000000001,0.0897802676406785
RHF_MPM_P27,1228,0.0614,61.4,0,255,4.760972222222223,29.475207645094724,68558,268.85490196078433,8,234,255,0.7226049163626368,108,108,239,0.01659722222222222,20,18,0.6638888888888889,62.10460251046025,53.76150627615063,0.06159722222222222,0.007152777777777778,0.021041666666666667,0.01513888888888889,0.011805555555555555,1,61.35660316812042,52.9977391405817,8.020159269451595,4.048682871650556,0.8632285657792899,-139.41109995745015,0.8993225644891145,0.8993225644891145,0.016496980658712333,3,-0.01854166666666668,-267,0.5850827139152623,242.36363636363637,6.314092856067396,4.865214646464647,0.09314717549145268
RHF_MPM_P27,1229,0.06145,61.45,0,12,0.01611111111111111,0.3136104960135686,232,19.333333333333332,0,0,6,0.04798475437692829,3,8,8,0.0005555555555555556,32,107,0.002336448598130841,96.125,56.375,0.0038194444444444443,0.0,0.0,0.0,0.0,0,85.82327586206897,59.918103448275865,32.415921279447865,25.444790243148745,0.6195625221823235,93.96882115309651,-0.18787313298452554,0.18787313298452554,0.0,-231,-4.744861111111112,-68326,25.42655137575709,220.1818181818182,67.32528659334494,4.412424242424243,1.3927317381398778
RHF_MPM_P27,1230,0.0615,61.5,0,255,3.363888888888889,22.28813402261115,48440,189.9607843137255,12,101,255,0.8440775871800453,106,106,138,0.009583333333333333,14,13,0.7582417582417582,67.21014492753623,57.54347826086956,0.07597222222222222,0.003125,0.013541666666666667,0.008263888888888888,0.006111111111111111,1,70.69595375722544,58.94706853839802,9.6454883034362,5.750394654314263,0.8028548469396654,-150.49996876465423,-0.9854773863552924,0.9854773863552924,0.03451692815854666,130,3.347777777777778,48208,15.158455820428713,209.9090909090909,70.3904106917652,4.266054292929292,1.4105175938362322
RHF_MPM_P27,1231,0.06155,61.55,0,255,5.238680555555556,26.51779100765622,75437,295.8313725490196,24,159,255,1.188519372894726,100,100,218,0.01513888888888889,24,24,0.3784722222222222,70.23394495412845,61.206422018348626,0.10930555555555556,0.004861111111111111,0.021319444444444443,0.012152777777777778,0.008125,1,77.02990574916818,65.13262722536686,16.581126163928317,5.309311549940224,0.9473492545317421,-144.78750588252342,-1.0304341696255739,1.0304341696255739,0.026260323183583654,80,1.8747916666666669,26997,8.85325274157307,207.0,69.32663137771674,4.291818181818182,1.4253812882154875
RHF_MPM_P27,1232,0.0616,61.6,0,255,5.995972222222222,29.410686085149873,86342,338.5960784313726,29,209,255,1.162374153773364,105,105,240,0.016666666666666666,30,29,0.27586206896551724,70.69166666666666,61.4875,0.10416666666666667,0.006805555555555555,0.02763888888888889,0.013958333333333333,0.010555555555555556,1,77.61974473604967,67.66077922679577,19.212174659220175,4.551761890847774,0.9715289915217946,-136.24829170238326,-1.1768805143396575,1.1768805143396575,0.014639457042922332,22,0.7572916666666663,10905,2.596047490469766,206.72727272727272,69.1902396021169,4.389463383838383,1.5000339070039856
RHF_MPM_P27,1233,0.06165,61.65,0,255,6.329791666666667,31.087149921380302,91149,357.4470588235294,31,241,255,1.1027328738886653,109,109,257,0.017847222222222223,21,21,0.5827664399092971,70.29961089494164,61.05058365758755,0.09743055555555556,0.008055555555555555,0.028055555555555556,0.01638888888888889,0.012430555555555556,1,77.43925879603725,67.27031563703387,19.64424919986294,4.140691255390502,0.9775326858312893,-137.21283127104505,-1.3580516436404604,1.3580516436404604,0.007251862335297151,17,0.3338194444444449,4807,0.43015926059066756,207.72727272727272,69.82717745078776,4.513825757575757,1.5959691050603348
RHF_MPM_P27,1234,0.0617,61.7,0,255,5.772777777777778,31.19400375171049,83128,325.9921568627451,19,243,255,0.9111157767245799,106,106,280,0.019444444444444445,22,22,0.5785123966942148,70.73571428571428,61.535714285714285,0.07881944444444444,0.00798611111111111,0.025833333333333333,0.017291666666666667,0.012708333333333334,1,73.09140121258781,63.338297565200655,11.861114225314537,4.3481688861105425,0.9303824939685627,-137.91796524504167,-1.2141737323729085,1.2141737323729085,0.024323934173804254,23,-0.5570138888888891,-8021,5.8621354200651,211.27272727272728,72.37037428658336,4.597342171717172,1.6351464166065763
RHF_MPM_P27,1235,0.06175,61.75,0,255,5.876736111111111,31.7698540358331,84625,331.8627450980392,18,244,255,0.9173664101662959,106,106,291,0.02020833333333333,22,21,0.6298701298701299,70.95876288659794,61.539518900343644,0.07944444444444444,0.008194444444444445,0.02625,0.018194444444444444,0.013125,1,72.78223929098966,62.931816838995566,10.65783982654232,4.424072780443587,0.9097756425750475,-138.21054196347828,-1.0852290050976212,1.0852290050976212,0.022948301329394388,11,0.10395833333333293,1497,0.5106933272938616,216.0909090909091,75.67809163634485,4.696546717171717,1.6761410114023712
RHF_MPM_P27,1236,0.0618,61.8,0,255,6.088819444444445,32.29133161109029,87679,343.8392156862745,19,245,255,0.93923644305936,105,105,313,0.021736111111111112,25,22,0.5690909090909091,71.66773162939297,62.08945686900959,0.08131944444444444,0.008402777777777778,0.027291666666666665,0.019097222222222224,0.013472222222222222,1,73.1138356961188,63.18192497633413,10.64375628319655,4.386609856256878,0.9111251138690294,-138.65453735504525,-1.0174441467471667,1.0174441467471667,0.02006181639845345,22,0.21208333333333407,3054,0.4153435400455031,223.45454545454547,80.64553601619151,4.818257575757577,1.7235416185797658
RHF_MPM_P27,1237,0.06185,61.85,0,255,6.047847222222222,32.03564424683842,87089,341.5254901960784,20,244,255,0.9535480737791832,106,106,298,0.020694444444444446,25,21,0.5676190476190476,71.15771812080537,61.80536912751678,0.083125,0.008263888888888888,0.027291666666666665,0.01840277777777778,0.013402777777777777,1,73.15938867135918,63.27925455568442,10.967126953281996,4.413286963104137,0.9154593356309834,-138.60189746698728,-0.9719537048062694,0.9719537048062694,0.014938740828348012,-15,-0.040972222222222854,-590,0.10746218204445139,228.9090909090909,83.42602008034592,4.933737373737373,1.7591345127711744
RHF_MPM_P27,1238,0.0619,61.9,0,255,6.028472222222222,31.965693770375935,86810,340.4313725490196,22,246,255,0.954631924278688,108,108,280,0.019444444444444445,22,21,0.6060606060606061,70.52142857142857,61.325,0.08347222222222223,0.008541666666666666,0.025694444444444443,0.018125,0.01361111111111111,1,73.06675498214491,63.420562147218064,11.37947997910759,4.382410463630402,0.9228685167848788,-138.2229626732761,-0.9874146340959272,0.9874146340959272,0.016403640133625157,-18,-0.019375000000000142,-279,0.16896400741721676,232.9090909090909,84.71498155092495,5.047279040404041,1.7856230710033527
RHF_MPM_P27,1239,0.06195,61.95,0,255,6.040694444444444,31.952008449582497,86986,341.121568627451,22,249,255,1.002417645353623,109,109,280,0.019444444444444445,22,19,0.6698564593301436,70.49642857142857,61.025,0.08958333333333333,0.008611111111111111,0.02486111111111111,0.018541666666666668,0.013819444444444445,1,73.30971650610444,63.33768652426827,12.057815461579306,4.519942684008244,0.9270831087212891,-138.48615923278405,-1.357734344478868,1.357734344478868,0.02395787827926333,0,0.012222222222222356,176,0.2567073645302169,236.63636363636363,85.79602949837451,5.163617424242424,1.8047656363700941
RHF_MPM_P27,1240,0.062,62.0,0,255,6.032013888888889,31.804540034051502,86861,340.6313725490196,22,248,255,1.0151105702603895,110,110,279,0.019375,22,20,0.634090909090909,70.50179211469533,61.086021505376344,0.090625,0.008402777777777778,0.024652777777777777,0.018055555555555554,0.013541666666666667,1,73.51756254245288,63.47828139210923,12.503290294959005,4.5379777367270435,0.9318114660342255,-138.44544156682244,-1.3699111173880643,1.3699111173880643,0.027342535775549442,-1,-0.008680555555555358,-125,0.25093204595861224,261.27272727272725,46.52876121104784,5.710517676767676,0.7860234470360957
RHF_MPM_P27,1241,0.06205,62.05,0,255,6.066388888888889,31.8102212480323,87356,342.57254901960783,21,250,255,1.0403504254171658,109,109,278,0.019305555555555555,22,19,0.6650717703349283,70.49640287769785,61.0,0.09361111111111112,0.008472222222222223,0.025416666666666667,0.018055555555555554,0.01326388888888889,1,73.64999542103577,63.58141398415678,12.837342725456642,4.466317375341985,0.9375256971919841,-138.8214222544934,-1.5113237943761137,1.5113237943761137,0.03059892852236824,-1,0.03437499999999982,495,0.16785350419993314,274.0,25.434407618599867,5.956199494949495,0.2614963914359665
RHF_MPM_P27,1242,0.0621,62.1,0,255,6.147222222222222,31.93306137767905,88520,347.1372549019608,21,249,255,1.0730027497599686,109,109,280,0.019444444444444445,22,20,0.6363636363636364,70.53571428571429,61.142857142857146,0.09770833333333333,0.008611111111111111,0.025625,0.017986111111111112,0.013472222222222222,1,73.96527338454587,63.90484636240398,13.491248646697372,4.454428682618384,0.9439208863140771,-138.80799975077645,-1.495638415828359,1.495638415828359,0.029812471757794848,2,0.08083333333333353,1164,0.4516732198987595,279.6363636363636,18.257116805497706,6.038794191919192,0.1344346818000154
RHF_MPM_P27,1243,0.06215,62.15,0,255,6.211319444444444,32.15443631364038,89443,350.75686274509803,20,250,255,1.1003533104712981,106,106,285,0.019791666666666666,22,20,0.6477272727272727,70.67017543859649,61.31578947368421,0.10118055555555555,0.00875,0.025833333333333333,0.01826388888888889,0.01361111111111111,1,74.06233019912123,64.0203481546907,13.685698098899085,4.4666923162379915,0.9452398010480778,-138.7587649767463,-1.6090139293282855,1.6090139293282855,0.03103652605570028,5,0.06409722222222225,923,0.15086646173673127,283.72727272727275,13.28081945096974,6.058371212121212,0.14222738041206662
RHF_MPM_P27,1244,0.0622,62.2,0,255,6.109444444444445,31.930546933448166,87976,345.00392156862745,20,250,255,1.0864728158458017,110,110,280,0.019444444444444445,22,20,0.6363636363636364,70.525,61.22857142857143,0.09965277777777778,0.008680555555555556,0.025833333333333333,0.018055555555555554,0.013333333333333334,1,73.85077748476857,63.804287532963535,13.211009160108443,4.524906096431927,0.9395140904992989,-138.5997799049587,-1.6316407201037835,1.6316407201037835,0.027609802673456398,-5,-0.10187499999999972,-1467,0.30238509092067717,285.8181818181818,10.408197659172153,6.038339646464647,0.11561708634058969
RHF_MPM_P27,1245,0.06225,62.25,0,255,6.000069444444445,31.779941044202005,86401,338.82745098039214,19,249,255,1.0665273314735448,109,109,276,0.019166666666666665,22,20,0.6272727272727273,70.5036231884058,61.1231884057971,0.09729166666666667,0.008472222222222223,0.025277777777777777,0.017986111111111112,0.013472222222222222,1,73.52703093714193,63.497864608048516,12.849761009491457,4.64814394754812,0.9322829038795704,-138.37951314933412,-1.5654464475281908,1.5654464475281908,0.02633071376488698,-4,-0.109375,-1575,0.44576544955126796,285.45454545454544,10.671658611512138,6.059002525252525,0.08162297988430946
RHF_MPM_P27,1246,0.0623,62.3,0,255,5.870069444444445,31.445210176602938,84529,331.48627450980393,19,248,255,1.0331383209042766,111,111,268,0.01861111111111111,21,20,0.638095238095238,70.26865671641791,60.92537313432836,0.09340277777777778,0.008402777777777778,0.024652777777777777,0.017361111111111112,0.013333333333333334,1,73.3273077878598,63.355795052585506,12.6247467193269,4.498624896364732,0.9343586949492872,-138.46523775328015,-1.5765602244265866,1.5765602244265866,0.025908268168320932,-8,-0.1299999999999999,-1872,0.24509813330303337,283.3636363636364,11.593671685039899,6.058396464646464,0.08298742631636809
RHF_MPM_P27,1247,0.06235,62.35,0,255,5.723055555555556,31.19197673899175,82412,323.1843137254902,18,247,255,0.997340976117383,110,110,264,0.018333333333333333,21,20,0.6285714285714286,70.26515151515152,60.85606060606061,0.08993055555555556,0.008194444444444445,0.024027777777777776,0.017291666666666667,0.013055555555555556,1,73.1165000242683,63.189887395039555,12.40221313657961,4.334896876057132,0.9369266369666872,-138.530931963458,-1.5563112277030986,1.5563112277030986,0.026695141484249868,-4,-0.147013888888889,-2117,0.26826342281949256,278.90909090909093,8.295174341469377,6.025145202020202,0.12617516636307352
RHF_MPM_P27,1248,0.0624,62.4,0,255,5.588819444444445,30.910204176248975,80479,315.60392156862747,17,244,255,0.9664730750348991,107,107,263,0.01826388888888889,21,20,0.6261904761904762,70.14068441064639,60.82889733840304,0.08659722222222223,0.008125,0.023541666666666666,0.017013888888888887,0.012847222222222222,1,72.90130344561935,62.95842393667913,12.071673474364417,4.486460207298819,0.928372164619645,-138.09931416560136,-1.6057453175513354,1.6057453175513354,0.02707538612557313,-1,-0.134236111111111,-1933,0.316045724569063,275.72727272727275,6.968642871540655,5.983415404040404,0.17731111518336798
RHF_MPM_P27,1249,0.06245,62.45,0,255,5.366805555555556,30.324884964808327,77282,303.06666666666666,16,238,255,0.9202212293139362,109,109,252,0.0175,21,19,0.631578947368421,69.96825396825396,60.607142857142854,0.08180555555555556,0.007569444444444445,0.023125,0.01638888888888889,0.012291666666666666,1,72.62158070443311,62.76523640692529,11.893245140825059,4.252499552588358,0.9338917514830417,-137.95277649518442,-1.6522982541623,1.6522982541623,0.026707383349292204,-11,-0.22201388888888918,-3197,0.33995033988677303,273.1818181818182,9.570961591455896,5.923263888888889,0.24940089726124434
RHF_MPM_P27,1250,0.0625,62.5,0,255,5.139930555555556,29.734726518101503,74015,290.2549019607843,15,232,255,0.8838050688763283,110,110,244,0.016944444444444446,21,19,0.6115288220551378,69.78688524590164,60.39344262295082,0.078125,0.007361111111111111,0.02201388888888889,0.01576388888888889,0.011666666666666667,1,72.27745727217456,62.43477673444572,11.704826824250569,4.263328044557318,0.9313063901133355,-137.78866127153307,-1.6444796492148395,1.6444796492148395,0.026670269539958116,-8,-0.22687499999999972,-3267,0.47710012760919857,269.90909090909093,12.413003046326025,5.841376262626263,0.33169929456315933
RHF_MPM_P27,1251,0.06255,62.55,0,255,5.051666666666667,29.638321618022392,72744,285.2705882352941,14,232,255,0.8695382973107202,110,110,240,0.016666666666666666,20,19,0.631578947368421,69.6125,60.27916666666667,0.07673611111111112,0.007152777777777778,0.021666666666666667,0.015486111111111112,0.011805555555555555,1,71.99143571978445,62.15329099307159,11.231519987137151,4.2092538488471085,0.9271172017087357,-138.21807877625028,-1.7392618291299469,1.7392618291299469,0.02697129660178159,-4,-0.08826388888888914,-1271,0.4013010727977067,266.3636363636364,14.673865000387146,5.7522537878787885,0.3942998643162604
RHF_MPM_P27,1252,0.0626,62.6,0,255,5.037013888888889,29.758520338716558,72533,284.44313725490196,14,231,255,0.848504371945384,109,109,247,0.017152777777777777,21,20,0.5880952380952381,69.76923076923077,60.32793522267207,0.07506944444444444,0.007291666666666667,0.021736111111111112,0.015625,0.011875,1,71.72038934002454,61.89145630264845,10.667033725380922,4.318064385999904,0.9144032102082278,-138.10062432078038,-1.6126057874353106,1.6126057874353106,0.026801593757324254,7,-0.01465277777777807,-211,0.3768601134239811,263.54545454545456,15.137933306544472,5.658674242424244,0.4292440521974986
RHF_MPM_P27,1253,0.06265,62.65,0,255,5.034166666666667,29.82782676135751,72492,284.2823529411765,13,234,255,0.836378066049739,108,108,249,0.017291666666666667,21,19,0.6240601503759399,69.72289156626506,60.136546184738954,0.07368055555555555,0.007361111111111111,0.021805555555555557,0.015694444444444445,0.012013888888888888,1,71.68494454560503,61.75904927440269,10.395704424760654,4.252592545660764,0.9125020681770415,-138.65682662779295,-1.53455072196591,1.53455072196591,0.026030458533355404,2,-0.002847222222222001,-41,0.137069159843905,260.72727272727275,14.691314125829644,5.557487373737374,0.43332320470447766
RHF_MPM_P27,1254,0.0627,62.7,0,255,4.932708333333333,29.500235161933457,71031,278.5529411764706,13,227,255,0.8214826829957143,109,109,243,0.016875,21,19,0.6090225563909775,69.60905349794238,60.148148148148145,0.07180555555555555,0.007152777777777778,0.021527777777777778,0.015347222222222222,0.01173611111111111,1,71.53669524573777,61.6080162182709,10.169433902734081,4.15092493660799,0.9129029875272068,-138.88984208406538,-1.4108294365942848,1.4108294365942848,0.02565077219805437,-6,-0.10145833333333343,-1461,0.21163373775379585,256.90909090909093,13.27646273711177,5.44125,0.4133773394133503
RHF_MPM_P27,1255,0.06275,62.75,0,255,4.839861111111111,29.29891768919951,69694,273.30980392156863,12,224,255,0.8025216501425383,109,109,240,0.016666666666666666,20,19,0.631578947368421,69.47916666666667,60.05,0.07020833333333333,0.007083333333333333,0.021041666666666667,0.01513888888888889,0.011666666666666667,1,71.36607168479352,61.44214710018079,9.842119092232972,4.260755476479606,0.9014369675049907,-138.90260855338056,-1.556094155960136,1.556094155960136,0.02620024679312423,-3,-0.09284722222222186,-1337,0.2379600048018284,253.27272727272728,11.855883917746258,5.325833333333333,0.3871037887427334
RHF_MPM_P27,1256,0.0628,62.8,0,255,4.770138888888889,29.15454886334471,68690,269.37254901960785,12,225,255,0.779332649669534,110,110,234,0.01625,20,19,0.6157894736842106,69.44871794871794,59.98290598290598,0.06784722222222223,0.007083333333333333,0.020972222222222222,0.015,0.011458333333333333,1,71.21032173533266,61.27089823846266,9.592960834241925,4.16300456181163,0.9009299655356551,-139.0534868277166,-1.471460015319813,1.471460015319813,0.026350269325957198,-6,-0.06972222222222246,-1004,0.2314826546348986,249.45454545454547,10.620423175643808,5.214021464646465,0.3522684828543043
RHF_MPM_P27,1257,0.06285,62.85,0,255,4.725833333333333,29.013614608298788,68052,266.8705882352941,11,222,255,0.7765785288214763,108,108,238,0.016527777777777777,20,19,0.6263157894736842,69.34453781512605,59.903361344537814,0.06736111111111111,0.006736111111111111,0.020694444444444446,0.015,0.011458333333333333,1,71.17276494445424,61.24441603479692,9.585876443041098,4.078635727238205,0.9049660122848676,-139.0809054155909,-1.4110758948654198,1.4110758948654198,0.02553929348145536,4,-0.04430555555555582,-638,0.04595453897144779,246.72727272727272,9.274509632623163,5.11,0.30953447564132497
RHF_MPM_P27,1258,0.0629,62.9,0,255,4.5552777777777775,28.432143877632498,65596,257.2392156862745,10,215,255,0.7432136290297051,107,107,234,0.01625,20,19,0.6157894736842106,69.33760683760684,59.85470085470085,0.06368055555555556,0.00625,0.020069444444444445,0.014513888888888889,0.010833333333333334,1,70.90432343435576,61.09698762119641,9.22167004929174,4.045892811542528,0.8986152530157568,-139.00627443796682,-1.28990550367607,1.28990550367607,0.02300445149094457,-4,-0.17055555555555557,-2456,0.3062612960867187,244.0,8.135220844071672,5.003838383838384,0.27990809549161444
RHF_MPM_P27,1259,0.06295,62.95,0,255,4.294513888888889,27.44407946498411,61841,242.51372549019607,8,200,255,0.7217160068016613,105,105,219,0.015208333333333334,19,18,0.6403508771929824,68.8675799086758,59.70776255707762,0.06145833333333333,0.005694444444444445,0.01902777777777778,0.013472222222222222,0.010069444444444445,1,70.61325010915088,60.92948044177811,9.158528919626368,4.005273868596533,0.8993024599124531,-138.8063276777833,-1.3180633303353866,1.3180633303353866,0.023948513122362187,-15,-0.2607638888888886,-3755,0.33583081425399175,240.0,8.61288675078328,4.886174242424242,0.2813084698147596
RHF_MPM_P27,1260,0.063,63.0,0,255,4.109097222222222,26.82259051033274,59171,232.04313725490195,7,188,255,0.7046881527717166,107,107,205,0.01423611111111111,18,18,0.6327160493827161,68.44878048780488,59.49756097560976,0.060208333333333336,0.005486111111111111,0.018125,0.012986111111111111,0.00951388888888889,1,70.33088844197326,60.7741461188758,9.048901011532475,4.017260793114461,0.8960514945180639,-138.61035921536055,-1.295169759917553,1.295169759917553,0.02535025603758598,-14,-0.18541666666666679,-2670,0.3222683089645146,235.72727272727272,12.417662707105473,4.771837121212121,0.3161585466891614
RHF_MPM_P27,1261,0.06305,63.05,0,255,3.985625,26.47441902674768,57393,225.0705882352941,5,180,255,0.678563878667989,102,102,205,0.01423611111111111,18,18,0.6327160493827161,68.44878048780488,59.49756097560976,0.0575,0.005277777777777778,0.017569444444444443,0.012638888888888889,0.009444444444444445,1,70.09612670534734,60.678236021814506,8.858994659024937,4.019390234518636,0.8911507829660056,-137.6278141800227,-1.5096351072412522,1.5096351072412522,0.024619727144425278,0,-0.12347222222222198,-1778,0.2535977517682699,232.1818181818182,14.874127517992026,4.666900252525252,0.36444553224626425
RHF_MPM_P27,1262,0.0631,63.1,0,255,3.8949305555555553,26.190334346655863,56087,219.94901960784313,4,177,255,0.6708998124496119,108,108,192,0.013333333333333334,17,18,0.6274509803921569,68.11458333333333,59.229166666666664,0.05708333333333333,0.005138888888888889,0.017013888888888887,0.012361111111111111,0.009305555555555555,1,69.93732950594612,60.56449801201705,8.929957816010388,4.002756354903867,0.8939136978200354,-136.74238682870958,-1.4958847109705418,1.4958847109705418,0.02567439870201651,-13,-0.09069444444444485,-1306,0.19532763606401893,227.8181818181818,18.531634779568307,4.561742424242424,0.4030878731136748
RHF_MPM_P27,1263,0.06315,63.15,0,255,3.859097222222222,26.217640250337237,55571,217.92549019607844,3,180,255,0.6591110978992069,106,106,198,0.01375,18,17,0.6470588235294118,68.16161616161617,59.21212121212121,0.05583333333333333,0.005416666666666667,0.016875,0.012222222222222223,0.009097222222222222,1,69.65129294056253,60.239711360241856,8.421190147509938,4.119918094442308,0.8721535253384315,-136.94336047975673,-1.3209119765784747,1.3209119765784747,0.023609436576631695,6,-0.03583333333333316,-516,0.4327854964157005,223.36363636363637,19.26028758056199,4.45465909090909,0.4187611859807042
RHF_MPM_P27,1264,0.0632,63.2,0,255,3.914375,26.617850402052408,56367,221.04705882352943,2,186,255,0.6437355746652642,108,108,200,0.013888888888888888,18,17,0.6535947712418301,68.25,59.27,0.05430555555555556,0.005416666666666667,0.017361111111111112,0.012708333333333334,0.009652777777777777,1,69.50261677932123,60.023400216438695,7.956287914786758,4.224866306076573,0.847365721215811,-136.43205944245332,-1.1825267714586472,1.1825267714586472,0.020224599499707275,2,0.05527777777777798,796,0.26247878362808674,218.9090909090909,18.465961538387056,4.352859848484848,0.40125418886661074
RHF_MPM_P27,1265,0.06325,63.25,0,255,3.975972222222222,26.971921725282826,57254,224.52549019607844,2,193,255,0.6324400670076981,109,109,204,0.014166666666666666,18,17,0.6666666666666666,68.34313725490196,59.15686274509804,0.05333333333333334,0.005763888888888889,0.017361111111111112,0.013125,0.009652777777777777,1,69.44531386453349,59.8895797673525,7.495602154608736,4.213974416508058,0.8270061230696001,-137.02732490255067,-1.341887322783748,1.341887322783748,0.01816466971739966,4,0.06159722222222186,887,0.14557313157585683,215.36363636363637,17.200807207658638,4.265883838383839,0.3684933813020763
RHF_MPM_P27,1266,0.0633,63.3,0,255,4.085,27.43703139311297,58824,230.68235294117648,2,205,255,0.6344042953629352,106,106,215,0.014930555555555556,18,18,0.6635802469135802,68.63255813953488,59.269767441860466,0.05333333333333334,0.0060416666666666665,0.018333333333333333,0.01361111111111111,0.010277777777777778,1,69.45357337141303,59.84353325173399,7.385388638206796,4.136144576913927,0.8284626831698881,-137.8549184728419,-0.5786227078181303,0.5786227078181303,0.015010879912960696,11,0.10902777777777795,1570,0.046781417833357646,213.0909090909091,15.347220923758302,4.197260101010102,0.322649367162828
RHF_MPM_P27,1267,0.06335,63.35,0,255,4.047152777777778,27.20830268408673,58279,228.54509803921567,2,199,255,0.6349260716463341,108,108,211,0.014652777777777778,18,18,0.6512345679012346,68.5781990521327,59.3696682464455,0.05305555555555556,0.005763888888888889,0.01826388888888889,0.013472222222222222,0.01,1,69.4749395150912,59.90241768046809,7.465352006089334,4.237359978007697,0.823302046086608,-136.7602850259699,-0.5388360411967884,0.5388360411967884,0.015425796599118035,-4,-0.03784722222222214,-545,0.06264094541925172,211.0,13.849844108082292,4.131534090909091,0.2683200033001694
RHF_MPM_P27,1268,0.0634,63.4,0,255,3.901527777777778,26.54457776603362,56182,220.32156862745097,1,185,255,0.624032539828032,107,107,203,0.014097222222222223,18,18,0.6265432098765432,68.35467980295566,59.22167487684729,0.05173611111111111,0.005347222222222222,0.0175,0.012777777777777779,0.00951388888888889,1,69.38982236303443,59.87241465237977,7.487333565225366,4.134733889872657,0.8336914806911239,-136.80855414005117,-0.5580974358827369,0.5580974358827369,0.016820333914776976,-8,-0.1456249999999999,-2097,0.09025027018642995,207.8181818181818,11.010888675374375,4.056597222222222,0.1976894495830037
RHF_MPM_P27,1269,0.06345,63.45,0,255,3.80125,26.27286461549571,54738,214.65882352941176,1,181,255,0.6031600946302453,106,106,199,0.013819444444444445,17,17,0.6885813148788927,68.20100502512562,58.97989949748744,0.050069444444444444,0.005347222222222222,0.017152777777777777,0.012361111111111111,0.009236111111111112,1,69.19565932259125,59.662629252073515,7.119810421099089,4.210575318598337,0.8063866466421128,-135.77420966010192,-0.9584533451685038,0.9584533451685038,0.015601593043224086,-4,-0.10027777777777791,-1444,0.28584821226621543,204.63636363636363,7.4744744694888965,3.988049242424243,0.13304993244845453
RHF_MPM_P27,1270,0.0635,63.5,0,255,3.754097222222222,26.100926253072434,54059,211.99607843137255,0,180,255,0.6002824180268933,106,106,200,0.013888888888888888,17,17,0.6920415224913494,68.215,58.88,0.04986111111111111,0.005138888888888889,0.016666666666666666,0.012222222222222223,0.008958333333333334,1,69.11097134612183,59.5292365748534,7.187052000057991,4.120831615313618,0.8192973707819552,-137.03144213164933,-0.5337292868399307,0.5337292868399307,0.015261103609019775,1,-0.04715277777777782,-679,0.15800525211028826,202.9090909090909,6.006883104247923,3.9389204545454546,0.10828753063907676
RHF_MPM_P27,1271,0.06355,63.55,0,255,3.6477083333333336,25.591971701719217,52527,205.98823529411766,1,163,255,0.6098685762631147,106,106,188,0.013055555555555556,16,16,0.734375,67.71808510638297,58.46808510638298,0.050902777777777776,0.005,0.016458333333333332,0.01173611111111111,0.00875,1,68.69132065413977,59.20920669370038,7.246129005395793,4.343500463189207,0.800432003762322,-137.58604347718529,-0.5197146727565529,0.5197146727565529,0.017000780550954747,-12,-0.10638888888888864,-1532,0.5277554624178078,201.36363636363637,7.314651887233251,3.89697601010101,0.12265240941103939
RHF_MPM_P27,1272,0.0636,63.6,0,255,3.6640277777777777,26.01073304958948,52762,206.90980392156862,0,169,255,0.5646285842301001,108,108,187,0.012986111111111111,16,16,0.73046875,67.50267379679144,58.294117647058826,0.04673611111111111,0.005694444444444445,0.01638888888888889,0.012222222222222223,0.009236111111111112,1,68.33675751487813,58.952769038323034,6.4522178696260415,3.8217006102134565,0.8057115918182975,-137.78166486344054,-1.1912375354760165,1.1912375354760165,0.016375421705014975,-1,0.01631944444444411,235,0.43757889667864713,199.72727272727272,8.269230030012238,3.867739898989899,0.13567465506201332
RHF_MPM_P27,1273,0.06365,63.65,0,12,0.019305555555555555,0.36023073774121533,278,23.166666666666668,0,0,7,0.054051066190967716,3,8,10,0.0006944444444444445,64,86,0.001816860465116279,95.9,78.7,0.004375,0.0,0.0,0.0,0.0,0,90.15467625899281,68.47122302158273,28.206465770091214,21.4983276060703,0.6473683499390092,91.23185044908078,-0.451697008981824,0.451697008981824,0.0,-177,-3.644722222222222,-52484,23.8038346607479,183.1818181818182,55.33175675672266,3.515410353535353,1.1138260881715267
RHF_MPM_P27,1274,0.0637,63.7,0,255,2.7940972222222222,21.854926501350594,40235,157.7843137254902,0,90,255,0.5419910873179372,100,100,139,0.009652777777777777,13,14,0.7637362637362637,64.54676258992805,55.0431654676259,0.04472222222222222,0.0033333333333333335,0.012430555555555556,0.008402777777777778,0.0061805555555555555,1,64.55158444140673,54.3308065117435,6.073425842618995,5.110996790303329,0.5402035252188135,69.63060513443914,-1.0707287992817585,1.0707287992817585,0.012973779048092457,129,2.7747916666666668,39957,29.24841345597188,177.8181818181818,56.483011415047585,3.418592171717172,1.1259644232901753
RHF_MPM_P27,1275,0.06375,63.75,0,255,5.2039583333333335,27.27967545013926,74937,293.8705882352941,21,168,255,1.0477879822612546,103,103,217,0.015069444444444444,21,23,0.4492753623188406,61.56221198156682,51.78801843317972,0.09326388888888888,0.005486111111111111,0.020763888888888887,0.012638888888888889,0.009236111111111112,1,59.21742263501341,45.74055539986922,14.251924979790951,4.615533889742265,0.9461072860606492,64.26072481583249,-1.1011599958201128,1.1011599958201128,0.015159400563139703,78,2.4098611111111112,34702,10.111661403638996,179.36363636363637,57.29552215927639,3.5358270202020203,1.2334836962919635
RHF_MPM_P27,1276,0.0638,63.8,0,255,6.299861111111111,30.400869413420086,90718,355.75686274509803,30,227,255,1.1634187412728698,98,98,296,0.020555555555555556,31,37,0.25806451612903225,58.929054054054056,48.770270270270274,0.10368055555555555,0.0075,0.030208333333333334,0.014305555555555556,0.011041666666666667,1,56.37018011860932,44.001818823166296,16.57605295372009,4.884462663376119,0.9555991276687129,57.28815316351637,-0.8835281715387129,0.8835281715387129,0.02507771335346899,79,1.095902777777778,15781,3.336164688738212,187.72727272727272,66.29012117419349,3.747089646464647,1.4675740063803495
RHF_MPM_P27,1277,0.06385,63.85,0,255,6.621180555555555,31.15389950169712,95345,373.9019607843137,34,235,255,1.191889672212405,109,109,252,0.0175,43,54,0.10852713178294573,61.07539682539682,51.94047619047619,0.1063888888888889,0.0075,0.03194444444444444,0.01597222222222222,0.011875,1,54.32056216896534,42.861314174838746,20.109151378301164,4.436822671400395,0.9753559954034959,52.63078599450939,-1.016243942445633,1.016243942445633,0.008463999160941843,-44,0.3213194444444438,4627,2.3455670087122953,191.0909090909091,68.49081497206168,3.9776515151515155,1.6855799305421806
RHF_MPM_P27,1278,0.0639,63.9,0,255,5.985,31.59938989389932,86184,337.9764705882353,22,246,255,0.9938258579693613,108,108,283,0.01965277777777778,22,20,0.6431818181818182,60.579505300353354,51.47349823321555,0.08743055555555555,0.008333333333333333,0.025,0.017986111111111112,0.013055555555555556,1,57.51837928153718,47.73865218602061,15.754087527826869,4.652980917907943,0.9553889044827891,48.41032368868785,-1.8859798868978808,1.8859798868978808,0.04120254339552585,31,-0.6361805555555549,-9161,5.832191728739441,197.63636363636363,73.34882130461853,4.153819444444444,1.7821388504828666
RHF_MPM_P27,1279,0.06395,63.95,0,255,6.083263888888889,33.02830768888218,87599,343.5254901960784,17,252,255,0.8816609312519212,106,106,311,0.021597222222222223,22,21,0.6731601731601732,60.20257234726688,51.154340836012864,0.07666666666666666,0.009375,0.027291666666666665,0.019583333333333335,0.014861111111111111,1,59.426603043413735,49.87181360517814,10.925344321819233,5.071302899576837,0.8857420156688028,46.67207988793695,-2.3981076712899676,2.3981076712899676,0.01940661423075606,28,0.09826388888888893,1415,2.8621138281997953,207.45454545454547,80.30777573171359,4.352159090909091,1.862612723045861
RHF_MPM_P27,1280,0.064,64.0,0,255,6.757638888888889,34.96259723670805,97310,381.6078431372549,19,255,255,0.949835584074309,108,108,351,0.024375,26,24,0.5625,58.826210826210826,50.12820512820513,0.08291666666666667,0.010069444444444445,0.03076388888888889,0.0225,0.01673611111111111,1,58.83699517007502,49.55610934128045,9.176291968746327,5.2713013500314405,0.8185411705570084,-137.29596139026788,0.3166492243099187,0.3166492243099187,0.006905765080670024,40,0.6743749999999995,9711,0.6688098582902211,221.27272727272728,90.13937784351815,4.620921717171718,1.973710237243246
RHF_MPM_P27,1281,0.06405,64.05,0,255,6.6802777777777775,33.98422019327591,96196,377.2392156862745,22,252,255,0.9817012739520198,105,105,347,0.02409722222222222,27,26,0.4943019943019943,58.51585014409222,49.9164265129683,0.08493055555555555,0.009097222222222222,0.031875,0.021319444444444443,0.015069444444444444,1,58.05209156305875,49.04429498108029,10.298954937390665,5.01687598450316,0.8733323909785323,-136.92986558575058,0.5300304642315031,0.5300304642315031,0.0060501476152854585,-4,-0.07736111111111121,-1114,0.9370312756862722,234.63636363636363,96.65615977857021,4.886938131313131,2.0351904920307926
RHF_MPM_P27,1282,0.0641,64.1,0,255,6.518888888888889,33.216830638312274,93872,368.12549019607843,23,250,255,1.0059041205186827,106,106,314,0.021805555555555557,25,24,0.5233333333333333,59.503184713375795,50.84076433121019,0.08770833333333333,0.008888888888888889,0.030555555555555555,0.01951388888888889,0.014375,1,58.09486321799898,49.09836799045509,10.944880277405955,4.999104106091247,0.8895936883177169,-137.54888079955256,0.7332313679729211,0.7332313679729211,0.008628771092551559,-33,-0.16138888888888836,-2324,0.06894421519730656,246.0909090909091,97.90854224544505,5.147954545454546,2.043618699031992
RHF_MPM_P27,1283,0.06415,64.15,0,255,6.377569444444444,32.84387326061082,91837,360.14509803921567,23,250,255,1.0421039900248343,110,110,298,0.020694444444444446,24,21,0.5912698412698413,59.88926174496644,51.31208053691275,0.09277777777777778,0.009097222222222222,0.027291666666666665,0.019166666666666665,0.014305555555555556,1,58.14641157703322,49.2193342552566,11.51266074341169,4.951517133792868,0.9027844907632143,-138.51600003171572,1.0069411769821504,1.0069411769821504,0.01882683450025589,-16,-0.141319444444445,-2035,0.1314917128154933,256.1818181818182,97.01435524687541,5.394640151515151,2.013153874233238
RHF_MPM_P27,1284,0.0642,64.2,0,255,5.864583333333333,31.276086819978506,84450,331.1764705882353,21,243,255,0.9994792877393895,108,108,277,0.01923611111111111,24,20,0.5770833333333333,60.34657039711191,51.68592057761733,0.08854166666666667,0.007847222222222222,0.025277777777777777,0.017569444444444443,0.012777777777777779,1,58.15310834813499,49.22176435760805,12.078058261165774,4.747978985848698,0.9194923886186686,-138.3557252480035,1.267674675031306,1.267674675031306,0.026927175843694494,-21,-0.5129861111111111,-7387,0.0071240536654405325,280.45454545454544,57.900170570267896,5.926029040404041,1.0787696125586907
RHF_MPM_P27,1285,0.06425,64.25,0,255,5.331944444444445,29.553314940915065,76780,301.0980392156863,18,226,255,0.9641950629651368,107,107,249,0.017291666666666667,22,19,0.5956937799043063,61.16867469879518,52.24497991967871,0.08583333333333333,0.006736111111111111,0.022708333333333334,0.01576388888888889,0.011319444444444444,1,58.340101588955456,49.417191977077366,12.772222613253833,4.603695603373992,0.9327801105457378,-137.97552211247165,1.565959522871567,1.565959522871567,0.03075019536337588,-28,-0.5326388888888882,-7670,0.2704781443369919,290.45454545454544,39.02997364814902,6.156742424242424,0.500872594932028
RHF_MPM_P27,1286,0.0643,64.3,0,255,4.9025,28.399707928369022,70596,276.84705882352944,16,212,255,0.9136410863941145,109,109,224,0.015555555555555555,20,18,0.6222222222222222,61.88392857142857,52.88392857142857,0.08159722222222222,0.00625,0.02048611111111111,0.014513888888888889,0.010694444444444444,1,58.79139044705082,49.799195421836934,13.056611007044951,4.416628866406044,0.9410499509716008,-137.65343613068902,1.854790466834545,1.854790466834545,0.03478950648761969,-25,-0.42944444444444496,-6184,0.5912598965338317,291.09090909090907,37.8668829776928,6.129337121212121,0.5573208556687984
RHF_MPM_P27,1287,0.06435,64.35,0,255,4.393472222222222,26.79649462252076,63266,248.10196078431372,14,182,255,0.8525125102171791,106,106,207,0.014375,18,17,0.6764705882352942,62.507246376811594,53.33816425120773,0.075625,0.005625,0.018680555555555554,0.012708333333333334,0.009375,1,59.30798533177378,50.20688837606297,13.278842316502,4.304965620099022,0.9459894671211466,-137.09570126069988,2.1845203630860883,2.1845203630860883,0.03744507318306831,-17,-0.5090277777777779,-7330,0.6580910422179264,283.0,44.82288376589473,5.956029040404039,0.7428708326855642
RHF_MPM_P27,1288,0.0644,64.4,0,255,3.9606944444444445,25.66871982190628,57034,223.6627450980392,11,159,255,0.7998064042732088,108,108,184,0.012777777777777779,17,16,0.6764705882352942,62.875,53.69565217391305,0.07055555555555555,0.004930555555555555,0.016527777777777777,0.011805555555555555,0.008680555555555556,1,60.22712767822702,51.002857944384054,12.582111566088022,4.2697316242544865,0.9406604092680353,-137.20555608440023,2.5412913144416427,2.5412913144416427,0.035399936879755935,-23,-0.4327777777777775,-6232,1.2158907050951677,276.8181818181818,52.67364043517606,5.714166666666666,0.902818311541476
RHF_MPM_P27,1289,0.06445,64.45,0,255,3.684652777777778,25.11797304756747,53059,208.07450980392156,7,152,255,0.7253722078505206,108,108,177,0.012291666666666666,16,16,0.69140625,63.152542372881356,53.824858757062145,0.06347222222222222,0.004861111111111111,0.015416666666666667,0.01138888888888889,0.008541666666666666,1,61.18899715411146,51.78145083774666,11.295852881857527,4.392279956627399,0.9213052797303186,-137.07833094443373,2.9358293769220265,2.9358293769220265,0.031059763659322642,-7,-0.2760416666666665,-3975,1.2374973867580348,267.1818181818182,59.866242091422116,5.5050441919191915,1.0672995475864002
RHF_MPM_P27,1290,0.0645,64.5,0,255,3.639375,25.250393663563557,52407,205.51764705882354,4,159,255,0.679016867828451,108,108,180,0.0125,16,16,0.703125,63.05,53.827777777777776,0.058333333333333334,0.004861111111111111,0.01597222222222222,0.011597222222222222,0.008402777777777778,1,61.72641059400462,52.30404335298719,9.685429846170823,4.32598510167268,0.8947093925434513,-137.04344210893902,3.1549228696749316,3.1549228696749316,0.021581086496078768,3,-0.045277777777778194,-652,0.7496106605186604,255.27272727272728,62.91710406138441,5.2828724747474745,1.1729462551335823
RHF_MPM_P27,1291,0.06455,64.55,0,255,3.8272916666666665,26.3904910726159,55113,216.12941176470588,1,180,255,0.6239414993971582,107,107,195,0.013541666666666667,17,17,0.6747404844290658,62.646153846153844,53.46666666666667,0.05229166666666667,0.005555555555555556,0.016944444444444446,0.012708333333333334,0.009305555555555555,1,62.03393028867962,52.63529475804257,7.851885298003962,4.293459335179715,0.8372592258804439,-136.4443672777105,2.2259149387237285,2.2259149387237285,0.013336236459637472,15,0.18791666666666673,2706,0.45199099102102314,241.0909090909091,57.04934792943346,5.016477272727273,1.140055069007684
RHF_MPM_P27,1292,0.0646,64.6,0,255,4.070069444444444,27.29129427218015,58609,229.8392156862745,1,200,255,0.6309827724126209,108,108,208,0.014444444444444444,18,17,0.6797385620915033,62.33173076923077,53.25,0.05291666666666667,0.0059722222222222225,0.018472222222222223,0.013541666666666667,0.010069444444444445,1,62.07722363459537,52.56303639372793,6.976918218734258,4.532118904828477,0.7602868354322446,-136.42537736124342,0.7890026979929773,0.7890026979929773,0.011636438089713184,13,0.24277777777777754,3496,0.08423529553582813,228.45454545454547,46.63468010429312,4.779185606060606,1.0359473545388336
RHF_MPM_P27,1293,0.06465,64.65,0,255,3.962083333333333,26.74282263199584,57054,223.74117647058824,1,182,255,0.6174615095789804,107,107,203,0.014097222222222223,18,17,0.6633986928104575,62.47290640394089,53.285714285714285,0.051041666666666666,0.005416666666666667,0.017986111111111112,0.012916666666666667,0.009444444444444445,1,62.046622497984366,52.49498720510394,7.028213864483573,4.54941483270411,0.7622290547139882,-135.15543623453692,0.72781051770629,0.72781051770629,0.012234023907175658,-5,-0.1079861111111109,-1555,0.07461314652437873,218.36363636363637,38.296149170932495,4.546748737373737,0.8970582665667989
RHF_MPM_P27,1294,0.0647,64.7,0,255,3.883263888888889,26.447099671111314,55919,219.29019607843136,1,178,255,0.6139406512659464,109,109,194,0.013472222222222222,17,17,0.671280276816609,62.71134020618557,53.53092783505155,0.050833333333333335,0.005486111111111111,0.017430555555555557,0.012638888888888889,0.009305555555555555,1,62.08839571523096,52.653802821938875,7.115840135747042,4.33377033628347,0.7931460836144824,-135.64526879746555,0.8074630296620795,0.8074630296620795,0.013841449239077952,-9,-0.07881944444444411,-1135,0.16421754422044008,208.9090909090909,29.234022972788978,4.319993686868687,0.6989966946390299
RHF_MPM_P27,1295,0.06475,64.75,0,255,3.9519444444444445,26.7801475308612,56908,223.16862745098038,1,189,255,0.6143830614198567,108,108,203,0.014097222222222223,18,17,0.6633986928104575,62.45320197044335,53.17733990147783,0.050833333333333335,0.005555555555555556,0.017986111111111112,0.013125,0.009444444444444445,1,61.943821606803965,52.452713151050816,7.034100796534928,4.219113033159582,0.8001436333626737,-136.28016683464693,0.5935788124517551,0.5935788124517551,0.014145638574541364,9,0.06868055555555541,989,0.24766656731446066,202.1818181818182,19.77518271065199,4.146117424242425,0.5037767125702356
RHF_MPM_P27,1296,0.0648,64.8,0,255,3.7579166666666666,25.97692365016283,54114,212.21176470588236,1,168,255,0.6034883670264348,106,106,194,0.013472222222222222,17,17,0.671280276816609,62.670103092783506,53.44329896907217,0.050208333333333334,0.005208333333333333,0.017291666666666667,0.012152777777777778,0.008958333333333334,1,62.136193960897366,52.689821487969844,7.107650175161627,4.285942478573721,0.7977380570114868,-135.83557346617246,0.9168144578473463,0.9168144578473463,0.012732379790811989,-9,-0.1940277777777779,-2794,0.30533176391581723,197.1818181818182,13.148233077408205,4.00302398989899,0.34522480202639677
RHF_MPM_P27,1297,0.06485,64.85,0,255,3.7481944444444446,25.99819832573814,53974,211.6627450980392,1,172,255,0.6035566360589979,108,108,192,0.013333333333333334,17,17,0.6643598615916955,62.786458333333336,53.541666666666664,0.050069444444444444,0.005138888888888889,0.016944444444444446,0.012152777777777778,0.008888888888888889,1,62.26912958090933,52.7029680957498,6.932589504058981,4.449356704610172,0.766869556063125,-136.26327623382227,0.830436909570224,0.830436909570224,0.014192018379219623,-2,-0.009722222222221966,-140,0.1335841022131196,194.27272727272728,10.073285183105126,3.898087121212121,0.2012988726106024
RHF_MPM_P27,1298,0.0649,64.9,0,255,3.7025694444444444,25.887010235898448,53317,209.08627450980393,0,171,255,0.5781537988412191,106,106,192,0.013333333333333334,17,17,0.6643598615916955,62.78125,53.572916666666664,0.04729166666666667,0.005208333333333333,0.016805555555555556,0.012291666666666666,0.008958333333333334,1,62.24993904383217,52.765515689179814,6.757945852013881,4.232787169667698,0.7795481744761413,-135.50027246880876,0.6781379370815004,0.6781379370815004,0.012453813980531537,0,-0.04562500000000025,-657,0.06542536325612384,192.9090909090909,9.238797102481817,3.8352777777777773,0.1331981473505989
RHF_MPM_P27,1299,0.06495,64.95,0,255,3.6219444444444444,25.55434821876313,52156,204.53333333333333,0,160,255,0.5767362608503355,107,107,188,0.013055555555555556,17,16,0.6911764705882353,62.861702127659576,53.59574468085106,0.04729166666666667,0.004791666666666666,0.016458333333333332,0.011805555555555555,0.00875,1,62.322302323797835,52.84887644758034,6.8365779139157965,4.13406138441677,0.7964552510166221,-136.13138333693297,0.8986630863441615,0.8986630863441615,0.013497967635554874,-4,-0.08062499999999995,-1161,0.1103877725497691,193.27272727272728,8.955352986199818,3.804482323232323,0.13964533701163068
RHF_MPM_P27,1300,0.065,65.0,0,255,3.640763888888889,25.703529631698153,52427,205.59607843137255,0,165,255,0.5778384841962989,105,105,190,0.013194444444444444,17,16,0.6985294117647058,62.85263157894737,53.63157894736842,0.04770833333333333,0.005069444444444444,0.016319444444444445,0.011944444444444445,0.008819444444444444,1,62.398878440498216,52.93520514238846,6.74811142516764,4.23530804985896,0.7785128645677979,-136.97348886324804,0.8043226933737276,0.8043226933737276,0.011864115818185287,2,0.0188194444444445,271,0.11539733617456015,194.45454545454547,7.463409364281379,3.800492424242424,0.1435835250066183
RHF_MPM_P27,1301,0.06505,65.05,0,255,3.602777777777778,25.585385217510307,51880,203.45098039215685,0,163,255,0.5593029724368326,105,105,187,0.012986111111111111,17,16,0.6875,62.8716577540107,53.6951871657754,0.04569444444444445,0.004930555555555555,0.016458333333333332,0.011805555555555555,0.008680555555555556,1,62.41547802621434,53.06800308404009,6.690913514138086,4.022797469637577,0.7990738238089236,-136.88800299496597,0.6945594419811862,0.6945594419811862,0.010562837316885119,-3,-0.037986111111111054,-547,0.133831384782707,195.0909090909091,6.430814248664507,3.7971654040404044,0.14764484799097016
RHF_MPM_P27,1302,0.0651,65.1,0,255,3.6598611111111112,25.79743473428315,52702,206.67450980392158,0,168,255,0.56466091313471,106,106,190,0.013194444444444444,17,16,0.6985294117647058,62.810526315789474,53.65263157894737,0.04631944444444445,0.005208333333333333,0.016666666666666666,0.012083333333333333,0.008819444444444444,1,62.446150051231456,53.029960912299344,6.6644676246442645,4.218884655685715,0.7741178497118437,-137.97774885156682,0.5051965375378155,0.5051965375378155,0.010530909642897802,3,0.057083333333333375,822,0.04886696173697868,194.63636363636363,6.595766235351657,3.7819444444444446,0.15231111579944454
RHF_MPM_P27,1303,0.06515,65.15,0,255,3.6814583333333335,25.85804443035383,53013,207.89411764705883,0,168,255,0.5682821983786696,108,108,188,0.013055555555555556,17,16,0.6911764705882353,62.888297872340424,53.670212765957444,0.04645833333333333,0.005,0.01659722222222222,0.012222222222222223,0.008819444444444444,1,62.39124365721615,52.9953596287703,6.772000449435301,4.024197787400604,0.8042873107452463,-137.3768465749604,0.5997354596663241,0.5997354596663241,0.010148454152754985,-2,0.021597222222222268,311,0.06489962192201945,192.8181818181818,5.288378026272359,3.7466161616161617,0.12378056669859482
RHF_MPM_P27,1304,0.0652,65.2,0,255,3.6727083333333335,25.872304575623325,52887,207.4,0,168,255,0.5659777990698124,105,105,190,0.013194444444444444,17,16,0.6985294117647058,62.87894736842105,53.705263157894734,0.04659722222222222,0.005277777777777778,0.016458333333333332,0.011944444444444445,0.009097222222222222,1,62.43345245523474,53.04218427969066,6.797663731049536,4.148325916258977,0.7922030474819436,-137.30440952169346,0.9572323749587153,0.9572323749587153,0.010947869986953315,2,-0.008750000000000036,-126,0.06304070561143464,191.63636363636363,4.227028340931879,3.720309343434343,0.10442990041031934
RHF_MPM_P27,1305,0.06525,65.25,0,255,3.8449305555555555,26.54693266693829,55367,217.12549019607843,0,184,255,0.5875545039145424,109,109,196,0.01361111111111111,18,17,0.6405228758169934,62.64795918367347,53.46938775510204,0.04847222222222222,0.005416666666666667,0.017152777777777777,0.012777777777777779,0.009444444444444445,1,62.333104556866004,52.94643018404465,6.762069216311747,4.203917028214091,0.7832626639391747,-137.68084741915146,0.5308251235327262,0.5308251235327262,0.011071576932107573,6,0.17222222222222205,2480,0.13870309131381153,191.8181818181818,4.3655298921974435,3.716824494949495,0.09945502494937009
RHF_MPM_P27,1306,0.0653,65.3,0,255,3.9047916666666667,26.556235495766295,56229,220.50588235294117,1,178,255,0.6045495587410907,109,109,196,0.01361111111111111,18,16,0.6805555555555556,62.62755102040816,53.51020408163265,0.050069444444444444,0.005416666666666667,0.017777777777777778,0.012777777777777779,0.009444444444444445,1,62.13336534528446,52.8247167831546,7.145097087628628,4.223013597455919,0.8066447704842465,-138.79581911059952,0.6083905429671161,0.6083905429671161,0.010812925714488966,0,0.05986111111111114,862,0.23390148481666242,191.1818181818182,2.979267201486171,3.712537878787879,0.08977368666821732
RHF_MPM_P27,1307,0.06535,65.35,0,255,3.887638888888889,26.334849903220526,55982,219.53725490196078,0,173,255,0.600565850665025,109,109,191,0.01326388888888889,17,17,0.6608996539792388,62.82198952879581,53.544502617801044,0.049305555555555554,0.005208333333333333,0.017708333333333333,0.012430555555555556,0.009097222222222222,1,62.10916008717088,52.71669465185238,7.159441477614708,4.080168215712879,0.8217138122173575,-137.15729227885603,0.6023981039821781,0.6023981039821781,0.013522203565431747,-5,-0.017152777777777573,-247,0.11070083726611717,190.9090909090909,2.8429992311112526,3.7243308080808077,0.10256872966353014
RHF_MPM_P27,1308,0.0654,65.4,0,255,3.825763888888889,26.149062339250886,55091,216.04313725490195,1,174,255,0.6182139600245332,107,107,189,0.013125,17,17,0.6539792387543253,62.77248677248677,53.67195767195767,0.051319444444444445,0.005277777777777778,0.017222222222222222,0.012291666666666666,0.008958333333333334,1,62.107948666751376,52.77825779165381,7.339950024675785,4.274489398399721,0.8129313925163406,-137.38491693776294,0.9182416581082746,0.9182416581082746,0.014648490679058285,-2,-0.061875000000000124,-891,0.06157505762598228,190.63636363636363,2.8690425160108184,3.7313825757575754,0.10655599569043424
RHF_MPM_P27,1309,0.06545,65.45,0,255,3.8405555555555555,26.303490362438854,55304,216.87843137254902,1,179,255,0.6121783904312719,108,108,195,0.013541666666666667,18,17,0.6372549019607843,62.64102564102564,53.51282051282051,0.050763888888888886,0.005277777777777778,0.017222222222222222,0.012430555555555556,0.009166666666666667,1,62.16969839432952,52.90593808766093,7.15172170902751,4.142192216836499,0.8151939200285876,-137.512802973805,0.9206590680090909,0.9206590680090909,0.012241429191378562,6,0.014791666666666536,213,0.14182837108435406,190.9090909090909,3.1175323999058633,3.743926767676767,0.11047566622865616
RHF_MPM_P27,1310,0.0655,65.5,0,255,3.8739583333333334,26.46449958903935,55785,218.76470588235293,1,182,255,0.6085056552760781,109,109,195,0.013541666666666667,18,16,0.6770833333333334,62.666666666666664,53.58974358974359,0.050347222222222224,0.005277777777777778,0.017430555555555557,0.012361111111111111,0.009236111111111112,1,62.15651160706283,52.90461593618356,7.12906040964371,4.124835383693666,0.8156153293868419,-138.3285957460034,0.9184382144341373,0.9184382144341373,0.01113202473783275,0,0.03340277777777789,481,0.013252903189341124,191.54545454545453,3.1727142484754816,3.7668371212121206,0.10892382438742092
RHF_MPM_P27,1311,0.06555,65.55,0,255,3.883263888888889,26.54263180688604,55919,219.29019607843136,0,182,255,0.594330634353246,109,109,195,0.013541666666666667,17,17,0.6747404844290658,62.794871794871796,53.764102564102565,0.04895833333333333,0.005486111111111111,0.017291666666666667,0.012430555555555556,0.009375,1,62.279386255119014,53.03953933367907,6.889946436139815,4.24419289909404,0.7877477529198061,-137.9675412153281,0.43729279282641603,0.43729279282641603,0.012625404603086608,0,0.009305555555555678,134,0.18248973211296793,192.0,3.2752515517548764,3.788882575757576,0.1056680498314322
RHF_MPM_P27,1312,0.0656,65.6,0,255,4.008194444444444,27.20658242586755,57718,226.34509803921569,0,201,255,0.5858778133238275,108,108,206,0.014305555555555556,17,17,0.71280276816609,62.771844660194176,54.11165048543689,0.04826388888888889,0.005902777777777778,0.018194444444444444,0.013125,0.010069444444444445,1,62.27388336394193,53.370265774974875,6.658081298049511,3.8131150960570324,0.8197616823585915,-138.88605714799286,0.625501765872018,0.625501765872018,0.012786305831802904,11,0.12493055555555532,1799,0.33077221888104874,193.72727272727272,4.825894341813454,3.8257386363636368,0.1050297546522411
RHF_MPM_P27,1313,0.06565,65.65,0,11,0.019791666666666666,0.3453419576424697,285,25.90909090909091,0,0,7,0.0581133415893466,3,8,9,0.000625,32,101,0.0027846534653465345,95.44444444444444,49.77777777777778,0.004722222222222222,0.0,0.0,0.0,0.0,0,87.48771929824561,54.126315789473686,33.88966757947476,22.390272996513264,0.750666429704639,107.363748506671,0.11394533225613111,0.11394533225613111,0.0,-197,-3.9884027777777775,-57433,25.225168664379773,177.27272727272728,53.41789095780706,3.494823232323233,1.1026623020013298
RHF_MPM_P27,1314,0.0657,65.7,0,255,3.3130555555555556,22.462983046119387,47708,187.09019607843138,8,99,255,0.7716780988725386,106,106,140,0.009722222222222222,14,13,0.7692307692307693,66.81428571428572,57.357142857142854,0.06708333333333333,0.003125,0.01326388888888889,0.008402777777777778,0.006319444444444444,1,69.7694935859814,59.19273497107403,9.079288061469967,5.6806056838989765,0.7800907173242514,-140.82560267733206,-0.6058282257713278,0.6058282257713278,0.027102372767669993,131,3.2932638888888888,47423,18.428351139329546,172.9090909090909,54.3163369789414,3.461332070707071,1.1020796153892487
RHF_MPM_P27,1315,0.06575,65.75,0,255,5.3625694444444445,26.955621997773385,77221,302.82745098039214,25,165,255,1.1703782293000702,102,102,214,0.014861111111111111,23,22,0.42292490118577075,69.91121495327103,60.6822429906542,0.10618055555555556,0.005138888888888889,0.022152777777777778,0.012569444444444444,0.008194444444444445,1,77.62655236269927,66.20805221377604,18.443272881932362,4.756117670577187,0.9661774389508789,-141.5464260774512,-1.0875963047323112,1.0875963047323112,0.014853472501003613,74,2.049513888888889,29513,10.533187961702364,175.0909090909091,55.42965164054105,3.614955808080808,1.2310673533226129
RHF_MPM_P27,1316,0.0658,65.8,0,255,6.218055555555556,29.80916072092273,89540,351.1372549019608,29,208,255,1.1881256681517787,101,101,267,0.018541666666666668,38,34,0.206656346749226,71.65543071161049,62.449438202247194,0.10652777777777778,0.006666666666666667,0.029791666666666668,0.014444444444444444,0.010416666666666666,1,77.9299195890105,67.39085324994416,18.49941621356884,4.5229573441507425,0.9696513356931007,-138.7216284791554,-0.9514229249157201,0.9514229249157201,0.01664060754969846,53,0.8554861111111114,12319,1.221085568320309,181.54545454545453,61.310482028863305,3.830694444444445,1.4422854424328435
RHF_MPM_P27,1317,0.06585,65.85,0,255,6.014513888888889,30.551622941294447,86609,339.64313725490194,26,231,255,1.0566459899664047,109,109,253,0.017569444444444443,21,21,0.5736961451247166,70.0592885375494,60.99604743083004,0.09284722222222222,0.0075,0.025972222222222223,0.015902777777777776,0.011875,1,76.71848191296516,66.44520777286425,19.653805796046885,4.164267630427643,0.977295477511948,-138.35406046174506,-1.4988003915216461,1.4988003915216461,0.008151577780600168,-14,-0.20354166666666718,-2931,1.5368235459101374,186.72727272727272,64.6319522852153,4.022487373737374,1.5736757039893157
RHF_MPM_P27,1318,0.0659,65.9,0,255,5.620972222222222,31.38943477862337,80942,317.41960784313727,16,243,255,0.8410913576358061,106,106,287,0.019930555555555556,22,22,0.5929752066115702,70.4773519163763,61.10452961672474,0.07208333333333333,0.008263888888888888,0.025416666666666667,0.017777777777777778,0.012916666666666667,1,71.8403177583949,62.14465913864248,9.775202271015113,4.418968801481699,0.891988005247398,-137.85069204289235,-0.8353666790520636,0.8353666790520636,0.020298485335178276,34,-0.3935416666666667,-5667,6.503168771778945,195.45454545454547,70.80621908531076,4.1800631313131325,1.6377602726791614
RHF_MPM_P27,1319,0.06595,65.95,0,255,6.097847222222223,32.83298977534288,87809,344.34901960784316,17,249,255,0.8952785085836378,106,106,314,0.021805555555555557,23,23,0.5935727788279773,71.24203821656052,61.859872611464965,0.07708333333333334,0.008611111111111111,0.02736111111111111,0.019791666666666666,0.014375,1,72.46440569873248,62.65747246865355,9.888091198079351,4.468072568003029,0.8920868309241347,-137.5537882574862,-0.9536411693739075,0.9536411693739075,0.01974740630231525,27,0.4768750000000006,6867,0.8077519846536056,206.8181818181818,78.47387310647142,4.386616161616161,1.7212022222057979
RHF_MPM_P27,1320,0.066,66.0,0,255,6.377291666666666,33.385795356016594,91833,360.1294117647059,18,250,255,0.946455125434303,106,106,330,0.022916666666666665,25,23,0.5739130434782609,71.7060606060606,62.31818181818182,0.08256944444444445,0.008958333333333334,0.028888888888888888,0.02034722222222222,0.014513888888888889,1,72.85096860605664,63.02968431827339,10.21228782610993,4.5161140638746655,0.8969048676105107,-137.76388659984877,-0.9156968927663636,0.9156968927663636,0.015647969684100486,16,0.2794444444444437,4024,0.5366307318038442,219.0909090909091,85.87353761671821,4.617228535353535,1.8006946142524631
RHF_MPM_P27,1321,0.06605,66.05,0,255,6.460555555555556,33.31828368132332,93032,364.8313725490196,22,250,255,0.9766491826276001,108,108,314,0.021805555555555557,25,23,0.5460869565217391,71.58917197452229,62.20063694267516,0.085,0.00875,0.029444444444444443,0.02,0.014652777777777778,1,73.3116454553272,63.436333734628946,10.891802708643155,4.493843907871665,0.9109170481238136,-137.23997288784244,-0.88231796940688,0.88231796940688,0.011447673918651646,-16,0.08326388888888925,1199,0.614481006440525,229.9090909090909,89.5731844465788,4.852373737373737,1.856308409319359
RHF_MPM_P27,1322,0.0661,66.1,0,255,6.317152777777777,32.780406329323434,90967,356.73333333333335,23,250,255,0.9992470651587037,109,109,297,0.020625,23,21,0.6149068322981367,70.68013468013469,61.1986531986532,0.08791666666666667,0.008888888888888889,0.026180555555555554,0.019166666666666665,0.014513888888888889,1,73.25371838139105,63.34168434707092,11.667624485828034,4.547625702018672,0.9209145686127643,-137.72301556990544,-1.04104503492812,1.04104503492812,0.017412907977618255,-17,-0.1434027777777782,-2065,0.11096870036146762,239.1818181818182,90.75122657004114,5.073636363636364,1.8725909398185845
RHF_MPM_P27,1323,0.06615,66.15,0,255,6.3375,32.84570172073932,91260,357.88235294117646,24,251,255,1.0339953292853674,111,111,297,0.020625,22,21,0.6428571428571429,70.5050505050505,61.08080808080808,0.09284722222222222,0.009166666666666667,0.026319444444444444,0.01902777777777778,0.014652777777777778,1,73.3588319088319,63.43655489809336,12.2075439007119,4.587267219840172,0.9267116812025668,-137.8201308141137,-1.3763788236915422,1.3763788236915422,0.024786324786324785,0,0.02034722222222296,293,0.14159546285937513,247.45454545454547,91.49402726294971,5.285391414141414,1.8718369125586896
RHF_MPM_P27,1324,0.0662,66.2,0,255,6.513055555555556,33.10361421351019,93788,367.79607843137256,23,252,255,1.074719777498264,109,109,309,0.021458333333333333,23,22,0.6106719367588933,70.94174757281553,61.349514563106794,0.09666666666666666,0.009236111111111112,0.02763888888888889,0.019583333333333335,0.014652777777777778,1,73.79223354800187,63.63660596238325,12.493502010611033,4.613339952840984,0.9293264652242283,-138.38289955319325,-1.3161851667758784,1.3161851667758784,0.026048108500021323,12,0.17555555555555546,2528,0.4773441202725087,274.72727272727275,52.939229154485,5.875688131313131,0.878489089576631
RHF_MPM_P27,1325,0.06625,66.25,0,255,6.432083333333333,32.65115445625757,92622,363.22352941176473,23,250,255,1.0864761938177636,108,108,302,0.020972222222222222,23,22,0.5968379446640316,71.0,61.3046357615894,0.09784722222222222,0.008888888888888889,0.02736111111111111,0.01902777777777778,0.014097222222222223,1,74.18788192869944,63.89237978018181,13.165303854230917,4.439162965553601,0.941437864148085,-138.30061512764658,-1.277173771351339,1.277173771351339,0.026397616117121204,-7,-0.08097222222222289,-1166,0.47112406754469466,289.45454545454544,31.672654211375917,6.1592361111111105,0.34997009777868965
RHF_MPM_P27,1326,0.0663,66.3,0,255,6.226111111111111,31.97076983379399,89656,351.59215686274507,22,250,255,1.1017698266744893,109,109,284,0.01972222222222222,23,20,0.6173913043478261,70.36971830985915,60.70070422535211,0.10027777777777777,0.008472222222222223,0.026319444444444444,0.017777777777777778,0.013402777777777777,1,74.09733871687338,63.70942268225216,13.693796175122861,4.500777561239992,0.9444438720831481,-138.60416953662758,-1.4761172269859681,1.4761172269859681,0.028587043811903273,-18,-0.205972222222222,-2966,0.20413567275373232,295.8181818181818,21.16093391055655,6.2377398989899,0.24295023036046046
RHF_MPM_P27,1327,0.06635,66.35,0,255,6.064722222222223,31.562307951988764,87332,342.47843137254904,20,247,255,1.0802636716091802,108,108,280,0.019444444444444445,22,20,0.6363636363636364,70.24285714285715,60.575,0.09826388888888889,0.008402777777777778,0.025555555555555557,0.017638888888888888,0.013194444444444444,1,73.982560802455,63.63537992946457,13.966600107297177,4.391756365595507,0.9492750104116159,-138.60508198640838,-1.54935464521892,1.54935464521892,0.028935556268034627,-4,-0.16138888888888836,-2324,0.13658806272364335,297.0,19.840271259142693,6.223800505050504,0.24802551703668757
RHF_MPM_P27,1328,0.0664,66.4,0,255,5.788958333333333,30.901637906490002,83361,326.90588235294115,19,243,255,1.0507763491733986,107,107,268,0.01861111111111111,21,19,0.6716791979949874,69.84701492537313,60.19402985074627,0.09520833333333334,0.008125,0.024444444444444446,0.016666666666666666,0.012777777777777779,1,73.5646765273929,63.23435419440746,13.639041735525261,4.381112955122789,0.9470050977296878,-138.82315374682045,-1.64558124967126,1.64558124967126,0.028130660620673938,-12,-0.27576388888888914,-3971,0.5791795123467914,298.3636363636364,17.094777125153687,6.203295454545454,0.27258777179527516
RHF_MPM_P27,1329,0.06645,66.45,0,255,5.626388888888889,30.616242480528914,81020,317.72549019607845,19,240,255,1.0236275784593607,109,109,262,0.018194444444444444,21,19,0.656641604010025,69.72519083969466,60.08015267175573,0.09298611111111112,0.00798611111111111,0.023541666666666666,0.016319444444444445,0.0125,1,73.27240187607998,62.93817575907183,13.238471842958019,4.439536185492869,0.9420932199823928,-139.18779797523882,-1.7215152252994934,1.7215152252994934,0.02854850654159467,-6,-0.16256944444444432,-2341,0.4161083240671236,296.09090909090907,19.88811680583772,6.203787878787878,0.2715382440755126
RHF_MPM_P27,1330,0.0665,66.5,0,255,5.511111111111111,30.56734166628184,79360,311.2156862745098,17,241,255,0.9862063193524746,109,109,260,0.018055555555555554,21,19,0.6516290726817042,69.6423076923077,60.011538461538464,0.08902777777777778,0.008055555555555555,0.022916666666666665,0.01638888888888889,0.0125,1,72.84676159274194,62.52482358870968,12.462149553981643,4.47800988298183,0.9332110032998381,-139.68093747496056,-1.70154589978383,1.70154589978383,0.029548891129032258,-2,-0.11527777777777803,-1660,0.5933208807577814,291.1818181818182,21.4637884558163,6.150448232323232,0.3368766408943141
RHF_MPM_P27,1331,0.06655,66.55,0,255,5.27375,30.09295884502903,75942,297.81176470588235,15,238,255,0.9353421650183917,108,108,253,0.017569444444444443,21,18,0.6693121693121693,69.4703557312253,59.92490118577075,0.08423611111111111,0.0077083333333333335,0.022291666666666668,0.01576388888888889,0.012222222222222223,1,72.39809328171499,62.194003318321876,11.821459073532614,4.405311557615744,0.927970447198381,-139.57313899540029,-1.7145749852196446,1.7145749852196446,0.028653446050933607,-7,-0.23736111111111136,-3418,0.5574453377858991,284.1818181818182,20.180180113702843,6.050126262626262,0.4106288919775576
RHF_MPM_P27,1332,0.0666,66.6,0,255,5.1004861111111115,29.754448309591293,73447,288.02745098039213,15,233,255,0.8892254734437423,108,108,244,0.016944444444444446,21,18,0.6455026455026455,69.43852459016394,59.950819672131146,0.07895833333333334,0.007361111111111111,0.021597222222222223,0.015555555555555555,0.011944444444444445,1,72.11901098751481,62.015739240540796,11.509557877395146,4.293870505977661,0.9278032072557051,-139.72557645241162,-1.637892081057216,1.637892081057216,0.028101896605715687,-9,-0.17326388888888822,-2495,0.33115707506132863,277.8181818181818,20.801303201387,5.926483585858586,0.4690394965311484
RHF_MPM_P27,1333,0.06665,66.65,0,255,4.871388888888889,29.14212039993523,70148,275.09019607843135,14,226,255,0.8351387625922401,108,108,239,0.01659722222222222,21,18,0.6322751322751323,69.30543933054393,59.88284518828452,0.07368055555555555,0.007083333333333333,0.020902777777777777,0.015,0.01125,1,71.74804698637168,61.78220334150653,10.99895478011013,4.09807777689305,0.9279968941521053,-140.02942076433038,-1.64629991598313,1.64629991598313,0.02671494554370759,-5,-0.22909722222222229,-3299,0.43835294715772966,272.54545454545456,22.548386906076356,5.795050505050504,0.5385637248012
RHF_MPM_P27,1334,0.0667,66.7,0,255,4.756111111111111,28.816208139573288,68488,268.58039215686273,13,221,255,0.8223381046371077,107,107,235,0.016319444444444445,20,18,0.6527777777777778,69.23829787234042,59.83404255319149,0.07222222222222222,0.006805555555555555,0.02034722222222222,0.014722222222222222,0.011111111111111112,1,71.52870575867306,61.62308725616166,10.539894873850026,4.093326016559032,0.9215056405957884,-140.22105405697724,-1.5797848850737164,1.5797848850737164,0.0269244247167387,-4,-0.11527777777777803,-1660,0.27097694142456874,266.90909090909093,23.461591612500108,5.651287878787879,0.5837464216194126
RHF_MPM_P27,1335,0.06675,66.75,0,255,4.655,28.576753421463245,67032,262.8705882352941,12,218,255,0.796490185474807,109,109,229,0.015902777777777776,20,18,0.6361111111111111,69.07860262008734,59.93886462882096,0.06951388888888889,0.006597222222222222,0.020416666666666666,0.014513888888888889,0.010833333333333334,1,71.29885726220313,61.49810538250388,10.20690260653626,4.1872286940261185,0.911979848743963,-139.52558800285522,-1.6294023002668014,1.6294023002668014,0.028896646377849385,-6,-0.10111111111111093,-1456,0.2616310380526277,259.6363636363636,21.61343322722627,5.482373737373737,0.5787488764662024
RHF_MPM_P27,1336,0.0668,66.8,0,255,4.591111111111111,28.44187843243537,66112,259.2627450980392,12,218,255,0.7725701170361691,109,109,226,0.015694444444444445,20,18,0.6277777777777778,69.10619469026548,59.9070796460177,0.06722222222222222,0.006597222222222222,0.020069444444444445,0.014513888888888889,0.010972222222222222,1,71.07266456921587,61.365531219748306,9.934974970689467,4.068684135071954,0.9122960256874142,-139.16145955721623,-1.4216159927482461,1.4216159927482461,0.02796769119070668,-3,-0.0638888888888891,-920,0.26218131701394715,252.72727272727272,18.950130290225683,5.315012626262626,0.5451227116062802
RHF_MPM_P27,1337,0.06685,66.85,0,255,4.559652777777778,28.357977956270535,65659,257.48627450980393,11,217,255,0.7666865589781625,109,109,225,0.015625,20,18,0.625,68.97777777777777,59.89333333333333,0.06631944444444444,0.006458333333333333,0.019930555555555556,0.014444444444444444,0.010763888888888889,1,70.88853013295969,61.31263040862639,9.780173137439128,3.9432342772668543,0.9151178093252919,-139.49747593942794,-1.2994504162437528,1.2994504162437528,0.025678124857216832,-1,-0.031458333333333144,-453,0.19158284482891566,247.36363636363637,17.644328098558663,5.163516414141415,0.5006134785759315
RHF_MPM_P27,1338,0.0669,66.9,0,255,4.4425,28.06076045090962,63972,250.87058823529412,10,211,255,0.746284538588071,109,109,219,0.015208333333333334,20,18,0.6083333333333333,68.85844748858447,59.89497716894977,0.06444444444444444,0.00625,0.019305555555555555,0.014166666666666666,0.010555555555555556,1,70.66252422935034,61.19921215531795,9.474575330293634,3.996549729543983,0.9066803625815378,-138.94919385245947,-1.2440405881482766,1.2440405881482766,0.024745201025448634,-6,-0.1171527777777781,-1687,0.25286828320256977,241.8181818181818,16.02735265281984,5.016041666666667,0.44976846089995487
RHF_MPM_P27,1339,0.06695,66.95,0,255,4.410138888888889,27.933574133461665,63506,249.04313725490195,9,208,255,0.7372510234021561,108,108,220,0.015277777777777777,20,19,0.5789473684210527,68.83636363636364,59.945454545454545,0.06319444444444444,0.0061805555555555555,0.019305555555555555,0.014097222222222223,0.010486111111111111,1,70.58614934021982,61.12540547349857,9.1954404980083,4.115328552359271,0.8942638537758469,-138.85137739874588,-1.3528959769978435,1.3528959769978435,0.02387176014864737,1,-0.032361111111111285,-466,0.10620993348499486,237.45454545454547,14.791666181662974,4.890694444444445,0.4069951047085628
RHF_MPM_P27,1340,0.067,67.0,0,255,4.321111111111111,27.640247403798863,62224,244.01568627450982,8,203,255,0.7397283660367466,106,106,218,0.01513888888888889,19,18,0.6374269005847953,68.63761467889908,59.678899082568805,0.06375,0.0060416666666666665,0.018958333333333334,0.01361111111111111,0.010069444444444445,1,70.37572319362305,60.91413281049113,9.140860060448286,4.264544453970918,0.8845019703609068,-138.68964617689787,-1.1424516666815627,1.1424516666815627,0.023881460529699153,-2,-0.08902777777777793,-1282,0.2981866886797935,233.45454545454547,13.506655843180269,4.772032828282828,0.36311626677938996
RHF_MPM_P27,1341,0.06705,67.05,0,255,4.241805555555556,27.46772605291066,61082,239.53725490196078,7,198,255,0.702341159769018,107,107,216,0.015,19,18,0.631578947368421,68.5324074074074,59.56481481481482,0.059930555555555556,0.005833333333333334,0.01875,0.013333333333333334,0.01,1,70.21404014275892,60.83882322124357,8.943126279010567,4.068262620270004,0.8905405564521863,-137.5599581018047,-1.436086937509065,1.436086937509065,0.02524475295504404,-2,-0.07930555555555507,-1142,0.1783618321541022,229.45454545454547,11.404653247796679,4.656641414141414,0.3073086906383017
RHF_MPM_P27,1342,0.0671,67.1,0,255,4.18875,27.46474884270846,60318,236.54117647058823,5,206,255,0.6958407413717498,107,107,214,0.014861111111111111,19,18,0.6257309941520468,68.58411214953271,59.44392523364486,0.059722222222222225,0.0059722222222222225,0.018472222222222223,0.01361111111111111,0.010208333333333333,1,69.99046719055671,60.49045061175769,8.634235909941633,4.217283959896234,0.8725989234870956,-137.9391299765937,-1.121169113500525,1.121169113500525,0.02340926423289897,-2,-0.053055555555555856,-764,0.4139424356071918,225.9090909090909,9.42390138718418,4.5580050505050504,0.264558613354655
RHF_MPM_P27,1343,0.06715,67.15,0,255,4.2195833333333335,27.756848100839107,60762,238.28235294117647,4,213,255,0.6808430516941307,107,107,220,0.015277777777777777,19,18,0.6432748538011696,68.67272727272727,59.47727272727273,0.058263888888888886,0.006319444444444444,0.018541666666666668,0.01375,0.010347222222222223,1,69.80716566274974,60.2410388071492,8.133555298036931,4.433995451787805,0.838339498915334,-137.66122613303904,-1.103633721787281,1.103633721787281,0.020604983377769,6,0.030833333333333712,444,0.3095249559800185,223.72727272727272,7.580967905232504,4.47792297979798,0.217339888382363
RHF_MPM_P27,1344,0.0672,67.2,0,255,4.264513888888889,27.961679465184062,61409,240.81960784313725,4,214,255,0.6763704691370989,106,106,221,0.015347222222222222,19,18,0.6461988304093568,68.67873303167421,59.39819004524887,0.057708333333333334,0.006319444444444444,0.018680555555555554,0.013958333333333333,0.010555555555555556,1,69.8098324349851,60.22335488283476,7.9530844468421815,4.335487133742558,0.8383497113420325,-137.76099890636658,-1.1605488494250282,1.1605488494250282,0.019085150385122703,1,0.04493055555555525,647,0.01788387131786957,222.0909090909091,5.853585466183726,4.422752525252525,0.18509195423952593
RHF_MPM_P27,1345,0.06725,67.25,0,255,4.260486111111111,27.992826358577545,61351,240.5921568627451,4,215,255,0.6672844816792516,107,107,219,0.015208333333333334,18,18,0.6759259259259259,68.59817351598174,59.36986301369863,0.05652777777777778,0.006319444444444444,0.018680555555555554,0.013958333333333333,0.010625,1,69.66262978598556,60.10880018255611,7.752659090559481,4.228271525268444,0.8381783128252297,-137.7831188592763,-0.5685771620654159,0.5685771620654159,0.016658245179377678,-2,-0.004027777777777963,-58,0.18652452714968443,220.63636363636363,4.22702834093188,4.377695707070707,0.156588779247251
RHF_MPM_P27,1346,0.0673,67.3,0,255,4.254027777777778,27.99986702149585,61258,240.22745098039215,3,211,255,0.6596317748752267,105,105,218,0.01513888888888889,18,18,0.6728395061728395,68.64220183486239,59.34862385321101,0.05569444444444444,0.00625,0.019097222222222224,0.014166666666666666,0.010833333333333334,1,69.58473995233275,60.03945607104378,7.554088768955125,4.2243091029077915,0.8290271904383462,-138.31024844501547,-0.6027601591935362,0.6027601591935362,0.01529596134382448,-1,-0.006458333333332789,-93,0.10428533927593032,219.63636363636363,3.3377381364883307,4.341243686868687,0.13263084173109266
RHF_MPM_P27,1347,0.06735,67.35,0,255,4.152222222222222,27.617743301394636,59792,234.478431372549,2,201,255,0.6356587840427402,108,108,218,0.01513888888888889,18,18,0.6728395061728395,68.35321100917432,59.26146788990825,0.05319444444444445,0.005902777777777778,0.01875,0.013819444444444445,0.010138888888888888,1,69.24891289804656,59.83302113995183,7.265932133756886,4.329938202130562,0.8030413620382194,-138.36113205641232,-0.7440803617078461,0.7440803617078461,0.015219427348140219,0,-0.10180555555555593,-1466,0.39420196748048186,218.9090909090909,2.6783490659374976,4.3013446969696965,0.11649600188858375
RHF_MPM_P27,1348,0.0674,67.4,0,255,4.094166666666666,27.579758466733047,58956,231.2,1,205,255,0.6105846801301715,109,109,209,0.014513888888888889,17,17,0.7231833910034602,67.95693779904306,58.97129186602871,0.050833333333333335,0.00625,0.01840277777777778,0.01361111111111111,0.010208333333333333,1,68.90419974218061,59.608131487889274,6.9505097699409255,3.9189422275610544,0.8258873053069784,-138.33334855177785,-1.138166204519174,1.138166204519174,0.016469909763213244,-9,-0.05805555555555575,-836,0.4115853683403707,217.45454545454547,3.257540521303439,4.259027777777778,0.09806595021019532
RHF_MPM_P27,1349,0.06745,67.45,0,13,0.023194444444444445,0.3887527291397197,334,25.692307692307693,0,0,7,0.06525313212135933,3,8,13,0.0009027777777777777,93,107,0.0013064013666968144,86.76923076923077,64.46153846153847,0.005347222222222222,0.0,0.0,0.0,0.0,0,84.50299401197604,61.71556886227545,30.445025665979422,27.814129315633604,0.40664703989808265,108.23844667904524,-0.23371787961920976,0.23371787961920976,0.0,-196,-4.070972222222222,-58622,15.740510632071711,198.72727272727272,58.82035966180249,3.8572727272727265,1.2150170175118782
RHF_MPM_P27,1350,0.0675,67.5,0,255,3.0581944444444447,22.369707991586708,44038,172.69803921568626,2,104,255,0.654738508735675,107,107,141,0.009791666666666667,13,15,0.7230769230769231,64.45390070921985,55.00709219858156,0.05569444444444444,0.0031944444444444446,0.012638888888888889,0.008819444444444444,0.006597222222222222,1,64.53183614151415,54.49952313910713,7.155583007889827,5.134191953008654,0.6965497022995486,86.1374501820908,-1.088098170547137,1.088098170547137,0.019392342976520278,128,3.035,43704,21.23484077090685,191.54545454545453,60.58107060544968,3.7343686868686863,1.2212376567192975
RHF_MPM_P27,1351,0.06755,67.55,0,255,5.012569444444445,26.971184114988755,72181,283.0627450980392,21,175,255,1.0697352817043668,102,102,219,0.015208333333333334,19,26,0.4433198380566802,61.50684931506849,51.12785388127854,0.09701388888888889,0.005347222222222222,0.02034722222222222,0.012777777777777779,0.008888888888888889,1,60.39991133400756,47.45250135077098,15.11276467983058,4.960535706557198,0.9445961560725772,75.26066895341084,-0.295032103509164,0.295032103509164,0.03007716712154168,78,1.9543750000000002,28143,8.169046376424411,191.63636363636363,60.62143744325064,3.7972285353535344,1.266767579108198
RHF_MPM_P27,1352,0.0676,67.6,0,255,6.224930555555556,30.536254010977757,89639,351.5254901960784,27,225,255,1.0960932599419402,99,99,294,0.020416666666666666,25,39,0.30153846153846153,59.17006802721088,48.006802721088434,0.09645833333333333,0.007222222222222222,0.03111111111111111,0.014930555555555556,0.01125,1,57.22319526099131,43.719552873191354,16.87313916442933,4.534933550987939,0.9632053781692315,62.861213463519775,-0.7196500528469442,0.7196500528469442,0.006258436617989937,75,1.212361111111111,17458,4.901676177066763,198.72727272727272,67.2554031747513,3.9775126262626257,1.4456915167770772
RHF_MPM_P27,1353,0.06765,67.65,0,255,6.1634722222222225,30.2516633913521,88754,348.0549019607843,34,229,255,1.0797656769199395,108,108,247,0.017152777777777777,20,20,0.6175,61.10526315789474,51.88663967611336,0.09479166666666666,0.007222222222222222,0.026180555555555554,0.015069444444444444,0.011597222222222222,1,56.50399981972644,43.56081979403745,18.04768949711823,4.7067946048712175,0.9653934935702481,59.99192562849109,-1.0567068061474867,1.0567068061474867,0.005667350203934471,-47,-0.06145833333333339,-885,0.7365040890272467,201.72727272727272,68.59246037163786,4.157032828282828,1.5773844626564724
RHF_MPM_P27,1354,0.0677,67.7,0,255,5.958263888888889,31.788028315832054,85799,336.46666666666664,20,246,255,0.9725384413966923,108,108,286,0.01986111111111111,22,21,0.6190476190476191,60.31118881118881,51.11538461538461,0.08548611111111111,0.008194444444444445,0.025277777777777777,0.018125,0.013333333333333334,1,58.01195818133078,47.43472534644926,15.233940259749598,4.7074808399421855,0.9510579152663,54.30702819523705,-1.9632455266707143,1.9632455266707143,0.05370691966106831,39,-0.20520833333333321,-2955,4.157052158602239,207.72727272727272,72.69249168316792,4.315094696969696,1.6606477609020758
RHF_MPM_P27,1355,0.06775,67.75,0,255,6.324722222222222,33.827390281488945,91076,357.1607843137255,17,254,255,0.8862721500508186,107,107,332,0.023055555555555555,23,23,0.6275992438563327,59.59036144578313,50.29819277108434,0.07694444444444444,0.009583333333333333,0.028888888888888888,0.020972222222222222,0.015347222222222222,1,59.34645790328956,49.50508366638851,9.079922585867719,5.045998420437324,0.8313618770855362,50.75721199275837,-0.5856463256313942,0.5856463256313942,0.01472396679696078,46,0.3664583333333331,5277,2.46318352561268,217.8181818181818,81.05757570093246,4.502386363636363,1.7577218045308687
RHF_MPM_P27,1356,0.0678,67.8,0,255,6.605763888888889,34.18435001900767,95123,373.03137254901964,19,253,255,0.9717713162165043,107,107,339,0.023541666666666666,26,24,0.5432692307692307,58.9646017699115,50.13569321533923,0.08493055555555555,0.009444444444444445,0.030347222222222223,0.021597222222222223,0.015694444444444445,1,58.82032736562135,49.047527937512484,9.701946913341573,5.822520876061074,0.7998954096261722,49.95269398094267,-0.5497946763080901,0.5497946763080901,0.012457554955163316,7,0.28104166666666686,4047,0.6972593403421052,228.72727272727272,88.23943759514471,4.715593434343433,1.854995634396408
RHF_MPM_P27,1357,0.06785,67.85,0,255,6.832569444444444,34.53640724427485,98389,385.8392156862745,22,253,255,1.0084024900002395,107,107,348,0.024166666666666666,27,25,0.5155555555555555,58.6551724137931,49.73275862068966,0.08791666666666667,0.009375,0.03201388888888889,0.021875,0.01576388888888889,1,58.144975556210554,48.66773724704998,10.411499796524117,5.494888344251103,0.8493866623028268,-136.07026665081065,0.5473921613905404,0.5473921613905404,0.007256908800780575,9,0.22680555555555504,3266,0.7748167751387598,240.54545454545453,94.49517894038408,4.950006313131312,1.9427065945313498
RHF_MPM_P27,1358,0.0679,67.9,0,255,6.5875,33.4144240207562,94860,372.0,24,251,255,0.997140427557887,107,107,321,0.022291666666666668,25,25,0.5136,59.258566978193144,50.46105919003115,0.08645833333333333,0.008888888888888889,0.03111111111111111,0.01986111111111111,0.014375,1,57.782553236348306,48.581815306767865,11.279894495274515,4.8314593375219586,0.9036248149417215,-137.07946335158127,0.7526911054493004,0.7526911054493004,0.008328062407758803,-27,-0.2450694444444439,-3529,0.37246814327694666,249.9090909090909,96.87053642076253,5.171395202020201,1.9776243947602816
RHF_MPM_P27,1359,0.06795,67.95,0,255,6.311388888888889,32.48733271538118,90884,356.40784313725493,23,248,255,1.0250530763539425,107,107,302,0.020972222222222222,25,22,0.5490909090909091,60.0,51.17218543046358,0.09034722222222222,0.00875,0.028125,0.01888888888888889,0.01375,1,57.884038994762555,48.752673737951675,11.902392064037691,4.809238518742889,0.9147340429157316,-137.4775679467391,0.9955007044330088,0.9955007044330088,0.015756348752255622,-19,-0.27611111111111164,-3976,0.19872584801053908,258.3636363636364,96.98947714925548,5.372960858585858,1.970538208667576
RHF_MPM_P27,1360,0.068,68.0,0,255,6.054305555555556,31.675686799814912,87182,341.89019607843136,22,244,255,1.0366251616044586,109,109,279,0.019375,24,21,0.5535714285714286,60.598566308243726,51.587813620071685,0.09236111111111112,0.007916666666666667,0.026041666666666668,0.017916666666666668,0.013125,1,58.08204675277007,48.932233717969304,12.478688905391444,4.754722653228062,0.9245637372918482,-137.54045832451203,1.226935735474742,1.226935735474742,0.02315845013879012,-23,-0.2570833333333331,-3702,0.26729919314336376,282.54545454545456,58.205534938875545,5.921243686868687,1.0113314537386422
RHF_MPM_P27,1361,0.06805,68.05,0,255,5.575902777777777,30.355400670711578,80293,314.87450980392157,19,234,255,0.9830636503162288,107,107,262,0.018194444444444444,22,20,0.5954545454545455,60.98473282442748,51.908396946564885,0.08736111111111111,0.007291666666666667,0.02361111111111111,0.01659722222222222,0.012083333333333333,1,58.23486480764201,49.04721457661316,13.019089048530537,4.560843194266987,0.9366301923576889,-137.62242388836754,1.5456547254723942,1.5456547254723942,0.029940343491960696,-17,-0.4784027777777782,-6889,0.19124318484411984,293.54545454545456,38.52121879588782,6.150126262626264,0.4858595207687775
RHF_MPM_P27,1362,0.0681,68.1,0,255,4.998819444444444,28.619487557444717,71983,282.28627450980395,17,216,255,0.9190859221347876,106,106,234,0.01625,21,19,0.5864661654135338,61.76068376068376,52.58119658119658,0.08201388888888889,0.006458333333333333,0.021180555555555557,0.014583333333333334,0.010625,1,58.633357876165206,49.44178486587111,13.669371175924962,4.2596480634533265,0.9502068399188014,-137.53426853547765,1.8196472662357956,1.8196472662357956,0.03592514899351236,-28,-0.5770833333333334,-8310,0.5607873383254413,294.90909090909093,36.04405018472547,6.1488762626262625,0.48879340315425784
RHF_MPM_P27,1363,0.06815,68.15,0,255,4.468472222222222,27.082335476987897,64346,252.3372549019608,14,184,255,0.8653204279568669,107,107,206,0.014305555555555556,18,17,0.673202614379085,62.52427184466019,53.26699029126213,0.07708333333333334,0.005625,0.018958333333333334,0.013194444444444444,0.009583333333333333,1,59.1614863394772,49.89385509588786,13.867052213917596,4.254227802537897,0.9517782795834134,-136.99609910233966,2.147793255102927,2.147793255102927,0.03907002766294719,-28,-0.5303472222222219,-7637,0.6951885834992448,286.90909090909093,44.2008937496117,5.989198232323232,0.6852746348724701
RHF_MPM_P27,1364,0.0682,68.2,0,255,3.992847222222222,25.701002822068876,57497,225.478431372549,11,162,255,0.7929148771749108,104,104,190,0.013194444444444444,17,17,0.657439446366782,62.794736842105266,53.44736842105263,0.06944444444444445,0.004722222222222222,0.017291666666666667,0.01173611111111111,0.00875,1,60.139398577317074,50.70142790058612,12.838183548586414,4.422944641391601,0.9387808748102896,-136.67419665710477,2.4762685636106654,2.4762685636106654,0.03568881854705463,-16,-0.47562499999999996,-6849,1.2682610850314713,281.72727272727275,51.34038089792285,5.791868686868687,0.8889386963508434
RHF_MPM_P27,1365,0.06825,68.25,0,255,3.801111111111111,25.577866384150024,54736,214.65098039215687,6,165,255,0.7132446662975629,107,107,187,0.012986111111111111,17,16,0.6875,62.9572192513369,53.657754010695186,0.06159722222222222,0.004652777777777777,0.01659722222222222,0.011875,0.008541666666666666,1,60.96841201403099,51.60325928091201,11.4726007811897,4.226360817102025,0.9296724004005954,-136.54815894405172,2.8927459245357046,2.8927459245357046,0.028445629932768196,-3,-0.1917361111111111,-2761,1.2249747412876415,272.72727272727275,58.042446707859504,5.595763888888889,1.053338088565562
RHF_MPM_P27,1366,0.0683,68.3,0,255,3.7552777777777777,25.79127436277961,54076,212.06274509803922,4,167,255,0.6839878005160862,107,107,188,0.013055555555555556,17,16,0.6911764705882353,62.87765957446808,53.670212765957444,0.058819444444444445,0.005,0.01673611111111111,0.011805555555555555,0.008958333333333334,1,61.587099637547155,52.143575708262446,9.920734939128218,4.528380785487063,0.8897458932754825,-136.18901653452704,2.9846313134412052,2.9846313134412052,0.021192395887269767,1,-0.04583333333333339,-660,0.8214111133633494,259.6363636363636,59.42034045261044,5.36217803030303,1.1465583045819836
RHF_MPM_P27,1367,0.06835,68.35,0,255,3.8195833333333336,26.39521378844089,55002,215.69411764705882,2,182,255,0.6374197571762856,110,110,192,0.013333333333333334,17,16,0.7058823529411765,62.760416666666664,53.614583333333336,0.05409722222222222,0.005555555555555556,0.017083333333333332,0.012847222222222222,0.009097222222222222,1,62.212301370859244,52.7847351005418,8.019864418321069,4.445436208011083,0.8323148468597309,-137.2189279609066,2.3225409068897567,2.3225409068897567,0.014744918366604852,4,0.06430555555555584,926,0.8955236309804857,246.27272727272728,56.52849789601848,5.108888888888889,1.151597259721072
RHF_MPM_P27,1368,0.0684,68.4,0,255,3.9144444444444444,26.81920771516444,56368,221.05098039215687,0,190,255,0.5954911392048469,107,107,205,0.01423611111111111,18,17,0.6699346405228758,62.55609756097561,53.44390243902439,0.04909722222222222,0.005555555555555556,0.0175,0.012986111111111111,0.009305555555555555,1,62.40428966789668,52.98461893272779,6.940668447822541,4.220451058561199,0.7938791327048996,-137.92610201426567,0.8684501392440815,0.8684501392440815,0.009650865739426626,13,0.09486111111111084,1366,0.27715167791065304,233.27272727272728,47.334574926485544,4.843604797979798,1.056126260962791
RHF_MPM_P27,1369,0.06845,68.45,0,255,3.941736111111111,26.857644417420243,56761,222.5921568627451,0,189,255,0.5936025280357355,106,106,206,0.014305555555555556,18,17,0.673202614379085,62.54854368932039,53.407766990291265,0.04881944444444444,0.005416666666666667,0.017777777777777778,0.012916666666666667,0.009375,1,62.32668557636405,52.96065960782932,6.9790670767207645,4.191103988905301,0.7996060094714236,-137.65424848322002,0.8365365699898989,0.8365365699898989,0.009231690773594545,1,0.027291666666666714,393,0.08121849710623143,222.8181818181818,38.72001639231946,4.603080808080808,0.9246747062363775
RHF_MPM_P27,1370,0.0685,68.5,0,255,3.9122222222222223,26.65823961753988,56336,220.92549019607844,0,184,255,0.6005335404336474,107,107,203,0.014097222222222223,18,17,0.6633986928104575,62.54187192118226,53.50246305418719,0.04951388888888889,0.005555555555555556,0.017986111111111112,0.012708333333333334,0.009236111111111112,1,62.32343439363817,52.99495881851747,7.018202789133522,4.215448352580644,0.7995158500841535,-137.99873248397807,0.4876066005448629,0.4876066005448629,0.010526128940641864,-3,-0.02951388888888884,-425,0.03445295405254702,213.8181818181818,29.731581561510655,4.384974747474747,0.7652066109693357
RHF_MPM_P27,1371,0.06855,68.55,0,255,3.905902777777778,26.60710731367953,56245,220.5686274509804,0,182,255,0.6040666011096407,109,109,193,0.013402777777777777,17,16,0.7095588235294118,62.90673575129534,53.803108808290155,0.04986111111111111,0.005416666666666667,0.017430555555555557,0.012777777777777779,0.009375,1,62.3893323851009,53.0111298782114,7.198928277542446,4.210077242476307,0.8111630948394699,-138.44361476667453,0.7278619703058413,0.7278619703058413,0.0119477286869944,-10,-0.006319444444444322,-91,0.06785313884004406,206.0,21.817424229271428,4.1896654040404036,0.5611833440122311
RHF_MPM_P27,1372,0.0686,68.6,0,255,3.9024305555555556,26.649942561604966,56195,220.37254901960785,0,183,255,0.5986403344022857,110,110,193,0.013402777777777777,17,17,0.6678200692041523,62.94818652849741,53.83419689119171,0.049305555555555554,0.005416666666666667,0.017430555555555557,0.012847222222222222,0.009444444444444445,1,62.446196280807904,53.089990212652374,7.026949593365609,4.175426540654427,0.8043159490066427,-137.55178568355853,0.7249671912097118,0.7249671912097118,0.013026069935047601,0,-0.003472222222222321,-50,0.0972237367267861,199.72727272727272,12.919969807809565,4.037531565656566,0.3529682255602513
RHF_MPM_P27,1373,0.06865,68.65,0,255,3.880138888888889,26.59302477431585,55874,219.1137254901961,0,182,255,0.5944456403985836,109,109,194,0.013472222222222222,17,17,0.671280276816609,62.93298969072165,53.865979381443296,0.04895833333333333,0.005486111111111111,0.017430555555555557,0.012777777777777779,0.009305555555555555,1,62.57234133944232,53.20274188352364,6.97432535133143,4.23095261191424,0.7949714339716584,-138.65052135248686,0.6066159067265995,0.6066159067265995,0.011651215234277123,1,-0.02229166666666682,-321,0.16919076541626824,196.0909090909091,7.064051701840878,3.935833333333333,0.18024793141365064
RHF_MPM_P27,1374,0.0687,68.7,0,255,3.937847222222222,26.82620165743834,56705,222.37254901960785,0,187,255,0.5882998706176378,106,106,207,0.014375,18,18,0.6388888888888888,62.99516908212561,53.61835748792271,0.04826388888888889,0.005416666666666667,0.017777777777777778,0.012916666666666667,0.009444444444444445,1,62.61534256238427,53.13683096728683,6.96975207836628,4.1094951281344425,0.807681845256028,-138.1537396269011,0.5856248024448275,0.5856248024448275,0.011145401640067014,13,0.05770833333333325,831,0.07869786562340367,196.1818181818182,7.19618815533211,3.887594696969697,0.06611678918887899
RHF_MPM_P27,1375,0.06875,68.75,0,255,3.9794444444444443,26.79066472407926,57304,224.72156862745098,0,184,255,0.5957572617122382,107,107,205,0.01423611111111111,18,18,0.6327160493827161,63.0,53.795121951219514,0.048541666666666664,0.005347222222222222,0.018472222222222223,0.012847222222222222,0.009236111111111112,1,62.51436199916236,53.048024570710595,7.098637623990981,4.139220584400097,0.812399883615673,-135.7925955321807,0.5711042989156476,0.5711042989156476,0.010278514588859417,-2,0.041597222222222285,599,0.13447546326921603,197.54545454545453,7.315781650447531,3.886376262626263,0.06426343479878377
RHF_MPM_P27,1376,0.0688,68.8,0,255,3.912638888888889,26.40054463311608,56342,220.94901960784313,0,181,255,0.6070806472679375,107,107,199,0.013819444444444445,18,17,0.6503267973856209,63.130653266331656,54.07035175879397,0.04972222222222222,0.005277777777777778,0.017569444444444443,0.012430555555555556,0.009097222222222222,1,62.431401086223424,53.104575627418264,7.396557990808559,4.140215281977248,0.8286622692093851,-137.40661146041785,0.7384060449779436,0.7384060449779436,0.01387952149373469,-6,-0.06680555555555534,-962,0.10040186796278146,198.63636363636363,6.512543523117206,3.8965151515151515,0.05855571651459049
RHF_MPM_P27,1377,0.06885,68.85,0,255,3.901736111111111,26.530273531431686,56185,220.33333333333334,0,185,255,0.6040284877665567,108,108,199,0.013819444444444445,18,17,0.6503267973856209,63.256281407035175,54.20100502512563,0.049791666666666665,0.005347222222222222,0.017430555555555557,0.012430555555555556,0.009375,1,62.577289312093974,53.34494971967607,7.207255833563679,4.07046669315963,0.8252459983869843,-138.06170581766904,0.7720867089674527,0.7720867089674527,0.015484559935925958,0,-0.010902777777777928,-157,0.28118157599035987,199.63636363636363,5.58036700117193,3.9098295454545453,0.0379542188756556
RHF_MPM_P27,1378,0.0689,68.9,0,255,3.9272916666666666,26.65051187018194,56553,221.7764705882353,1,188,255,0.6074338267129623,107,107,204,0.014166666666666666,18,17,0.6666666666666666,63.15686274509804,54.01470588235294,0.050138888888888886,0.005416666666666667,0.017708333333333333,0.0125,0.00951388888888889,1,62.67943345180627,53.35856630063834,7.053855963857378,4.145756880143491,0.8090577407469954,-138.10825459520237,0.5826997875556043,0.5826997875556043,0.01306738811380475,5,0.025555555555555554,368,0.10304773920211235,200.72727272727272,5.136162506118376,3.919621212121213,0.025138982428329966
RHF_MPM_P27,1379,0.06895,68.95,0,255,3.9384027777777777,26.817700367563898,56713,222.40392156862745,0,192,255,0.6010269076546666,107,107,205,0.01423611111111111,18,17,0.6699346405228758,63.082926829268295,54.13170731707317,0.04958333333333333,0.005486111111111111,0.017916666666666668,0.012847222222222222,0.009791666666666667,1,62.67603547687479,53.52310757674607,6.841347479748502,4.346787988496154,0.7722077245615607,-137.4867761127673,0.9820791074280297,0.9820791074280297,0.012483910214589248,1,0.011111111111111072,160,0.1645763584990155,200.72727272727272,5.136162506118376,3.9217992424242425,0.02562920763109093
RHF_MPM_P27,1380,0.069,69.0,0,255,3.9886805555555553,27.2241074169192,57437,225.24313725490197,0,204,255,0.5757481267177237,108,108,205,0.01423611111111111,18,16,0.7118055555555556,63.36585365853659,54.68292682926829,0.04722222222222222,0.005833333333333334,0.018194444444444444,0.013125,0.010138888888888888,1,62.97653080766753,54.066194265020805,6.452485058701575,4.02208995450877,0.7819511792037874,-141.50659389409677,0.35002191246509184,0.35002191246509184,0.012413600988909588,0,0.050277777777777644,724,0.6206775288420369,200.63636363636363,5.050161604484054,3.926066919191919,0.03176720252653027
RHF_MPM_P27,1381,0.06905,69.05,0,12,0.021388888888888888,0.3650924751786851,308,25.666666666666668,0,0,7,0.06183397757510679,3,8,10,0.0006944444444444445,32,107,0.0029205607476635513,98.1,64.2,0.005069444444444444,0.0,0.0,0.0,0.0,0,81.03246753246754,65.65584415584415,32.53258985092785,28.284582261579693,0.4940684425517939,116.80353138831336,-0.20762978912302185,0.20762978912302185,0.0,-195,-3.9672916666666667,-57129,21.45546167300632,183.0909090909091,54.96354915339065,3.572354797979797,1.1233547419873768
RHF_MPM_P27,1382,0.0691,69.1,0,255,3.2045833333333333,22.24602226850529,46146,180.96470588235294,5,100,255,0.7116446439224352,103,103,142,0.00986111111111111,16,14,0.6339285714285714,67.1830985915493,57.59154929577465,0.06090277777777778,0.0030555555555555557,0.013333333333333334,0.008125,0.00625,1,70.17071902223378,59.163697828630866,9.364828583388094,5.112795328156514,0.8378130856677127,-145.46180924594458,-0.7913753146917051,0.7913753146917051,0.02214709834005114,132,3.1831944444444447,45838,12.654072254950739,178.45454545454547,56.07197263965732,3.5085984848484846,1.1225163571627244
RHF_MPM_P27,1383,0.06915,69.15,0,255,5.380069444444445,26.67712149213795,77473,303.8156862745098,29,159,255,1.1616690579514246,103,103,202,0.014027777777777778,23,22,0.39920948616600793,69.47029702970298,60.43069306930693,0.10444444444444445,0.005069444444444444,0.02125,0.011458333333333333,0.008263888888888888,1,78.56761710531411,66.69497760510113,19.023006665492037,4.553495429039335,0.9709289633855045,-143.78144114952786,-0.9328994446087634,0.9328994446087634,0.011681489034889574,60,2.1754861111111112,31327,11.2795422109724,179.27272727272728,56.343251445679584,3.642929292929293,1.2435023895058424
RHF_MPM_P27,1384,0.0692,69.2,0,255,5.983888888888889,29.45995193834974,86168,337.9137254901961,27,208,255,1.1193876381949712,109,109,221,0.015347222222222222,27,27,0.30315500685871055,69.50678733031674,60.52036199095023,0.09930555555555555,0.006527777777777778,0.03027777777777778,0.013680555555555555,0.010416666666666666,1,77.54866075573298,68.06893510351871,19.369075833546983,4.197456332958593,0.9762362091033773,-135.61637515600967,-0.9912608714708631,0.9912608714708631,0.012127471915328196,19,0.6038194444444445,8695,1.7105645997183514,181.72727272727272,57.507455499409204,3.8341792929292926,1.4152019248719543
RHF_MPM_P27,1385,0.06925,69.25,0,255,6.069097222222222,30.449101711188884,87395,342.72549019607845,29,234,255,1.0745309551449642,110,110,245,0.017013888888888887,21,20,0.5833333333333334,69.87346938775511,60.79183673469388,0.09451388888888888,0.007569444444444445,0.025972222222222223,0.01576388888888889,0.011805555555555555,1,76.98826019795183,67.2409634418445,19.827287972550295,3.986851590764091,0.9795750244920398,-136.00725628750791,-1.3315442338769437,1.3315442338769437,0.008032496138223011,24,0.08520833333333311,1227,0.9997929074048189,185.1818181818182,60.008814779494436,4.027929292929293,1.5551072103756367
RHF_MPM_P27,1386,0.0693,69.3,0,255,5.7936805555555555,31.19750259873305,83429,327.17254901960786,20,243,255,0.9570467035240522,107,107,281,0.01951388888888889,23,22,0.5553359683794467,70.69750889679716,61.34875444839858,0.08395833333333333,0.008125,0.025138888888888888,0.0175,0.012569444444444444,1,74.01467115751117,64.02689712210382,15.871914114807403,4.3267315412464,0.9621266027177818,-137.91906692773216,-2.114353692591023,2.114353692591023,0.050977477855421977,36,-0.27541666666666664,-3966,4.378636099188901,192.0909090909091,65.97169440608538,4.192859848484849,1.6353550230233407
RHF_MPM_P27,1387,0.06935,69.35,0,255,5.738194444444445,32.06810352058,82630,324.03921568627453,14,249,255,0.8408055458383631,109,109,287,0.019930555555555556,22,20,0.6522727272727272,70.65505226480836,61.170731707317074,0.07215277777777777,0.008541666666666666,0.02625,0.01840277777777778,0.013680555555555555,1,71.6951228367421,61.74762192908145,8.852457243907313,4.726100628873224,0.8455637677378328,-137.44202003373775,-0.41920637494488255,0.41920637494488255,0.008798257291540603,6,-0.05548611111111068,-799,3.2519839818039995,200.0909090909091,71.43395493289849,4.358819444444444,1.6902074463717414
RHF_MPM_P27,1388,0.0694,69.4,0,255,6.4290972222222225,33.83641571371972,92579,363.0549019607843,18,251,255,0.9008820563557978,106,106,340,0.02361111111111111,26,24,0.5448717948717948,71.93823529411765,62.19705882352941,0.07722222222222222,0.008888888888888889,0.029583333333333333,0.021319444444444443,0.015,1,72.70802233767917,62.70476025880599,9.731707088562501,4.465161889800352,0.8885260524244128,-138.59695533190688,-0.5717570530529084,0.5717570530529084,0.008446839996111429,53,0.6909027777777776,9949,1.3935850104053387,212.9090909090909,81.96280147997798,4.588579545454546,1.7817573421369142
RHF_MPM_P27,1389,0.06945,69.45,0,255,6.397777777777778,33.34274193143349,92128,361.28627450980395,21,252,255,0.9400574719002867,108,108,318,0.022083333333333333,23,22,0.6284584980237155,70.71069182389937,61.4622641509434,0.08090277777777778,0.009166666666666667,0.02875,0.01972222222222222,0.014722222222222222,1,72.67432268148663,62.87911384161167,10.45782747180819,4.554263426293616,0.9001943016637738,-137.95452980657504,-0.833195785446536,0.833195785446536,0.012450069468565474,-22,-0.03131944444444468,-451,0.17758051318957319,223.27272727272728,87.21977560277455,4.813169191919192,1.839028955028522
RHF_MPM_P27,1390,0.0695,69.5,0,255,6.427847222222222,33.5140756429128,92561,362.9843137254902,22,254,255,0.997149481565335,110,110,310,0.021527777777777778,22,21,0.670995670995671,70.43870967741935,61.08709677419355,0.08861111111111111,0.009375,0.026597222222222223,0.01965277777777778,0.015416666666666667,1,72.78463931893562,62.90906537310531,11.194384097554913,4.721449445868698,0.9067031015286168,-137.93710059170152,-1.0359844495141284,1.0359844495141284,0.020861918086451096,-8,0.030069444444444038,433,0.11431034396267896,232.8181818181818,90.38585788598304,5.039482323232323,1.8703640230653065
RHF_MPM_P27,1391,0.06955,69.55,0,255,6.728402777777778,33.968190576773324,96889,379.956862745098,24,253,255,1.0786852483607463,109,109,325,0.022569444444444444,24,22,0.615530303030303,71.11692307692307,61.48615384615385,0.09715277777777778,0.009722222222222222,0.02847222222222222,0.020555555555555556,0.015625,1,73.6783742220479,63.49230562808987,11.975401551227755,4.666662168988385,0.9209472246072199,-138.6738114754491,-1.106646858291644,1.106646858291644,0.023346303501945526,15,0.30055555555555635,4328,1.0672072301458586,243.72727272727272,93.55609975652519,5.288547979797979,1.8960910651148382
RHF_MPM_P27,1392,0.0696,69.6,0,255,6.367708333333334,32.5250971306678,91695,359.5882352941176,23,250,255,1.0401076940134615,107,107,306,0.02125,24,22,0.5795454545454546,71.03921568627452,61.33660130718954,0.09222222222222222,0.00875,0.02798611111111111,0.019097222222222224,0.013680555555555555,1,73.97606194448989,63.70447679808059,12.700518404418082,4.3196814430715404,0.9403825799274098,-138.49681439998068,-1.1275083595733197,1.1275083595733197,0.022324008942690442,-19,-0.36069444444444443,-5194,0.36556064540363525,270.6363636363636,58.43764777680524,5.865486111111111,0.9198301769147799
RHF_MPM_P27,1393,0.06965,69.65,0,255,6.150902777777778,31.860580712718633,88573,347.3450980392157,21,248,255,1.0628610476137528,109,109,281,0.01951388888888889,23,21,0.5817805383022774,70.31672597864768,60.59786476868327,0.09555555555555556,0.008402777777777778,0.026180555555555554,0.018194444444444444,0.013402777777777777,1,73.83068203628645,63.48118501123367,13.138573064921568,4.4759970698643485,0.940180745589477,-138.37827812391507,-1.3324542826144972,1.3324542826144972,0.026046312081559844,-25,-0.21680555555555614,-3122,0.26644800577698285,283.27272727272725,41.96121782852462,6.133333333333334,0.37158856766904774
RHF_MPM_P27,1394,0.0697,69.7,0,255,5.962777777777778,31.353619373837944,85864,336.721568627451,20,246,255,1.0644958393393444,107,107,277,0.01923611111111111,22,20,0.6295454545454545,70.08664259927798,60.498194945848375,0.09631944444444444,0.008194444444444445,0.025,0.0175,0.012986111111111111,1,73.70192397279419,63.41884841144135,13.5325137989988,4.421575012295632,0.9451152489419057,-138.78663678553883,-1.4433645934210928,1.4433645934210928,0.027939532283611294,-4,-0.18812499999999943,-2709,0.14305415264138063,290.09090909090907,33.4268660197277,6.186306818181818,0.2938263742115883
RHF_MPM_P27,1395,0.06975,69.75,0,255,5.767986111111111,30.89020862667987,83059,325.721568627451,19,243,255,1.0291146695888123,108,108,267,0.018541666666666668,22,19,0.638755980861244,69.88389513108615,60.22846441947566,0.09277777777777778,0.008125,0.024166666666666666,0.016875,0.012569444444444444,1,73.47041259827351,63.18146137083278,13.448553694112924,4.3230468940402575,0.9469263184034725,-138.83790075903045,-1.637648322662364,1.637648322662364,0.027101217207045593,-10,-0.19479166666666714,-2805,0.3315872789799857,294.27272727272725,26.72789114930799,6.1666792929292935,0.3132606928665567
RHF_MPM_P27,1396,0.0698,69.8,0,255,5.629791666666667,30.8044813426542,81069,317.91764705882355,18,243,255,1.0078054043451825,109,109,267,0.018541666666666668,22,19,0.638755980861244,69.83895131086142,60.28089887640449,0.09104166666666667,0.007916666666666667,0.023680555555555555,0.01673611111111111,0.0125,1,73.0546324735719,62.80654750891216,13.022875611788262,4.258774751331313,0.9450165149882329,-139.2071011846024,-1.6206909437820198,1.6206909437820198,0.029505729687056705,0,-0.1381944444444443,-1990,0.5598513337995369,296.27272727272725,23.6069747362585,6.126742424242425,0.34910749231203725
RHF_MPM_P27,1397,0.06985,69.85,0,255,5.334236111111111,29.870793894516694,76813,301.2274509803922,17,234,255,0.9639168091574133,109,109,249,0.017291666666666667,21,19,0.6240601503759399,69.59036144578313,60.1285140562249,0.08638888888888889,0.007291666666666667,0.022430555555555554,0.01597222222222222,0.011875,1,72.8576022287894,62.801374767291996,12.956059920621712,4.171302517062451,0.9467540736601056,-138.98968177084777,-1.6657536906539978,1.6657536906539978,0.029370028510798955,-18,-0.29555555555555557,-4256,0.19709813447853686,293.3636363636364,27.032884779544567,6.084974747474749,0.40883232548808257
RHF_MPM_P27,1398,0.0699,69.9,0,255,4.9880555555555555,28.953607462767483,71828,281.678431372549,15,219,255,0.9065221111557673,107,107,239,0.01659722222222222,21,19,0.5989974937343359,69.2887029288703,59.97071129707113,0.080625,0.006805555555555555,0.021319444444444443,0.015069444444444444,0.011111111111111112,1,72.30025895194075,62.36056969426964,12.334343445970386,4.172085087863848,0.9410564799958027,-139.02981084996952,-1.6438708858753852,1.6438708858753852,0.02828980341927939,-10,-0.3461805555555557,-4985,0.7105917538577545,289.0,31.25263625243913,6.016780303030303,0.5108284184672119
RHF_MPM_P27,1399,0.06995,69.95,0,255,4.845416666666667,28.791838997916486,69774,273.6235294117647,14,221,255,0.8656215015271936,109,109,232,0.01611111111111111,20,18,0.6444444444444445,69.09051724137932,59.793103448275865,0.07652777777777778,0.006944444444444444,0.020277777777777777,0.014861111111111111,0.011180555555555555,1,71.84949981368418,62.024321380456904,11.75282042388535,4.021244990317305,0.939644805021345,-139.1365085047551,-1.7735294488485125,1.7735294488485125,0.027345429529624217,-7,-0.14263888888888854,-2054,0.5623581859133177,279.1818181818182,30.647017300570827,5.872809343434343,0.5911841677143481
RHF_MPM_P27,1400,0.07,70.0,0,255,4.884375,29.040190642040237,70335,275.8235294117647,14,223,255,0.8608477973551091,109,109,234,0.01625,20,18,0.65,69.14957264957265,59.79059829059829,0.07618055555555556,0.007013888888888889,0.020902777777777777,0.015069444444444444,0.01138888888888889,1,71.66732067960474,61.789976540840264,11.28052481991375,4.247648561352252,0.9263974873589826,-139.18775920936304,-1.732163648724758,1.732163648724758,0.02749697874457951,2,0.03895833333333343,561,0.296827796455926,271.54545454545456,30.48804128108306,5.735227272727273,0.6279605827207018
RHF_MPM_P27,1401,0.07005,70.05,0,255,4.847013888888889,29.038262559458154,69797,273.71372549019605,13,225,255,0.8300231821539217,108,108,234,0.01625,20,18,0.65,69.12820512820512,59.73931623931624,0.07291666666666667,0.007013888888888889,0.020625,0.014861111111111111,0.01138888888888889,1,71.45681046463315,61.5994670258034,10.719207570805471,4.245300862872828,0.918230607764436,-139.03886151908728,-1.7159120456344308,1.7159120456344308,0.028196054271673567,0,-0.03736111111111118,-538,0.28391623047470776,264.6363636363636,29.58891907845579,5.591515151515151,0.6338694400365857
RHF_MPM_P27,1402,0.0701,70.1,0,255,4.896041666666667,29.297346976938936,70503,276.4823529411765,13,229,255,0.8277789616803051,110,110,237,0.016458333333333332,20,18,0.6583333333333333,69.23628691983123,59.76371308016878,0.07270833333333333,0.007152777777777778,0.021180555555555557,0.015347222222222222,0.011597222222222222,1,71.36757301107754,61.47941222359332,10.325665698667663,4.275151341324923,0.9102625325833533,-139.44860367270317,-1.635338373517648,1.635338373517648,0.02823993305249422,3,0.04902777777777789,706,0.14958769551935336,256.6363636363636,23.44538228336708,5.424936868686869,0.5481898694881061
RHF_MPM_P27,1403,0.07015,70.15,0,255,4.894861111111111,29.372503226896463,70486,276.4156862745098,13,229,255,0.8303674972153376,109,109,238,0.016527777777777777,20,18,0.6611111111111111,69.21848739495799,59.760504201680675,0.07305555555555555,0.007222222222222222,0.021111111111111112,0.01513888888888889,0.011666666666666667,1,71.24938285617002,61.28470902023097,10.141436400399632,4.359466970074296,0.9028923085997611,-139.65334799712014,-1.417174486693329,1.417174486693329,0.026530091081916975,1,-0.0011805555555559621,-17,0.22776797429978077,250.45454545454547,17.930997215911468,5.291041666666667,0.4767874084057313
RHF_MPM_P27,1404,0.0702,70.2,0,255,4.95,29.541058997041166,71280,279.52941176470586,13,232,255,0.8304390106246179,109,109,242,0.016805555555555556,20,18,0.6722222222222223,69.31818181818181,59.81818181818182,0.07326388888888889,0.007291666666666667,0.021805555555555557,0.015694444444444445,0.011666666666666667,1,71.21102693602694,61.2662177328844,9.963568442079326,4.2216310842184335,0.9057994259805048,-140.27705974811343,-1.2574899519187914,1.2574899519187914,0.02543490460157127,4,0.05513888888888907,794,0.042580562675420784,246.9090909090909,15.186444586326113,5.181868686868688,0.3984550521315436
RHF_MPM_P27,1405,0.07025,70.25,0,255,4.939930555555556,29.570655781171155,71135,278.96078431372547,13,232,255,0.8011337973762463,109,109,239,0.01659722222222222,20,18,0.6638888888888889,69.28033472803347,59.77824267782427,0.06979166666666667,0.007430555555555556,0.021597222222222223,0.015555555555555555,0.011666666666666667,1,71.07366275391861,61.212862866380824,9.599941521480647,4.164760785655558,0.9009938347066754,-139.90127055420672,-1.0855829628700393,1.0855829628700393,0.023504603922119914,-3,-0.010069444444444464,-145,0.14736234358174513,243.45454545454547,11.919149118224812,5.088882575757577,0.3162328227349765
RHF_MPM_P27,1406,0.0703,70.3,0,255,4.8625,29.39023806895752,70020,274.5882352941176,13,230,255,0.7789834479857238,108,108,241,0.01673611111111111,20,19,0.6342105263157894,69.34439834024896,59.829875518672196,0.0675,0.007291666666666667,0.021111111111111112,0.015277777777777777,0.011527777777777777,1,71.02686375321336,61.177849185946876,9.416230048430789,4.20872555436459,0.8945514301430406,-139.429349222426,-1.0952090863166344,1.0952090863166344,0.023221936589545845,2,-0.07743055555555589,-1115,0.05844744891387976,241.0909090909091,9.307421725351965,5.006565656565656,0.2365597775238501
RHF_MPM_P27,1407,0.07035,70.35,0,255,4.820833333333334,29.298643965112863,69420,272.2352941176471,12,228,255,0.7705010399582644,109,109,241,0.01673611111111111,20,18,0.6694444444444444,69.16597510373444,59.74688796680498,0.06659722222222222,0.007152777777777778,0.020972222222222222,0.015208333333333334,0.011458333333333333,1,70.84085278017862,61.00119562085854,9.231878666279941,4.2101723769312365,0.8899555917466684,-140.17388245936627,-1.2492124701836702,1.2492124701836702,0.02327859406511092,0,-0.041666666666666075,-600,0.25652790130461484,238.72727272727272,4.473983563405193,4.93302398989899,0.13556598658053692
RHF_MPM_P27,1408,0.0704,70.4,0,255,4.8926388888888885,29.654330323329752,70454,276.2901960784314,12,235,255,0.7638431841983966,108,108,241,0.01673611111111111,19,18,0.7046783625730995,68.95850622406638,59.49792531120332,0.06597222222222222,0.007569444444444445,0.021805555555555557,0.015625,0.011875,1,70.60188207908706,60.738623782893804,8.889829831455646,4.010846171226855,0.8924367954951685,-140.6591152991841,-1.3483417399121085,1.3483417399121085,0.023887926874272575,0,0.07180555555555479,1034,0.35503657004929917,238.0,3.2192602199319587,4.892878787878788,0.04776008638972373
RHF_MPM_P27,1409,0.07045,70.45,0,11,0.021944444444444444,0.3794244138197609,316,28.727272727272727,0,0,7,0.060726408021633545,3,8,12,0.0008333333333333334,93,101,0.0012775471095496647,90.91666666666667,59.083333333333336,0.004930555555555555,0.0,0.0,0.0,0.0,0,83.19303797468355,60.23101265822785,31.775685414220266,26.530732046262937,0.5503437861614076,110.50643025687599,-0.0789126133685683,0.0789126133685683,0.0,-229,-4.870694444444444,-70138,12.601383885950733,217.36363636363637,65.02065787434962,4.441414141414142,1.3980509305403566
RHF_MPM_P27,1410,0.0705,70.5,0,255,3.119375,22.49255709361154,44919,176.1529411764706,4,102,255,0.6669959275467908,104,104,143,0.009930555555555555,13,15,0.7333333333333333,64.47552447552448,54.62937062937063,0.05701388888888889,0.0031944444444444446,0.013333333333333334,0.008819444444444444,0.006458333333333333,1,64.31619136668225,52.77089872882299,7.417636897027203,5.231530244847655,0.7089262673700114,79.68254110976028,-1.3581133112563277,1.3581133112563277,0.02244039270687237,131,3.0974305555555555,44603,20.297503238125387,209.27272727272728,68.1576927014124,4.284501262626263,1.4401307305692284
RHF_MPM_P27,1411,0.07055,70.55,0,255,5.679166666666666,27.484725240172548,81780,320.70588235294116,31,164,255,1.1663802441910953,104,104,211,0.014652777777777778,18,25,0.4688888888888889,61.75355450236967,51.758293838862556,0.10430555555555555,0.005486111111111111,0.023819444444444445,0.012013888888888888,0.009305555555555555,1,59.00599168500856,42.92386891660553,15.987971172672301,4.854380094415776,0.9527909690867227,70.19251681760339,-0.8521629297128193,0.8521629297128193,0.0058938615798483735,68,2.5597916666666665,36861,11.187592090434244,207.1818181818182,67.7184252915478,4.3567550505050505,1.4875714837636218
RHF_MPM_P27,1412,0.0706,70.6,0,255,6.149444444444445,30.367186232697918,88552,347.2627450980392,28,233,255,1.1231120671198813,101,101,279,0.019375,27,32,0.3229166666666667,59.308243727598565,49.44086021505376,0.10013888888888889,0.007361111111111111,0.027569444444444445,0.014583333333333334,0.011458333333333333,1,57.08480892582889,44.48266555244376,15.703723189658907,4.667964198753729,0.9547990405671846,59.887464442308186,-1.02503488011293,1.02503488011293,0.01401436444123227,68,0.47027777777777846,6772,2.474023069025391,211.27272727272728,70.51639513950693,4.475157828282828,1.5713551838305522
RHF_MPM_P27,1413,0.07065,70.65,0,255,6.425,31.316080134652864,92520,362.8235294117647,28,244,255,1.1777281043432253,112,112,248,0.017222222222222222,19,20,0.6526315789473685,60.79435483870968,51.5,0.10652777777777778,0.008194444444444445,0.029722222222222223,0.016041666666666666,0.0125,1,55.59606571552097,44.09205577172503,17.853490137344927,4.753014043531618,0.9639113988731755,54.20831798646233,-1.133020967657505,1.133020967657505,0.011057068741893645,-31,0.2755555555555551,3968,1.5391336352088008,212.27272727272728,70.95080358195824,4.61415404040404,1.667140996481215
RHF_MPM_P27,1414,0.0707,70.7,0,255,5.940486111111111,31.733451501658944,85543,335.4627450980392,20,248,255,0.9738239379030276,108,108,287,0.019930555555555556,23,22,0.567193675889328,60.18815331010453,50.98954703832753,0.08590277777777777,0.008263888888888888,0.025069444444444443,0.017708333333333333,0.013194444444444444,1,57.99630595139287,47.97037747097951,13.917414959769394,4.724447531090644,0.9406194059865516,50.92366063490303,-2.004777684472852,2.004777684472852,0.04512350513776697,39,-0.48451388888888847,-6977,4.560979323874044,216.72727272727272,73.90299650597385,4.709210858585859,1.709702702501811
RHF_MPM_P27,1415,0.07075,70.75,0,255,5.998819444444444,32.75143866637617,86383,338.75686274509803,16,252,255,0.8744858267708263,108,108,306,0.02125,24,22,0.5795454545454546,59.75816993464052,50.83986928104575,0.07534722222222222,0.00875,0.02715277777777778,0.019305555555555555,0.01423611111111111,1,58.99407290786382,49.80819142655383,9.360988612543062,4.707084047033581,0.8643792266097858,-136.816072098295,0.7869548865569058,0.7869548865569058,0.00808029357628237,19,0.05833333333333268,840,2.0911955993471887,222.54545454545453,78.06566424417522,4.80455808080808,1.7492602466034486
RHF_MPM_P27,1416,0.0708,70.8,0,255,6.282777777777778,33.05495689934089,90472,354.7921568627451,19,251,255,0.9252793612327437,105,105,327,0.022708333333333334,26,24,0.5240384615384616,59.305810397553515,50.198776758409785,0.0798611111111111,0.008680555555555556,0.029583333333333333,0.02020833333333333,0.014166666666666666,1,58.7631753470687,49.33272172605889,9.774765850749517,4.955746556355627,0.8619496482632623,-136.2247312280988,0.6180846436939849,0.6180846436939849,0.005747634627288001,21,0.28395833333333353,4089,0.528568935589183,230.54545454545453,83.65118445758569,4.926635101010101,1.8005530082811483
RHF_MPM_P27,1417,0.07085,70.85,0,255,6.494305555555556,33.62024598059218,93518,366.7372549019608,21,253,255,0.9841816525775172,107,107,322,0.02236111111111111,24,23,0.5833333333333334,59.88819875776397,50.65217391304348,0.08645833333333333,0.009652777777777777,0.028958333333333332,0.02048611111111111,0.01513888888888889,1,59.00238456767681,49.417962317414826,9.94554627197211,5.15837141236121,0.8549797098516075,-136.90090718570363,0.719219863799879,0.719219863799879,0.011773134583716503,-5,0.21152777777777843,3046,0.2539429259472467,237.9090909090909,87.71384730055149,5.074981060606061,1.8555398154468417
RHF_MPM_P27,1418,0.0709,70.9,0,255,6.866458333333333,34.53591347280454,98877,387.7529411764706,24,254,255,1.0496682616303377,108,108,340,0.02361111111111111,27,23,0.5475040257648953,59.09411764705882,50.38235294117647,0.09298611111111112,0.009930555555555555,0.03090277777777778,0.021597222222222223,0.016041666666666666,1,58.27268222134571,48.935343912133256,10.669505130609915,5.278825239858426,0.8690306758142471,-138.26802895294884,0.725504246589374,0.725504246589374,0.014695025132235,18,0.3721527777777771,5359,0.8748634404052108,246.9090909090909,92.51678427129224,5.2609469696969695,1.9220654447383574
RHF_MPM_P27,1419,0.07095,70.95,0,255,6.415763888888889,32.814429648654176,92387,362.30196078431374,23,246,255,1.0118670231066762,107,107,309,0.021458333333333333,25,22,0.5618181818181818,59.67313915857605,50.86407766990291,0.08847222222222222,0.008611111111111111,0.028958333333333332,0.019444444444444445,0.013888888888888888,1,57.66818924740494,48.626689902258974,11.803671588458247,4.902679836678338,0.9096607220144495,-137.88911911751518,0.9929272563039017,0.9929272563039017,0.016192754391851666,-31,-0.4506944444444443,-6490,0.6787334184753482,253.0909090909091,94.17242845436097,5.399412878787879,1.9452679576839127
RHF_MPM_P27,1420,0.071,71.0,0,255,5.808888888888889,31.047349661245708,83648,328.03137254901964,20,238,255,0.980060460069243,108,108,271,0.018819444444444444,23,20,0.5891304347826087,60.77121771217712,51.77490774907749,0.08638888888888889,0.007916666666666667,0.025555555555555557,0.017291666666666667,0.012569444444444444,1,58.15137241775057,49.0655723986228,12.27404087566451,4.7959331255590945,0.9205019732326528,-138.48167488477102,1.2767682171846233,1.2767682171846233,0.02340761285386381,-38,-0.6068749999999996,-8739,0.6527509645491144,276.6363636363636,55.309497338773284,5.925498737373738,0.9453626482107828
RHF_MPM_P27,1421,0.07105,71.05,0,255,5.575069444444445,30.590683551272054,80281,314.82745098039214,18,239,255,0.9675477177077364,109,109,262,0.018194444444444444,23,20,0.5695652173913044,61.13358778625954,51.961832061068705,0.08673611111111111,0.0077777777777777776,0.023819444444444445,0.016875,0.012430555555555556,1,58.63234140082959,49.4306622986759,12.538469901219239,4.474666182146412,0.9341521553765633,-139.060683509717,1.5667534886436596,1.5667534886436596,0.02929709395747437,-9,-0.23381944444444436,-3367,0.6038392151929564,287.45454545454544,36.57958605154628,6.148743686868687,0.37307868785146586
RHF_MPM_P27,1422,0.0711,71.1,0,255,5.099166666666667,29.134968954372034,73428,287.9529411764706,15,222,255,0.9408170937823237,107,107,244,0.016944444444444446,22,19,0.583732057416268,61.377049180327866,52.127049180327866,0.08451388888888889,0.006597222222222222,0.021875,0.015277777777777777,0.011180555555555555,1,58.919009097347065,49.636800675491635,12.878095869156434,4.331803970222343,0.9417299413901881,-138.96918604326504,1.8091215635258298,1.8091215635258298,0.03286212344064934,-18,-0.4759027777777778,-6853,0.3530883722566669,290.45454545454544,31.134206959150358,6.096016414141414,0.4653046222023131
RHF_MPM_P27,1423,0.07115,71.15,0,255,4.442361111111111,27.131905367474644,63970,250.86274509803923,13,195,255,0.8495832326274401,107,107,209,0.014513888888888889,19,18,0.6111111111111112,62.25358851674641,52.889952153110045,0.07520833333333334,0.005763888888888889,0.01902777777777778,0.013402777777777777,0.009930555555555555,1,59.509520087541034,50.21295919962483,12.863530766319172,4.069909541084542,0.9486287627809938,-138.3999633022226,2.108083881664938,2.108083881664938,0.034328591527278414,-35,-0.6568055555555556,-9458,0.8250223478616805,284.09090909090907,38.988237259821055,5.940827020202021,0.6638997997223643
RHF_MPM_P27,1424,0.0712,71.2,0,255,4.041388888888889,26.098211055419295,58196,228.21960784313725,11,172,255,0.7883295286528117,106,106,192,0.013333333333333334,17,17,0.6643598615916955,62.734375,53.447916666666664,0.06930555555555555,0.005138888888888889,0.017291666666666667,0.012291666666666666,0.009027777777777777,1,60.407124200976014,50.982679221939655,12.168816302980474,4.129249492011532,0.9406672467610312,-138.20476644475522,2.4964670701733844,2.4964670701733844,0.032338992370609665,-17,-0.4009722222222223,-5774,1.1824390289599445,279.0,46.33278831159714,5.724135101010101,0.836949268519651
RHF_MPM_P27,1425,0.07125,71.25,0,255,3.902152777777778,26.09967423868635,56191,220.35686274509803,7,176,255,0.7201406740756062,108,108,192,0.013333333333333334,17,16,0.7058823529411765,62.734375,53.526041666666664,0.06236111111111111,0.005208333333333333,0.016944444444444446,0.012361111111111111,0.009166666666666667,1,61.14125037817444,51.72121870050364,11.060161983059945,3.9750002735972974,0.9331843687499357,-138.2291551578294,2.8336314153718716,2.8336314153718716,0.02747770995355128,0,-0.13923611111111134,-2005,1.0413365476374772,270.3636363636364,52.48250397170943,5.5388320707070715,0.9816696047595438
RHF_MPM_P27,1426,0.0713,71.3,0,255,3.8913194444444446,26.4047277370962,56035,219.7450980392157,4,178,255,0.6770576648601289,108,108,194,0.013472222222222222,17,16,0.7132352941176471,62.88659793814433,53.48969072164948,0.057916666666666665,0.005347222222222222,0.017361111111111112,0.012847222222222222,0.009444444444444445,1,61.84061747122334,52.29947354332114,9.47027851085076,4.178497624746953,0.897397862220163,-138.61948597632662,2.804730204120878,2.804730204120878,0.020058891764076024,2,-0.01083333333333325,-156,0.9074651475850516,260.1818181818182,55.366248632206485,5.347241161616162,1.0744706506751138
RHF_MPM_P27,1427,0.07135,71.35,0,255,3.9975,26.926667272736644,57564,225.74117647058824,2,185,255,0.6370191462615025,109,109,203,0.014097222222222223,17,17,0.7024221453287197,62.83743842364532,53.285714285714285,0.05333333333333334,0.005625,0.01826388888888889,0.013194444444444444,0.009652777777777777,1,62.180512125634074,52.48436522826767,8.09236425600103,4.2715229035222135,0.8493400354752768,-137.90731706585288,2.144605488341711,2.144605488341711,0.013185324160933917,9,0.1061805555555555,1529,0.38692804403320136,248.9090909090909,53.1951032357722,5.1394886363636365,1.0942477359824228
RHF_MPM_P27,1428,0.0714,71.4,0,255,3.9694444444444446,26.623199672512495,57160,224.15686274509804,1,174,255,0.6158071085630178,107,107,203,0.014097222222222223,17,18,0.6633986928104575,62.75369458128079,53.21182266009852,0.050694444444444445,0.005277777777777778,0.018472222222222223,0.012986111111111111,0.009375,1,62.195486354093774,52.440622813156054,7.438133137666738,4.164232503372663,0.8285945516058352,-135.75360582908834,1.1260442733439164,1.1260442733439164,0.00956962911126662,0,-0.0280555555555555,-404,0.04623447196367904,238.0909090909091,49.17954960319943,4.909955808080809,1.049895890916191
RHF_MPM_P27,1429,0.07145,71.45,0,255,3.9297916666666666,26.472149961189555,56589,221.91764705882352,1,179,255,0.6165839077396607,107,107,202,0.014027777777777778,19,17,0.6253869969040248,62.70792079207921,53.55940594059406,0.050763888888888886,0.005347222222222222,0.017777777777777778,0.012638888888888889,0.009236111111111112,1,62.15571930940642,52.710420753149904,7.455161385295766,4.1261646972589805,0.8328729880178807,-137.33931963085476,0.9597742378506035,0.9597742378506035,0.012581950555761721,-1,-0.03965277777777798,-571,0.27271293747838793,225.54545454545453,37.88826548097742,4.642986111111111,0.8776991512980937
RHF_MPM_P27,1430,0.0715,71.5,0,255,3.9700694444444444,26.721100822418308,57169,224.1921568627451,1,181,255,0.6224258856471243,108,108,201,0.013958333333333333,18,16,0.6979166666666666,62.985074626865675,53.6865671641791,0.051458333333333335,0.005347222222222222,0.017847222222222223,0.012916666666666667,0.009444444444444445,1,62.363833546152634,52.85910196085291,7.335902259654998,4.151199147767543,0.8244914707334468,-139.11901690360418,0.9025538413381278,0.9025538413381278,0.014763245815039619,-1,0.04027777777777786,580,0.2557687179083537,215.72727272727272,27.58158446596012,4.4206502525252525,0.6902057676607737
RHF_MPM_P27,1431,0.07155,71.55,0,255,4.030694444444444,26.969762431820897,58042,227.6156862745098,1,184,255,0.6296621610501414,103,103,212,0.014722222222222222,18,17,0.6928104575163399,62.93867924528302,53.56603773584906,0.052222222222222225,0.005416666666666667,0.01826388888888889,0.012986111111111111,0.00951388888888889,1,62.50115433651494,52.97126218944902,7.18334944217043,4.26448025951991,0.8047146393284067,-138.2322140065465,0.6109458067909603,0.6109458067909603,0.012542641535439854,11,0.06062499999999993,873,0.1773045863604751,210.36363636363637,21.342542778015112,4.258996212121212,0.5374714134494547
RHF_MPM_P27,1432,0.0716,71.6,0,255,3.941388888888889,26.73493154540805,56756,222.57254901960783,0,188,255,0.5868220522957053,108,108,202,0.014027777777777778,18,16,0.7013888888888888,63.14356435643565,54.45049504950495,0.04777777777777778,0.005416666666666667,0.017708333333333333,0.012569444444444444,0.00951388888888889,1,62.52803227852562,53.665251250969064,6.754543302244666,3.870776276420307,0.819511582866607,-140.10935230260483,0.5410852189139335,0.5410852189139335,0.012773979843540771,-10,-0.0893055555555553,-1286,0.6945093529076475,204.9090909090909,13.773852339286305,4.110479797979798,0.3442815977442036
RHF_MPM_P27,1433,0.07165,71.65,0,11,0.015069444444444444,0.2981109425471632,217,19.727272727272727,0,0,6,0.04637799615899107,2,8,7,0.0004861111111111111,32,101,0.002165841584158416,95.42857142857143,48.42857142857143,0.0036805555555555554,0.0,0.0,0.0,0.0,0,88.53917050691244,53.824884792626726,31.442057561626182,21.296504030193002,0.7356835668046178,98.92001307780728,0.03183799135241059,0.03183799135241059,0.0,-195,-3.9263194444444447,-56539,26.011628069074575,183.36363636363637,56.10100100755411,3.648289141414141,1.1579327194439124
RHF_MPM_P27,1434,0.0717,71.7,0,255,3.169791666666667,22.131315575972067,45645,179.0,6,99,255,0.716469382257769,103,103,138,0.009583333333333333,15,13,0.7076923076923077,66.8695652173913,57.29710144927536,0.06159722222222222,0.0031944444444444446,0.013055555555555556,0.008472222222222223,0.006111111111111111,1,69.25757476174827,58.31957498083032,7.828162423613648,5.679177247868739,0.6882429832127592,-145.55484156398813,-0.4950131005327793,0.4950131005327793,0.021667214371782234,131,3.1547222222222224,45428,19.798539702914116,176.9090909090909,56.859403228816866,3.53260101010101,1.1361849389167495
RHF_MPM_P27,1435,0.07175,71.75,0,255,5.405277777777778,26.979247167047067,77836,305.2392156862745,25,164,255,1.1585238209633306,98,98,227,0.01576388888888889,30,26,0.29102564102564105,70.73568281938326,61.43171806167401,0.10416666666666667,0.005069444444444444,0.022916666666666665,0.012083333333333333,0.008125,1,78.12147335423198,66.32838275348168,18.54823820349508,4.592355489480228,0.9688649373605859,-142.79352297929702,-0.9359612846561611,0.9359612846561611,0.011704095791150624,89,2.2354861111111113,32191,11.94611653204151,180.0909090909091,58.56845962469833,3.6565909090909092,1.2533236937570835
RHF_MPM_P27,1436,0.0718,71.8,0,255,5.838263888888889,28.75709612498233,84071,329.69019607843137,28,197,255,1.1095098924976803,110,110,204,0.014166666666666666,18,18,0.6296296296296297,68.74019607843137,59.65686274509804,0.098125,0.006458333333333333,0.029583333333333333,0.013055555555555556,0.00986111111111111,1,78.22482187674703,67.58268606297058,19.74648907204851,4.174202418108419,0.9774018811053015,-139.25632554210551,-0.9465881985265665,0.9465881985265665,0.005007672086688632,-23,0.43298611111111107,6235,1.2585538166089127,181.1818181818182,58.890990485222595,3.83260101010101,1.4025186546111854
RHF_MPM_P27,1437,0.07185,71.85,0,255,5.755416666666667,30.177473406752892,82878,325.01176470588234,23,233,255,1.0465550824298477,108,108,251,0.017430555555555557,22,21,0.5432900432900433,70.15537848605578,60.91235059760956,0.093125,0.0075,0.02409722222222222,0.01611111111111111,0.011944444444444445,1,75.88769034001785,65.38771447187432,18.431263653120467,4.175959133625458,0.9739950394216774,-139.25242480971716,-1.659722362617859,1.659722362617859,0.02288906585583629,47,-0.08284722222222207,-1193,3.2062570242720296,186.36363636363637,62.20533845443978,4.002064393939394,1.508024605338714
RHF_MPM_P27,1438,0.0719,71.9,0,255,5.554305555555556,30.893926422446285,79982,313.6549019607843,17,239,255,0.8481784278536212,105,105,276,0.019166666666666665,22,23,0.5454545454545454,70.43840579710145,60.98913043478261,0.07243055555555555,0.008055555555555555,0.024652777777777777,0.017013888888888887,0.0125,1,72.32404791077992,62.432134730314324,10.57924589357734,4.303831056048426,0.9135090877366693,-137.60885008256557,-1.1194934201787656,1.1194934201787656,0.017491435573003925,25,-0.20111111111111146,-2896,4.629794700867919,193.0,67.31067725648936,4.143592171717173,1.5726243518627885
RHF_MPM_P27,1439,0.07195,71.95,0,255,5.651111111111111,31.44864992489766,81376,319.121568627451,16,246,255,0.8609267936070908,107,107,283,0.01965277777777778,21,22,0.6125541125541125,70.35335689045937,60.975265017667844,0.07430555555555556,0.008263888888888888,0.024652777777777777,0.017638888888888888,0.012986111111111111,1,71.85350717656311,62.047102339756194,9.680956882056197,4.449122849087506,0.8881391195419499,-136.9921890210813,-0.9646805151534115,0.9646805151534115,0.018691014549744395,7,0.09680555555555515,1394,0.6079954969703352,200.27272727272728,72.14643052858906,4.29647095959596,1.6289934324576416
RHF_MPM_P27,1440,0.072,72.0,0,255,6.2960416666666665,33.313445081835745,90663,355.54117647058825,18,250,255,0.8997061065235556,106,106,324,0.0225,23,23,0.6124763705103969,71.29320987654322,61.57716049382716,0.07722222222222222,0.008888888888888889,0.029097222222222222,0.020277777777777777,0.014652777777777778,1,72.3598270518293,62.44362088172684,9.621593976648104,4.506107070941529,0.8835521962606482,-136.99126467003643,-0.5294352358317176,0.5294352358317176,0.01013643934129689,41,0.6449305555555558,9287,0.6431071218825763,211.36363636363637,80.45808929021,4.511584595959596,1.7200589921056375
RHF_MPM_P27,1441,0.07205,72.05,0,255,6.491805555555556,33.56046060745314,93482,366.5960784313726,22,251,255,0.9493689593305666,107,107,325,0.022569444444444444,23,23,0.6143667296786389,71.08307692307692,61.48615384615385,0.08201388888888889,0.009027777777777777,0.029375,0.02048611111111111,0.014861111111111111,1,72.66065124836867,62.68099741126634,10.130489651672047,4.6766333448445865,0.8870676681807632,-137.57749630243202,-0.8312573350291511,0.8312573350291511,0.013788750775550373,1,0.19576388888888907,2819,0.38320074895513195,222.63636363636363,86.66368928981915,4.740833333333335,1.7988522570491434
RHF_MPM_P27,1442,0.0721,72.1,0,255,6.362916666666667,33.12815749888353,91626,359.3176470588235,22,252,255,0.9688096528999132,109,109,309,0.021458333333333333,23,22,0.6106719367588933,70.6537216828479,61.200647249190936,0.08465277777777777,0.009097222222222222,0.02763888888888889,0.01986111111111111,0.014583333333333334,1,72.6275402178421,62.76579791762163,10.74846059028055,4.570005023542423,0.9051099276215142,-137.22612160158536,-0.9994107346462255,0.9994107346462255,0.02008163621679436,-16,-0.1288888888888886,-1856,0.09103552175192689,231.45454545454547,90.00339754835889,4.952853535353535,1.839637877944576
RHF_MPM_P27,1443,0.07215,72.15,0,255,6.333125,32.99147722368675,91197,357.63529411764705,22,252,255,1.0077428976744054,109,109,303,0.021041666666666667,21,22,0.6558441558441559,70.48844884488449,60.94059405940594,0.08965277777777778,0.009097222222222222,0.026458333333333334,0.019791666666666666,0.014652777777777778,1,72.85069684309791,62.865741197627116,11.621189692134989,4.63491928208768,0.9170233759386408,-136.95957791011963,-1.162860237671524,1.162860237671524,0.02438676710856717,-6,-0.029791666666667105,-429,0.2445149046864361,240.63636363636363,91.66666165790119,5.1702840909090915,1.8485619672732572
RHF_MPM_P27,1444,0.0722,72.2,0,255,6.547152777777778,33.45735883103867,94279,369.721568627451,24,253,255,1.0508489935651282,110,110,312,0.021666666666666667,22,22,0.6446280991735537,70.6025641025641,61.05128205128205,0.09423611111111112,0.009375,0.027777777777777776,0.020277777777777777,0.01513888888888889,1,73.2759893507568,63.26094888575398,12.31470079569832,4.55456981713662,0.9290921995718227,-137.30800008171275,-1.2915544339445941,1.2915544339445941,0.027461046468460634,9,0.21402777777777793,3082,0.5805711272750085,268.3636363636364,55.987454320787926,5.764109848484849,0.9060205100594455
RHF_MPM_P27,1445,0.07225,72.25,0,255,6.730902777777778,33.65321951771055,96925,380.0980392156863,24,253,255,1.105756229721456,109,109,319,0.022152777777777778,23,23,0.6030245746691871,70.89655172413794,61.25078369905956,0.1,0.009375,0.02861111111111111,0.020625,0.01513888888888889,1,73.75595563580087,63.68337374258447,12.955736770085903,4.553176008464584,0.9362100629611726,-137.44801607852324,-1.333409252697135,1.333409252697135,0.027258189321640442,7,0.18374999999999986,2646,0.6393828230780566,284.8181818181818,39.39501164041915,6.087847222222222,0.434944279822398
RHF_MPM_P27,1446,0.0723,72.3,0,255,6.674166666666666,33.228914774384876,96108,376.8941176470588,24,253,255,1.1240304468682802,106,106,318,0.022083333333333333,23,23,0.6011342155009451,70.94025157232704,61.29874213836478,0.10159722222222223,0.009027777777777777,0.028958333333333332,0.01986111111111111,0.014305555555555556,1,74.05556249219627,63.85225995754776,13.45740083409,4.624741498684367,0.9390949254440535,-137.17903808007557,-1.4205625374528301,1.4205625374528301,0.027094518666500186,-1,-0.05673611111111132,-817,0.34392851292639176,293.09090909090907,35.773160445569566,6.2032007575757575,0.40591539839464985
RHF_MPM_P27,1447,0.07235,72.35,0,255,6.565138888888889,32.838805487015556,94538,370.7372549019608,23,252,255,1.142075408705788,108,108,305,0.021180555555555557,22,21,0.6601731601731602,70.52459016393442,60.77049180327869,0.10430555555555555,0.008819444444444444,0.028125,0.01923611111111111,0.013958333333333333,1,74.04221582855571,63.775793860669786,13.87615730210536,4.575458269872031,0.9440734407060144,-137.36255321766987,-1.5643227313465513,1.5643227313465513,0.02838012227887199,-13,-0.1090277777777775,-1570,0.07762214504950067,302.27272727272725,22.062270999443655,6.269280303030303,0.40025323124718665
RHF_MPM_P27,1448,0.0724,72.4,0,255,6.488819444444444,32.72955489896046,93439,366.42745098039217,22,252,255,1.127926931606273,108,108,305,0.021180555555555557,22,21,0.6601731601731602,70.52459016393442,60.75409836065574,0.10305555555555555,0.008958333333333334,0.02784722222222222,0.019305555555555555,0.014027777777777778,1,73.82532989436959,63.54340264771669,13.624833188452499,4.558921587945701,0.9423588839421558,-137.4725372981965,-1.6103151562724687,1.6103151562724687,0.02748317083872901,0,-0.0763194444444446,-1099,0.31787605179629225,307.1818181818182,14.977669328450158,6.3359532828282825,0.36896323906705636
RHF_MPM_P27,1449,0.07245,72.45,0,255,6.329861111111111,32.41939701411005,91150,357.45098039215685,22,252,255,1.0903777851230845,110,110,289,0.020069444444444445,22,20,0.6568181818181819,70.21799307958477,60.40138408304498,0.09868055555555555,0.009097222222222222,0.02722222222222222,0.01861111111111111,0.013819444444444445,1,73.55563357103675,63.236061437191445,13.28364675177714,4.452000473875743,0.9421651503709793,-137.85349291811917,-1.5871355861542542,1.5871355861542542,0.02552934722984092,-16,-0.15895833333333353,-2289,0.4088945175792567,308.3636363636364,12.829459899867729,6.406458333333333,0.27499685138744384
RHF_MPM_P27,1450,0.0725,72.5,0,255,6.176527777777777,32.111067305513664,88942,348.7921568627451,21,249,255,1.0709160973948402,110,110,284,0.01972222222222222,22,19,0.6794258373205742,70.12323943661971,60.179577464788736,0.09722222222222222,0.009027777777777777,0.026180555555555554,0.01826388888888889,0.013333333333333334,1,73.38820804569269,62.92826785995368,13.157471130267261,4.456811637728629,0.940884128166404,-138.39737720474346,-1.5800320809666428,1.5800320809666428,0.02610690112657687,-5,-0.15333333333333332,-2208,0.35038292299362284,308.45454545454544,12.65172382335622,6.454223484848485,0.16211050624088233
RHF_MPM_P27,1451,0.07255,72.55,0,255,6.067430555555555,31.83646311504677,87371,342.6313725490196,21,248,255,1.0522016883969247,109,109,282,0.019583333333333335,22,19,0.6746411483253588,70.04964539007092,60.12765957446808,0.09513888888888888,0.00875,0.026041666666666668,0.018055555555555554,0.01326388888888889,1,73.17620263016333,62.721921461354455,12.95235729523163,4.532029220975382,0.9367870741182218,-138.46259146312815,-1.6373316764424988,1.6373316764424988,0.027366059676551716,-2,-0.10909722222222218,-1571,0.2958464676629529,304.6363636363636,13.679930404346674,6.433440656565657,0.19280561941366495
RHF_MPM_P27,1452,0.0726,72.6,0,255,5.882777777777778,31.341601445568145,84712,332.20392156862744,20,245,255,1.0316752864337713,110,110,266,0.018472222222222223,21,18,0.7037037037037037,69.46616541353383,59.650375939849624,0.09347222222222222,0.008541666666666666,0.024791666666666667,0.017361111111111112,0.013055555555555556,1,72.81823118330342,62.28154216639909,12.75547792093238,4.719522681357216,0.9290318835883302,-138.88539285811945,-1.6828596184621922,1.6828596184621922,0.028213240154877705,-16,-0.1846527777777771,-2659,0.5675187047070411,299.27272727272725,16.01187575798839,6.378074494949495,0.24772009312565837
RHF_MPM_P27,1453,0.07265,72.65,0,255,5.717152777777778,31.140413367055732,82327,322.8509803921569,19,245,255,0.9846515582717857,111,111,263,0.01826388888888889,20,18,0.7305555555555555,69.33079847908745,59.49049429657795,0.08875,0.008541666666666666,0.023819444444444445,0.017083333333333332,0.012847222222222222,1,72.51450921325932,62.14144812758876,12.501433245740667,4.233782571107748,0.9409074597233779,-139.20146505227345,-1.8199864353348172,1.8199864353348172,0.029419267069126776,-3,-0.16562500000000036,-2385,0.3344747745311524,295.09090909090907,18.705636221371382,6.319368686868686,0.3124238606101952
RHF_MPM_P27,1454,0.0727,72.7,0,11,0.018680555555555554,0.3391139322799316,269,24.454545454545453,0,0,6,0.05654542599605776,3,8,9,0.000625,93,107,0.0009044317154054868,84.55555555555556,63.55555555555556,0.004583333333333333,0.0,0.0,0.0,0.0,0,83.58736059479554,63.468401486988846,32.55626449354161,25.904908478172217,0.605695422307663,118.8264228701242,0.033869367550256484,0.033869367550256484,0.0,-254,-5.698472222222223,-82058,11.152077964918101,268.3636363636364,84.08683036791382,5.745328282828282,1.8376722135057906
RHF_MPM_P27,1455,0.07275,72.75,0,255,3.283541666666667,22.514037749589267,47283,185.42352941176472,5,101,255,0.6986800712799598,103,103,143,0.009930555555555555,13,15,0.7333333333333333,64.57342657342657,54.70629370629371,0.059305555555555556,0.003611111111111111,0.014444444444444444,0.00875,0.006319444444444444,1,64.90776811962016,52.3712327897976,7.527051549726228,5.297207024683783,0.7104418462859906,93.33972809778038,-1.464365568671491,1.464365568671491,0.018315250724361822,134,3.264861111111111,47014,21.72727152986656,253.0,89.94543800650379,5.448636363636363,1.9446106080410548
RHF_MPM_P27,1456,0.0728,72.8,0,255,5.7271527777777775,27.52982597624283,82471,323.4156862745098,28,161,255,1.2439059712966627,98,98,240,0.016666666666666666,22,27,0.40404040404040403,60.50833333333333,50.32083333333333,0.11361111111111111,0.005138888888888889,0.024027777777777776,0.012986111111111111,0.009027777777777777,1,59.994155521334775,44.01467182403511,13.820379356370422,7.8514141956970365,0.8229566999158573,73.59830281402073,-0.7110064180586668,0.7110064180586668,0.038486255774757186,97,2.4436111111111107,35188,9.694106453950985,245.8181818181818,87.5098105480109,5.357386363636364,1.905455961528629
RHF_MPM_P27,1457,0.07285,72.85,0,255,6.715208333333333,30.873133174978054,96699,379.21176470588233,33,230,255,1.2811638700319135,99,99,304,0.021111111111111112,29,30,0.34942528735632183,58.56578947368421,49.088815789473685,0.11611111111111111,0.007361111111111111,0.030347222222222223,0.016319444444444445,0.01138888888888889,1,55.69228223663119,42.715819191511805,17.4871996904819,6.785649978343053,0.9216445309579246,58.52855865437905,-0.9381285200286471,0.9381285200286471,0.016266972771176537,64,0.9880555555555555,14228,4.493676881870693,244.54545454545453,86.54726888854503,5.3611174242424235,1.9080690772842577
RHF_MPM_P27,1458,0.0729,72.9,0,255,6.8575,31.202572443363273,98748,387.2470588235294,39,229,255,1.2459354407943142,109,109,249,0.017291666666666667,21,19,0.6240601503759399,60.89156626506024,51.80722891566265,0.111875,0.007430555555555556,0.035,0.015694444444444445,0.01173611111111111,1,53.30531251265848,43.28377283590554,19.199504293662876,4.5639654602192605,0.9713355165603931,47.73088537703108,-0.8990566272493383,0.8990566272493383,0.00728116012476202,-55,0.14229166666666693,2049,2.453608731102513,239.45454545454547,84.46340104271482,5.387695707070708,1.9266014899056825
RHF_MPM_P27,1459,0.07295,72.95,0,255,6.6866666666666665,32.41044310437952,96288,377.6,31,244,255,1.1512836511255564,108,108,292,0.020277777777777777,23,22,0.5770750988142292,60.21232876712329,51.02054794520548,0.10243055555555555,0.008055555555555555,0.030208333333333334,0.01861111111111111,0.013194444444444444,1,54.16099617813227,44.725043619142575,20.200040672268074,4.841587454087967,0.9708514345105381,45.186288794429224,-1.414983261052635,1.414983261052635,0.008796527085410436,43,-0.1708333333333334,-2460,1.6761431937550457,238.27272727272728,83.62480157235967,5.405681818181819,1.9376888735322757
RHF_MPM_P27,1460,0.073,73.0,0,255,6.150902777777778,32.73344056358018,88573,347.3450980392157,19,251,255,0.9387691957208917,108,108,305,0.021180555555555557,22,21,0.6601731601731602,60.32786885245902,51.14754098360656,0.081875,0.009097222222222222,0.027777777777777776,0.019375,0.014305555555555556,1,58.814638772537904,49.495986361532296,11.629402593675817,5.002782137788571,0.9027412610543782,-139.63120153448313,2.190827846002957,2.190827846002957,0.02815756494642837,13,-0.5357638888888889,-7715,6.664704348103338,239.72727272727272,84.62762380419176,5.389412878787879,1.9305994200478813
RHF_MPM_P27,1461,0.07305,73.05,0,255,6.91875,35.204680222217775,99630,390.70588235294116,21,255,255,0.9829836953487097,109,109,354,0.024583333333333332,25,24,0.59,58.94915254237288,50.067796610169495,0.08631944444444445,0.010138888888888888,0.031041666666666665,0.02298611111111111,0.016805555555555556,1,58.67903241995383,49.24694369165914,9.577212505782434,5.241808313822976,0.8369228527723287,-137.04401680789852,0.6228679625603885,0.6228679625603885,0.007859078590785908,49,0.7678472222222226,11057,0.2835689233303014,246.0909090909091,90.16797914342939,5.456887626262627,1.9695083889750087
RHF_MPM_P27,1462,0.0731,73.1,0,255,7.351180555555556,35.9663549182606,105857,415.12549019607843,25,255,255,1.0375151577532686,105,105,388,0.026944444444444444,29,26,0.5145888594164456,57.73453608247423,49.172680412371136,0.090625,0.010069444444444445,0.03423611111111111,0.02409722222222222,0.016944444444444446,1,57.58333412055887,48.46984138979945,10.36738455545809,5.255736251154143,0.8619759926048752,-136.76903791283843,0.4675945795735006,0.4675945795735006,0.006858308850619232,34,0.43243055555555543,6227,1.34329548158722,255.72727272727272,98.7467752376487,5.573592171717173,2.0390363100317
RHF_MPM_P27,1463,0.07315,73.15,0,255,6.964375,34.168053553533795,100287,393.2823529411765,27,253,255,1.042326867478395,104,104,353,0.02451388888888889,28,25,0.5042857142857143,58.1671388101983,49.95184135977337,0.09055555555555556,0.009097222222222222,0.033680555555555554,0.02125,0.014791666666666667,1,57.111480052250045,48.409065980635575,11.446078935472544,5.037970612829327,0.897925161095611,-137.54005161480598,0.7040609850696729,0.7040609850696729,0.006660883265029366,-35,-0.3868055555555552,-5570,0.4757519439147074,263.6363636363636,102.65943053458825,5.6719191919191925,2.0772948036598864
RHF_MPM_P27,1464,0.0732,73.2,0,255,6.670138888888889,33.22277201764274,96050,376.6666666666667,25,250,255,1.0714563251780929,109,109,305,0.021180555555555557,26,21,0.5586080586080586,59.7672131147541,51.265573770491805,0.0948611111111111,0.009097222222222222,0.03,0.019583333333333335,0.014305555555555556,1,57.530348776678814,48.807433628318584,11.991834176995459,4.924914378629339,0.9117754908997621,-139.77261533244285,0.9301198006206285,0.9301198006206285,0.015596043727225404,-48,-0.29423611111111114,-4237,0.5780551799137162,267.45454545454544,103.34352566813588,5.758554292929293,2.097152293264007
RHF_MPM_P27,1465,0.07325,73.25,0,255,6.515902777777778,32.87613998685053,93829,367.956862745098,24,250,255,1.0848430390223973,108,108,302,0.020972222222222222,25,22,0.5490909090909091,59.81456953642384,51.01655629139073,0.09666666666666666,0.008680555555555556,0.028194444444444446,0.019444444444444445,0.014027777777777778,1,57.49221456053033,48.62897398458899,12.590856631850968,4.8139096630137885,0.9240242905719105,-139.6386448603905,1.0952700628607213,1.0952700628607213,0.02054801820332733,-3,-0.15423611111111146,-2221,0.1824885280815036,294.09090909090907,63.29505875508701,6.3492108585858595,1.0517658050324694
RHF_MPM_P27,1466,0.0733,73.3,0,255,5.725555555555555,30.38086179785305,82448,323.3254901960784,21,230,255,1.0086453435250924,106,106,267,0.018541666666666668,23,21,0.5527950310559007,60.666666666666664,51.670411985018724,0.08909722222222222,0.007013888888888889,0.024722222222222222,0.01673611111111111,0.011875,1,57.43238162235591,48.54125024257714,13.593735302108753,4.348804043164237,0.9474471368599722,-138.88912927164426,1.3549381102571996,1.3549381102571996,0.025155249369299436,-35,-0.7903472222222225,-11381,0.10618585312151753,305.3636363636364,43.25037619862183,6.571212121212121,0.48774178815348307
RHF_MPM_P27,1467,0.07335,73.35,0,255,4.807847222222223,27.442821001715807,69233,271.5019607843137,18,194,255,0.9330595181234114,107,107,213,0.014791666666666667,20,18,0.5916666666666667,62.093896713615024,53.04225352112676,0.08284722222222222,0.005625,0.020069444444444445,0.013402777777777777,0.009583333333333333,1,57.83945517311109,48.98931145551977,14.706197379985186,4.25211591525169,0.957287520633441,-138.453641863039,1.6608296230071082,1.6608296230071082,0.03132899051030578,-54,-0.9177083333333327,-13215,0.605365778904,302.90909090909093,47.45228138103017,6.487638888888889,0.6699391306137844
RHF_MPM_P27,1468,0.0734,73.4,0,255,4.164166666666667,25.431907875628298,59964,235.1529411764706,15,154,255,0.8844676720553596,106,106,183,0.012708333333333334,17,16,0.6727941176470589,62.83606557377049,53.77049180327869,0.07972222222222222,0.0045138888888888885,0.016875,0.011597222222222222,0.008194444444444445,1,58.43416049629778,49.591388166233074,15.341011486264463,4.133063213494885,0.9630248184775665,-138.0424756941803,1.9427559319636083,1.9427559319636083,0.03970715762791008,-30,-0.643680555555556,-9269,0.846268743963722,291.90909090909093,58.632064676800034,6.255726010101011,0.9386701775564346
RHF_MPM_P27,1469,0.07345,73.45,0,255,3.6580555555555554,24.211384296493026,52676,206.57254901960783,12,137,255,0.7919996474032549,107,107,166,0.011527777777777777,16,14,0.7410714285714286,63.325301204819276,54.58433734939759,0.07090277777777777,0.004027777777777778,0.014791666666666667,0.010277777777777778,0.0077777777777777776,1,59.58814260763915,50.895417267825955,14.863233449856134,3.9659562512299384,0.9637436188922651,-137.79098627947405,2.3350240268827465,2.3350240268827465,0.04582732174045106,-17,-0.5061111111111112,-7288,1.7413117501174296,284.3636363636364,68.22459264313943,5.964867424242424,1.173467770538839
RHF_MPM_P27,1470,0.0735,73.5,0,255,3.4780555555555557,24.60483391073168,50084,196.4078431372549,6,151,255,0.6899296428152468,109,109,164,0.01138888888888889,16,13,0.7884615384615384,63.53658536585366,54.8780487804878,0.060625,0.004791666666666666,0.014513888888888889,0.010833333333333334,0.00798611111111111,1,61.28314431754652,52.563772861592525,12.730806051586256,3.647848585420079,0.9580691389850027,-138.49128006992137,3.1705210438645715,3.1705210438645715,0.038255730372973404,-2,-0.17999999999999972,-2592,2.378327392063827,272.72727272727275,76.36049777099879,5.673175505050505,1.3441660437327092
RHF_MPM_P27,1471,0.07355,73.55,0,11,0.019583333333333335,0.34404431844684713,282,25.636363636363637,0,0,7,0.05687144278721887,3,8,7,0.0004861111111111111,32,107,0.0020443925233644858,97.42857142857143,62.142857142857146,0.004652777777777777,0.0,0.0,0.0,0.0,0,81.70212765957447,62.758865248226954,31.457415615183457,26.79791224228325,0.5237386209431087,118.7764799303396,-0.008145442037474988,0.008145442037474988,0.0,-157,-3.4584722222222224,-49802,22.822681470283595,245.63636363636363,106.87143740135343,5.115782828282828,2.093104141614948
RHF_MPM_P27,1472,0.0736,73.6,0,255,3.495763888888889,22.566992460716364,50339,197.4078431372549,11,103,255,0.8134366671806508,105,105,143,0.009930555555555555,13,14,0.7857142857142857,67.12587412587412,57.13286713286713,0.070625,0.0029861111111111113,0.013541666666666667,0.008819444444444444,0.00625,1,69.6226583762093,57.175311388784046,7.465853132363101,6.743287965890211,0.42918346505987104,56.96663415465137,0.22730051520071468,0.22730051520071468,0.02093804008820199,136,3.4761805555555556,50057,13.307503592675166,226.45454545454547,104.61215263696108,4.804602272727273,2.0560451543965503
RHF_MPM_P27,1473,0.07365,73.65,0,255,5.181736111111111,26.450666076203202,74617,292.6156862745098,23,160,255,1.1656406956646368,104,104,200,0.013888888888888888,23,21,0.4140786749482402,69.595,60.08,0.10708333333333334,0.005138888888888889,0.02013888888888889,0.011458333333333333,0.008472222222222223,1,77.24519881528337,65.90093410348848,17.853613221391587,4.980561130678764,0.9603008155344958,-139.04537269897065,-1.1142070463195068,1.1142070463195068,0.02699116823244033,57,1.6859722222222224,24278,11.586182050385949,209.36363636363637,91.33880259508624,4.607380050505051,1.900474696041955
RHF_MPM_P27,1474,0.0737,73.7,0,255,5.667569444444444,28.544144241530322,81613,320.0509803921569,26,195,255,1.1213847225685667,109,109,202,0.014027777777777778,17,17,0.698961937716263,68.97029702970298,59.742574257425744,0.10055555555555555,0.00625,0.026944444444444444,0.013055555555555556,0.009791666666666667,1,77.61488978471567,66.43741805839755,18.659738757021792,4.346195402119619,0.9724962962616097,-139.64628498969762,-1.1063180161781732,1.1063180161781732,0.0204011615796503,2,0.4858333333333329,6996,0.6515262441027783,195.63636363636363,79.26970386227782,4.489488636363637,1.7874699969896344
RHF_MPM_P27,1475,0.07375,73.75,0,255,5.533194444444445,29.48809332813599,79678,312.4627450980392,23,216,255,0.9871223929613779,107,107,241,0.01673611111111111,21,20,0.5738095238095238,69.88381742738589,60.77593360995851,0.08625,0.007152777777777778,0.022847222222222224,0.01513888888888889,0.010972222222222222,1,75.7858756494892,65.04203167750194,17.85339183643,4.204980758463965,0.9718674674325002,-141.09110641213834,-1.633789458244986,1.633789458244986,0.022904691382815832,39,-0.13437499999999947,-1935,2.3005207799207565,189.8181818181818,73.14098239554295,4.386130050505051,1.6885203907974087
RHF_MPM_P27,1476,0.0738,73.8,0,255,5.420347222222222,30.469340963800406,78053,306.09019607843135,15,231,255,0.8452877958231347,107,107,266,0.018472222222222223,23,22,0.525691699604743,70.65413533834587,61.244360902255636,0.07215277777777777,0.007569444444444445,0.024722222222222222,0.016666666666666666,0.012013888888888888,1,72.3753731438894,62.392105364303745,10.36195518933102,4.37205117975351,0.9066269992407419,-138.01642031892655,-1.0859637328044351,1.0859637328044351,0.017539364278118714,25,-0.11284722222222232,-1625,4.318985622351925,186.54545454545453,68.71993707844992,4.286534090909091,1.5893587212548876
RHF_MPM_P27,1477,0.07385,73.85,0,255,5.723333333333334,31.292129113316093,82416,323.2,18,237,255,0.8960746797866372,106,106,288,0.02,23,22,0.5691699604743083,71.15972222222223,61.704861111111114,0.07715277777777778,0.007569444444444445,0.025833333333333333,0.018194444444444444,0.012708333333333334,1,72.72693409046786,62.70192681032809,10.666410096328176,4.398857077804164,0.9110016216605977,-137.53502576669766,-0.9868870141584885,0.9868870141584885,0.02304164239953407,22,0.3029861111111112,4363,0.468598364888054,188.45454545454547,71.17630304885525,4.286332070707071,1.589175928000608
RHF_MPM_P27,1478,0.0739,73.9,0,255,6.0870138888888885,32.224371784667476,87653,343.7372549019608,20,245,255,0.9540610168075274,106,106,306,0.02125,23,23,0.5784499054820416,71.3921568627451,61.8562091503268,0.08333333333333333,0.008125,0.02722222222222222,0.01902777777777778,0.013125,1,73.17241851391282,63.05480702314809,11.03199916633904,4.469452840067093,0.9142567191052914,-137.68215675016893,-1.1086851686762387,1.1086851686762387,0.02427754897151267,18,0.3636805555555549,5237,0.5683140119088858,196.9090909090909,78.71404465815667,4.40261994949495,1.6679330379596506
RHF_MPM_P27,1479,0.07395,73.95,0,255,6.198263888888889,32.32218338312845,89255,350.01960784313724,21,247,255,0.9858453322227944,106,106,306,0.02125,23,23,0.5784499054820416,71.2124183006536,61.56209150326797,0.08631944444444445,0.008263888888888888,0.027777777777777776,0.018819444444444444,0.01361111111111111,1,73.28154165032771,63.12928127275783,11.29242482038566,4.473082420899983,0.918201535564469,-137.31972286111107,-1.0302886292743931,1.0302886292743931,0.020066102739342333,0,0.11125000000000007,1602,0.1321146197661591,208.0909090909091,84.4699565154322,4.587537878787879,1.7423428050385903
RHF_MPM_P27,1480,0.074,74.0,0,255,6.1807638888888885,32.184089055080655,89003,349.03137254901964,23,247,255,0.9936613060194778,108,108,294,0.020416666666666666,22,21,0.6363636363636364,70.73469387755102,61.142857142857146,0.08715277777777777,0.008472222222222223,0.02673611111111111,0.018472222222222223,0.01361111111111111,1,73.24684561194566,63.14555689134074,11.429364855830089,4.494343153805614,0.91944111033417,-137.26955300603973,-1.1902691123498208,1.1902691123498208,0.019392604743660325,-12,-0.01750000000000007,-252,0.038323763380768726,219.72727272727272,86.65825345898672,4.816875,1.7707015562971258
RHF_MPM_P27,1481,0.07405,74.05,0,255,6.240208333333333,32.03440004226251,89859,352.38823529411764,24,246,255,1.025858435491003,107,107,293,0.02034722222222222,22,21,0.6341991341991342,70.4778156996587,61.051194539249146,0.09020833333333333,0.008125,0.026805555555555555,0.018541666666666668,0.013333333333333334,1,73.51785575178891,63.47960693976118,12.245700416570681,4.49545553993163,0.9301795835021066,-137.52654889552133,-1.2626067354939319,1.2626067354939319,0.02062119542839337,-1,0.059444444444444855,856,0.4301580299698728,231.45454545454547,87.05104420695172,5.067979797979798,1.7588496879780604
RHF_MPM_P27,1482,0.0741,74.1,0,255,6.391875,32.468890719270505,92043,360.9529411764706,24,250,255,1.0691433515839346,108,108,299,0.020763888888888887,22,21,0.6471861471861472,70.48160535117057,60.89297658862876,0.0954861111111111,0.008680555555555556,0.026875,0.018958333333333334,0.013888888888888888,1,73.58970263898395,63.45325554360462,12.73738325772523,4.600613737241946,0.9324922956993408,-137.9892791553235,-1.2867950837488442,1.2867950837488442,0.02535771324272351,6,0.1516666666666664,2184,0.07652693172352096,258.0,52.03844732503075,5.64727904040404,0.7748314996047144
RHF_MPM_P27,1483,0.07415,74.15,0,255,6.4586805555555555,32.72320088311722,93005,364.72549019607845,24,250,255,1.0763957102972037,109,109,300,0.020833333333333332,22,20,0.6818181818181818,70.44,60.663333333333334,0.09659722222222222,0.008958333333333334,0.02722222222222222,0.019166666666666665,0.014097222222222223,1,73.77434546529757,63.48117843126714,13.013664219133405,4.375358110163698,0.9417861093926919,-138.4535290742877,-1.453556020533118,1.453556020533118,0.02697704424493307,1,0.06680555555555578,962,0.1867422313363945,272.27272727272725,38.24107955182824,5.916635101010101,0.4084647298593882
RHF_MPM_P27,1484,0.0742,74.2,0,11,0.017986111111111112,0.3210596168702575,259,23.545454545454547,0,0,6,0.05554577563858412,2,8,8,0.0005555555555555556,32,107,0.002336448598130841,96.125,56.375,0.0045138888888888885,0.0,0.0,0.0,0.0,0,87.4015444015444,57.818532818532816,31.5113661195564,24.909292275536785,0.6124801696386798,93.63491158022629,-0.04929735249481999,0.04929735249481999,0.0,-292,-6.4406944444444445,-92746,14.756900290490071,254.8181818181818,83.85682406428685,5.447203282828283,1.7494215308982877
RHF_MPM_P27,1485,0.07425,74.25,0,255,3.9026388888888888,23.526724608709202,56198,220.3843137254902,14,116,255,0.8800469804965634,104,104,155,0.010763888888888889,13,15,0.7948717948717948,64.63225806451612,55.019354838709674,0.07659722222222222,0.0033333333333333335,0.017430555555555557,0.009097222222222222,0.006597222222222222,1,64.6333677355066,52.99651233139969,8.192460480409268,5.786224665771139,0.7079260599448303,116.6754237355186,-1.4681651335732293,1.4681651335732293,0.018844086978184276,147,3.8846527777777777,55939,23.273198110148932,250.54545454545453,87.55503582045216,5.286755050505051,1.8019981473732625
RHF_MPM_P27,1486,0.0743,74.3,0,255,6.3748611111111115,27.351630689404956,91798,359.9921568627451,29,167,255,1.6231650024614221,99,99,226,0.015694444444444445,22,24,0.42803030303030304,60.85840707964602,51.34513274336283,0.16125,0.005208333333333333,0.022569444444444444,0.012430555555555556,0.008680555555555556,1,58.720026580099784,45.13860868428506,15.750900219797849,10.322929779597128,0.7552935421648158,86.83034342887153,-0.4795132226669112,0.4795132226669112,0.03778949432449509,71,2.4722222222222228,35600,9.834340514115087,249.1818181818182,87.80952338268449,5.363270202020202,1.8285118819366983
RHF_MPM_P27,1487,0.07435,74.35,0,255,6.393263888888889,29.12951436949447,92063,361.03137254901964,28,189,255,1.4377756415211467,94,94,295,0.02048611111111111,31,33,0.2883675464320626,58.20677966101695,48.20338983050848,0.1363888888888889,0.0059722222222222225,0.0275,0.014375,0.009652777777777777,1,54.95936478281177,45.248981675591715,18.35413859264218,12.541479192184818,0.7301328237660197,68.85826089230135,-0.690186616155937,0.690186616155937,0.07255900850504546,69,0.018402777777777324,265,3.7622811365967204,251.8181818181818,88.70566055712585,5.4517171717171715,1.8525066655269704
RHF_MPM_P27,1488,0.0744,74.4,0,255,6.423402777777778,30.142275490653265,92497,362.73333333333335,32,210,255,1.2360882668922932,102,102,269,0.018680555555555554,29,32,0.28987068965517243,60.42379182156134,50.60966542750929,0.11069444444444444,0.006458333333333333,0.029652777777777778,0.015902777777777776,0.010416666666666666,1,54.45350660021406,46.046271770976354,19.516381526545196,10.97886734481306,0.826765813664985,63.82907579155845,-0.6401279123145379,0.6401279123145379,0.03650929219326032,-26,0.030138888888888715,434,0.944226666166287,250.0909090909091,88.16766521850651,5.515359848484849,1.8726605693613119
RHF_MPM_P27,1489,0.07445,74.45,0,255,6.345347222222222,31.53686289736528,91373,358.3254901960784,26,237,255,1.119367164335912,105,105,293,0.02034722222222222,23,24,0.5307971014492754,60.208191126279864,50.44709897610922,0.09923611111111111,0.007152777777777778,0.027916666666666666,0.018194444444444444,0.0125,1,56.99418865529204,46.21053265187747,17.1170442118626,7.25323247501643,0.9057823313711761,61.83404697547114,-1.0612534041537611,1.0612534041537611,0.03205542118568943,24,-0.07805555555555532,-1124,2.545986437903721,248.9090909090909,87.49488769008637,5.538844696969697,1.8812823834218713
RHF_MPM_P27,1490,0.0745,74.5,0,255,6.226805555555556,32.73117488328167,89666,351.6313725490196,20,249,255,0.9482258020618395,107,107,308,0.021388888888888888,22,24,0.5833333333333334,60.25,50.688311688311686,0.08222222222222222,0.008611111111111111,0.028194444444444446,0.019375,0.013958333333333333,1,58.97349050922312,48.49023041063502,11.847021526110268,4.9746942382555375,0.9075653043698904,53.864798251061536,-1.476228414552585,1.476228414552585,0.03794080253384784,15,-0.11854166666666632,-1707,3.0190491384307068,249.0909090909091,87.61533131245773,5.541439393939394,1.8822095304867597
RHF_MPM_P27,1491,0.07455,74.55,0,255,7.018541666666667,35.29197859895106,101067,396.3411764705882,23,255,255,1.0229759533720744,109,109,351,0.024375,24,24,0.609375,59.33618233618234,50.21367521367522,0.09027777777777778,0.010138888888888888,0.03090277777777778,0.02277777777777778,0.016944444444444446,1,58.64972740855076,48.84338112341318,10.67873429384209,5.21765711992003,0.8725064581279055,49.655327534650404,-1.1421377018738854,1.1421377018738854,0.02152037757131408,43,0.7917361111111108,11401,0.4791012119507757,254.27272727272728,91.7081248597378,5.61760101010101,1.923045139353938
RHF_MPM_P27,1492,0.0746,74.6,0,255,7.464166666666666,36.15889462382204,107484,421.50588235294117,26,255,255,1.0796423690548298,107,107,385,0.02673611111111111,28,26,0.5288461538461539,58.08571428571429,49.32987012987013,0.09576388888888888,0.010555555555555556,0.03395833333333333,0.02409722222222222,0.017361111111111112,1,57.904981206505155,48.63223363477355,10.725130466353441,4.866439392192587,0.8911332283211741,45.62091089957597,-0.718871627481363,0.718871627481363,0.012932157344348926,34,0.4456249999999997,6417,0.7740995849502671,262.6363636363636,98.78099994641289,5.728869949494949,1.9900914777369532
RHF_MPM_P27,1493,0.07465,74.65,0,12,0.021597222222222223,0.3691472214488348,311,25.916666666666668,0,0,7,0.06201362050761102,3,8,10,0.0006944444444444445,89,107,0.0010500892575868949,89.6,63.4,0.005069444444444444,0.0,0.0,0.0,0.0,0,83.59163987138264,61.91318327974277,35.24375886066421,25.310272986385748,0.6958892868210026,115.39100198462353,-0.17151712178163261,0.17151712178163261,0.0,-375,-7.442569444444445,-107173,28.91691644761131,236.36363636363637,121.44753654245692,5.149753787878788,2.5585748955718266
RHF_MPM_P27,1494,0.0747,74.7,0,255,3.5522222222222224,23.027270561362087,51152,200.59607843137255,12,105,255,0.8274913763185101,109,109,140,0.009722222222222222,13,13,0.8284023668639053,67.05,57.114285714285714,0.07284722222222222,0.0033333333333333335,0.01375,0.009236111111111112,0.006458333333333333,1,70.37261495151705,58.07450344072568,8.93084322094343,5.622052489321037,0.7769926191390727,-157.70239194535432,-0.7423767453699588,0.7423767453699588,0.020331560838285894,130,3.530625,50841,13.765103804131073,221.8181818181818,122.53149367468251,4.885530303030302,2.559833512510359
RHF_MPM_P27,1495,0.07475,74.75,0,255,5.233402777777778,25.99268130602649,75361,295.53333333333336,23,149,255,1.2845093010857032,103,103,199,0.013819444444444445,19,22,0.47607655502392343,68.94974874371859,60.42713567839196,0.123125,0.004791666666666666,0.019166666666666665,0.011527777777777777,0.007916666666666667,1,77.36529504650947,65.33169676623187,17.18534556888997,6.345081538677508,0.9293441419033697,-146.81713007260032,-0.9767966598650764,0.9767966598650764,0.02562333302371253,59,1.6811805555555557,24209,10.077917933515577,239.1818181818182,102.97379912281144,5.35965909090909,2.0457377719060297
RHF_MPM_P27,1496,0.0748,74.8,0,255,5.333472222222222,27.485491963929416,76802,301.1843137254902,24,182,255,1.1211313962776268,106,106,209,0.014513888888888889,20,19,0.55,69.1866028708134,59.866028708133975,0.10131944444444445,0.005833333333333334,0.021319444444444443,0.012916666666666667,0.009027777777777777,1,75.81336423530637,67.10429415900627,18.678567788763228,4.443067222138013,0.9712970489410923,48.92327032707129,1.2811084488444138,1.2811084488444138,0.0221869222155673,10,0.10006944444444432,1441,2.3559691762907544,244.0909090909091,100.09037238729856,5.489734848484848,1.9937888667886068
RHF_MPM_P27,1497,0.07485,74.85,0,255,5.457222222222223,29.504436635408567,78584,308.17254901960786,21,217,255,0.9499611126768626,108,108,242,0.016805555555555556,21,20,0.5761904761904761,69.85950413223141,60.81404958677686,0.0825,0.007013888888888889,0.022916666666666665,0.015277777777777777,0.011041666666666667,1,74.7259874783671,66.03574518986053,18.40889000454264,3.832215919046553,0.9780922286821447,49.02918171341164,1.7165473937865765,1.7165473937865765,0.021505650005090096,33,0.12375000000000025,1782,1.524527832148095,245.54545454545453,99.93303542997147,5.406313131313131,1.9741095128702564
