video_id,frame_index,physical_time_s,physical_time_ms,pixel_min,pixel_max,mean_intensity,std_intensity,total_intensity,effective_area,p95,p99,p999,entropy,otsu_threshold,segmentation_threshold,threshold_area,threshold_area_fraction,bbox_width,bbox_height,bbox_fill,threshold_centroid_x,threshold_centroid_y,nonzero_fraction,saturation_fraction,bright_fraction_64,bright_fraction_128,bright_fraction_200,active_candidate,centroid_x,centroid_y,major_sigma,minor_sigma,eccentricity,orientation_deg,tail_skewness,abs_tail_skewness,outer_intensity_fraction,delta_area,delta_mean_intensity,delta_total_intensity,centroid_motion,rolling_area_mean,rolling_area_std,rolling_intensity_mean,rolling_intensity_std
RHF_MPM_P23,0,0.0,0.0,0,12,0.022430555555555554,0.37432855912616286,323,26.916666666666668,0,0,7,0.06489510617190243,3,8,10,0.0006944444444444445,93,107,0.0010049241282283187,83.2,67.0,0.005347222222222222,0.0,0.0,0.0,0.0,0,79.14551083591331,64.0,36.021762563301245,26.993055972245948,0.6621694735881573,126.1218203726773,-0.1412907391539272,0.1412907391539272,0.0,0.0,0.0,0.0,0.0,10.0,0.0,0.022430555555555554,0.0
RHF_MPM_P23,1,5e-05,0.05,0,255,2.9569444444444444,21.601050169872718,42580,166.98039215686273,1,88,255,0.626347288434213,105,105,131,0.009097222222222222,12,14,0.7797619047619048,65.73282442748092,57.69465648854962,0.0525,0.003125,0.012430555555555556,0.008263888888888888,0.005833333333333334,1,66.69565523720057,59.40054015969939,7.567253664260625,4.997548193450816,0.7508984439918099,73.6538617623988,0.0009062793061603407,0.0009062793061603407,0.012306247064349459,121,2.9345138888888886,42257,13.272299546474123,70.5,60.5,1.4896875,1.4672569444444443
RHF_MPM_P23,2,0.0001,0.1,0,255,5.017569444444445,25.82647833099373,72253,283.3450980392157,26,151,255,1.0953107996593296,99,99,209,0.014513888888888889,17,26,0.47285067873303166,67.53588516746412,61.81818181818182,0.09791666666666667,0.0044444444444444444,0.01923611111111111,0.011527777777777777,0.007569444444444445,1,70.34145295005052,69.10396800132867,16.027958735224885,4.516082851506938,0.9594840870414771,69.73591353166374,0.9853275782726667,0.9853275782726667,0.013286645537209528,78,2.0606250000000004,29673,10.365729730256726,116.66666666666667,81.87117251443811,2.6656481481481484,2.0496330206485722
RHF_MPM_P23,3,0.00015,0.15,0,255,5.604236111111111,27.613703750731094,80701,316.4745098039216,26,164,255,1.1331494814771417,89,89,283,0.01965277777777778,25,41,0.2760975609756098,68.35335689045937,66.30742049469964,0.10069444444444445,0.005138888888888889,0.028125,0.012083333333333333,0.008472222222222223,1,71.05329549819704,70.55832021908031,16.776713774575516,5.241937117051276,0.949933169825864,63.681864442367775,0.8931938239944344,0.8931938239944344,0.03738491468507205,74,0.586666666666666,8448,1.6192159172361382,158.25,101.0677371865028,3.4002951388888887,2.184002115958916
RHF_MPM_P23,4,0.0002,0.2,0,255,5.926875,28.44986818873854,85347,334.6941176470588,31,191,255,1.1599615397668013,106,106,221,0.015347222222222222,13,24,0.7083333333333334,66.05429864253394,61.76923076923077,0.10319444444444445,0.005625,0.02701388888888889,0.013333333333333334,0.009583333333333333,1,70.65207915919716,72.82895708109248,19.894080409623047,6.03500478634275,0.952877035801099,64.90314806017359,0.9626722255802495,0.9626722255802495,0.01766904519198097,-62,0.32263888888888914,4646,2.305811421129,170.8,93.81769555899356,3.905611111111111,2.1993792581412546
RHF_MPM_P23,5,0.00025,0.25,0,255,5.972361111111111,29.972970461968618,86002,337.2627450980392,29,219,255,1.0837797297665976,104,104,264,0.018333333333333333,14,28,0.673469387755102,65.98863636363636,63.06060606060606,0.0954861111111111,0.006597222222222222,0.02340277777777778,0.015902777777777776,0.01125,1,67.51289504895234,71.65200809283505,19.585398017061863,5.294497062774917,0.9627680624731426,81.18657799011423,1.19783610007144,1.19783610007144,0.025022673891304855,43,0.045486111111110894,655,3.3525640633660854,186.33333333333334,92.41873306977445,4.250069444444445,2.150422125529203
RHF_MPM_P23,6,0.0003,0.3,0,255,5.350208333333334,30.93801699834575,77043,302.1294117647059,12,239,255,0.7805958890038347,108,108,271,0.018819444444444444,14,25,0.7742857142857142,65.77859778597787,62.68265682656826,0.0661111111111111,0.0077083333333333335,0.024791666666666667,0.017361111111111112,0.012708333333333334,1,66.03770621600924,63.63665745103384,8.789778802784271,4.461440942550053,0.8616096584070884,86.79289248089908,0.9789894846262692,0.9789894846262692,0.009384369767532416,7,-0.6221527777777771,-8959,8.14997104313034,198.42857142857142,90.54731540211787,4.407232142857143,2.0277819228419567
RHF_MPM_P23,7,0.00035,0.35,0,255,6.017569444444445,33.18875369564482,86653,339.8156862745098,15,251,255,0.8239926866677642,108,108,315,0.021875,15,28,0.75,65.79047619047618,63.46984126984127,0.07027777777777777,0.00875,0.02715277777777778,0.019930555555555556,0.01513888888888889,1,65.93936736177628,64.03760977692636,8.450165296066025,4.6343190728885695,0.8361968635177922,88.10509064723152,0.24185615062095905,0.24185615062095905,0.006993410499347974,44,0.6673611111111111,9610,0.4128356790424883,213.0,93.0604642154766,4.608524305555555,1.9701628940586806
RHF_MPM_P23,8,0.0004,0.4,0,255,6.889861111111111,35.2831358439228,99214,389.07450980392156,21,255,255,0.9393165359590931,108,108,359,0.024930555555555556,16,30,0.7479166666666667,65.81058495821728,64.3899721448468,0.08180555555555556,0.010416666666666666,0.03131944444444444,0.022708333333333334,0.016875,1,65.96436994778962,65.36541213941581,9.231164009720125,4.814532449165842,0.8532194713973283,88.24419147533283,0.3677882393602029,0.3677882393602029,0.007761001471566512,44,0.8722916666666665,12561,1.328037741609748,229.22222222222223,99.01153443219272,4.862006172839505,1.9910509435977106
RHF_MPM_P23,9,0.00045,0.45,0,255,7.696736111111111,37.26503858119753,110833,434.6392156862745,27,255,255,1.0254828215558236,108,108,402,0.027916666666666666,16,32,0.78515625,66.04975124378109,65.83830845771145,0.08986111111111111,0.011597222222222222,0.035347222222222224,0.025625,0.018958333333333334,1,66.1579583697996,66.75334061155071,10.031113979775029,4.886016871796581,0.8733539172002102,88.11215929439459,0.2957630483452303,0.2957630483452303,0.007019569983669123,43,0.8068749999999998,11619,1.4013643069876722,246.5,107.283036869768,5.145479166666666,2.0714892995294956
RHF_MPM_P23,10,0.0005,0.5,0,255,7.87,37.202899603241804,113328,444.4235294117647,30,255,255,1.1079952403525128,106,106,407,0.02826388888888889,16,34,0.7481617647058824,66.08599508599508,66.01965601965603,0.09868055555555555,0.011597222222222222,0.03625,0.025694444444444443,0.018333333333333333,1,66.13915360722858,67.30132888606522,10.76424196555519,4.956826159394427,0.8876648735147213,87.12385498971135,0.4506742904446658,0.4506742904446658,0.008850416490187774,5,0.1732638888888891,2495,0.5483108316463768,261.09090909090907,112.21525949179069,5.393162878787878,2.124721875235948
RHF_MPM_P23,11,0.00055,0.55,0,255,8.054722222222223,37.55598125066921,115988,454.85490196078433,32,255,255,1.1136191225779193,108,108,409,0.028402777777777777,16,35,0.7303571428571428,66.06112469437653,66.32518337408312,0.09888888888888889,0.01173611111111111,0.03701388888888889,0.025625,0.018819444444444444,1,66.20640928371901,67.9569093354485,11.317920479306782,4.838012582901219,0.9040319945211307,86.0922586466672,0.5023146351846609,0.5023146351846609,0.00810428665034314,2,0.18472222222222268,2660,0.6590212831417271,297.3636363636364,86.79785578339504,6.123371212121211,1.415266105983866
RHF_MPM_P23,12,0.0006,0.6,0,255,7.997152777777778,37.02045688540913,115159,451.60392156862747,34,255,255,1.1459988901598348,107,107,399,0.027708333333333335,16,36,0.6927083333333334,66.03508771929825,66.06015037593986,0.10180555555555555,0.011527777777777777,0.03652777777777778,0.025069444444444443,0.018194444444444444,1,66.22162401549163,68.2354570637119,11.995312062619028,4.7763666237291575,0.9173046513805078,86.9186411463315,0.6307564829554206,0.6307564829554206,0.009065726517250064,-10,-0.057569444444444784,-829,0.27896294553867945,321.72727272727275,73.2344813335791,6.581571969696969,1.0957824627458739
RHF_MPM_P23,13,0.00065,0.65,0,255,7.8684722222222225,36.5230015865087,113306,444.33725490196076,34,255,255,1.1558463438641833,109,109,376,0.026111111111111113,16,33,0.7121212121212122,65.89627659574468,65.24202127659575,0.103125,0.011319444444444444,0.035486111111111114,0.023958333333333335,0.017638888888888888,1,66.15761742537906,68.48681446701852,12.673325766298403,4.664618385699571,0.929799726868715,86.73114844242826,0.8027530904880352,0.8027530904880352,0.012338269818014932,-23,-0.12868055555555546,-1853,0.2593788498989114,336.90909090909093,65.15639164273009,6.84074494949495,1.0304130970016485
RHF_MPM_P23,14,0.0007,0.7,0,255,7.728263888888889,36.012109939070434,111287,436.41960784313727,31,255,255,1.1978067964516068,109,109,368,0.025555555555555557,16,33,0.696969696969697,65.8070652173913,64.94021739130434,0.10805555555555556,0.010972222222222222,0.03388888888888889,0.02340277777777778,0.017291666666666667,1,66.15509448542956,68.43253030452793,13.131297717102571,4.665118506339333,0.9347648171933081,86.80959267444379,1.0054920644586987,1.0054920644586987,0.018573597994374906,-8,-0.1402083333333337,-2019,0.05434275962162258,344.6363636363636,63.31920967644485,7.033838383838384,0.9783038474517303
RHF_MPM_P23,15,0.00075,0.75,0,255,7.656527777777778,35.94722326085695,110254,432.3686274509804,29,255,255,1.1947232837880386,109,109,364,0.025277777777777777,16,31,0.7338709677419355,65.81043956043956,64.66758241758242,0.10881944444444444,0.011319444444444444,0.03277777777777778,0.023333333333333334,0.017430555555555557,1,66.08926660257224,68.34052279282385,13.366810174603682,4.694587549744163,0.9362958675620985,86.62592868907684,1.1038695092515005,1.1038695092515005,0.022266765831625155,-4,-0.071736111111111,-1033,0.11313130588592148,357.6363636363636,49.84753614276369,7.191079545454546,0.9253139090709963
RHF_MPM_P23,16,0.0008,0.8,0,255,7.586041666666667,35.661934454735054,109239,428.38823529411764,29,255,255,1.2083791096405008,110,110,355,0.024652777777777777,16,31,0.7157258064516129,65.74647887323944,64.40563380281691,0.11055555555555556,0.010902777777777779,0.03277777777777778,0.022847222222222224,0.017013888888888887,1,66.0364338743489,68.38595190362416,13.644897008423191,4.66020556507338,0.9398691721574624,87.399483334684,1.1158648028846905,1.1158648028846905,0.023334157214914088,-9,-0.07048611111111125,-1015,0.06967855681361418,365.90909090909093,40.247991582764485,7.337777777777779,0.8448916285252329
RHF_MPM_P23,17,0.00085,0.85,0,255,7.2896527777777775,35.061262711645064,104971,411.65098039215684,26,255,255,1.1488477535019745,110,110,341,0.023680555555555555,16,31,0.6875,65.72727272727273,63.9941348973607,0.10423611111111111,0.010833333333333334,0.03138888888888889,0.022083333333333333,0.01638888888888889,1,66.00378199693249,68.03802002457822,13.555742651973173,4.4823885328635615,0.9437487418272283,87.33419298706507,1.2023408995558866,1.2023408995558866,0.023158777186079966,-14,-0.29638888888888903,-4268,0.3494606380627984,372.27272727272725,28.581910710005214,7.51409090909091,0.5690657974099598
RHF_MPM_P23,18,0.0009,0.9,0,255,7.088333333333333,34.644650100059536,102072,400.2823529411765,25,255,255,1.1499617772803612,110,110,331,0.02298611111111111,16,30,0.6895833333333333,65.71601208459215,63.55891238670695,0.10506944444444444,0.010625,0.030069444444444444,0.021458333333333333,0.016319444444444445,1,65.94621443686809,67.39073399169214,13.25075553719037,4.555303738797664,0.9390513505670125,88.26364934488639,1.241656967406266,1.241656967406266,0.02381652167097735,-10,-0.2013194444444446,-2899,0.6498409284903168,373.72727272727275,25.912758911010716,7.611433080808081,0.3567093592098308
RHF_MPM_P23,19,0.00095,0.95,0,255,6.887986111111111,34.24848974934396,99187,388.96862745098036,24,255,255,1.1211731408499006,111,111,319,0.022152777777777778,16,29,0.6875,65.69592476489028,63.10344827586207,0.10208333333333333,0.010486111111111111,0.029097222222222222,0.020833333333333332,0.015902777777777776,1,65.97537983808363,67.05307147105971,13.224105462784493,4.591477262740227,0.9377892073198489,88.11718289801722,1.2715893928001787,1.2715893928001787,0.025174670067649993,-12,-0.2003472222222218,-2885,0.33891975225399995,370.09090909090907,30.17962752181299,7.611262626262627,0.3570544047335415
RHF_MPM_P23,20,0.001,1.0,0,255,6.606736111111111,33.70564157628885,95137,373.0862745098039,22,255,255,1.062128530641859,111,111,311,0.021597222222222223,16,27,0.7199074074074074,65.69774919614147,62.733118971061096,0.09638888888888889,0.010208333333333333,0.02784722222222222,0.02020833333333333,0.015416666666666667,1,65.93138316322776,66.49974247663896,12.881737387378566,4.4092190274746015,0.9395963610861376,88.34215721933445,1.4464485895549601,1.4464485895549601,0.02698214154324816,-8,-0.28125,-4050,0.5550753853892763,361.8181818181818,32.66863433664602,7.512171717171717,0.4568792400083888
RHF_MPM_P23,21,0.00105,1.05,0,255,6.358194444444444,33.2407552238375,91558,359.0509803921569,20,254,255,1.0105669985021242,110,110,303,0.021041666666666667,16,27,0.7013888888888888,65.68646864686468,62.47194719471947,0.0913888888888889,0.01,0.026944444444444444,0.019583333333333335,0.015069444444444444,1,65.94846982240766,65.85787151313922,12.362493298060416,4.352198146174711,0.9359817311267596,88.4254750625609,1.5032992470202655,1.5032992470202655,0.028167937263810918,-8,-0.2485416666666671,-3579,0.6420983473783561,352.3636363636364,33.26825603340416,7.374734848484849,0.5470557295706919
RHF_MPM_P23,22,0.0011,1.1,0,255,6.300208333333333,33.126568306034585,90723,355.77647058823527,19,254,255,1.00474333124329,112,112,294,0.020416666666666666,16,26,0.7067307692307693,65.79931972789116,62.11904761904762,0.09083333333333334,0.00986111111111111,0.027083333333333334,0.019583333333333335,0.014930555555555556,1,66.02060117059621,65.39056248139943,12.110961032342239,4.442491199935522,0.9302936143202715,88.08441076408738,1.5122386902281102,1.5122386902281102,0.02771072385172448,-9,-0.05798611111111107,-835,0.4728431690709677,341.90909090909093,31.86749425484603,7.215233585858587,0.580309236259244
RHF_MPM_P23,23,0.00115,1.15,0,255,6.273263888888889,33.13096875637533,90335,354.2549019607843,18,254,255,1.0074013522096386,110,110,300,0.020833333333333332,16,26,0.7211538461538461,65.78333333333333,62.13666666666666,0.09131944444444444,0.00986111111111111,0.026944444444444444,0.019375,0.015069444444444444,1,65.97929927492113,65.183682957879,11.857490656496346,4.521603389645294,0.924439452232272,88.2685286159636,1.470868258140167,1.470868258140167,0.027021641667127914,6,-0.026944444444444215,-388,0.21096204359645854,332.90909090909093,28.247138376237,7.0585164141414145,0.5807591585676266
RHF_MPM_P23,24,0.0012,1.2,0,255,6.270347222222222,33.278657802820334,90293,354.09019607843135,18,255,255,1.004443071168088,111,111,301,0.020902777777777777,16,26,0.7235576923076923,65.75747508305648,62.12624584717608,0.09111111111111111,0.010069444444444445,0.026944444444444444,0.01951388888888889,0.015208333333333334,1,65.90524182384017,64.83338686276899,11.366586735463587,4.597414676349782,0.9145523816677348,88.53929770595708,1.4091563790164898,1.4091563790164898,0.025605528667781555,1,-0.0029166666666666785,-42,0.3580389089329965,326.09090909090907,25.98410194174523,6.9132323232323225,0.5594716118498515
RHF_MPM_P23,25,0.00125,1.25,0,255,6.234305555555555,33.22103317705638,89774,352.0549019607843,17,254,255,0.9727687148254658,111,111,300,0.020833333333333332,16,26,0.7211538461538461,65.77333333333333,62.086666666666666,0.08729166666666667,0.009930555555555555,0.026875,0.019444444444444445,0.015069444444444444,1,65.98365896584757,64.72611223739612,11.065148490544615,4.42540340967531,0.9165410103784808,88.64234520279919,1.427125081018835,1.427125081018835,0.023748524071557465,-1,-0.03604166666666675,-519,0.13287999627294172,319.90909090909093,23.22011097559631,6.7774179292929295,0.5254311983646157
RHF_MPM_P23,26,0.0013,1.3,0,255,6.288333333333333,33.33247794735806,90552,355.1058823529412,18,254,255,0.9856683764793424,111,111,304,0.021111111111111112,16,26,0.7307692307692307,65.77631578947368,62.20065789473684,0.08847222222222222,0.009791666666666667,0.02715277777777778,0.01986111111111111,0.015,1,65.96793002915452,64.67261904761905,10.833014861266115,4.502208314706901,0.909547182359711,88.87634867733036,1.2686376956711278,1.2686376956711278,0.02306961745737256,4,0.054027777777777786,778,0.05575769724459431,314.45454545454544,18.86007633438537,6.653036616161615,0.4605381418461921
RHF_MPM_P23,27,0.00135,1.35,0,255,6.162222222222222,33.14938520555355,88736,347.9843137254902,17,254,255,0.9516223943065203,111,111,297,0.020625,16,26,0.7139423076923077,65.76094276094275,61.95286195286195,0.08520833333333333,0.009791666666666667,0.02666666666666667,0.019444444444444445,0.015,1,65.97125180310134,64.27097232239451,10.422396721628521,4.559130181268236,0.8992496090149483,88.6828375938988,1.2372624994884855,1.2372624994884855,0.022572574828705373,-7,-0.12611111111111128,-1816,0.401660461168073,309.1818181818182,14.357881470836096,6.523598484848486,0.3716245659093633
RHF_MPM_P23,28,0.0014,1.4,0,255,6.243402777777778,33.41612205838827,89905,352.5686274509804,17,254,255,0.9464402065378986,110,110,309,0.021458333333333333,16,27,0.7152777777777778,65.8220064724919,61.99029126213592,0.084375,0.009930555555555555,0.027291666666666665,0.01972222222222222,0.015347222222222222,1,65.94741115622045,64.19461653968078,10.22046963852503,4.530846022513474,0.896367898107221,88.82580032512182,1.1342266421869753,1.1342266421869753,0.021645069795895668,12,0.08118055555555603,1169,0.07999113699358133,306.27272727272725,10.278759290983688,6.428484848484848,0.28783057048462474
RHF_MPM_P23,29,0.00145,1.45,0,255,6.255277777777778,33.34687391529886,90076,353.2392156862745,17,254,255,0.96135939360179,111,111,305,0.021180555555555557,16,26,0.7331730769230769,65.8360655737705,61.74098360655738,0.08583333333333333,0.01,0.027430555555555555,0.019444444444444445,0.015277777777777777,1,66.03269461343754,64.1359962698166,10.301024912624856,4.627152750153709,0.8934345298935195,88.53797363802354,1.0269842524175643,1.0269842524175643,0.02111550246458546,-4,0.011874999999999858,171,0.10348721715191661,303.90909090909093,6.680426571226849,6.352752525252526,0.2006403938626194
RHF_MPM_P23,30,0.0015,1.5,0,255,6.262986111111111,33.49099077819828,90187,353.6745098039216,17,255,255,0.9560704350792414,111,111,306,0.02125,16,26,0.7355769230769231,65.8202614379085,61.86601307189542,0.085625,0.010208333333333333,0.027291666666666665,0.01986111111111111,0.015347222222222222,1,65.95331921452095,64.13255790745895,10.180782739940677,4.622650962123845,0.8909728730766541,88.69509782311816,1.0463023751912424,1.0463023751912424,0.02126692317074523,1,0.007708333333333428,111,0.07944983504621868,302.72727272727275,4.788070575368615,6.295934343434342,0.1082479889308137
RHF_MPM_P23,31,0.00155,1.55,0,255,6.267291666666667,33.50062623209764,90249,353.91764705882355,17,254,255,0.9502681236902983,109,109,311,0.021597222222222223,16,27,0.7199074074074074,65.79099678456592,61.91318327974277,0.08465277777777777,0.009930555555555555,0.027708333333333335,0.01986111111111111,0.015277777777777777,1,65.92937317865018,64.12513158040532,10.19521576481621,4.564767739954162,0.894165669596604,88.91889792554568,1.0423604959692032,1.0423604959692032,0.020986382120577515,5,0.0043055555555557845,62,0.025071158079181442,302.72727272727275,4.788070575368615,6.265075757575758,0.04536897898096367
RHF_MPM_P23,32,0.0016,1.6,0,255,6.2247916666666665,33.3355513318062,89637,351.5176470588235,17,254,255,0.9552285464425874,110,110,308,0.021388888888888888,16,26,0.7403846153846154,65.7987012987013,61.78896103896104,0.08527777777777777,0.009791666666666667,0.027291666666666665,0.01972222222222222,0.015208333333333334,1,65.9492062429577,64.02897241094637,10.225891422827553,4.6317774058153764,0.8915379134683881,89.0833546390995,1.0239938510014368,1.0239938510014368,0.021598223947700168,-3,-0.042500000000000426,-612,0.09818317733126511,303.1818181818182,5.023909774417491,6.252948232323232,0.03564427707665737
RHF_MPM_P23,33,0.00165,1.65,0,255,6.242569444444444,33.331037113546614,89893,352.52156862745096,17,254,255,0.9641345051713823,110,110,307,0.021319444444444443,16,26,0.7379807692307693,65.85667752442997,61.78827361563518,0.08618055555555555,0.009722222222222222,0.027291666666666665,0.01951388888888889,0.015347222222222222,1,65.97819630004561,64.17310580356646,10.306217360061124,4.529531151894569,0.8982450288791106,89.28853578270582,1.1400589702076465,1.1400589702076465,0.02258240352418987,-1,0.017777777777777892,256,0.14701992476578685,304.3636363636364,4.183793999637764,6.2477083333333345,0.03240067270089101
RHF_MPM_P23,34,0.0017,1.7,0,255,6.336319444444444,33.598939927195445,91243,357.8156862745098,18,254,255,0.9743408153090247,110,110,313,0.021736111111111112,16,27,0.7245370370370371,65.78594249201278,61.840255591054316,0.08715277777777777,0.009791666666666667,0.027777777777777776,0.02,0.015416666666666667,1,65.97285271198886,64.25776223929508,10.376171941489469,4.547631282003796,0.8988402513220941,89.0263264012529,1.0765399311094832,1.0765399311094832,0.022533235426279278,6,0.09375,1350,0.08482491405002361,305.54545454545456,4.5996765966085515,6.253440656565657,0.040882567159128684
RHF_MPM_P23,35,0.00175,1.75,0,255,6.283402777777778,33.37252324691,90481,354.82745098039214,18,254,255,0.965254479881859,110,110,309,0.021458333333333333,16,27,0.7152777777777778,65.81877022653721,61.85436893203884,0.08618055555555555,0.00986111111111111,0.02784722222222222,0.01972222222222222,0.01513888888888889,1,65.95963793503608,64.15634221549276,10.3163631147271,4.555478044420329,0.8972229104245959,89.15286723647206,1.061261391536688,1.061261391536688,0.021242028713210508,-4,-0.0529166666666665,-762,0.10227732670526109,306.27272727272725,4.453617714151233,6.254627525252525,0.04154037333823442
RHF_MPM_P23,36,0.0018,1.8,0,255,6.325138888888889,33.49748508358731,91082,357.1843137254902,18,254,255,0.9732521600346473,111,111,307,0.021319444444444443,16,26,0.7379807692307693,65.8729641693811,61.68729641693811,0.08701388888888889,0.009791666666666667,0.02784722222222222,0.019791666666666666,0.015347222222222222,1,65.95886124591028,64.14635163918227,10.331100941384314,4.697318420104368,0.8906561823106859,89.3953826418624,0.9951131058827132,0.9951131058827132,0.020728574251773126,-2,0.04173611111111075,601,0.010020721581491754,306.90909090909093,3.9875840362656922,6.262885101010101,0.04551766450916776
RHF_MPM_P23,37,0.00185,1.85,0,255,6.289236111111111,33.42905249637451,90565,355.15686274509807,18,254,255,0.9661134729387597,111,111,305,0.021180555555555557,16,26,0.7331730769230769,65.8295081967213,61.622950819672134,0.08618055555555555,0.00986111111111111,0.027708333333333335,0.01951388888888889,0.015277777777777777,1,65.94275934411749,64.07188207364877,10.275840704855767,4.705481608789939,0.8889949770230019,88.97063966517905,1.001889158825028,1.001889158825028,0.020791696571523216,-2,-0.035902777777777395,-517,0.07619046811835314,307.0,3.9312269655344823,6.262967171717173,0.04556426502446493
RHF_MPM_P23,38,0.0019,1.9,0,255,6.259513888888889,33.420102895435164,90137,353.47843137254904,18,254,255,0.9501900118589882,110,110,311,0.021597222222222223,16,26,0.7475961538461539,65.80707395498392,61.733118971061096,0.08423611111111111,0.00986111111111111,0.027569444444444445,0.019791666666666666,0.015347222222222222,1,65.93991368694321,64.03799771459002,10.154992866650288,4.603504593666995,0.8913456783055144,89.64573968490498,1.0439385370524874,1.0439385370524874,0.02106792992888603,6,-0.029722222222222427,-428,0.03400364029887866,308.27272727272725,2.4896479886598457,6.271811868686868,0.032806581550914905
RHF_MPM_P23,39,0.00195,1.95,0,255,6.333333333333333,33.58468566342569,91200,357.6470588235294,18,254,255,0.964950944520236,109,109,318,0.022083333333333333,16,27,0.7361111111111112,65.79874213836477,61.783018867924525,0.08604166666666667,0.009722222222222222,0.027916666666666666,0.019930555555555556,0.015347222222222222,1,65.88065789473684,63.9921600877193,10.150378436738972,4.717778338192715,0.8854217787393666,89.01991915227241,0.9451558822531768,0.9451558822531768,0.020581140350877193,7,0.07381944444444422,1063,0.07491553208210024,309.09090909090907,3.7526849891909624,6.279987373737374,0.03577909010791225
RHF_MPM_P23,40,0.002,2.0,0,255,6.3225,33.498551285009995,91044,357.0352941176471,18,254,255,0.963331382832921,110,110,313,0.021736111111111112,16,26,0.7524038461538461,65.82108626198082,61.69968051118211,0.08569444444444445,0.00986111111111111,0.02798611111111111,0.019791666666666666,0.015416666666666667,1,66.04047493519617,64.13464918061597,10.310727801176446,4.611400144259518,0.8944125215952724,88.55055681307105,1.1216153927816617,1.1216153927816617,0.021604938271604937,-5,-0.01083333333333325,-156,0.21411358671437555,309.8181818181818,3.663534850838161,6.286098484848484,0.03676403005974798
RHF_MPM_P23,41,0.00205,2.05,0,255,6.307430555555555,33.51659208193524,90827,356.1843137254902,18,254,255,0.9502679577904605,109,109,316,0.021944444444444444,16,27,0.7314814814814815,65.88607594936708,61.80696202531646,0.08430555555555555,0.009722222222222222,0.028125,0.01986111111111111,0.015416666666666667,1,66.04672619375296,64.15892851244674,10.226981422482519,4.5183534805494014,0.8971100518985301,88.8945923866449,1.077489739587516,1.077489739587516,0.02063263126603323,3,-0.015069444444444358,-217,0.025071182415123554,310.72727272727275,3.839765833080523,6.290138888888889,0.036442775660857116
RHF_MPM_P23,42,0.0021,2.1,0,255,6.238611111111111,33.33006456079171,89836,352.2980392156863,17,254,255,0.9533067120984353,108,108,312,0.021666666666666667,16,26,0.75,65.82371794871794,61.68269230769231,0.08472222222222223,0.009791666666666667,0.027291666666666665,0.01972222222222222,0.015208333333333334,1,65.97778173560711,63.94453225878267,10.15599657530284,4.644671863888148,0.8892955491581912,88.63248714671093,0.9992467784781679,0.9992467784781679,0.021238701634088784,-4,-0.06881944444444432,-991,0.22520899603304062,310.8181818181818,3.85694607919935,6.287531565656565,0.03892553697553559
RHF_MPM_P23,43,0.00215,2.15,0,255,6.330972222222222,33.62789907616898,91166,357.51372549019607,18,254,255,0.9533445818927876,110,110,314,0.021805555555555557,16,27,0.7268518518518519,65.85668789808918,61.796178343949045,0.08465277777777777,0.009722222222222222,0.02798611111111111,0.020069444444444445,0.015625,1,66.02284843033587,63.991499023758855,10.015282321914455,4.587955772338109,0.8889029823418453,89.09980596084023,0.9701944702742887,0.9701944702742887,0.020895948050808414,2,0.0923611111111109,1330,0.06509135108525001,311.3636363636364,3.8440680930665407,6.297184343434344,0.03515295167700648
RHF_MPM_P23,44,0.0022,2.2,0,255,6.323263888888889,33.496220979426695,91055,357.078431372549,18,254,255,0.961176461473974,110,110,310,0.021527777777777778,16,27,0.7175925925925926,65.87096774193549,61.71935483870968,0.08534722222222223,0.009722222222222222,0.02798611111111111,0.019791666666666666,0.015416666666666667,1,66.02532535280874,64.13215089780901,10.248266239626465,4.547817923734999,0.8961433849250313,89.29125341335785,1.0558382553063603,1.0558382553063603,0.021569381143265058,-4,-0.007708333333333428,-111,0.1406736820402372,311.6363636363636,3.6249821886139793,6.3045202020202025,0.031186276984940094
RHF_MPM_P23,45,0.00225,2.25,0,255,6.255694444444444,33.33417346134564,90082,353.2627450980392,18,254,255,0.9461141789292952,110,110,308,0.021388888888888888,16,26,0.7403846153846154,65.82467532467533,61.59415584415584,0.08368055555555555,0.00951388888888889,0.027777777777777776,0.019583333333333335,0.015069444444444444,1,65.96006971426034,63.89038875691037,10.037371664243832,4.636569797719272,0.8869160377234817,88.81479096434178,0.9940662205497541,0.9940662205497541,0.020303723274350035,-2,-0.06756944444444457,-973,0.2504141192789538,311.1818181818182,3.7372372347444482,6.2971906565656575,0.03230569999778205
RHF_MPM_P23,46,0.0023,2.3,0,255,6.189791666666666,33.31578527616763,89133,349.54117647058825,17,254,255,0.9250010714888734,111,111,304,0.021111111111111112,16,25,0.76,65.81907894736842,61.3421052631579,0.081875,0.009652777777777777,0.02736111111111111,0.01951388888888889,0.01513888888888889,1,66.00799928197189,63.6986413561756,9.909295886093025,4.566860233820954,0.8874695944833738,89.01659652461338,1.063259334138264,1.063259334138264,0.020890130479171574,-4,-0.06590277777777764,-949,0.1976469305341121,310.72727272727275,4.2445881927013644,6.288680555555556,0.04474984834351593
RHF_MPM_P23,47,0.00235,2.35,0,255,6.264652777777778,33.55124025719621,90211,353.7686274509804,17,254,255,0.9396274511890861,110,110,311,0.021597222222222223,16,26,0.7475961538461539,65.84887459807074,61.543408360128616,0.08354166666666667,0.009722222222222222,0.0275,0.01972222222222222,0.015416666666666667,1,66.03731252286306,63.69625655407877,9.81635441496533,4.658109851258156,0.8802417913889985,88.82769938180465,0.9633247206193781,0.9633247206193781,0.021194754519958763,7,0.07486111111111171,1078,0.0294100896391835,311.09090909090907,4.077756634910146,6.283181818181817,0.04363439530522552
RHF_MPM_P23,48,0.0024,2.4,0,255,6.370138888888889,33.787233741009324,91730,359.72549019607845,18,254,255,0.9548779188193472,110,110,317,0.02201388888888889,16,26,0.7620192307692307,65.83596214511041,61.77602523659306,0.085,0.01,0.02826388888888889,0.020277777777777777,0.015625,1,65.99793960536357,63.856132126894146,9.895983993264329,4.702563017426396,0.8798782777441191,89.07453362844993,0.9858051666216037,0.9858051666216037,0.02084378066063447,6,0.1054861111111105,1519,0.1646524382311587,312.1818181818182,3.9038019188334343,6.290536616161616,0.05033832724376154
RHF_MPM_P23,49,0.00245,2.45,0,255,6.366805555555556,33.81862830380736,91682,359.5372549019608,18,255,255,0.949846626547003,109,109,318,0.022083333333333333,16,26,0.7644230769230769,65.79245283018868,61.660377358490564,0.08458333333333333,0.010138888888888888,0.028125,0.02034722222222222,0.015694444444444445,1,65.96365698828559,63.783490761545345,9.872387852278342,4.720176359222584,0.8782950569981499,89.01041996906733,0.9229633371671443,0.9229633371671443,0.02001483388233241,1,-0.0033333333333329662,-48,0.08032475205970573,312.8181818181818,4.217241274452074,6.300290404040404,0.053666868429829075
RHF_MPM_P23,50,0.0025,2.5,0,255,6.38625,33.92634759206331,91962,360.63529411764705,18,255,255,0.9205616173140964,107,107,322,0.02236111111111111,16,27,0.7453703703703703,65.8136645962733,61.82919254658385,0.08131944444444444,0.010416666666666666,0.028402777777777777,0.020416666666666666,0.015833333333333335,1,65.91637850416477,63.85912659576782,9.613812880951988,4.531305021632689,0.8819554542260738,88.62869146983138,1.1199284478658433,1.1199284478658433,0.019105717579000023,4,0.01944444444444482,280,0.08919660576105241,313.1818181818182,4.782889613805784,6.305101010101011,0.05856163510013598
RHF_MPM_P23,51,0.00255,2.55,0,12,0.021180555555555557,0.36728545613538827,305,25.416666666666668,0,0,7,0.05982086428355359,3,8,10,0.0006944444444444445,93,101,0.0010646225912913873,89.3,57.6,0.004861111111111111,0.0,0.0,0.0,0.0,0,86.37377049180328,59.91803278688525,30.15042782883353,24.778931427084547,0.569713396829185,112.18299482825779,-0.11557354507583151,0.11557354507583151,0.0,-312,-6.365069444444445,-91657,20.833557241774844,285.6363636363636,87.29497822406793,5.732253787878788,1.8069407680155276
RHF_MPM_P23,52,0.0026,2.6,0,255,3.0233333333333334,22.675099779273296,43536,170.72941176470587,0,117,255,0.5497511324393196,103,103,154,0.010694444444444444,18,12,0.7129629629629629,62.55844155844156,55.96103896103896,0.04472222222222222,0.003125,0.01423611111111111,0.009583333333333333,0.006319444444444444,1,62.60988607129732,55.90552646085998,6.231726896518925,5.0373226218372995,0.588722868365034,161.54478514481295,-1.1822356713313693,1.1822356713313693,0.010520029400955531,144,3.002152777777778,43231,24.10025746268199,270.90909090909093,94.3132638367329,5.433699494949495,1.952674732518311
RHF_MPM_P23,53,0.00265,2.65,0,255,5.160138888888889,30.60147590817292,74306,291.39607843137253,6,230,255,0.7052990994315098,102,102,281,0.01951388888888889,32,12,0.7317708333333334,56.195729537366546,56.57651245551602,0.057847222222222223,0.0059722222222222225,0.02451388888888889,0.017291666666666667,0.012430555555555556,1,56.56679137620112,56.55092455521761,9.114023792408615,4.023801747789279,0.8972633959668732,176.57371091635937,0.17947958411548445,0.17947958411548445,0.004333432024331817,127,2.136805555555555,30770,6.077460998978135,268.09090909090907,93.50299416251531,5.335656565656564,1.9368094861183582
RHF_MPM_P23,54,0.0027,2.7,0,255,6.593680555555555,33.183632202875756,94949,372.34901960784316,21,231,255,0.9679658222402201,97,97,388,0.026944444444444444,50,13,0.5969230769230769,49.19845360824742,56.603092783505154,0.08125,0.005555555555555556,0.03270833333333333,0.021875,0.013680555555555555,1,50.0868150270145,56.65111796859367,14.697064400149277,3.8710165144922657,0.9646902399628169,176.90480771182897,0.3250218659434889,0.3250218659434889,0.006456097483912416,107,1.4335416666666667,20643,6.480750898322032,274.8181818181818,99.06087951981685,5.359539141414142,1.9505066426207023
RHF_MPM_P23,55,0.00275,2.75,0,255,7.242222222222222,34.734320132424195,104288,408.97254901960787,26,241,255,1.1106406058726512,101,101,393,0.027291666666666665,67,13,0.45120551090700345,44.720101781170484,57.104325699745544,0.09666666666666666,0.007152777777777778,0.034930555555555555,0.02409722222222222,0.015277777777777777,1,44.50131366983737,57.30264268180424,21.827751240983254,3.9771018736874684,0.9832607644918632,175.60511991618694,0.5672837348494705,0.5672837348494705,0.0048807149432341206,5,0.6485416666666666,9339,5.6233717521565,282.3636363636364,104.46684791860807,5.443080808080809,2.0088032772837248
RHF_MPM_P23,56,0.0028,2.8,0,255,6.3533333333333335,33.164032809991944,91488,358.77647058823527,18,247,255,0.972492202654807,105,105,333,0.023125,72,15,0.30833333333333335,51.74174174174174,56.6036036036036,0.08465277777777777,0.008055555555555555,0.029513888888888888,0.020833333333333332,0.014166666666666666,1,50.91417453655124,56.94221100034977,20.074589926562098,4.359695326275811,0.9761327267942628,174.59342476989536,1.5601381898178568,1.5601381898178568,0.0076075550891920255,-60,-0.8888888888888884,-12800,6.422981822551444,284.6363636363636,105.26872342833556,5.451957070707071,2.0125865028137375
RHF_MPM_P23,57,0.00285,2.85,0,255,6.718263888888889,35.24185090654649,96743,379.3843137254902,16,254,255,0.9304527542530004,108,108,361,0.025069444444444443,34,15,0.707843137254902,56.13019390581717,56.27700831024931,0.08138888888888889,0.009791666666666667,0.030694444444444444,0.023125,0.017013888888888887,1,55.96343921524038,56.37051776355912,10.077384877288218,4.572077438698145,0.8911561022555261,175.44972559662682,0.8128994863627031,0.8128994863627031,0.011783798310988908,28,0.36493055555555554,5255,5.081526045633325,289.8181818181818,107.47415603239708,5.5,2.0357998753574997
RHF_MPM_P23,58,0.0029,2.9,0,255,7.464583333333334,36.54838681793022,107490,421.52941176470586,23,255,255,1.0527573742793215,106,106,397,0.027569444444444445,37,16,0.6706081081081081,55.7984886649874,56.3073047858942,0.09361111111111112,0.011041666666666667,0.035347222222222224,0.024722222222222222,0.017986111111111112,1,55.31816913201228,56.29882779793469,10.253031290937061,4.92827546449067,0.8769041871650782,177.09263877443922,0.4900992560849321,0.4900992560849321,0.009759047353242163,36,0.7463194444444445,10747,0.6492402725343127,297.6363636363636,111.77271803024102,5.609084595959596,2.1048276180934242
RHF_MPM_P23,59,0.00295,2.95,0,255,8.781944444444445,39.30613758402994,126460,495.921568627451,34,255,255,1.3200100195304922,111,111,432,0.03,35,17,0.7260504201680672,55.113425925925924,56.379629629629626,0.12375,0.013194444444444444,0.03944444444444444,0.02826388888888889,0.021041666666666667,1,54.37044124624387,56.55087774790447,10.670949348531213,5.824665460609578,0.8378873242606537,175.37579626999235,0.34710682276901605,0.34710682276901605,0.01670093310137593,35,1.3173611111111114,18970,0.9806718731272077,308.09090909090907,118.28352267132219,5.828339646464647,2.2901434602389337
RHF_MPM_P23,60,0.003,3.0,0,255,8.823333333333334,39.480201226550115,127056,498.25882352941176,38,255,255,1.2723579843534516,111,111,434,0.03013888888888889,35,16,0.775,54.714285714285715,56.423963133640555,0.11736111111111111,0.01361111111111111,0.03951388888888889,0.028402777777777777,0.02125,1,53.47266559627251,56.624897682911474,11.12685149570191,5.44644364200451,0.8720108727254724,175.94751682956684,0.3863891906684224,0.3863891906684224,0.013088716786298955,2,0.04138888888888914,596,0.900821884980563,318.6363636363636,123.7418667500085,6.051660353535354,2.4462174117694584
RHF_MPM_P23,61,0.00305,3.05,0,255,9.124513888888888,40.1442881527556,131393,515.2666666666667,39,255,255,1.3199877410176666,109,109,469,0.03256944444444444,38,15,0.8228070175438597,53.501066098081026,56.54157782515991,0.12277777777777778,0.013541666666666667,0.04048611111111111,0.029930555555555554,0.022222222222222223,1,52.8820941754888,56.80775992632789,11.485971378010996,5.558653513796821,0.8750947999324116,176.12575612527516,0.34571656665626505,0.34571656665626505,0.015419390682913092,35,0.301180555555554,4337,0.6182339388239498,332.0,131.10231951349365,6.300593434343434,2.6019679621109777
RHF_MPM_P23,62,0.0031,3.1,0,255,8.898055555555555,39.12412791498392,128132,502.47843137254904,40,255,255,1.306889388356029,106,106,466,0.03236111111111111,42,15,0.7396825396825397,53.182403433476395,56.51931330472103,0.12013888888888889,0.0125,0.04159722222222222,0.028541666666666667,0.02013888888888889,1,52.22298879280742,56.79627259388755,12.516408387262597,5.1263514134688215,0.9122784774646261,175.2040989699305,0.5201262958961222,0.5201262958961222,0.013142696594137296,-3,-0.22645833333333343,-3261,0.6592054795632132,373.45454545454544,87.61212414683634,7.10758207070707,1.7741798656330745
RHF_MPM_P23,63,0.00315,3.15,0,255,8.405833333333334,37.55205489827865,121044,474.6823529411765,38,255,255,1.2995145498464193,106,106,418,0.029027777777777777,39,15,0.7145299145299145,54.619617224880386,56.40191387559808,0.11881944444444445,0.011458333333333333,0.03958333333333333,0.025902777777777778,0.018333333333333333,1,52.09129737946532,56.7760649020191,13.28761277731619,4.982287757417356,0.9270420721809923,174.94524728534404,0.6433993098205771,0.6433993098205771,0.013920557813687584,-48,-0.492222222222221,-7088,0.13323280061115209,397.45454545454544,53.87082805844438,7.596900252525253,1.2429974632582572
RHF_MPM_P23,64,0.0032,3.2,0,255,7.717430555555556,35.590864957148135,111131,435.8078431372549,33,255,255,1.273656485636717,108,108,360,0.025,34,15,0.7058823529411765,56.86666666666667,56.25277777777778,0.11673611111111111,0.010416666666666666,0.035,0.02263888888888889,0.016666666666666666,1,52.75894214935526,56.82883263895763,13.64382557731477,4.982321832568989,0.9309406787958104,174.8360924176671,0.855692748808891,0.855692748808891,0.01858167388037541,-58,-0.6884027777777781,-9913,0.6697267896859236,404.6363636363636,41.77487876544669,7.829381313131313,0.9759689526555372
RHF_MPM_P23,65,0.00325,3.25,0,255,6.937430555555555,33.56994628232156,99899,391.7607843137255,28,253,255,1.1973155386493861,107,107,318,0.022083333333333333,30,15,0.7066666666666667,58.4622641509434,56.22641509433962,0.10881944444444444,0.009166666666666667,0.029375,0.02013888888888889,0.014861111111111111,1,53.62898527512788,56.70028729016307,13.896284153014676,4.79462438009109,0.9385919361225256,175.53264549796512,1.0962189413141157,1.0962189413141157,0.022893122053273807,-42,-0.7800000000000002,-11232,0.8794878892860906,398.27272727272725,48.59871099878887,7.860631313131313,0.9407708138537575
RHF_MPM_P23,66,0.0033,3.3,0,255,6.546597222222222,32.620016364002176,94271,369.69019607843137,25,252,255,1.2157766953329665,108,108,302,0.020972222222222222,29,15,0.6942528735632184,58.9271523178808,56.24503311258278,0.11277777777777778,0.008611111111111111,0.027083333333333334,0.01902777777777778,0.014166666666666666,1,54.10458147256314,56.8608373731052,14.017716904964937,4.88402735088706,0.9373391994751412,174.83035003207016,1.2672293648386217,1.2672293648386217,0.03245961112112951,-16,-0.39083333333333314,-5628,0.5019642140109218,390.0,55.97726811353467,7.797392676767677,1.0016265125975439
RHF_MPM_P23,67,0.00335,3.35,0,255,5.879513888888889,30.517636017506817,84665,332.01960784313724,21,235,255,1.1910623284014128,106,106,272,0.01888888888888889,27,15,0.671604938271605,59.81617647058823,56.2389705882353,0.1111111111111111,0.007152777777777778,0.024166666666666666,0.016458333333333332,0.012013888888888888,1,54.90476584184728,56.902344534341225,14.102683014435396,5.192227168801702,0.9297573012255134,174.2762299878842,1.3933933226543376,1.3933933226543376,0.038811787633614835,-30,-0.6670833333333333,-9606,0.8012601757734681,384.45454545454544,63.821289745612226,7.7543181818181806,1.070613863949522
RHF_MPM_P23,68,0.0034,3.4,0,255,5.420763888888889,29.282455393305362,78059,306.1137254901961,19,225,255,1.089295962320182,109,109,236,0.01638888888888889,24,13,0.7564102564102564,60.766949152542374,56.233050847457626,0.10055555555555555,0.006736111111111111,0.02236111111111111,0.01513888888888889,0.011111111111111112,1,55.589797460894964,56.65610627858415,14.126046258862738,4.348628836754413,0.9514366110343055,176.24845249181755,1.6567856585806264,1.6567856585806264,0.03894490065207087,-36,-0.4587500000000002,-6606,0.7279434028091608,373.09090909090907,76.79542427829047,7.636363636363637,1.2368352436732308
RHF_MPM_P23,69,0.00345,3.45,0,255,5.092222222222222,28.747112812623957,73328,287.5607843137255,16,217,255,1.0020998561206813,106,106,233,0.016180555555555556,23,13,0.7792642140468228,61.09012875536481,56.24892703862661,0.09159722222222222,0.006527777777777778,0.021458333333333333,0.014722222222222222,0.010833333333333334,1,56.77428813004582,56.52869299585424,13.068018914042417,4.325462827560674,0.943632134614944,175.09863323846807,1.7771697031497256,1.7771697031497256,0.03552531093170412,-3,-0.3285416666666663,-4731,1.191323755291335,358.1818181818182,86.06637838089452,7.420694444444444,1.438398019223939
RHF_MPM_P23,70,0.0035,3.5,0,255,4.8075,28.72167975927669,69228,271.4823529411765,13,221,255,0.8692652943524949,107,107,233,0.016180555555555556,23,13,0.7792642140468228,61.18884120171674,56.201716738197426,0.07736111111111112,0.006527777777777778,0.020833333333333332,0.014861111111111111,0.010833333333333334,1,58.72869359218813,56.40600624024961,10.996010864075442,4.213138524425953,0.9236854959586734,176.04288077298006,2.0170460804789636,2.0170460804789636,0.030551222048881957,0,-0.2847222222222223,-4100,1.9582524736234839,340.09090909090907,89.4950019381017,7.059381313131314,1.5462165599618807
RHF_MPM_P23,71,0.00355,3.55,0,255,4.772986111111111,28.95860418530075,68731,269.53333333333336,12,228,255,0.854836962639134,110,110,230,0.01597222222222222,22,13,0.8041958041958042,61.321739130434786,56.21304347826087,0.07652777777777778,0.006736111111111111,0.020625,0.015069444444444444,0.011041666666666667,1,59.09589559296387,56.524624987269206,10.093090105650743,4.529452223357737,0.8936484798926928,174.49668998307126,1.8421556987156573,1.8421556987156573,0.028080487698418474,-3,-0.03451388888888918,-497,0.3858856262135275,321.54545454545456,89.24976560841503,6.69116792929293,1.5644727949386665
RHF_MPM_P23,72,0.0036,3.6,0,255,4.6755555555555555,28.905636940112217,67328,264.03137254901964,10,224,255,0.7972674552467434,109,109,234,0.01625,23,13,0.782608695652174,61.05555555555556,56.27350427350427,0.06986111111111111,0.006666666666666667,0.020902777777777777,0.01513888888888889,0.010972222222222222,1,59.56450510931559,56.50727780418251,9.148352913150214,4.400295229265503,0.876724343499025,173.059526105984,1.5858017369364381,1.5858017369364381,0.02319985741444867,4,-0.09743055555555546,-1403,0.4689304890668081,300.1818181818182,78.92553243039598,6.286717171717172,1.454318412705504
RHF_MPM_P23,73,0.00365,3.65,0,255,4.742291666666667,29.3540583087366,68289,267.8,9,232,255,0.7592287596683913,111,111,234,0.01625,23,13,0.782608695652174,61.205128205128204,56.23931623931624,0.0654861111111111,0.006875,0.020972222222222222,0.015555555555555555,0.01138888888888889,1,60.378743282227006,56.49981695441433,7.646491034019494,4.701041798596021,0.7886851837607707,174.11367842913023,0.645691568574473,0.645691568574473,0.017616307165136406,0,0.06673611111111111,961,0.8142723540102444,279.09090909090907,60.687657192687794,5.908920454545455,1.2526913039189838
RHF_MPM_P23,74,0.0037,3.7,0,255,4.739375,29.18559965783045,68247,267.63529411764705,9,228,255,0.7672706867799355,109,109,233,0.016180555555555556,22,14,0.7564935064935064,61.27467811158798,56.137339055793994,0.06618055555555556,0.006736111111111111,0.021041666666666667,0.015347222222222222,0.01125,1,60.0247483405864,56.46986680733219,8.024644259165262,4.426801446056442,0.8340751716742106,171.55035158297895,0.7586144791986696,0.7586144791986696,0.020880038683019034,-1,-0.0029166666666666785,-42,0.3552596656213295,262.27272727272725,42.884815937771364,5.575606060606061,1.0078225782154315
RHF_MPM_P23,75,0.00375,3.75,0,255,4.757847222222222,29.344073096983376,68513,268.678431372549,9,229,255,0.7735804082385649,110,110,237,0.016458333333333332,22,15,0.7181818181818181,61.40928270042194,56.22784810126582,0.06715277777777778,0.006875,0.020972222222222222,0.015208333333333334,0.011180555555555555,1,60.21578386583568,56.5344241238889,7.901334164020258,4.818144585792834,0.7925640008288857,168.80748394264626,0.5489048975815569,0.5489048975815569,0.01874096886722228,4,0.018472222222222,266,0.20164875161595397,251.0909090909091,30.06494347984511,5.30655303030303,0.766206851200376
RHF_MPM_P23,76,0.0038,3.8,0,255,4.5848611111111115,28.89728012446536,66022,258.90980392156865,6,223,255,0.716401261262081,110,110,231,0.016041666666666666,22,13,0.8076923076923077,61.41558441558441,56.17316017316017,0.060833333333333336,0.006527777777777778,0.020416666666666666,0.015,0.010972222222222222,1,60.53782072642453,56.40700069673745,7.468161857548191,4.478714124561903,0.8002191462278372,173.5775716091963,0.5555843414904078,0.5555843414904078,0.015449395655993457,-6,-0.1729861111111104,-2491,0.3463300006712383,243.1818181818182,21.703867195494666,5.09268308080808,0.5889695271231833
RHF_MPM_P23,77,0.00385,3.85,0,255,4.784583333333333,29.240437394010637,68898,270.18823529411765,11,229,255,0.793684064662177,109,109,237,0.016458333333333332,22,15,0.7181818181818181,61.49367088607595,56.0210970464135,0.06895833333333333,0.006805555555555555,0.020763888888888887,0.015277777777777777,0.011458333333333333,1,60.62708641760283,56.42470028157566,7.526983115183293,4.883502588122685,0.7609594334785273,173.09615717786497,0.5218771639755427,0.5218771639755427,0.01927487009782577,6,0.19972222222222147,2876,0.09100351050913133,237.27272727272728,11.185143629678116,4.9325,0.37106118747058675
RHF_MPM_P23,78,0.0039,3.9,0,255,4.736944444444444,29.226062790241453,68212,267.4980392156863,9,228,255,0.7611433639976982,109,109,239,0.01659722222222222,23,15,0.6927536231884058,61.55648535564853,56.10878661087866,0.0654861111111111,0.006597222222222222,0.020763888888888887,0.015208333333333334,0.011319444444444444,1,61.0182519204832,56.27889520905413,7.236516777230313,4.687822122042466,0.761809678751075,175.7164636536058,0.38991718296016176,0.38991718296016176,0.014924060282648215,2,-0.047638888888888786,-686,0.41745606932545815,234.27272727272728,2.596883064924673,4.8286300505050495,0.22100565447088974
RHF_MPM_P23,79,0.00395,3.95,0,255,4.78125,29.232331959165236,68850,270.0,11,227,255,0.7797326365697245,110,110,235,0.016319444444444445,23,15,0.6811594202898551,61.638297872340424,56.297872340425535,0.06743055555555555,0.006666666666666667,0.020902777777777777,0.015416666666666667,0.01125,1,60.74079883805374,56.42980392156863,7.4343766790796595,4.745176851924272,0.7698084249596495,175.45886077897396,0.5912494733595546,0.5912494733595546,0.017124183006535947,-4,0.04430555555555582,638,0.31583801617663576,234.1818181818182,2.5519397904760366,4.770492424242424,0.11744285246794099
RHF_MPM_P23,80,0.004,4.0,0,255,4.880486111111111,29.04745795508765,70279,275.60392156862747,13,220,255,0.8852609764387194,108,108,239,0.01659722222222222,23,15,0.6927536231884058,61.7489539748954,56.26359832635983,0.07916666666666666,0.006458333333333333,0.020902777777777777,0.014930555555555556,0.011111111111111112,1,60.933707081774074,56.79874500206321,7.519585899115451,5.301541622341822,0.7091764261971721,172.64811505257524,0.5256001560231377,0.5256001560231377,0.02750465999800794,4,0.09923611111111086,1429,0.4163305313951533,234.72727272727272,2.8632755905497493,4.751243686868687,0.07149949459541828
RHF_MPM_P23,81,0.00405,4.05,0,255,4.825347222222222,29.27656408700563,69485,272.4901960784314,12,226,255,0.8156178248052672,108,108,242,0.016805555555555556,22,15,0.7333333333333333,62.04132231404959,56.1900826446281,0.07159722222222223,0.006875,0.020902777777777777,0.015347222222222222,0.011527777777777777,1,61.27102252284666,56.57533280564151,7.2907993077082285,5.169841054217026,0.7051168570485543,174.36147065234613,0.3296855679448098,0.3296855679448098,0.020723897244009498,3,-0.05513888888888907,-794,0.40459203686671685,235.54545454545453,3.4736314862805093,4.752866161616161,0.07294553355309254
RHF_MPM_P23,82,0.0041,4.1,0,255,4.754236111111111,29.27122122115141,68461,268.4745098039216,10,228,255,0.7809130381213021,109,109,240,0.016666666666666666,21,15,0.7619047619047619,61.708333333333336,56.233333333333334,0.06805555555555555,0.006805555555555555,0.020972222222222222,0.015277777777777777,0.011527777777777777,1,61.011787733161945,56.68104468237391,7.151162931902997,4.890078312462336,0.7296546651627147,169.84654405513714,0.33760451388047535,0.33760451388047535,0.020157461912621785,-2,-0.07111111111111068,-1024,0.27996013477844084,236.45454545454547,3.2012394293925475,4.751161616161616,0.072674031679114
RHF_MPM_P23,83,0.00415,4.15,0,255,4.757638888888889,29.390132224999125,68510,268.6666666666667,9,228,255,0.7586093194140017,109,109,240,0.016666666666666666,21,15,0.7619047619047619,61.78333333333333,56.2625,0.065625,0.006736111111111111,0.020972222222222222,0.015416666666666667,0.011666666666666667,1,61.211107867464605,56.56540650999854,6.978674830970305,4.918932392927429,0.7093544691769111,175.7267629168261,0.46633885979639844,0.46633885979639844,0.016202014304481097,0,0.0034027777777776436,49,0.2304358974828923,237.0,3.2473765635439547,4.758623737373738,0.06862932487729968
RHF_MPM_P23,84,0.0042,4.2,0,255,4.886875,29.722516155656542,70371,275.9647058823529,11,232,255,0.783376690471681,109,109,248,0.017222222222222222,22,15,0.7515151515151515,61.846774193548384,56.28225806451613,0.068125,0.007222222222222222,0.021597222222222223,0.015902777777777776,0.011944444444444445,1,61.41120632078555,56.34595216779639,7.065166500284575,4.905984317157572,0.7195984082793532,175.43910158251185,0.30165704703447804,0.30165704703447804,0.013627772804138068,8,0.1292361111111111,1861,0.2969841735392864,238.27272727272728,4.37120555642593,4.771767676767677,0.07751309673807982
RHF_MPM_P23,85,0.00425,4.25,0,255,4.916736111111111,29.703634699259105,70801,277.65098039215684,11,230,255,0.8089218391505989,107,107,253,0.017569444444444443,23,15,0.7333333333333333,61.73122529644269,56.33201581027668,0.07055555555555555,0.007013888888888889,0.021805555555555557,0.015833333333333335,0.011875,1,61.435911922147994,56.11646728153557,7.152979618276371,5.038899799508424,0.7097559336708833,172.40552364276525,0.1706001402083226,0.1706001402083226,0.016496942133585685,5,0.029861111111110894,430,0.2308109177678162,240.0909090909091,5.743843272338659,4.787891414141415,0.08696808155197346
RHF_MPM_P23,86,0.0043,4.3,0,255,4.880416666666667,29.656145228710848,70278,275.6,10,231,255,0.7572852146341029,108,108,249,0.017291666666666667,22,15,0.7545454545454545,61.95180722891566,56.3855421686747,0.06458333333333334,0.007083333333333333,0.021666666666666667,0.015694444444444445,0.01173611111111111,1,61.27379834372065,56.31151996357324,7.165771245283537,4.79517906179747,0.743101823651626,174.1537835905233,0.3171621146161389,0.3171621146161389,0.011838697743248243,-4,-0.03631944444444368,-523,0.2536264203126462,241.1818181818182,6.1764682732592835,4.799034090909092,0.09019697459292492
RHF_MPM_P23,87,0.00435,4.35,0,255,4.747430555555556,29.112850833879754,68363,268.09019607843135,10,221,255,0.7449203942019693,106,106,244,0.016944444444444446,23,15,0.7072463768115942,62.01639344262295,56.47540983606557,0.06347222222222222,0.006875,0.021041666666666667,0.015277777777777777,0.011319444444444444,1,61.0317862001375,56.68684814885245,7.322151433693773,4.584193485726495,0.7797653092182815,171.90506341360398,0.5758449967334709,0.5758449967334709,0.013896405950587306,-5,-0.13298611111111125,-1915,0.44658831635712687,242.36363636363637,5.29618605950164,4.813813131313132,0.06315973665701276
RHF_MPM_P23,88,0.0044,4.4,0,255,4.656944444444444,29.093101637429495,67060,262.98039215686276,8,225,255,0.7353490311851185,109,109,239,0.01659722222222222,22,15,0.7242424242424242,62.2092050209205,56.48535564853557,0.06305555555555556,0.006875,0.020555555555555556,0.015069444444444444,0.01138888888888889,1,61.40056665672532,56.8548464062034,6.983836855986016,4.840528984631996,0.7208370869584715,170.33091677319626,0.3465766655763701,0.3465766655763701,0.017983895019385625,-5,-0.09048611111111171,-1303,0.40524367932649263,242.54545454545453,5.140987460217707,4.802209595959596,0.07754940779955202
RHF_MPM_P23,89,0.00445,4.45,0,255,4.658125,29.218629841553284,67077,263.0470588235294,7,229,255,0.732870147644667,110,110,237,0.016458333333333332,21,15,0.7523809523809524,62.25316455696203,56.43037974683544,0.06326388888888888,0.007083333333333333,0.020694444444444446,0.015208333333333334,0.011597222222222222,1,61.455461633644916,56.826378639474036,6.86432510275054,4.951342439169798,0.6926068850161564,169.68599496416041,0.34079907115578495,0.34079907115578495,0.019708692994618124,-2,0.0011805555555559621,17,0.06183746626084155,242.36363636363637,5.29618605950164,4.795044191919191,0.08638659132881732
RHF_MPM_P23,90,0.0045,4.5,0,255,4.797083333333333,29.653261341035027,69078,270.8941176470588,9,234,255,0.7629040554017812,109,109,248,0.017222222222222222,22,16,0.7045454545454546,61.96774193548387,56.524193548387096,0.06625,0.007152777777777778,0.02125,0.015694444444444445,0.011875,1,61.6047077217059,56.86148990995686,6.981001476393948,5.110268595987401,0.681277617205143,174.92195787614187,0.3040199554549964,0.3040199554549964,0.018616636266249747,11,0.13895833333333307,2001,0.15332056651481865,243.54545454545453,4.961004963506274,4.796483585858585,0.08627659681538843
RHF_MPM_P23,91,0.00455,4.55,0,255,4.698888888888889,29.366986356354666,67664,265.34901960784316,6,230,255,0.71519922910286,109,109,242,0.016805555555555556,22,15,0.7333333333333333,62.20247933884298,56.5,0.06069444444444445,0.006944444444444444,0.021180555555555557,0.015277777777777777,0.011597222222222222,1,61.85487112792622,56.69091392764247,7.023936572466265,4.809870567407244,0.7287472758314315,173.62386762752118,0.023919897015776837,0.023919897015776837,0.013315795696382124,-6,-0.09819444444444425,-1414,0.302783578739458,243.8181818181818,4.782889613805785,4.779974747474747,0.0859970951801604
RHF_MPM_P23,92,0.0046,4.6,0,255,4.708541666666667,29.53322017164057,67803,265.8941176470588,5,233,255,0.6888537498205158,110,110,241,0.01673611111111111,21,15,0.765079365079365,62.273858921161825,56.468879668049794,0.058263888888888886,0.007222222222222222,0.020902777777777777,0.015833333333333335,0.011666666666666667,1,61.84329601935018,56.51126056369187,6.877857163461773,4.693990758049918,0.7309055172727337,169.95591904155768,0.12450670728730248,0.12450670728730248,0.01107620606757813,-1,0.009652777777778176,139,0.18002587124442374,243.72727272727272,4.825894341813454,4.769356060606061,0.08694523151948082
RHF_MPM_P23,93,0.00465,4.65,0,255,4.772430555555555,29.55929452310239,68723,269.5019607843137,7,230,255,0.7157232831999026,109,109,242,0.016805555555555556,21,15,0.7682539682539683,62.33884297520661,56.388429752066116,0.06090277777777778,0.007083333333333333,0.021111111111111112,0.015694444444444445,0.011666666666666667,1,61.782852902230694,56.42880840475532,6.942308288169809,4.816021641175927,0.7202443023160172,172.31691894602113,0.2639571622060319,0.2639571622060319,0.011757344702646859,1,0.06388888888888822,920,0.1022336975777422,243.9090909090909,4.7185233717676285,4.7710101010101,0.0868148245740018
RHF_MPM_P23,94,0.0047,4.7,0,255,4.940763888888889,29.70372038940626,71147,279.0078431372549,12,234,255,0.8088654973155623,110,110,243,0.016875,21,16,0.7232142857142857,62.24691358024691,56.522633744855966,0.070625,0.007291666666666667,0.021527777777777778,0.01597222222222222,0.011805555555555555,1,61.686901766764585,56.545532489071924,7.2671380626874145,5.147924176885905,0.7058272722679455,172.0612027884566,0.26546675775291845,0.26546675775291845,0.015179838925042518,1,0.1683333333333339,2424,0.15109974274228474,244.1818181818182,4.569029772046933,4.7876578282828275,0.09931304755109643
RHF_MPM_P23,95,0.00475,4.75,0,255,4.9376388888888885,29.83576805675137,71102,278.8313725490196,12,236,255,0.7867108750865576,110,110,246,0.017083333333333332,22,15,0.7454545454545455,62.09756097560975,56.483739837398375,0.06805555555555555,0.007222222222222222,0.021319444444444443,0.016041666666666666,0.012013888888888888,1,61.74747545779303,56.73123118899609,6.9556042861237755,4.971312807252027,0.6994102093761505,174.5881002043905,0.24260134844346667,0.24260134844346667,0.015076931731878147,3,-0.0031250000000007105,-45,0.1953283881015131,244.0,4.451761653343743,4.792272727272728,0.10484182749185776
RHF_MPM_P23,96,0.0048,4.8,0,255,4.943125,29.97062962692601,71181,279.1411764705882,11,236,255,0.7674646197028281,109,109,253,0.017569444444444443,22,16,0.71875,61.93675889328063,56.45454545454545,0.06618055555555556,0.007291666666666667,0.02201388888888889,0.016041666666666666,0.012083333333333333,1,61.65767550329442,56.703839507733804,6.971273672590476,4.9849864405124,0.6990473127960868,172.70074844187485,0.19117522162992434,0.19117522162992434,0.013823913684831626,7,0.005486111111111747,79,0.09388469539987347,244.0,4.451761653343743,4.794671717171717,0.10791910451088722
RHF_MPM_P23,97,0.00485,4.85,0,255,4.961319444444444,30.042735134640743,71443,280.1686274509804,10,237,255,0.7700198632488693,107,107,254,0.017638888888888888,22,16,0.7215909090909091,61.89370078740158,56.45275590551181,0.06645833333333333,0.007222222222222222,0.021944444444444444,0.016041666666666666,0.012152777777777778,1,61.55502988396344,56.77295186372353,6.961063086562875,5.001767414836714,0.6954908080708043,174.5242260974105,0.2865132785248084,0.2865132785248084,0.015018966168833895,1,0.01819444444444418,262,0.12374425610221429,244.45454545454547,5.140987460217706,4.802026515151516,0.11596869066396699
RHF_MPM_P23,98,0.0049,4.9,0,255,4.863541666666666,29.839041422474562,70035,274.6470588235294,8,234,255,0.7336185271574505,109,109,251,0.017430555555555557,22,16,0.7130681818181818,61.96414342629482,56.47410358565737,0.0625,0.007083333333333333,0.021736111111111112,0.015833333333333335,0.012013888888888888,1,61.5007924609124,56.65627186406797,6.964017959292767,4.800290165893218,0.7244770372952412,173.15096324078246,0.23006097226227115,0.23006097226227115,0.013336189048332977,-3,-0.09777777777777796,-1408,0.12866981145101242,245.0909090909091,5.468164815208206,4.812582070707071,0.11580308016599139
RHF_MPM_P23,99,0.00495,4.95,0,255,4.776944444444444,29.66204030588632,68788,269.75686274509803,7,234,255,0.719416953026264,110,110,242,0.016805555555555556,21,15,0.7682539682539683,62.289256198347104,56.43801652892562,0.06138888888888889,0.007222222222222222,0.020972222222222222,0.015902777777777776,0.011875,1,61.77833343024946,56.63160725707972,6.999547660388389,4.685877906182047,0.7428531620035892,175.44870019864473,0.19946942272700038,0.19946942272700038,0.01318543932081177,-9,-0.08659722222222221,-1247,0.2786347654160187,245.36363636363637,5.227075095078201,4.823491161616162,0.10585228383464813
RHF_MPM_P23,100,0.005,5.0,0,255,4.784513888888889,29.669756799031838,68897,270.1843137254902,7,235,255,0.721796441274544,110,110,242,0.016805555555555556,21,16,0.7202380952380952,62.33471074380165,56.400826446280995,0.06166666666666667,0.007152777777777778,0.021319444444444443,0.015833333333333335,0.01173611111111111,1,61.944612972988665,56.512489658475694,6.972173450605559,4.7679541039355104,0.729618151623441,174.55979027102265,0.14871960157456443,0.14871960157456443,0.013280694369856452,0,0.0075694444444449616,109,0.20454312169014408,245.8181818181818,4.667453691997613,4.834981060606061,0.09340665283778085
RHF_MPM_P23,101,0.00505,5.05,0,255,4.657013888888889,29.504534716902725,67061,262.9843137254902,4,233,255,0.6782077699724935,110,110,241,0.01673611111111111,21,15,0.765079365079365,62.36099585062241,56.28630705394191,0.057430555555555554,0.007083333333333333,0.020625,0.015486111111111112,0.01173611111111111,1,61.921563949240245,56.382845469050565,6.755540068130798,4.555547533906755,0.7384187440087135,173.6572770616923,0.1308427600619702,0.1308427600619702,0.012197849718912631,-1,-0.1275000000000004,-1836,0.13167715575396488,245.1818181818182,4.801859144088821,4.822247474747475,0.10635503190109333
RHF_MPM_P23,102,0.0051,5.1,0,255,4.696041666666667,29.69239120452761,67623,265.18823529411765,4,233,255,0.6752265180928295,108,108,247,0.017152777777777777,21,15,0.7841269841269841,62.15384615384615,56.27125506072875,0.05694444444444444,0.007222222222222222,0.021319444444444443,0.015902777777777776,0.012013888888888888,1,61.82090413025154,56.16597903080313,6.824717433070178,4.822128202079783,0.7076449685746191,167.01854524051873,-0.2658630705119145,0.2658630705119145,0.011194416101030714,6,0.039027777777778105,562,0.23908879354116006,245.63636363636363,4.715019083596342,4.821988636363636,0.10665797043711503
RHF_MPM_P23,103,0.00515,5.15,0,255,4.674097222222223,29.627583734334333,67307,263.9490196078431,3,235,255,0.6646492464019187,108,108,246,0.017083333333333332,21,15,0.780952380952381,62.16260162601626,56.300813008130085,0.05576388888888889,0.006944444444444444,0.021180555555555557,0.015902777777777776,0.011875,1,61.83799604795935,56.23386869122083,6.765348498113442,4.654461761877337,0.7257244194114962,171.11353814884754,-0.08289422442334253,0.08289422442334253,0.009033235770425068,-1,-0.021944444444444322,-316,0.0700081398307434,246.0909090909091,4.4813663795877225,4.818857323232323,0.11038319550034531
RHF_MPM_P23,104,0.0052,5.2,0,255,4.660138888888889,29.57576513488777,67106,263.1607843137255,3,231,255,0.6517745231979382,108,108,245,0.017013888888888887,21,15,0.7777777777777778,62.18775510204082,56.32244897959184,0.05451388888888889,0.007013888888888889,0.021111111111111112,0.015694444444444445,0.011805555555555555,1,61.73160373141001,56.31052364915209,6.856777522359844,4.609688866501868,0.7402950515864789,172.48360867168358,0.01258107325567908,0.01258107325567908,0.008926176496885525,-1,-0.013958333333333961,-201,0.1311308796438817,246.36363636363637,4.312196809320517,4.80864898989899,0.1190564168089198
RHF_MPM_P23,105,0.00525,5.25,0,255,4.697986111111111,29.4247127117067,67651,265.2980392156863,6,230,255,0.6978651825269174,109,109,242,0.016805555555555556,22,15,0.7333333333333333,62.19834710743802,56.28512396694215,0.059097222222222225,0.006805555555555555,0.02125,0.015486111111111112,0.01173611111111111,1,61.84459948855154,56.44037782146605,6.949995522650083,4.68198320619314,0.7390349532585703,177.31553569821432,0.14213247373067583,0.14213247373067583,0.012017560716027848,-3,0.03784722222222214,545,0.17213409656233397,246.27272727272728,4.391953574247696,4.786578282828283,0.11495152464767314
RHF_MPM_P23,106,0.0053,5.3,0,255,4.806875,29.796534473379015,69219,271.4470588235294,7,231,255,0.7161838540075407,109,109,249,0.017291666666666667,22,15,0.7545454545454545,62.00803212851405,56.24497991967871,0.06076388888888889,0.006944444444444444,0.021458333333333333,0.015833333333333335,0.011944444444444445,1,61.70392522284344,56.257544893743045,7.003430626613941,4.705781294371384,0.7406190449603944,176.13434096855343,0.13418475847221623,0.13418475847221623,0.010864069113971597,7,0.10888888888888903,1568,0.23068837962125174,246.54545454545453,4.459181261247536,4.774690656565657,0.10505001449174022
RHF_MPM_P23,107,0.00535,5.35,0,255,4.860486111111111,29.859456342958246,69991,274.4745098039216,8,235,255,0.733702729252768,109,109,250,0.017361111111111112,22,15,0.7575757575757576,62.052,56.26,0.0625,0.007013888888888889,0.021875,0.01611111111111111,0.011944444444444445,1,61.49337771999257,56.11820091154577,6.901317391629223,4.879798075639007,0.7071314496887394,174.6314953796141,0.33251380491179355,0.33251380491179355,0.013130259604806332,1,0.0536111111111115,772,0.25248167523867837,246.27272727272728,4.136113878573573,4.76717803030303,0.09523199322868195
RHF_MPM_P23,108,0.0054,5.4,0,255,4.895208333333334,29.77592809143986,70491,276.43529411764706,10,233,255,0.7537464012697513,108,108,248,0.017222222222222222,22,15,0.7515151515151515,62.05241935483871,56.40725806451613,0.06430555555555556,0.007083333333333333,0.02201388888888889,0.015833333333333335,0.011875,1,61.3227929806642,56.45437006142628,7.101421994110932,4.782862733208993,0.7391801632183387,173.4297380022123,0.36824600635265753,0.36824600635265753,0.013363408094650382,-2,0.03472222222222232,500,0.37697327574128625,245.72727272727272,3.4136333373670156,4.76116792929293,0.0842420717774462
RHF_MPM_P23,109,0.00545,5.45,0,255,4.803541666666667,29.581973230911682,69171,271.25882352941176,7,231,255,0.7264726911232557,109,109,247,0.017152777777777777,22,15,0.7484848484848485,62.040485829959515,56.37651821862348,0.06159722222222222,0.006944444444444444,0.021458333333333333,0.015625,0.011805555555555555,1,61.1199780254731,56.58761619753943,7.191099813440912,4.61929052966889,0.7664012224878657,174.4150400529192,0.642450917012882,0.642450917012882,0.01312688843590522,-1,-0.09166666666666679,-1320,0.24266940235276854,245.36363636363637,3.023325299693798,4.755713383838384,0.07923031560457103
RHF_MPM_P23,110,0.0055,5.5,0,255,4.801944444444445,29.65429651458101,69148,271.1686274509804,8,234,255,0.7495081193457901,109,109,246,0.017083333333333332,21,15,0.780952380952381,62.1869918699187,56.33739837398374,0.064375,0.006944444444444444,0.02125,0.015625,0.011875,1,61.44341123387517,56.746254410828946,6.936637241402961,4.93235235589546,0.7031332202367029,170.5716505674975,0.3743870029538174,0.3743870029538174,0.016963614276624052,-1,-0.0015972222222222499,-23,0.3602431442969358,245.72727272727272,2.8313475458904427,4.757986111111111,0.08015984421328771
RHF_MPM_P23,111,0.00555,5.55,0,255,4.830694444444444,29.917232159297466,69562,272.7921568627451,6,236,255,0.7168112439364758,109,109,251,0.017430555555555557,22,15,0.7606060606060606,62.0,56.45019920318725,0.06097222222222222,0.007013888888888889,0.021805555555555557,0.015902777777777776,0.012152777777777778,1,61.53933181909663,56.670409131422325,6.8802740320640545,4.7832065673992155,0.7188107291768354,173.21436066168184,0.24126022120804944,0.24126022120804944,0.012995601046548403,5,0.02874999999999961,414,0.12228354377223691,246.54545454545453,2.934547707557995,4.762184343434344,0.08261108714305399
RHF_MPM_P23,112,0.0056,5.6,0,255,4.736805555555556,29.577953141110807,68210,267.4901960784314,5,233,255,0.6939538989962951,109,109,243,0.016875,22,15,0.7363636363636363,62.16460905349794,56.547325102880656,0.058472222222222224,0.006875,0.02125,0.015694444444444445,0.011666666666666667,1,61.66589942823633,56.6326784928896,7.010122576576949,4.727612771945927,0.7383680066520826,173.77884085437583,0.2706792234143215,0.2706792234143215,0.011655182524556516,-8,-0.09388888888888847,-1352,0.1320718015604631,246.72727272727272,2.631657241114569,4.769438131313131,0.07632167299060534
RHF_MPM_P23,113,0.00565,5.65,0,255,4.728402777777778,29.584533758818296,68089,267.0156862745098,5,234,255,0.6962619505048682,108,108,245,0.017013888888888887,21,15,0.7777777777777778,62.138775510204084,56.53469387755102,0.058819444444444445,0.007013888888888889,0.021111111111111112,0.015833333333333335,0.011666666666666667,1,61.74907841207831,56.59366417483,7.01457333019273,4.757886248963277,0.7347980847636516,174.57552860687665,0.14495254775325545,0.14495254775325545,0.011719954765086872,2,-0.008402777777777537,-121,0.09187415505266089,246.54545454545453,2.6752616308294837,4.772380050505051,0.07402495334330049
RHF_MPM_P23,114,0.0057,5.7,0,255,4.665763888888889,29.47928924779841,67187,263.47843137254904,4,231,255,0.6667405392280514,110,110,241,0.01673611111111111,21,15,0.765079365079365,62.19917012448133,56.572614107883815,0.05590277777777778,0.007083333333333333,0.021111111111111112,0.015625,0.011597222222222222,1,61.67847946775418,56.57506660514683,6.921573511563548,4.620334360125614,0.744585960326093,172.22612283074696,0.14482806715776458,0.14482806715776458,0.010627055829252682,-4,-0.06263888888888935,-902,0.0730074005687259,246.0909090909091,3.1175323999058633,4.771622474747475,0.07506228283198287
RHF_MPM_P23,115,0.00575,5.75,0,255,4.691666666666666,29.522292659766254,67560,264.94117647058823,5,231,255,0.6937541376703602,109,109,240,0.016666666666666666,21,15,0.7619047619047619,62.4125,56.44166666666667,0.058819444444444445,0.007222222222222222,0.021041666666666667,0.015486111111111112,0.011666666666666667,1,61.93604203670811,56.50748963883955,7.04412568649305,4.604251684223134,0.756814282392814,175.77521684653368,0.03108094074129769,0.03108094074129769,0.011885731201894612,-1,0.025902777777777608,373,0.2662801594213183,245.63636363636363,3.574473318425,4.774488636363637,0.07125612379864832
RHF_MPM_P23,116,0.0058,5.8,0,255,4.714375,29.52910784338128,67887,266.22352941176473,6,233,255,0.6985606177548653,110,110,240,0.016666666666666666,21,15,0.7619047619047619,62.27916666666667,56.52916666666667,0.059027777777777776,0.007083333333333333,0.020972222222222222,0.015625,0.011527777777777777,1,61.928277873525126,56.55412671056314,6.878905274424039,4.620598549635792,0.7408182725244065,172.7385241282592,0.08341916206638479,0.08341916206638479,0.011460220660803983,0,0.022708333333333997,327,0.04727894551365381,245.45454545454547,3.7986513483229416,4.775978535353536,0.06979735738989255
RHF_MPM_P23,117,0.00585,5.85,0,255,4.7306944444444445,29.61672016626142,68122,267.14509803921567,5,234,255,0.6982582887417957,110,110,241,0.01673611111111111,21,15,0.765079365079365,62.273858921161825,56.522821576763484,0.059097222222222225,0.007083333333333333,0.02125,0.01576388888888889,0.011666666666666667,1,61.806406153665485,56.61047825959308,6.923727240451072,4.63910799376688,0.7423336261353667,174.47469222171165,0.21664506770591604,0.21664506770591604,0.01241889551099498,1,0.01631944444444411,235,0.13426918179396422,244.72727272727272,3.816016702148247,4.769053030303031,0.07016658789448449
RHF_MPM_P23,118,0.0059,5.9,0,255,4.708611111111111,29.626760768375327,67804,265.89803921568625,4,230,255,0.6704429752409895,106,106,248,0.017222222222222222,22,15,0.7515151515151515,61.96370967741935,56.49596774193548,0.05618055555555555,0.006944444444444444,0.021388888888888888,0.015625,0.011805555555555555,1,61.666937053861126,56.49283228128134,6.97093542515508,4.505863419331131,0.7630168522790405,173.37897996000817,0.10745061650058149,0.10745061650058149,0.009822429355200283,7,-0.022083333333333677,-318,0.18246151926684454,244.54545454545453,3.6021114102107186,4.755246212121212,0.06561122232340247
RHF_MPM_P23,119,0.00595,5.95,0,255,4.764305555555556,29.75295042915861,68606,269.043137254902,4,235,255,0.6851276759057967,109,109,245,0.017013888888888887,22,15,0.7424242424242424,62.089795918367344,56.46938775510204,0.0575,0.007152777777777778,0.021388888888888888,0.015694444444444445,0.011805555555555555,1,61.61638923709297,56.54024429350203,7.122311618033179,4.507644781609693,0.7742411527132224,175.7965177289388,0.11596699766493733,0.11596699766493733,0.010771652625134827,-3,0.05569444444444471,802,0.06930354018982142,244.27272727272728,3.440161441531727,4.74334595959596,0.04888582027163134
RHF_MPM_P23,120,0.006,6.0,0,255,4.71,29.576448682468058,67824,265.9764705882353,4,232,255,0.6733638523183942,109,109,247,0.017152777777777777,22,15,0.7484848484848485,62.044534412955464,56.51821862348178,0.05638888888888889,0.007083333333333333,0.021388888888888888,0.01576388888888889,0.011666666666666667,1,61.62094538806322,56.53585751356452,6.993613233536151,4.436211374709677,0.7730679354365109,173.97243016273018,0.1894372422547473,0.1894372422547473,0.010527246992215146,2,-0.05430555555555561,-782,0.00632474109223671,244.27272727272728,3.440161441531727,4.734842171717172,0.045707597379632064
RHF_MPM_P23,121,0.00605,6.05,0,255,4.683333333333334,29.483877421020757,67440,264.47058823529414,4,231,255,0.6773392901403761,109,109,244,0.016944444444444446,22,15,0.7393939393939394,62.09016393442623,56.5,0.05701388888888889,0.006944444444444444,0.021111111111111112,0.015555555555555555,0.011527777777777777,1,61.64435053380783,56.48640272835112,7.033993172216059,4.4527027993034585,0.7741302736625532,171.30335621351793,0.09440566675402509,0.09440566675402509,0.011684460260972716,-3,-0.026666666666666394,-384,0.05471358723233139,244.0909090909091,3.3966439440489826,4.724059343434343,0.04248262877432109
RHF_MPM_P23,122,0.0061,6.1,0,255,4.688125,29.542284160653853,67509,264.74117647058824,4,231,255,0.6747751085790274,108,108,245,0.017013888888888887,22,15,0.7424242424242424,62.142857142857146,56.42448979591837,0.056666666666666664,0.007013888888888889,0.02125,0.015694444444444445,0.011666666666666667,1,61.687360203824674,56.41381149180109,7.113554490248876,4.652237363152077,0.756497861778999,173.04628006772137,0.17776667485913492,0.17776667485913492,0.0109170629101305,1,0.0047916666666667496,69,0.08437605903821577,243.54545454545453,2.641061644787991,4.711098484848486,0.02684115071008863
RHF_MPM_P23,123,0.00615,6.15,0,255,4.696666666666666,29.599459266832714,67632,265.22352941176473,4,233,255,0.6699700589124474,110,110,242,0.016805555555555556,21,15,0.7682539682539683,62.247933884297524,56.425619834710744,0.05631944444444444,0.007152777777777778,0.021180555555555557,0.015694444444444445,0.011875,1,61.73509581263307,56.39408859711379,6.970540014624935,4.617019941544299,0.74918405541298,172.56909842510424,0.175233483885679,0.175233483885679,0.010956352022711143,-3,0.008541666666666003,123,0.051649597512027016,243.45454545454547,2.675261630829484,4.707449494949494,0.025806761935305924
RHF_MPM_P23,124,0.0062,6.2,0,255,4.682777777777778,29.611879336501193,67432,264.4392156862745,4,234,255,0.6748403859978812,110,110,242,0.016805555555555556,21,15,0.7682539682539683,62.27685950413223,56.421487603305785,0.05708333333333333,0.007291666666666667,0.021111111111111112,0.015486111111111112,0.011875,1,62.00306975916479,56.43382963578123,6.907506852152795,4.506296928417585,0.7578948246148792,173.4858003700629,-0.08725410732669145,0.08725410732669145,0.011211294340965714,0,-0.013888888888888395,-200,0.2709047548016663,243.1818181818182,2.656661672036811,4.703301767676768,0.025772240329368642
RHF_MPM_P23,125,0.00625,6.25,0,255,4.784097222222222,29.853021620590383,68891,270.1607843137255,6,236,255,0.7158440081079065,110,110,246,0.017083333333333332,21,15,0.780952380952381,62.34146341463415,56.36585365853659,0.06118055555555556,0.007430555555555556,0.021527777777777778,0.01597222222222222,0.012291666666666666,1,62.066060878779524,56.38642202900234,7.017396994679753,4.766866965606924,0.7338673909857552,170.58859384126626,-0.19689615610886127,0.19689615610886127,0.012004470830732607,4,0.10131944444444407,1459,0.07883756928533409,243.63636363636363,2.67217062849074,4.714059343434344,0.03184069069156546
RHF_MPM_P23,126,0.0063,6.3,0,255,4.707152777777778,29.763031766755233,67783,265.8156862745098,3,234,255,0.6507500019064224,109,109,248,0.017222222222222222,21,15,0.7873015873015873,62.41532258064516,56.33870967741935,0.05423611111111111,0.007222222222222222,0.021458333333333333,0.01597222222222222,0.012152777777777778,1,62.02328017349483,56.46300694864494,6.619763016909351,4.333240581781858,0.7559827857173348,175.88404643049455,0.21129857739688573,0.21129857739688573,0.01006151985010991,2,-0.07694444444444404,-1108,0.08772364938441045,244.36363636363637,2.67217062849074,4.715467171717172,0.031154442718362336
RHF_MPM_P23,127,0.00635,6.35,0,11,0.02034722222222222,0.3581431921779263,293,26.636363636363637,0,0,7,0.05820692482232445,3,8,11,0.0007638888888888889,93,107,0.0011054165410511506,91.36363636363636,64.0,0.004722222222222222,0.0,0.0,0.0,0.0,0,83.13651877133105,65.54607508532423,32.00655031736131,28.156578479058652,0.47550502967753017,104.09009076067231,-0.41637576947861327,0.41637576947861327,0.0,-237,-4.686805555555556,-67490,22.984146076474538,223.54545454545453,67.25171662069118,4.288737373737374,1.3501429289420952
RHF_MPM_P23,128,0.0064,6.4,0,255,3.228263888888889,22.745495122656866,46487,182.30196078431374,1,117,255,0.6327663817653941,100,100,162,0.01125,12,23,0.5869565217391305,65.8641975308642,52.858024691358025,0.052222222222222225,0.003125,0.015625,0.009236111111111112,0.006458333333333333,1,66.45578333727708,51.49635381934734,7.994467373816613,4.6203831195559655,0.8160738863048171,100.53167228940274,-1.4382042211349673,1.4382042211349673,0.010067330651580012,151,3.2079166666666667,46194,21.80920911616345,216.36363636363637,69.1944200683483,4.152152777777778,1.3743036022796336
RHF_MPM_P23,129,0.00645,6.45,0,255,5.995277777777778,28.489003335216037,86332,338.55686274509804,32,168,255,1.1314094230640173,88,88,312,0.021666666666666667,13,48,0.5,67.02884615384616,43.69551282051282,0.09826388888888889,0.005138888888888889,0.03013888888888889,0.014513888888888889,0.008611111111111111,1,68.29903164527637,39.30713987860816,17.732695679630677,4.200832853095462,0.9715346274440116,100.40368693558008,-0.6610865112149708,0.6610865112149708,0.01329750266413381,150,2.767013888888889,39845,12.32779383418025,222.1818181818182,74.12497822390381,4.269122474747475,1.4682326166459896
RHF_MPM_P23,130,0.0065,6.5,0,255,5.668541666666667,28.83580787716584,81627,320.1058823529412,26,197,255,1.051408455425049,102,102,250,0.017361111111111112,14,33,0.5411255411255411,65.528,49.188,0.09222222222222222,0.00625,0.02451388888888889,0.014305555555555556,0.01,1,66.9328040966837,42.24733237776716,16.505493097605417,4.3872509443833785,0.9640266764912115,98.97145080399179,-1.0859695583341362,1.0859695583341362,0.015313560464062136,-62,-0.3267361111111109,-4705,3.242114995900728,222.63636363636363,74.27868007745955,4.351325757575759,1.5181212610814363
RHF_MPM_P23,131,0.00655,6.55,0,255,5.541041666666667,29.332279508029252,79791,312.90588235294115,23,220,255,0.959555712947694,108,108,234,0.01625,14,24,0.6964285714285714,65.35042735042735,50.84615384615385,0.08298611111111111,0.006944444444444444,0.024027777777777776,0.014444444444444444,0.010625,1,65.8651101001366,43.603063002092966,15.94356678397701,4.182018273084853,0.9649860251365978,92.86581275776196,-1.2832705661061112,1.2832705661061112,0.005739995738867792,-16,-0.1275000000000004,-1836,1.7256813135679334,221.45454545454547,73.98447458310996,4.426875,1.554337215098687
RHF_MPM_P23,132,0.0066,6.6,0,255,5.278680555555556,30.355562659423352,76013,298.09019607843135,14,233,255,0.7987219639542364,106,106,269,0.018680555555555554,14,26,0.739010989010989,65.38661710037175,49.7546468401487,0.06756944444444445,0.007222222222222222,0.02375,0.016944444444444446,0.011666666666666667,1,65.58884664465289,48.371489087392945,9.497281835973915,4.378283432862632,0.8873981383355302,91.69220268918681,-1.3136866857491474,1.3136866857491474,0.011116519542709799,35,-0.2623611111111108,-3778,4.776422178556359,223.72727272727272,75.018895691311,4.480997474747475,1.5725828818564307
RHF_MPM_P23,133,0.00665,6.65,0,255,5.701805555555556,32.0883584301218,82106,321.9843137254902,15,251,255,0.8131492012771758,109,109,291,0.02020833333333333,15,25,0.776,65.32302405498282,49.914089347079035,0.06923611111111111,0.008402777777777778,0.025347222222222222,0.018333333333333333,0.013819444444444445,1,65.45127030911262,48.72905755973985,8.609256261062608,4.496581635972793,0.8527641543856449,90.55155045015566,-0.8064360821464479,0.8064360821464479,0.01079092879935693,22,0.42312499999999975,6093,0.38312199169088373,227.9090909090909,77.33452074703477,4.573150252525252,1.611245797028497
RHF_MPM_P23,134,0.0067,6.7,0,255,6.872847222222222,35.79409109295979,98969,388.1137254901961,18,255,255,0.9267622097522725,111,111,357,0.024791666666666667,16,28,0.796875,65.30252100840336,48.54341736694678,0.08138888888888889,0.010833333333333334,0.030625,0.022916666666666665,0.017847222222222223,1,65.48643514635896,47.888369085269126,8.779520720643701,5.092525463745978,0.8145837540412536,92.38723338681758,-0.696969455519516,0.696969455519516,0.008568339581080945,66,1.1710416666666665,16863,0.8414236013367317,238.36363636363637,85.83840285652266,4.770984848484847,1.7425182730172593
RHF_MPM_P23,135,0.00675,6.75,0,255,7.585277777777778,37.60761159556453,109228,428.3450980392157,23,255,255,0.9927090548689927,112,112,389,0.02701388888888889,17,30,0.7627450980392156,65.19023136246787,48.02827763496144,0.08819444444444445,0.012569444444444444,0.033541666666666664,0.025486111111111112,0.01972222222222222,1,65.46150254513495,47.13193503497272,9.283227222836786,5.209306601785554,0.8277124010409193,92.83198522667507,-0.689726607398034,0.689726607398034,0.007754421943091515,32,0.7124305555555557,10259,0.7568448368401681,251.72727272727272,96.18362259864384,5.034848484848484,1.919911675283517
RHF_MPM_P23,136,0.0068,6.8,0,255,8.112430555555555,38.516110423405365,116819,458.1137254901961,27,255,255,1.1871573261036907,114,114,395,0.027430555555555555,19,31,0.6706281833616299,65.30379746835443,48.139240506329116,0.1111111111111111,0.013958333333333333,0.03423611111111111,0.026180555555555554,0.020902777777777777,1,65.78330579785822,47.18235047380991,9.354542330255994,6.002313636274361,0.7670001175920462,93.57745387666343,-0.5534164015353723,0.5534164015353723,0.018455901865278766,6,0.5271527777777774,7591,0.3257284911339871,265.27272727272725,104.55106704302311,5.337424242424242,2.1094642033253272
RHF_MPM_P23,137,0.00685,6.85,0,255,8.780625,39.896075059646286,126441,495.84705882352944,32,255,255,1.2560278772839566,112,112,438,0.030416666666666668,18,33,0.7373737373737373,65.2420091324201,46.65296803652968,0.11791666666666667,0.014652777777777778,0.03805555555555556,0.02875,0.022291666666666668,1,65.8175117248361,45.6055551601142,10.071647269858682,6.139729166607536,0.7927051313578686,93.28985939342228,-0.5196307742193604,0.5196307742193604,0.019447805695937237,43,0.6681944444444454,9622,1.577166290133407,282.54545454545456,115.40235040647501,5.707739898989899,2.3139527431642124
RHF_MPM_P23,138,0.0069,6.9,0,255,8.159930555555556,37.99010349925446,117503,460.79607843137256,31,255,255,1.1649009035644147,108,108,415,0.028819444444444446,15,34,0.8137254901960784,64.9566265060241,46.52289156626506,0.10548611111111111,0.0125,0.03777777777777778,0.026319444444444444,0.01923611111111111,1,65.33479996255414,44.919244615031104,11.025799073677744,5.2953323828038465,0.8771221000708497,91.54574897590597,-0.6521929681609038,0.6521929681609038,0.013650715300885935,-23,-0.6206944444444442,-8938,0.8390666300941798,319.27272727272725,82.8274119195406,6.447702020202021,1.5533532783465631
RHF_MPM_P23,139,0.00695,6.95,0,255,8.005,37.31936088978779,115272,452.0470588235294,30,255,255,1.2192345128682045,110,110,390,0.027083333333333334,15,33,0.7878787878787878,64.97692307692307,47.197435897435895,0.11194444444444444,0.012152777777777778,0.035833333333333335,0.025277777777777777,0.018819444444444444,1,65.33464327850649,45.025123186897076,11.473274536846267,5.344292666432074,0.8848881282154756,90.61278793622823,-0.7288727386658422,0.7288727386658422,0.01817440488583524,-25,-0.15493055555555557,-2231,0.10587868780008844,340.0,68.09485363013192,6.8819507575757575,1.2257863514110783
RHF_MPM_P23,140,0.007,7.0,0,255,8.108055555555556,37.43876469349238,116756,457.8666666666667,31,255,255,1.2437496559103465,109,109,395,0.027430555555555555,15,35,0.7523809523809524,64.82784810126583,47.18227848101266,0.11430555555555555,0.012361111111111111,0.03638888888888889,0.025277777777777777,0.01861111111111111,1,65.17906574394463,44.74070711569427,11.96657902970807,5.409028738495943,0.8920122197481081,89.81027220750323,-0.7821991082324755,0.7821991082324755,0.01936517181129878,5,0.10305555555555479,1484,0.32418647537919476,347.54545454545456,69.16431507171052,7.0740214646464645,1.2372776293587142
RHF_MPM_P23,141,0.00705,7.05,0,255,7.756597222222222,36.478850296804296,111695,438.01960784313724,30,255,255,1.2102220502285108,110,110,371,0.025763888888888888,15,32,0.7729166666666667,64.8921832884097,48.02964959568733,0.110625,0.011666666666666667,0.034375,0.02375,0.017638888888888888,1,65.14239670531357,44.86885715564708,12.434864195163579,5.215096830304687,0.907804708100039,89.4214821347251,-0.9405574683948602,0.9405574683948602,0.019741259680379604,-24,-0.35145833333333343,-5061,0.13329310234979255,358.54545454545456,62.02985151794934,7.263844696969696,1.1651605430037786
RHF_MPM_P23,142,0.0071,7.1,0,255,7.165763888888889,34.91164375327182,103187,404.6549019607843,28,255,255,1.1135505546406346,110,110,336,0.023333333333333334,15,30,0.7466666666666667,64.98214285714286,49.035714285714285,0.09965277777777778,0.010486111111111111,0.030625,0.021805555555555557,0.016180555555555556,1,64.99638520356247,45.14319633287139,12.937309217627153,4.654898277289411,0.9330278307666557,88.52117469246807,-1.1428120443050604,1.1428120443050604,0.021097618886099994,-35,-0.5908333333333333,-8508,0.31077538963651175,367.8181818181818,48.96718415395092,7.411546717171717,1.032877041432619
RHF_MPM_P23,143,0.00715,7.15,0,255,6.672361111111111,33.71854727796358,96082,376.7921568627451,24,254,255,1.0454179488974924,109,109,316,0.021944444444444444,15,29,0.7264367816091954,65.08544303797468,49.765822784810126,0.09319444444444444,0.009722222222222222,0.028958333333333332,0.02034722222222222,0.01513888888888889,1,65.04122520347204,45.86301284319644,12.744393375291446,4.556823611455735,0.9338920213871916,88.59098887896947,-1.2939613044446452,1.2939613044446452,0.02551986844570263,-20,-0.49340277777777786,-7105,0.7212117817454297,372.09090909090907,41.66414317427254,7.53824494949495,0.82879349571489
RHF_MPM_P23,144,0.0072,7.2,0,255,6.304513888888889,32.940545881301674,90785,356.01960784313724,21,253,255,1.0224753846738246,110,110,301,0.020902777777777777,15,27,0.7432098765432099,65.10963455149502,50.40531561461794,0.09208333333333334,0.009652777777777777,0.02673611111111111,0.019305555555555555,0.014444444444444444,1,65.10772704741973,46.61610398193534,12.561195052720201,4.65925547200539,0.9286630105097207,88.81633666306499,-1.4305659943277584,1.4305659943277584,0.029652475629233906,-15,-0.3678472222222222,-5297,0.7560216653611853,373.0,39.95906996824717,7.593036616161617,0.7181063818459584
RHF_MPM_P23,145,0.00725,7.25,0,255,6.113194444444445,32.58175560231306,88030,345.2156862745098,19,253,255,1.0056371665376442,110,110,294,0.020416666666666666,15,26,0.7538461538461538,65.18707482993197,50.66326530612245,0.09104166666666667,0.009166666666666667,0.025763888888888888,0.01888888888888889,0.014166666666666666,1,65.22023173917982,47.17690560036351,12.167162072923539,4.726310286251686,0.9214706281362022,89.41985702568313,-1.5192617010963088,1.5192617010963088,0.03151198455072134,-7,-0.19131944444444393,-2755,0.5719753149391075,367.27272727272725,45.913141135470354,7.523977272727273,0.8141500587676597
RHF_MPM_P23,146,0.0073,7.3,0,255,5.955902777777778,32.174270472459696,85765,336.3333333333333,17,251,255,0.9989040043739831,109,109,287,0.019930555555555556,15,26,0.735897435897436,65.18466898954703,50.8397212543554,0.09034722222222222,0.008680555555555556,0.025625,0.018541666666666668,0.013819444444444445,1,65.32641520433744,47.62328455663732,11.724438127480559,4.658520150310131,0.9176739834217593,90.63807715089744,-1.5184051758958215,1.5184051758958215,0.031049962105754097,-7,-0.1572916666666666,-2265,0.45883450270982823,358.0,50.6449315421503,7.375852272727273,0.929564521601471
RHF_MPM_P23,147,0.00735,7.35,0,255,5.772777777777778,31.85830012301967,83128,325.9921568627451,16,250,255,0.951530066369484,110,110,280,0.019444444444444445,15,26,0.717948717948718,65.17857142857143,51.13214285714286,0.085,0.008819444444444444,0.025347222222222222,0.017916666666666668,0.01375,1,65.2437686459436,48.279977865460495,11.026833843137243,4.538379371228432,0.9113754745111373,90.27699869838622,-1.5204809239919195,1.5204809239919195,0.027114810894042923,-7,-0.18312500000000043,-2637,0.6618735192372266,347.54545454545456,53.705194663871175,7.163156565656565,1.0015741413021175
RHF_MPM_P23,148,0.0074,7.4,0,255,5.769027777777778,32.009011086277724,83074,325.7803921568627,16,251,255,0.949263760943447,110,110,279,0.019375,15,25,0.744,65.22939068100358,51.18996415770609,0.08541666666666667,0.009166666666666667,0.02486111111111111,0.018333333333333333,0.014027777777777778,1,65.37814478657583,48.71522979512242,10.309229028289753,4.7678634895522105,0.8866271208778218,91.21787427920619,-1.458931200524525,1.458931200524525,0.024881431013313433,-1,-0.003750000000000142,-54,0.4555229845415488,333.09090909090907,48.565709087519295,6.889375,0.931154196011294
RHF_MPM_P23,149,0.00745,7.45,0,255,5.902013888888889,32.413250400103465,84989,333.2901960784314,16,252,255,0.978677462127088,111,111,285,0.019791666666666666,15,25,0.76,65.13333333333334,51.098245614035086,0.08875,0.009305555555555555,0.025416666666666667,0.018819444444444444,0.014375,1,65.30933414912518,49.276318111755636,9.499251052491708,4.941394466055129,0.8540519054345916,89.55795446198064,-1.264265632647269,1.264265632647269,0.02303827554154067,6,0.13298611111111125,1915,0.5652919625190709,321.27272727272725,42.65312715614586,6.684109848484848,0.8756622658170002
RHF_MPM_P23,150,0.0075,7.5,0,255,5.916666666666667,32.63509741571691,85200,334.11764705882354,15,253,255,0.9707420122466446,111,111,293,0.02034722222222222,15,26,0.7512820512820513,65.19112627986348,51.01365187713311,0.088125,0.009375,0.025625,0.019097222222222224,0.014444444444444444,1,65.5243544600939,49.483720657277,9.081998287618275,5.14088994401323,0.8243690341314586,91.07596501901133,-1.104765150197245,1.104765150197245,0.024096244131455398,8,0.01465277777777807,211,0.2987466318100136,312.45454545454544,37.21281215428031,6.4942613636363635,0.7909936080244532
RHF_MPM_P23,151,0.00755,7.55,0,255,5.829305555555556,32.391938332896835,83942,329.1843137254902,14,252,255,0.944725457866474,110,110,291,0.02020833333333333,15,26,0.7461538461538462,65.21305841924399,51.04123711340206,0.08527777777777777,0.009236111111111112,0.025486111111111112,0.01888888888888889,0.014513888888888889,1,65.64973434037788,49.79800338328846,8.684881225254319,5.143523492230675,0.8057625104484808,88.31509303789053,-0.890752429870467,0.890752429870467,0.021872245121631603,-2,-0.087361111111111,-1258,0.3383692454246094,303.0,26.792129101999002,6.287102272727273,0.6214462985436879
RHF_MPM_P23,152,0.0076,7.6,0,255,6.02625,32.819396447218864,86778,340.3058823529412,15,253,255,0.993845563687255,108,108,299,0.020763888888888887,15,26,0.7666666666666667,65.26421404682274,50.929765886287626,0.09055555555555556,0.00951388888888889,0.026041666666666668,0.019305555555555555,0.014791666666666667,1,65.73368826200189,49.643907441978385,8.837243803897287,5.433917674619838,0.7886142267620774,92.09927352019612,-0.9042851100506178,0.9042851100506178,0.023969208785636912,8,0.19694444444444414,2836,0.17548168019565302,296.45454545454544,16.002065982318637,6.12979797979798,0.413915667408904
RHF_MPM_P23,153,0.00765,7.65,0,255,6.0713888888888885,32.746754092986734,87428,342.85490196078433,15,253,255,1.037069333130721,109,109,297,0.020625,15,27,0.7333333333333333,65.17171717171718,50.85521885521886,0.09576388888888888,0.009236111111111112,0.026041666666666668,0.01923611111111111,0.014861111111111111,1,65.8902182367205,49.250800658827835,8.974154560627662,5.741281057002804,0.7685769795526319,94.53125546304854,-0.8692642069237354,0.8692642069237354,0.029715880495950954,-2,0.045138888888888395,650,0.42312477585740826,292.90909090909093,10.067540509023365,6.030309343434343,0.2533227114811823
RHF_MPM_P23,154,0.0077,7.7,0,255,6.12375,33.05830862689187,88182,345.81176470588235,16,254,255,0.9864957134444912,111,111,300,0.020833333333333332,15,27,0.7407407407407407,65.12333333333333,50.836666666666666,0.08902777777777778,0.009583333333333333,0.02673611111111111,0.01951388888888889,0.014791666666666667,1,65.58363384817763,49.45655575967885,8.878272624793572,5.3452930997352315,0.7984474265372522,90.05859934319014,-0.7526014190601125,0.7526014190601125,0.01975459844412692,3,0.05236111111111175,754,0.36922777363629994,291.45454545454544,7.439008198355921,5.980435606060606,0.1581241615488086
RHF_MPM_P23,155,0.00775,7.75,0,255,5.950833333333334,32.56329220618756,85692,336.0470588235294,15,253,255,0.9476646232848233,110,110,294,0.020416666666666666,15,27,0.725925925925926,65.15306122448979,50.97959183673469,0.08472222222222223,0.009166666666666667,0.026111111111111113,0.01888888888888889,0.014375,1,65.39603463567194,49.193261914764506,9.223396533017167,4.950988953586705,0.843718511883084,89.22905974601575,-0.934244050292798,0.934244050292798,0.019126639592960838,-6,-0.1729166666666666,-2490,0.3232910659182108,290.8181818181818,6.873112062340291,5.948282828282829,0.12042104314870448
RHF_MPM_P23,156,0.0078,7.8,0,255,5.973819444444445,32.69330241673123,86023,337.3450980392157,16,253,255,0.9686178488402901,110,110,297,0.020625,15,27,0.7333333333333333,65.3063973063973,50.85858585858586,0.08715277777777777,0.009305555555555555,0.025902777777777778,0.019166666666666665,0.014513888888888889,1,65.53370610185648,48.87920672378318,9.764660810051227,5.016086296788719,0.8579711010579333,92.7015118932839,-1.1736597674070812,1.1736597674070812,0.021319879567092522,3,0.02298611111111093,331,0.3429053740957121,291.09090909090907,7.051170701696479,5.935612373737373,0.10921365090372186
RHF_MPM_P23,157,0.00785,7.85,0,255,5.944861111111111,32.65989111250541,85606,335.7098039215686,15,252,255,0.9481434126530308,109,109,296,0.020555555555555556,15,27,0.7308641975308642,65.32770270270271,51.00337837837838,0.08506944444444445,0.009375,0.02625,0.018958333333333334,0.014652777777777778,1,65.6427937294115,49.53764923019415,8.842425889253654,5.084984134952662,0.8181065706505979,90.56147518331805,-0.8244812024634042,0.8244812024634042,0.022334883068943767,-1,-0.02895833333333364,-417,0.6674178936276302,291.90909090909093,7.051170701696479,5.934608585858586,0.10907319983164109
RHF_MPM_P23,158,0.0079,7.9,0,255,5.978888888888889,32.88460630901282,86096,337.6313725490196,15,253,255,0.9282245770866375,110,110,299,0.020763888888888887,15,27,0.7382716049382716,65.33110367892976,51.05016722408027,0.08298611111111111,0.009375,0.02625,0.019166666666666665,0.014722222222222222,1,65.51921111317598,49.802511150343804,8.849306802964156,4.9342448266862755,0.8301195407829035,89.37177122240772,-0.8536363383382929,0.8536363383382929,0.018386452332280246,3,0.03402777777777821,490,0.2922746991803702,293.6363636363636,6.197840199657931,5.953345959595959,0.0966606745310146
RHF_MPM_P23,159,0.00795,7.95,0,255,5.868125,32.48405438888334,84501,331.3764705882353,15,252,255,0.9359046286495004,110,110,294,0.020416666666666666,15,27,0.725925925925926,65.30272108843538,50.86734693877551,0.08375,0.008958333333333334,0.026041666666666668,0.01888888888888889,0.014444444444444444,1,65.67157785114969,49.32668252446717,9.06031025883242,5.116841930413946,0.8252596465091544,91.24894786279002,-0.9571712192892635,0.9571712192892635,0.022023408007005835,-5,-0.1107638888888891,-1595,0.49962836593251747,295.0,4.134115273055299,5.962354797979798,0.0826673591488566
RHF_MPM_P23,160,0.008,8.0,0,255,5.8597222222222225,32.41780057880676,84380,330.9019607843137,15,252,255,0.9510551134267419,110,110,291,0.02020833333333333,15,26,0.7461538461538462,65.25429553264605,51.264604810996566,0.08548611111111111,0.009236111111111112,0.025625,0.01875,0.014444444444444444,1,65.7208461720787,49.41518132258829,9.075998103877824,5.120372762550905,0.8256611439293574,92.84878355947764,-1.000553468476624,1.000553468476624,0.023358615785731215,-3,-0.008402777777777537,-121,0.10128871958933207,295.54545454545456,3.0260576321987704,5.9585101010101,0.0862884362889673
RHF_MPM_P23,161,0.00805,8.05,0,255,5.930486111111111,32.455948154337285,85399,334.89803921568625,15,252,255,0.9813460158933613,109,109,299,0.020763888888888887,15,27,0.7382716049382716,65.29765886287625,50.86622073578595,0.08881944444444445,0.008958333333333334,0.026111111111111113,0.01888888888888889,0.014375,1,65.67773627325847,48.92461270038291,9.515261058362206,5.073080017665166,0.8460195003010464,93.57112797915316,-1.0778295144404848,1.0778295144404848,0.02396983571236197,8,0.07076388888888818,1019,0.49245917238769615,296.09090909090907,3.058655243865586,5.959766414141414,0.08576911187592233
RHF_MPM_P23,162,0.0081,8.1,0,255,5.871111111111111,32.30626098398625,84544,331.5450980392157,15,251,255,0.9713125601989685,108,108,294,0.020416666666666666,15,27,0.725925925925926,65.33333333333333,51.125850340136054,0.08756944444444445,0.009097222222222222,0.025694444444444443,0.018680555555555554,0.014305555555555556,1,65.77344341408025,49.20906273656321,9.263424907473299,5.2257284955285135,0.8256894791406691,94.19325332344388,-0.9907585865268893,0.9907585865268893,0.024992903103709312,-5,-0.05937499999999929,-855,0.30011944270115903,296.3636363636364,2.705977466570403,5.963566919191919,0.08067927016573753
RHF_MPM_P23,163,0.00815,8.15,0,255,5.8156944444444445,32.196200661223166,83746,328.4156862745098,15,252,255,0.9628841547285376,109,109,292,0.020277777777777777,15,26,0.7487179487179487,65.32534246575342,51.236301369863014,0.08666666666666667,0.00875,0.025486111111111112,0.018680555555555554,0.01423611111111111,1,65.78101640675375,49.476082439758315,8.952255675921611,5.218063683872296,0.8125604193730478,93.18614085761038,-0.9622327707461629,0.9622327707461629,0.024729539321281017,-2,-0.05541666666666689,-798,0.2671270710961995,295.72727272727275,2.831347545890443,5.944425505050504,0.08816686661662053
RHF_MPM_P23,164,0.0082,8.2,0,255,5.822986111111111,32.41593378734234,83851,328.82745098039214,14,252,255,0.9192085399996286,108,108,296,0.020555555555555556,15,26,0.7589743589743589,65.31756756756756,51.148648648648646,0.08215277777777778,0.009027777777777777,0.025347222222222222,0.018680555555555554,0.014444444444444444,1,65.5585622115419,49.95701899798452,8.659574322784911,4.890140133074294,0.8252900520947595,90.18105193987451,-0.817660643308186,0.817660643308186,0.01898605860395225,4,0.007291666666666252,105,0.5298922928348936,295.6363636363636,2.8049542946439114,5.921843434343435,0.08449084755812132
RHF_MPM_P23,165,0.00825,8.25,0,255,5.795486111111111,32.55506948340384,83455,327.27450980392155,14,253,255,0.870234641775204,110,110,295,0.02048611111111111,15,26,0.7564102564102564,65.33220338983051,51.18305084745763,0.07673611111111112,0.009166666666666667,0.025763888888888888,0.01902777777777778,0.014513888888888889,1,65.51189263675035,50.067090048529145,8.519559761799123,4.787489828694439,0.827177324496217,88.58974070968341,-0.7966411916882387,0.7966411916882387,0.01666766520879516,-1,-0.027499999999999858,-396,0.11955620175976543,295.1818181818182,2.4427325168262555,5.8920012626262634,0.06319489411943066
RHF_MPM_P23,166,0.0083,8.3,0,255,5.750277777777778,32.43448952941838,82804,324.721568627451,13,252,255,0.8654830197757303,110,110,294,0.020416666666666666,15,26,0.7538461538461538,65.28571428571429,51.19047619047619,0.07597222222222222,0.008958333333333334,0.025694444444444443,0.018958333333333334,0.014444444444444444,1,65.49539877300613,50.107120428964784,8.535956037114452,4.892559574921049,0.8194360206326112,86.73287139000064,-0.7333107977582323,0.7333107977582323,0.016557171151152118,-1,-0.04520833333333307,-651,0.043295252615439345,295.1818181818182,2.4427325168262555,5.87376893939394,0.07191995611879061
RHF_MPM_P23,167,0.00835,8.35,0,255,5.603263888888889,31.785577667872623,80687,316.41960784313727,14,249,255,0.8644120337474656,109,109,283,0.01965277777777778,15,26,0.7256410256410256,65.30388692579506,51.20141342756184,0.07611111111111112,0.008541666666666666,0.024722222222222222,0.018055555555555554,0.013888888888888888,1,65.48378301337266,49.55878890031852,9.134374026506928,4.669127483055588,0.8594855197347643,92.15580228664861,-1.1490586200664001,1.1490586200664001,0.01795828324265371,-11,-0.147013888888889,-2117,0.5484545479612809,293.90909090909093,4.187742838647645,5.84008207070707,0.09889264308334365
RHF_MPM_P23,168,0.0084,8.4,0,255,5.722777777777778,32.2381387844266,82408,323.1686274509804,14,252,255,0.8983948620851765,108,108,291,0.02020833333333333,15,26,0.7461538461538462,65.3127147766323,51.2852233676976,0.08,0.008819444444444444,0.025,0.01861111111111111,0.014305555555555556,1,65.67333268614698,49.78121056208135,8.757244390895382,5.050373726186853,0.8169502883773667,94.05187483476325,-1.0214600525970179,1.0214600525970179,0.020677604116105232,8,0.11951388888888914,1721,0.292233595040321,293.45454545454544,4.207431441965867,5.819892676767676,0.0981071887569523
RHF_MPM_P23,169,0.00845,8.45,0,255,5.910347222222223,32.80491077129718,85109,333.7607843137255,14,253,255,0.9098245286926023,110,110,299,0.020763888888888887,15,26,0.7666666666666667,65.25083612040133,51.130434782608695,0.08104166666666666,0.009375,0.02625,0.01923611111111111,0.014652777777777778,1,65.52872199179875,49.53263462148539,8.962573496145668,4.95247527895244,0.8334645666919305,92.03587569982425,-1.0120748467209295,1.0120748467209295,0.01950440023969263,8,0.18756944444444468,2701,0.28757999089477937,293.45454545454544,4.207431441965867,5.813661616161617,0.08962059797185909
RHF_MPM_P23,170,0.0085,8.5,0,255,5.990069444444444,32.98898340937572,86257,338.2627450980392,15,253,255,0.9178631661849466,110,110,302,0.020972222222222222,15,26,0.7743589743589744,65.18543046357615,50.913907284768214,0.0817361111111111,0.00951388888888889,0.026597222222222223,0.019444444444444445,0.014930555555555556,1,65.3916319834912,49.243388942346705,9.17726004163331,4.877173360049308,0.84709523395834,91.3429883026626,-1.002835477364323,1.002835477364323,0.018746304647738733,3,0.07972222222222136,1148,0.3200886334723017,294.1818181818182,4.876999484000604,5.824747474747475,0.10231500832902982
RHF_MPM_P23,171,0.00855,8.55,0,255,6.0621527777777775,33.02346742728727,87295,342.3333333333333,16,254,255,0.9653257021152698,110,110,300,0.020833333333333332,15,26,0.7692307692307693,65.14333333333333,50.98,0.08715277777777777,0.009722222222222222,0.02666666666666667,0.019444444444444445,0.014930555555555556,1,65.45999198121312,49.149527464345034,9.2812471328079,5.057872056152475,0.8384645912239994,90.51508736927777,-1.0018243111388871,1.0018243111388871,0.021009221604902914,-2,0.0720833333333335,1038,0.11611660665555129,295.0,5.027198750072179,5.843150252525252,0.12305384284928078
RHF_MPM_P23,172,0.0086,8.6,0,255,6.167152777777778,33.445048902042174,88807,348.2627450980392,16,254,255,0.9213568687837207,110,110,310,0.021527777777777778,15,27,0.7654320987654321,65.19354838709677,50.67741935483871,0.08208333333333333,0.01,0.02701388888888889,0.02,0.01513888888888889,1,65.26536196471,49.29823099530442,9.119204353141072,4.731626314785071,0.8548568360394759,89.22954432193919,-0.9053256258952168,0.9053256258952168,0.017160809395655747,10,0.10500000000000043,1512,0.24493587618761922,296.0,6.578200914591107,5.864665404040403,0.15339280996036275
RHF_MPM_P23,173,0.00865,8.65,0,255,6.360833333333333,33.487144206147725,91596,359.2,17,254,255,1.0535263399047994,109,109,313,0.021736111111111112,15,28,0.7452380952380953,65.15974440894568,50.501597444089455,0.09659722222222222,0.009930555555555555,0.027777777777777776,0.02,0.015208333333333334,1,65.33106249181186,48.95103497969344,9.198198151040602,5.313213951168008,0.8162941895387148,90.40308186891504,-0.7570853222981205,0.7570853222981205,0.020721428883357353,3,0.19368055555555497,2789,0.3533576552412657,297.72727272727275,8.136236667368891,5.909185606060606,0.2095799761156437
RHF_MPM_P23,174,0.0087,8.7,0,255,6.167222222222223,33.224040961922526,88808,348.26666666666665,16,254,255,0.9704772592189509,110,110,307,0.021319444444444443,15,28,0.7309523809523809,65.12377850162866,50.495114006514655,0.08743055555555555,0.009722222222222222,0.02722222222222222,0.019791666666666666,0.015069444444444444,1,65.37179082965498,49.2225475182416,9.01497748557862,5.083202972093364,0.8258690440020344,90.38348527738117,-0.7650562935946411,0.7650562935946411,0.018669489235204034,-6,-0.1936111111111103,-2788,0.27455027971635465,299.09090909090907,8.31706400835104,5.941142676767677,0.21945592438094091
RHF_MPM_P23,175,0.00875,8.75,0,255,6.017222222222222,32.968871817983356,86648,339.79607843137256,15,254,255,0.9254382625069171,111,111,296,0.020555555555555556,15,27,0.7308641975308642,65.14189189189189,50.9527027027027,0.08229166666666667,0.009652777777777777,0.026458333333333334,0.01923611111111111,0.014791666666666667,1,65.4158434124273,49.494898901301816,8.99351882186248,5.021308688694217,0.8296221487744512,88.2033668373259,-0.8444677395536139,0.8444677395536139,0.018569384175053088,-11,-0.15000000000000036,-2160,0.27589111240437797,299.09090909090907,8.31706400835104,5.958800505050505,0.21703943201374043
RHF_MPM_P23,176,0.0088,8.8,0,255,6.071527777777778,33.226711065368036,87430,342.8627450980392,16,254,255,0.9163323621560874,111,111,304,0.021111111111111112,15,27,0.7506172839506173,65.17434210526316,50.78947368421053,0.08159722222222222,0.009930555555555555,0.02666666666666667,0.01972222222222222,0.01513888888888889,1,65.39970261923824,49.343257463113346,9.038035881605351,4.963303996135424,0.8357189630681189,88.49395144875446,-0.8892095619535206,0.8892095619535206,0.018494795836669336,8,0.05430555555555561,782,0.15249803598944922,299.90909090909093,8.31706400835104,5.983895202020202,0.2126191495502195
RHF_MPM_P23,177,0.00885,8.85,0,255,6.100347222222222,33.22194095760433,87845,344.4901960784314,16,254,255,0.9057574810100847,111,111,303,0.021041666666666667,15,28,0.7214285714285714,65.16831683168317,50.65676567656766,0.08,0.00986111111111111,0.02673611111111111,0.01965277777777778,0.015069444444444444,1,65.192896579202,49.046878023791905,9.273917850065189,4.530247673073944,0.8725675887741807,87.53612706820641,-0.9074055552006929,0.9074055552006929,0.01911321076896807,-1,0.028819444444444287,415,0.3613993777636638,300.72727272727275,8.13623666736889,6.015719696969697,0.2011600717526438
RHF_MPM_P23,178,0.0089,8.9,0,12,0.017777777777777778,0.3307660394289386,256,21.333333333333332,0,0,6,0.052850349257692754,3,8,8,0.0005555555555555556,93,101,0.0008516980730331097,88.0,59.75,0.0042361111111111115,0.0,0.0,0.0,0.0,0,85.13671875,63.234375,31.50999515678031,25.10142899941067,0.6044830670723004,125.38895804888975,0.2921966124591261,0.2921966124591261,0.0,-295,-6.082569444444444,-87589,24.47531640715453,275.72727272727275,84.86790903204269,5.5079482323232325,1.7428856982320882
RHF_MPM_P23,179,0.00895,8.95,0,255,3.072986111111111,21.669997006225156,44251,173.53333333333333,4,94,255,0.6803136587014608,101,101,138,0.009583333333333333,15,12,0.7666666666666667,68.09420289855072,56.81884057971015,0.057152777777777775,0.002638888888888889,0.012777777777777779,0.008125,0.005694444444444445,1,70.86346071275226,56.764027931572166,8.03018629116244,5.101545759644299,0.7722686764234229,-179.48841947256835,-0.8577349778042569,0.8577349778042569,0.017355539987796886,130,3.0552083333333333,43995,15.671352404427958,261.8181818181818,93.33986596579405,5.267058080808081,1.8746814568248462
RHF_MPM_P23,180,0.009,9.0,0,255,4.6225,25.11290050009711,66564,261.0352941176471,19,134,255,0.9468709284722352,96,96,200,0.013888888888888888,28,12,0.5952380952380952,71.425,56.605,0.08166666666666667,0.004097222222222223,0.021527777777777778,0.010694444444444444,0.007222222222222222,1,79.31191034192656,57.42416321134547,15.702361347754689,4.057301110983183,0.9660412321875934,-174.16675931860723,-0.8966009054490489,0.8966009054490489,0.011748092061775134,62,1.5495138888888884,22313,8.47420083101037,252.8181818181818,94.09068950347675,5.149981060606061,1.871061757277563
RHF_MPM_P23,181,0.00905,9.05,0,255,3.9444444444444446,24.155830265227255,56800,222.7450980392157,14,120,255,0.8065471325020248,106,106,158,0.010972222222222222,18,12,0.7314814814814815,68.92405063291139,56.50632911392405,0.06854166666666667,0.0038194444444444443,0.0175,0.009722222222222222,0.007361111111111111,1,76.61781690140845,56.72110915492958,14.624261413545195,3.842750207130627,0.9648597481122231,-178.59377322120648,-1.2519967525683744,1.2519967525683744,0.014419014084507043,-42,-0.678055555555555,-9764,2.7843175954774964,239.72727272727272,96.32812381654969,4.964015151515151,1.879960024296328
RHF_MPM_P23,182,0.0091,9.1,0,255,4.338611111111111,26.97565895115012,62476,245.00392156862745,9,187,255,0.7406998605785599,108,108,200,0.013888888888888888,22,12,0.7575757575757576,70.65,56.33,0.06194444444444445,0.005069444444444444,0.02034722222222222,0.013055555555555556,0.009375,1,75.66532748575453,56.50883539279083,14.602956557050152,4.06011375811842,0.9605713260831534,-178.30438969135136,-1.7213492203375296,1.7213492203375296,0.012372751136436391,42,0.3941666666666661,5676,0.9758566682793507,230.63636363636363,94.91936551838735,4.807329545454546,1.8535449186356974
RHF_MPM_P23,183,0.00915,9.15,0,255,4.841458333333334,29.486730830926078,69717,273.4,7,220,255,0.7025333398980473,105,105,258,0.017916666666666668,30,12,0.7166666666666667,73.0077519379845,56.32170542635659,0.057916666666666665,0.005902777777777778,0.0225,0.01638888888888889,0.01138888888888889,1,73.21932957528293,56.310698968687696,8.309240796145714,4.107565331021985,0.8692703325017637,177.64770526300632,-0.4368642310926389,0.4368642310926389,0.004618672633647461,58,0.5028472222222229,7241,2.454009743376711,225.9090909090909,92.10217107840276,4.68681186868687,1.8036375456245024
RHF_MPM_P23,184,0.0092,9.2,0,255,5.5003472222222225,30.92440379181847,79205,310.6078431372549,13,228,255,0.7946553180228024,101,101,307,0.021319444444444443,34,14,0.6449579831932774,74.06840390879479,56.29641693811075,0.06645833333333333,0.006875,0.026875,0.017777777777777778,0.012083333333333333,1,74.42662710687456,56.248595416956,9.450413014305328,4.187173083402778,0.8964881386458444,177.46610975503742,-0.5386081231855513,0.5386081231855513,0.005189066346821539,49,0.6588888888888889,9488,1.2088937839715062,225.36363636363637,91.60118372326927,4.608585858585859,1.7471111706311446
RHF_MPM_P23,185,0.00925,9.25,0,255,5.988402777777778,32.585406011723734,86233,338.1686274509804,15,243,255,0.8327185288310011,104,104,327,0.022708333333333334,35,14,0.6673469387755102,74.46788990825688,56.18042813455658,0.07006944444444445,0.007916666666666667,0.028194444444444446,0.020069444444444445,0.013819444444444445,1,74.80250020293855,56.19037955307133,9.614853322430728,4.183631192040478,0.9003716555033556,178.02507035803964,-0.5463467075252274,0.5463467075252274,0.005009683067967019,20,0.48805555555555546,7028,0.38035466495438586,227.1818181818182,93.38465727771363,4.592329545454546,1.7333103467469735
RHF_MPM_P23,186,0.0093,9.3,0,255,6.318472222222222,33.36644551873609,90986,356.8078431372549,18,249,255,0.8912227562651707,106,106,327,0.022708333333333334,34,14,0.6869747899159664,73.98470948012232,56.318042813455655,0.07604166666666666,0.00875,0.029583333333333333,0.020416666666666666,0.014444444444444444,1,75.11556723012332,56.23495922449607,10.013918410846385,4.451162331876976,0.8957800602234792,177.78245793972192,-0.6079298596634444,0.6079298596634444,0.004846899523003539,0,0.33006944444444386,4753,0.31622509485277844,230.0,95.85405573057407,4.6197159090909095,1.757814024648184
RHF_MPM_P23,187,0.00935,9.35,0,255,6.92625,35.132724217423,99738,391.1294117647059,22,254,255,0.9560284048390578,108,108,353,0.02451388888888889,33,15,0.7131313131313132,74.29745042492918,56.226628895184135,0.08291666666666667,0.01,0.03131944444444444,0.022430555555555554,0.016458333333333332,1,75.86752291002426,56.24020934849305,10.392328499301184,4.510410942596488,0.9009063632517118,178.48063181525077,-0.669214308143393,0.669214308143393,0.00856243357596904,26,0.6077777777777778,8752,0.7519740077537761,234.45454545454547,100.22825190204028,4.697417929292929,1.8373632234768056
RHF_MPM_P23,188,0.0094,9.4,0,255,7.168263888888889,35.29558842495328,103223,404.79607843137256,26,254,255,1.0153107372323982,107,107,364,0.025277777777777777,35,15,0.6933333333333334,74.96153846153847,56.15659340659341,0.08819444444444445,0.009583333333333333,0.03333333333333333,0.023333333333333334,0.016319444444444445,1,76.83710994642666,56.1690320955601,11.27490202781213,4.5091787312630105,0.9165454090904519,178.09204179089988,-0.7324104138786883,0.7324104138786883,0.008651172703757884,11,0.24201388888888964,3485,0.9721960823283923,240.0,105.42037063800595,4.7945012626262615,1.9345690619549598
RHF_MPM_P23,189,0.00945,9.45,0,255,7.148680555555556,34.91150983690623,102941,403.69019607843137,28,254,255,1.0460170825204624,106,106,353,0.02451388888888889,34,15,0.692156862745098,74.29745042492918,56.26912181303116,0.09125,0.009791666666666667,0.03243055555555555,0.02201388888888889,0.01597222222222222,1,77.07736470405378,56.20793464217367,11.996904718540046,4.510316574963971,0.9266372365038846,178.67971602960705,-0.895114723607229,0.895114723607229,0.011929163307137098,-11,-0.019583333333333286,-282,0.24338396967648457,271.3636363636364,79.9843993053108,5.442765151515152,1.3235797924482007
RHF_MPM_P23,190,0.0095,9.5,0,255,7.198611111111111,34.92099214677945,103660,406.5098039215686,29,255,255,1.0710891688310875,108,108,345,0.023958333333333335,33,15,0.696969696969697,73.98260869565217,56.23478260869565,0.09423611111111112,0.010138888888888888,0.03180555555555555,0.021805555555555557,0.016180555555555556,1,77.44919930542157,56.21463438163226,12.55226844801902,4.4488097487438,0.9350852904164683,178.77562717694337,-0.990711559727632,0.990711559727632,0.014894848543314682,-8,0.049930555555555145,719,0.3718949546352566,290.1818181818182,70.13858772176202,5.81782196969697,1.1751323594591856
RHF_MPM_P23,191,0.00955,9.55,0,255,7.2186111111111115,34.90619155940818,103948,407.6392156862745,29,255,255,1.0932465622420273,110,110,336,0.023333333333333334,32,16,0.65625,73.51488095238095,56.357142857142854,0.096875,0.010347222222222223,0.03166666666666667,0.021736111111111112,0.016041666666666666,1,77.3983626428599,56.29468580444068,12.713560322411455,4.588222807607249,0.9326075972855198,179.34394394949112,-1.0127879051951616,1.0127879051951616,0.016123446338553893,-9,0.020000000000000462,288,0.09482930219116369,302.54545454545456,64.94664052668529,6.053832070707071,1.172061270762132
RHF_MPM_P23,192,0.0096,9.6,0,255,7.246527777777778,35.120371211802194,104350,409.2156862745098,29,255,255,1.1066302816567737,109,109,343,0.023819444444444445,31,16,0.6915322580645161,73.70262390670554,56.27113702623907,0.09895833333333333,0.010486111111111111,0.030625,0.022083333333333333,0.01659722222222222,1,77.30392908481073,56.332247244849064,12.626030066150424,4.603668242924438,0.9311574881994875,179.9230779550923,-1.0287779807555024,1.0287779807555024,0.018016291327264015,7,0.027916666666666146,402,0.10162951683136502,319.3636363636364,46.739651703048814,6.354021464646465,1.0042075276233897
RHF_MPM_P23,193,0.00965,9.65,0,255,7.231388888888889,35.179118068407966,104132,408.3607843137255,27,255,255,1.0999180604317984,111,111,340,0.02361111111111111,31,15,0.7311827956989247,73.61764705882354,56.23529411764706,0.09854166666666667,0.010763888888888889,0.03131944444444444,0.021944444444444444,0.016666666666666666,1,77.21191372488764,56.3214573810164,12.501470879917138,4.6861837705523985,0.9270852350549479,-179.80763716660442,-1.0118364760891545,1.0118364760891545,0.018860676833250104,-3,-0.015138888888889035,-218,0.0926458181641474,332.09090909090907,27.67819800182265,6.617001262626261,0.7999950529548252
RHF_MPM_P23,194,0.0097,9.7,0,255,7.368680555555556,35.62319944273456,106109,416.1137254901961,28,255,255,1.115283983075858,111,111,349,0.02423611111111111,31,15,0.7505376344086021,73.85959885386819,56.17191977077364,0.10006944444444445,0.010972222222222222,0.03159722222222222,0.02277777777777778,0.017152777777777777,1,77.22690817932504,56.285027660236175,12.419287307190944,4.643075178511993,0.9274851345231302,-179.12887361425294,-1.039545184661956,1.039545184661956,0.020733396790093207,9,0.13729166666666703,1977,0.03939490093908761,340.3636363636364,14.986495298178092,6.846748737373738,0.5932774204864364
RHF_MPM_P23,195,0.00975,9.75,0,255,7.5905555555555555,36.0731951842704,109304,428.64313725490194,28,255,255,1.1390572580983953,110,110,361,0.025069444444444443,33,15,0.7292929292929293,74.2797783933518,56.13850415512465,0.10277777777777777,0.01138888888888889,0.03333333333333333,0.023194444444444445,0.017430555555555557,1,77.53841579448145,56.20007502012735,12.544152975491812,4.609123940080176,0.9300503658206458,-179.29430704308672,-0.9558804235064009,0.9558804235064009,0.019166727658640123,12,0.22187499999999982,3195,0.3228837954464373,345.27272727272725,11.748043621200079,7.036767676767676,0.4487387827322798
RHF_MPM_P23,196,0.0098,9.8,0,255,7.753125,36.391518165652855,111645,437.8235294117647,29,255,255,1.1841125235612577,110,110,369,0.025625,34,15,0.7235294117647059,74.59078590785907,56.11924119241193,0.10743055555555556,0.01138888888888889,0.033541666666666664,0.023819444444444445,0.017708333333333333,1,77.86390792243272,56.217555645125174,12.712662893433771,4.733800369641913,0.928084801135214,-178.98914870706054,-0.9223232214756993,0.9223232214756993,0.01928433875229522,8,0.16256944444444432,2341,0.3259611903410539,349.09090909090907,12.011014229028177,7.19719696969697,0.3498073705231192
RHF_MPM_P23,197,0.00985,9.85,0,255,7.668125,36.24222040024494,110421,433.0235294117647,30,255,255,1.1612632803426706,110,110,363,0.025208333333333333,34,15,0.711764705882353,74.57300275482093,56.03030303030303,0.10506944444444444,0.011319444444444444,0.03333333333333333,0.023680555555555555,0.017638888888888888,1,77.84384310955343,56.10817688664294,12.720568885711831,4.66694415708038,0.9302675988949815,-179.40013378087122,-0.9072152881989103,0.9072152881989103,0.018338902926073843,-6,-0.08499999999999996,-1224,0.11120390965697248,352.3636363636364,10.333288900642053,7.319892676767677,0.23932415963337464
RHF_MPM_P23,198,0.0099,9.9,0,255,7.544305555555556,35.80636750194599,108638,426.03137254901964,29,255,255,1.1475476400459468,110,110,358,0.02486111111111111,35,15,0.6819047619047619,74.42737430167598,56.00837988826816,0.10333333333333333,0.011180555555555555,0.03326388888888889,0.023194444444444445,0.017013888888888887,1,77.81646385242733,56.08409580441466,12.867790665195523,4.650936232288571,0.9323953107405764,-179.8576392642765,-0.9417270614168237,0.9417270614168237,0.01736040796038219,-5,-0.12381944444444404,-1783,0.03646261430646714,352.8181818181818,10.460472628103656,7.376079545454545,0.21121220782518538
RHF_MPM_P23,199,0.00995,9.95,0,255,7.451180555555555,35.685168176329995,107297,420.7725490196078,27,255,255,1.1409453322995937,110,110,350,0.024305555555555556,33,15,0.7070707070707071,73.93428571428572,55.95142857142857,0.10333333333333333,0.01125,0.03215277777777778,0.02277777777777778,0.017013888888888887,1,77.49783311742173,56.0087700494888,12.655880374197043,4.673624893059478,0.9293162535570714,179.5934967829895,-1.0130566804804062,1.0130566804804062,0.019870080244554833,-8,-0.09312500000000057,-1341,0.32741336968022244,351.54545454545456,9.856826304312584,7.401799242424243,0.20133482915696702
RHF_MPM_P23,200,0.01,10.0,0,255,7.419791666666667,35.76899976797005,106845,419.0,26,255,255,1.128780262591649,111,111,352,0.024444444444444446,33,15,0.7111111111111111,74.0028409090909,55.91477272727273,0.10222222222222223,0.011319444444444444,0.03208333333333333,0.022847222222222224,0.017361111111111112,1,77.33096541719313,55.89864757358791,12.53859419701698,4.621342037567031,0.9296002384938743,179.30855868754472,-0.9786086519553171,0.9786086519553171,0.021432916842154523,2,-0.031388888888888467,-452,0.19992946025567976,351.45454545454544,9.84759902776155,7.426445707070707,0.18475181756297324
RHF_MPM_P23,201,0.01005,10.05,0,255,7.302638888888889,35.40747635634534,105158,412.3843137254902,26,255,255,1.136399968516014,111,111,342,0.02375,32,15,0.7125,73.57309941520468,55.89766081871345,0.10333333333333333,0.011319444444444444,0.03159722222222222,0.022222222222222223,0.016944444444444446,1,77.18101333231898,55.85893607714107,12.533058307860326,4.690956858821919,0.9273130413853069,178.92198163582358,-1.0330496066453327,1.0330496066453327,0.021795773978204227,-10,-0.1171527777777781,-1687,0.15512134188482896,351.1818181818182,10.061792555081208,7.435902777777778,0.17526636924805034
RHF_MPM_P23,202,0.0101,10.1,0,255,7.148541666666667,35.15479980404032,102939,403.6823529411765,25,255,255,1.1006907472906082,111,111,336,0.023333333333333334,31,15,0.7225806451612903,73.32738095238095,55.87797619047619,0.1,0.01125,0.030972222222222224,0.021944444444444444,0.016666666666666666,1,76.90981066456834,55.90931522552191,12.36577474132129,4.587317677279332,0.9286452960102962,179.03461815081545,-1.0799447475437374,1.0799447475437374,0.02296505697549034,-6,-0.1540972222222221,-2219,0.2758422476464482,351.1818181818182,10.061792555081208,7.42953282828283,0.18409871438919978
RHF_MPM_P23,203,0.01015,10.15,0,255,7.035208333333333,34.75065661787218,101307,397.2823529411765,24,255,255,1.1406773196870814,111,111,326,0.02263888888888889,30,15,0.7244444444444444,72.89877300613497,55.91411042944785,0.10472222222222222,0.010972222222222222,0.029930555555555554,0.021388888888888888,0.01638888888888889,1,76.5563386537949,55.939846210034844,12.229438406566981,4.7902848696622025,0.9200925078796779,179.50976548089488,-1.1016282200434702,1.1016282200434702,0.024865014263575073,-10,-0.11333333333333329,-1632,0.35478811058933624,349.6363636363636,12.264306875665492,7.410321969696969,0.21122091706863594
RHF_MPM_P23,204,0.0102,10.2,0,255,6.987152777777778,34.829390350264575,100615,394.5686274509804,22,255,255,1.1187342943130971,113,113,323,0.022430555555555554,29,15,0.7425287356321839,72.73993808049535,55.90402476780186,0.10277777777777777,0.011111111111111112,0.029305555555555557,0.021319444444444443,0.016527777777777777,1,76.24439695870397,55.859245639318196,11.891077161156266,4.805328953664763,0.9147094385012072,179.19237512459674,-1.0628803240259461,1.0628803240259461,0.024906823038314367,-3,-0.048055555555555074,-692,0.3221863950200993,348.09090909090907,14.285749704796707,7.388118686868686,0.23977059263362205
RHF_MPM_P23,205,0.01025,10.25,0,255,6.851388888888889,34.609562314865286,98660,386.9019607843137,22,255,255,1.0838938642182108,112,112,326,0.02263888888888889,29,15,0.7494252873563219,72.72699386503068,55.88343558282209,0.09902777777777778,0.010833333333333334,0.029097222222222222,0.021111111111111112,0.01625,1,75.9614129333063,55.881512264342184,11.757525015701162,4.669014792636503,0.9177716090748811,179.32410950701032,-1.0999899467038339,1.0999899467038339,0.0251368335698358,3,-0.13576388888888946,-1955,0.28385869939148656,346.0,15.620499351813308,7.341092171717173,0.2853648252995863
RHF_MPM_P23,206,0.0103,10.3,0,255,6.697013888888889,34.20946412219263,96437,378.1843137254902,21,255,255,1.069505294496907,112,112,315,0.021875,29,15,0.7241379310344828,72.33968253968254,55.888888888888886,0.09777777777777778,0.010902777777777779,0.028402777777777777,0.020555555555555556,0.015833333333333335,1,75.6443999709655,55.79849020604125,11.608489327043829,4.656782334467906,0.9160109886323785,178.50052217318256,-1.1337409846229651,1.1337409846229651,0.026048093574043158,-11,-0.15437499999999993,-2223,0.32770395245803857,341.8181818181818,17.12955012845655,7.259861111111112,0.3269397269941065
RHF_MPM_P23,207,0.01035,10.35,0,255,6.618819444444444,34.21051728709657,95311,373.7686274509804,20,255,255,1.0232803210132082,112,112,314,0.021805555555555557,28,15,0.7476190476190476,72.21337579617834,55.894904458598724,0.09284722222222222,0.010902777777777779,0.028125,0.02048611111111111,0.01576388888888889,1,75.35004354166885,55.69060234390574,11.274450114295144,4.604819544742434,0.9127898078270567,177.20954697080927,-1.1596188909772103,1.1596188909772103,0.0242784148734144,-1,-0.07819444444444468,-1126,0.3135051806022352,336.8181818181818,16.48039155436314,7.156742424242424,0.3339083285847715
RHF_MPM_P23,208,0.0104,10.4,0,255,6.559513888888889,34.10204152063051,94457,370.41960784313727,19,255,255,1.009338828580283,112,112,315,0.021875,28,15,0.75,72.33650793650794,55.87619047619047,0.0913888888888889,0.010833333333333334,0.028125,0.020555555555555556,0.015694444444444445,1,75.22458896640799,55.689657727855,11.166202470681206,4.632643681190502,0.909875745479695,177.38303037428798,-1.152926075649611,1.152926075649611,0.024794350868649225,1,-0.0593055555555555,-854,0.1254581314756691,332.45454545454544,15.281382828691413,7.055959595959595,0.33164648652793516
RHF_MPM_P23,209,0.01045,10.45,0,255,6.5193055555555555,33.90254070397104,93878,368.1490196078431,19,255,255,1.0331828330974688,112,112,311,0.021597222222222223,28,15,0.7404761904761905,72.19614147909968,55.861736334405144,0.09423611111111112,0.010486111111111111,0.02798611111111111,0.020416666666666666,0.015625,1,75.20858987196148,55.7163339653593,11.174950905268112,4.605416173811544,0.9111297626514157,177.551615229136,-1.1607271926406968,1.1607271926406968,0.025490530262681353,-4,-0.04020833333333318,-579,0.031106151650343025,328.1818181818182,14.06360991946741,6.962777777777777,0.32528137910004257
RHF_MPM_P23,210,0.0105,10.5,0,255,6.473125,33.736509237206995,93213,365.54117647058825,19,255,255,1.045916145285857,112,112,302,0.020972222222222222,27,15,0.745679012345679,71.84105960264901,55.841059602649004,0.09604166666666666,0.010486111111111111,0.027430555555555555,0.02020833333333333,0.015694444444444445,1,75.05875789857637,55.680817053415296,11.122123366353026,4.5935094633282025,0.9107280684576637,176.99078632867628,-1.2012652161839343,1.2012652161839343,0.026938302597277204,-9,-0.04618055555555589,-665,0.15398399683899833,323.8181818181818,14.06360991946741,6.8738636363636365,0.3130709084577796
RHF_MPM_P23,211,0.01055,10.55,0,255,6.4286111111111115,33.712926770073246,92572,363.02745098039213,19,255,255,1.0377939965558962,113,113,303,0.021041666666666667,28,15,0.7214285714285714,71.89108910891089,55.838283828382835,0.09506944444444444,0.010416666666666666,0.02722222222222222,0.02020833333333333,0.015625,1,74.82697791988939,55.67399429633151,11.025770753582712,4.69116695835086,0.9049711532022366,178.0085211932051,-1.2021094350459047,1.2021094350459047,0.026649526854772503,1,-0.044513888888888076,-641,0.23188037548349047,319.3636363636364,12.047426939714912,6.783756313131312,0.2842929189187126
RHF_MPM_P23,212,0.0106,10.6,0,255,6.480486111111111,33.88937119982092,93319,365.956862745098,18,255,255,1.061283393740149,111,111,310,0.021527777777777778,27,15,0.7654320987654321,71.96774193548387,55.84516129032258,0.09798611111111111,0.010763888888888889,0.02722222222222222,0.02034722222222222,0.01576388888888889,1,74.8430008894223,55.73550938179792,10.900216814948184,4.840851896264929,0.8959742428553121,178.5716301826776,-1.1708837039596105,1.1708837039596105,0.027754262261704476,7,0.05187499999999989,747,0.0635676119780542,316.45454545454544,9.902833720833614,6.7090151515151515,0.24314831530495792
RHF_MPM_P23,213,0.01065,10.65,0,255,6.503472222222222,34.033135228762404,93650,367.2549019607843,18,255,255,1.0614644255239085,113,113,309,0.021458333333333333,28,15,0.7357142857142858,72.07443365695792,55.83171521035599,0.09826388888888889,0.010763888888888889,0.027291666666666665,0.02048611111111111,0.01597222222222222,1,74.88601174586225,55.87194874532835,11.02155511799043,4.784649175535468,0.9008562912656786,-178.81487565852805,-1.1420056222911261,1.1420056222911261,0.02772023491724506,-1,0.02298611111111093,331,0.14305814794092706,314.0,7.897065047448727,6.650372474747474,0.20484314951375363
RHF_MPM_P23,214,0.0107,10.7,0,255,6.506805555555555,34.223332413167945,93698,367.44313725490196,18,255,255,1.014909757586925,112,112,315,0.021875,28,16,0.703125,72.08571428571429,55.72380952380952,0.09229166666666666,0.010902777777777779,0.027916666666666666,0.020625,0.01611111111111111,1,74.52259386539734,55.696535678456314,10.45039468445639,4.670677427635002,0.8945649869274667,178.6011529105982,-1.0857935903467002,1.0857935903467002,0.023469017481696514,6,0.0033333333333329662,48,0.40353723480127685,313.0,6.954396908692829,6.602335858585859,0.1675215089983035
RHF_MPM_P23,215,0.01075,10.75,0,255,6.473263888888889,34.15723213907393,93215,365.54901960784315,17,255,255,1.0173830247810678,111,111,315,0.021875,27,16,0.7291666666666666,71.98095238095237,55.66984126984127,0.093125,0.010902777777777779,0.027569444444444445,0.020555555555555556,0.01597222222222222,1,74.47816338572119,55.76036045700799,10.463002936761821,4.7378424620112085,0.8916026609838451,-179.64596294937616,-1.0949392018990438,1.0949392018990438,0.023601351713779972,0,-0.03354166666666636,-483,0.0777667659185046,312.27272727272725,6.25359400797085,6.555618686868686,0.11803932023890164
RHF_MPM_P23,216,0.0108,10.8,0,255,6.424652777777778,34.08280994735051,92515,362.80392156862746,17,255,255,1.0131486590745746,112,112,313,0.021736111111111112,27,16,0.7245370370370371,71.98402555910543,55.64856230031949,0.0926388888888889,0.010763888888888889,0.02736111111111111,0.02048611111111111,0.01611111111111111,1,74.33796681619197,55.75111063070853,10.306717484941375,4.9070923890902325,0.8793877752532305,-179.06240597336716,-1.037303219976079,1.037303219976079,0.021434361995352105,-2,-0.048611111111110716,-700,0.1405013786207542,311.09090909090907,4.541816726107926,6.516824494949495,0.07768424825402613
RHF_MPM_P23,217,0.01085,10.85,0,255,6.463680555555555,34.12109054216826,93077,365.0078431372549,17,255,255,1.0263946994228519,112,112,313,0.021736111111111112,28,15,0.7452380952380953,72.09265175718849,55.65495207667732,0.09416666666666666,0.010694444444444444,0.027708333333333335,0.020555555555555556,0.01625,1,74.54929789314224,55.72062915650483,10.527115541754709,4.8063808201941765,0.8896867286985858,-179.14425880109582,-1.0576119537322377,1.0576119537322377,0.022733865509202058,0,0.03902777777777722,562,0.2135180188054239,310.90909090909093,4.42008937496117,6.495612373737373,0.053758578470865695
RHF_MPM_P23,218,0.0109,10.9,0,255,6.481388888888889,34.03468717946914,93332,366.0078431372549,18,255,255,1.0299866748456823,112,112,313,0.021736111111111112,28,16,0.6986607142857143,72.04153354632588,55.66134185303515,0.09444444444444444,0.010763888888888889,0.027569444444444445,0.02048611111111111,0.015833333333333335,1,74.63055543650624,55.6132301890027,10.588438762326234,4.708504811861025,0.8956877342796046,178.3832623830081,-1.1340544525530485,1.1340544525530485,0.024161059443706338,0,0.017708333333333215,255,0.1346748921442897,310.8181818181818,4.3655298921974435,6.483118686868687,0.03704437544475019
RHF_MPM_P23,219,0.01095,10.95,0,255,6.523541666666667,34.056022084711756,93939,368.38823529411764,18,255,255,1.062728218977771,113,113,309,0.021458333333333333,27,15,0.762962962962963,71.88996763754045,55.640776699029125,0.09854166666666667,0.010694444444444444,0.027430555555555555,0.02048611111111111,0.01597222222222222,1,74.6378926750338,55.51396118757918,10.656622501108396,4.858218987203403,0.8900375041213121,178.09397397931266,-1.034444591103253,1.034444591103253,0.02569752711866211,-4,0.04215277777777793,607,0.09953978959608813,310.27272727272725,4.179841430026418,6.479848484848485,0.03129812257405443
RHF_MPM_P23,220,0.011,11.0,0,255,6.584097222222222,33.97957123023402,94811,371.8078431372549,19,255,255,1.106162259061923,113,113,309,0.021458333333333333,27,16,0.7152777777777778,71.88349514563107,55.6084142394822,0.10326388888888889,0.010625,0.02736111111111111,0.02034722222222222,0.015902777777777776,1,75.12178966575608,55.35243800824799,11.31130829437764,4.817389364115627,0.904774271497281,176.6177291928426,-1.1395712987022204,1.1395712987022204,0.029184377340182047,0,0.06055555555555525,872,0.5101431515676166,310.09090909090907,4.187742838647644,6.485738636363638,0.042324077957970115
RHF_MPM_P23,221,0.01105,11.05,0,255,6.4944444444444445,33.68704370496537,93520,366.7450980392157,18,255,255,1.1028037826692376,112,112,307,0.021319444444444443,28,16,0.6852678571428571,71.88599348534201,55.472312703583064,0.10291666666666667,0.010277777777777778,0.02736111111111111,0.020069444444444445,0.015555555555555555,1,75.01329127459367,55.324144568006844,11.172926145719755,4.846085502862143,0.9010406376804537,176.50950535295215,-1.1360608037249602,1.1360608037249602,0.030239520958083833,-2,-0.08965277777777736,-1291,0.11212680163774946,310.54545454545456,3.4997048281673013,6.487676767676766,0.042190014667502794
RHF_MPM_P23,222,0.0111,11.1,0,255,6.490069444444444,33.65142866780051,93457,366.4980392156863,19,255,255,1.117328011369443,112,112,307,0.021319444444444443,27,16,0.7106481481481481,71.66123778501628,55.50814332247557,0.10493055555555555,0.010416666666666666,0.026805555555555555,0.01986111111111111,0.015486111111111112,1,74.87272221449436,55.290358132617136,11.165974590378603,4.88901578592975,0.899048309511195,176.495409440636,-1.199710763791107,1.199710763791107,0.031244315567587232,0,-0.004375000000000462,-63,0.14457241740230473,310.90909090909093,2.8429992311112526,6.493263888888889,0.037843660058479556
RHF_MPM_P23,223,0.01115,11.15,0,255,6.487430555555555,33.93444837408604,93419,366.34901960784316,18,255,255,1.0837545080954716,109,109,311,0.021597222222222223,27,16,0.7199074074074074,71.78135048231512,55.540192926045016,0.10125,0.010694444444444444,0.027083333333333334,0.02,0.015902777777777776,1,74.59158201222449,55.45258459199949,10.779306739045296,4.842239411296497,0.893423073936593,178.32157351183903,-1.17771736124992,1.17771736124992,0.028848521178775195,4,-0.0026388888888888573,-38,0.32458779622172507,311.0,2.8284271247461903,6.493895202020202,0.037682815865049436
RHF_MPM_P23,224,0.0112,11.2,0,255,6.470833333333333,33.90509400231115,93180,365.4117647058824,18,255,255,1.0602963956255473,111,111,311,0.021597222222222223,27,16,0.7199074074074074,71.79421221864952,55.47909967845659,0.09798611111111111,0.010486111111111111,0.02715277777777778,0.020277777777777777,0.01597222222222222,1,74.51655934749947,55.43124060957287,10.605877711530836,4.901954530632241,0.8867797470983297,178.10514271731404,-1.1358695533832004,1.1358695533832004,0.025971238463189526,0,-0.01659722222222193,-239,0.07799978082194572,311.1818181818182,2.757409252382382,6.49092803030303,0.03809465007786035
RHF_MPM_P23,225,0.01125,11.25,0,255,6.655486111111111,34.058564621387845,95839,375.8392156862745,19,255,255,1.1354657646068083,112,112,316,0.021944444444444444,27,16,0.7314814814814815,71.95886075949367,55.43354430379747,0.1070138888888889,0.010486111111111111,0.027430555555555555,0.020416666666666666,0.01597222222222222,1,74.87073112198583,55.604378175899164,10.88790321222978,5.1291291893636215,0.8820877563375198,-179.05581021497062,-1.0950220522241814,1.0950220522241814,0.029528688738405032,5,0.184652777777778,2659,0.39422615681383966,311.27272727272725,2.8948515141983013,6.504444444444445,0.060888022555217046
RHF_MPM_P23,226,0.0113,11.3,0,255,6.49125,33.88507629709164,93474,366.56470588235294,18,255,255,1.0683813842570744,111,111,313,0.021736111111111112,27,16,0.7245370370370371,71.84345047923323,55.38977635782748,0.09861111111111111,0.010277777777777778,0.027569444444444445,0.02034722222222222,0.015902777777777776,1,74.52502300104842,55.49139867770717,10.539136583477786,4.880792811387792,0.8863001533547264,179.3385173471578,-1.1099083319411907,1.1099083319411907,0.024980208400196845,-3,-0.16423611111111125,-2365,0.36370107491425585,311.09090909090907,2.7120788891229632,6.506079545454545,0.060267073332360796
RHF_MPM_P23,227,0.01135,11.35,0,255,6.576875,33.91714669948483,94707,371.4,18,255,255,1.123599975859588,112,112,310,0.021527777777777778,28,16,0.6919642857142857,71.88709677419355,55.53225806451613,0.10555555555555556,0.010208333333333333,0.0275,0.020277777777777777,0.01576388888888889,1,74.86414942929245,55.70018055687542,10.987656320571922,5.068995142290488,0.8872258009970485,-177.5317554660884,-1.0951296781585815,1.0951296781585815,0.029934429345243752,-3,0.08562500000000028,1233,0.398241895589324,310.8181818181818,2.656661672036811,6.519917929292929,0.0573890152291583
RHF_MPM_P23,228,0.0114,11.4,0,255,6.575347222222222,34.06393931542552,94685,371.3137254901961,18,255,255,1.0920175393846374,112,112,315,0.021875,28,16,0.703125,71.95555555555555,55.48571428571429,0.10125,0.010486111111111111,0.028194444444444446,0.020555555555555556,0.015833333333333335,1,74.84642762845223,55.639647251412576,11.047095690154745,4.926794761352551,0.8950424288189465,-177.99839648835086,-1.1132764644351023,1.1132764644351023,0.027470032212071605,5,-0.0015277777777784607,-22,0.06307410954803863,311.0,2.860387767736777,6.530069444444444,0.0564113691070713
RHF_MPM_P23,229,0.01145,11.45,0,255,6.4094444444444445,33.81742022689592,92296,361.9450980392157,17,255,255,1.0207681389036805,112,112,308,0.021388888888888888,27,16,0.7129629629629629,71.77597402597402,55.51948051948052,0.09291666666666666,0.010069444444444445,0.027291666666666665,0.020277777777777777,0.015833333333333335,1,74.41534844413626,55.51636040565138,10.540552532690127,4.7141743086249495,0.8944131536174579,179.32730310921758,-1.028543156722651,1.028543156722651,0.022514518505677386,-7,-0.1659027777777773,-2389,0.44836247555774733,310.54545454545456,2.9034035313947837,6.52352904040404,0.06516741838634478
RHF_MPM_P23,230,0.0115,11.5,0,255,6.369513888888889,33.72692710971007,91721,359.69019607843137,17,255,255,1.0181561017025658,112,112,308,0.021388888888888888,27,16,0.7129629629629629,71.5551948051948,55.34415584415584,0.09284722222222222,0.010277777777777778,0.02701388888888889,0.02,0.015555555555555555,1,74.22290424221279,55.30487020420623,10.47777102602627,4.813616200217179,0.8882231694465285,177.91794706853827,-1.0609506710163914,1.0609506710163914,0.023604190970442973,0,-0.03993055555555536,-575,0.2859420853272041,310.45454545454544,2.965364805509107,6.5095265151515145,0.07878544252902582
RHF_MPM_P23,231,0.01155,11.55,0,255,6.333055555555555,33.66159271331221,91196,357.6313725490196,17,255,255,1.0070087761703304,112,112,305,0.021180555555555557,26,16,0.7331730769230769,71.4,55.40655737704918,0.09194444444444444,0.010277777777777778,0.026597222222222223,0.01986111111111111,0.015694444444444445,1,74.18783718584149,55.24253256721786,10.539356198440139,4.743673168326605,0.8929825123478066,177.4279157077426,-1.122821724203272,1.122821724203272,0.02525330058335892,-3,-0.036458333333333925,-525,0.07152397799229666,310.09090909090907,3.3426866019727703,6.486704545454546,0.08950903936971903
RHF_MPM_P23,232,0.0116,11.6,0,255,6.285138888888889,33.57685547504145,90506,354.92549019607844,17,255,255,0.9873598653679481,112,112,305,0.021180555555555557,26,16,0.7331730769230769,71.42950819672132,55.41967213114754,0.08965277777777778,0.010069444444444445,0.02673611111111111,0.019930555555555556,0.015416666666666667,1,74.04235078337348,55.286853910237994,10.421639862542557,4.697148622095202,0.8926698812021878,177.31226487412528,-1.1312241469818205,1.1312241469818205,0.02367798819967737,0,-0.04791666666666661,-690,0.1520877205766204,309.90909090909093,3.553603688307648,6.467676767676769,0.10647950621828768
RHF_MPM_P23,233,0.01165,11.65,0,255,6.307916666666666,33.41117234289137,90834,356.21176470588233,17,255,255,1.0347428136475025,110,110,310,0.021527777777777778,27,16,0.7175925925925926,71.46774193548387,55.383870967741935,0.0948611111111111,0.010138888888888888,0.02666666666666667,0.01986111111111111,0.015277777777777777,1,74.06922517999868,55.386672391395294,10.48001611539547,4.8514781907309885,0.8863966190857353,178.4792791930288,-1.1719205018171361,1.1719205018171361,0.02593742431248211,5,0.022777777777777786,328,0.10337292863472011,310.1818181818182,3.432946834272583,6.451117424242425,0.11549193800536597
RHF_MPM_P23,234,0.0117,11.7,0,255,6.448958333333334,33.58283134899335,92865,364.1764705882353,18,255,255,1.0945592028030076,112,112,304,0.021111111111111112,26,16,0.7307692307692307,71.30263157894737,55.4703947368421,0.10201388888888889,0.010208333333333333,0.02722222222222222,0.02,0.015625,1,74.43536316157864,55.5890163140042,10.7490257268549,5.022857616389911,0.8841067833978868,-179.69468235944268,-1.1705398989687452,1.1705398989687452,0.0292144510849082,-6,0.14104166666666718,2031,0.41833011435013906,309.54545454545456,3.8462174184193056,6.44761994949495,0.11492041820663859
RHF_MPM_P23,235,0.01175,11.75,0,255,6.4925,33.79284028993584,93492,366.63529411764705,18,255,255,1.089577262061961,111,111,313,0.021736111111111112,26,16,0.7524038461538461,71.46645367412141,55.39936102236422,0.10125,0.010416666666666666,0.02722222222222222,0.02,0.015694444444444445,1,74.41474136824542,55.21791169297908,10.67976979064735,4.972622936456279,0.8849892607851654,176.37452730518322,-1.1331865788784348,1.1331865788784348,0.027488983014589484,9,0.043541666666666146,627,0.371677142297552,309.72727272727275,3.9563736630888986,6.449589646464646,0.11548569714868935
RHF_MPM_P23,236,0.0118,11.8,0,255,6.519861111111111,33.96729260107989,93886,368.18039215686275,18,255,255,1.065071661459045,112,112,315,0.021875,27,16,0.7291666666666666,71.84444444444445,55.422222222222224,0.09819444444444445,0.010208333333333333,0.027430555555555555,0.020555555555555556,0.01611111111111111,1,74.46430777751742,55.202500905353304,10.669121628534217,4.924461768164226,0.8871079211825437,176.47351113050627,-1.0324577510184207,1.0324577510184207,0.026201989647018725,2,0.02736111111111139,394,0.05190685218125346,309.6363636363636,3.8203457071728533,6.4372601010101,0.09889339471116473
RHF_MPM_P23,237,0.01185,11.85,0,255,6.545625,34.252106610371634,94257,369.63529411764705,18,255,255,1.036424082207921,112,112,316,0.021944444444444444,27,16,0.7314814814814815,71.78481012658227,55.38291139240506,0.09541666666666666,0.010833333333333334,0.027708333333333335,0.020625,0.016319444444444445,1,74.28848785766574,55.22418494117148,10.378965773101402,4.853925644799509,0.8839034148448848,176.80910874941492,-1.0341695715678543,1.0341695715678543,0.024061873388713836,1,0.02576388888888914,371,0.17715202969769725,309.90909090909093,4.144098661833265,6.442203282828283,0.10275221533611305
RHF_MPM_P23,238,0.0119,11.9,0,255,6.464930555555555,33.941311981462285,93095,365.078431372549,18,255,255,1.0300221171120172,112,112,312,0.021666666666666667,27,16,0.7222222222222222,71.58974358974359,55.43269230769231,0.09423611111111112,0.010625,0.02784722222222222,0.02048611111111111,0.01576388888888889,1,74.14257478919383,55.29257210376497,10.206801413018102,4.809018027150675,0.882048731547215,176.9743447941113,-1.0355643556428198,1.0355643556428198,0.02373919114882647,-4,-0.08069444444444507,-1162,0.16114412045891505,310.09090909090907,4.187742838647644,6.432026515151515,0.09408845945902243
RHF_MPM_P23,239,0.01195,11.95,0,255,6.680208333333334,34.54156147890598,96195,377.2352941176471,19,255,255,1.0636550025773497,112,112,325,0.022569444444444444,27,16,0.7523148148148148,71.95692307692308,55.449230769230766,0.09791666666666667,0.010833333333333334,0.028402777777777777,0.021180555555555557,0.016527777777777777,1,74.46129216695255,55.222911793752274,10.458347977664427,4.922176330086028,0.8823222998404087,176.76960137158974,-1.0423473190379844,1.0423473190379844,0.024523104111440302,13,0.21527777777777857,3100,0.3262412078147958,311.0,5.892985043869764,6.441559343434344,0.11177606959375615
RHF_MPM_P23,240,0.012,12.0,0,255,6.533541666666666,34.168099359570554,94083,368.9529411764706,18,255,255,1.0298163750096816,112,112,317,0.02201388888888889,27,16,0.7337962962962963,71.78233438485805,55.4416403785489,0.09409722222222222,0.010694444444444444,0.02798611111111111,0.020763888888888887,0.01625,1,74.35330506042537,55.22070937363817,10.347617710240696,4.848859825368223,0.8834121939141543,176.14526315409373,-0.9870322370187833,0.9870322370187833,0.022852162452302753,-8,-0.1466666666666674,-2112,0.10800956360651896,311.8181818181818,6.042548857412315,6.452840909090909,0.11420163872486766
RHF_MPM_P23,241,0.01205,12.05,0,255,6.512291666666667,34.05010587393293,93777,367.7529411764706,18,255,255,1.0443475434672393,111,111,318,0.022083333333333333,27,16,0.7361111111111112,71.87106918238993,55.430817610062896,0.09555555555555556,0.010347222222222223,0.027430555555555555,0.020902777777777777,0.01611111111111111,1,74.41494183008626,55.14762681681009,10.382369874122741,4.908349061706886,0.8811922688712338,175.4275937489065,-1.0068882717528416,1.0068882717528416,0.024462288194333364,1,-0.021249999999999325,-306,0.09560413948548498,312.72727272727275,6.150992663286281,6.465820707070708,0.11208759996737973
RHF_MPM_P23,242,0.0121,12.1,0,255,6.663194444444445,34.09843847542275,95950,376.27450980392155,19,255,255,1.1288040435963587,111,111,317,0.02201388888888889,27,16,0.7337962962962963,71.90220820189275,55.526813880126184,0.10569444444444444,0.010208333333333333,0.02784722222222222,0.020555555555555556,0.01597222222222222,1,74.96559666492965,55.28726420010422,11.124890458989821,4.979707345335165,0.8942245987209854,177.01660999446682,-1.0685548197506738,1.0685548197506738,0.029557060969254822,-1,0.1509027777777776,2173,0.5680839250934914,313.8181818181818,5.733762556807811,6.495833333333334,0.11662737959843647
RHF_MPM_P23,243,0.01215,12.15,0,255,6.797152777777778,34.30135695735007,97879,383.8392156862745,19,255,255,1.164460119692552,112,112,319,0.022152777777777778,27,16,0.7384259259259259,71.8307210031348,55.52037617554859,0.10986111111111112,0.010625,0.028541666666666667,0.020902777777777777,0.01638888888888889,1,74.81768305765281,55.44883989415503,10.818116964823504,5.129989980375956,0.8804152136003252,177.92488023138233,-1.0405801320779346,1.0405801320779346,0.028933683425453875,2,0.13395833333333318,1929,0.21905510750869672,315.09090909090907,5.160242162297592,6.542380050505051,0.12511452767852668
RHF_MPM_P23,244,0.0122,12.2,0,255,6.717708333333333,34.26167834595377,96735,379.3529411764706,19,255,255,1.1132333678004378,112,112,318,0.022083333333333333,27,16,0.7361111111111112,71.74842767295597,55.443396226415096,0.10361111111111111,0.010763888888888889,0.028888888888888888,0.020833333333333332,0.01625,1,74.71151082855224,55.39741561999276,10.58032160136282,5.06814872722534,0.8778058915456606,177.12402124098753,-1.056523513146382,1.056523513146382,0.02555434951155218,-1,-0.07944444444444443,-1144,0.1179703276476832,315.8181818181818,4.950999565160037,6.579633838383838,0.10983075077446249
RHF_MPM_P23,245,0.01225,12.25,0,255,6.650763888888889,34.08108661258105,95771,375.57254901960783,19,255,255,1.1205645045702153,112,112,316,0.021944444444444444,27,16,0.7314814814814815,71.78481012658227,55.39873417721519,0.10451388888888889,0.010694444444444444,0.028125,0.020694444444444446,0.016180555555555556,1,74.6540497645425,55.29031752827056,10.669196709701328,5.0790132136452275,0.8794211519964692,176.8246458310531,-1.0267833236328254,1.0267833236328254,0.027064560253103758,-2,-0.06694444444444425,-964,0.12153919173528753,316.90909090909093,3.26007655946202,6.597979797979797,0.103120323307152
RHF_MPM_P23,246,0.0123,12.3,0,255,6.661944444444444,34.131030547276715,95932,376.20392156862744,19,255,255,1.1014450185731126,111,111,320,0.022222222222222223,27,16,0.7407407407407407,71.784375,55.440625,0.10236111111111111,0.010625,0.028541666666666667,0.020902777777777777,0.016041666666666666,1,74.65930033773923,55.30762415043989,10.69449912023517,4.982214851328163,0.8848547244895159,176.94426199894366,-1.1024471646112002,1.1024471646112002,0.026122670224742527,4,0.01118055555555486,161,0.018085565786173537,317.54545454545456,3.114880308911239,6.613383838383839,0.09877760650513347
RHF_MPM_P23,247,0.01235,12.35,0,255,6.754097222222223,34.229229568073556,97259,381.40784313725493,20,255,255,1.1360163993952275,111,111,322,0.02236111111111111,27,16,0.7453703703703703,71.8416149068323,55.43788819875776,0.10625,0.010833333333333334,0.028819444444444446,0.020763888888888887,0.016180555555555556,1,75.02522131627921,55.38936242404302,11.107017318830724,4.944716161662196,0.895436886074026,177.45206731726853,-1.1601923542740422,1.1601923542740422,0.02820304547651117,2,0.09215277777777864,1327,0.3749390722601253,318.1818181818182,3.242282636386729,6.63467803030303,0.1015305857123526
RHF_MPM_P23,248,0.0124,12.4,0,255,6.7636111111111115,34.088020594792354,97396,381.9450980392157,19,255,255,1.1723289184515022,112,112,314,0.021805555555555557,27,16,0.7268518518518519,71.70700636942675,55.496815286624205,0.11083333333333334,0.010763888888888889,0.028541666666666667,0.020625,0.016041666666666666,1,75.28976549344942,55.70180500225882,11.50654343269555,5.154143341958689,0.8940678748827254,-178.9975711153479,-1.20575357768224,1.20575357768224,0.030956096759620518,-8,0.009513888888888822,137,0.4093946584370632,318.0,3.411211461689767,6.65449494949495,0.10347004052895009
RHF_MPM_P23,249,0.01245,12.45,0,255,6.678333333333334,33.964168251261505,96168,377.1294117647059,19,255,255,1.1572145694773952,112,112,310,0.021527777777777778,26,16,0.7451923076923077,71.54838709677419,55.55806451612903,0.10909722222222222,0.010763888888888889,0.02784722222222222,0.020555555555555556,0.015902777777777776,1,75.1943265951252,55.70458988436902,11.646567053410793,5.176090682609994,0.8958132894094486,-178.56358834742653,-1.2263652208746478,1.2263652208746478,0.03232884119457616,-4,-0.08527777777777779,-1228,0.09547952074506959,317.8181818181818,3.7614837937413093,6.673895202020201,0.08434780994819512
RHF_MPM_P23,250,0.0125,12.5,0,255,6.555416666666667,33.87518939830202,94398,370.18823529411765,19,255,255,1.093095717223027,112,112,310,0.021527777777777778,26,16,0.7451923076923077,71.50645161290322,55.54516129032258,0.10145833333333333,0.010694444444444444,0.0275,0.02034722222222222,0.015694444444444445,1,74.67336172376534,55.531377783427615,11.07056708126073,4.870224462571363,0.8980342855201688,178.53119184181972,-1.2390334069138353,1.2390334069138353,0.028581114006652683,0,-0.12291666666666679,-1770,0.5490053088117972,316.45454545454544,3.6272613351381824,6.662550505050505,0.09087537297334518
RHF_MPM_P23,251,0.01255,12.55,0,255,6.576527777777778,33.89229024341189,94702,371.38039215686274,19,255,255,1.109230822426586,110,110,310,0.021527777777777778,26,16,0.7451923076923077,71.50967741935484,55.57419354838709,0.10354166666666667,0.010625,0.027569444444444445,0.02034722222222222,0.015902777777777776,1,74.52483580072227,55.56232180946548,10.84186343183618,5.0165922008205825,0.8865119394428131,178.3460106213629,-1.119469795341886,1.119469795341886,0.02886950645181728,0,0.02111111111111086,304,0.1517151362363926,315.8181818181818,4.06354484338673,6.666458333333335,0.08603926927387831
RHF_MPM_P23,252,0.0126,12.6,0,255,6.981875,34.598071427239624,100539,394.2705882352941,21,255,255,1.2123517380778495,113,113,320,0.022222222222222223,26,16,0.7692307692307693,71.50625,55.69375,0.11569444444444445,0.011111111111111112,0.02861111111111111,0.020902777777777777,0.016319444444444445,1,74.59200907110673,55.62696068192443,10.801175185968173,5.460226016569638,0.862814022754686,177.47068037653486,-1.0046350785771287,1.0046350785771287,0.030664717174429822,10,0.40534722222222186,5837,0.09322248702382886,316.0,4.199567077254945,6.709147727272727,0.11164244835633726
RHF_MPM_P23,253,0.01265,12.65,0,255,6.6681944444444445,34.186322225350956,96022,376.55686274509804,19,255,255,1.1056880524240356,111,111,318,0.022083333333333333,26,16,0.7644230769230769,71.50314465408805,55.672955974842765,0.10291666666666667,0.010486111111111111,0.028125,0.020625,0.015902777777777776,1,74.58642811022474,55.92702713961384,11.096743569351045,4.916416170400424,0.8964967281149726,-178.08880469567126,-1.3013635676239252,1.3013635676239252,0.02982649809418675,-2,-0.3136805555555551,-4517,0.30011835357844635,316.09090909090907,4.230936828443671,6.709602272727272,0.111464463749833
RHF_MPM_P23,254,0.0127,12.7,0,11,0.019791666666666666,0.3410929507358173,285,25.90909090909091,0,0,6,0.05887768133893101,2,8,9,0.000625,93,107,0.0009044317154054868,88.22222222222223,57.0,0.004791666666666666,0.0,0.0,0.0,0.0,0,83.52982456140352,58.887719298245614,34.105807457956324,27.867082029331378,0.5765280912133286,119.35561018740538,-0.16878452629370078,0.16878452629370078,0.0,-309,-6.648402777777778,-95737,9.42072386502973,287.90909090909093,88.2954282204243,6.093478535353535,1.9237008695406645
RHF_MPM_P23,255,0.01275,12.75,0,255,3.2569444444444446,22.012706724304646,46900,183.92156862745097,9,91,255,0.7646038772538226,105,105,131,0.009097222222222222,13,12,0.8397435897435898,66.5114503816794,57.43511450381679,0.06645833333333333,0.003125,0.012569444444444444,0.008333333333333333,0.0061805555555555555,1,69.6185501066098,59.56492537313433,9.241748815507664,5.179691894301354,0.8281770021611817,-140.08719873834247,-0.9452317187951659,0.9452317187951659,0.022281449893390193,122,3.2371527777777778,46615,13.927748024158905,270.90909090909093,98.30051747339476,5.778863636363638,2.073081376227174
RHF_MPM_P23,256,0.0128,12.8,0,255,4.802708333333333,25.722024304700383,69159,271.21176470588233,22,146,255,1.051045036179039,102,102,191,0.01326388888888889,25,19,0.40210526315789474,69.64397905759162,59.75916230366492,0.09416666666666666,0.004791666666666666,0.019444444444444445,0.011111111111111112,0.00798611111111111,1,77.2092135513816,64.63090848624185,17.69935234710475,4.215330285990254,0.9712252059597553,-145.89154576180366,-1.178655880260912,1.178655880260912,0.012319437817203835,60,1.5457638888888887,22259,9.125916744858312,259.54545454545456,99.64698019085688,5.610858585858586,2.0704965758219105
RHF_MPM_P23,257,0.01285,12.85,0,255,5.343055555555556,28.208193384137765,76940,301.72549019607845,24,195,255,1.0061631052861801,111,111,200,0.013888888888888888,17,17,0.6920415224913494,68.985,59.69,0.08847222222222222,0.006388888888888889,0.023125,0.012986111111111111,0.009930555555555555,1,76.53011437483754,64.82183519625683,16.827274613517808,4.247083758226038,0.967624850055626,-144.9676065060278,-1.154077585458395,1.154077585458395,0.010215752534442422,9,0.5403472222222225,7781,0.705428026222349,248.63636363636363,98.99795473302625,5.490959595959596,2.044178437122142
RHF_MPM_P23,258,0.0129,12.9,0,255,5.691666666666666,30.272694654864583,81960,321.4117647058824,25,238,255,0.9790380243360901,110,110,236,0.01638888888888889,20,19,0.6210526315789474,70.16949152542372,60.71186440677966,0.08625,0.0077777777777777776,0.02347222222222222,0.015694444444444445,0.012291666666666666,1,76.03401659346022,65.1254514397267,16.925655396596873,3.7259950945850937,0.975468536872838,-141.97458778074872,-1.5336825648573156,1.5336825648573156,0.024341142020497804,36,0.34861111111111054,5020,0.5816320417465438,240.8181818181818,96.25328157977802,5.394375,2.006975846893537
RHF_MPM_P23,259,0.01295,12.95,0,11,0.019791666666666666,0.3417031865644998,285,25.90909090909091,0,0,7,0.060110391214164616,2,8,8,0.0005555555555555556,93,107,0.000803939302582655,88.375,62.125,0.004930555555555555,0.0,0.0,0.0,0.0,0,83.48421052631579,58.95789473684211,33.711116862225396,27.47844096908693,0.5792990124776092,122.66578075176703,-0.080513766224776,0.080513766224776,0.0,-228,-5.671875,-81675,9.671822233708323,213.0,113.71735295739329,4.781300505050506,2.4713696483969576
RHF_MPM_P23,260,0.013,13.0,0,255,3.3636805555555553,22.639843818369805,48437,189.94901960784313,5,106,255,0.7086575646069042,103,103,149,0.010347222222222223,16,14,0.6651785714285714,63.355704697986575,54.77852348993289,0.05965277777777778,0.003125,0.014583333333333334,0.008958333333333334,0.006319444444444444,1,62.3798129529079,53.84255837479613,7.209525204824301,5.7579230514611615,0.6017892136476988,-146.31021341082445,0.15880553059004254,0.15880553059004254,0.01325433036728121,141,3.3438888888888885,48152,21.715484407061584,198.36363636363637,110.60928181278683,4.4799684343434345,2.4233044477927868
RHF_MPM_P23,261,0.01305,13.05,0,255,6.355555555555555,29.29299256785224,91520,358.9019607843137,32,174,255,1.2740244253047825,89,89,330,0.022916666666666665,34,35,0.2773109243697479,56.67575757575757,46.88787878787879,0.11416666666666667,0.005277777777777778,0.029513888888888888,0.01625,0.008888888888888889,1,53.865646853146856,44.65406468531469,16.73865898074769,5.020951044408306,0.9539513497957745,-136.0794642034424,0.781793690214798,0.781793690214798,0.02324082167832168,181,2.991875,43083,12.526749005865824,200.1818181818182,112.57629185402807,4.4617992424242425,2.4083785432401217
RHF_MPM_P23,262,0.0131,13.1,0,255,6.861875,29.819117038048248,98811,387.49411764705883,40,198,255,1.3570606507676313,112,112,203,0.014097222222222223,18,17,0.6633986928104575,61.916256157635466,52.58620689655172,0.12298611111111112,0.0061805555555555555,0.034305555555555554,0.013333333333333334,0.01,1,51.172521277995365,41.10338929876228,21.25485226819708,4.8046372023252095,0.9741159421243435,46.976185813972634,-0.660602046479395,0.660602046479395,0.012235479855481677,-127,0.5063194444444452,7291,4.45648079365368,190.45454545454547,107.15949339556151,4.487739898989899,2.432433201035618
RHF_MPM_P23,263,0.01315,13.15,0,255,5.88625,30.211800579754154,84762,332.4,24,233,255,1.1292087758234493,109,109,247,0.017152777777777777,19,19,0.6842105263157895,61.506072874493924,52.19028340080972,0.10222222222222223,0.007152777777777778,0.024305555555555556,0.015416666666666667,0.012152777777777778,1,54.4926028173002,45.1277931148392,20.951449718775816,4.668328597158556,0.97486040510203,-135.6444038175678,1.416885226150522,1.416885226150522,0.017083126872891156,44,-0.975625,-14049,5.217160866073352,183.8181818181818,101.01558671972647,4.388137626262625,2.349275283087493
RHF_MPM_P23,264,0.0132,13.2,0,255,5.981736111111111,32.43345987106743,86137,337.7921568627451,18,249,255,0.9287501102292789,107,107,301,0.020902777777777777,22,22,0.621900826446281,60.182724252491695,50.9734219269103,0.08159722222222222,0.009027777777777777,0.025833333333333333,0.019166666666666665,0.013888888888888888,1,58.42695937866422,49.45983723603097,12.564966849820602,4.599646726591839,0.9305876519052926,-142.77615747937247,1.8687836426618691,1.8687836426618691,0.04520705387928532,54,0.09548611111111072,1375,5.851988364641568,182.27272727272728,99.0620475065923,4.325732323232323,2.29640225153586
RHF_MPM_P23,265,0.01325,13.25,0,255,7.168055555555555,35.85040223851861,103220,404.7843137254902,23,255,255,1.0633368869026225,108,108,361,0.025069444444444443,25,24,0.6016666666666667,59.00831024930748,49.98060941828255,0.09569444444444444,0.010972222222222222,0.03166666666666667,0.023194444444444445,0.0175,1,58.06796163534199,48.794293741522964,11.866820851379387,5.0634807137044655,0.9043968750836113,-140.39802490517,1.63018539889646,1.63018539889646,0.031408641736097656,60,1.186319444444444,17083,0.7561927814997886,214.27272727272728,94.67753012591638,4.975574494949495,1.9748539508490466
RHF_MPM_P23,266,0.0133,13.3,0,255,8.255,38.29215690654623,118872,466.16470588235296,29,255,255,1.1855126609963453,109,109,420,0.029166666666666667,28,28,0.5357142857142857,57.83095238095238,48.89047619047619,0.1082638888888889,0.012569444444444444,0.036875,0.02652777777777778,0.019791666666666666,1,57.56856114139579,48.10253886533414,11.021176139561002,5.085725816980463,0.8871660246129733,-135.94921419691016,0.8012275641994335,0.8012275641994335,0.018288579312201358,59,1.0869444444444456,15652,0.8531855965056614,240.54545454545453,107.19511830503176,5.4299431818181825,2.0982787719294467
RHF_MPM_P23,267,0.01335,13.35,0,12,0.022291666666666668,0.3722906174206441,321,26.75,0,0,7,0.06480398745525233,3,8,11,0.0007638888888888889,64,107,0.0016063084112149532,95.27272727272727,70.27272727272727,0.005347222222222222,0.0,0.0,0.0,0.0,0,91.99376947040498,61.23676012461059,32.71399487406452,21.010013997954168,0.7665092965473085,93.34203172183507,-0.38739266263476246,0.38739266263476246,0.037383177570093455,-409,-8.232708333333335,-118551,36.84566102790549,224.1818181818182,125.65813520082477,4.995359848484849,2.614683950942371
RHF_MPM_P23,268,0.0134,13.4,0,255,3.1188194444444446,22.139763906340796,44911,176.12156862745098,4,88,255,0.6832723726450187,105,105,137,0.00951388888888889,13,13,0.8106508875739645,66.48905109489051,57.02919708029197,0.058402777777777776,0.0035416666666666665,0.012569444444444444,0.008263888888888888,0.006319444444444444,1,68.7881810692258,58.72946494177373,8.505598802509839,4.848448453037643,0.8216237188422274,-138.0587010744169,-0.5637208634747958,0.5637208634747958,0.02017323150230456,126,3.0965277777777778,44590,23.340648281031502,218.45454545454547,128.04286472354315,4.793156565656566,2.6654874624336458
RHF_MPM_P23,269,0.01345,13.45,0,255,5.261041666666666,26.805515788596725,75759,297.09411764705885,26,164,255,1.0990967092202384,105,105,199,0.013819444444444445,22,22,0.41115702479338845,69.08040201005025,59.60301507537689,0.098125,0.005208333333333333,0.02125,0.011666666666666667,0.008541666666666666,1,77.13247270951307,66.51729827479244,19.265133223235953,4.018066618444535,0.9780081299604353,-138.46529164589347,-1.1400177288412574,1.1400177288412574,0.009239826291265725,62,2.142222222222222,30848,11.413919177961848,215.0909090909091,128.02375812570142,4.754008838383839,2.6551458719107854
RHF_MPM_P23,270,0.0135,13.5,0,255,6.027222222222222,29.632374057505928,86792,340.3607843137255,27,218,255,1.1388914954052405,109,109,217,0.015069444444444444,19,19,0.6011080332409973,69.33179723502305,59.93087557603687,0.10236111111111111,0.006944444444444444,0.028541666666666667,0.014097222222222223,0.010972222222222222,1,77.23597797031985,67.20274910129966,18.67526625229877,4.180646744952449,0.9746212910877957,-135.70209212155729,-1.098886683507622,1.098886683507622,0.00791547608074477,18,0.7661805555555556,11033,0.693221591249229,234.0909090909091,110.1391306447148,5.300138888888889,2.204854506671092
RHF_MPM_P23,271,0.01355,13.55,0,255,5.722986111111111,30.396424761892025,82411,323.18039215686275,22,241,255,0.9991536831325349,113,113,235,0.016319444444444445,20,19,0.618421052631579,69.8936170212766,60.37872340425532,0.08805555555555555,0.0077777777777777776,0.024652777777777777,0.015555555555555555,0.012152777777777778,1,75.56526434577908,65.36689276916917,18.014180565892037,4.1770887587955405,0.9727449206800077,-135.7500708456882,-1.8204768832876885,1.8204768832876885,0.03868415624127847,18,-0.30423611111111093,-4381,2.4822676099586367,241.9090909090909,106.82394568588462,5.514621212121212,2.1191361214011994
RHF_MPM_P23,272,0.0136,13.6,0,255,5.4775,30.219781405470894,78876,309.3176470588235,18,234,255,0.8835015096111629,109,109,250,0.017361111111111112,21,20,0.5952380952380952,69.904,60.244,0.0757638888888889,0.007569444444444445,0.02486111111111111,0.015833333333333335,0.012013888888888888,1,73.34987828997414,62.9567929408185,12.593305617986765,4.390373919347815,0.937261327594184,-138.94161907624968,-1.2274176791330238,1.2274176791330238,0.008519701810436636,15,-0.24548611111111107,-3535,3.2736091029429417,234.63636363636363,103.24223301384929,5.434797979797979,2.102427927488483
RHF_MPM_P23,273,0.01365,13.65,0,255,5.919375,31.671637103749422,85239,334.2705882352941,20,247,255,0.9595414164286615,108,108,277,0.01923611111111111,21,21,0.6281179138321995,70.32129963898917,60.64620938628159,0.08409722222222223,0.008333333333333333,0.02486111111111111,0.017708333333333333,0.013402777777777777,1,73.21437370217858,62.92069357923017,12.178635254462414,4.5656762822418555,0.9270683803360735,-138.19879530048203,-1.1923326610726943,1.1923326610726943,0.022055631811729374,27,0.4418749999999996,6363,0.1402307285181518,241.36363636363637,103.3724710384493,5.349116161616162,2.0613267141334335
RHF_MPM_P23,274,0.0137,13.7,0,255,6.435208333333334,33.11326264732972,92667,363.4,23,252,255,1.0152654507379468,107,107,315,0.021875,24,23,0.5706521739130435,71.25714285714285,61.492063492063494,0.08972222222222222,0.009097222222222222,0.028333333333333332,0.019930555555555556,0.014444444444444444,1,73.49751259887555,63.19912158589358,11.747736108672052,4.63529547746386,0.9188662054240143,-137.3382316228548,-1.131334135542504,1.131334135542504,0.023633008514357862,38,0.515833333333334,7428,0.39710173723787334,247.54545454545453,105.53531389700247,5.399021464646465,2.0802848047924476
RHF_MPM_P23,275,0.01375,13.75,0,255,6.685416666666667,33.602230970804264,96270,377.52941176470586,23,253,255,1.0593422355246824,107,107,328,0.02277777777777778,26,24,0.5256410256410257,71.59756097560975,61.85670731707317,0.09354166666666666,0.009027777777777777,0.03013888888888889,0.02048611111111111,0.014652777777777778,1,73.82206294795887,63.53493300093487,12.056446606193132,4.530065836708232,0.9267259096483348,-137.9167132579202,-1.0449379997918389,1.0449379997918389,0.017907967175651813,13,0.25020833333333314,3603,0.4670141706224152,250.0,107.05308793474215,5.462992424242425,2.107857048278312
RHF_MPM_P23,276,0.0138,13.8,0,255,6.794444444444444,34.09092779647822,97840,383.6862745098039,25,253,255,1.0546284757551314,108,108,333,0.023125,25,23,0.5791304347826087,71.4054054054054,61.67867867867868,0.09347222222222222,0.009652777777777777,0.029652777777777778,0.021180555555555557,0.015416666666666667,1,73.51675183973835,63.24215044971382,11.61873627968948,4.609181876036179,0.9179472296666588,-138.39022399304687,-0.9015105312377344,0.9015105312377344,0.016741618969746526,5,0.1090277777777775,1570,0.42300885936626803,247.45454545454547,104.69033439483552,5.429027777777778,2.082972293421431
RHF_MPM_P23,277,0.01385,13.85,0,255,6.8521527777777775,34.19237674263069,98671,386.9450980392157,26,254,255,1.086225381106144,108,108,335,0.02326388888888889,25,22,0.6090909090909091,71.22089552238806,61.483582089552236,0.09722222222222222,0.009791666666666667,0.029166666666666667,0.021180555555555557,0.015416666666666667,1,73.5868796302865,63.215230412177846,12.118826733616023,4.6671864797242195,0.9228670581869237,-138.76795723335664,-1.1143800171713605,1.1143800171713605,0.02045180448155993,2,0.05770833333333325,831,0.0751172112641587,239.72727272727272,94.28977666465795,5.301496212121212,1.9443804292230356
RHF_MPM_P23,278,0.0139,13.9,0,255,6.9840277777777775,34.546496773660884,100570,394.3921568627451,26,255,255,1.088558371974167,111,111,327,0.022708333333333334,24,21,0.6488095238095238,70.83180428134557,61.217125382263,0.09791666666666667,0.010486111111111111,0.029305555555555557,0.021319444444444443,0.015902777777777776,1,73.68177388883365,63.43735706473103,12.57756043649655,4.429680511023946,0.935928839111068,-139.01013452040266,-1.2863280675174449,1.2863280675174449,0.024927910907825396,-8,0.13187499999999996,1899,0.24154744891986707,268.45454545454544,63.25901105248835,5.934381313131312,1.050614563170169
RHF_MPM_P23,279,0.01395,13.95,0,11,0.017708333333333333,0.3315037680990804,255,23.181818181818183,0,0,7,0.05189725101430356,3,8,9,0.000625,32,107,0.002628504672897196,96.77777777777777,59.333333333333336,0.004166666666666667,0.0,0.0,0.0,0.0,0,90.24705882352941,59.86274509803921,32.224101593054264,20.33151585113672,0.7758305893294467,91.25083107718767,-0.17160082332894777,0.17160082332894777,0.047058823529411764,-318,-6.966319444444444,-100315,16.946578288258515,256.8181818181818,91.7336244309559,5.65246212121212,1.86710929559743
RHF_MPM_P23,280,0.014,14.0,0,255,3.1547916666666667,22.376146726317927,45429,178.1529411764706,2,106,255,0.6447848144366194,103,103,148,0.010277777777777778,15,14,0.7047619047619048,63.736486486486484,54.91216216216216,0.05368055555555556,0.0030555555555555557,0.013958333333333333,0.008541666666666666,0.0060416666666666665,1,63.03167580180061,53.48433819806731,7.385943826096402,5.42943576614681,0.6779545154342252,49.27367711865922,-0.8169689102491996,0.8169689102491996,0.010720024653855466,139,3.1370833333333334,45174,27.952837916766406,252.1818181818182,95.74000605980021,5.460984848484848,2.000657097972849
RHF_MPM_P23,281,0.01405,14.05,0,255,6.169930555555555,29.40735119254783,88847,348.41960784313727,30,189,255,1.1308308383924497,98,98,276,0.019166666666666665,26,29,0.3660477453580902,59.52536231884058,49.51086956521739,0.09902777777777778,0.005833333333333334,0.030972222222222224,0.015555555555555555,0.009444444444444445,1,55.00343286773892,45.000168829560934,16.19429029626354,4.403341622285124,0.9623235208669102,-135.2942111788324,0.826923335358285,0.826923335358285,0.010050986527401037,128,3.0151388888888886,43418,11.680488623418686,257.54545454545456,95.27029837292478,5.473958333333332,2.0047453905017303
RHF_MPM_P23,282,0.0141,14.1,0,255,7.284166666666667,30.880798139782588,104892,411.3411764705882,42,208,255,1.4070081419567149,87,87,375,0.026041666666666668,36,45,0.23148148148148148,55.51733333333333,44.41866666666667,0.12763888888888889,0.006805555555555555,0.034444444444444444,0.015416666666666667,0.010277777777777778,1,51.701578766731494,39.89242268237807,21.664404443718524,5.278599661166179,0.9698624432308676,49.28378353076718,-0.7096035039246034,0.7096035039246034,0.01911489913434771,99,1.1142361111111114,16045,6.082048274093275,270.27272727272725,100.61004008193842,5.615883838383838,2.0715017153847053
RHF_MPM_P23,283,0.01415,14.15,0,255,6.098819444444445,30.63059062342125,87823,344.4039215686274,29,234,255,1.1250352177087077,108,108,255,0.017708333333333333,21,20,0.6071428571428571,61.13333333333333,51.94509803921569,0.10118055555555555,0.007291666666666667,0.02347222222222222,0.016319444444444445,0.012083333333333333,1,55.71833118886852,44.42944331211642,19.471316992731307,4.82376520323008,0.968827327442236,52.757605231161534,-1.2399871092729917,1.2399871092729917,0.010760279197932205,-120,-1.185347222222222,-17069,6.059608585990933,270.72727272727275,100.52868510492723,5.672367424242424,2.07542537344098
RHF_MPM_P23,284,0.0142,14.2,0,255,6.148055555555556,32.938318138221504,88532,347.1843137254902,19,251,255,0.9313008499294988,109,109,305,0.021180555555555557,22,22,0.6301652892561983,60.08196721311475,51.07868852459016,0.08118055555555556,0.008888888888888889,0.02666666666666667,0.01972222222222222,0.014375,1,58.251807256133375,48.49960466272083,14.45930505384655,4.628824627448206,0.9473743879958626,49.3944272626837,-2.270179171454237,2.270179171454237,0.05707540776216509,50,0.049236111111111036,709,4.794237624832306,273.27272727272725,101.00863231255481,5.693156565656566,2.0789378335043063
RHF_MPM_P23,285,0.01425,14.25,0,255,6.7995833333333335,35.301197647982775,97914,383.9764705882353,18,255,255,0.9069365154522016,109,109,352,0.024444444444444446,25,24,0.5866666666666667,58.73295454545455,50.21590909090909,0.07833333333333334,0.010416666666666666,0.03131944444444444,0.02277777777777778,0.016805555555555556,1,58.558285842678266,49.64461670445493,9.356338101129435,4.62974009390551,0.8689932492647254,-136.80680841013202,0.43284229872152985,0.43284229872152985,0.006618052576751026,47,0.6515277777777779,9382,1.1853192395834378,276.6363636363636,102.93976414059979,5.726281565656565,2.0933504487863863
RHF_MPM_P23,286,0.0143,14.3,0,255,7.271111111111111,35.94695897953738,104704,410.60392156862747,23,255,255,1.035180375955966,107,107,379,0.026319444444444444,28,26,0.5206043956043956,57.9155672823219,49.37467018469657,0.0913888888888889,0.010416666666666666,0.03375,0.02423611111111111,0.017152777777777777,1,57.828344666870414,48.70864532396088,10.488934345868305,4.990363512687956,0.8795674995848441,-135.98497663793032,0.5000266346412388,0.5000266346412388,0.008614761613691931,27,0.4715277777777773,6790,1.1869526297387323,281.27272727272725,106.24422201109951,5.779526515151516,2.124289186510536
RHF_MPM_P23,287,0.01435,14.35,0,255,7.679444444444444,36.327767459345026,110584,433.66274509803924,29,255,255,1.1739716895249295,106,106,397,0.027569444444444445,31,29,0.44160177975528364,57.531486146095716,49.14357682619647,0.10618055555555556,0.010694444444444444,0.035625,0.02409722222222222,0.017361111111111112,1,57.09747341387543,48.12698039499385,11.77433543108318,5.057088559411594,0.9030663938018726,-136.4243554185863,0.700154025761777,0.700154025761777,0.011629168776676553,18,0.4083333333333332,5880,0.9340807663391224,287.09090909090907,110.58148336321918,5.85998106060606,2.1773018642619197
RHF_MPM_P23,288,0.0144,14.4,0,255,7.7676388888888885,36.17236564135418,111854,438.64313725490194,32,255,255,1.2389469543084597,107,107,379,0.026319444444444444,30,28,0.4511904761904762,58.07387862796834,49.71767810026385,0.11333333333333333,0.010902777777777779,0.035833333333333335,0.023194444444444445,0.017222222222222222,1,56.31991703470596,47.60770289842116,13.097830330440162,4.888631324096351,0.9277349114266277,-136.84615381518145,0.8827710108532211,0.8827710108532211,0.013741126826041089,-18,0.08819444444444446,1270,0.9350096476689076,291.09090909090907,113.01122594717147,5.94320707070707,2.2304838224928476
RHF_MPM_P23,289,0.01445,14.45,0,255,7.723333333333334,35.900972750671315,111216,436.1411764705882,34,255,255,1.2237321204302305,108,108,365,0.025347222222222222,30,27,0.4506172839506173,58.47671232876712,50.172602739726024,0.11090277777777778,0.010902777777777779,0.034444444444444444,0.022847222222222224,0.016875,1,55.932518702344986,47.42914688534024,13.863601489578734,4.653418085091395,0.941984194879476,-137.80757297117447,0.9521805734964995,0.9521805734964995,0.011976694000863186,-14,-0.04430555555555493,-638,0.42656736598504297,294.54545454545456,114.62536894863882,6.010416666666666,2.271593198323598
RHF_MPM_P23,290,0.0145,14.5,0,255,7.519444444444445,35.26466258833531,108280,424.62745098039215,32,255,255,1.229242696384927,109,109,348,0.024166666666666666,28,25,0.49714285714285716,59.054597701149426,50.65229885057471,0.11166666666666666,0.010416666666666666,0.03194444444444444,0.022291666666666668,0.016527777777777777,1,55.999639822681935,47.547404876246766,14.317852620725684,4.71225971762149,0.9442888826215352,-137.86754655703314,1.0597986204628642,1.0597986204628642,0.01564462504617658,-17,-0.2038888888888888,-2936,0.13597866453431498,325.3636363636364,70.9689723845732,6.6923926767676765,1.2795631303188923
RHF_MPM_P23,291,0.01455,14.55,0,255,6.967291666666667,33.65601687412813,100329,393.4470588235294,28,253,255,1.1814309177324105,109,109,315,0.021875,27,23,0.5072463768115942,60.03174603174603,51.53968253968254,0.10694444444444444,0.009166666666666667,0.029583333333333333,0.02013888888888889,0.014861111111111111,1,56.45944841471559,48.084701332615694,14.550342949443962,4.600633126999239,0.9486967977724113,-138.4044675958618,1.2459454678909139,1.2459454678909139,0.02265546352500274,-33,-0.5521527777777777,-7951,0.707185564993077,340.54545454545456,44.227436232529676,7.038983585858586,0.6215574687287218
RHF_MPM_P23,292,0.0146,14.6,0,255,6.298541666666667,31.799003707068447,90699,355.6823529411765,24,245,255,1.1318664902377291,109,109,282,0.019583333333333335,23,21,0.5838509316770186,60.90425531914894,52.166666666666664,0.10243055555555555,0.008125,0.026180555555555554,0.018125,0.01326388888888889,1,56.86215945049008,48.373377876272066,14.978873761740804,4.491088598193473,0.9539932163714636,-137.9797635458583,1.469615171493315,1.469615171493315,0.027365241072117664,-33,-0.6687500000000002,-9630,0.49548998495626073,341.09090909090907,43.45834901573636,7.050675505050505,0.6061178937044908
RHF_MPM_P23,293,0.01465,14.65,0,255,5.827569444444444,30.66938264120098,83917,329.0862745098039,20,236,255,1.0629339855556743,107,107,269,0.018680555555555554,23,21,0.556935817805383,61.468401486988846,52.49442379182156,0.09645833333333333,0.007361111111111111,0.02423611111111111,0.016666666666666666,0.0125,1,57.814602523922446,49.12232324797121,14.828381060306576,4.36454029504572,0.9557017140321356,-138.09887220440584,1.7229466292971989,1.7229466292971989,0.032794308662130435,-13,-0.47097222222222257,-6782,1.2116381381909591,331.45454545454544,46.515615435451814,6.918257575757576,0.6934602719638775
RHF_MPM_P23,294,0.0147,14.7,0,255,5.426666666666667,29.66326122776568,78144,306.4470588235294,17,230,255,1.0503882850725634,107,107,248,0.017222222222222222,21,19,0.6215538847117794,62.221774193548384,53.233870967741936,0.09680555555555556,0.006875,0.022222222222222223,0.015625,0.01138888888888889,1,58.685746826371826,49.9757371007371,14.235810196884959,4.16413157211112,0.9562621473800234,-138.10574640404874,1.9787793832760232,1.9787793832760232,0.03978552416052416,-21,-0.4009027777777776,-5773,1.2195112134715027,330.8181818181818,47.59262391631365,6.857152777777778,0.7863639838493357
RHF_MPM_P23,295,0.01475,14.75,0,12,0.01638888888888889,0.31092740111709694,236,19.666666666666668,0,0,6,0.0501607361673242,2,8,7,0.0004861111111111111,32,101,0.002165841584158416,96.85714285714286,59.714285714285715,0.004027777777777778,0.0,0.0,0.0,0.0,0,90.69067796610169,56.483050847457626,33.35033097354395,20.94298472288564,0.778238093961108,100.09128841593824,-0.2667433271959919,0.2667433271959919,0.0,-241,-5.410277777777778,-77908,32.65977264858266,303.72727272727275,104.89569790042168,6.299728535353535,2.1251169707389095
RHF_MPM_P23,296,0.0148,14.8,0,255,3.3413194444444443,22.30650661013408,48115,188.68627450980392,10,95,255,0.7689380028495187,108,108,133,0.009236111111111112,13,13,0.7869822485207101,66.89473684210526,57.3984962406015,0.06680555555555556,0.0035416666666666665,0.013055555555555556,0.008333333333333333,0.006111111111111111,1,70.20153798191832,59.781003844954796,9.948844820130873,5.117931350869535,0.857535564677693,-141.191725118477,-0.9927441220321446,0.9927441220321446,0.021718798711420555,126,3.3249305555555555,47879,20.752863688300035,283.8181818181818,114.21337143643048,5.985340909090909,2.278205787010317
RHF_MPM_P23,297,0.01485,14.85,0,255,4.898680555555556,25.9797452821565,70541,276.6313725490196,23,151,255,1.070893424275051,103,103,195,0.013541666666666667,20,21,0.4642857142857143,69.27179487179487,60.11282051282051,0.09625,0.004722222222222222,0.019444444444444445,0.01125,0.008194444444444445,1,76.66265009001857,66.13586424916006,18.309129802770208,4.238987453588152,0.9728293939858463,-140.6894394879322,-1.2521674420639226,1.2521674420639226,0.012730185282318085,62,1.5573611111111116,22426,9.062572506213433,267.09090909090907,112.50976082541344,5.7696654040404045,2.2584867870669534
RHF_MPM_P23,298,0.0149,14.9,0,255,5.8249305555555555,29.072249141304262,83879,328.9372549019608,25,203,255,1.1183290654464413,111,111,208,0.014444444444444444,23,24,0.37681159420289856,69.33653846153847,60.08653846153846,0.10013888888888889,0.006458333333333333,0.02784722222222222,0.013333333333333334,0.010277777777777778,1,76.73913613657768,67.39630896887182,17.66756371844398,4.194684000290174,0.9714063888499694,45.610452330093096,1.023031390957916,1.023031390957916,0.014449385424242064,13,0.9262499999999996,13338,1.2627632425627107,249.9090909090909,105.57673172149124,5.601073232323232,2.17739481471685
RHF_MPM_P23,299,0.01495,14.95,0,255,6.0870138888888885,30.37624708413588,87653,343.7372549019608,30,238,255,1.1148200890744058,111,111,240,0.016666666666666666,21,20,0.5714285714285714,70.12916666666666,60.80416666666667,0.09944444444444445,0.007638888888888889,0.024166666666666666,0.015416666666666667,0.011805555555555555,1,77.6055126464582,67.8703638209759,20.86715139297223,4.205397686247113,0.9794819414418106,45.66135366005167,1.3820753820639897,1.3820753820639897,0.006810947714282455,32,0.262083333333333,3774,0.9875911399340063,237.27272727272728,97.36911112695284,5.448289141414142,2.076642587215845
RHF_MPM_P23,300,0.015,15.0,0,255,5.455069444444445,30.26957232970025,78553,308.0509803921569,18,237,255,0.9309075575225448,104,104,258,0.017916666666666668,20,20,0.645,70.20930232558139,60.81782945736434,0.08159722222222222,0.0077083333333333335,0.023055555555555555,0.01576388888888889,0.012152777777777778,1,73.32165544282205,63.32869527580105,13.410274609292713,4.284064398756883,0.9475993073927361,-137.360164624159,-1.9830796121190073,1.9830796121190073,0.02383104400850381,18,-0.6319444444444438,-9100,6.243251213540576,227.54545454545453,89.11827038100817,5.242083333333333,1.949204487957232
RHF_MPM_P23,301,0.01505,15.05,0,255,6.044583333333334,32.537040193425874,87042,341.3411764705882,18,251,255,0.9523079969222252,110,110,292,0.020277777777777777,23,22,0.5770750988142292,71.16095890410959,61.592465753424655,0.08444444444444445,0.009027777777777777,0.026180555555555554,0.019375,0.014305555555555556,1,72.9332391259392,62.902139197169184,10.877748973415612,4.600456165318696,0.9061653681714588,-137.84608116797045,-1.1672215327050095,1.1672215327050095,0.033179384664874426,34,0.5895138888888889,8489,0.5769032184332467,222.45454545454547,83.51522848217415,5.108005050505051,1.8353415651641112
RHF_MPM_P23,302,0.0151,15.1,0,255,6.343958333333333,33.079022992062136,91353,358.2470588235294,19,252,255,1.0199204412755631,108,108,310,0.021527777777777778,25,24,0.5166666666666667,71.6,62.090322580645164,0.09090277777777778,0.008819444444444444,0.02826388888888889,0.01986111111111111,0.014444444444444444,1,73.29344411239916,63.286755771567435,11.277602866479494,4.576322526252793,0.9139669704477935,-137.83016084290375,-1.0525512542001867,1.0525512542001867,0.024793931233785427,18,0.2993749999999995,4311,0.5269511757008108,222.0,83.0224504138927,5.0513383838383845,1.786020890722869
RHF_MPM_P23,303,0.01515,15.15,0,255,6.605416666666667,33.92289457306493,95118,373.01176470588234,21,254,255,1.0310353627358098,110,110,322,0.02236111111111111,25,23,0.56,71.53416149068323,62.18944099378882,0.091875,0.00951388888888889,0.02875,0.020694444444444446,0.015416666666666667,1,73.37774133181942,63.46617885153178,11.151708298654086,4.598791059751809,0.9110099164550591,-137.96330932948493,-1.0521647897050548,1.0521647897050548,0.016137849828633907,12,0.26145833333333357,3765,0.19823890341171616,225.63636363636363,86.37894601145342,5.079236111111111,1.8075513071678857
RHF_MPM_P23,304,0.0152,15.2,0,255,6.738888888888889,34.07079865497219,97040,380.54901960784315,24,254,255,1.0546224981916716,110,110,319,0.022152777777777778,24,22,0.6041666666666666,71.22257053291536,61.77115987460815,0.09395833333333334,0.00986111111111111,0.029166666666666667,0.020555555555555556,0.015625,1,73.65322547403133,63.65449299258038,11.823253556402006,4.652736195759268,0.9193142647770233,-137.82388573019887,-1.1794764330651817,1.1794764330651817,0.016766281945589448,-3,0.13347222222222221,1922,0.3336970607139104,230.1818181818182,89.78946909482525,5.162083333333334,1.8600733927105244
RHF_MPM_P23,305,0.01525,15.25,0,255,6.973680555555555,34.68443357310083,100421,393.8078431372549,25,255,255,1.099711136651969,111,111,332,0.023055555555555555,25,23,0.577391304347826,71.49096385542168,61.98795180722892,0.09951388888888889,0.010555555555555556,0.029236111111111112,0.021111111111111112,0.01659722222222222,1,73.9980780912359,63.97333227113851,12.33595520210376,4.587470146703469,0.9282816196023598,-138.5827274651438,-1.1714275729687,1.1714275729687,0.019707033389430497,13,0.2347916666666663,3381,0.4696613813635392,237.8181818181818,94.4320998792429,5.302720959595959,1.9318600335880465
RHF_MPM_P23,306,0.0153,15.3,0,255,7.128958333333333,34.96387374091272,102657,402.5764705882353,27,255,255,1.115024868219102,111,111,334,0.023194444444444445,25,23,0.5808695652173913,71.50299401197604,61.82035928143713,0.10055555555555555,0.010694444444444444,0.029722222222222223,0.021597222222222223,0.016527777777777777,1,74.32682622714476,64.13832471239175,12.58918701799494,4.693094964647223,0.92791663307676,-138.5554071989003,-1.1133008153685693,1.1133008153685693,0.020125271535306896,2,0.15527777777777807,2236,0.36782855046102514,267.54545454545456,63.492825129893276,5.949318181818182,1.0376452196694528
RHF_MPM_P23,307,0.01535,15.35,0,255,7.420416666666667,35.756406571934775,106854,419.0352941176471,28,255,255,1.1749210880114287,110,110,355,0.024652777777777777,26,24,0.5689102564102564,71.78591549295774,62.247887323943665,0.1076388888888889,0.011527777777777777,0.03076388888888889,0.022916666666666665,0.017638888888888888,1,74.61461433357665,64.40893181350253,12.93529258188835,4.729853863592239,0.9307504777392821,-139.00321559474438,-1.1525078531579005,1.1525078531579005,0.02471596758193423,21,0.2914583333333338,4197,0.39503189412405015,287.72727272727275,51.70737754481446,6.3201452020202025,0.7194453350186474
RHF_MPM_P23,308,0.0154,15.4,0,255,7.427847222222222,35.36564072622832,106961,419.4549019607843,28,255,255,1.1962095861444384,110,110,348,0.024166666666666666,26,24,0.5576923076923077,71.77298850574712,62.224137931034484,0.10930555555555556,0.010625,0.03173611111111111,0.02236111111111111,0.01673611111111111,1,75.11356475724797,64.90156225166182,13.87155953986677,4.581061550883445,0.9438940283791558,-138.86765944455382,-1.2791594582397399,1.2791594582397399,0.02399940165106908,-7,0.007430555555554719,107,0.7011677929588557,301.6363636363636,45.04194555638258,6.550069444444445,0.6265738573235058
RHF_MPM_P23,309,0.01545,15.45,0,255,7.449097222222222,35.206727466596696,107267,420.6549019607843,28,255,255,1.2355671147200469,109,109,349,0.02423611111111111,26,25,0.536923076923077,71.756446991404,62.34670487106017,0.11416666666666667,0.010833333333333334,0.03180555555555555,0.021944444444444444,0.016458333333333332,1,75.2630631974419,65.11766899419206,14.467385328170392,4.670442548482514,0.9464584634742437,-138.87730744993416,-1.3045362591887077,1.3045362591887077,0.02463945108933782,1,0.021250000000000213,306,0.26277729694067753,314.45454545454544,35.655838834266774,6.69772095959596,0.6296576741906484
RHF_MPM_P23,310,0.0155,15.5,0,255,7.410347222222223,35.03844342911072,106709,418.46666666666664,28,255,255,1.2363206835132505,109,109,344,0.02388888888888889,25,24,0.5733333333333334,71.45058139534883,62.151162790697676,0.11388888888888889,0.010694444444444444,0.031041666666666665,0.021875,0.016458333333333332,1,75.26933998069516,65.2872016418484,15.011088582067005,4.604433866048433,0.9517947934181474,-138.2191457742626,-1.3781479293862293,1.3781479293862293,0.026183358479603406,-5,-0.038749999999999396,-558,0.16964880379589203,323.90909090909093,27.52009033235223,6.8180239898989905,0.6278990007963062
RHF_MPM_P23,311,0.01555,15.55,0,255,7.302013888888889,34.91705005914933,105149,412.34901960784316,27,255,255,1.2289809033700776,111,111,335,0.02326388888888889,25,23,0.5826086956521739,71.21492537313434,61.87761194029851,0.11375,0.010763888888888889,0.03,0.021597222222222223,0.01673611111111111,1,75.06346232489135,65.04965334905705,14.733936406150539,4.589198881212613,0.950255547642372,-138.83613076616314,-1.4031595574055489,1.4031595574055489,0.025354496951944385,-9,-0.10833333333333339,-1560,0.314348215467112,330.90909090909093,18.017438751763628,6.9859280303030316,0.4674223709914569
RHF_MPM_P23,312,0.0156,15.6,0,255,7.107152777777777,34.49209416589374,102343,401.3450980392157,27,255,255,1.2024887582924078,111,111,323,0.022430555555555554,23,23,0.610586011342155,70.984520123839,61.758513931888544,0.11090277777777778,0.010486111111111111,0.029166666666666667,0.020972222222222222,0.01638888888888889,1,74.84149380025991,64.81482856668262,14.354972349373314,4.682604113453848,0.9453004858661254,-138.87829416448898,-1.4071752510588884,1.4071752510588884,0.02490644206247618,-12,-0.19486111111111182,-2806,0.3231295473092106,333.72727272727275,13.592049207271602,7.082525252525252,0.36045990144811463
RHF_MPM_P23,313,0.01565,15.65,0,255,6.9909027777777775,34.25267812751602,100669,394.7803921568627,25,255,255,1.174853003333283,112,112,317,0.02201388888888889,23,22,0.6264822134387352,70.75078864353313,61.54574132492114,0.10861111111111112,0.010694444444444444,0.02875,0.020625,0.015902777777777776,1,74.74002920462108,64.71918862807816,14.588942131327677,4.515955271007426,0.950884322213551,-138.61608525231105,-1.4296683739364089,1.4296683739364089,0.026959640008344176,-6,-0.11624999999999996,-1674,0.13943479488426486,334.3636363636364,12.593452319452123,7.141338383838384,0.27865088963899326
RHF_MPM_P23,314,0.0157,15.7,0,255,6.797083333333333,33.89454753502643,97878,383.83529411764704,23,255,255,1.1317359925546386,112,112,309,0.021458333333333333,22,22,0.6384297520661157,70.4368932038835,61.26860841423948,0.104375,0.010763888888888889,0.02784722222222222,0.02013888888888889,0.015625,1,74.30566623756104,64.44500296287215,14.486398894257803,4.2099535072366585,0.9568403082311339,-138.51282784426814,-1.5939774033786245,1.5939774033786245,0.02946525266147653,-8,-0.19381944444444432,-2791,0.5136623075111315,333.1818181818182,14.205109079726988,7.158762626262626,0.24901064374110107
RHF_MPM_P23,315,0.01575,15.75,0,11,0.019583333333333335,0.34545436062927004,282,25.636363636363637,0,0,7,0.057951949322684465,3,8,10,0.0006944444444444445,93,107,0.0010049241282283187,89.1,60.5,0.004722222222222222,0.0,0.0,0.0,0.0,0,85.36524822695036,61.08510638297872,30.05968163695381,27.1616202374881,0.4283988356285411,93.16841876322151,-0.2696090352613028,0.2696090352613028,0.0,-299,-6.7775,-97596,11.558687590189644,305.09090909090907,94.28434223179714,6.547916666666667,2.075160359170792
RHF_MPM_P23,316,0.0158,15.8,0,255,3.0360416666666667,22.243929094335368,43719,171.4470588235294,1,102,255,0.6075737796839444,104,104,141,0.009791666666666667,15,14,0.6714285714285714,63.52482269503546,54.4113475177305,0.050625,0.003472222222222222,0.01375,0.008402777777777778,0.00625,1,62.93048788856104,53.22379285894005,7.235983536265711,5.319291405539099,0.6779407252334541,-139.63667825105506,0.5383454650262979,0.5383454650262979,0.012282989089411927,131,3.0164583333333335,43437,23.77222584791335,287.72727272727275,104.73784668841354,6.189949494949494,2.2984508883802675
RHF_MPM_P23,317,0.01585,15.85,0,255,6.013333333333334,28.748424401270338,86592,339.5764705882353,32,178,255,1.1354600210413475,95,95,277,0.01923611111111111,28,30,0.32976190476190476,58.72202166064982,48.53068592057762,0.09930555555555555,0.005694444444444445,0.027777777777777776,0.014375,0.009305555555555555,1,54.46169392091648,44.80130958980045,16.288032038711496,4.535407907462386,0.9604506303495457,-137.39331137069664,0.8270371051913625,0.8270371051913625,0.010335827790096083,136,2.977291666666667,42873,11.943981567523847,282.54545454545456,103.72548002593948,6.088529040404041,2.2793130907964203
RHF_MPM_P23,318,0.0159,15.9,0,255,6.979236111111111,30.06639965651629,100501,394.121568627451,41,207,255,1.3822500692624256,110,110,212,0.014722222222222222,36,40,0.14722222222222223,61.556603773584904,51.95283018867924,0.12611111111111112,0.006527777777777778,0.035416666666666666,0.013680555555555555,0.010277777777777778,1,50.28436532969821,39.433677276843014,22.97057983226991,5.357822563352455,0.9724174830065858,46.61415083797119,-0.669765189098119,0.669765189098119,0.021462473010218804,-65,0.9659027777777771,13909,6.801584433506238,269.54545454545456,102.78694968133546,6.048421717171718,2.2593178715207953
RHF_MPM_P23,319,0.01595,15.95,0,255,5.725763888888889,30.53158205676044,82451,323.33725490196076,21,237,255,1.0377939403751308,108,108,254,0.017638888888888888,20,20,0.635,60.94881889763779,51.65748031496063,0.09305555555555556,0.0075,0.023055555555555555,0.01625,0.012361111111111111,1,56.70322979709161,46.36078398078859,18.294574084248303,4.8343057516583166,0.9644547483377075,47.567131131578584,-1.8117745890047046,1.8117745890047046,0.030539350644625294,42,-1.2534722222222214,-18050,9.443867234275018,261.0,99.77246841962693,5.89368686868687,2.2174434795253064
RHF_MPM_P23,320,0.016,16.0,0,255,6.484652777777778,34.14300868758563,93379,366.1921568627451,20,255,255,0.9645907111720442,110,110,326,0.02263888888888889,24,22,0.6174242424242424,59.484662576687114,50.64110429447853,0.08583333333333333,0.010347222222222223,0.028194444444444446,0.020763888888888887,0.016180555555555556,1,59.313325265852065,49.4570406622474,9.079177505799402,5.414568264738435,0.8027081063365946,-136.50982368853525,0.8308532965646757,0.8308532965646757,0.0304993628117671,72,0.7588888888888885,10928,4.049617734246307,258.90909090909093,98.13391087086012,5.806010101010101,2.1728278892663906
RHF_MPM_P23,321,0.01605,16.05,0,255,7.180486111111111,35.98675288348519,103399,405.48627450980393,20,255,255,1.0355057031614567,107,107,380,0.02638888888888889,29,24,0.5459770114942529,57.76315789473684,49.28421052631579,0.09256944444444444,0.010555555555555556,0.03243055555555555,0.02423611111111111,0.017638888888888888,1,58.01475836323369,48.70151548854437,10.00077876406696,5.07135881775137,0.8618893492237856,-138.17162224536162,0.6256855190101146,0.6256855190101146,0.024758459946421146,54,0.6958333333333329,10020,1.5023629017900009,262.1818181818182,101.46098057141177,5.785113636363636,2.158355325439305
RHF_MPM_P23,322,0.0161,16.1,0,255,7.425277777777778,36.01463591267916,106924,419.30980392156863,23,255,255,1.1431493479815864,106,106,385,0.02673611111111111,31,26,0.47766749379652607,57.75844155844156,49.246753246753244,0.10381944444444445,0.010416666666666666,0.034166666666666665,0.024027777777777776,0.017013888888888887,1,57.5061726085818,48.16622086715798,11.003887228578105,5.321541709334618,0.8752860126695587,-135.7854660639901,0.6558593339560385,0.6558593339560385,0.02085593505667577,5,0.24479166666666696,3525,0.7383764632760393,266.72727272727275,105.65474726596393,5.7963194444444435,2.166506311648942
RHF_MPM_P23,323,0.01615,16.15,0,255,7.747708333333334,36.31417922525331,111567,437.5176470588235,30,255,255,1.2309619028379684,107,107,383,0.026597222222222223,31,25,0.4941935483870968,57.9686684073107,49.655352480417754,0.11305555555555556,0.010972222222222222,0.035486111111111114,0.02388888888888889,0.017291666666666667,1,56.85830935670942,48.19892979106725,11.857409824447668,5.148727211324555,0.9008067454122802,-138.96784804332964,0.7408552526652966,0.7408552526652966,0.017666514291860495,-2,0.322430555555556,4643,0.6486884204531148,272.1818181818182,109.88325886372499,5.854551767676767,2.209145847119601
RHF_MPM_P23,324,0.0162,16.2,0,255,8.019305555555556,36.99408795959419,115478,452.85490196078433,33,255,255,1.2517840153261997,109,109,387,0.026875,30,26,0.49615384615384617,58.020671834625325,49.76744186046512,0.11465277777777778,0.01138888888888889,0.035416666666666666,0.024722222222222222,0.018194444444444444,1,56.53247371793761,47.91433000225151,12.42920983996833,5.192908845165959,0.9085395809625559,-139.45891604815964,0.7810734670503336,0.7810734670503336,0.014063284781516826,4,0.2715972222222227,3911,0.4326267482343123,278.54545454545456,114.23529436797912,5.94804292929293,2.276007227300752
RHF_MPM_P23,325,0.01625,16.25,0,255,7.952569444444444,36.77362676351627,114517,449.0862745098039,34,255,255,1.217314532571632,109,109,383,0.026597222222222223,30,25,0.5106666666666667,58.268929503916446,49.82767624020888,0.11034722222222222,0.011180555555555555,0.034930555555555555,0.024375,0.017916666666666668,1,55.82782468978405,47.43499218456648,13.64974056124786,4.6550629639005034,0.940049969371867,-139.443913374734,0.9497355954321764,0.9497355954321764,0.01381454281897011,-4,-0.066736111111112,-961,0.8522294270563553,285.27272727272725,117.94921165029302,6.053087121212121,2.3385733359429106
RHF_MPM_P23,326,0.0163,16.3,0,255,7.682986111111111,35.89729159506213,110635,433.8627450980392,32,255,255,1.1903972015165554,108,108,369,0.025625,30,26,0.47307692307692306,58.672086720867206,50.22493224932249,0.10722222222222222,0.010694444444444444,0.03361111111111111,0.02298611111111111,0.016944444444444446,1,55.93393591539748,47.57369729290008,14.06275165293865,4.600144348341308,0.9449843571388767,-139.1974937291937,1.0557294040331284,1.0557294040331284,0.017028969132733763,-14,-0.2695833333333333,-3882,0.17463876797268657,317.90909090909093,81.21291270532441,6.7497601010101,1.384087977818351
RHF_MPM_P23,327,0.01635,16.35,0,255,7.409583333333333,34.8557008304516,106698,418.4235294117647,30,255,255,1.2356106149124493,109,109,340,0.02361111111111111,28,24,0.5059523809523809,59.667647058823526,51.02058823529412,0.113125,0.010277777777777778,0.03208333333333333,0.021458333333333333,0.01611111111111111,1,56.37757033871301,47.88372790492793,14.304779139555137,4.751511949939237,0.9432221577177664,-139.31936252033708,1.1917401812869683,1.1917401812869683,0.022052896961517555,-29,-0.2734027777777781,-3937,0.5412305256957213,336.0,58.88509612333621,7.147354797979798,0.737160396290002
RHF_MPM_P23,328,0.0164,16.4,0,255,7.124930555555555,34.41977412316388,102599,402.34901960784316,27,254,255,1.2073272234444283,110,110,330,0.022916666666666665,26,23,0.5518394648829431,60.07878787878788,51.263636363636365,0.11131944444444444,0.01,0.029791666666666668,0.021041666666666667,0.01611111111111111,1,57.0883244476067,48.350490745523835,14.35148751517305,4.733633376510278,0.9440383416522147,-139.38987599100332,1.417145878433627,1.417145878433627,0.030575346738272304,-10,-0.28465277777777764,-4099,0.850316971881915,340.8181818181818,55.95585627295564,7.24840909090909,0.6452361401067418
RHF_MPM_P23,329,0.01645,16.45,0,255,6.824097222222222,33.757080983789216,98267,385.3607843137255,24,253,255,1.1589883068277298,109,109,319,0.022152777777777778,26,22,0.5576923076923077,60.37931034482759,51.539184952978054,0.10631944444444444,0.00951388888888889,0.028819444444444446,0.02048611111111111,0.015208333333333334,1,57.251274588620795,48.49806140413364,14.3700376677882,4.759130094097968,0.9435661052689579,-138.63591827019462,1.5794864887484863,1.5794864887484863,0.03202499313095953,-11,-0.3008333333333333,-4332,0.21984050522832094,350.54545454545456,39.63782315911645,7.234305555555554,0.6526188434822624
RHF_MPM_P23,330,0.0165,16.5,0,255,6.447291666666667,32.664013491718265,92841,364.08235294117645,21,250,255,1.1264890413354747,108,108,303,0.021041666666666667,25,22,0.5509090909090909,60.73597359735974,51.81848184818482,0.10291666666666667,0.00875,0.02763888888888889,0.018958333333333334,0.014027777777777778,1,57.278056031279284,48.51513878566582,14.743538990603087,4.570493147200644,0.9507366437038616,-138.36955632579168,1.6993749358731207,1.6993749358731207,0.03227022543919174,-16,-0.3768055555555554,-5426,0.03176291282086174,355.0,30.157164081765803,7.299898989898989,0.52061068335573
RHF_MPM_P23,331,0.01655,16.55,0,255,6.039375,31.46042120485917,86967,341.0470588235294,19,243,255,1.0917229447028816,108,108,281,0.01951388888888889,23,21,0.5817805383022774,61.23487544483986,52.270462633451956,0.099375,0.0077777777777777776,0.025972222222222223,0.0175,0.012986111111111111,1,57.576230064277254,48.84166407947842,14.724692199959604,4.379504554290751,0.9547449110307518,-138.01252747402557,1.7469179927921958,1.7469179927921958,0.03116124506996907,-22,-0.4079166666666669,-5874,0.4421838095788673,350.90909090909093,36.250277855874415,7.259419191919193,0.5944944305961976
RHF_MPM_P23,332,0.0166,16.6,0,255,5.688263888888889,30.47069131034546,81911,321.2196078431373,18,235,255,1.0340456464107417,107,107,267,0.018541666666666668,23,21,0.5527950310559007,61.662921348314605,52.52059925093633,0.093125,0.007361111111111111,0.024444444444444446,0.01625,0.012222222222222223,1,58.183784839643025,49.34533823296017,14.003237269157719,4.356090467137825,0.9503845847581595,-138.33658260668201,1.7615376528804214,1.7615376528804214,0.027859506049248573,-14,-0.35111111111111093,-5056,0.7891834121136262,340.6363636363636,42.091399957868155,7.123762626262626,0.74757357322572
RHF_MPM_P23,333,0.01665,16.65,0,255,5.446111111111111,30.022727712867585,78424,307.5450980392157,17,229,255,0.9911725358646908,107,107,257,0.017847222222222223,21,20,0.611904761904762,61.94941634241245,52.8988326848249,0.08895833333333333,0.007083333333333333,0.023055555555555555,0.01597222222222222,0.01173611111111111,1,59.0301948383148,50.05025247373253,13.005651547278806,4.516415292299811,0.9377668197184917,-137.6957426166707,1.89695688152475,1.89695688152475,0.026956033867183517,-10,-0.2421527777777781,-3487,1.1015053212287385,329.0,45.752297508133154,6.943838383838383,0.879826009545784
RHF_MPM_P23,334,0.0167,16.7,0,255,5.494791666666667,30.549760875331415,79125,310.29411764705884,17,237,255,0.977129800094174,108,108,264,0.018333333333333333,21,20,0.6285714285714286,62.03409090909091,52.791666666666664,0.08784722222222222,0.007569444444444445,0.023541666666666666,0.016458333333333332,0.012361111111111111,1,59.540928909952605,50.39849605055292,12.277451617156927,4.540111706053446,0.9291142963529102,-137.47004102414544,1.9304709536934679,1.9304709536934679,0.027778830963665086,7,0.04868055555555628,701,0.6181608857962412,318.1818181818182,45.773788016958875,6.739027777777778,0.9296695474857972
RHF_MPM_P23,335,0.01675,16.75,0,255,5.527430555555555,30.77690688754511,79595,312.1372549019608,16,239,255,0.9678496965555271,108,108,266,0.018472222222222223,21,20,0.6333333333333333,61.93609022556391,52.79323308270677,0.08722222222222223,0.0077777777777777776,0.02375,0.016944444444444446,0.012777777777777779,1,59.622890885105846,50.370375023556754,12.073991261433305,4.785933609213716,0.9180849329118306,-136.72967792238987,1.9035177358442417,1.9035177358442417,0.029599849236761105,2,0.03263888888888822,470,0.08665193321755582,307.1818181818182,42.323039463411504,6.5124936868686865,0.8929777634199686
RHF_MPM_P23,336,0.0168,16.8,0,255,5.584027777777778,31.065667820124837,80410,315.3333333333333,16,242,255,0.9520812687875465,109,109,271,0.018819444444444444,22,20,0.615909090909091,61.77490774907749,52.62730627306273,0.08520833333333333,0.007847222222222222,0.02423611111111111,0.017013888888888887,0.012986111111111111,1,59.55835095137421,50.32444969531153,12.150902970972766,4.548733595872779,0.927286052807749,-136.49320972459256,1.8808712533206973,1.8808712533206973,0.028715333913692326,5,0.056597222222222854,815,0.07921198659619556,297.0,35.832945734337834,6.297171717171716,0.8005528683579997
RHF_MPM_P23,337,0.01685,16.85,0,255,5.376319444444444,30.50840699814761,77419,303.60392156862747,14,235,255,0.8939811767140642,108,108,264,0.018333333333333333,21,20,0.6285714285714286,62.28409090909091,53.02651515151515,0.07847222222222222,0.007638888888888889,0.024027777777777776,0.01673611111111111,0.012222222222222223,1,60.55177669564319,51.129968095687104,10.695509473146336,4.660998183460964,0.9000482786731856,-137.0076779023951,1.8393871147045402,1.8393871147045402,0.019878841111355093,-7,-0.2077083333333336,-2991,1.2789662242295565,287.45454545454544,28.646318615974618,6.087474747474747,0.7066901216898902
RHF_MPM_P23,338,0.0169,16.9,0,255,5.143888888888889,30.272711701554453,74072,290.47843137254904,13,241,255,0.8244118129239115,111,111,245,0.017013888888888887,20,18,0.6805555555555556,62.453061224489794,53.310204081632655,0.07166666666666667,0.007847222222222222,0.022222222222222223,0.016180555555555556,0.012777777777777779,1,61.27112809158656,51.8445161464521,9.527901382494216,4.22764102281598,0.8961696016656202,-137.58632144439608,1.8144975311965887,1.8144975311965887,0.01787450048601361,-19,-0.23243055555555525,-3347,1.0139257111335778,278.8181818181818,25.6685806591999,5.881502525252526,0.6156469803945533
RHF_MPM_P23,339,0.01695,16.95,0,11,0.018819444444444444,0.3413514735735038,271,24.636363636363637,0,0,7,0.05428965932174411,3,8,10,0.0006944444444444445,32,107,0.0029205607476635513,96.1,60.4,0.004375,0.0,0.0,0.0,0.0,0,91.50922509225093,61.82287822878229,30.773251548046886,20.345731227187095,0.7502538575902532,91.3949411688973,-0.29634841595908357,0.29634841595908357,0.04428044280442804,-235,-5.125069444444445,-73801,31.84195691328773,249.72727272727272,78.38261740171606,5.235492424242424,1.7163267683136674
RHF_MPM_P23,340,0.017,17.0,0,255,3.203263888888889,22.394170940778476,46127,180.89019607843136,5,96,255,0.7009041241574886,103,103,137,0.00951388888888889,14,13,0.7527472527472527,66.24817518248175,57.48905109489051,0.06027777777777778,0.00375,0.013680555555555555,0.008541666666666666,0.00625,1,68.53662713811867,59.04827974938756,8.248255117921452,5.138969507262987,0.7821922319003818,-136.1183798417555,-0.5273042329775978,0.5273042329775978,0.019467990547835323,127,3.1844444444444444,45856,23.139547391512675,233.1818181818182,81.17301184038737,4.9063257575757575,1.7272675033332605
RHF_MPM_P23,341,0.01705,17.05,0,255,5.318333333333333,26.55720863636756,76584,300.32941176470587,25,158,255,1.1695964634402196,106,106,188,0.013055555555555556,22,17,0.5026737967914439,68.73404255319149,59.170212765957444,0.10618055555555556,0.005069444444444444,0.022916666666666665,0.011111111111111112,0.008472222222222223,1,78.12673665517602,66.38534158570981,18.84573438509927,4.212531080376605,0.9746977304730804,-140.97955428043096,-0.926153793868804,0.926153793868804,0.011020578710957903,51,2.1150694444444444,30457,12.074877926470737,222.72727272727272,78.88091243835505,4.803693181818182,1.665076840067218
RHF_MPM_P23,342,0.0171,17.1,0,255,5.89125,29.281865000063508,84834,332.6823529411765,29,212,255,1.1015382522759505,109,109,224,0.015555555555555555,24,22,0.42424242424242425,69.9375,60.566964285714285,0.09743055555555556,0.006666666666666667,0.026458333333333334,0.014097222222222223,0.010555555555555556,1,78.00566989650376,65.90271589221302,17.81218286105321,4.3216803144543094,0.9701201597836193,-145.41920941603638,-1.0878775681328954,1.0878775681328954,0.014439965108329208,36,0.572916666666667,8250,0.49757885815080594,217.54545454545453,76.72544159814105,4.790227272727273,1.65560110906789
RHF_MPM_P23,343,0.01715,17.15,0,255,5.950555555555556,30.6254124638387,85688,336.03137254901964,27,242,255,1.042921906523673,113,113,239,0.01659722222222222,19,19,0.6620498614958449,70.09623430962343,60.60669456066945,0.09256944444444444,0.008055555555555555,0.02423611111111111,0.015833333333333335,0.012152777777777778,1,76.7353188311082,65.65999906638035,17.92249444707426,4.224327355087113,0.971825926091644,-141.00050220990536,-1.4057895703744092,1.4057895703744092,0.012300438801232378,15,0.0593055555555555,854,1.2933303085035623,215.0,75.4971402227805,4.814071969696969,1.6701878786659676
RHF_MPM_P23,344,0.0172,17.2,0,255,5.449513888888889,30.78765681671302,78473,307.7372549019608,15,245,255,0.8611258342067749,110,110,260,0.018055555555555554,21,20,0.6190476190476191,70.28846153846153,60.83461538461538,0.0745138888888889,0.008194444444444445,0.02347222222222222,0.016527777777777777,0.012916666666666667,1,72.41999158946389,62.37486778892103,10.722603507711804,4.413457876137696,0.9113631596779632,-137.58755332820428,-1.3038909881012193,1.3038909881012193,0.015215424413492539,21,-0.5010416666666666,-7215,5.423480129272995,215.27272727272728,75.6536256525764,4.814381313131313,1.6703052239915968
RHF_MPM_P23,345,0.01725,17.25,0,255,5.905555555555556,32.09527435312665,85040,333.4901960784314,18,250,255,0.9331764004061958,108,108,292,0.020277777777777777,22,23,0.5770750988142292,70.81849315068493,61.41438356164384,0.08201388888888889,0.008680555555555556,0.025833333333333333,0.01840277777777778,0.01375,1,72.56969661335842,62.65464487300094,10.577112674205088,4.497399944616184,0.9050989031596948,-136.76809724550202,-1.001022177605215,1.001022177605215,0.021636876763875823,32,0.4560416666666667,6567,0.31731185126861855,217.8181818181818,77.6938258712518,4.851723484848485,1.6895798056614204
RHF_MPM_P23,346,0.0173,17.3,0,255,6.548263888888889,33.89463499889238,94295,369.7843137254902,20,254,255,0.9844131475213528,107,107,335,0.02326388888888889,25,25,0.536,71.83582089552239,62.202985074626866,0.08722222222222223,0.009652777777777777,0.029166666666666667,0.021111111111111112,0.01513888888888889,1,73.13159764568641,63.10554112095021,10.600824138278748,4.60419594203625,0.9007565531907223,-137.24469844773304,-0.9551817457142119,0.9551817457142119,0.019152659207805293,43,0.6427083333333332,9255,0.7204444437609282,224.0909090909091,83.87052201345784,4.944526515151515,1.7510623265751377
RHF_MPM_P23,347,0.01735,17.35,0,255,6.887777777777778,34.588307522686776,99184,388.956862745098,23,255,255,1.0507381649451655,109,109,335,0.02326388888888889,25,25,0.536,71.54328358208956,62.09850746268657,0.09347222222222222,0.010277777777777778,0.030833333333333334,0.021388888888888888,0.015902777777777776,1,73.47477415712211,63.533644539441845,11.231264055913064,4.638916498520772,0.9107146940895685,-136.74415971810924,-0.9244606524981167,0.9244606524981167,0.01620221003387643,0,0.3395138888888889,4889,0.5486735413024798,229.9090909090909,88.98667371676252,5.063049242424243,1.832562825071496
RHF_MPM_P23,348,0.0174,17.4,0,255,7.135,35.17420294445601,102744,402.91764705882355,26,255,255,1.0685625367267506,110,110,343,0.023819444444444445,25,25,0.5488,71.34402332361516,62.160349854227405,0.095,0.010694444444444444,0.03145833333333333,0.021875,0.016666666666666666,1,73.63517091022347,63.95018687222611,12.005420283188846,4.628631609579521,0.9226889694676285,-135.7200345520945,-0.9313565378201449,0.9313565378201449,0.014365802382620883,8,0.2472222222222218,3560,0.44635706940387493,237.0909090909091,94.46736285420535,5.222929292929293,1.927193328332794
RHF_MPM_P23,349,0.01745,17.45,0,255,7.404027777777777,36.0507622110716,106618,418.10980392156864,28,255,255,1.1121115282663159,110,110,352,0.024444444444444446,25,25,0.5632,71.59943181818181,62.18181818181818,0.100625,0.011666666666666667,0.030833333333333334,0.022916666666666665,0.017708333333333333,1,73.95612373145248,64.15617437956068,12.495198970875666,4.556680242097808,0.9311350709925827,-135.68782119301122,-1.0074871631054476,1.0074871631054476,0.01911497120561256,9,0.26902777777777764,3874,0.3813680199397592,246.8181818181818,100.12067099420868,5.428396464646465,2.025774245755395
RHF_MPM_P23,350,0.0175,17.5,0,255,7.527916666666667,36.29910350276115,108402,425.1058823529412,27,255,255,1.1394847926864733,112,112,357,0.024791666666666667,25,25,0.5712,71.80952380952381,62.30532212885154,0.10402777777777777,0.012013888888888888,0.03145833333333333,0.02340277777777778,0.017847222222222223,1,74.31164554159517,64.37697643954908,12.94323783324622,4.578798387870036,0.9353362713271718,-135.67453888583094,-1.0319941582122762,1.0319941582122762,0.022010664009889117,5,0.1238888888888896,1784,0.4185084314350864,278.3636363636364,70.95231782654234,6.111041666666666,1.173951624888591
RHF_MPM_P23,351,0.01755,17.55,0,255,7.444097222222222,35.60656247865137,107195,420.37254901960785,28,255,255,1.1770135325008089,111,111,346,0.024027777777777776,25,25,0.5536,71.59826589595376,62.06936416184971,0.1076388888888889,0.01125,0.03152777777777778,0.022569444444444444,0.017013888888888887,1,74.69134754419515,64.77841317225617,13.911353217667155,4.49163178460454,0.9464415283555836,-135.75180870827688,-1.1846094878938227,1.1846094878938227,0.023023461915201267,-11,-0.08381944444444489,-1207,0.5525622690204031,297.3636363636364,57.2050104723397,6.49657196969697,0.7889395841900954
RHF_MPM_P23,352,0.0176,17.6,0,255,7.388055555555556,35.22252233376351,106388,417.2078431372549,29,255,255,1.2132996434943346,109,109,338,0.02347222222222222,25,24,0.5633333333333334,71.4319526627219,61.710059171597635,0.11194444444444444,0.011180555555555555,0.03048611111111111,0.021805555555555557,0.01673611111111111,1,74.94961837801256,64.69284129789074,14.293897589521835,4.569028661642616,0.9475360572635942,-136.96778185574172,-1.2783881561559256,1.2783881561559256,0.023536489077715533,-8,-0.05604166666666632,-807,0.27207787356407837,311.0,46.36024943065694,6.684728535353536,0.7301150106761685
RHF_MPM_P23,353,0.01765,17.65,0,255,7.358680555555556,35.04183651854451,105965,415.54901960784315,29,255,255,1.2280448409359515,109,109,337,0.02340277777777778,25,24,0.5616666666666666,71.43620178041543,61.688427299703264,0.11354166666666667,0.010763888888888889,0.03076388888888889,0.021944444444444444,0.016666666666666666,1,75.17305714150899,64.88083801255131,14.863637998666851,4.622175001708352,0.9504190786215755,-137.18075617738958,-1.260245909095352,1.260245909095352,0.024177794554805832,-1,-0.02937499999999993,-423,0.2920062426661159,321.27272727272725,37.64448748510901,6.818131313131312,0.7066303549639831
RHF_MPM_P23,354,0.0177,17.7,0,255,7.214652777777777,34.63729074705618,103891,407.4156862745098,28,255,255,1.194379727122671,108,108,332,0.023055555555555555,25,24,0.5533333333333333,71.34939759036145,61.566265060240966,0.10958333333333334,0.010416666666666666,0.029791666666666668,0.02125,0.01611111111111111,1,75.20349212155047,64.99658295713778,15.27304164547447,4.404466640249223,0.9575155142986714,-136.96143343276165,-1.3972626120838882,1.3972626120838882,0.025497877583236277,-5,-0.14402777777777853,-2074,0.1196794895019587,329.72727272727275,27.21660893007967,6.933049242424241,0.6572577456033293
RHF_MPM_P23,355,0.01775,17.75,0,255,7.061944444444444,34.36918510974657,101692,398.7921568627451,26,255,255,1.187438928465149,111,111,322,0.02236111111111111,24,22,0.6098484848484849,71.0248447204969,61.22981366459627,0.10958333333333334,0.010416666666666666,0.028888888888888888,0.020972222222222222,0.016041666666666666,1,74.88646107855092,64.73239782873776,15.369640224809526,4.572891485625439,0.9547132311296723,-136.2867183839648,-1.5019268168059434,1.5019268168059434,0.027642292412382488,-10,-0.152708333333333,-2199,0.4126771913894832,335.3636363636364,16.50494541464757,7.079633838383839,0.4603599907707429
RHF_MPM_P23,356,0.0178,17.8,0,255,7.020694444444445,34.31848974542201,101098,396.4627450980392,24,255,255,1.171526183863271,111,111,323,0.022430555555555554,25,22,0.5872727272727273,71.09597523219814,61.294117647058826,0.10833333333333334,0.010277777777777778,0.029305555555555557,0.020902777777777777,0.01597222222222222,1,74.89132327049002,64.53431324061802,15.13830760442883,4.402618851843921,0.9567758515295893,-137.61794813041232,-1.5293729324180712,1.5293729324180712,0.029387327147915882,1,-0.04124999999999979,-594,0.19814425290938942,338.1818181818182,10.36443378112407,7.181010101010101,0.27686720762045
RHF_MPM_P23,357,0.01785,17.85,0,255,6.890208333333334,33.9466303140506,99219,389.09411764705885,24,255,255,1.1621287366712425,110,110,312,0.021666666666666667,23,22,0.616600790513834,70.78205128205128,61.07692307692308,0.10736111111111112,0.010208333333333333,0.028541666666666667,0.02034722222222222,0.015625,1,74.8008143601528,64.4626331650188,15.297352707391633,4.431397600596798,0.9571223576191404,-137.471892062384,-1.54323166529893,1.54323166529893,0.030145435854019895,-11,-0.13048611111111086,-1879,0.11545516917115776,336.09090909090907,12.823660982408086,7.21209595959596,0.21674832906915328
RHF_MPM_P23,358,0.0179,17.9,0,255,6.684583333333333,33.67270302475071,96258,377.4823529411765,23,255,255,1.125080566377262,111,111,309,0.021458333333333333,23,22,0.6106719367588933,70.67637540453075,60.84142394822006,0.10361111111111111,0.010069444444444445,0.027777777777777776,0.020069444444444445,0.015277777777777777,1,74.36724220324544,63.911809927486544,14.544378922669758,4.44665129284475,0.9521182896711582,-138.0648988663496,-1.62776277230987,1.62776277230987,0.028247002846516652,-3,-0.2056250000000004,-2961,0.7009929059917916,333.72727272727275,15.015694269002859,7.193623737373738,0.24974751879257304
RHF_MPM_P23,359,0.01795,17.95,0,255,6.551527777777777,33.319146737762686,94342,369.96862745098036,21,253,255,1.1006361166084597,108,108,307,0.021319444444444443,23,22,0.6067193675889329,70.68078175895765,60.82410423452769,0.10027777777777777,0.009722222222222222,0.02763888888888889,0.01972222222222222,0.014722222222222222,1,73.98911407432533,63.54785779398359,13.848428160670426,4.460483655314139,0.9467079865113268,-138.1891267297843,-1.5959408823982848,1.5959408823982848,0.02688092260075046,-2,-0.13305555555555593,-1916,0.5248257209417017,330.45454545454544,16.488914382719717,7.140580808080809,0.31101205143144933
RHF_MPM_P23,360,0.018,18.0,0,255,6.344791666666667,32.83104804798073,91365,358.29411764705884,21,252,255,1.068130506450573,111,111,294,0.020416666666666666,23,20,0.6391304347826087,70.421768707483,60.363945578231295,0.09659722222222222,0.009375,0.02652777777777778,0.019097222222222224,0.014305555555555556,1,73.6811908279976,63.082799759207575,13.271698126593247,4.558299526770259,0.9391672483204636,-138.3917872272673,-1.5219590252125883,1.5219590252125883,0.025644393367263176,-13,-0.2067361111111108,-2977,0.5577595372010572,325.1818181818182,17.963691571501474,7.044286616161616,0.3724478272030072
RHF_MPM_P23,361,0.01805,18.05,0,255,6.2120138888888885,32.54513076056124,89453,350.79607843137256,20,252,255,1.0340598749918564,110,110,290,0.02013888888888889,22,20,0.6590909090909091,70.25862068965517,60.241379310344826,0.09305555555555556,0.009097222222222222,0.02638888888888889,0.01888888888888889,0.014027777777777778,1,73.36254793019798,62.767654522486666,12.855357791802572,4.512334802960661,0.9363724199479937,-138.68375762976984,-1.5719744559433615,1.5719744559433615,0.02589069120096587,-4,-0.1327777777777781,-1912,0.44816271213256553,319.09090909090907,17.495217764523513,6.924659090909091,0.407570729824077
RHF_MPM_P23,362,0.0181,18.1,0,255,6.141527777777778,32.42102109399095,88438,346.8156862745098,20,251,255,1.0387708267743396,111,111,285,0.019791666666666666,22,19,0.6818181818181818,70.14035087719299,60.06315789473684,0.09381944444444444,0.008958333333333334,0.025972222222222223,0.01861111111111111,0.013958333333333333,1,73.24124245233949,62.5474456681517,12.669370242718754,4.623000697644097,0.9310483415979675,-138.93469136181534,-1.5304371666785221,1.5304371666785221,0.02671928356588797,-5,-0.07048611111111036,-1015,0.2514099411041504,313.54545454545456,17.75266247055321,6.806243686868687,0.4281553766601306
RHF_MPM_P23,363,0.01815,18.15,0,255,6.1085416666666665,32.355577989582116,87963,344.9529411764706,20,251,255,1.0225797378371535,111,111,282,0.019583333333333335,22,20,0.6409090909090909,70.03900709219859,60.0354609929078,0.09208333333333334,0.008958333333333334,0.025972222222222223,0.01861111111111111,0.013958333333333333,1,73.11474142537203,62.49546968611803,12.506461954622436,4.549996384647114,0.9314725403842113,-139.29579019713785,-1.565627133573768,1.565627133573768,0.027397883200891284,-3,-0.032986111111111605,-475,0.13676261379553628,308.45454545454544,18.037151742312492,6.689924242424243,0.42809705844345514
RHF_MPM_P23,364,0.0182,18.2,0,255,6.139375,32.4934515564878,88407,346.6941176470588,20,252,255,1.0268803977499597,111,111,286,0.01986111111111111,22,19,0.6842105263157895,70.16083916083916,60.00699300699301,0.09277777777777778,0.009097222222222222,0.025625,0.018472222222222223,0.014166666666666666,1,73.23364665693893,62.500107457554265,12.766773350979232,4.473830575098904,0.9365897990024528,-138.97945549996305,-1.6407959839328679,1.6407959839328679,0.027486511249109235,4,0.030833333333333712,444,0.11899564285247002,303.8181818181818,16.60130433987414,6.579078282828283,0.39733800284598647
RHF_MPM_P23,365,0.01825,18.25,0,255,6.06,32.25294792728255,87264,342.21176470588233,19,251,255,1.0198269171336043,111,111,284,0.01972222222222222,22,20,0.6454545454545455,69.84154929577464,59.78169014084507,0.09208333333333334,0.00875,0.025625,0.01840277777777778,0.014097222222222223,1,72.87667308397506,62.23350980931426,12.665049200626516,4.482295944033789,0.9352792328927579,-138.48647381023252,-1.6549782775908704,1.6549782775908704,0.027892372570590393,-2,-0.07937500000000064,-1143,0.44553836854045287,299.45454545454544,14.834625566642366,6.474109848484849,0.3669205517599431
RHF_MPM_P23,366,0.0183,18.3,0,255,5.983333333333333,32.34133277333443,86160,337.88235294117646,18,252,255,0.9887757618390671,112,112,282,0.019583333333333335,21,19,0.706766917293233,69.76950354609929,59.51418439716312,0.08930555555555555,0.008819444444444444,0.025208333333333333,0.018541666666666668,0.014166666666666666,1,72.454143454039,61.723885793871865,11.859627228292046,4.286610779630665,0.9323931764835579,-139.97749239872303,-1.7299223762385987,1.7299223762385987,0.02883008356545961,-2,-0.07666666666666622,-1104,0.662002964713559,295.8181818181818,13.723358864082682,6.376054292929293,0.33985101926244105
RHF_MPM_P23,367,0.01835,18.35,0,11,0.017083333333333332,0.3148850650104998,246,22.363636363636363,0,0,6,0.052317479065114234,2,8,8,0.0005555555555555556,31,98,0.0026333113890717576,98.125,66.125,0.0042361111111111115,0.0,0.0,0.0,0.0,0,87.91056910569105,60.03252032520325,32.782455117535804,25.1501336633976,0.6414285985814357,102.04131463970347,-0.3368138213386769,0.3368138213386769,0.0,-274,-5.9662500000000005,-85914,15.548691619350235,267.1818181818182,82.65571330615181,5.739362373737373,1.8298607500091122
RHF_MPM_P23,368,0.0184,18.4,0,255,3.1434027777777778,22.327065154675015,45265,177.50980392156862,1,100,255,0.634900099760257,103,103,141,0.009791666666666667,17,13,0.6380090497737556,63.730496453900706,54.94326241134752,0.05291666666666667,0.003611111111111111,0.014166666666666666,0.00875,0.006111111111111111,1,62.39160499282006,53.545675466696125,7.787870184753673,5.017033266425882,0.7648476438716165,-143.29390567995242,0.6586044568054024,0.6586044568054024,0.012725063514856954,133,3.1263194444444444,45019,26.330527636421152,251.63636363636363,88.62923048220473,5.398743686868687,1.9299227921795157
RHF_MPM_P23,369,0.01845,18.45,0,255,6.707291666666666,29.39350036144494,96585,378.7647058823529,37,188,255,1.3477644931216357,97,97,277,0.01923611111111111,28,29,0.3411330049261084,58.92057761732852,49.17328519855596,0.12270833333333334,0.005902777777777778,0.02784722222222222,0.015277777777777777,0.009375,1,51.56755189729254,43.41494020810685,19.341211418603063,4.609780519741637,0.9711818255583349,-140.8457768294886,0.8496584014758727,0.8496584014758727,0.01569601905057721,136,3.5638888888888887,51320,14.825381016838076,248.72727272727272,87.21247920410026,5.40080808080808,1.931308768722323
RHF_MPM_P23,370,0.0185,18.5,0,255,6.983055555555556,31.017696411300115,100556,394.33725490196076,39,226,255,1.3274765850784924,114,114,219,0.015208333333333334,17,18,0.7156862745098039,61.662100456621005,52.35616438356164,0.12083333333333333,0.007430555555555556,0.035069444444444445,0.014513888888888889,0.01138888888888889,1,51.997901666732965,41.13805242849755,21.62759518140411,4.859715242760774,0.9744280486995016,47.53238516128837,-0.850099988307929,0.850099988307929,0.01989935956084172,-58,0.27576388888888914,3971,2.317200657041073,240.72727272727272,85.51989764120384,5.440037878787879,1.9584760231174863
RHF_MPM_P23,371,0.01855,18.55,0,255,6.093472222222222,31.04352476137882,87746,344.10196078431375,26,245,255,1.121582849852658,110,110,258,0.017916666666666668,20,19,0.6789473684210526,61.104651162790695,51.98062015503876,0.10159722222222223,0.008055555555555555,0.02298611111111111,0.016666666666666666,0.012986111111111111,1,56.375538486084835,46.171415221206665,17.29313787186445,4.651258525341416,0.9631497947435931,48.58634135800728,-1.4925847664839698,1.4925847664839698,0.03298156041301028,39,-0.8895833333333334,-12810,6.670715488249641,237.45454545454547,84.09557726600418,5.417190656565656,1.9492321737193528
RHF_MPM_P23,372,0.0186,18.6,0,255,6.90125,34.22147593404128,99378,389.7176470588235,24,255,255,1.1447686471695158,109,109,325,0.022569444444444444,25,21,0.6190476190476191,59.378461538461536,50.87692307692308,0.10430555555555555,0.010069444444444445,0.02798611111111111,0.021041666666666667,0.01597222222222222,1,56.41122783714705,47.087353337760874,16.081862318333336,4.979690717067809,0.9508517808201572,46.12946519193298,-1.8162882747222384,1.8162882747222384,0.052204713316830686,67,0.8077777777777779,11632,0.9166331671590949,240.63636363636363,86.64690387090138,5.479848484848485,1.9845326645651618
RHF_MPM_P23,373,0.01865,18.65,0,255,7.187222222222222,35.54328469244781,103496,405.8666666666667,24,255,255,1.0691613182319464,105,105,375,0.026041666666666668,29,24,0.5387931034482759,57.904,49.584,0.09527777777777778,0.010277777777777778,0.03243055555555555,0.023541666666666666,0.016805555555555556,1,56.79967341733014,48.27005874623174,12.87649952818023,4.658521526349325,0.932261644728363,-140.16860150836573,1.494506662931994,1.494506662931994,0.04204027208781016,50,0.28597222222222207,4118,1.244862262256357,248.8181818181818,94.35601650790304,5.574911616161616,2.038269485887112
RHF_MPM_P23,374,0.0187,18.7,0,255,7.373194444444445,35.816886199357796,106174,416.3686274509804,27,255,255,1.0795658273303543,109,109,364,0.025277777777777777,30,26,0.4666666666666667,58.293956043956044,49.95054945054945,0.09569444444444444,0.010763888888888889,0.033541666666666664,0.023333333333333334,0.017083333333333332,1,56.48932883756852,48.055380790023925,13.79024450410995,4.534406254297744,0.9443951869366183,-139.904576885365,1.5706290989963803,1.5706290989963803,0.036167046546235426,-11,0.18597222222222243,2678,0.3773597528473067,256.27272727272725,99.76708412287172,5.6898800505050495,2.099862169025068
RHF_MPM_P23,375,0.01875,18.75,0,255,7.921180555555556,37.0435568883392,114065,447.3137254901961,32,255,255,1.2053815705722148,110,110,383,0.026597222222222223,29,25,0.5282758620689655,58.18798955613577,50.0313315926893,0.10986111111111112,0.011944444444444445,0.034305555555555554,0.024305555555555556,0.018680555555555554,1,55.633989392013326,47.50006575198352,15.171179960656705,4.648558931662568,0.9519005312303742,-140.10825694661702,1.7445596370220444,1.7445596370220444,0.035865515276377505,19,0.5479861111111113,7891,1.0197942726827236,265.09090909090907,106.09125963952367,5.851862373737373,2.194863169243324
RHF_MPM_P23,376,0.0188,18.8,0,255,7.815138888888889,36.89288728095369,112538,441.3254901960784,30,255,255,1.149519927002516,108,108,394,0.02736111111111111,31,26,0.48883374689826303,57.90609137055838,49.79187817258883,0.10319444444444445,0.01138888888888889,0.034513888888888886,0.02486111111111111,0.018194444444444444,1,56.25030656311646,48.09020064333825,13.308616017461354,4.546770862213206,0.9398304770526786,-140.26539341044293,1.2379095553729502,1.2379095553729502,0.014190762231424053,11,-0.10604166666666703,-1527,0.8532913016026988,275.09090909090907,112.39900884831079,6.011420454545455,2.266811025117281
RHF_MPM_P23,377,0.01885,18.85,0,255,7.740069444444444,36.56474478382542,111457,437.0862745098039,30,255,255,1.1707374952702203,109,109,378,0.02625,30,25,0.504,58.592592592592595,50.24338624338624,0.10541666666666667,0.011180555555555555,0.03375,0.024027777777777776,0.018194444444444444,1,56.46629641924689,48.268237975183254,13.039223233989237,4.567238886316515,0.93664905676377,-139.9513530819695,0.9804606242867954,0.9804606242867954,0.017343011206115363,-16,-0.07506944444444485,-1081,0.2799087520634734,283.8181818181818,116.25740889924798,6.171123737373739,2.3204552135581107
RHF_MPM_P23,378,0.0189,18.9,0,255,7.392569444444445,35.01295574193707,106453,417.4627450980392,30,255,255,1.2059558506422396,106,106,361,0.025069444444444443,30,24,0.5013888888888889,58.88642659279778,50.46537396121884,0.10923611111111112,0.010069444444444445,0.03201388888888889,0.022222222222222223,0.016180555555555556,1,56.14630869961391,47.917710163170604,14.291932200364018,4.551488436785499,0.9479344260918923,-139.28579154370078,1.1264218460591686,1.1264218460591686,0.01935126299869426,-17,-0.34749999999999925,-5004,0.4746176226292998,315.90909090909093,78.17632115981567,6.841622474747475,1.2757920383097971
RHF_MPM_P23,379,0.01895,18.95,0,255,6.438611111111111,32.17010747165223,92716,363.59215686274507,25,244,255,1.0677508798896511,104,104,312,0.021666666666666667,29,25,0.4303448275862069,59.467948717948715,51.20192307692308,0.09430555555555556,0.0077083333333333335,0.02847222222222222,0.018958333333333334,0.012986111111111111,1,56.2515207731136,48.16695068812287,14.809607431816321,4.072069499138396,0.9614552832545262,-139.3798500160566,1.260559129387906,1.260559129387906,0.021582035463134735,-49,-0.9539583333333335,-13737,0.27053727966508273,331.45454545454544,55.588363132066405,7.141186868686869,0.556168770988194
RHF_MPM_P23,380,0.019,19.0,0,255,6.049652777777778,30.998471622565393,87115,341.62745098039215,23,240,255,1.1019466773692619,109,109,266,0.018472222222222223,23,21,0.5507246376811594,61.26315789473684,52.52255639097744,0.09993055555555555,0.007569444444444445,0.025625,0.017083333333333332,0.012638888888888889,1,56.67159501807955,48.24704126729036,15.63921503103204,4.215679491814368,0.9629840849688058,-138.3723379265058,1.4626128824697933,1.4626128824697933,0.02825001434884922,-46,-0.3889583333333331,-5601,0.4276410552731115,330.45454545454544,56.64781731551155,7.081401515151516,0.6300378900479978
RHF_MPM_P23,381,0.01905,19.05,0,255,5.976944444444444,31.16913130356917,86068,337.52156862745096,21,244,255,1.0922063945160407,109,109,270,0.01875,23,20,0.5869565217391305,61.36666666666667,52.56666666666667,0.1,0.007847222222222222,0.02388888888888889,0.017291666666666667,0.012986111111111111,1,57.088046660779845,48.609982804294276,15.644271909395979,4.359119105910578,0.9603956370015836,-138.91251787465563,1.6576574538475803,1.6576574538475803,0.03235813542780128,4,-0.07270833333333382,-1047,0.552411558523658,335.09090909090907,48.89219038856549,6.989936868686868,0.7061132453625992
RHF_MPM_P23,382,0.0191,19.1,0,255,5.684444444444445,30.615240072410966,81856,321.00392156862745,18,239,255,1.0418548831157242,108,108,267,0.018541666666666668,23,20,0.5804347826086956,61.43445692883895,52.6816479400749,0.09465277777777778,0.007291666666666667,0.02361111111111111,0.01673611111111111,0.012361111111111111,1,57.894473221266615,49.39209098905395,14.733016543061595,4.275244275428209,0.956971722082159,-138.411038564552,1.8611345872482292,1.8611345872482292,0.032935887412040656,-3,-0.29249999999999954,-4212,1.1233953044795009,335.90909090909093,47.65492351832274,6.952752525252526,0.7609806619255917
RHF_MPM_P23,383,0.01915,19.15,0,255,5.5136111111111115,30.52033626696739,79396,311.35686274509806,16,237,255,0.985557163423051,108,108,265,0.01840277777777778,23,20,0.5760869565217391,61.577358490566034,52.61132075471698,0.08909722222222222,0.007430555555555556,0.023541666666666666,0.016666666666666666,0.012430555555555556,1,58.87189530958739,50.07373167413976,13.36767279112603,4.365629112073884,0.9451691877917856,-138.28794484825292,2.0077240768552924,2.0077240768552924,0.03156330293717568,-2,-0.1708333333333334,-2460,1.1916324778645433,330.45454545454544,51.84130265682977,6.826603535353536,0.8667301929815141
RHF_MPM_P23,384,0.0192,19.2,0,255,5.363680555555556,29.945882211975494,77237,302.89019607843136,16,226,255,0.970435706732383,105,105,263,0.01826388888888889,23,21,0.5445134575569358,61.741444866920155,52.67300380228137,0.08722222222222223,0.006805555555555555,0.02326388888888889,0.015902777777777776,0.01173611111111111,1,58.949493118583064,50.0905136139415,13.37738615295273,4.267837618383701,0.9477433559791454,-137.61986993432546,1.9874465350716928,1.9874465350716928,0.03209601615805896,-2,-0.14993055555555568,-2159,0.07939177201976866,320.27272727272725,53.07643015516896,6.660827020202021,0.952090089628269
RHF_MPM_P23,385,0.01925,19.25,0,255,5.117569444444444,29.336256903231526,73693,288.9921568627451,14,219,255,0.9335474713640008,104,104,254,0.017638888888888888,23,20,0.5521739130434783,61.89763779527559,53.02755905511811,0.08263888888888889,0.006458333333333333,0.0225,0.015347222222222222,0.01125,1,59.75967866690188,50.75961081785244,11.910433012601365,4.538498752627986,0.9245534542085339,-137.4991944666944,1.9448657123779234,1.9448657123779234,0.025131287910656372,-9,-0.2461111111111114,-3544,1.050757674721479,310.27272727272725,54.24538674828556,6.455770202020202,1.0172546047149749
RHF_MPM_P23,386,0.0193,19.3,0,255,5.011666666666667,29.201950134651394,72168,283.01176470588234,14,222,255,0.8931252935928,107,107,246,0.017083333333333332,22,19,0.5885167464114832,62.207317073170735,53.32520325203252,0.07854166666666666,0.006458333333333333,0.021666666666666667,0.014930555555555556,0.011180555555555555,1,60.26288659793814,51.356529209621996,10.809333859230481,4.51399387604475,0.9086302875057258,-137.4811872548487,1.8049452738459288,1.8049452738459288,0.018969626427225363,-8,-0.10590277777777768,-1525,0.7807238873574647,297.8181818181818,51.78946572741004,6.191268939393939,0.979392838738008
RHF_MPM_P23,387,0.01935,19.35,0,255,5.020763888888889,29.485658933620723,72299,283.5254901960784,14,226,255,0.8554890216779545,106,106,251,0.017430555555555557,22,19,0.6004784688995215,62.103585657370516,53.167330677290835,0.07444444444444444,0.006736111111111111,0.021805555555555557,0.015347222222222222,0.011458333333333333,1,60.60938602193668,51.647961935849736,9.772351758165255,4.508571714024422,0.8872130504909048,-136.97101736078417,1.4298688815717346,1.4298688815717346,0.01828517683508762,5,0.009097222222222534,131,0.4527636080206212,284.8181818181818,43.25992935273133,5.937234848484849,0.8828968644537676
RHF_MPM_P23,388,0.0194,19.4,0,255,5.09,29.884773343255887,73296,287.43529411764706,13,232,255,0.8392708133105224,107,107,258,0.017916666666666668,22,20,0.5863636363636363,61.96511627906977,52.91085271317829,0.07277777777777777,0.006736111111111111,0.022916666666666665,0.016041666666666666,0.011944444444444445,1,60.805446409080986,51.812691006330496,9.293129413588371,4.499456220047944,0.8749738444981031,-136.73224174036002,1.213615910261922,1.213615910261922,0.01656297751582624,7,0.06923611111111061,997,0.25607682844925816,273.90909090909093,32.06939788944806,5.696319444444444,0.7008908203811466
RHF_MPM_P23,389,0.01945,19.45,0,255,5.1554166666666665,30.217473533881577,74238,291.1294117647059,13,234,255,0.8149515708020306,106,106,263,0.01826388888888889,22,20,0.5977272727272728,61.851711026615966,52.79087452471483,0.07013888888888889,0.007152777777777778,0.02326388888888889,0.016319444444444445,0.012152777777777778,1,60.816576416390525,51.65188986772273,9.187666585392847,4.4038036941330025,0.8776419129126758,-136.4997758596945,1.143009501016807,1.143009501016807,0.014817209515342548,5,0.06541666666666668,942,0.1611858655101758,265.0,16.442738104209905,5.49294191919192,0.4635880342003882
RHF_MPM_P23,390,0.0195,19.5,0,255,5.095347222222222,30.003062445847707,73373,287.7372549019608,12,234,255,0.7971324127722901,105,105,257,0.017847222222222223,21,20,0.611904761904762,62.13618677042802,52.91828793774319,0.06819444444444445,0.007222222222222222,0.023125,0.016180555555555556,0.012083333333333333,1,61.03033813528137,51.67548008122879,9.085399775027977,4.381792787755649,0.8760119015616304,-136.12268139551276,1.0841850573728697,1.0841850573728697,0.013901571422730432,-6,-0.06006944444444429,-865,0.2150594583747239,260.0,7.096734204099542,5.370827020202021,0.3647927566561178
RHF_MPM_P23,391,0.01955,19.55,0,255,5.005,29.74641159497693,72072,282.63529411764705,12,231,255,0.7785428605564141,108,108,251,0.017430555555555557,20,20,0.6275,62.354581673306775,53.05179282868526,0.06638888888888889,0.006875,0.0225,0.015833333333333335,0.01173611111111111,1,61.32381507381508,51.74354811854812,8.822155459503287,4.626646929552632,0.8514504981793635,45.1741173896663,-1.0330071295563639,1.0330071295563639,0.014332889332889332,-6,-0.09034722222222236,-1301,0.30126727528163944,258.6363636363636,7.25224388188332,5.275858585858587,0.3071314893449884
RHF_MPM_P23,392,0.0196,19.6,0,255,4.961597222222222,29.73937224182397,71447,280.1843137254902,11,230,255,0.7638868701075936,107,107,252,0.0175,20,20,0.63,62.20634920634921,53.023809523809526,0.0648611111111111,0.007013888888888889,0.02236111111111111,0.015833333333333335,0.011597222222222222,1,61.23931025795345,51.7861771662911,8.708197075542481,4.463781350383768,0.8586303072338187,-135.19728756333225,1.0053802215421197,1.0053802215421197,0.014864165045418282,1,-0.04340277777777768,-625,0.0946482943072969,257.0,6.494753127087909,5.183554292929293,0.22383946872714397
RHF_MPM_P23,393,0.01965,19.65,0,255,4.945486111111111,29.799601748127937,71215,279.27450980392155,10,231,255,0.7528853424900128,104,104,256,0.017777777777777778,21,20,0.6095238095238096,62.19921875,52.9921875,0.06395833333333334,0.006875,0.0225,0.015902777777777776,0.011805555555555555,1,61.508628800112334,51.954630344730745,8.483453914115552,4.48739990302284,0.8486473360529168,-135.16014290769667,0.9220368765842472,0.9220368765842472,0.014280699290879731,4,-0.016111111111110965,-232,0.3176616918625964,256.0,5.6729020952082525,5.116376262626263,0.1671387380592842
RHF_MPM_P23,394,0.0197,19.7,0,255,4.9435416666666665,29.725586504090256,71187,279.16470588235296,10,230,255,0.7562062880990528,108,108,251,0.017430555555555557,20,20,0.6275,62.27091633466136,53.11553784860558,0.06416666666666666,0.006805555555555555,0.022430555555555554,0.015694444444444445,0.01173611111111111,1,61.38151628808631,51.99067245424024,8.583238213456085,4.437556909439887,0.8559837959852089,-135.198634550415,1.0071731887266517,1.0071731887266517,0.013302990714596766,-5,-0.0019444444444447484,-28,0.1321235193728219,254.72727272727272,5.046887593375276,5.064551767676768,0.11670539717433566
RHF_MPM_P23,395,0.01975,19.75,0,255,4.962083333333333,29.769791849639006,71454,280.21176470588233,10,228,255,0.7600023391246264,107,107,255,0.017708333333333333,21,20,0.6071428571428571,62.12549019607843,52.96862745098039,0.06451388888888888,0.006666666666666667,0.022916666666666665,0.015833333333333335,0.011597222222222222,1,61.33476082514625,51.765821367593134,8.611692890704918,4.3936201590449535,0.8600603045222054,46.10668713700311,-0.8671788819230446,0.8671788819230446,0.01452682844907213,4,0.01854166666666668,267,0.22966080310127837,254.0,4.327501903786147,5.028042929292929,0.07146616951923092
RHF_MPM_P23,396,0.0198,19.8,0,255,4.815833333333333,29.074771411636043,69348,271.9529411764706,10,218,255,0.7552441886944139,105,105,248,0.017222222222222222,21,20,0.5904761904761905,62.181451612903224,53.153225806451616,0.06381944444444444,0.006388888888888889,0.022291666666666668,0.01513888888888889,0.011180555555555555,1,61.5485089692565,51.96449789467613,8.51284200169819,4.474218977372676,0.8507413172326787,-136.81890727584988,0.8554036487594195,0.8554036487594195,0.014261406240987484,-7,-0.1462500000000002,-2106,0.29182294550692617,253.45454545454547,4.658591991025076,5.000612373737374,0.08786491376822614
RHF_MPM_P23,397,0.01985,19.85,0,255,4.797083333333333,29.130233289368903,69078,270.8941176470588,12,226,255,0.7616116800039692,109,109,235,0.016319444444444445,19,17,0.7275541795665634,63.08085106382979,53.808510638297875,0.06520833333333333,0.006944444444444444,0.021041666666666667,0.01513888888888889,0.01138888888888889,1,62.04134456701121,52.580039954833666,8.293181305487364,4.47187570533219,0.8421628986811863,-138.3939952792834,1.0302544806002816,1.0302544806002816,0.01735719042242103,-13,-0.018749999999999822,-270,0.7885296153203272,252.45454545454547,6.827266674734032,4.981104797979798,0.10533002077918793
RHF_MPM_P23,398,0.0199,19.9,0,255,4.9,29.883228759809587,70560,276.70588235294116,11,235,255,0.7504094385870597,107,107,248,0.017222222222222222,19,18,0.7251461988304093,62.99596774193548,53.556451612903224,0.06444444444444444,0.007361111111111111,0.021319444444444443,0.015902777777777776,0.012083333333333333,1,62.42236394557823,53.038718820861675,7.4000329537854554,4.359693692165976,0.8080272059432275,-137.27791034012694,0.6704250719833906,0.6704250719833906,0.019926303854875285,13,0.10291666666666721,1482,0.5962902556510062,252.1818181818182,6.938930777185957,4.970126262626263,0.10690602508354409
RHF_MPM_P23,399,0.01995,19.95,0,12,0.01965277777777778,0.3591500637973176,283,23.583333333333332,0,0,7,0.05607712762819132,3,8,10,0.0006944444444444445,32,101,0.003094059405940594,95.2,54.8,0.0045138888888888885,0.0,0.0,0.0,0.0,0,86.66077738515901,55.20494699646643,30.595929852996097,23.05762916392015,0.6573131784264871,96.56743977521464,-0.020571820311337554,0.020571820311337554,0.0,-238,-4.880347222222222,-70277,24.335020661113766,229.63636363636363,69.77662115281974,4.509185606060606,1.4232295768887355
RHF_MPM_P23,400,0.02,20.0,0,255,3.29375,22.17085711879323,47430,186.0,10,93,255,0.788632414554914,107,107,132,0.009166666666666667,13,12,0.8461538461538461,66.46212121212122,57.446969696969695,0.06923611111111111,0.0031944444444444446,0.012638888888888889,0.008333333333333333,0.00625,1,69.27115749525616,59.33510436432638,10.172159703196833,5.214721179181031,0.8585998228248715,-142.00957703945693,-0.9740365843297119,0.9740365843297119,0.022707147375079065,122,3.274097222222222,47147,17.873362296965627,217.72727272727272,74.11059415015681,4.339943181818182,1.4468147730549241
RHF_MPM_P23,401,0.02005,20.05,0,255,4.935694444444445,25.934247055796327,71074,278.721568627451,24,149,255,1.0540588457594042,102,102,195,0.013541666666666667,25,19,0.4105263157894737,69.82564102564102,59.774358974358975,0.09368055555555556,0.004791666666666666,0.020277777777777777,0.011041666666666667,0.00798611111111111,1,77.81301179052818,65.61431747193066,18.835876886837582,4.09853073073815,0.9760398793756653,-141.92919994497186,-1.1742085373576343,1.1742085373576343,0.010186566114190844,63,1.6419444444444444,23644,10.601499519047598,212.0909090909091,73.26223701130635,4.325429292929293,1.4399485465180615
RHF_MPM_P23,402,0.0201,20.1,0,255,5.733194444444444,28.491537404717445,82558,323.75686274509803,30,191,255,1.0917694087128273,111,111,201,0.013958333333333333,17,18,0.6568627450980392,69.14427860696517,59.73134328358209,0.09652777777777778,0.006458333333333333,0.024652777777777777,0.012916666666666667,0.009791666666666667,1,78.24281111461033,66.40273504687613,18.25267297398738,4.332167809276881,0.9714255943511462,-143.39788135377034,-0.9473761065004577,0.9473761065004577,0.005038881755856489,6,0.7974999999999994,11484,0.8979586468565086,207.54545454545453,72.25128326807973,4.391628787878788,1.4856816695094084
RHF_MPM_P23,403,0.02015,20.15,0,255,5.869583333333333,30.045734904267192,84522,331.45882352941175,29,237,255,1.0665862473392484,112,112,234,0.01625,20,19,0.6157894736842106,70.08974358974359,60.46153846153846,0.09527777777777778,0.007569444444444445,0.02236111111111111,0.01513888888888889,0.011597222222222222,1,77.22356309599867,66.48586166915123,19.56908432337287,4.076901213724995,0.9780577887441321,-138.4654217547097,-1.3958178950600622,1.3958178950600622,0.01194955159603417,33,0.1363888888888889,1964,1.022632171787426,205.9090909090909,71.42504595786161,4.474172979797979,1.5393117380754424
RHF_MPM_P23,404,0.0202,20.2,0,255,5.534097222222222,30.384971223753457,79691,312.51372549019607,20,238,255,0.9430069811366129,109,109,255,0.017708333333333333,21,20,0.6071428571428571,70.32549019607843,60.73725490196078,0.08305555555555555,0.008055555555555555,0.02340277777777778,0.01597222222222222,0.012083333333333333,1,73.92499780401802,63.56256038950446,14.832058475877059,4.297771607950505,0.9570986367676235,-138.10590738786505,-1.9532041156789077,1.9532041156789077,0.04142249438456037,21,-0.33548611111111093,-4831,4.407518957082755,205.8181818181818,71.36184132079423,4.527683080808081,1.5647855963696293
RHF_MPM_P23,405,0.02025,20.25,0,255,5.770763888888889,31.794702008437863,83099,325.878431372549,17,250,255,0.8869598212044314,107,107,285,0.019791666666666666,22,22,0.5888429752066116,70.71228070175438,61.13333333333333,0.07708333333333334,0.00875,0.025347222222222222,0.017777777777777778,0.013333333333333334,1,72.46362772115188,62.447646782753104,10.32581590792297,4.444979292083623,0.9026037159947442,-135.72464351439757,-1.2042044945733164,1.2042044945733164,0.023586324745183455,30,0.23666666666666725,3408,1.838106327070202,208.9090909090909,73.94156728052785,4.602885101010101,1.602390156166827
RHF_MPM_P23,406,0.0203,20.3,0,255,6.313402777777778,33.15092446053006,90913,356.52156862745096,20,253,255,0.9735384425726721,107,107,320,0.022222222222222223,25,25,0.512,71.496875,61.95,0.08576388888888889,0.009097222222222222,0.027916666666666666,0.02,0.014652777777777778,1,73.11366911222818,63.07319085279333,10.894706103992716,4.565399702257529,0.907964297820099,-136.25468186980135,-1.0718385059030324,1.0718385059030324,0.020481119311869588,35,0.5426388888888889,7814,0.9021414488177031,214.8181818181818,79.75738003107604,4.7257323232323225,1.675357162754734
RHF_MPM_P23,407,0.02035,20.35,0,255,6.542222222222223,33.53924352415897,94208,369.44313725490196,22,253,255,1.0026296070400844,108,108,321,0.022291666666666668,25,25,0.5136,71.4392523364486,61.84735202492212,0.08819444444444445,0.009097222222222222,0.029583333333333333,0.020277777777777777,0.014722222222222222,1,73.33499278192934,63.37339716372283,11.362848559409935,4.428149614384901,0.920940090208463,-135.78413278739242,-0.9674807513765747,0.9674807513765747,0.01554008152173913,1,0.22881944444444446,3295,0.3729718432963639,221.45454545454547,85.10032970384121,4.8826767676767675,1.7553970819053213
RHF_MPM_P23,408,0.0204,20.4,0,255,6.828402777777778,34.15729442925272,98329,385.60392156862747,26,254,255,1.047771257791548,110,110,322,0.02236111111111111,24,23,0.5833333333333334,71.2080745341615,61.46583850931677,0.09270833333333334,0.009930555555555555,0.029513888888888888,0.020763888888888887,0.015486111111111112,1,73.8253109459061,63.71494676036571,12.081163020482775,4.455622553440661,0.9295058297874504,-136.57452718169014,-1.0649755485834125,1.0649755485834125,0.014278595327929706,1,0.2861805555555552,4121,0.5975516955816048,229.36363636363637,89.89920894309938,5.067342171717171,1.8414178606126594
RHF_MPM_P23,409,0.02045,20.45,0,255,6.976875,34.6188665840999,100467,393.98823529411766,27,255,255,1.0739111331107445,108,108,333,0.023125,25,23,0.5791304347826087,71.48948948948949,61.666666666666664,0.09597222222222222,0.010277777777777778,0.028958333333333332,0.021527777777777778,0.01625,1,74.02681477500074,63.75092318870873,12.48550095829934,4.635840343145149,0.9285137942284548,-136.53891931369142,-1.1394401784947743,1.1394401784947743,0.01979754546268924,11,0.1484722222222219,2138,0.20469024533701027,237.0909090909091,94.69420117165141,5.25614898989899,1.9194033440951421
RHF_MPM_P23,410,0.0205,20.5,0,255,6.988888888888889,34.60407432480377,100640,394.6666666666667,27,255,255,1.0949184925061721,112,112,324,0.0225,25,23,0.5634782608695652,71.39506172839506,61.51543209876543,0.09868055555555555,0.010416666666666666,0.029027777777777777,0.021458333333333333,0.016319444444444445,1,74.25205683624802,63.93848370429253,13.051066916820908,4.54522740752128,0.9373961907947791,-136.51270092723428,-1.198191454996572,1.198191454996572,0.023002782193958664,-9,0.012013888888889213,173,0.2931090806525442,265.6363636363636,64.42511188443768,5.889715909090909,1.0309403781593927
RHF_MPM_P23,411,0.02055,20.55,0,255,7.091319444444444,34.68320810778546,102115,400.45098039215685,27,255,255,1.1308950613645845,110,110,327,0.022708333333333334,25,23,0.568695652173913,71.48012232415903,61.56880733944954,0.1025,0.010486111111111111,0.029722222222222223,0.021388888888888888,0.016319444444444445,1,74.64967928316115,64.35982960387798,13.775966791932804,4.516298085601097,0.9447336354919128,-136.09669261477396,-1.2846425541331306,1.2846425541331306,0.023855457082700877,3,0.10243055555555536,1475,0.5793409854193488,283.3636363636364,50.54839755984129,6.234949494949495,0.6799052229855357
RHF_MPM_P23,412,0.0206,20.6,0,255,7.168958333333333,34.73553448357136,103233,404.83529411764704,28,255,255,1.160999226629519,111,111,327,0.022708333333333334,25,23,0.568695652173913,71.4434250764526,61.49235474006116,0.10604166666666667,0.010694444444444444,0.029236111111111112,0.021388888888888888,0.01638888888888889,1,74.97999670647951,64.55103503724584,14.467870987401563,4.483221768843171,0.9507775250673131,-136.5157654020563,-1.3537247476815304,1.3537247476815304,0.025059816144062462,0,0.07763888888888903,1118,0.381666238875109,295.3636363636364,43.29449414348776,6.437973484848484,0.588981008597191
RHF_MPM_P23,413,0.02065,20.65,0,255,7.225208333333334,34.81056737042707,104043,408.01176470588234,27,255,255,1.183987876442166,111,111,331,0.02298611111111111,25,23,0.5756521739130435,71.5166163141994,61.47129909365559,0.10854166666666666,0.010486111111111111,0.030208333333333334,0.021458333333333333,0.016319444444444445,1,75.2161798487164,64.6279326816797,14.833756536892903,4.503309880611888,0.9528042758326403,-137.15783139768777,-1.3672487532721052,1.3672487532721052,0.02552790673087089,4,0.056250000000000355,810,0.2483862403523254,307.1818181818182,32.25979254235887,6.573611111111111,0.5828251649591428
RHF_MPM_P23,414,0.0207,20.7,0,255,7.138263888888889,34.541436183989,102791,403.10196078431375,26,255,255,1.1857613725455016,111,111,324,0.0225,25,23,0.5634782608695652,71.37345679012346,61.3179012345679,0.10888888888888888,0.010208333333333333,0.030069444444444444,0.020902777777777777,0.015694444444444445,1,75.12367814302809,64.42456051599848,14.757074475797245,4.507971831597925,0.9521989118783827,-137.67990943230842,-1.4213469634488443,1.4213469634488443,0.026364175851971476,-7,-0.08694444444444471,-1252,0.22342068688712355,315.3636363636364,22.640561859687004,6.688945707070707,0.5570532690619633
RHF_MPM_P23,415,0.02075,20.75,0,255,7.188819444444444,34.633018124899564,103519,405.956862745098,26,255,255,1.1964343996623994,110,110,332,0.023055555555555555,26,24,0.532051282051282,71.51807228915662,61.373493975903614,0.11,0.010416666666666666,0.030694444444444444,0.021319444444444443,0.01597222222222222,1,75.16097527990031,64.3687245819608,14.794489680616405,4.511460648708444,0.9523709373653149,-137.83933441217852,-1.362509674075603,1.362509674075603,0.02614012886523247,8,0.050555555555555465,728,0.06714706210047501,322.3636363636364,12.550065028971163,6.839375000000001,0.43491606575550246
RHF_MPM_P23,416,0.0208,20.8,0,255,7.166388888888889,34.559547374606254,103196,404.69019607843137,28,255,255,1.1823762834323972,112,112,322,0.02236111111111111,25,22,0.5854545454545454,71.1583850931677,60.9472049689441,0.10819444444444444,0.010694444444444444,0.029722222222222223,0.020694444444444446,0.015902777777777776,1,75.19349587193302,64.3565060661266,15.112165303200154,4.470315223178902,0.955247092353268,-137.5742776736167,-1.4499234830371912,1.4499234830371912,0.025378890654676536,-10,-0.022430555555555287,-323,0.03474019336947852,325.72727272727275,4.391953574247696,6.96625,0.28100635412353253
RHF_MPM_P23,417,0.02085,20.85,0,255,7.014305555555556,34.12934857626159,101006,396.10196078431375,27,255,255,1.167071732672957,110,110,318,0.022083333333333333,25,22,0.5781818181818181,71.09119496855345,60.85849056603774,0.10673611111111111,0.010138888888888888,0.029097222222222222,0.020416666666666666,0.015555555555555555,1,75.1160228105261,64.27081559511316,15.265208777433227,4.428071045451814,0.957003605607327,-137.46909931704676,-1.5008330969922787,1.5008330969922787,0.026523176840979743,-4,-0.15208333333333357,-2190,0.11552026690700153,325.54545454545456,4.658591991025076,7.029968434343434,0.19070436302996693
RHF_MPM_P23,418,0.0209,20.9,0,255,6.858055555555556,33.65718293152002,98756,387.278431372549,26,254,255,1.16475418428108,111,111,307,0.021319444444444443,24,21,0.6091269841269841,70.7785016286645,60.615635179153095,0.10666666666666667,0.009930555555555555,0.02798611111111111,0.020069444444444445,0.015,1,74.96405281704403,64.09561950666289,15.235354837074766,4.456111672573263,0.9562701326032276,-137.6452771107748,-1.4913166064952679,1.4913166064952679,0.027927417068330025,-11,-0.15625,-2250,0.23192358294752558,324.27272727272725,7.0335676850489826,7.058680555555555,0.1288547880263144
RHF_MPM_P23,419,0.02095,20.95,0,255,6.686041666666667,32.99134944948848,96279,377.56470588235294,25,250,255,1.1550024732226478,109,109,298,0.020694444444444446,23,21,0.6169772256728778,70.56375838926175,60.38926174496644,0.10569444444444444,0.009236111111111112,0.02798611111111111,0.019375,0.014444444444444444,1,75.0146449381485,64.16290156731998,15.487561378492533,4.3779528487796835,0.9592156219715203,-137.4756747405809,-1.5140436532393993,1.5140436532393993,0.02888480353971271,-9,-0.17201388888888847,-2477,0.0841809860010812,322.09090909090907,10.343680947186552,7.0457386363636365,0.15568866980097654
RHF_MPM_P23,420,0.021,21.0,0,255,6.420555555555556,32.20487919765889,92456,362.57254901960783,23,249,255,1.1496136725027335,108,108,289,0.020069444444444445,22,20,0.6568181818181819,70.33910034602076,60.16955017301038,0.10527777777777778,0.00875,0.02652777777777778,0.01861111111111111,0.013541666666666667,1,74.68693216232586,63.883003807216404,15.480117578947187,4.403896587822446,0.9586798140733546,-137.10984967896667,-1.5537669090654818,1.5537669090654818,0.02912736869429783,-9,-0.26548611111111153,-3823,0.43097380378438527,318.09090909090907,13.405931831262713,6.995164141414142,0.2382902527534762
RHF_MPM_P23,421,0.02105,21.05,0,255,6.228958333333333,31.712329056578422,89697,351.7529411764706,22,246,255,1.1223596288071573,109,109,281,0.01951388888888889,22,19,0.6722488038277512,70.08185053380782,59.94661921708185,0.10215277777777777,0.008263888888888888,0.026111111111111113,0.018055555555555554,0.013194444444444444,1,74.38960054405388,63.63477039365865,15.186944444928876,4.384401939768828,0.9574209786397722,-137.17024734260377,-1.6229622060389808,1.6229622060389808,0.028339855290589428,-8,-0.19159722222222264,-2759,0.387331794242058,314.1818181818182,16.92130546123427,6.926079545454545,0.3246168589534821
RHF_MPM_P23,422,0.0211,21.1,0,255,6.167638888888889,31.827701639411174,88814,348.2901960784314,22,248,255,1.0933168379796103,110,110,279,0.019375,21,19,0.6992481203007519,70.01075268817205,59.87096774193548,0.099375,0.008472222222222223,0.025833333333333333,0.018125,0.013333333333333334,1,74.09393789267457,63.202546895759674,14.648011082860933,4.511205193605576,0.9513948039593467,-137.8415274143524,-1.670997290350648,1.670997290350648,0.028317607584389847,-2,-0.06131944444444404,-883,0.5236731380896518,309.8181818181818,19.101728535864265,6.842108585858586,0.3848852035452197
RHF_MPM_P23,423,0.02115,21.15,0,255,6.1097222222222225,31.617422938249923,87980,345.01960784313724,21,246,255,1.1013501889008948,108,108,282,0.019583333333333335,22,19,0.6746411483253588,69.99645390070921,59.822695035460995,0.10027777777777777,0.008194444444444445,0.025694444444444443,0.017986111111111112,0.012986111111111111,1,73.94002045919527,63.117367583541714,14.540243636761556,4.5354964360841405,0.9501060292943031,-137.7176082293493,-1.6978429418128191,1.6978429418128191,0.029029324846556036,3,-0.057916666666666394,-834,0.17591501231782847,305.72727272727275,19.790222145341964,6.745814393939394,0.42179956052324347
RHF_MPM_P23,424,0.0212,21.2,0,255,6.007430555555556,31.328506060919448,86507,339.24313725490197,21,245,255,1.0874901033972733,108,108,278,0.019305555555555555,21,18,0.7354497354497355,69.82014388489209,59.64028776978417,0.09854166666666667,0.00798611111111111,0.025625,0.017430555555555557,0.012777777777777779,1,73.63228409261679,62.76993769290346,13.993319754061472,4.528738924334539,0.9461817390163527,-138.38977949332906,-1.6600460360801819,1.6600460360801819,0.02843700509785335,-4,-0.10229166666666689,-1473,0.4641219669697115,300.90909090909093,19.500370837753763,6.635107323232322,0.4408297027344605
RHF_MPM_P23,425,0.02125,21.25,0,255,6.014861111111111,31.74010434122454,86614,339.66274509803924,20,246,255,1.046842756362305,109,109,281,0.01951388888888889,21,18,0.7433862433862434,69.82562277580071,59.69750889679715,0.09458333333333334,0.008402777777777778,0.025416666666666667,0.017638888888888888,0.013333333333333334,1,73.25551296557138,62.41815410903549,13.283039112755942,4.463930274691708,0.9418397154427207,-138.76933306868972,-1.763718270034413,1.763718270034413,0.028990694345025055,3,0.007430555555555607,107,0.5154688856313786,297.0,18.776193824773287,6.532979797979798,0.44255945501692207
RHF_MPM_P23,426,0.0213,21.3,0,255,5.975694444444445,31.860502686903597,86050,337.45098039215685,19,248,255,1.0170684110745412,110,110,280,0.019444444444444445,21,18,0.7407407407407407,69.78928571428571,59.667857142857144,0.09159722222222222,0.008472222222222223,0.025694444444444443,0.017916666666666668,0.013472222222222222,1,72.87158628704242,62.1497152818129,12.660691661068148,4.598505231556446,0.9317068270344163,-138.05575247340553,-1.7697342143266024,1.7697342143266024,0.028715862870424172,-1,-0.03916666666666657,-564,0.46846461813772267,292.27272727272725,15.655907447878226,6.422695707070708,0.4157250532699889
RHF_MPM_P23,427,0.02135,21.35,0,255,6.139583333333333,32.5347030934961,88410,346.70588235294116,19,251,255,0.9980748373018881,109,109,296,0.020555555555555556,22,19,0.7081339712918661,70.16554054054055,59.895270270270274,0.089375,0.009097222222222222,0.02638888888888889,0.019166666666666665,0.013958333333333333,1,72.75164574143197,62.09924216717566,12.164371205914454,4.559026197004952,0.9271116760762219,-137.5284177112261,-1.6696513222126403,1.6696513222126403,0.026852166044565095,16,0.16388888888888875,2360,0.13012789778719994,289.90909090909093,12.666739161747017,6.3293497474747475,0.34802369781619613
RHF_MPM_P23,428,0.0214,21.4,0,255,6.275416666666667,32.88180611580666,90366,354.3764705882353,20,252,255,1.0138092929718547,109,109,299,0.020763888888888887,22,19,0.715311004784689,70.23076923076923,60.05016722408027,0.09097222222222222,0.009305555555555555,0.02715277777777778,0.01923611111111111,0.014513888888888889,1,72.87597105105903,62.150189230462786,12.072410279507015,4.588231883113125,0.9249621199051291,-138.91652690306785,-1.598661570163416,1.598661570163416,0.02671358696855012,3,0.13583333333333325,1956,0.13435916742613851,288.1818181818182,9.65606904601907,6.262178030303031,0.272436367778923
RHF_MPM_P23,429,0.02145,21.45,0,255,6.1940277777777775,32.5052003172707,89194,349.7803921568627,20,251,255,1.0392171586991767,110,110,289,0.020069444444444445,22,18,0.7297979797979798,69.98269896193771,59.75086505190311,0.09375,0.009027777777777777,0.026597222222222223,0.018958333333333334,0.013819444444444445,1,72.8690494876337,62.00070632553759,11.94835483940676,4.830942522156335,0.9146181942150844,-139.76319540370366,-1.5840307120750041,1.5840307120750041,0.02805121420723367,-10,-0.08138888888888918,-1172,0.14964306500845656,286.54545454545456,7.643935639846512,6.201811868686869,0.19677558584741484
RHF_MPM_P23,430,0.0215,21.5,0,255,6.213125,32.4884177218237,89469,350.8588235294118,20,252,255,1.0442581931590378,111,111,286,0.01986111111111111,21,19,0.7167919799498746,69.94055944055944,59.81118881118881,0.09451388888888888,0.009027777777777777,0.02673611111111111,0.018680555555555554,0.013680555555555555,1,72.90963350434228,62.11928153885703,12.076716636603164,4.700635362464371,0.9211400782105462,-139.57607753437796,-1.5863081302972994,1.5863081302972994,0.029015636700980226,-3,0.01909722222222232,275,0.12532814379042126,285.45454545454544,6.73341243168771,6.158819444444444,0.1247705526029978
RHF_MPM_P23,431,0.02155,21.55,0,255,6.245347222222223,32.69757061594931,89933,352.678431372549,20,252,255,1.0375699169844808,110,110,296,0.020555555555555556,23,19,0.6773455377574371,70.00337837837837,59.898648648648646,0.09361111111111112,0.009166666666666667,0.026805555555555555,0.018819444444444444,0.014097222222222223,1,72.82325731377803,62.093947716633494,11.911622356290028,4.725524341731287,0.917941648737496,-139.759907073982,-1.5529274570850857,1.5529274570850857,0.02767615891830585,10,0.03222222222222282,464,0.09001471460181246,286.09090909090907,7.3417182216618055,6.142891414141414,0.09882727797450355
RHF_MPM_P23,432,0.0216,21.6,0,255,6.188055555555556,32.502099019349195,89108,349.44313725490196,20,251,255,1.0356885291863132,110,110,294,0.020416666666666666,23,19,0.6727688787185355,69.91836734693878,59.894557823129254,0.09340277777777778,0.008958333333333334,0.02638888888888889,0.01902777777777778,0.014097222222222223,1,72.83700677829151,62.13428648381739,12.087340481726756,4.712272068384102,0.9208775889124816,-139.44495199483427,-1.5219798579842052,1.5219798579842052,0.028089509359429006,-2,-0.05729166666666696,-825,0.04261764789760362,287.27272727272725,7.472262759285279,6.13917297979798,0.09625502602566
RHF_MPM_P23,433,0.02165,21.65,0,255,6.097847222222223,32.1939512232585,87809,344.34901960784316,20,250,255,1.0196960214737967,110,110,284,0.01972222222222222,22,18,0.7171717171717171,69.58450704225352,59.644366197183096,0.0913888888888889,0.008888888888888889,0.026180555555555554,0.01840277777777778,0.013680555555555555,1,72.56870024712728,61.94195355829129,11.975928216439113,4.638979706626917,0.921929094646616,-139.7209819023733,-1.4820854363382971,1.4820854363382971,0.026922069491737748,-10,-0.090208333333333,-1299,0.3301217183203949,287.72727272727275,7.097898653070231,6.1328282828282825,0.09646951174996055
RHF_MPM_P23,434,0.0217,21.7,0,255,5.745555555555556,31.218930905999652,82736,324.4549019607843,19,244,255,0.9633438997805943,109,109,273,0.018958333333333334,22,18,0.6893939393939394,69.11721611721612,59.52014652014652,0.08555555555555555,0.008125,0.024791666666666667,0.017361111111111112,0.012916666666666667,1,72.0432339005995,61.631816863275965,11.428634520788659,4.323281203034089,0.9256891735221648,-140.83997381099442,-1.567426278748508,1.567426278748508,0.02802891123573777,-11,-0.3522916666666669,-5073,0.6101636263563073,286.90909090909093,8.151458825985417,6.099722222222223,0.14763597282295549
RHF_MPM_P23,435,0.02175,21.75,0,12,0.01986111111111111,0.3385343945087886,286,23.833333333333332,0,0,6,0.06000394242314857,2,8,8,0.0005555555555555556,83,101,0.0009543122986997495,87.875,51.875,0.004930555555555555,0.0,0.0,0.0,0.0,0,81.97552447552448,59.52097902097902,33.564574825236726,24.520872185453772,0.6828505363238002,126.96322479700221,0.4197933024745194,0.4197933024745194,0.0,-265,-5.725694444444445,-82450,10.154114065796994,262.3636363636364,80.79972178988189,5.5553977272727275,1.7564626862488053
RHF_MPM_P23,436,0.0218,21.8,0,255,3.104375,22.523790084003707,44703,175.30588235294118,1,109,255,0.6216655448985594,103,103,148,0.010277777777777778,16,15,0.6166666666666667,63.277027027027025,54.38513513513514,0.05201388888888889,0.003263888888888889,0.013680555555555555,0.009097222222222222,0.00625,1,62.927857190792565,53.37411359416594,7.189648386872094,5.064311206172284,0.7098138847208859,47.001677341488424,-0.964566217492153,0.964566217492153,0.013645616625282419,140,3.084513888888889,44417,20.01493401351092,250.27272727272728,86.83222161584835,5.29080808080808,1.882046617318694
RHF_MPM_P23,437,0.02185,21.85,0,255,6.130069444444445,29.11674224843576,88273,346.1686274509804,28,180,255,1.1915578252717174,88,88,330,0.022916666666666665,37,36,0.24774774774774774,56.86060606060606,47.17272727272727,0.10604166666666667,0.005555555555555556,0.03,0.014930555555555556,0.009305555555555555,1,54.376343842398015,44.4128329160672,17.064703280424062,4.22123438863901,0.9689220088277499,45.66236827101187,-0.8242264020295127,0.8242264020295127,0.009074122325059757,182,3.0256944444444445,43570,12.386804751001605,254.8181818181818,89.53599396262955,5.304842171717172,1.8876685465982963
RHF_MPM_P23,438,0.0219,21.9,0,255,6.955277777777778,30.549719491902877,100156,392.7686274509804,40,211,255,1.3635971168066996,97,97,299,0.020763888888888887,31,33,0.29227761485826004,58.56521739130435,48.91304347826087,0.12444444444444444,0.006875,0.03256944444444444,0.014791666666666667,0.010763888888888889,1,51.846659211629856,41.14110986860498,21.408491809216503,4.865102941515855,0.9738362005158196,47.42405501926429,-0.8091223811099568,0.8091223811099568,0.01803187028235952,-31,0.8252083333333333,11883,4.135634900524965,255.0909090909091,89.66549406793163,5.378996212121212,1.9344455584352238
RHF_MPM_P23,439,0.02195,21.95,0,255,6.086180555555556,30.916525212985654,87641,343.69019607843137,25,242,255,1.1356495435412308,109,109,255,0.017708333333333333,19,20,0.6710526315789473,61.325490196078434,51.96470588235294,0.10277777777777777,0.007569444444444445,0.025416666666666667,0.016527777777777777,0.012777777777777779,1,56.098447073858125,45.83905934437079,17.846666658901338,4.663977712124797,0.965247874361582,48.59261387954071,-1.4255318655117266,1.4255318655117266,0.019568466813477712,-44,-0.869097222222222,-12515,6.336278821377725,251.0909090909091,88.59248331079536,5.36179292929293,1.927225051395207
RHF_MPM_P23,440,0.022,22.0,0,255,6.489444444444445,33.29495748812126,93448,366.4627450980392,22,254,255,1.0757857711606609,111,111,300,0.020833333333333332,21,22,0.6493506493506493,60.4,51.20333333333333,0.09708333333333333,0.00951388888888889,0.028541666666666667,0.01965277777777778,0.014791666666666667,1,57.15600119852753,47.08793125588563,16.45653125031005,4.996636512290565,0.9527911837158044,47.88418809106814,-1.8234950589436545,1.8234950589436545,0.0348750107011386,45,0.40326388888888864,5807,1.6364906898531364,252.0909090909091,89.07550887304396,5.38864898989899,1.9406467936481362
RHF_MPM_P23,441,0.02205,22.05,0,255,7.078125,35.48065309019265,101925,399.70588235294116,22,255,255,1.0936824138210912,109,109,351,0.024375,24,24,0.609375,59.11965811965812,50.33618233618234,0.09951388888888889,0.011180555555555555,0.030972222222222224,0.022708333333333334,0.017361111111111112,1,57.98741231297522,48.396016678930586,12.571138404654565,5.138132582910012,0.9126578011659033,48.463382305306006,-2.024416072318446,2.024416072318446,0.03378955114054452,51,0.5886805555555554,8477,1.5499457781515669,258.0,93.18993312779892,5.467285353535354,1.9893753655948938
RHF_MPM_P23,442,0.0221,22.1,0,255,7.253541666666667,35.93510675062507,104451,409.61176470588236,23,255,255,1.0659019284302969,109,109,367,0.025486111111111112,27,25,0.5437037037037037,58.294277929155314,49.84196185286103,0.0954861111111111,0.010694444444444444,0.03347222222222222,0.02388888888888889,0.017569444444444443,1,57.79723506716068,48.71443068998861,10.695247562980109,4.934694506621677,0.8871967311912714,45.24230193269562,-0.6858705847896864,0.6858705847896864,0.012254549980373572,16,0.175416666666667,2526,0.3708838999790446,264.45454545454544,97.93630920734671,5.5589393939393945,2.0455424719028965
RHF_MPM_P23,443,0.02215,22.15,0,255,7.489097222222222,36.211297623447315,107843,422.9137254901961,27,255,255,1.1055173657179131,107,107,385,0.02673611111111111,29,28,0.47413793103448276,58.08311688311688,49.8025974025974,0.09888888888888889,0.010972222222222222,0.034444444444444444,0.02361111111111111,0.017361111111111112,1,57.37607447864025,48.50956483035524,11.40639410830545,4.904899185206747,0.9028226357349531,-136.07845445604556,0.7566487743722925,0.7566487743722925,0.010951104846860715,18,0.23555555555555507,3392,0.468344170206265,272.72727272727275,103.7532833295067,5.677215909090909,2.1149365662273163
RHF_MPM_P23,444,0.0222,22.2,0,255,7.5940972222222225,36.39256877962089,109355,428.84313725490193,28,255,255,1.142410421816859,110,110,368,0.025555555555555557,29,25,0.5075862068965518,58.733695652173914,50.442934782608695,0.10298611111111111,0.011319444444444444,0.03423611111111111,0.023333333333333334,0.017777777777777778,1,57.2322161766723,48.44047368661698,11.79553265676246,4.908628994391326,0.9092991574987349,-136.61838449382998,0.78207628125184,0.78207628125184,0.011796442778107997,-17,0.10500000000000043,1512,0.1595894645274583,280.3636363636364,107.33149391849933,5.813238636363637,2.1845844774897945
RHF_MPM_P23,445,0.02225,22.25,0,255,7.439236111111111,35.62119651391767,107125,420.0980392156863,29,255,255,1.1674470344164212,107,107,362,0.025138888888888888,30,25,0.4826666666666667,58.97790055248619,50.370165745856355,0.10555555555555556,0.010625,0.03256944444444444,0.022708333333333334,0.017083333333333332,1,57.2015309218203,48.20806534422404,12.469440332678271,4.986170743264956,0.916571317561163,-137.34203838316097,0.8751354565059295,0.8751354565059295,0.013862310385064178,-6,-0.15486111111111178,-2230,0.23442530255748442,288.45454545454544,109.79763504355194,5.967209595959596,2.233525787958917
RHF_MPM_P23,446,0.0223,22.3,0,255,7.0095833333333335,34.228874950572724,100938,395.83529411764704,27,254,255,1.1420821020071628,108,108,332,0.023055555555555555,28,24,0.49404761904761907,59.873493975903614,51.13855421686747,0.10263888888888889,0.009583333333333333,0.030347222222222223,0.020763888888888887,0.015555555555555555,1,57.20281757118231,48.291565119182074,13.23216417700932,4.733651344692866,0.9338218993537456,-137.4364084187066,1.0884805500227757,1.0884805500227757,0.019239533178783016,-30,-0.4296527777777772,-6187,0.08350968736992909,317.90909090909093,64.88374855421256,6.60263888888889,1.2116527652512352
RHF_MPM_P23,447,0.02235,22.35,0,255,6.439166666666667,32.13116640990661,92724,363.6235294117647,25,246,255,1.1436878772559205,107,107,295,0.02048611111111111,25,23,0.5130434782608696,60.80677966101695,51.90169491525424,0.10305555555555555,0.008194444444444445,0.027569444444444445,0.01840277777777778,0.013541666666666667,1,57.08341961088823,48.27298218368492,14.432886597363142,4.6005828139793365,0.9478364896610647,-137.93736356009265,1.2820482030515765,1.2820482030515765,0.022593934687890945,-37,-0.5704166666666666,-8214,0.12083541870692639,331.27272727272725,38.138720265251095,6.905801767676769,0.5158412853388478
RHF_MPM_P23,448,0.0224,22.4,0,255,5.880069444444445,30.603033936299337,84673,332.0509803921569,22,238,255,1.0837817222072372,107,107,264,0.018333333333333333,23,19,0.6041189931350115,61.76893939393939,52.90151515151515,0.09784722222222222,0.0075,0.024583333333333332,0.01611111111111111,0.012222222222222223,1,57.89285840822931,49.06923104177247,14.309760593740686,4.620083387050113,0.946445921579284,-138.7270705642987,1.5264928142938692,1.5264928142938692,0.028828552194914554,-31,-0.5590972222222224,-8051,1.1354309360972619,325.27272727272725,42.77656730902798,6.883074494949496,0.5536407509054556
RHF_MPM_P23,449,0.02245,22.45,0,255,5.666597222222222,30.3192713894607,81599,319.99607843137255,20,234,255,1.0646002979920999,108,108,261,0.018125,22,19,0.6244019138755981,62.08045977011494,53.053639846743295,0.09708333333333333,0.007291666666666667,0.02298611111111111,0.01625,0.012152777777777778,1,58.497248740793395,49.48067991029302,14.258713207658817,4.776036632736417,0.942233892765346,-138.31996235323152,1.7701510886045728,1.7701510886045728,0.0339587494944791,-3,-0.21347222222222229,-3074,0.7311483060937567,321.8181818181818,46.15944339868098,6.765921717171718,0.6533361953677714
RHF_MPM_P23,450,0.0225,22.5,0,255,5.569652777777778,30.205575895142516,80203,314.52156862745096,18,233,255,1.059857992072481,108,108,258,0.017916666666666668,22,19,0.6172248803827751,62.189922480620154,53.03488372093023,0.09743055555555556,0.007291666666666667,0.02326388888888889,0.01611111111111111,0.012222222222222223,1,58.85570365198309,49.72029724573894,13.929154275338949,4.753400494514228,0.939970576306581,-138.3029004705877,1.8739184128209456,1.8739184128209456,0.03497375409897385,-3,-0.0969444444444445,-1396,0.431168633833928,322.09090909090907,45.771079685071776,6.718964646464647,0.716055274855619
RHF_MPM_P23,451,0.02255,22.55,0,255,5.348194444444444,29.69821608121666,77014,302.0156862745098,15,226,255,1.0142616870299561,106,106,251,0.017430555555555557,21,19,0.6290726817042607,62.342629482071715,53.15139442231076,0.09236111111111112,0.007013888888888889,0.022847222222222224,0.015625,0.01173611111111111,1,59.56507907653154,50.47388786454411,13.038118431047888,4.452482003394772,0.9398827621327871,-138.89181736112644,2.0921615819698265,2.0921615819698265,0.03234476848365232,-7,-0.22145833333333353,-3189,1.0349455607443558,317.6363636363636,49.90221843724664,6.615214646464647,0.8173134181987642
RHF_MPM_P23,452,0.0226,22.6,0,255,5.3261111111111115,30.104886764423576,76696,300.7686274509804,15,232,255,0.9611834111731925,104,104,261,0.018125,21,20,0.6214285714285714,62.264367816091955,53.13026819923372,0.08638888888888889,0.007152777777777778,0.023125,0.016180555555555556,0.012083333333333333,1,60.302388651298635,51.07914363200167,11.977541194542999,4.520940245415784,0.926029376308206,-138.96079414424236,2.236123324641773,2.236123324641773,0.027341712735996664,10,-0.02208333333333279,-318,0.9539182108985401,309.45454545454544,51.12438243479175,6.455940656565658,0.8799000535316087
RHF_MPM_P23,453,0.02265,22.65,0,255,5.145277777777777,29.520522615265385,74092,290.55686274509804,14,225,255,0.9312707892119753,108,108,246,0.017083333333333332,21,18,0.6507936507936508,62.39837398373984,53.357723577235774,0.08270833333333333,0.006527777777777778,0.022708333333333334,0.015486111111111112,0.011597222222222222,1,60.47666414727636,51.16372887761162,11.352646295195106,4.648068296338801,0.9123433398068319,-138.732542674555,2.0817496508523936,2.0817496508523936,0.023484316795335528,-15,-0.18083333333333407,-2604,0.19371786771791993,298.45454545454544,50.573733096725654,6.264280303030303,0.9142341233106898
RHF_MPM_P23,454,0.0227,22.7,0,255,5.150625,29.60377028162381,74169,290.8588235294118,14,226,255,0.9226899237809656,106,106,250,0.017361111111111112,21,18,0.6613756613756614,62.528,53.288,0.08180555555555556,0.006805555555555555,0.022569444444444444,0.015555555555555555,0.011666666666666667,1,60.823848238482384,51.355768582561446,10.471861248749475,4.641552166695874,0.8964027727766767,-138.67071763781576,1.8859897187259906,1.8859897187259906,0.02089821893243808,4,0.005347222222222392,77,0.3967569047461808,286.1818181818182,44.04092762176024,6.051691919191919,0.8757845299832541
RHF_MPM_P23,455,0.02275,22.75,0,255,5.076458333333333,29.925257377727995,73101,286.67058823529413,13,231,255,0.8378375680874683,108,108,253,0.017569444444444443,21,18,0.6693121693121693,62.52173913043478,53.24505928853755,0.07291666666666667,0.007013888888888889,0.022569444444444444,0.016180555555555556,0.012013888888888888,1,61.62900644314031,51.9189340775092,9.034408661328548,4.862390255893699,0.8428121020694314,-139.77410975552243,1.4464928109798474,1.4464928109798474,0.01689443372867676,3,-0.07416666666666671,-1068,0.9825655750267902,275.72727272727275,36.35704485713603,5.8228156565656555,0.7647235163578014
RHF_MPM_P23,456,0.0228,22.8,0,255,5.145763888888889,30.269694050133637,74099,290.5843137254902,12,235,255,0.8187913871882756,108,108,261,0.018125,21,19,0.6541353383458647,62.42145593869732,53.04214559386973,0.07083333333333333,0.007083333333333333,0.023194444444444445,0.016458333333333332,0.012222222222222223,1,61.78733856057437,52.135305469709444,8.653914328070506,4.5905994308876625,0.8477067828931147,-139.88208919624302,1.0408741316851344,1.0408741316851344,0.014116249881914737,8,0.06930555555555618,998,0.2681149730504135,266.54545454545456,24.09588284848542,5.614318181818181,0.5877710952620879
RHF_MPM_P23,457,0.02285,22.85,0,255,5.142847222222223,30.274798333193687,74057,290.41960784313727,12,235,255,0.8010387595046571,109,109,257,0.017847222222222223,21,19,0.6441102756892231,62.56031128404669,53.07782101167315,0.06861111111111111,0.007083333333333333,0.023333333333333334,0.016458333333333332,0.012083333333333333,1,61.864023657453046,52.156339036147834,8.476823137712417,4.527920779377509,0.845387803659669,-139.93320419209672,0.8240680288484995,0.8240680288484995,0.012422863470029842,-4,-0.0029166666666666785,-42,0.07951738803815339,259.72727272727275,12.366309871368692,5.444614898989898,0.3998809187702142
RHF_MPM_P23,458,0.0229,22.9,0,255,5.150555555555556,30.23014683174952,74168,290.85490196078433,13,234,255,0.8009640695042997,108,108,260,0.018055555555555554,21,19,0.6516290726817042,62.42307692307692,53.042307692307695,0.06868055555555555,0.007291666666666667,0.02347222222222222,0.01638888888888889,0.012083333333333333,1,61.818088663574585,52.01373907884802,8.443636103432578,4.550848552325523,0.8423263244241574,-140.08972228678243,0.8279474823531018,0.8279474823531018,0.014184014669399201,3,0.007708333333333428,111,0.14981579183959,256.54545454545456,5.4499981044806765,5.327468434343434,0.2532217289367437
RHF_MPM_P23,459,0.02295,22.95,0,255,5.033541666666666,29.733196467564994,72483,284.2470588235294,13,231,255,0.7948661451454738,108,108,246,0.017083333333333332,20,18,0.6833333333333333,62.83739837398374,53.459349593495936,0.06840277777777778,0.006944444444444444,0.02263888888888889,0.015694444444444445,0.01173611111111111,1,61.97936067767615,52.35222052067381,8.487234714843762,4.523806452160435,0.846107049926138,-139.8401342794361,0.9416141202946352,0.9416141202946352,0.014182635928424597,-14,-0.11701388888888964,-1685,0.37493779349759015,254.9090909090909,5.6641543612528045,5.250511363636363,0.19568352334716446
RHF_MPM_P23,460,0.023,23.0,0,255,5.107916666666667,30.02330148019757,73554,288.4470588235294,13,232,255,0.8098389964663987,108,108,252,0.0175,20,19,0.6631578947368421,62.87301587301587,53.13492063492063,0.06965277777777777,0.006944444444444444,0.022847222222222224,0.016180555555555556,0.011944444444444445,1,62.01736139434973,52.28362835467819,8.32677444733043,4.54776560961502,0.8376797450217897,-138.767230362927,0.9416952102020072,0.9416952102020072,0.016042635342741387,6,0.07437500000000075,1071,0.07841517521293985,254.0909090909091,5.367487061500186,5.1997222222222215,0.1477231300140014
RHF_MPM_P23,461,0.02305,23.05,0,255,5.1883333333333335,30.256277172403962,74712,292.98823529411766,13,234,255,0.8172564990276262,106,106,264,0.018333333333333333,21,20,0.6285714285714286,62.65151515151515,53.041666666666664,0.07027777777777777,0.007083333333333333,0.023541666666666666,0.016527777777777777,0.012013888888888888,1,61.83524734982332,52.06775350679944,8.335432363428682,4.710352703425315,0.8250224281610953,-137.75829293640922,0.8986718286484445,0.8986718286484445,0.014308277117464397,12,0.08041666666666636,1158,0.282431363627414,254.63636363636363,6.004130809439407,5.165056818181818,0.09050658077471074
RHF_MPM_P23,462,0.0231,23.1,0,255,5.214444444444444,30.234865125146538,75088,294.4627450980392,13,233,255,0.8350915772839553,108,108,259,0.017986111111111112,22,19,0.6196172248803827,62.67567567567568,52.972972972972975,0.07201388888888889,0.006944444444444444,0.023819444444444445,0.016527777777777777,0.012083333333333333,1,61.79361549115704,52.01945717025357,8.490369159591628,4.747323083207617,0.8290718184777929,-137.73190316421943,0.9070209953960046,0.9070209953960046,0.013517472831877264,-5,0.026111111111110752,376,0.06376321651047202,255.36363636363637,6.004130809439407,5.152897727272728,0.0722239710046453
RHF_MPM_P23,463,0.02315,23.15,0,255,5.242083333333333,30.201441854722212,75486,296.0235294117647,14,232,255,0.8181650098652422,106,106,268,0.01861111111111111,22,20,0.6090909090909091,62.55597014925373,52.76865671641791,0.06958333333333333,0.006805555555555555,0.024027777777777776,0.01659722222222222,0.011875,1,61.53550327212993,51.69393000026495,8.862863143354637,4.556925344333411,0.8576945851343256,-137.98827674568045,0.9273337490651066,0.9273337490651066,0.012147947963860848,9,0.027638888888889213,398,0.4154393529889751,256.0,6.875516509523286,5.145258838383838,0.056156145129700484
RHF_MPM_P23,464,0.0232,23.2,0,255,5.25125,29.95639304970829,75618,296.54117647058825,15,227,255,0.8558397671729124,106,106,260,0.018055555555555554,22,20,0.5909090909090909,62.815384615384616,52.90384615384615,0.07326388888888889,0.006597222222222222,0.023819444444444445,0.01611111111111111,0.011527777777777777,1,61.41872305535719,51.464651273506306,9.186560104540884,4.566774259533106,0.8676848244465153,-137.39056058894835,0.9643334954364445,0.9643334954364445,0.014665820307334232,-8,0.009166666666666323,132,0.257305953241569,257.27272727272725,6.1657545301138805,5.154892676767677,0.06389042161394581
RHF_MPM_P23,465,0.02325,23.25,0,255,5.260555555555555,30.194191397283728,75752,297.06666666666666,14,231,255,0.8567547696729724,107,107,258,0.017916666666666668,21,19,0.6466165413533834,62.98837209302326,53.054263565891475,0.07368055555555555,0.007013888888888889,0.023680555555555555,0.016458333333333332,0.011875,1,61.76357059879607,51.72021860808955,8.865442107067011,4.676809010644086,0.8495348379782977,-137.1954643565863,0.9557357716113757,0.9557357716113757,0.01634280283028831,-2,0.009305555555555678,134,0.42922545441972165,258.0,5.720775535473554,5.164886363636364,0.07067831418303307
RHF_MPM_P23,466,0.0233,23.3,0,255,5.266805555555556,30.340114778878547,75842,297.41960784313727,14,234,255,0.8480940016411957,108,108,260,0.018055555555555554,21,19,0.6516290726817042,62.87692307692308,53.065384615384616,0.07326388888888889,0.006875,0.02375,0.01659722222222222,0.012152777777777778,1,61.961709870520295,51.95379868674349,8.551239386999864,4.679047370307379,0.8370164760690603,-136.7048425248525,0.8874616907841112,0.8874616907841112,0.016165185517259567,2,0.006250000000000533,90,0.3062985865840466,258.6363636363636,5.514818504764764,5.182190656565657,0.07020997475099423
RHF_MPM_P23,467,0.02335,23.35,0,255,5.258680555555555,30.552170107196417,75725,296.96078431372547,13,236,255,0.8154681971574533,109,109,261,0.018125,21,19,0.6541353383458647,62.89272030651341,52.95785440613027,0.06986111111111111,0.007152777777777778,0.02423611111111111,0.017013888888888887,0.0125,1,62.03185209640145,52.020508418620004,8.451980929014235,4.579066748803566,0.8405239547186227,-137.94954691614734,0.9260592224748699,0.9260592224748699,0.013707494222515682,1,-0.008125000000000604,-117,0.09679938108582913,258.6363636363636,5.514818504764764,5.192455808080808,0.07235552039759602
RHF_MPM_P23,468,0.0234,23.4,0,255,5.272222222222222,30.57072502239785,75920,297.72549019607845,13,236,255,0.8106350152075108,107,107,268,0.01861111111111111,22,19,0.6411483253588517,62.71641791044776,52.88805970149254,0.06916666666666667,0.007083333333333333,0.02451388888888889,0.016875,0.012291666666666666,1,62.02826659641728,52.15619072708114,8.27376079033544,4.551850763684514,0.835062566395735,-138.28002526209798,0.8633804049468549,0.8633804049468549,0.012341938883034774,7,0.013541666666666785,195,0.13572967486691717,259.6363636363636,6.0943002771252255,5.204217171717172,0.07383555269880163
RHF_MPM_P23,469,0.02345,23.45,0,255,5.213263888888889,30.288332079868024,75071,294.39607843137253,13,234,255,0.7984168199202921,108,108,260,0.018055555555555554,21,19,0.6516290726817042,62.86923076923077,52.98461538461538,0.06770833333333333,0.006805555555555555,0.023958333333333335,0.016458333333333332,0.011944444444444445,1,61.99172783098667,52.08364082002371,8.261004636646325,4.605292180237129,0.8301946520079397,-139.16225157306374,0.7400329764932531,0.7400329764932531,0.012095216528353159,-8,-0.058958333333333,-849,0.08123158494843569,259.6363636363636,6.0943002771252255,5.209917929292929,0.07186690115756789
RHF_MPM_P23,470,0.0235,23.5,0,255,5.228888888888889,30.258705797558655,75296,295.278431372549,13,234,255,0.8290007870201902,108,108,260,0.018055555555555554,21,19,0.6516290726817042,62.94615384615385,53.034615384615385,0.07111111111111111,0.006875,0.023819444444444445,0.016666666666666666,0.011944444444444445,1,62.01605662983425,52.28600456863578,8.319833201581805,4.693872644595454,0.8256527110428483,-139.6500025765622,0.811133035346397,0.811133035346397,0.015644921376965576,0,0.015625,225,0.20382094398195705,260.90909090909093,4.316028171079716,5.227676767676768,0.04532261912085481
RHF_MPM_P23,471,0.02355,23.55,0,255,5.102916666666666,30.012374158072976,73482,288.16470588235296,13,229,255,0.7783408453406472,107,107,255,0.017708333333333333,21,18,0.6746031746031746,63.07058823529412,53.207843137254905,0.0661111111111111,0.006944444444444444,0.023541666666666666,0.01625,0.01173611111111111,1,62.22442230750388,52.33364633515691,8.126711850561604,4.524468709146635,0.8306865475788082,-139.95153196540963,0.7551867937706638,0.7551867937706638,0.014098690835850957,-5,-0.12597222222222282,-1814,0.21374282104430026,261.1818181818182,3.809513970864902,5.227222222222222,0.04653040660446309
RHF_MPM_P23,472,0.0236,23.6,0,255,4.945972222222222,29.52283010935597,71222,279.30196078431374,11,225,255,0.7538496065958786,107,107,251,0.017430555555555557,20,18,0.6972222222222222,63.49003984063745,53.243027888446214,0.06333333333333334,0.006597222222222222,0.02277777777777778,0.015902777777777776,0.01138888888888889,1,62.709219061525936,52.33696048973632,7.917813814417788,4.463019651904632,0.8260013256878788,-140.3338632795346,0.8443777123815576,0.8443777123815576,0.01326837213220634,-4,-0.1569444444444441,-2260,0.48480808195707575,260.0,4.670993664969138,5.205189393939394,0.09345158309081979
RHF_MPM_P23,473,0.02365,23.65,0,255,5.153888888888889,30.158584301965593,74216,291.043137254902,12,236,255,0.8423413470917271,108,108,258,0.017916666666666668,20,18,0.7166666666666667,63.7906976744186,53.35271317829457,0.07340277777777778,0.006944444444444444,0.023055555555555555,0.016180555555555556,0.011944444444444445,1,63.212447450684486,52.90316104344077,7.574164066355213,5.045470380540842,0.7458247500126985,-138.01169345174586,0.6491028441625849,0.6491028441625849,0.01798803492508354,7,0.20791666666666675,2994,0.7575103158837727,259.90909090909093,4.699217448480031,5.199684343434343,0.09452171788482143
RHF_MPM_P23,474,0.0237,23.7,0,255,5.17625,30.750210791395844,74538,292.3058823529412,11,242,255,0.7753628199268079,110,110,260,0.018055555555555554,19,19,0.7202216066481995,63.80384615384615,53.73461538461538,0.06659722222222222,0.007847222222222222,0.02277777777777778,0.01673611111111111,0.012847222222222222,1,63.49763878826907,53.27953527060023,6.93796326850382,4.769109003389771,0.7262854417277177,-138.941326001339,0.2811041212974393,0.2811041212974393,0.015549115887198477,2,0.02236111111111061,322,0.47221992535593554,259.1818181818182,3.950101996800079,5.193699494949495,0.09372852396603476
RHF_MPM_P23,475,0.02375,23.75,0,12,0.01875,0.33405520792893567,270,22.5,0,0,7,0.054915346127445606,2,8,8,0.0005555555555555556,32,101,0.0024752475247524753,96.25,52.875,0.0044444444444444444,0.0,0.0,0.0,0.0,0,88.37037037037037,58.08888888888889,34.26334786591464,21.380939741745998,0.7814101078561145,109.80647604510207,-0.05540375804981667,0.05540375804981667,0.0,-252,-5.1575,-74268,25.33342966479283,236.27272727272728,72.29370764658053,4.718017676767676,1.4888806197721303
RHF_MPM_P23,476,0.0238,23.8,0,255,3.281041666666667,22.54073107173465,47247,185.28235294117647,6,99,255,0.7193959246920245,106,106,139,0.009652777777777777,13,14,0.7637362637362637,66.4820143884892,57.37410071942446,0.06159722222222222,0.0033333333333333335,0.013472222222222222,0.00875,0.006458333333333333,1,68.73587741020594,59.271826782652866,8.448377582506268,5.14496676361473,0.7931788717181434,47.19525948556898,0.7146063845221137,0.7146063845221137,0.015493047177598578,131,3.262291666666667,46977,19.67009547163534,225.45454545454547,76.98448915364662,4.538061868686868,1.5314505358547392
RHF_MPM_P23,477,0.02385,23.85,0,255,5.341666666666667,26.174246513616307,76920,301.6470588235294,27,151,255,1.236493406028739,102,102,201,0.013958333333333333,24,21,0.39880952380952384,69.8407960199005,60.169154228855724,0.11444444444444445,0.004861111111111111,0.020625,0.011180555555555555,0.008125,1,78.05863234529382,67.84656786271451,19.341054547261997,4.5014627054587315,0.9725386751162052,-135.95754929631798,-0.9232792044380419,0.9232792044380419,0.015496619864794592,62,2.060625,29673,12.666489023000887,220.0909090909091,76.44422154920844,4.544867424242424,1.5348364443573317
RHF_MPM_P23,478,0.0239,23.9,0,255,5.600208333333334,28.313872482523422,80643,316.2470588235294,26,193,255,1.1071904948763405,111,111,197,0.013680555555555555,17,17,0.6816608996539792,68.9746192893401,59.68527918781726,0.09881944444444445,0.0061805555555555555,0.026041666666666668,0.012847222222222222,0.009722222222222222,1,77.02001413637886,66.7137011271902,17.60050095538733,4.322034634379638,0.9693805931571235,-139.02655756390348,-0.9945729934922958,0.9945729934922958,0.01213992534999938,-4,0.2585416666666669,3723,1.5369173121372528,214.27272727272728,75.53938275566883,4.575915404040405,1.5523168467757795
RHF_MPM_P23,479,0.02395,23.95,0,255,5.983333333333333,29.87079119585999,86160,337.88235294117646,31,233,255,1.1002682417701806,111,111,227,0.01576388888888889,18,19,0.6637426900584795,69.73127753303964,60.36123348017621,0.09819444444444445,0.007569444444444445,0.024166666666666666,0.014722222222222222,0.01125,1,78.06656220984216,67.86050371402042,21.02929547161799,4.003850871185601,0.9817077668258728,-136.53374133613883,-1.2568736893396684,1.2568736893396684,0.004816620241411328,30,0.3831249999999997,5517,1.5525524284964503,210.54545454545453,73.78761122470311,4.640561868686869,1.594210398569189
RHF_MPM_P23,480,0.024,24.0,0,255,5.3625694444444445,30.06893009880538,77221,302.82745098039214,18,238,255,0.9095621023969513,109,109,251,0.017430555555555557,20,20,0.6275,70.04780876494024,60.62948207171315,0.07958333333333334,0.0077777777777777776,0.022916666666666665,0.015694444444444445,0.01173611111111111,1,73.22403232281374,63.0635837401743,13.6730734077906,4.3807609433255665,0.947284614642647,-136.8979285393715,-2.211935523231082,2.211935523231082,0.028528509084316443,24,-0.6207638888888889,-8939,6.816196662527231,209.72727272727272,73.28287770884312,4.654135101010102,1.5996549491710734
RHF_MPM_P23,481,0.02405,24.05,0,255,5.739027777777777,31.570229544607816,82642,324.0862745098039,17,247,255,0.901098889859031,109,109,278,0.019305555555555555,22,21,0.6017316017316018,70.73741007194245,61.330935251798564,0.07854166666666666,0.008402777777777778,0.025347222222222222,0.017916666666666668,0.013125,1,72.48111129933932,62.49057380024685,10.407998172625721,4.47776530191487,0.9027224093303161,-137.4003552534923,-1.0922609068384888,1.0922609068384888,0.025943224994554828,27,0.3764583333333329,5421,0.938228137702098,211.36363636363637,74.57671185037071,4.700511363636364,1.6228719601322596
RHF_MPM_P23,482,0.0241,24.1,0,255,6.400347222222222,33.45982354326011,92165,361.4313725490196,18,253,255,0.9895049285001986,108,108,321,0.022291666666666668,24,24,0.5572916666666666,71.49221183800623,61.84423676012461,0.08756944444444445,0.009097222222222222,0.02826388888888889,0.02020833333333333,0.015208333333333334,1,73.09581728421853,63.02585580209407,10.70728230069372,4.593364830660642,0.9033071182733104,-137.2645282144006,-0.9972104819098837,0.9972104819098837,0.02097325448923127,43,0.6613194444444446,9523,0.8151013859317663,217.36363636363637,80.28276473845172,4.818459595959596,1.6934453762684853
RHF_MPM_P23,483,0.02415,24.15,0,255,6.611597222222223,33.76807608861747,95207,373.3607843137255,22,254,255,1.0240510043550135,106,106,335,0.02326388888888889,25,25,0.536,71.65970149253731,62.0865671641791,0.09069444444444444,0.00951388888888889,0.029375,0.020555555555555556,0.015208333333333334,1,73.34982721858687,63.381453044419004,11.249864451801805,4.597680361579699,0.912674326815629,-136.60787243006132,-0.9945495327695321,0.9945495327695321,0.015187958868570588,14,0.2112500000000006,3042,0.43700165389493195,225.0,86.84573575128383,4.969880050505051,1.7707780274813034
RHF_MPM_P23,484,0.0242,24.2,0,255,6.791458333333333,34.224894234654165,97797,383.5176470588235,24,254,255,1.0401347982124554,109,109,329,0.022847222222222224,25,23,0.5721739130434783,71.38297872340425,61.765957446808514,0.09215277777777778,0.009722222222222222,0.029305555555555557,0.020763888888888887,0.015555555555555555,1,73.52018978087263,63.51322637708723,11.663352032468996,4.669534573067804,0.9163581269710003,-136.67065168193,-1.071837480157604,1.071837480157604,0.01564465167643179,-6,0.17986111111111036,2590,0.21537783969354884,231.45454545454547,91.56851745239601,5.1187499999999995,1.847177364031542
RHF_MPM_P23,485,0.02425,24.25,0,255,7.004652777777777,34.71519108748428,100867,395.55686274509804,26,255,255,1.0791540486678017,110,110,336,0.023333333333333334,25,23,0.5843478260869566,71.33928571428571,61.80059523809524,0.0967361111111111,0.010486111111111111,0.029583333333333333,0.021319444444444443,0.016180555555555556,1,73.87589598183747,63.99408131499896,12.464941112764475,4.649656317674026,0.9278238185051818,-135.66980933098918,-1.1874263543841126,1.1874263543841126,0.018767287616366105,7,0.21319444444444446,3070,0.5981207007945276,238.36363636363637,96.2112001864768,5.284968434343434,1.9254778662181078
RHF_MPM_P23,486,0.0243,24.3,0,255,7.057916666666666,34.83222057383316,101634,398.56470588235294,27,255,255,1.0913822862263616,110,110,326,0.02263888888888889,25,22,0.5927272727272728,71.13803680981596,61.45705521472393,0.098125,0.010555555555555556,0.028958333333333332,0.021180555555555557,0.016527777777777777,1,74.15740795403113,64.11330853848122,13.005722932109776,4.529256773934345,0.9374013017131013,-136.27209864292746,-1.1892400117248338,1.1892400117248338,0.020504949131196253,-10,0.053263888888889,767,0.30571902346378577,267.27272727272725,65.5342948512677,5.924892676767677,1.0307927481519445
RHF_MPM_P23,487,0.02435,24.35,0,255,7.065,34.83759260243642,101736,398.9647058823529,26,255,255,1.1206693107415446,111,111,334,0.023194444444444445,25,23,0.5808695652173913,71.41017964071857,61.66467065868263,0.101875,0.010763888888888889,0.029236111111111112,0.021388888888888888,0.016527777777777777,1,74.32423134387041,64.0066053314461,13.140523237708912,4.565345616753848,0.9377077928418437,-137.72999557347057,-1.2639026826688669,1.2639026826688669,0.025625147440434065,8,0.0070833333333339965,102,0.19802933567794703,285.0,53.753646810747135,6.268888888888889,0.6533897484693819
RHF_MPM_P23,488,0.0244,24.4,0,255,7.265208333333334,35.03844135907395,104619,410.2705882352941,27,255,255,1.175026472955995,109,109,340,0.02361111111111111,26,24,0.5448717948717948,71.65,61.805882352941175,0.1076388888888889,0.010833333333333334,0.030555555555555555,0.021666666666666667,0.01638888888888889,1,74.91903000411016,64.45941941712309,14.031795089269764,4.555041765638485,0.9458435305541252,-137.8971908442477,-1.2741259673190795,1.2741259673190795,0.02479473135854864,6,0.20020833333333332,2883,0.7475466824289213,297.6363636363636,48.614013556273946,6.443756313131313,0.6390793382796918
RHF_MPM_P23,489,0.02445,24.45,0,255,7.37625,35.08238268456676,106218,416.54117647058825,28,255,255,1.2072333456764883,109,109,340,0.02361111111111111,26,24,0.5448717948717948,71.71176470588236,61.81470588235294,0.110625,0.010972222222222222,0.03173611111111111,0.021736111111111112,0.016458333333333332,1,75.39651471502005,64.80931668832025,14.741588150751998,4.549943670600719,0.9511767275575581,-137.95778698427435,-1.2721269840812617,1.2721269840812617,0.02459093562296409,0,0.11104166666666604,1599,0.5919626251241921,310.6363636363636,37.90483952616252,6.6052146464646455,0.6298528660203286
RHF_MPM_P23,490,0.0245,24.5,0,255,7.410902777777777,35.18088149543873,106717,418.4980392156863,28,255,255,1.199556337531829,110,110,341,0.023680555555555555,26,24,0.5464743589743589,71.71260997067449,61.821114369501466,0.11006944444444444,0.010972222222222222,0.03145833333333333,0.022152777777777778,0.016527777777777777,1,75.54498346092937,64.96711864089133,15.252327779686746,4.427885261569539,0.9569330121439128,-137.6174440178853,-1.386187792003139,1.386187792003139,0.025993984088758117,1,0.034652777777777644,499,0.21666662121132704,321.0,27.879611318537552,6.7349936868686875,0.6353946065156555
RHF_MPM_P23,491,0.02455,24.55,0,255,7.2525,34.82064552619769,104436,409.5529411764706,27,255,255,1.1850415969688954,110,110,336,0.023333333333333334,26,23,0.5618729096989966,71.55952380952381,61.580357142857146,0.10888888888888888,0.010555555555555556,0.030555555555555555,0.021666666666666667,0.016180555555555556,1,75.27856294764257,64.78449002259757,15.03428295088891,4.450252499613162,0.9551857805667251,-137.02004289841864,-1.4561955814221446,1.4561955814221446,0.025862729327051973,-5,-0.158402777777777,-2281,0.3230063499683752,328.72727272727275,17.10444338384253,6.906805555555556,0.4767829073716722
RHF_MPM_P23,492,0.0246,24.6,0,255,7.1530555555555555,34.659394936009015,103004,403.9372549019608,26,255,255,1.1866359311113355,111,111,328,0.02277777777777778,25,23,0.5704347826086956,71.26524390243902,61.39939024390244,0.10916666666666666,0.010694444444444444,0.029930555555555554,0.021388888888888888,0.01611111111111111,1,75.04460020970059,64.59496718574036,14.872038261780839,4.5067203467768495,0.9529800209747352,-136.86683764158784,-1.4371646319689015,1.4371646319689015,0.025542697370975885,-8,-0.09944444444444489,-1432,0.30109378677699605,333.27272727272725,6.1657545301138805,7.0353535353535355,0.30386974757383745
RHF_MPM_P23,493,0.02465,24.65,0,255,7.070069444444444,34.38143505416937,101809,399.25098039215686,27,255,255,1.1722085181569306,110,110,327,0.022708333333333334,25,22,0.5945454545454546,71.15902140672783,61.22018348623853,0.10743055555555556,0.010416666666666666,0.029583333333333333,0.020902777777777777,0.015694444444444445,1,75.10509876337062,64.50519109312536,15.180648511333809,4.527505670264385,0.9544903145847295,-137.57575242220244,-1.478117495512666,1.478117495512666,0.026598827215668554,-1,-0.08298611111111143,-1195,0.10825812579839911,333.8181818181818,5.253884827927233,7.096237373737373,0.22821480620519197
RHF_MPM_P23,494,0.0247,24.7,0,255,6.805555555555555,33.51345662105534,98000,384.3137254901961,25,254,255,1.140220505713813,109,109,313,0.021736111111111112,24,21,0.621031746031746,70.74760383386581,60.82428115015974,0.10402777777777777,0.009791666666666667,0.028888888888888888,0.01986111111111111,0.014583333333333334,1,74.96378571428572,64.41722448979591,15.420328155983707,4.405793956125213,0.9583151198906387,-137.52754187664343,-1.4964710655663467,1.4964710655663467,0.027142857142857142,-14,-0.2645138888888887,-3809,0.16645570324561385,331.8181818181818,7.9294409044932825,7.1138699494949496,0.19519263991306654
RHF_MPM_P23,495,0.02475,24.75,0,255,6.5900694444444445,33.04825930439806,94897,372.14509803921567,23,253,255,1.131853824725938,110,110,300,0.020833333333333332,23,20,0.6521739130434783,70.35,60.50666666666667,0.10354166666666667,0.009583333333333333,0.0275,0.01923611111111111,0.014375,1,74.49863536255097,64.00201270851555,15.072705014068912,4.585408326831151,0.9526020128935583,-137.32065381778844,-1.582660077266117,1.582660077266117,0.02897878752752985,-13,-0.21548611111111082,-3103,0.6235107641676866,329.1818181818182,12.134235427973515,7.095561868686868,0.2307758669126514
RHF_MPM_P23,496,0.0248,24.8,0,255,6.459027777777778,32.74737460467981,93010,364.7450980392157,23,252,255,1.1026266923813033,110,110,297,0.020625,22,20,0.675,70.26936026936026,60.36026936026936,0.10055555555555555,0.009305555555555555,0.02701388888888889,0.019097222222222224,0.014375,1,74.33310396731534,63.790216105795075,14.929641349296173,4.4397673412853225,0.9547593991150772,-137.7944824364421,-1.6090156813389984,1.6090156813389984,0.0284270508547468,-3,-0.1310416666666665,-1887,0.2688093073771632,325.6363636363636,14.986495298178092,7.045959595959595,0.29475405067227745
RHF_MPM_P23,497,0.02485,24.85,0,255,6.299236111111111,32.35169752501107,90709,355.721568627451,22,250,255,1.075727538032856,109,109,290,0.02013888888888889,22,20,0.6590909090909091,70.1,60.19310344827586,0.09756944444444444,0.008958333333333334,0.02652777777777778,0.01875,0.01375,1,74.00789337331467,63.47025102250053,14.516971365416918,4.454319365300766,0.9517626250234993,-137.84398236731874,-1.6451469839515869,1.6451469839515869,0.027196860289497183,-7,-0.159791666666667,-2301,0.45622317452969535,322.3636363636364,18.147239846587876,6.976988636363637,0.3644180316372169
RHF_MPM_P23,498,0.0249,24.9,0,255,6.142430555555555,31.910000255634944,88451,346.8666666666667,21,248,255,1.0579951816396647,109,109,283,0.01965277777777778,22,19,0.6770334928229665,69.91872791519435,60.07067137809187,0.0954861111111111,0.00875,0.025694444444444443,0.017986111111111112,0.013402777777777777,1,73.82231970243411,63.4008999332964,14.374602658309193,4.3626622823047025,0.9528320948397528,-137.59984253049393,-1.70497331203799,1.70497331203799,0.0274502266791783,-7,-0.15680555555555564,-2258,0.19810896218466317,317.72727272727275,20.88971434197357,6.893118686868686,0.434026691366868
RHF_MPM_P23,499,0.02495,24.95,0,255,6.073263888888889,31.915289033146035,87455,342.96078431372547,20,248,255,1.0497365244796217,109,109,283,0.01965277777777778,22,19,0.6770334928229665,69.91872791519435,60.07067137809187,0.09506944444444444,0.00875,0.025625,0.018125,0.013402777777777777,1,73.47315762392087,63.144508604425134,13.987410544024122,4.449875688526071,0.9480456416620447,-136.84303761451815,-1.7319024217959456,1.7319024217959456,0.028883425761820365,0,-0.06916666666666682,-996,0.4331866463685878,312.54545454545456,21.773059401528286,6.784760101010101,0.47450688541319946
RHF_MPM_P23,500,0.025,25.0,0,255,5.976111111111111,31.727905459966042,86056,337.4745098039216,19,247,255,1.0330072118726712,108,108,282,0.019583333333333335,21,19,0.706766917293233,69.81914893617021,59.97872340425532,0.09326388888888888,0.008402777777777778,0.025416666666666667,0.017916666666666668,0.013333333333333334,1,73.19802221809054,62.87201357255741,13.54234604125223,4.466076323351978,0.9440557106775553,-136.8659117506587,-1.6659868791352441,1.6659868791352441,0.02792367760528028,-1,-0.09715277777777764,-1399,0.3872376969433788,307.27272727272725,21.50725420575752,6.6574747474747475,0.4864117543190079
RHF_MPM_P23,501,0.02505,25.05,0,255,5.862152777777778,31.542219692712266,84415,331.03921568627453,19,247,255,0.989510327390244,108,108,283,0.01965277777777778,21,19,0.7092731829573935,69.87985865724382,59.96466431095406,0.08854166666666667,0.008263888888888888,0.025486111111111112,0.017916666666666668,0.013194444444444444,1,72.86027364804833,62.48027009417758,12.767732209173095,4.468195033351546,0.9367646596053826,-137.28557047205314,-1.773777891353406,1.773777891353406,0.02760172955043535,1,-0.11395833333333272,-1641,0.5172398374242696,302.0,19.619100155437582,6.516679292929293,0.4718808228342228
RHF_MPM_P23,502,0.0251,25.1,0,255,5.817916666666667,31.561261612118916,83778,328.54117647058825,18,246,255,0.965067458108059,108,108,283,0.01965277777777778,22,20,0.6431818181818182,70.01060070671377,60.15194346289753,0.085625,0.00798611111111111,0.025555555555555557,0.017847222222222223,0.012986111111111111,1,72.57094941392728,62.275191577741175,12.194843095629512,4.4968936896525715,0.9295271367843941,-136.9182489158114,-1.588603839603652,1.588603839603652,0.02636730406550646,0,-0.04423611111111114,-637,0.3546346152781617,297.1818181818182,17.01239217756591,6.386262626262626,0.4481406170413532
RHF_MPM_P23,503,0.02515,25.15,0,255,5.835,31.70407435260578,84024,329.50588235294117,17,247,255,0.9531030232706869,109,109,281,0.01951388888888889,22,20,0.6386363636363637,69.96085409252669,60.04270462633452,0.08451388888888889,0.008263888888888888,0.025555555555555557,0.017986111111111112,0.013194444444444444,1,72.55084261639531,62.27800390364658,12.049022364586213,4.4482229958368045,0.9293590680281787,-136.85924231526647,-1.4812800163708715,1.4812800163708715,0.02461201561458631,-2,0.017083333333332895,246,0.020302524079278232,292.90909090909093,14.443964108704844,6.266439393939394,0.40080776946701124
RHF_MPM_P23,504,0.0252,25.2,0,255,5.834791666666667,31.72112638265506,84021,329.49411764705883,17,247,255,0.9531564244371594,106,106,288,0.02,23,20,0.6260869565217392,70.20833333333333,60.3125,0.08430555555555555,0.008194444444444445,0.025694444444444443,0.01826388888888889,0.013055555555555556,1,72.62883088751622,62.3557801025934,12.02127986233365,4.288827034268326,0.9341924121005821,-137.20022458744535,-1.5273321068768753,1.5273321068768753,0.024839028338153556,7,-0.00020833333333314386,-3,0.11014221513589961,289.3636363636364,9.622631725381266,6.154141414141415,0.32598031900540303
RHF_MPM_P23,505,0.02525,25.25,0,255,5.789097222222222,31.52586513953429,83363,326.9137254901961,17,246,255,0.95424314102161,108,108,282,0.019583333333333335,22,19,0.6746411483253588,69.9290780141844,60.04255319148936,0.08486111111111111,0.008333333333333333,0.025555555555555557,0.017847222222222223,0.013194444444444444,1,72.58809063973226,62.25152645658146,12.083290541708802,4.31521224045197,0.934057642099928,-137.9898846662827,-1.5401674966331131,1.5401674966331131,0.027290284658661516,-6,-0.045694444444444926,-658,0.11193118643292121,286.54545454545456,6.228433866531141,6.061736111111111,0.26695004474412226
RHF_MPM_P23,506,0.0253,25.3,0,255,5.979236111111111,32.33672103343584,86101,337.65098039215684,18,250,255,0.9577514217552607,110,110,287,0.019930555555555556,22,20,0.6522727272727272,70.03484320557492,60.08710801393728,0.08548611111111111,0.009027777777777777,0.025625,0.018680555555555554,0.014097222222222223,1,72.62154911092786,62.239451342028545,11.800277613179599,4.412684421645546,0.9274498694497157,-137.9447484888419,-1.5402419366453333,1.5402419366453333,0.027351598703847808,5,0.19013888888888886,2738,0.03557074199694002,285.3636363636364,4.578064840732425,6.006205808080808,0.20837814600682456
RHF_MPM_P23,507,0.02535,25.35,0,255,6.035208333333333,32.530975782679256,86907,340.81176470588235,18,251,255,0.9590189023422417,109,109,291,0.02020833333333333,22,20,0.6613636363636364,70.21305841924399,60.23024054982818,0.08555555555555555,0.009305555555555555,0.02625,0.018958333333333334,0.014166666666666666,1,72.58418769489224,62.07160527920651,11.307503239271634,4.471285991877619,0.9184976394718494,-139.39564691639723,-1.3429309470096167,1.3429309470096167,0.024704569252189123,4,0.055972222222222534,806,0.17195399446667667,284.8181818181818,3.3525616208337774,5.9676767676767675,0.1528814224986798
RHF_MPM_P23,508,0.0254,25.4,0,255,6.0938888888888885,32.70427157606461,87752,344.12549019607843,18,253,255,0.9682069564334239,111,111,292,0.020277777777777777,22,20,0.6636363636363637,70.16780821917808,60.24657534246575,0.08638888888888889,0.009375,0.02652777777777778,0.01902777777777778,0.014305555555555556,1,72.54135518278785,62.03835810010028,11.107430350657845,4.540946070320805,0.9126147801223559,-139.5545018577232,-1.3375433752168047,1.3375433752168047,0.02436411705716109,1,0.05868055555555518,845,0.054221757733345054,285.0,3.668043818514912,5.949008838383838,0.12032702284521606
RHF_MPM_P23,509,0.02545,25.45,0,255,6.090138888888889,32.61812826707529,87698,343.9137254901961,18,252,255,0.9667585120143909,109,109,293,0.02034722222222222,22,20,0.6659090909090909,70.2901023890785,60.279863481228666,0.08590277777777777,0.009166666666666667,0.02638888888888889,0.01888888888888889,0.014375,1,72.72404159729983,62.221681224201234,11.473179708773124,4.516993158038388,0.9192388980522916,-138.77012279300467,-1.462062796262654,1.462062796262654,0.02527993796893886,1,-0.003749999999999254,-54,0.2588082183343001,285.90909090909093,4.252369295827818,5.944255050505052,0.11342665378819819
RHF_MPM_P23,510,0.0255,25.5,0,255,6.077013888888889,32.49421058648287,87509,343.17254901960786,19,252,255,0.9833584916525823,110,110,292,0.020277777777777777,22,20,0.6636363636363637,70.1917808219178,60.25684931506849,0.08791666666666667,0.009097222222222222,0.026597222222222223,0.01888888888888889,0.013888888888888888,1,72.74500908477985,62.2221485790033,11.618155154229683,4.524547248573931,0.9210528230345504,-139.5905598947126,-1.4984759427802326,1.4984759427802326,0.02727719434572444,-1,-0.013125000000000497,-189,0.02097269538556911,286.72727272727275,4.473983563405193,5.944595959595959,0.11381884093284277
RHF_MPM_P23,511,0.02555,25.55,0,255,6.133680555555555,32.658763568794214,88325,346.37254901960785,19,253,255,0.9947448266195519,111,111,289,0.020069444444444445,22,19,0.6913875598086124,70.11418685121107,60.141868512110726,0.089375,0.009166666666666667,0.02638888888888889,0.01902777777777778,0.014305555555555556,1,72.69659779224455,62.27825643928673,11.826125600353901,4.644163882925786,0.9196650281266462,-138.19259909741697,-1.4811162010733725,1.4811162010733725,0.027500707613925843,-3,0.05666666666666664,816,0.07410631032863121,287.3636363636364,4.24848052565379,5.958920454545455,0.12613293528773337
RHF_MPM_P23,512,0.0256,25.6,0,255,5.982430555555555,32.33899924039359,86147,337.8313725490196,18,251,255,0.9467755759038597,109,109,287,0.019930555555555556,22,19,0.6866028708133971,70.11846689895471,60.069686411149824,0.08416666666666667,0.009236111111111112,0.025763888888888888,0.01840277777777778,0.013958333333333333,1,72.42681695241853,62.04618849176408,11.370170634380429,4.503894055177365,0.9182009488231014,-137.96084534595536,-1.394958138152002,1.394958138152002,0.02434211290004295,-2,-0.1512500000000001,-2178,0.3558612563972151,287.72727272727275,4.024717022032483,5.969854797979798,0.12242930207045458
RHF_MPM_P23,513,0.02565,25.65,0,255,5.907638888888889,32.11857713540455,85070,333.6078431372549,18,251,255,0.945309759262534,110,110,282,0.019583333333333335,22,19,0.6746411483253588,69.98581560283688,60.02482269503546,0.08375,0.008888888888888889,0.025416666666666667,0.01826388888888889,0.01361111111111111,1,72.42349829552134,62.04930057599624,11.46829809962738,4.519700901869355,0.9190658971257739,-137.91894454791753,-1.555963605879865,1.555963605879865,0.02536734453979076,-5,-0.07479166666666615,-1077,0.004549566118804073,287.6363636363636,4.140108195176618,5.978011363636363,0.11478520353675548
RHF_MPM_P23,514,0.0257,25.7,0,255,5.7970138888888885,31.598790931068276,83477,327.3607843137255,18,246,255,0.9419026704150909,109,109,277,0.01923611111111111,22,19,0.6626794258373205,69.93862815884476,59.92057761732852,0.083125,0.008263888888888888,0.025277777777777777,0.017777777777777778,0.013194444444444444,1,72.51617810894018,62.11962576518083,11.84242449252306,4.37586579999724,0.9292277098823631,-138.61317026083086,-1.5513820556620979,1.5513820556620979,0.026102998430705463,-5,-0.11062500000000064,-1593,0.11634079271347149,287.27272727272725,4.825894341813454,5.97455808080808,0.11950988221266498
RHF_MPM_P23,515,0.02575,25.75,0,255,5.778402777777778,31.522879569255252,83209,326.30980392156863,17,247,255,0.957806117852913,110,110,271,0.018819444444444444,21,18,0.716931216931217,69.65682656826569,59.730627306273064,0.08555555555555555,0.008402777777777778,0.024722222222222222,0.017638888888888888,0.013194444444444444,1,72.51617012582774,62.03671477844944,11.895913611414764,4.450564139925812,0.9273781003122052,-139.3925645947274,-1.5696832694499419,1.5696832694499419,0.028037832446009447,-6,-0.018611111111110468,-268,0.08291098711571299,285.72727272727275,6.702657669515186,5.969431818181818,0.12640552330519017
RHF_MPM_P23,516,0.0258,25.8,0,255,5.872361111111111,31.988180759681278,84562,331.6156862745098,17,251,255,0.9639744172710816,111,111,279,0.019375,21,19,0.6992481203007519,69.80645161290323,59.89964157706093,0.08631944444444445,0.008819444444444444,0.025069444444444443,0.018194444444444444,0.013472222222222222,1,72.51661502802678,61.98760672642558,11.732012289651092,4.424340086230224,0.9261656682090115,-140.0151533244539,-1.4962548711078898,1.4962548711078898,0.0281686809678106,8,0.09395833333333314,1353,0.049110067313586116,285.45454545454544,6.9066981502627565,5.9770012626262625,0.11756383713956975
RHF_MPM_P23,517,0.02585,25.85,0,255,5.770347222222222,31.721434588924833,83093,325.85490196078433,17,250,255,0.9498999562025421,111,111,272,0.01888888888888889,21,19,0.681704260651629,69.65073529411765,59.77205882352941,0.08513888888888889,0.008541666666666666,0.024583333333333332,0.017847222222222223,0.013541666666666667,1,72.22389370945808,61.9380212532945,11.854407241822166,4.358673761449716,0.9299508627272249,-138.44082033705482,-1.5404503428488778,1.5404503428488778,0.02802883516060318,-7,-0.10201388888888907,-1469,0.29689137658448206,284.09090909090907,7.879254065461983,5.9580113636363645,0.13169107542075487
RHF_MPM_P23,518,0.0259,25.9,0,255,5.578819444444444,31.45418023350544,80335,315.03921568627453,15,247,255,0.8770749368067234,110,110,272,0.01888888888888889,23,18,0.6570048309178744,69.65808823529412,59.75,0.07694444444444444,0.008125,0.02409722222222222,0.017777777777777778,0.01361111111111111,1,71.66822680027386,61.43507811041265,10.69932836478733,4.087031449075905,0.9241666497020926,-138.94006265153487,-1.6015556130060804,1.6015556130060804,0.02558038214974793,0,-0.19152777777777796,-2758,0.7494781644145659,282.3636363636364,8.249217343291393,5.916521464646465,0.16778220280258582
RHF_MPM_P23,519,0.02595,25.95,0,11,0.017638888888888888,0.32654756781089317,254,23.09090909090909,0,0,7,0.051709778099395316,3,8,8,0.0005555555555555556,93,101,0.0008516980730331097,88.25,57.125,0.004166666666666667,0.0,0.0,0.0,0.0,0,87.53543307086615,57.023622047244096,33.47163342399574,24.00607513137926,0.696860637053233,109.86146263010797,-0.22769349144473666,0.22769349144473666,0.0,-264,-5.561180555555556,-80081,16.46903699160306,256.54545454545456,78.9699179047585,5.3641351010101,1.6980892561587262
RHF_MPM_P23,520,0.026,26.0,0,255,3.148125,22.58942883508758,45333,177.7764705882353,1,109,255,0.6310915245772717,101,101,156,0.010833333333333334,17,17,0.5397923875432526,63.44230769230769,54.05769230769231,0.0525,0.003263888888888889,0.014305555555555556,0.009097222222222222,0.006111111111111111,1,63.150442282663846,53.12220678093221,7.235066288536804,5.07823206099828,0.7122838052165702,51.636953937815306,-0.8504362505506743,0.8504362505506743,0.013080978536606887,148,3.130486111111111,45079,24.695117266798363,244.0909090909091,82.94187948136228,5.096679292929293,1.791782731005514
RHF_MPM_P23,521,0.02605,26.05,0,255,5.67125,29.234955410979246,81666,320.25882352941176,22,177,255,0.9566730315960643,94,94,303,0.021041666666666667,28,33,0.32792207792207795,58.600660066006604,47.84488448844885,0.08104166666666666,0.005902777777777778,0.028194444444444446,0.016527777777777777,0.009236111111111112,1,57.625707148629786,45.90709720079347,13.667161029223866,4.144741519366966,0.9529069599089669,54.71317482465038,-0.6896082686335793,0.6896082686335793,0.003012269487914187,147,2.523125,36333,9.087381611588683,245.0909090909091,83.57735072206471,5.0597916666666665,1.7753219123489492
RHF_MPM_P23,522,0.0261,26.1,0,255,6.808055555555556,30.50035458076626,98036,384.4549019607843,39,209,255,1.2455914475210155,90,90,338,0.02347222222222222,45,57,0.13177387914230018,55.07396449704142,43.9792899408284,0.11069444444444444,0.006666666666666667,0.035416666666666666,0.013888888888888888,0.010277777777777778,1,52.89202945856624,40.72110245216043,20.97720155197521,4.432964411077225,0.9774162904474678,53.69393162378123,-0.734169450532702,0.734169450532702,0.006895426169978376,35,1.136805555555556,16370,7.021555810947801,249.54545454545453,87.03328896709438,5.121098484848485,1.8223683968230153
RHF_MPM_P23,523,0.02615,26.15,0,255,5.848125,30.659191626763377,84213,330.2470588235294,22,238,255,1.0576716017219896,107,107,261,0.018125,20,20,0.6525,61.00766283524904,51.888888888888886,0.094375,0.007361111111111111,0.02375,0.01659722222222222,0.012291666666666666,1,56.34238181753411,46.94240794176671,17.66378174642369,4.408552983883945,0.9683537986608698,45.39179977286676,-1.6744683000622222,1.6744683000622222,0.023939296783156996,-77,-0.9599305555555562,-13823,7.1140405815570364,247.1818181818182,86.33425337480554,5.108888888888888,1.816998701962525
RHF_MPM_P23,524,0.0262,26.2,0,255,6.014236111111111,33.03491217383724,86605,339.62745098039215,14,251,255,0.8842266792720553,107,107,318,0.022083333333333333,23,22,0.6284584980237155,59.75157232704402,50.795597484276726,0.0775,0.009236111111111112,0.0275,0.020069444444444445,0.014513888888888889,1,59.140107384100226,49.96136481727383,11.003565028156993,4.664272964357664,0.9057148788540212,-136.25410359323044,2.4682862783506403,2.4682862783506403,0.022596847757057906,57,0.16611111111111132,2392,4.115989426855882,250.45454545454547,88.2531108247632,5.118579545454545,1.8215115138378546
RHF_MPM_P23,525,0.02625,26.25,0,255,6.849583333333333,35.55457092576533,98634,386.8,17,255,255,0.9303275724610642,108,108,357,0.024791666666666667,25,23,0.6208695652173913,58.9327731092437,50.148459383753504,0.08131944444444444,0.010555555555555556,0.03111111111111111,0.023194444444444445,0.0175,1,58.6863657562301,49.67863008698826,9.428569418150323,4.784972580107778,0.861653405929602,-138.64906025702024,0.8078003175869836,0.8078003175869836,0.010006691404586654,39,0.8353472222222225,12029,0.5346217284883643,257.72727272727275,93.29337003539953,5.214267676767676,1.881303433492224
RHF_MPM_P23,526,0.0263,26.3,0,255,7.548402777777778,36.95837961596491,108697,426.2627450980392,24,255,255,1.0229024944859408,107,107,403,0.02798611111111111,30,27,0.49753086419753084,57.16129032258065,48.883374689826304,0.08979166666666667,0.010555555555555556,0.034930555555555555,0.025694444444444443,0.018125,1,57.19923272951415,48.64739597228994,10.63218752893677,4.651119246845236,0.8992395871178952,-139.21616676874666,0.41845286562477974,0.41845286562477974,0.008583493564679799,46,0.6988194444444442,10063,1.8096984385435506,269.72727272727275,102.2848881658842,5.375176767676768,1.9949358126888241
RHF_MPM_P23,527,0.02635,26.35,0,255,7.932083333333333,37.0609329137503,114222,447.9294117647059,31,255,255,1.1228799985271392,103,103,430,0.029861111111111113,32,30,0.4479166666666667,56.616279069767444,48.54883720930233,0.09958333333333333,0.010763888888888889,0.03798611111111111,0.025972222222222223,0.017430555555555557,1,56.72176988671184,48.110171420566964,11.615534015199062,4.881328122030297,0.9074123521797549,-138.93321575716774,0.5037778256787129,0.5037778256787129,0.007914412284848803,27,0.38368055555555536,5525,0.7187356852354134,283.45454545454544,112.25487528296215,5.562424242424242,2.125224244715273
RHF_MPM_P23,528,0.0264,26.4,0,255,8.007430555555555,36.951841974959784,115307,452.1843137254902,35,255,255,1.1706845139989788,105,105,411,0.028541666666666667,33,29,0.42946708463949845,57.223844282238446,49.065693430656935,0.10444444444444445,0.010972222222222222,0.03840277777777778,0.025138888888888888,0.017638888888888888,1,56.0380636041177,47.68536168662787,12.791144751450718,4.6764873838200005,0.9307706889628363,-139.20468385497756,0.7216240351143318,0.7216240351143318,0.009374972898436348,-19,0.07534722222222179,1085,0.8049332835136691,296.09090909090907,117.93407599583648,5.765795454545454,2.239363232345493
RHF_MPM_P23,529,0.02645,26.45,0,255,7.879097222222223,36.50865623027706,113459,444.9372549019608,35,255,255,1.1561723419359908,107,107,387,0.026875,31,28,0.44585253456221197,58.041343669250644,49.594315245478036,0.10243055555555555,0.010763888888888889,0.03652777777777778,0.023819444444444445,0.017361111111111112,1,55.93804810548304,47.39351660071039,13.554039063242037,4.453681439142017,0.9444736967071484,-138.10603254846518,0.8218871984864824,0.8218871984864824,0.00906935544998634,-24,-0.12833333333333208,-1848,0.3085071379098401,306.54545454545456,120.40640547470406,5.9749116161616165,2.3181552937148893
RHF_MPM_P23,530,0.0265,26.5,0,255,7.426111111111111,34.97999366922135,106936,419.35686274509806,33,254,255,1.1698923691252159,108,108,347,0.02409722222222222,27,26,0.4943019943019943,59.331412103746395,50.46397694524496,0.10423611111111111,0.00986111111111111,0.03284722222222222,0.021666666666666667,0.016041666666666666,1,56.21611057080871,47.311971646592355,14.271090541452315,4.523645509973498,0.9484323336378025,-137.2434113130782,0.9962968641860727,0.9962968641860727,0.013101294232064038,-40,-0.45298611111111153,-6523,0.28977286650944584,337.3636363636364,74.79337929774842,6.648409090909092,1.3731045751472284
RHF_MPM_P23,531,0.02655,26.55,0,255,6.9198611111111115,33.258661695240946,99646,390.7686274509804,30,251,255,1.1771258949384815,107,107,314,0.021805555555555557,25,24,0.5233333333333333,60.37579617834395,51.47770700636943,0.1057638888888889,0.008888888888888889,0.029513888888888888,0.019583333333333335,0.014375,1,56.12262408927604,47.358087630210946,15.56085073165599,4.334269970960147,0.9604255497551746,-137.22270954560258,1.211618744408319,1.211618744408319,0.019759950223792226,-33,-0.5062499999999996,-7290,0.10424205568996035,351.72727272727275,49.46824676513742,6.9912941919191915,0.8128515061722507
RHF_MPM_P23,532,0.0266,26.6,0,255,6.0784722222222225,30.750069248328625,87530,343.2549019607843,25,231,255,1.106022672912439,106,106,273,0.018958333333333334,24,22,0.5170454545454546,61.01831501831502,52.35164835164835,0.09930555555555555,0.007152777777777778,0.024652777777777777,0.016805555555555556,0.012222222222222223,1,56.305038272592256,47.71105906546327,16.4030775602308,4.176566336179339,0.9670409496857157,-137.56357793923607,1.378522716190529,1.378522716190529,0.024425911116188734,-41,-0.841388888888889,-12116,0.3973207374137509,349.0,52.794627825875686,7.028314393939394,0.7594049771642113
RHF_MPM_P23,533,0.02665,26.65,0,255,5.418472222222222,28.81552471034601,78026,305.9843137254902,21,213,255,1.0592230536375848,107,107,235,0.016319444444444445,21,20,0.5595238095238095,61.96170212765958,53.06808510638298,0.09583333333333334,0.006111111111111111,0.022152777777777778,0.014583333333333334,0.010555555555555556,1,56.83847691795042,48.25210827160178,16.781308217156653,3.9778037354075924,0.9715004372654352,-137.6768204690336,1.5556947830007135,1.5556947830007135,0.029502986184092483,-38,-0.6600000000000001,-9504,0.7597967042733657,339.6363636363636,62.20972260649343,6.901988636363637,0.8899025895320546
RHF_MPM_P23,534,0.0267,26.7,0,255,5.225833333333333,28.74488069156354,75252,295.1058823529412,18,216,255,1.0294629017010908,108,108,231,0.016041666666666666,20,19,0.6078947368421053,62.58874458874459,53.60606060606061,0.09409722222222222,0.006388888888888889,0.021319444444444443,0.014791666666666667,0.010833333333333334,1,57.780510816988254,49.07330037739861,16.15967829829423,4.058070442256741,0.9679551273528917,-137.54104089555267,1.7845118569607599,1.7845118569607599,0.034191782278211874,-4,-0.19263888888888925,-2774,1.249713703837585,336.90909090909093,66.13134938817464,6.845416666666666,0.9711687699941801
RHF_MPM_P23,535,0.02675,26.75,0,255,4.9927777777777775,28.44371055368354,71896,281.9450980392157,16,210,255,0.9697744333067975,108,108,229,0.015902777777777776,19,19,0.6343490304709142,62.851528384279476,53.646288209606986,0.08770833333333333,0.006111111111111111,0.02125,0.014097222222222223,0.010486111111111111,1,58.944461444308445,50.00788639145432,14.723484875710424,4.1130075545938665,0.9601893040109957,-137.24184446541338,2.040150921269024,2.040150921269024,0.03563480583064427,-2,-0.23305555555555557,-3356,1.4927263917100164,328.8181818181818,73.03401222819927,6.752556818181817,1.0880096025877626
RHF_MPM_P23,536,0.0268,26.8,0,255,4.862777777777778,28.559038325226012,70024,274.60392156862747,14,215,255,0.9163924442063125,108,108,231,0.016041666666666666,19,19,0.6398891966759003,62.77922077922078,53.666666666666664,0.08222222222222222,0.0061805555555555555,0.020972222222222222,0.014583333333333334,0.010625,1,59.847895007426025,50.809922312350054,13.30609738033638,4.247720031433328,0.9476769007670676,-136.9374043916038,2.2858420200532983,2.2858420200532983,0.03268879241402948,2,-0.1299999999999999,-1872,1.2080785658947826,317.3636363636364,77.46233422212693,6.571938131313132,1.2144737099948462
RHF_MPM_P23,537,0.02685,26.85,0,255,5.019930555555556,29.44307511482793,72287,283.47843137254904,14,225,255,0.907742353392037,108,108,242,0.016805555555555556,20,19,0.6368421052631579,62.59090909090909,53.49586776859504,0.08166666666666667,0.007013888888888889,0.021736111111111112,0.015555555555555555,0.011597222222222222,1,60.79324083168481,51.74355001590881,11.439830850583862,4.460746609157156,0.9208440063108243,-137.3409270413488,2.464296950623389,2.464296950623389,0.026948137286095703,11,0.15715277777777814,2263,1.328660760426047,302.72727272727275,75.07219665591118,6.34207702020202,1.2467578750851458
RHF_MPM_P23,538,0.0269,26.9,0,255,5.279722222222222,30.307334644540635,76028,298.1490196078431,14,237,255,0.9183012219212096,109,109,256,0.017777777777777778,21,20,0.6095238095238096,62.16015625,53.15234375,0.08208333333333333,0.0075,0.023125,0.01659722222222222,0.012361111111111111,1,60.84091387383596,51.762008733624455,10.504854495616378,4.7589238779926655,0.8914996422950534,-137.78779927569383,2.0541440451815483,2.0541440451815483,0.019295522702162362,14,0.25979166666666664,3741,0.051121846676845134,286.90909090909093,64.1212694047977,6.100953282828283,1.170057792161353
RHF_MPM_P23,539,0.02695,26.95,0,255,5.462916666666667,30.94389209779084,78666,308.49411764705883,15,243,255,0.9090805384263279,109,109,267,0.018541666666666668,22,20,0.6068181818181818,61.89138576779026,52.97003745318352,0.080625,0.0077777777777777776,0.023958333333333335,0.017152777777777777,0.012986111111111111,1,60.72270103983932,51.69256095390639,10.060340616221996,4.518764098425912,0.8934482649734422,-137.24329409055295,1.5889807857458433,1.5889807857458433,0.01709760252205527,11,0.18319444444444422,2638,0.13710312990331672,273.8181818181818,50.757566711894256,5.869633838383839,1.0109953331405146
RHF_MPM_P23,540,0.027,27.0,0,255,5.557291666666667,31.178245102393607,80025,313.8235294117647,15,244,255,0.9083760472088148,108,108,277,0.01923611111111111,23,20,0.6021739130434782,61.83393501805054,52.7797833935018,0.08006944444444444,0.007847222222222222,0.025,0.017361111111111112,0.013194444444444444,1,60.93514526710403,52.04601062168072,8.995926124355075,4.710598602338444,0.8519415636830598,-139.08006432462608,0.7993675655523278,0.7993675655523278,0.015570134333020931,10,0.09437500000000032,1359,0.41238236789160626,263.8181818181818,36.23112218626458,5.658560606060605,0.7869833507398848
RHF_MPM_P23,541,0.02705,27.05,0,255,5.579097222222222,31.595698885669258,80339,315.0549019607843,14,246,255,0.8337973310803535,107,107,284,0.01972222222222222,23,21,0.587991718426501,61.66197183098591,52.524647887323944,0.071875,0.008125,0.025347222222222222,0.017986111111111112,0.01326388888888889,1,61.10115883941797,51.96807279154582,9.017406364222763,4.42566582543472,0.8712770888720535,-138.48994469135434,0.6946624562807734,0.6946624562807734,0.011700419472485343,7,0.021805555555554967,314,0.183397959526738,258.09090909090907,26.2278635509315,5.490650252525253,0.5547085741145567
RHF_MPM_P23,542,0.0271,27.1,0,255,5.735555555555556,31.852549823317347,82592,323.89019607843136,15,248,255,0.8780444759741828,110,110,281,0.01951388888888889,23,20,0.6108695652173913,61.74733096085409,52.70106761565836,0.07631944444444444,0.008333333333333333,0.025555555555555557,0.01840277777777778,0.013680555555555555,1,60.96404010073615,51.7940115265401,9.231586245245465,4.761999574358498,0.8566863714197775,-138.11436885437323,0.7173167148970745,0.7173167148970745,0.012374079814025572,-3,0.15645833333333403,2253,0.22158265381812825,255.0909090909091,21.034407074879375,5.382986111111111,0.3403935306109948
RHF_MPM_P23,543,0.02715,27.15,0,255,5.902777777777778,32.24534407486099,85000,333.3333333333333,16,249,255,0.9207727592541448,109,109,289,0.020069444444444445,24,21,0.5734126984126984,61.61245674740484,52.4083044982699,0.08076388888888889,0.008541666666666666,0.02625,0.018958333333333334,0.013819444444444445,1,60.58457647058824,51.14745882352941,9.854565451494402,4.815734762393845,0.8724627731550914,-137.15655896478398,0.9354272295136353,0.9354272295136353,0.015529411764705882,8,0.16722222222222172,2408,0.749681962151592,256.54545454545456,22.70908363053963,5.367013888888889,0.3101644032939742
RHF_MPM_P23,544,0.0272,27.2,0,255,5.743125,31.748666659858642,82701,324.3176470588235,16,247,255,0.8811386451770545,107,107,285,0.019791666666666666,23,21,0.5900621118012422,61.747368421052634,52.550877192982455,0.07625,0.008125,0.025625,0.018194444444444444,0.01326388888888889,1,60.42862843254616,51.22514842625845,10.204043386688646,4.394694794023456,0.9025038890735332,-137.25370243133617,1.0674928139820394,1.0674928139820394,0.01580392014606837,-4,-0.15965277777777764,-2299,0.1742281978939364,261.09090909090907,22.944417207498113,5.396527777777778,0.32855764259712283
RHF_MPM_P23,545,0.02725,27.25,0,255,5.845625,31.854495392215966,84177,330.1058823529412,17,247,255,0.9340811506494516,108,108,288,0.02,23,21,0.5962732919254659,61.767361111111114,52.59027777777778,0.08215277777777778,0.008402777777777778,0.025763888888888888,0.018194444444444444,0.013333333333333334,1,60.20802594532948,50.99465412167219,10.76861935317985,4.472593759062507,0.9096681400478971,-137.7904006945653,1.2451598272109128,1.2451598272109128,0.018758093065801822,3,0.10250000000000004,1476,0.31905028101051525,266.27272727272725,21.979705139435538,5.452872474747474,0.3470762449113775
RHF_MPM_P23,546,0.0273,27.3,0,255,5.840416666666667,31.578604832381725,84102,329.81176470588235,17,244,255,0.9642031352771142,108,108,284,0.01972222222222222,23,21,0.587991718426501,61.70422535211268,52.514084507042256,0.08486111111111111,0.00798611111111111,0.025763888888888888,0.018055555555555554,0.013125,1,60.02134313096003,50.7534184680507,10.989897550783223,4.397396564831168,0.9164580394602528,-137.48688255751512,1.1970038776600662,1.1970038776600662,0.020082756652636084,-4,-0.005208333333333037,-75,0.3050329715933835,271.27272727272725,18.98368155256657,5.529930555555556,0.3300505556473264
RHF_MPM_P23,547,0.02735,27.35,0,255,5.788611111111111,31.413079516940936,83356,326.8862745098039,17,245,255,0.9703506590554204,108,108,281,0.01951388888888889,24,21,0.5575396825396826,61.91103202846975,52.72597864768683,0.08618055555555555,0.008125,0.025347222222222222,0.017638888888888888,0.012847222222222222,1,60.25032391189596,50.95871922836989,10.958857115370943,4.535496616079919,0.910337885447735,-137.59283345663712,1.2249950481101735,1.2249950481101735,0.01989058975958539,-3,-0.051805555555556104,-746,0.30753959131413955,275.8181818181818,14.173074227486826,5.614097222222222,0.2597491022794125
RHF_MPM_P23,548,0.0274,27.4,0,255,5.806805555555556,31.575329387143938,83618,327.9137254901961,17,245,255,0.9603003900096935,109,109,277,0.01923611111111111,23,20,0.6021739130434782,62.04332129963899,52.855595667870034,0.08486111111111111,0.008125,0.025208333333333333,0.017777777777777778,0.013125,1,60.24901337032696,51.04011098088928,10.958634992618055,4.453429063223853,0.9137017684270636,-137.9475944095538,1.320261698471584,1.320261698471584,0.021048099691453992,-4,0.018194444444445068,262,0.08140230277690187,279.0,9.32250454057765,5.685631313131314,0.18339714572449553
RHF_MPM_P23,549,0.02745,27.45,0,255,5.5875,30.866265914875058,80460,315.52941176470586,17,240,255,0.9491674494920093,107,107,275,0.019097222222222224,22,21,0.5952380952380952,61.96,52.68,0.08375,0.0075,0.024583333333333332,0.017222222222222222,0.012638888888888889,1,60.19954014417102,50.874558786974895,11.22467874328863,4.391725412246286,0.9202817871562216,-137.79233871567848,1.3979512945201498,1.3979512945201498,0.022532935620183943,-2,-0.21930555555555564,-3158,0.17278636814327716,280.72727272727275,6.106492954089696,5.713611111111111,0.13692587515219792
RHF_MPM_P23,550,0.0275,27.5,0,255,5.610138888888889,30.937795250804637,80786,316.8078431372549,16,242,255,0.9733630890212193,110,110,261,0.018125,21,19,0.6541353383458647,62.42528735632184,53.24521072796935,0.08715277777777777,0.00798611111111111,0.024305555555555556,0.016875,0.012708333333333334,1,60.071101428465326,50.87918698784443,11.913585617765387,4.448965329485567,0.9276558252132472,-137.22489529926668,1.6436546130332845,1.6436546130332845,0.0276161711187582,-14,0.02263888888888843,326,0.12852207567346596,280.1818181818182,7.432339431261708,5.726994949494951,0.11759871907763772
RHF_MPM_P23,551,0.02755,27.55,0,255,5.851041666666666,31.600970761696505,84255,330.4117647058824,17,246,255,1.019725252821158,108,108,283,0.01965277777777778,23,21,0.5859213250517599,61.96466431095406,52.7208480565371,0.09215277777777778,0.008263888888888888,0.025347222222222222,0.017777777777777778,0.013125,1,60.33516111803454,51.051498427393035,11.030641966974574,4.705028411934873,0.9044679133999084,-136.5587573568146,1.4021454684906316,1.4021454684906316,0.02357130140644472,22,0.24090277777777747,3469,0.31530739264201213,280.72727272727275,7.398905436136656,5.753699494949495,0.10907377387755991
RHF_MPM_P23,552,0.0276,27.6,0,255,5.7491666666666665,31.732302580861248,82788,324.6588235294118,16,248,255,0.9280595652666899,110,110,278,0.019305555555555555,22,21,0.6017316017316018,62.03237410071942,52.84532374100719,0.08180555555555556,0.008333333333333333,0.025416666666666667,0.017916666666666668,0.013402777777777777,1,60.81027443590859,51.555285790211144,10.011270478725095,4.718567999298373,0.8819592876005772,-136.99545415739027,1.2296606940072934,1.2296606940072934,0.017599168961685268,-5,-0.10187499999999972,-1467,0.6924842032541324,280.1818181818182,7.358584125399295,5.769160353535354,0.09427866956634719
RHF_MPM_P23,553,0.02765,27.65,0,255,5.753541666666667,31.56262328840057,82851,324.90588235294115,16,245,255,0.9516905875903343,109,109,279,0.019375,23,20,0.6065217391304348,61.924731182795696,52.86021505376344,0.08430555555555555,0.008125,0.025416666666666667,0.017847222222222223,0.01326388888888889,1,60.6718325668972,51.54569045636142,10.143120210211737,4.632279836895693,0.8896249765318228,-137.36980805884036,1.176223422902901,1.176223422902901,0.01792374262229786,1,0.004375000000000462,63,0.1387739944191773,280.0,7.36082999272624,5.770795454545455,0.09383660591736467
RHF_MPM_P23,554,0.0277,27.7,0,255,5.9186805555555555,31.956854349665473,85229,334.2313725490196,17,249,255,0.9918142610790817,109,109,287,0.019930555555555556,24,22,0.5435606060606061,62.00696864111498,52.78048780487805,0.08847222222222222,0.008333333333333333,0.025833333333333333,0.018055555555555554,0.013402777777777777,1,60.78481502774877,51.56228513768787,9.976260672931799,4.736796558942985,0.8800900454630749,-137.13330253831057,1.0230028603145427,1.0230028603145427,0.020720646728226308,8,0.1651388888888885,2378,0.11419465796788765,279.8181818181818,7.158188976374373,5.7722411616161615,0.09595741167436914
RHF_MPM_P23,555,0.02775,27.75,0,255,5.772777777777778,31.62360507341796,83128,325.9921568627451,16,246,255,0.9431551910496235,107,107,285,0.019791666666666666,23,21,0.5900621118012422,61.76491228070176,52.603508771929825,0.08305555555555555,0.00798611111111111,0.025625,0.017847222222222223,0.01326388888888889,1,60.492565681840055,51.33583148878837,10.253280785667167,4.5756241085477525,0.8949035956168978,-137.8879199085879,1.112199590384264,1.112199590384264,0.018898566066788566,-2,-0.14590277777777771,-2101,0.3697173721695669,279.8181818181818,7.158188976374373,5.7749368686868685,0.09551709761018642
RHF_MPM_P23,556,0.0278,27.8,0,255,5.560416666666667,30.83571323867019,80070,314.0,16,238,255,0.938243305738274,107,107,270,0.01875,22,20,0.6136363636363636,62.0,52.94814814814815,0.08284722222222222,0.0075,0.024652777777777777,0.017152777777777777,0.012361111111111111,1,60.29721493693019,51.21954539777695,10.619947716746585,4.484404653416648,0.9064736411794427,-138.59090838755458,1.216785472252036,1.216785472252036,0.01962033220931685,-15,-0.212361111111111,-3058,0.22734196378925983,278.1818181818182,7.158188976374374,5.749008838383838,0.11036546320438993
RHF_MPM_P23,557,0.02785,27.85,0,255,5.5500694444444445,30.795070740942,79921,313.4156862745098,16,239,255,0.943234967671366,108,108,266,0.018472222222222223,22,21,0.5757575757575758,62.142857142857146,53.015037593984964,0.08333333333333333,0.007638888888888889,0.02451388888888889,0.017013888888888887,0.012430555555555556,1,60.48779419676931,51.35505061247982,10.48183923707473,4.514985040342986,0.9024743550472849,-138.19257356930794,1.2178811468844952,1.2178811468844952,0.019769522403373332,-4,-0.010347222222222285,-149,0.2338420781050716,276.54545454545456,7.679531666161046,5.722613636363636,0.11967516942827335
RHF_MPM_P23,558,0.0279,27.9,0,255,5.432777777777778,30.583929295838352,78232,306.7921568627451,15,237,255,0.9016476965566588,109,109,258,0.017916666666666668,21,20,0.6142857142857143,62.32170542635659,53.31395348837209,0.07881944444444444,0.007638888888888889,0.023819444444444445,0.016666666666666666,0.012361111111111111,1,60.942287043665,51.8584338889457,9.98962026249096,4.576160824670664,0.8889050084011353,-137.7227839053154,1.2064464545282418,1.2064464545282418,0.017307495653952346,-8,-0.11729166666666657,-1689,0.6782023819663779,274.45454545454544,9.168757587725795,5.6902651515151526,0.1432360089984309
RHF_MPM_P23,559,0.02795,27.95,0,255,5.419791666666667,30.799086114885824,78045,306.05882352941177,15,241,255,0.869245128334903,108,108,268,0.01861111111111111,21,21,0.6077097505668935,62.26865671641791,53.167910447761194,0.07555555555555556,0.007638888888888889,0.02409722222222222,0.017013888888888887,0.012638888888888889,1,61.13298737907618,51.85580114036774,9.83934546661016,4.4662001670428015,0.8910463524153824,-137.3704188501924,1.177323430818618,1.177323430818618,0.018194631302453714,10,-0.012986111111111143,-187,0.19071850799282972,273.6363636363636,9.305645669286685,5.6550820707070715,0.15714498121084922
RHF_MPM_P23,560,0.028,28.0,0,255,5.321666666666666,30.355861643364882,76632,300.5176470588235,14,236,255,0.8841198938672264,107,107,259,0.017986111111111112,21,21,0.5873015873015873,62.35521235521235,53.33976833976834,0.07715277777777778,0.007361111111111111,0.02388888888888889,0.01638888888888889,0.012152777777777778,1,61.18232592128615,51.857057104081846,9.806459182390979,4.579847813372584,0.8842448543786455,-137.61556484485772,1.1720809817728308,1.1720809817728308,0.01893464871072137,-9,-0.09812500000000046,-1413,0.04935452554990768,272.1818181818182,10.18749841555532,5.630915404040405,0.1838512704562514
RHF_MPM_P23,561,0.02805,28.05,0,255,5.303958333333333,30.391008098128072,76377,299.5176470588235,14,235,255,0.8789844015580963,109,109,259,0.017986111111111112,21,19,0.6491228070175439,62.38996138996139,53.32432432432432,0.076875,0.007361111111111111,0.023333333333333334,0.01659722222222222,0.012083333333333333,1,61.22893017531456,51.91802505990023,9.685101387989878,4.626554955459115,0.8785240369049367,-136.95575628893957,1.2331206055172987,1.2331206055172987,0.018421776189166895,0,-0.017708333333333215,-255,0.07674013376465376,272.0,10.401048898155329,5.603080808080808,0.20665320897604997
RHF_MPM_P23,562,0.0281,28.1,0,255,5.239861111111111,30.212315277468466,75454,295.89803921568625,14,235,255,0.8568712142841499,108,108,256,0.017777777777777778,21,19,0.6416040100250626,62.4140625,53.3828125,0.07472222222222222,0.007430555555555556,0.02326388888888889,0.016319444444444445,0.012083333333333333,1,61.15726137779309,52.014976011874786,9.678994563433317,4.456242368089429,0.8877097919826378,-137.3668758400284,1.2849132526397937,1.2849132526397937,0.017798923847642274,-3,-0.06409722222222225,-923,0.12056493531265973,269.54545454545456,10.697184305513096,5.54751893939394,0.2145283756788505
RHF_MPM_P23,563,0.02815,28.15,0,255,5.3533333333333335,30.675211943485863,77088,302.3058823529412,14,241,255,0.8852023506300553,109,109,264,0.018333333333333333,21,20,0.6285714285714286,62.46212121212121,53.321969696969695,0.07777777777777778,0.007569444444444445,0.02347222222222222,0.01673611111111111,0.012638888888888889,1,61.28266396845164,52.02010689082607,9.537173099821274,4.617530633861195,0.874978733485796,-137.58887865301972,1.2977216135069878,1.2977216135069878,0.017992424242424244,8,0.11347222222222264,1634,0.1255075123755046,268.27272727272725,10.445450589444619,5.511534090909091,0.2108530088704801
RHF_MPM_P23,564,0.0282,28.2,0,255,5.367430555555556,30.59743195121229,77291,303.10196078431375,14,238,255,0.8733760480406614,109,109,262,0.018194444444444444,21,21,0.5941043083900227,62.469465648854964,53.278625954198475,0.07611111111111112,0.007430555555555556,0.023958333333333335,0.016666666666666666,0.012291666666666666,1,61.5343830458915,52.26345887619516,9.093090390535984,4.567229043058795,0.8647081290113371,-137.59726676435412,1.0333192649660197,1.0333192649660197,0.015668059670595542,-2,0.014097222222222427,203,0.35011809826150664,266.72727272727275,9.991732119297518,5.47643308080808,0.19947526094348542
RHF_MPM_P23,565,0.02825,28.25,0,255,5.270763888888889,30.532798043430578,75899,297.64313725490194,14,240,255,0.8593259166097825,110,110,257,0.017847222222222223,20,19,0.6763157894736842,62.91050583657587,53.66147859922179,0.07520833333333334,0.007569444444444445,0.022916666666666665,0.01659722222222222,0.0125,1,62.06809048867574,52.5880973398859,8.520761685404539,4.81652168483566,0.8249066962123338,-137.81861433600838,0.9667485223419224,0.9667485223419224,0.01685134191491324,-5,-0.09666666666666668,-1392,0.6246869348647988,264.0,7.977240352174657,5.4175315656565655,0.14962009200237075
RHF_MPM_P23,566,0.0283,28.3,0,255,5.340416666666667,30.846392817092713,76902,301.5764705882353,15,244,255,0.861170133261341,110,110,262,0.018194444444444444,20,19,0.6894736842105263,62.83587786259542,53.69083969465649,0.07583333333333334,0.007847222222222222,0.022847222222222224,0.016944444444444446,0.012916666666666667,1,62.073704194949414,52.94339549036436,8.079010954813175,4.570865750052352,0.8245627846190194,-137.34745568263511,0.7658261267419946,0.7658261267419946,0.02189800005201425,5,0.06965277777777779,1003,0.3553424959550184,261.90909090909093,4.4200893749611705,5.37822601010101,0.09954466059636034
RHF_MPM_P23,567,0.02835,28.35,0,11,0.020416666666666666,0.3490062778009078,294,26.727272727272727,0,0,7,0.05977746728369544,2,8,10,0.0006944444444444445,93,101,0.0010646225912913873,90.9,58.4,0.004861111111111111,0.0,0.0,0.0,0.0,0,87.71768707482993,59.38095238095238,33.55834170836307,25.330817030772113,0.6559213692060132,112.93560114668439,-0.08866877433620354,0.08866877433620354,0.0,-252,-5.32,-76608,26.439667105755362,238.27272727272728,72.27610055020817,4.874589646464647,1.537169257986687
RHF_MPM_P23,568,0.0284,28.4,0,255,3.2197916666666666,22.498143996559598,46365,181.8235294117647,6,101,255,0.7219917124534967,107,107,140,0.009722222222222222,13,13,0.8284023668639053,67.02142857142857,57.142857142857146,0.06243055555555556,0.0035416666666666665,0.012916666666666667,0.008680555555555556,0.006458333333333333,1,69.19924512024156,58.95809338941012,8.716922559382583,5.367026370514939,0.787979115963308,45.14909089821885,0.8991579108849799,0.8991579108849799,0.029332470613609402,130,3.199375,46071,18.52326920800394,226.8181818181818,76.81597629969976,4.662746212121212,1.5891739407554644
RHF_MPM_P23,569,0.02845,28.45,0,255,5.265138888888889,26.671236196668644,75818,297.3254901960784,25,162,255,1.134357224004348,105,105,198,0.01375,21,20,0.4714285714285714,69.51010101010101,59.85353535353536,0.10222222222222223,0.005069444444444444,0.020763888888888887,0.011875,0.008333333333333333,1,77.60393310295709,66.7067714790683,19.125261002286305,4.2697796966053065,0.9747604402317389,-138.68740472734888,-1.101414640823817,1.101414640823817,0.014244638476351263,58,2.0453472222222224,29453,11.431569980713565,221.36363636363637,76.5378964094053,4.647506313131314,1.5825062251470596
RHF_MPM_P23,570,0.0285,28.5,0,255,6.057986111111111,29.634189364272892,87235,342.0980392156863,29,218,255,1.1244829890354222,109,109,226,0.015694444444444445,24,23,0.40942028985507245,69.95575221238938,60.47787610619469,0.09958333333333333,0.006805555555555555,0.02875,0.014097222222222223,0.010694444444444444,1,78.24263197111252,68.06665902447412,20.105752847302956,4.030067308004164,0.9797052651459456,-135.9634483365976,-1.1176706035660127,1.1176706035660127,0.006969679601077549,28,0.792847222222222,11417,1.5024081936454252,217.54545454545453,75.15119745778402,4.70552398989899,1.6209870032890554
RHF_MPM_P23,571,0.02855,28.55,0,255,5.889930555555556,30.56252077928237,84815,332.6078431372549,24,242,255,1.0258059347482882,111,111,243,0.016875,20,19,0.6394736842105263,70.20576131687243,60.584362139917694,0.09048611111111111,0.007916666666666667,0.025208333333333333,0.015555555555555555,0.012083333333333333,1,75.73595472498968,65.38139480044804,17.17272999716295,4.196878626274216,0.9696765067055211,-136.13459974075747,-1.625658260886592,1.625658260886592,0.03623179862052703,17,-0.16805555555555518,-2420,3.6734282038804524,216.0909090909091,74.48667305505003,4.757184343434345,1.6486197509207767
RHF_MPM_P23,572,0.0286,28.6,0,255,5.741736111111111,30.569018580679327,82681,324.2392156862745,22,239,255,1.000052126316534,108,108,261,0.018125,21,21,0.5918367346938775,70.25287356321839,60.56704980842912,0.08854166666666667,0.007916666666666667,0.023819444444444445,0.016180555555555556,0.012152777777777778,1,75.00449921989332,64.53487500151184,17.197244813674956,4.2998017415495635,0.9682384711797005,-137.20855423698754,-1.8851605537355616,1.8851605537355616,0.04067439919691344,18,-0.14819444444444496,-2134,1.1187595478594854,216.27272727272728,74.59355432681458,4.796982323232323,1.666525389993867
RHF_MPM_P23,573,0.02865,28.65,0,255,5.99125,32.386289213076815,86274,338.32941176470587,17,249,255,0.9212219770027139,107,107,302,0.020972222222222222,23,23,0.5708884688090737,71.12251655629139,61.42384105960265,0.0804861111111111,0.008611111111111111,0.026458333333333334,0.01902777777777778,0.01375,1,72.58814938451908,62.36088508704824,10.242753117457154,4.55422910508573,0.8957146323180395,-137.41699867900053,-0.951256824572899,0.951256824572899,0.020678304008160047,41,0.24951388888888903,3593,3.2503813122620744,220.45454545454547,77.91879646770224,4.865290404040405,1.6983731081809619
RHF_MPM_P23,574,0.0287,28.7,0,255,6.625625,34.00966441932249,95409,374.15294117647056,20,254,255,0.988781227024462,107,107,333,0.023125,25,25,0.5328,71.66966966966967,61.96396396396396,0.08701388888888889,0.009652777777777777,0.03027777777777778,0.020763888888888887,0.015486111111111112,1,73.28649288851156,63.23426511125785,10.973410164174753,4.500846858921703,0.9120138714538937,-136.41703186192416,-0.9268221030684977,0.9268221030684977,0.015512163422737897,31,0.6343750000000004,9135,1.1182469835670772,226.72727272727272,83.73235598032895,4.980953282828282,1.7695047697690547
RHF_MPM_P23,575,0.02875,28.75,0,255,6.926944444444445,34.4923916183333,99748,391.1686274509804,25,254,255,1.042537075842667,108,108,338,0.02347222222222222,26,24,0.5416666666666666,71.67159763313609,61.87869822485207,0.0920138888888889,0.009930555555555555,0.030625,0.021666666666666667,0.01576388888888889,1,73.73667642458997,63.652724866663995,11.737469793640381,4.541574097140185,0.9221092726432721,-136.26875248135144,-1.026018956797924,1.026018956797924,0.012882463808798171,5,0.30131944444444425,4339,0.6146330474768142,233.63636363636363,89.30771393667538,5.122727272727273,1.8551901849335757
RHF_MPM_P23,576,0.0288,28.8,0,255,7.003263888888889,34.85312719768688,100847,395.47843137254904,26,255,255,1.068376567965706,110,110,332,0.023055555555555555,24,23,0.6014492753623188,71.23493975903614,61.60843373493976,0.09527777777777778,0.010486111111111111,0.029652777777777778,0.021458333333333333,0.016458333333333332,1,73.70556387398733,63.595902704096304,11.988888754384663,4.66295240853139,0.9212632982139605,-136.72138672650183,-1.1403480865323359,1.1403480865323359,0.017035707556992276,-6,0.0763194444444446,1099,0.0647823198401473,240.45454545454547,93.59133957250108,5.280227272727273,1.9329833564634704
RHF_MPM_P23,577,0.02885,28.85,0,255,7.080277777777778,35.04117934549063,101956,399.82745098039214,27,255,255,1.0814036177568254,111,111,336,0.023333333333333334,25,23,0.5843478260869566,71.44345238095238,61.6875,0.09694444444444444,0.010763888888888889,0.029305555555555557,0.021736111111111112,0.01673611111111111,1,74.06397857899486,63.79295970810938,12.449844154351231,4.520153136263875,0.9317622348111361,-137.37682091680244,-1.1414928115006677,1.1414928115006677,0.020499038801051434,4,0.07701388888888872,1109,0.4090141361814358,247.1818181818182,97.47710051066836,5.438396464646465,2.0014094545323515
RHF_MPM_P23,578,0.0289,28.9,0,255,7.152708333333333,35.01218755500937,102999,403.91764705882355,28,255,255,1.1121317799329797,111,111,338,0.02347222222222222,25,24,0.5633333333333334,71.42603550295858,61.76331360946745,0.10041666666666667,0.010833333333333334,0.029930555555555554,0.021805555555555557,0.01638888888888889,1,74.29876989096981,64.10370974475481,13.11662307238488,4.631663019903386,0.9355803091301079,-136.61997213628658,-1.1476484469349706,1.1476484469349706,0.021602151477198808,2,0.07243055555555511,1043,0.38947727206353416,277.0,65.17947250755897,6.086786616161617,1.0880295061594583
RHF_MPM_P23,579,0.02895,28.95,0,255,7.343819444444445,35.282623546169766,105751,414.7098039215686,29,255,255,1.159014604636237,111,111,342,0.02375,26,24,0.5480769230769231,71.66666666666667,61.8859649122807,0.10527777777777778,0.010902777777777779,0.03131944444444444,0.022152777777777778,0.016666666666666666,1,74.7917844748513,64.58111980028558,13.838775560533934,4.576127266387288,0.9437449415623207,-136.4313492915027,-1.2225618766316673,1.2225618766316673,0.02232603001390058,4,0.19111111111111168,2752,0.6862825518995288,295.3636363636364,50.881810872707256,6.461698232323233,0.6630655966931623
RHF_MPM_P23,580,0.029,29.0,0,255,7.428541666666667,35.20051734682851,106971,419.49411764705883,29,255,255,1.1884747687152128,110,110,344,0.02388888888888889,26,25,0.5292307692307693,71.71220930232558,61.90988372093023,0.10840277777777778,0.010763888888888889,0.03201388888888889,0.022152777777777778,0.016666666666666666,1,75.26053790279609,64.95304334819717,14.715518095547717,4.477280692298622,0.952590389989767,-136.69132870214048,-1.2255480357524584,1.2255480357524584,0.02313711192753176,2,0.08472222222222214,1220,0.5983785605293176,308.6363636363636,42.02439275916857,6.658371212121213,0.596487059530659
RHF_MPM_P23,581,0.02905,29.05,0,255,7.424097222222223,35.09040609453582,106907,419.24313725490197,29,255,255,1.1990651555641971,108,108,347,0.02409722222222222,27,25,0.5140740740740741,71.80115273775216,62.01729106628242,0.109375,0.010555555555555556,0.03208333333333333,0.022291666666666668,0.01625,1,75.38692508441916,65.13916768780342,15.03086325840962,4.475451506178216,0.9546436315332706,-136.44645305925482,-1.2859062433222384,1.2859062433222384,0.023338041475300962,3,-0.004444444444444251,-64,0.22497997571447803,319.6363636363636,34.03012763386084,6.782563131313132,0.6007555111822915
RHF_MPM_P23,582,0.0291,29.1,0,255,7.325555555555556,34.850428217076185,105488,413.678431372549,29,255,255,1.197859719114373,112,112,327,0.022708333333333334,25,23,0.568695652173913,71.29357798165138,61.42507645259939,0.10958333333333334,0.010694444444444444,0.03048611111111111,0.021527777777777778,0.01625,1,75.4464204459275,65.02019187016532,15.47676448183856,4.470107252627694,0.957381309418658,-137.3269419191193,-1.3866825326671088,1.3866825326671088,0.024163885939632944,-20,-0.09854166666666675,-1419,0.1330223410696975,327.27272727272725,23.890244905670023,6.913074494949495,0.5461153314286333
RHF_MPM_P23,583,0.02915,29.15,0,255,7.233055555555556,34.66344322509141,104156,408.4549019607843,27,255,255,1.2075902052971677,111,111,328,0.02277777777777778,25,23,0.5704347826086956,71.32926829268293,61.43292682926829,0.1111111111111111,0.010555555555555556,0.029791666666666668,0.021388888888888888,0.016180555555555556,1,75.39054879219633,64.87023311187066,15.515632091290417,4.437237446381816,0.9582341059427687,-138.0190745919803,-1.4120216482164722,1.4120216482164722,0.026594723299665887,1,-0.09250000000000025,-1332,0.16002896887730084,333.3636363636364,11.593671685039899,7.0486489898989895,0.40551100160392595
RHF_MPM_P23,584,0.0292,29.2,0,255,7.0604861111111115,34.23082625982555,101671,398.7098039215686,26,255,255,1.1781156118484024,110,110,324,0.0225,25,23,0.5634782608695652,71.20987654320987,61.50925925925926,0.10840277777777778,0.010347222222222223,0.029444444444444443,0.020902777777777777,0.015555555555555555,1,75.22817715966205,64.82181743073247,15.454815640573127,4.365637533959546,0.9592739272590993,-137.95841772469103,-1.4342825852624426,1.4342825852624426,0.027303754266211604,-4,-0.1725694444444441,-2485,0.16943619811575306,335.3636363636364,6.9970477835977665,7.145852272727273,0.23099490945210557
RHF_MPM_P23,585,0.02925,29.25,0,255,6.743194444444445,33.413260771003486,97102,380.7921568627451,25,253,255,1.1449789354451991,109,109,310,0.021527777777777778,24,22,0.5871212121212122,70.81612903225806,61.0258064516129,0.10479166666666667,0.00951388888888889,0.028194444444444446,0.019930555555555556,0.014861111111111111,1,74.89990937364833,64.45948590142325,15.266966819442215,4.423123237218952,0.9571118907281901,-137.82577232957664,-1.5364407317602544,1.5364407317602544,0.028083870569092294,-14,-0.31729166666666675,-4569,0.4889211352211198,333.27272727272725,10.127289048460815,7.156540404040404,0.20827984754961604
RHF_MPM_P23,586,0.0293,29.3,0,255,6.522569444444445,32.94992482807409,93925,368.3333333333333,23,252,255,1.1185366249963908,110,110,298,0.020694444444444446,23,21,0.6169772256728778,70.43959731543625,60.691275167785236,0.10208333333333333,0.009375,0.02722222222222222,0.019444444444444445,0.014583333333333334,1,74.37527814745808,63.94475379291988,14.723977862221478,4.424351184139112,0.9537861832222292,-138.0362070869918,-1.5215647936830192,1.5215647936830192,0.026968325791855204,-12,-0.22062500000000007,-3177,0.7349741947974832,329.6363636363636,14.156737729452217,7.11977904040404,0.2716155271328109
RHF_MPM_P23,587,0.02935,29.35,0,255,6.492638888888889,32.861002744432476,93494,366.64313725490194,22,252,255,1.1331621118501098,110,110,297,0.020625,23,21,0.6149068322981367,70.43771043771044,60.60942760942761,0.10368055555555555,0.009375,0.027291666666666665,0.019305555555555555,0.014305555555555556,1,74.33549746507798,63.832876976062636,14.616256962310262,4.386645935937418,0.9539011342136432,-138.3598716570854,-1.5320828158792557,1.5320828158792557,0.02810875564207329,-1,-0.02993055555555557,-431,0.11873889354687561,326.45454545454544,16.92960632288695,7.0733585858585855,0.32579280712015807
RHF_MPM_P23,588,0.0294,29.4,0,255,6.332361111111111,32.63662449325977,91186,357.59215686274507,22,251,255,1.0730489013417384,110,110,293,0.02034722222222222,23,20,0.6369565217391304,70.26279863481228,60.45392491467577,0.09729166666666667,0.009236111111111112,0.02666666666666667,0.01902777777777778,0.014097222222222223,1,73.93329019805672,63.54497400916807,14.182201784192452,4.296734191098476,0.9530011583611652,-138.03538121632712,-1.6114499880591955,1.6114499880591955,0.026692694053911784,-4,-0.16027777777777796,-2308,0.4946299667341216,322.54545454545456,19.099565137189696,7.005366161616163,0.38913975053967653
RHF_MPM_P23,589,0.02945,29.45,0,255,6.289375,32.48105556232291,90567,355.16470588235296,21,250,255,1.070532760521135,109,109,296,0.020555555555555556,23,20,0.6434782608695652,70.30743243243244,60.479729729729726,0.09701388888888889,0.009097222222222222,0.026458333333333334,0.01875,0.013958333333333333,1,73.943279560988,63.55777490697495,14.244857116078618,4.412910613389715,0.9508050881435517,-137.61791766469318,-1.6300065373774557,1.6300065373774557,0.027824704362516148,3,-0.04298611111111139,-619,0.01623731370747325,318.72727272727275,19.81317701609397,6.9268813131313145,0.4357754052510036
RHF_MPM_P23,590,0.0295,29.5,0,255,6.207708333333334,32.28414831226408,89391,350.5529411764706,20,249,255,1.0744813418229946,110,110,286,0.01986111111111111,22,20,0.65,70.06993006993007,60.33916083916084,0.09777777777777778,0.008888888888888889,0.02625,0.01861111111111111,0.01375,1,73.72178407222204,63.398306317190766,14.170823742973283,4.418846113196235,0.9501388809627642,-137.81101905658716,-1.614860137141273,1.614860137141273,0.028537548522781935,-10,-0.08166666666666611,-1176,0.2729294463252924,313.6363636363636,20.36607128299742,6.823598484848485,0.45874669607608454
RHF_MPM_P23,591,0.02955,29.55,0,255,6.153958333333334,32.183080521162005,88617,347.5176470588235,20,248,255,1.0480727562116332,109,109,287,0.019930555555555556,22,20,0.6522727272727272,70.1219512195122,60.33101045296167,0.09444444444444444,0.008680555555555556,0.026458333333333334,0.01840277777777778,0.01361111111111111,1,73.64434589300022,63.36163490075268,13.90844253354982,4.360510233295636,0.949583132281972,-137.53927908407528,-1.674879475758133,1.674879475758133,0.027534220296331402,1,-0.053749999999999964,-774,0.08568234581736035,308.45454545454544,19.199259627598504,6.707727272727272,0.4522376694412372
RHF_MPM_P23,592,0.0296,29.6,0,255,5.953819444444444,31.484129919702927,85735,336.2156862745098,20,245,255,1.0271967856001876,109,109,277,0.01923611111111111,22,20,0.6295454545454545,69.92057761732852,60.26714801444043,0.09215277777777778,0.008125,0.025486111111111112,0.017847222222222223,0.012916666666666667,1,73.42898466204001,63.245092435994636,13.878139464185612,4.2874020814839815,0.951084112046747,-137.63214980137985,-1.64791933699595,1.64791933699595,0.02623199393479909,-10,-0.20013888888888953,-2882,0.24487263197951942,302.09090909090907,16.822358203806925,6.574065656565657,0.43780230192722064
RHF_MPM_P23,593,0.02965,29.65,0,255,5.826319444444445,31.246889428445687,83899,329.0156862745098,19,244,255,1.0065672809780128,109,109,273,0.018958333333333334,21,20,0.65,69.72893772893772,60.06959706959707,0.09006944444444444,0.007847222222222222,0.025,0.017638888888888888,0.012708333333333334,1,72.99889152433283,62.78176140359241,13.135363574142719,4.372758314486258,0.942962249439708,-138.42100475238936,-1.5909659326447285,1.5909659326447285,0.02692523152838532,-4,-0.1274999999999995,-1836,0.6321833220591262,297.1818181818182,16.715905228353797,6.437771464646465,0.41543291401296256
RHF_MPM_P23,594,0.0297,29.7,0,255,5.784305555555555,31.312517523897906,83294,326.64313725490194,18,244,255,0.9891156945891543,108,108,276,0.019166666666666665,21,20,0.6571428571428571,69.81521739130434,60.25,0.088125,0.0077777777777777776,0.025138888888888888,0.017638888888888888,0.012777777777777779,1,72.69458784546306,62.562441472374964,12.512029114213776,4.390273039903547,0.936418866877099,-138.29058550556206,-1.5229313566565226,1.5229313566565226,0.02674862535116575,3,-0.04201388888888946,-605,0.3751026009012783,292.45454545454544,14.543749900112584,6.306066919191919,0.36954068731109907
RHF_MPM_P23,595,0.02975,29.75,0,255,5.765625,31.17475829049018,83025,325.5882352941176,18,243,255,0.9838708250772202,110,110,268,0.01861111111111111,22,19,0.6411483253588517,69.69776119402985,60.13805970149254,0.08722222222222223,0.0077083333333333335,0.025138888888888888,0.017638888888888888,0.012638888888888889,1,72.79627822944896,62.66202950918398,12.523016036784606,4.346960582661464,0.9378215710256128,-138.40108741890666,-1.5429646652523294,1.5429646652523294,0.025823547124360132,-8,-0.018680555555555145,-269,0.14233309970162694,287.3636363636364,12.227188238978124,6.188352272727272,0.31227443471328636
RHF_MPM_P23,596,0.0298,29.8,0,255,5.660694444444444,30.77830241448912,81514,319.66274509803924,18,239,255,0.9764064148948245,108,108,268,0.01861111111111111,22,20,0.6090909090909091,69.78358208955224,60.17910447761194,0.08659722222222223,0.0075,0.024652777777777777,0.017083333333333332,0.012430555555555556,1,72.87106509311283,62.83648207669848,13.000854277824608,4.224398807830358,0.9457372437237834,-137.9783308714278,-1.6114964717197673,1.6114964717197673,0.0264003729420713,0,-0.10493055555555575,-1511,0.18980720030883985,283.54545454545456,11.064797877327706,6.089943181818182,0.2918146447278042
RHF_MPM_P23,597,0.02985,29.85,0,255,5.607986111111111,30.705071153725775,80755,316.6862745098039,17,237,255,0.9497707012396646,108,108,267,0.018541666666666668,22,20,0.6068181818181818,69.76029962546816,60.18726591760299,0.08368055555555555,0.007291666666666667,0.024444444444444446,0.017291666666666667,0.012222222222222223,1,72.59025447340721,62.59006872639465,12.528677885131604,4.283782625024232,0.939729729484447,-137.93361200804483,-1.6459551958392658,1.6459551958392658,0.026116029967184696,-1,-0.05270833333333336,-759,0.37359623037098905,280.72727272727275,10.971789520823675,6.0067992424242425,0.2869571918196097
RHF_MPM_P23,598,0.0299,29.9,0,255,5.51625,30.508594187062,79434,311.50588235294117,17,231,255,0.9183031536357513,108,108,263,0.01826388888888889,21,20,0.6261904761904762,69.55893536121673,60.163498098859314,0.08013888888888888,0.007152777777777778,0.024583333333333332,0.016944444444444446,0.012083333333333333,1,72.30194878767279,62.41593020620893,12.05185330184322,4.277526343728957,0.9348940743670202,-137.83137825813054,-1.6007486520469631,1.6007486520469631,0.02521590251026009,-4,-0.09173611111111057,-1321,0.33681507187071064,277.6363636363636,10.738822749705239,5.918036616161616,0.2736487935693617
RHF_MPM_P23,599,0.02995,29.95,0,255,5.496458333333333,30.662261707384744,79149,310.38823529411764,16,238,255,0.9127657988543927,106,106,266,0.018472222222222223,22,20,0.6045454545454545,69.65789473684211,60.274436090225564,0.07993055555555556,0.007222222222222222,0.02451388888888889,0.017083333333333332,0.012430555555555556,1,72.12236414863106,62.28613122086192,11.79872257397146,4.246230770045957,0.9329951174998887,-138.2812281545245,-1.4635220797676851,1.4635220797676851,0.02612793591833125,3,-0.019791666666667318,-285,0.22158163095540698,275.1818181818182,10.007435252380029,5.842045454545453,0.26393224385288716
RHF_MPM_P23,600,0.03,30.0,0,255,5.593680555555555,31.078214083505145,80549,315.878431372549,16,240,255,0.9041408169777063,109,109,268,0.01861111111111111,22,20,0.6090909090909091,69.5,60.25,0.07965277777777778,0.0077083333333333335,0.02486111111111111,0.017430555555555557,0.0125,1,72.02998175023899,62.25730921550857,11.552868399073235,4.460614158402148,0.9224550592637087,-137.49718137098793,-1.401984262889857,1.401984262889857,0.02536344336987424,2,0.09722222222222232,1400,0.09677404365459041,272.6363636363636,7.678455423192246,5.778800505050505,0.23038402004406505
RHF_MPM_P23,601,0.03005,30.05,0,255,5.571736111111111,30.87399559387095,80233,314.6392156862745,17,236,255,0.9128458857951753,107,107,274,0.01902777777777778,23,21,0.567287784679089,69.75547445255475,60.56204379562044,0.0798611111111111,0.007361111111111111,0.025,0.017152777777777777,0.012361111111111111,1,72.21054927523588,62.526691012426305,11.820319210455015,4.205603022016418,0.9345642656111017,-137.4721981621382,-1.4838145093492967,1.4838145093492967,0.025575511323270975,6,-0.021944444444444322,-316,0.32430106936938946,271.54545454545456,6.457745685519288,5.720984848484849,0.19211486859741078
RHF_MPM_P23,602,0.0301,30.1,0,255,5.463333333333333,30.37433657254463,78672,308.5176470588235,16,232,255,0.9228745460813681,103,103,269,0.018680555555555554,23,21,0.556935817805383,69.58736059479554,60.468401486988846,0.08083333333333333,0.007013888888888889,0.02423611111111111,0.01673611111111111,0.011805555555555555,1,72.18058521456173,62.651400752491355,12.130457158447113,4.118962251555089,0.9405860562812656,-136.62501355922439,-1.3636632845359362,1.3636632845359362,0.02465934512914379,-5,-0.10840277777777807,-1561,0.12825897317215795,269.90909090909093,4.230936828443671,5.658200757575758,0.1481851888047654
RHF_MPM_P23,603,0.03015,30.15,0,255,5.400069444444444,30.333434294624286,77761,304.9450980392157,16,234,255,0.9033527743913289,106,106,265,0.01840277777777778,22,21,0.5735930735930735,69.41132075471698,60.384905660377356,0.07868055555555556,0.006944444444444444,0.024166666666666666,0.01659722222222222,0.011944444444444445,1,71.84619539357776,62.46816527565232,11.593355602100788,4.202254729711669,0.9319950662259598,-135.5639560806299,-1.427305795610495,1.427305795610495,0.023456488471084478,-4,-0.06326388888888879,-911,0.38130275680897247,268.8181818181818,3.785575057028548,5.607859848484849,0.13242920591634894
RHF_MPM_P23,604,0.0302,30.2,0,255,5.268958333333333,29.594551070789993,75873,297.54117647058825,16,224,255,0.9266117129793165,107,107,249,0.017291666666666667,21,20,0.5928571428571429,68.93574297188755,60.06827309236948,0.08125,0.006458333333333333,0.023194444444444445,0.01576388888888889,0.01138888888888889,1,71.9929619232138,62.57548798650376,12.242955292092871,4.293100850898157,0.9365032610090677,-135.96107486470206,-1.4582571136979885,1.4582571136979885,0.026728875884702068,-16,-0.13111111111111118,-1888,0.18182018173434045,266.6363636363636,6.609534810652194,5.5571906565656555,0.14516481077913476
RHF_MPM_P23,605,0.03025,30.25,0,255,5.024236111111111,28.74480453248757,72349,283.721568627451,16,209,255,0.8970190862344105,106,106,239,0.01659722222222222,20,20,0.5975,68.75313807531381,59.86610878661088,0.07847222222222222,0.0061805555555555555,0.022152777777777778,0.014861111111111111,0.010486111111111111,1,71.72466792906606,62.435085488396524,12.283199953738222,4.119534903520708,0.9420830706956201,-136.02651412519762,-1.5840760583668658,1.5840760583668658,0.027961685717839916,-10,-0.24472222222222229,-3524,0.3028110446639947,263.27272727272725,9.686831821798169,5.488093434343434,0.19347109909712204
RHF_MPM_P23,606,0.0303,30.3,0,255,4.911319444444445,28.46351923824131,70723,277.3450980392157,15,207,255,0.8985358605833212,106,106,234,0.01625,20,19,0.6157894736842106,68.53846153846153,59.55555555555556,0.07930555555555556,0.0060416666666666665,0.021388888888888888,0.014583333333333334,0.010416666666666666,1,71.52093378391754,62.20971961031065,12.385204074805586,4.276433951788704,0.9384976186332014,-135.74001277201234,-1.6376623460062314,1.6376623460062314,0.030400294105170877,-5,-0.11291666666666611,-1626,0.30380484016028086,260.1818181818182,12.654989542886968,5.410429292929293,0.2337514775947454
RHF_MPM_P23,607,0.03035,30.35,0,255,4.861180555555555,28.41738207790866,70001,274.51372549019607,15,209,255,0.89204848060116,107,107,230,0.01597222222222222,19,19,0.6371191135734072,68.37391304347825,59.36086956521739,0.07909722222222222,0.006111111111111111,0.021180555555555557,0.014444444444444444,0.010347222222222223,1,71.4175226068199,62.05647062184826,12.144766524284556,4.365164885328105,0.9331729554525422,-135.80070601362854,-1.8204568992934973,1.8204568992934973,0.03137098041456551,-4,-0.05013888888888918,-722,0.18487596926984456,256.72727272727275,15.015694269002859,5.337746212121211,0.26662327575292843
RHF_MPM_P23,608,0.0304,30.4,0,255,4.834513888888889,28.65679656463767,69617,273.0078431372549,14,213,255,0.8770708111671746,108,108,231,0.016041666666666666,19,17,0.7151702786377709,68.57142857142857,59.22943722943723,0.07763888888888888,0.006388888888888889,0.020902777777777777,0.014583333333333334,0.010833333333333334,1,71.16493097950213,61.573595529827486,11.681949005858538,4.62615558928568,0.9182466791429696,-135.48978813655935,-1.7478133623712206,1.7478133623712206,0.03167329818866082,1,-0.026666666666666394,-384,0.5449503506606017,253.45454545454547,16.289224750589167,5.267430555555555,0.2872745984252572
RHF_MPM_P23,609,0.03045,30.45,0,255,4.864166666666667,29.078932701929304,70044,274.6823529411765,14,225,255,0.8416608321165687,108,108,239,0.01659722222222222,20,18,0.6638888888888889,68.59414225941423,59.50209205020921,0.0745138888888889,0.006875,0.021041666666666667,0.015,0.011180555555555555,1,70.87400776654674,61.49911484209925,11.103424788168676,4.247225688121092,0.9239493129911784,-136.20251972351159,-1.784786803134968,1.784786803134968,0.031494489178230826,8,0.02965277777777775,427,0.3003059917496794,251.27272727272728,16.470860821412675,5.208150252525253,0.2969310594078054
RHF_MPM_P23,610,0.0305,30.5,0,255,4.994861111111111,29.814945007731332,71926,282.0627450980392,13,236,255,0.8251452739334713,109,109,249,0.017291666666666667,20,19,0.6552631578947369,68.75502008032129,59.54216867469879,0.07277777777777777,0.007291666666666667,0.021875,0.01576388888888889,0.012013888888888888,1,70.65508995356339,61.20908989795067,10.280141701531432,4.40330149412446,0.903621995742026,-136.58090821699224,-1.7851508701327712,1.7851508701327712,0.03008647776881795,10,0.130694444444444,1882,0.3633723669595722,249.72727272727272,15.800407987200314,5.162550505050505,0.28752021212272
RHF_MPM_P23,611,0.03055,30.55,0,255,5.138888888888889,30.453747058064025,74000,290.19607843137254,13,242,255,0.8132914533505,109,109,258,0.017916666666666668,20,19,0.6789473684210526,68.93798449612403,59.763565891472865,0.07152777777777777,0.008055555555555555,0.02236111111111111,0.01659722222222222,0.012569444444444444,1,70.58308108108108,61.06325675675676,9.584402105472389,4.516943473550825,0.8819832919941631,-137.39613460237882,-1.5957798084958088,1.5957798084958088,0.025905405405405407,9,0.14402777777777853,2074,0.16264249993976812,248.8181818181818,14.989803697047972,5.121205808080808,0.2532031387422591
RHF_MPM_P23,612,0.0306,30.6,0,255,5.379097222222223,31.23914423473098,77459,303.7607843137255,13,248,255,0.8333883260520186,111,111,267,0.018541666666666668,20,19,0.7026315789473684,68.8689138576779,59.831460674157306,0.07354166666666667,0.008541666666666666,0.023541666666666666,0.017083333333333332,0.01326388888888889,1,70.57935165700565,61.10823790650538,9.259441963592975,4.512742761693526,0.873197455178772,-138.45038589947748,-1.540628955576258,1.540628955576258,0.024684026388153733,9,0.24020833333333336,3459,0.04513548976850022,248.1818181818182,14.024771473219557,5.1036931818181825,0.22671306230819846
RHF_MPM_P23,613,0.03065,30.65,0,255,5.284722222222222,30.972486265690637,76100,298.4313725490196,13,247,255,0.8385579665971512,111,111,257,0.017847222222222223,20,19,0.6763157894736842,68.86381322957199,59.78599221789883,0.07423611111111111,0.008333333333333333,0.022430555555555554,0.016944444444444446,0.01326388888888889,1,70.57636005256242,61.03720105124836,9.215015171475176,4.634656279220585,0.8643177561969352,-139.26484166079152,-1.2336596668943034,1.2336596668943034,0.025505913272010513,-10,-0.09437500000000032,-1359,0.07109982068860339,247.0909090909091,12.773940414727488,5.087455808080808,0.20580600714701744
RHF_MPM_P23,614,0.0307,30.7,0,255,5.474236111111111,31.498485900116005,78829,309.1333333333333,14,251,255,0.872515781251931,110,110,272,0.01888888888888889,21,19,0.681704260651629,69.05147058823529,59.904411764705884,0.07798611111111112,0.008819444444444444,0.023541666666666666,0.017222222222222222,0.01361111111111111,1,70.69871493993327,61.07753491735275,9.274687603958832,4.734107067042744,0.8599174978202603,-139.83477796302282,-1.2849655735426142,1.2849655735426142,0.026868284514582196,15,0.18951388888888854,2729,0.12883143722888238,247.72727272727272,13.784648306199902,5.094198232323232,0.21685539639378967
RHF_MPM_P23,615,0.03075,30.75,0,255,5.369930555555555,31.025773761425796,77327,303.24313725490197,14,247,255,0.8702895338008614,111,111,263,0.01826388888888889,21,19,0.6591478696741855,69.0532319391635,59.851711026615966,0.07722222222222222,0.008194444444444445,0.022847222222222224,0.017083333333333332,0.013055555555555556,1,70.8735629211013,61.31086166539501,9.620129187263254,4.559422278204959,0.88055388070279,-138.56367489703425,-1.440449242239913,1.440449242239913,0.025941779714718016,-9,-0.10430555555555543,-1502,0.29157021087640467,249.0,14.472544539732654,5.103377525252525,0.22600266691119908
RHF_MPM_P23,616,0.0308,30.8,0,255,5.158333333333333,30.133737783052702,74280,291.29411764705884,14,238,255,0.8639230475299263,109,109,255,0.017708333333333333,21,19,0.6390977443609023,69.04705882352941,59.83529411764706,0.07666666666666666,0.0075,0.022222222222222223,0.01638888888888889,0.012152777777777778,1,71.01001615508885,61.51194130317717,10.245005296685331,4.448601393154325,0.9008061410264968,-137.03324499526732,-1.6952765832916612,1.6952765832916612,0.02817716747442111,-8,-0.21159722222222221,-3047,0.24300721346549672,250.45454545454547,14.195797306140461,5.1155681818181815,0.22501945455039105
RHF_MPM_P23,617,0.03085,30.85,0,255,4.693194444444444,28.114965534706727,67582,265.02745098039213,14,198,255,0.8275920675612465,107,107,225,0.015625,19,17,0.6965944272445821,68.30666666666667,59.00888888888889,0.07201388888888889,0.005902777777777778,0.020972222222222222,0.014027777777777778,0.01,1,70.59117812435264,60.93760172827084,10.1493254601006,4.393506108230311,0.9014484271546553,-137.7448775599753,-1.385974066320485,1.385974066320485,0.028128791690094995,-30,-0.4651388888888892,-6698,0.7108384087080309,249.63636363636363,15.334291501982367,5.095738636363636,0.2503321451573219
RHF_MPM_P23,618,0.0309,30.9,0,255,4.395694444444445,27.297300096773352,63298,248.22745098039215,13,192,255,0.7859458523463905,107,107,212,0.014722222222222222,18,16,0.7361111111111112,67.69339622641509,58.429245283018865,0.06881944444444445,0.005833333333333334,0.01875,0.013333333333333334,0.009444444444444445,1,70.04726847609719,60.44028247337989,9.810468331498493,4.073813877038126,0.9097065497371777,-139.40473683683996,-1.7491185939826288,1.7491185939826288,0.031770356093399475,-13,-0.29749999999999943,-4284,0.736996707421859,248.0,18.060504372298638,5.053421717171717,0.31689895881929786
RHF_MPM_P23,619,0.03095,30.95,0,12,0.01875,0.3536454498034248,270,22.5,0,0,7,0.05390206920547812,3,8,11,0.0007638888888888889,89,107,0.0011550981833455844,91.63636363636364,72.36363636363636,0.0043055555555555555,0.0,0.0,0.0,0.0,0,84.70370370370371,66.42962962962963,31.291335977832333,26.925588703238574,0.5094831439637328,101.28898781477028,-0.5810465051613375,0.5810465051613375,0.0,-201,-4.376944444444445,-63028,15.83298370298859,228.0,70.75437667156582,4.615625,1.4861893765381669
RHF_MPM_P23,620,0.031,31.0,0,255,3.1388194444444446,22.598920666106054,45199,177.25098039215686,1,108,255,0.6267181256541439,105,105,146,0.010138888888888888,17,16,0.5367647058823529,63.554794520547944,54.43835616438356,0.052083333333333336,0.0031944444444444446,0.014375,0.008888888888888889,0.00625,1,62.88836036195491,53.17214982632359,7.631774281456787,5.103930088607314,0.7434660108570452,47.126683447901605,-0.6685282541099621,0.6685282541099621,0.010663952742317307,135,3.120069444444445,44929,25.527827480094174,219.54545454545453,74.39741397798427,4.458775252525252,1.5416905981605342
RHF_MPM_P23,621,0.03105,31.05,0,255,6.470555555555555,30.783774942189233,93176,365.39607843137253,30,203,255,1.1457759620343695,94,94,340,0.02361111111111111,38,35,0.2556390977443609,56.07058823529412,47.247058823529414,0.10013888888888889,0.0060416666666666665,0.03111111111111111,0.01826388888888889,0.010277777777777778,1,53.840581265561944,44.90017815746544,17.21862276766374,4.117330360930271,0.9709898334286087,-136.77942449186673,0.8907867020753654,0.8907867020753654,0.00635356744225981,194,3.331736111111111,47977,12.259193361209269,227.8181818181818,81.8944089353848,4.592929292929292,1.6433560581594602
RHF_MPM_P23,622,0.0311,31.1,0,255,7.4158333333333335,31.662539193729312,106788,418.77647058823527,45,215,255,1.3528904757300364,87,87,397,0.027569444444444445,54,48,0.15316358024691357,53.96977329974811,44.6095717884131,0.12125,0.006875,0.03930555555555556,0.015555555555555555,0.010972222222222222,1,49.95669925459789,41.099524291118854,22.268098136099262,4.217806851395483,0.981898031012533,-137.04046026635618,0.7238594795909006,0.7238594795909006,0.00871820803835637,57,0.9452777777777781,13612,5.434106116636426,240.45454545454547,95.2168469016082,4.799924242424242,1.8316959308349856
RHF_MPM_P23,623,0.03115,31.15,0,255,6.854097222222222,33.03931838887811,98699,387.0549019607843,28,251,255,1.1984151787208284,111,111,285,0.019791666666666666,49,49,0.11870054144106622,60.35087719298246,51.50526315789474,0.10875,0.008819444444444444,0.031875,0.01861111111111111,0.013888888888888888,1,53.16598952370338,43.89947213244309,22.05923639573726,4.640053085615288,0.9776271905223715,45.06469085412893,-1.250605596684051,1.250605596684051,0.01353610472243893,-112,-0.5617361111111112,-8089,4.259020068690849,242.0909090909091,95.81179899389365,4.934015151515151,1.9209990538284276
RHF_MPM_P23,624,0.0312,31.2,0,255,6.562569444444445,34.951414318198914,94501,370.59215686274507,15,255,255,0.9395646251734395,110,110,340,0.02361111111111111,25,22,0.6181818181818182,59.061764705882354,50.55882352941177,0.08395833333333333,0.010486111111111111,0.029236111111111112,0.02236111111111111,0.016944444444444446,1,58.321160622638914,49.560353858689325,11.781074053938502,4.88729690527438,0.9098929766208455,-138.76130329493122,2.4019775581673977,2.4019775581673977,0.0257351774055301,55,-0.2915277777777776,-4198,7.656459428342109,249.63636363636363,99.87107391511658,5.05018308080808,1.9765295523104738
RHF_MPM_P23,625,0.03125,31.25,0,255,7.1061805555555555,35.895444861440744,102329,401.2901960784314,19,255,255,1.0184226182500136,106,106,382,0.02652777777777778,29,26,0.506631299734748,57.69109947643979,49.59947643979058,0.09048611111111111,0.010347222222222223,0.03298611111111111,0.024166666666666666,0.017222222222222222,1,57.79781880014463,49.21976174886885,10.659111971808777,4.715776158357239,0.8968092780762926,-139.16238000642775,1.0119693326562003,1.0119693326562003,0.013612954294481526,42,0.5436111111111108,7828,0.6244114416341195,259.6363636363636,106.87143740135343,5.198541666666666,2.062182239023954
RHF_MPM_P23,626,0.0313,31.3,0,255,7.271527777777778,35.83463401359245,104710,410.62745098039215,24,255,255,1.0183170851918444,105,105,390,0.027083333333333334,31,28,0.44930875576036866,57.44871794871795,49.45641025641026,0.08902777777777778,0.010416666666666666,0.034930555555555555,0.02375,0.01659722222222222,1,57.23618565562028,48.855582083850635,11.353131491127694,4.606827581112154,0.9139725860573017,-139.80036374415693,0.8408290715965819,0.8408290715965819,0.008948524496227676,8,0.16534722222222253,2381,0.6693718080716333,271.1818181818182,113.2790746798833,5.371414141414141,2.1472543759256597
RHF_MPM_P23,627,0.03135,31.35,0,255,7.526111111111111,36.312897714615104,108376,425.00392156862745,29,255,255,1.0661071786570622,109,109,370,0.025694444444444443,30,26,0.47435897435897434,58.30810810810811,50.22162162162162,0.09395833333333334,0.010972222222222222,0.035208333333333335,0.02375,0.017777777777777778,1,56.81091754632022,48.56244002362146,11.971856553467713,4.517163297453777,0.9260849040204764,-139.5616451344867,0.8058924581009238,0.8058924581009238,0.008285967372850077,-20,0.2545833333333327,3666,0.5165125673815248,281.6363636363636,116.56233036236077,5.586666666666667,2.232107857421612
RHF_MPM_P23,628,0.0314,31.4,0,255,7.542013888888889,36.04912791902224,108605,425.9019607843137,30,255,255,1.1020260846690912,108,108,375,0.026041666666666668,31,27,0.44802867383512546,58.218666666666664,50.176,0.0975,0.011041666666666667,0.034166666666666665,0.02340277777777778,0.017222222222222222,1,56.584687629482985,48.346042999861886,12.683495552585327,4.50962777527897,0.934656934185829,-139.00168681391105,0.8880126202180518,0.8880126202180518,0.009944293540813038,5,0.01590277777777782,229,0.3130617305966737,295.27272727272725,117.90527084300338,5.845650252525254,2.278210083520112
RHF_MPM_P23,629,0.03145,31.45,0,255,7.297777777777778,35.24039184350751,105088,412.10980392156864,30,255,255,1.1100809876514803,111,111,339,0.023541666666666666,27,24,0.5231481481481481,59.342182890855455,50.97935103244838,0.09895833333333333,0.010625,0.03194444444444444,0.022083333333333333,0.016666666666666666,1,56.59393080085262,48.361506546894034,13.381268588020921,4.431093114034357,0.9435811140343938,-139.06802271517668,1.0833296399370176,1.0833296399370176,0.01577725334957369,-36,-0.24423611111111043,-3517,0.01801547956019639,306.8181818181818,115.37670962532664,6.109476010101011,2.2630090828850777
RHF_MPM_P23,630,0.0315,31.5,0,255,6.823472222222223,33.65086806127007,98258,385.3254901960784,27,253,255,1.1282097301767002,110,110,312,0.021666666666666667,25,22,0.5672727272727273,60.092948717948715,51.51602564102564,0.10152777777777777,0.009236111111111112,0.029305555555555557,0.02013888888888889,0.015,1,56.72168169512915,48.33130126809013,14.126794533188326,4.374323717077558,0.9508514881799494,-138.66192583830966,1.2628844858055153,1.2628844858055153,0.021626737771988033,-27,-0.47430555555555554,-6830,0.13127318787960848,334.1818181818182,67.89807626384254,6.728087121212121,1.188455135020979
RHF_MPM_P23,631,0.03155,31.55,0,255,6.33875,31.99540285717708,91278,357.9529411764706,24,244,255,1.0924802772108353,106,106,293,0.02034722222222222,24,23,0.5307971014492754,60.4641638225256,51.79863481228669,0.09805555555555556,0.008194444444444445,0.027291666666666665,0.018333333333333333,0.01326388888888889,1,56.871699642849315,48.43622778763777,14.689417773676645,4.2615261230081565,0.9569937367296625,-138.35398302969847,1.3721045670489256,1.3721045670489256,0.026085146475602006,-19,-0.4847222222222225,-6980,0.18307091287954916,347.54545454545456,36.965250601965565,7.0189898989899,0.41281229926758367
RHF_MPM_P23,632,0.0316,31.6,0,255,5.927152777777778,30.868019434971366,85351,334.7098039215686,20,237,255,1.0939676385724013,107,107,272,0.01888888888888889,23,21,0.5631469979296067,61.08455882352941,52.43382352941177,0.09930555555555555,0.007291666666666667,0.025208333333333333,0.017083333333333332,0.012222222222222223,1,57.38447118370025,49.02542442384975,14.68614864034145,4.3847551061953265,0.9543896191172222,-138.26752612872147,1.5533198799891654,1.5533198799891654,0.03098967791824349,-21,-0.4115972222222224,-5927,0.781080872400646,341.3636363636364,42.91698694683774,6.969589646464647,0.49900243891240803
RHF_MPM_P23,633,0.03165,31.65,0,255,5.476527777777778,29.640355919839827,78862,309.2627450980392,18,220,255,1.0285444149756091,107,107,251,0.017430555555555557,23,20,0.5456521739130434,61.60557768924303,52.91633466135458,0.09291666666666666,0.006944444444444444,0.02347222222222222,0.015416666666666667,0.01138888888888889,1,57.70193502574117,49.26518475311303,15.15608108274081,4.1268063441947795,0.9622160360355052,-137.82752453334493,1.7105501356101627,1.7105501356101627,0.03251249017270676,-21,-0.4506249999999996,-6489,0.3978294942457408,328.09090909090907,46.11537812024915,6.793289141414141,0.6344100725162434
RHF_MPM_P23,634,0.0317,31.7,0,255,5.1970833333333335,28.9916040019204,74838,293.4823529411765,17,217,255,1.0014737933265052,108,108,233,0.016180555555555556,21,19,0.5839598997493735,62.25321888412017,53.36909871244635,0.09097222222222222,0.006527777777777778,0.021805555555555557,0.014791666666666667,0.011111111111111112,1,58.29347390363184,49.6648093214677,15.146876378825537,4.206954301389684,0.9606551205400302,-137.56145119730115,1.903472897673989,1.903472897673989,0.0342339453218953,-18,-0.2794444444444446,-4024,0.713875367055628,323.3636363636364,52.51194275811365,6.642651515151516,0.7817116569870385
RHF_MPM_P23,635,0.03175,31.75,0,255,4.976944444444444,28.729768661272697,71668,281.0509803921569,15,214,255,0.9325250872940405,105,105,237,0.016458333333333332,21,19,0.5939849624060151,62.33755274261603,53.50210970464135,0.08347222222222223,0.00625,0.021458333333333333,0.014722222222222222,0.010833333333333334,1,59.329421778199475,50.60304459451917,13.43696980308999,4.052475173420693,0.9534372547644258,-137.11443366318392,2.0160899058566915,2.0160899058566915,0.03178545515432271,4,-0.2201388888888891,-3170,1.3976671372036902,314.0,57.643102559866364,6.498503787878788,0.9175762008813128
RHF_MPM_P23,636,0.0318,31.8,0,255,4.790625,28.621393191465824,68985,270.52941176470586,13,215,255,0.8756349326065243,108,108,231,0.016041666666666666,20,18,0.6416666666666667,62.5974025974026,53.74891774891775,0.07743055555555556,0.00625,0.020694444444444446,0.014513888888888889,0.010833333333333334,1,60.170906718851924,51.397695151119805,12.127496658390102,4.154990462638857,0.9394780566237817,-136.65738085228517,2.1837796419686866,2.1837796419686866,0.029528158295281583,-6,-0.18631944444444404,-2683,1.1573963938299436,300.27272727272725,57.794449102897744,6.287998737373738,1.0145106159937578
RHF_MPM_P23,637,0.03185,31.85,0,255,4.727361111111111,28.588917845763604,68074,266.956862745098,12,215,255,0.8363159911487081,108,108,230,0.01597222222222222,20,18,0.6388888888888888,62.630434782608695,53.81304347826087,0.07340277777777778,0.00625,0.020902777777777777,0.014513888888888889,0.010833333333333334,1,60.61709316332227,51.777036754120516,11.372858188335531,4.187864920662016,0.9297334287079932,-136.20034979838454,2.2256354825738636,2.2256354825738636,0.025296001410230043,-1,-0.06326388888888967,-911,0.5856469883780115,285.72727272727275,53.34466133140207,6.056710858585858,1.0531932053252824
RHF_MPM_P23,638,0.0319,31.9,0,255,4.7503472222222225,28.801716164945866,68405,268.2549019607843,12,217,255,0.8288966877210461,108,108,235,0.016319444444444445,20,18,0.6527777777777778,62.731914893617024,53.808510638297875,0.07256944444444445,0.006527777777777778,0.020555555555555556,0.014652777777777778,0.011041666666666667,1,60.86286090198085,51.985541992544405,10.97670851454532,4.309967029145755,0.9196894395778064,-136.29715444601877,2.306413805001726,2.306413805001726,0.02337548424822747,5,0.022986111111111818,331,0.32229833356000737,273.45454545454544,47.784294940651854,5.804368686868687,1.0021967582888913
RHF_MPM_P23,639,0.03195,31.95,0,255,4.930833333333333,29.56085896314397,71004,278.4470588235294,12,229,255,0.8076948989254296,108,108,248,0.017222222222222222,20,20,0.62,62.45564516129032,53.641129032258064,0.07020833333333333,0.006875,0.02201388888888889,0.015555555555555555,0.011458333333333333,1,61.14478057574221,52.28027998422624,9.714899242202664,4.410080504661484,0.8910270541253728,-135.86100744944423,1.8841385834250963,1.8841385834250963,0.017252549152160443,13,0.18048611111111068,2599,0.4078592725369278,261.90909090909093,35.65862013710913,5.566988636363636,0.861931908257107
RHF_MPM_P23,640,0.032,32.0,0,255,5.064444444444445,30.084446188506377,72928,285.9921568627451,12,234,255,0.7735171594791693,108,108,258,0.017916666666666668,21,20,0.6142857142857143,62.275193798449614,53.50387596899225,0.06597222222222222,0.007083333333333333,0.02263888888888889,0.01625,0.011944444444444445,1,61.43877523036419,52.61220655989469,8.369515283919174,4.452143900150403,0.8467772485661301,-135.02407927360747,0.9575087869607938,0.9575087869607938,0.012299802544975867,10,0.13361111111111157,1924,0.44340512917791164,254.54545454545453,26.046684089651713,5.363958333333334,0.6725580764750078
RHF_MPM_P23,641,0.03205,32.05,0,255,5.185833333333333,30.40647627242518,74676,292.84705882352944,12,236,255,0.7970420223953864,107,107,267,0.018541666666666668,21,21,0.6054421768707483,62.12734082397004,53.26966292134831,0.068125,0.007083333333333333,0.02361111111111111,0.01659722222222222,0.012152777777777778,1,61.54235631260378,52.697118217365684,8.210737229097454,4.613655766162368,0.827201650549565,-135.0182424590092,0.7247753098420303,0.7247753098420303,0.01195832663774171,9,0.12138888888888832,1748,0.1339366647800211,250.45454545454547,19.3830461831685,5.215082070707071,0.4892870690194061
RHF_MPM_P23,642,0.0321,32.1,0,255,5.284583333333333,30.655591045132187,76098,298.4235294117647,12,236,255,0.7698810388732783,107,107,272,0.01888888888888889,21,22,0.5887445887445888,62.12867647058823,53.091911764705884,0.06479166666666666,0.007222222222222222,0.024791666666666667,0.016944444444444446,0.012222222222222223,1,61.531301742489944,52.41525401456017,8.430955019299443,4.451690485488688,0.8492335858473102,45.36729524721539,-0.560105104928834,0.560105104928834,0.009422061026571001,5,0.0987499999999999,1422,0.2820808968072639,248.54545454545453,15.801977070570727,5.119248737373738,0.34040039253732857
RHF_MPM_P23,643,0.03215,32.15,0,255,5.18875,30.177793732289494,74718,293.01176470588234,13,234,255,0.7914231636983869,108,108,258,0.017916666666666668,20,20,0.645,62.310077519379846,53.848837209302324,0.06708333333333333,0.006944444444444444,0.023680555555555555,0.016458333333333332,0.011875,1,61.291014213442544,52.66506062796113,8.70958751202432,4.631804494656912,0.8468666720001691,-136.08220982881244,0.8138870319421714,0.8138870319421714,0.01411975695280923,-14,-0.09583333333333321,-1380,0.3466142534786524,247.27272727272728,14.35960818084665,5.052121212121212,0.2290595467496885
RHF_MPM_P23,644,0.0322,32.2,0,255,4.9875,29.47812954594944,71820,281.6470588235294,13,224,255,0.8024210428097499,107,107,250,0.017361111111111112,21,19,0.6265664160401002,62.496,53.928,0.06847222222222223,0.006527777777777778,0.0225,0.015555555555555555,0.01125,1,61.42527151211362,52.91081871345029,8.464295714536135,4.633192331973187,0.836883708155149,-137.64145468290388,0.9096007529284234,0.9096007529284234,0.016067947646895016,-8,-0.20124999999999993,-2898,0.28003938799702777,247.1818181818182,14.3388739371376,5.00766414141414,0.18573325474946478
RHF_MPM_P23,645,0.03225,32.25,0,255,5.043611111111111,30.024146083960286,72628,284.8156862745098,12,234,255,0.7817306036747383,108,108,252,0.0175,20,19,0.6631578947368421,62.65873015873016,54.1031746031746,0.06701388888888889,0.007222222222222222,0.02236111111111111,0.01638888888888889,0.012222222222222223,1,61.88799085752051,53.30601145563694,8.017447402185956,4.694475104928163,0.8106490148346335,-137.37211511730098,0.8878614493184098,0.8878614493184098,0.015173211433606873,2,0.056111111111111,808,0.6085117057960276,248.9090909090909,13.654533349468064,4.993712121212121,0.1765159194304909
RHF_MPM_P23,646,0.0323,32.3,0,255,5.132986111111111,30.430791619396633,73915,289.8627450980392,12,238,255,0.783189694524241,109,109,260,0.018055555555555554,21,19,0.6516290726817042,62.30384615384615,53.91153846153846,0.06729166666666667,0.007361111111111111,0.023333333333333334,0.017013888888888887,0.0125,1,61.7307988906176,53.21795305418386,8.077102952843864,4.5914693181182455,0.822714377465906,-137.65765772095426,0.916968294238068,0.916968294238068,0.014083744842048298,8,0.08937500000000043,1287,0.18017657041158025,251.0,13.429952954632283,5.007897727272727,0.18081610738842632
RHF_MPM_P23,647,0.03235,32.35,0,255,5.231458333333333,30.754777801107362,75333,295.4235294117647,12,242,255,0.7786369383161066,107,107,270,0.01875,21,19,0.6766917293233082,62.29259259259259,53.72592592592593,0.06638888888888889,0.007569444444444445,0.024027777777777776,0.017291666666666667,0.012708333333333334,1,61.72953420147877,53.137881141067,7.883468907347051,4.59848186952531,0.8122518399752462,-138.00519711040386,0.8232796425958023,0.8232796425958023,0.012079699467696759,10,0.09847222222222207,1418,0.08008190000750444,254.54545454545453,12.81592501087212,5.047973484848485,0.1770321717988028
RHF_MPM_P23,648,0.0324,32.4,0,255,5.282916666666667,30.886255705298037,76074,298.32941176470587,11,241,255,0.7846182840110383,107,107,275,0.019097222222222224,21,20,0.6547619047619048,62.156363636363636,53.63272727272727,0.06673611111111111,0.007361111111111111,0.024583333333333332,0.017430555555555557,0.012847222222222222,1,61.78839025159713,53.2157504535058,7.937220953914567,4.601670525474959,0.814788436914841,-137.61643256882897,0.5961887797853459,0.5961887797853459,0.010765833267607855,5,0.051458333333333606,741,0.0976097559428672,258.6363636363636,11.435771049830102,5.098478535353536,0.15640621106809494
RHF_MPM_P23,649,0.03245,32.45,0,255,5.264583333333333,30.86583640160806,75810,297.29411764705884,11,241,255,0.7595575358883919,109,109,267,0.018541666666666668,21,19,0.6691729323308271,62.45692883895131,53.92134831460674,0.06416666666666666,0.0077083333333333335,0.024375,0.017222222222222222,0.012986111111111111,1,61.8208547685002,53.26372510222926,7.937731786487294,4.512284138346817,0.8227108039766599,-137.8730023605436,0.5918096986335354,0.5918096986335354,0.009602954755309326,-8,-0.018333333333333535,-264,0.057926779453799176,261.54545454545456,8.825208072372071,5.145227272727273,0.11733690239120859
RHF_MPM_P23,650,0.0325,32.5,0,255,5.338888888888889,30.894008118959267,76880,301.4901960784314,12,237,255,0.7920236506798771,107,107,274,0.01902777777777778,21,20,0.6523809523809524,62.284671532846716,53.722627737226276,0.06701388888888889,0.007430555555555556,0.02451388888888889,0.017361111111111112,0.012777777777777779,1,61.73172476586889,53.15210718002081,8.054355743090367,4.605263841052386,0.8204118099041383,-136.89385489997701,0.5924735822580777,0.5924735822580777,0.01113423517169615,7,0.07430555555555518,1070,0.142838082902241,263.90909090909093,8.349790911421843,5.182323232323232,0.1078088726379341
RHF_MPM_P23,651,0.03255,32.55,0,255,5.297638888888889,30.7569146693993,76286,299.1607843137255,12,237,255,0.7749092399221379,108,108,269,0.018680555555555554,21,20,0.6404761904761904,62.46096654275093,53.68401486988848,0.06527777777777778,0.007430555555555556,0.02451388888888889,0.017291666666666667,0.012569444444444444,1,61.77379860000524,52.948090082059615,8.315428184761242,4.501959249133476,0.8407662023642838,-137.8728137883998,0.7442924484893174,0.7442924484893174,0.011129171800854678,-5,-0.04124999999999979,-594,0.20831030646476104,264.90909090909093,8.24019577718157,5.203522727272728,0.10544665639090234
RHF_MPM_P23,652,0.0326,32.6,0,255,5.1814583333333335,30.275699424638262,74613,292.6,12,234,255,0.7884665664053332,105,105,266,0.018472222222222223,20,20,0.665,62.56015037593985,53.785714285714285,0.06652777777777778,0.006736111111111111,0.02409722222222222,0.016527777777777777,0.012152777777777778,1,61.85792020157345,52.83401015908756,8.336832170332134,4.69828392899455,0.8260768691768808,-137.53317123221558,0.8549070855413949,0.8549070855413949,0.014380871966011285,-3,-0.11618055555555529,-1673,0.14174157003402207,264.8181818181818,8.222122948796374,5.203125,0.10552085254901593
RHF_MPM_P23,653,0.03265,32.65,0,255,5.116875,30.244373098532957,73683,288.9529411764706,11,232,255,0.7632440621939585,108,108,260,0.018055555555555554,19,19,0.7202216066481995,62.753846153846155,54.07692307692308,0.064375,0.007013888888888889,0.02340277777777778,0.016666666666666666,0.012361111111111111,1,61.88978461789015,53.061194576768045,8.372114667259778,4.546325925210956,0.8397120214629186,-137.06946612929087,0.7732415194041083,0.7732415194041083,0.013639509791946582,-6,-0.06458333333333321,-930,0.22940815300251285,263.72727272727275,7.989662742807211,5.187878787878788,0.10476286605968885
RHF_MPM_P23,654,0.0327,32.7,0,255,5.251736111111111,30.67219657636622,75625,296.5686274509804,12,236,255,0.7767918366995414,107,107,271,0.018819444444444444,20,20,0.6775,62.542435424354245,53.74907749077491,0.06597222222222222,0.007361111111111111,0.024027777777777776,0.017152777777777777,0.012638888888888889,1,61.96364958677686,53.090829752066114,8.131070740918142,4.571809217785951,0.8269577229482152,-136.35040682528478,0.8404703472683059,0.8404703472683059,0.013791735537190083,11,0.13486111111111043,1942,0.07958817276192401,264.90909090909093,8.016511885472221,5.193604797979798,0.10636309115770078
RHF_MPM_P23,655,0.03275,32.75,0,255,5.317222222222222,30.78416680076438,76568,300.26666666666665,13,237,255,0.8114566073291963,107,107,273,0.018958333333333334,20,20,0.6825,62.51282051282051,53.743589743589745,0.06958333333333333,0.007361111111111111,0.024305555555555556,0.017152777777777777,0.0125,1,61.923440601817994,53.095039703270295,8.186668946786487,4.6127895397324705,0.8261492565658161,-135.94588870976392,0.9141526581410749,0.9141526581410749,0.013347612579667746,2,0.06548611111111136,943,0.040428778865604184,267.0,6.7554691647851985,5.2235795454545455,0.0891183677858475
RHF_MPM_P23,656,0.0328,32.8,0,255,5.2525,30.4603247297019,75636,296.61176470588236,13,232,255,0.8076390722901571,108,108,265,0.01840277777777778,20,19,0.6973684210526315,62.64528301886792,54.10188679245283,0.06902777777777777,0.007152777777777778,0.023958333333333335,0.017013888888888887,0.012291666666666666,1,61.93830979956634,53.211129620815484,8.125385869283033,4.739657102157959,0.8122462367237605,-135.55682170383014,0.7602521749866705,0.7602521749866705,0.01328732349674758,-8,-0.06472222222222168,-932,0.11703829286745504,268.1818181818182,4.914138818814393,5.2425694444444435,0.06865188514654981
RHF_MPM_P23,657,0.03285,32.85,0,255,5.187569444444445,30.437641597811815,74701,292.9450980392157,12,234,255,0.7813149767558221,108,108,265,0.01840277777777778,20,19,0.6973684210526315,62.675471698113206,54.033962264150944,0.06618055555555556,0.007222222222222222,0.023680555555555555,0.016944444444444446,0.012430555555555556,1,62.12780284065809,53.31033051766375,8.01481826035079,4.655985598221387,0.8139591113647627,-136.66399885874884,0.8429774451776618,0.8429774451776618,0.014805692025541826,0,-0.06493055555555571,-935,0.21388882756633282,268.6363636363636,4.33322737738654,5.247531565656565,0.06222359872071314
RHF_MPM_P23,658,0.0329,32.9,0,255,5.212152777777778,30.46207896857616,75055,294.3333333333333,12,233,255,0.7957037298682672,107,107,267,0.018541666666666668,20,19,0.7026315789473684,62.640449438202246,54.0187265917603,0.06784722222222223,0.007013888888888889,0.02388888888888889,0.017013888888888887,0.0125,1,62.08902804609953,53.378602358270605,7.97049263652237,4.677613066356727,0.8096838970462875,-136.70274664839422,0.8547012222601982,0.8547012222601982,0.014003064419425754,2,0.02458333333333318,354,0.07851451402706713,268.3636363636364,4.33322737738654,5.245776515151515,0.06292056046732641
RHF_MPM_P23,659,0.03295,32.95,0,255,5.424861111111111,30.958680684146277,78118,306.3450980392157,14,237,255,0.8483134643256979,108,108,270,0.01875,20,19,0.7105263157894737,62.611111111111114,54.022222222222226,0.07326388888888889,0.007291666666666667,0.024791666666666667,0.0175,0.012708333333333334,1,62.04521365114314,53.348805652986506,7.9352541304342274,4.959382967959843,0.7806399710518559,-136.14947691871834,0.7529864825312015,0.7529864825312015,0.014119665121994932,3,0.2127083333333335,3063,0.05298627040263877,267.90909090909093,3.848365543366677,5.258680555555556,0.08113356610269853
RHF_MPM_P23,660,0.033,33.0,0,255,5.364097222222222,30.769176538858435,77243,302.9137254901961,13,235,255,0.8125273996520429,107,107,271,0.018819444444444444,20,20,0.6775,62.59778597785978,53.74907749077491,0.06923611111111111,0.007152777777777778,0.024930555555555556,0.017291666666666667,0.0125,1,62.05327343578059,53.07649884131895,7.995083931052874,4.903438986037269,0.7898448098246688,-135.68056680623758,0.7804769058298373,0.7804769058298373,0.011599756612249653,1,-0.060763888888889284,-875,0.2724260630133454,268.27272727272725,3.933328664142534,5.267727272727273,0.08664806972205139
RHF_MPM_P23,661,0.03305,33.05,0,255,5.277708333333333,30.492522357920205,75999,298.0352941176471,13,233,255,0.7822347329701032,107,107,267,0.018541666666666668,19,20,0.7026315789473684,62.741573033707866,54.02247191011236,0.065625,0.006944444444444444,0.024444444444444446,0.016944444444444446,0.012291666666666666,1,61.986434032026736,53.08680377373386,8.000073635673225,4.694276841642007,0.8097469762184382,-135.47301089604778,0.7492045677237578,0.7492045677237578,0.0121580547112462,-4,-0.08638888888888907,-1244,0.06762911744394207,267.6363636363636,3.497342556667517,5.262165404040403,0.08381914274307906
RHF_MPM_P23,662,0.0331,33.1,0,255,5.277708333333333,30.422719083193904,75999,298.0352941176471,14,233,255,0.7990426418204194,105,105,267,0.018541666666666668,20,20,0.6675,62.8689138576779,54.00374531835206,0.06777777777777778,0.006875,0.024305555555555556,0.016944444444444446,0.012222222222222223,1,62.09781707654048,53.06169818023921,8.172486290938163,4.732726581413051,0.8152530611706976,-135.44121859701667,0.8010806958357577,0.8010806958357577,0.01364491638047869,0,0.0,0,0.11417737704934933,267.45454545454544,3.4736314862805093,5.260353535353536,0.08324620579189813
RHF_MPM_P23,663,0.03315,33.15,0,255,5.253263888888889,30.500575298077518,75647,296.6549019607843,13,231,255,0.7786649142838176,107,107,268,0.01861111111111111,20,19,0.7052631578947368,62.57835820895522,53.98880597014925,0.065625,0.007013888888888889,0.024375,0.016944444444444446,0.012083333333333333,1,61.954181923936176,53.08815947757347,8.018962147614332,4.715303779230753,0.8088469631637392,-136.59460240813894,0.7862359074583378,0.7862359074583378,0.01432971565296707,1,-0.024444444444443825,-352,0.14605224175025083,267.6363636363636,3.444962785726621,5.2668813131313135,0.07953633705964855
RHF_MPM_P23,664,0.0332,33.2,0,255,5.204375,30.324803659224017,74943,293.8941176470588,13,232,255,0.7764535667292051,108,108,261,0.018125,19,19,0.7229916897506925,62.86590038314176,54.065134099616856,0.06541666666666666,0.006805555555555555,0.024375,0.016805555555555556,0.011944444444444445,1,62.08178215443737,53.123320390163194,7.980884233182417,4.759421955333305,0.8027225193564671,-136.66499844854218,0.9577618232944614,0.9577618232944614,0.012849765822024739,-7,-0.048888888888889426,-704,0.13235599192367578,267.72727272727275,3.249920533039905,5.274835858585859,0.06761887882985575
RHF_MPM_P23,665,0.03325,33.25,0,255,5.123888888888889,30.260531892749324,73784,289.34901960784316,10,232,255,0.7597231194269625,107,107,265,0.01840277777777778,19,19,0.7340720221606648,63.0,53.93584905660377,0.06375,0.006875,0.023680555555555555,0.01659722222222222,0.012013888888888888,1,62.3732109942535,53.10216307058441,7.7078040596260955,4.812152767235649,0.7811669851556703,-135.8377113312766,0.8984203574102252,0.8984203574102252,0.011736961942968666,4,-0.08048611111111104,-1159,0.2921958261993708,267.1818181818182,3.157046428033698,5.2632133838383846,0.08037465042014298
RHF_MPM_P23,666,0.0333,33.3,0,255,5.2224305555555555,30.621239627334198,75203,294.9137254901961,11,236,255,0.7667196217666749,106,106,272,0.01888888888888889,20,19,0.7157894736842105,62.963235294117645,54.033088235294116,0.06479166666666666,0.007083333333333333,0.024166666666666666,0.017013888888888887,0.012430555555555556,1,62.57929869819023,53.39737776418494,7.476178774914327,4.867193061844716,0.7590547083948185,-136.34708747012795,0.6778505750721624,0.6778505750721624,0.011847931598473466,7,0.09854166666666675,1419,0.36003313324132724,267.09090909090907,2.9986222731764802,5.254595959595959,0.07919501429705837
RHF_MPM_P23,667,0.03335,33.35,0,255,5.089791666666667,30.240773270737524,73293,287.4235294117647,9,230,255,0.7400942060867074,106,106,266,0.018472222222222223,20,19,0.7,62.93609022556391,54.090225563909776,0.06201388888888889,0.006805555555555555,0.02361111111111111,0.01673611111111111,0.011875,1,62.510198791153314,53.44740971170508,7.431025567238199,4.70095788220993,0.7744686745223281,-137.75176623354417,0.4857051825867816,0.4857051825867816,0.010805943268797838,-6,-0.13263888888888875,-1910,0.08531115358010467,267.1818181818182,2.9485954073139737,5.239804292929293,0.09231354065720547
RHF_MPM_P23,668,0.0334,33.4,0,255,5.018402777777778,29.921250952458394,72265,283.3921568627451,9,228,255,0.7330360983457174,108,108,254,0.017638888888888888,19,18,0.7426900584795322,62.96456692913386,54.20866141732284,0.06111111111111111,0.006597222222222222,0.02347222222222222,0.016180555555555556,0.01173611111111111,1,62.435162250051896,53.47980350100325,7.4380916110666115,4.728767496127735,0.7718949465703798,-136.85453885005901,0.6731348967785012,0.6731348967785012,0.01082128277866187,-12,-0.0713888888888885,-1028,0.08173028866680648,266.1818181818182,4.80185914408882,5.224425505050505,0.11177422898117105
RHF_MPM_P23,669,0.03345,33.45,0,255,5.043333333333333,29.950279353176878,72624,284.8,10,228,255,0.7487084334986075,106,106,264,0.018333333333333333,20,19,0.6947368421052632,63.01136363636363,54.16287878787879,0.06291666666666666,0.006736111111111111,0.02326388888888889,0.01625,0.01173611111111111,1,62.556083388411544,53.49388631857237,7.526581281103112,4.800719978811065,0.770172709889367,-136.84627015547474,0.7144480218899355,0.7144480218899355,0.011924432694426085,10,0.02493055555555479,359,0.12173843868260452,265.90909090909093,4.832739585455277,5.209078282828283,0.12339187618791007
RHF_MPM_P23,670,0.0335,33.5,0,255,5.021111111111111,30.00181427641574,72304,283.5450980392157,9,230,255,0.7371344115332752,108,108,257,0.017847222222222223,19,19,0.7119113573407202,62.976653696498055,54.34630350194553,0.061875,0.006736111111111111,0.023055555555555555,0.016527777777777777,0.011805555555555555,1,62.56366176145165,53.54994191192742,7.482587002184105,4.784851850581071,0.7688202808989627,-136.83257006666997,0.7966553966137417,0.7966553966137417,0.013581544589510953,-7,-0.022222222222222143,-320,0.05656554856378063,264.72727272727275,5.258601768719844,5.1723737373737375,0.11339034536231715
RHF_MPM_P23,671,0.03355,33.55,0,255,4.990763888888889,29.912629453215285,71867,281.8313725490196,8,228,255,0.7318605802573213,106,106,261,0.018125,20,18,0.725,63.05747126436781,54.2911877394636,0.06104166666666667,0.006597222222222222,0.023333333333333334,0.016319444444444445,0.01173611111111111,1,62.5500299163733,53.63330875088705,7.323142745437583,4.707432193402519,0.7660207498262742,-138.59109197239127,0.640388702777724,0.640388702777724,0.0127179373008474,4,-0.03034722222222186,-437,0.08447400214481203,263.8181818181818,4.950999565160037,5.138434343434343,0.10659379565296918
RHF_MPM_P23,672,0.0336,33.6,0,255,4.8840972222222225,29.348825878303757,70331,275.8078431372549,9,223,255,0.7260760193634533,104,104,256,0.017777777777777778,19,18,0.7485380116959064,63.76953125,54.265625,0.06041666666666667,0.006458333333333333,0.02277777777777778,0.015555555555555555,0.010972222222222222,1,63.163299256373435,53.552089405809674,7.162992836869583,4.904829537859014,0.728781953913268,-138.71881460820913,0.752059222088991,0.752059222088991,0.01275397762011062,-5,-0.10666666666666647,-1536,0.6186241713665918,262.8181818181818,5.30554053142359,5.102651515151515,0.1191600215728869
RHF_MPM_P23,673,0.03365,33.65,0,255,4.871527777777778,29.652735875263136,70150,275.0980392156863,7,229,255,0.7049258431991812,108,108,250,0.017361111111111112,18,18,0.7716049382716049,64.012,54.62,0.058611111111111114,0.006666666666666667,0.022222222222222223,0.015833333333333335,0.011597222222222222,1,63.66574483250178,54.16548823948681,6.5950944639445215,4.705158558840129,0.7007233689643688,-135.5990647548581,0.5586818817162292,0.5586818817162292,0.012744119743406985,-6,-0.012569444444444855,-181,0.7929121553661652,261.27272727272725,6.25359400797085,5.06572601010101,0.12208979124318085
RHF_MPM_P23,674,0.0337,33.7,0,12,0.023055555555555555,0.3862520725902282,332,27.666666666666668,0,0,7,0.06315665943037652,3,8,11,0.0007638888888888889,32,107,0.0032126168224299065,95.72727272727273,59.90909090909091,0.005138888888888889,0.0,0.0,0.0,0.0,0,89.0,58.924698795180724,33.697738553127266,22.14102116937676,0.7538490148347342,92.38611699516971,-0.1466048990180564,0.1466048990180564,0.0,-239,-4.848472222222222,-69818,25.777404252665523,237.9090909090909,71.99552327680401,4.5902525252525255,1.4482118931733354
RHF_MPM_P23,675,0.03375,33.75,0,255,2.8922222222222222,21.458064284541283,41648,163.32549019607842,3,81,255,0.6484068411103324,108,108,125,0.008680555555555556,13,12,0.8012820512820513,66.792,56.816,0.05548611111111111,0.0033333333333333335,0.011875,0.008125,0.0059722222222222225,1,69.12127833269305,58.07765078755283,8.47371485076627,5.249720625658366,0.7849729738773258,-141.39734250913767,-0.9823979961493493,0.9823979961493493,0.026771993853246256,114,2.8691666666666666,41316,19.896760174799443,225.54545454545453,78.36437460103647,4.380056818181819,1.5102874642342514
RHF_MPM_P23,676,0.0338,33.8,0,255,4.545277777777778,25.486644758264095,65452,256.6745098039216,20,145,255,0.9553744723858335,104,104,186,0.012916666666666667,20,19,0.48947368421052634,69.0752688172043,59.67741935483871,0.08409722222222223,0.004722222222222222,0.018472222222222223,0.010833333333333334,0.007847222222222222,1,75.66019372975616,64.6973201735623,17.28584537878309,4.09037595403072,0.9715994654923897,-141.09302238927532,-1.3309898295012828,1.3309898295012828,0.01918963515247815,61,1.6530555555555555,23804,9.304699745291089,218.36363636363637,78.03876976719238,4.327455808080808,1.4934471034255465
RHF_MPM_P23,677,0.03385,33.85,0,255,5.843680555555555,29.288617817775783,84149,329.99607843137255,25,207,255,1.10336351467135,106,106,235,0.016319444444444445,32,29,0.25323275862068967,71.2,61.44255319148936,0.09826388888888889,0.006736111111111111,0.02798611111111111,0.013402777777777777,0.010069444444444445,1,77.52136091932168,67.08035746117007,18.288104212126377,4.005635196540151,0.9757182263186615,-136.87640837041624,-1.0335272608901351,1.0335272608901351,0.008140322523143471,49,1.2984027777777776,18697,3.0237079921255927,215.0,76.43535593142506,4.383933080808081,1.537326425932882
RHF_MPM_P23,678,0.0339,33.9,0,255,6.570486111111111,31.122484789713017,94615,371.03921568627453,36,242,255,1.13866490404133,112,112,239,0.01659722222222222,20,19,0.6289473684210526,70.26359832635983,60.53556485355649,0.100625,0.0077777777777777776,0.03270833333333333,0.015486111111111112,0.011944444444444445,1,79.9820007398404,69.18008772393384,22.24700354187135,3.9875907171617015,0.9838050687328973,-136.872112014082,-1.0081654094685475,1.0081654094685475,0.004460180732442001,4,0.7268055555555559,10466,3.23475122732621,212.54545454545453,75.18143343861101,4.518541666666667,1.6536615451346697
RHF_MPM_P23,679,0.03395,33.95,0,255,5.772638888888889,30.6491068608793,83126,325.9843137254902,22,239,255,0.9888812465477519,109,109,258,0.017916666666666668,22,20,0.5863636363636363,70.48449612403101,60.74031007751938,0.08701388888888889,0.0077777777777777776,0.023194444444444445,0.01625,0.012361111111111111,1,74.80179486562568,64.4116642205808,15.461544069725813,4.11068398635616,0.9640102603679854,-137.02475774960865,-1.6433013702139767,1.6433013702139767,0.01697423188893968,19,-0.7978472222222219,-11489,7.040766691673452,212.9090909090909,75.3904437463029,4.587108585858586,1.6882412750425726
RHF_MPM_P23,680,0.034,34.0,0,255,6.062430555555555,32.05771149528023,87299,342.34901960784316,21,248,255,0.9694843066352792,108,108,285,0.019791666666666666,24,21,0.5654761904761905,71.07368421052631,61.07719298245614,0.08486111111111111,0.008611111111111111,0.026041666666666668,0.018333333333333333,0.01375,1,74.51564164537967,63.965051146061235,15.381353288549299,4.305744261521216,0.9600196170183058,-137.71769614376626,-1.911843069774226,1.911843069774226,0.05317357587143037,27,0.289791666666666,4173,0.5304214397900798,214.8181818181818,76.9105953001372,4.679753787878788,1.7379654786916336
RHF_MPM_P23,681,0.03405,34.05,0,255,6.497013888888889,33.53400002609005,93557,366.89019607843136,21,252,255,0.9874138227718432,107,107,325,0.022569444444444444,26,23,0.5434782608695652,71.86461538461539,61.707692307692305,0.08666666666666667,0.009236111111111112,0.029513888888888888,0.02013888888888889,0.015069444444444444,1,74.06384343234606,63.566392680398046,13.467946689280328,4.380334490606572,0.9456310063265796,-138.11640017401797,-1.869496583269512,1.869496583269512,0.031520891007621024,40,0.4345833333333333,6258,0.6025364698881664,221.0,82.57668612210767,4.813926767676768,1.8144282153533702
RHF_MPM_P23,682,0.0341,34.1,0,255,6.727083333333334,34.060307460016176,96870,379.88235294117646,23,254,255,1.0226150323095262,108,108,333,0.023125,26,23,0.5568561872909699,71.71171171171171,61.813813813813816,0.0901388888888889,0.009652777777777777,0.029791666666666668,0.021111111111111112,0.015416666666666667,1,73.85812945184267,63.35492928667286,12.325843228359012,4.5568551207417745,0.9291514715776812,-138.87464670663542,-1.4428046750456422,1.4428046750456422,0.015587901311035409,8,0.2300694444444451,3313,0.29501696334333144,227.54545454545453,88.15313497891933,4.97177398989899,1.8966111095955722
RHF_MPM_P23,683,0.03415,34.15,0,255,6.924027777777778,34.73242649806767,99706,391.00392156862745,25,255,255,1.0396839712487078,110,110,338,0.02347222222222222,25,22,0.6145454545454545,71.42899408284023,61.6301775147929,0.09229166666666666,0.010486111111111111,0.03,0.021458333333333333,0.016180555555555556,1,73.64423404810142,63.20339799009087,11.391005531156257,4.620607681251787,0.9140344770079274,-139.78934956131084,-1.003100591994572,1.003100591994572,0.016177562032375182,5,0.19694444444444414,2836,0.2621316035609808,235.0,93.54629383844713,5.157222222222223,1.9769990304996412
RHF_MPM_P23,684,0.0342,34.2,0,255,7.226736111111111,35.338082136262734,104065,408.0980392156863,28,255,255,1.1082761120877678,111,111,343,0.023819444444444445,26,23,0.5735785953177257,71.49562682215743,61.66180758017493,0.09965277777777778,0.011111111111111112,0.03125,0.022430555555555554,0.016875,1,74.15202037188295,63.5959352327872,12.0608306961514,4.839006261876718,0.9159831811790174,-139.9980721574531,-0.9763247490519104,0.9763247490519104,0.01811367895065584,5,0.30270833333333336,4359,0.6418196300544238,243.45454545454547,98.58670723264474,5.37133207070707,2.060246453789605
RHF_MPM_P23,685,0.03425,34.25,0,255,7.231805555555556,35.215980661656886,104138,408.3843137254902,28,255,255,1.132954342073762,111,111,342,0.02375,26,22,0.5979020979020979,71.51754385964912,61.53216374269006,0.10222222222222223,0.010763888888888889,0.030416666666666668,0.022083333333333333,0.017083333333333332,1,74.40018052968176,63.71056674796904,12.741444265315678,4.6781104892448955,0.9301589838363385,-140.1089182506991,-1.0831827285580287,1.0831827285580287,0.02142349574602931,-1,0.005069444444444571,73,0.27335663187787057,273.54545454545456,69.16957244385797,6.02667297979798,1.2367068102892165
RHF_MPM_P23,686,0.0343,34.3,0,255,7.486805555555556,35.84214764950418,107810,422.7843137254902,27,255,255,1.1937810246797775,111,111,353,0.02451388888888889,26,23,0.5903010033444817,71.61473087818698,61.906515580736546,0.11,0.011597222222222222,0.03152777777777778,0.023055555555555555,0.017708333333333333,1,74.64364159168909,64.06273072998795,13.1662590173202,4.7195759207253944,0.9335451239540081,-140.15598530666108,-1.1303923432682947,1.1303923432682947,0.024042296632965404,11,0.2549999999999999,3672,0.42812703598949386,294.27272727272725,54.062406546998,6.444362373737373,0.8097125157615667
RHF_MPM_P23,687,0.03435,34.35,0,255,7.462638888888889,35.53281728413013,107462,421.41960784313727,27,255,255,1.197087756466149,110,110,353,0.02451388888888889,26,25,0.5430769230769231,71.81303116147309,62.155807365439095,0.10965277777777778,0.010763888888888889,0.03208333333333333,0.02277777777777778,0.017013888888888887,1,74.88864901081313,64.51498204016303,13.890357875934264,4.653000992008231,0.9422250101845103,-138.96959060721161,-1.207501345503216,1.207501345503216,0.023961958645846906,0,-0.02416666666666689,-348,0.5143538499718875,309.45454545454544,44.04618162454584,6.709577020202019,0.5930365467041969
RHF_MPM_P23,688,0.0344,34.4,0,255,7.4383333333333335,35.40958482137601,107112,420.0470588235294,26,255,255,1.213633772007546,110,110,350,0.024305555555555556,25,25,0.56,71.52571428571429,62.005714285714284,0.11194444444444444,0.010902777777777779,0.03194444444444444,0.022222222222222223,0.016666666666666666,1,74.80314063783703,64.50778624243782,14.060590342885018,4.59448509501556,0.9451062039406005,-138.73328213038172,-1.3059149678988526,1.3059149678988526,0.02534730002240645,-3,-0.024305555555555358,-350,0.0858106132941663,319.90909090909093,38.422187116429456,6.854545454545454,0.5574903637912314
RHF_MPM_P23,689,0.03445,34.45,0,255,7.2813888888888885,34.87597052833382,104852,411.1843137254902,26,255,255,1.2033606851896237,110,110,337,0.02340277777777778,25,23,0.5860869565217391,71.22848664688428,61.5786350148368,0.11076388888888888,0.010694444444444444,0.030833333333333334,0.021458333333333333,0.016180555555555556,1,74.8160931598825,64.53874985694121,14.57527419239573,4.6339805481872265,0.9481127250573248,-138.27326295173967,-1.401142101843168,1.401142101843168,0.025569373974745357,-13,-0.156944444444445,-2260,0.03356357028763433,328.8181818181818,28.78073276538311,6.91917297979798,0.5620022874870705
RHF_MPM_P23,690,0.0345,34.5,0,255,7.1248611111111115,34.6873931427005,102598,402.3450980392157,26,255,255,1.1744314511164955,112,112,324,0.0225,23,22,0.6403162055335968,70.8641975308642,61.20679012345679,0.10798611111111112,0.010625,0.029652777777777778,0.021111111111111112,0.01625,1,74.48129593169458,64.18409715588997,14.248452818112106,4.619169797736067,0.9459928581162452,-138.38993955009587,-1.4143040708572194,1.4143040708572194,0.024795804986451977,-13,-0.15652777777777693,-2254,0.4877168465054844,334.8181818181818,18.398706386434206,7.0421022727272735,0.43020626623991737
RHF_MPM_P23,691,0.03455,34.55,0,255,6.959097222222222,34.21478411392903,100211,392.9843137254902,25,255,255,1.1610466125320023,110,110,319,0.022152777777777778,22,23,0.6304347826086957,70.5705329153605,61.09090909090909,0.10666666666666667,0.010486111111111111,0.028680555555555556,0.020763888888888887,0.015694444444444445,1,74.32876630310045,64.15979283711368,14.411614858428846,4.545210461929978,0.9489637279216039,-138.1701608776158,-1.441351215718035,1.441351215718035,0.02501721367913702,-5,-0.1657638888888897,-2387,0.15445383617845418,337.90909090909093,11.228652841196007,7.1236174242424255,0.30299909877217346
RHF_MPM_P23,692,0.0346,34.6,0,255,6.713125,33.802687187081865,96669,379.09411764705885,23,254,255,1.132260120261156,112,112,308,0.021388888888888888,22,21,0.6666666666666666,70.34415584415585,60.77597402597402,0.10409722222222222,0.01,0.02798611111111111,0.02020833333333333,0.015416666666666667,1,73.83932801622029,63.583899698972786,13.761006742513601,4.5433796910346445,0.9439238217379708,-138.64635178153588,-1.5004494733492184,1.5004494733492184,0.02796139403531639,-11,-0.24597222222222204,-3542,0.7557795599392434,336.3636363636364,13.77925138006566,7.143263888888891,0.26654680860676455
RHF_MPM_P23,693,0.03465,34.65,0,255,6.589930555555555,33.406814362170344,94895,372.1372549019608,21,254,255,1.1115245104725833,111,111,302,0.020972222222222222,22,22,0.6239669421487604,70.17880794701986,60.629139072847686,0.10159722222222223,0.009652777777777777,0.02798611111111111,0.01972222222222222,0.015069444444444444,1,73.79618525738975,63.55785868591601,13.78277184003954,4.456007557836538,0.9462955956743354,-138.55725261098004,-1.5219259095814068,1.5219259095814068,0.02788345012909005,-6,-0.1231944444444446,-1774,0.05039277726553107,333.54545454545456,16.977865999126553,7.1307954545454555,0.28806259665588924
RHF_MPM_P23,694,0.0347,34.7,0,255,6.329583333333333,32.699768302674734,91146,357.43529411764706,21,252,255,1.0845392746096578,110,110,296,0.020555555555555556,22,21,0.6406926406926406,70.01689189189189,60.307432432432435,0.09833333333333333,0.008958333333333334,0.026875,0.01902777777777778,0.014097222222222223,1,73.42090711605556,63.12659908279025,13.385706912632513,4.4701066548298005,0.942592117899344,-138.53451127686523,-1.5165017916106247,1.5165017916106247,0.02629846619709038,-6,-0.2603472222222223,-3749,0.571680442775012,329.72727272727275,20.00041321887175,7.076755050505051,0.36678512765742916
RHF_MPM_P23,695,0.03475,34.75,0,255,6.15,32.30940050683564,88560,347.29411764705884,20,250,255,1.0487335638696138,110,110,286,0.01986111111111111,22,21,0.6190476190476191,70.01398601398601,60.28321678321678,0.09472222222222222,0.008958333333333334,0.026319444444444444,0.01840277777777778,0.013888888888888888,1,73.21836043360433,62.83289295392954,13.131456126535914,4.421562876521004,0.9416064844145419,-138.99778372831008,-1.5421515629991867,1.5421515629991867,0.027077687443541103,-10,-0.17958333333333254,-2586,0.3567750673776743,324.54545454545456,23.04289926661943,6.97886994949495,0.44831287884043736
RHF_MPM_P23,696,0.0348,34.8,0,255,6.092847222222222,32.2178035487281,87737,344.06666666666666,20,250,255,1.0411991961192137,110,110,286,0.01986111111111111,22,21,0.6190476190476191,69.8881118881119,60.12587412587413,0.09409722222222222,0.008888888888888889,0.025763888888888888,0.01840277777777778,0.013819444444444445,1,73.08873109406522,62.65314519529959,12.975141472354803,4.491176628132128,0.9381839759516433,-139.41445867738298,-1.5745675673790884,1.5745675673790884,0.027787592463840795,0,-0.057152777777778496,-823,0.2216145807518906,319.45454545454544,24.74731807825074,6.875328282828283,0.505781035897546
RHF_MPM_P23,697,0.03485,34.85,0,255,6.099861111111111,32.2004554830214,87838,344.4627450980392,19,250,255,1.0588756648029873,110,110,283,0.01965277777777778,22,21,0.6125541125541125,69.85512367491167,59.996466431095406,0.0961111111111111,0.008888888888888889,0.025763888888888888,0.018472222222222223,0.013541666666666667,1,73.21832236617409,62.65213233452492,13.216023175836154,4.663513887206819,0.9356730497155785,-139.52372227764545,-1.5429080914520403,1.5429080914520403,0.0277556410665088,-3,0.007013888888889319,101,0.12959523021216332,313.09090909090907,24.299100415277426,6.749242424242424,0.5104837115440717
RHF_MPM_P23,698,0.0349,34.9,0,255,5.982430555555555,31.707491836107813,86147,337.8313725490196,20,246,255,1.0312271913079614,109,109,281,0.01951388888888889,22,21,0.6082251082251082,69.79715302491103,59.98932384341637,0.09284722222222222,0.008194444444444445,0.025416666666666667,0.017847222222222223,0.013402777777777777,1,73.3445738098831,62.89531846727106,13.821941923578274,4.286815559719089,0.9506890437699768,-139.11663864983043,-1.6373422199248497,1.6373422199248497,0.028242422835386027,-2,-0.11743055555555593,-1691,0.2740053324273669,306.54545454545456,22.28070358103881,6.614678030303029,0.49967374866732744
RHF_MPM_P23,699,0.03495,34.95,0,255,5.815486111111111,31.249211930726734,83743,328.4039215686274,18,245,255,1.0259779510701224,107,107,277,0.01923611111111111,22,21,0.5995670995670995,69.66787003610108,59.898916967509024,0.09236111111111112,0.0077083333333333335,0.025,0.017361111111111112,0.012916666666666667,1,73.01100987545227,62.547484565874164,13.240084270872323,4.35130932359669,0.9444529529439907,-139.4553448324975,-1.5931743901195052,1.5931743901195052,0.027178391029698004,-4,-0.1669444444444439,-2404,0.48192667628380903,299.90909090909093,18.975843713208093,6.467146464646464,0.4736023341615279
RHF_MPM_P23,700,0.035,35.0,0,255,5.770416666666667,31.201808393883375,83094,325.8588235294118,18,242,255,0.996677162092831,108,108,275,0.019097222222222224,22,20,0.625,69.69454545454545,59.76,0.08930555555555555,0.007847222222222222,0.024791666666666667,0.017430555555555557,0.013055555555555556,1,72.84598165932559,62.40233951909885,12.994874475058397,4.34980200634166,0.9423133244538644,-138.80848220378365,-1.675972948202436,1.675972948202436,0.02714997472741714,-2,-0.045069444444444606,-649,0.2197757873865172,294.27272727272725,16.11374855711679,6.329785353535353,0.43507405250663883
RHF_MPM_P23,701,0.03505,35.05,0,255,5.762847222222222,31.457161262121275,82985,325.4313725490196,18,245,255,0.954368946229768,108,108,278,0.019305555555555555,22,20,0.6318181818181818,69.6726618705036,59.83453237410072,0.08465277777777777,0.007916666666666667,0.024722222222222222,0.017777777777777778,0.013194444444444444,1,72.45050310297042,62.162921009821055,12.438961802571251,4.353503630809176,0.9367536946488372,-138.56976184450872,-1.6662159700157804,1.6662159700157804,0.026824124841838888,3,-0.0075694444444449616,-109,0.46230348378697517,290.09090909090907,13.634545333317169,6.205965909090909,0.3817201883596228
RHF_MPM_P23,702,0.0351,35.1,0,255,5.730277777777777,31.509079818902215,82516,323.59215686274507,17,248,255,0.9456417142371968,110,110,273,0.018958333333333334,21,20,0.65,69.48717948717949,59.772893772893774,0.08444444444444445,0.008333333333333333,0.024930555555555556,0.017777777777777778,0.013680555555555555,1,72.17342091230792,61.98247612584226,12.053133598884793,4.451418675613073,0.9293037567463266,-138.61641417783412,-1.68123570894648,1.68123570894648,0.02813999709147317,-5,-0.03256944444444443,-469,0.33065827758646676,285.90909090909093,10.908333307026792,6.094255050505051,0.3197461027528165
RHF_MPM_P23,703,0.03515,35.15,0,255,5.911527777777778,32.225181326949645,85126,333.82745098039214,17,251,255,0.9690664690540325,111,111,281,0.01951388888888889,22,20,0.6386363636363637,69.58718861209964,59.79003558718861,0.08715277777777777,0.009027777777777777,0.025138888888888888,0.018472222222222223,0.014097222222222223,1,72.26148297817353,62.00098677254893,11.97345177725979,4.421442448819892,0.9293219584722601,-138.50365120471523,-1.640903652553789,1.640903652553789,0.028170006813429505,8,0.18125000000000036,2610,0.08998650724424619,283.45454545454544,8.413880699757518,6.021382575757576,0.2552339641402468
RHF_MPM_P23,704,0.0352,35.2,0,255,5.990694444444444,32.53651021145275,86266,338.2980392156863,17,253,255,0.9651085406993773,110,110,293,0.02034722222222222,22,20,0.6659090909090909,69.80546075085324,59.863481228668945,0.08666666666666667,0.009166666666666667,0.025763888888888888,0.01875,0.014375,1,72.18526418287622,61.83150951707509,11.486033034104983,4.506334306256055,0.9198238284855129,-139.08154528697486,-1.5398933382012454,1.5398933382012454,0.02710221871884636,12,0.07916666666666661,1140,0.18582745997165473,282.6363636363636,6.865893668545166,5.966906565656566,0.1813181795497382
RHF_MPM_P23,705,0.03525,35.25,0,255,6.026875,32.59728452325332,86787,340.3411764705882,17,252,255,0.9697511803139213,109,109,298,0.020694444444444446,22,21,0.645021645021645,69.97986577181209,60.08389261744966,0.08694444444444445,0.008888888888888889,0.026180555555555554,0.01888888888888889,0.014444444444444444,1,72.25614435341699,61.88528235795684,11.45538320921452,4.414266779760016,0.9227728647817248,-139.26460625009344,-1.3986525387212547,1.3986525387212547,0.02622512588290873,5,0.036180555555556104,521,0.0889691912539459,282.8181818181818,7.233987732391914,5.939387626262627,0.143137145808943
RHF_MPM_P23,706,0.0353,35.3,0,255,5.9747916666666665,32.46391998282157,86037,337.4,17,252,255,0.9444291944855289,109,109,293,0.02034722222222222,23,21,0.6066252587991718,70.02730375426621,59.9283276450512,0.08423611111111111,0.009027777777777777,0.025833333333333333,0.01875,0.014097222222222223,1,72.22159071097319,61.687971454141824,11.104558799429256,4.45998710403825,0.9157995276249087,-139.6603441524637,-1.348156419834044,1.348156419834044,0.02531469019142927,-5,-0.052083333333333925,-750,0.20031362152992013,283.45454545454544,7.773657573247982,5.923459595959596,0.12773403407670583
RHF_MPM_P23,707,0.03535,35.35,0,255,5.9459027777777775,32.2574311617837,85621,335.7686274509804,17,250,255,0.9425018666475489,108,108,296,0.020555555555555556,23,21,0.6128364389233955,70.07770270270271,60.148648648648646,0.08333333333333333,0.008541666666666666,0.026180555555555554,0.018680555555555554,0.013888888888888888,1,72.28394903119562,61.843297789093796,11.155955323325877,4.366913211664682,0.9202026394309081,-140.07988574439193,-1.2770524931378107,1.2770524931378107,0.02370913677719251,3,-0.028888888888888964,-416,0.16737631382777973,284.3636363636364,8.56284497404845,5.910101010101011,0.1165115587626329
RHF_MPM_P23,708,0.0354,35.4,0,255,5.801388888888889,31.810172608841988,83540,327.6078431372549,17,248,255,0.9328155689509401,108,108,283,0.01965277777777778,22,20,0.6431818181818182,69.7243816254417,59.72791519434629,0.08229166666666667,0.008472222222222223,0.025069444444444443,0.017986111111111112,0.013541666666666667,1,72.24603782619104,61.67112760354321,11.130814978331564,4.327088793146993,0.9213438675455015,-140.6600247618784,-1.3826437380454601,1.3826437380454601,0.024455350730189132,-13,-0.1445138888888886,-2081,0.1762947312242246,284.3636363636364,8.56284497404845,5.882967171717172,0.10314822031757605
RHF_MPM_P23,709,0.03545,35.45,0,255,5.760138888888889,31.615807315375204,82946,325.278431372549,17,248,255,0.9293242333665304,108,108,284,0.01972222222222222,22,20,0.6454545454545455,69.62676056338029,59.820422535211264,0.08166666666666667,0.008194444444444445,0.025208333333333333,0.017777777777777778,0.013194444444444444,1,72.12342970125141,61.78000144672438,11.31907895718932,4.399552364393512,0.921370845264507,-139.4818937215921,-1.373353820716581,1.373353820716581,0.024570202300291756,1,-0.04124999999999979,-594,0.16397032057738128,284.6363636363636,8.498906103651086,5.862758838383839,0.10345696827985845
RHF_MPM_P23,710,0.0355,35.5,0,255,5.709513888888889,31.579377387031947,82217,322.41960784313727,17,247,255,0.9105678289880428,107,107,280,0.019444444444444445,21,20,0.6666666666666666,69.56785714285714,59.69285714285714,0.08034722222222222,0.008402777777777778,0.024930555555555556,0.017708333333333333,0.013333333333333334,1,71.94347884257513,61.57831105489132,11.16404718142253,4.361682191199062,0.9205222876461455,-139.66153500484637,-1.3293360266584333,1.3293360266584333,0.02601651726528577,-4,-0.05062500000000014,-729,0.2702985861896078,284.90909090909093,8.295174341469377,5.8531249999999995,0.11199235837652612
RHF_MPM_P23,711,0.03555,35.55,0,255,5.715833333333333,31.614264965448047,82308,322.77647058823527,17,247,255,0.9197998214586056,107,107,282,0.019583333333333335,22,20,0.6409090909090909,69.677304964539,59.734042553191486,0.08159722222222222,0.008472222222222223,0.024791666666666667,0.017777777777777778,0.01326388888888889,1,72.00470185158186,61.65684988093503,11.325198924340604,4.359189386578063,0.9229538511850561,-139.20852531548692,-1.4285113331980033,1.4285113331980033,0.027421392817223115,2,0.006319444444444322,91,0.0995821471357227,285.54545454545456,7.7619542567769315,5.848162878787878,0.1166590431748827
RHF_MPM_P23,712,0.0356,35.6,0,255,5.607152777777777,31.184950812388713,80743,316.6392156862745,16,243,255,0.9162210770758855,108,108,274,0.01902777777777778,21,20,0.6523809523809524,69.48175182481752,59.70802919708029,0.08104166666666666,0.00798611111111111,0.024722222222222222,0.017361111111111112,0.012777777777777779,1,71.93064414252629,61.724521011109324,11.484782626477033,4.323253463475457,0.9264437633870408,-138.81639380345314,-1.3970144206843291,1.3970144206843291,0.026008446552642336,-8,-0.10868055555555589,-1565,0.10031912145561042,285.1818181818182,8.188885836282576,5.834008838383839,0.13426773049518007
RHF_MPM_P23,713,0.03565,35.65,0,255,5.527152777777777,30.844046993688767,79591,312.121568627451,16,239,255,0.9146774955582322,106,106,274,0.01902777777777778,22,21,0.5930735930735931,69.62408759124088,59.91240875912409,0.08069444444444444,0.007638888888888889,0.024444444444444446,0.017222222222222222,0.012361111111111111,1,72.01415989245015,61.8829515900039,11.731920409795537,4.205585549831137,0.9335398051289595,-138.92719408895204,-1.4681457218045622,1.4681457218045622,0.026083351132665755,0,-0.08000000000000007,-1152,0.1790953065108489,285.27272727272725,8.057643565876488,5.8155429292929295,0.1589613100976892
RHF_MPM_P23,714,0.0357,35.7,0,255,5.422777777777778,30.46814380182021,78088,306.2274509803922,16,236,255,0.9102760537614101,106,106,266,0.018472222222222223,21,20,0.6333333333333333,69.25187969924812,59.68045112781955,0.08020833333333334,0.007430555555555556,0.023819444444444445,0.016666666666666666,0.012291666666666666,1,71.88035293515009,61.82056141788751,11.656776705466832,4.2389245916472795,0.931537740450783,-138.79560394910982,-1.5213723514370645,1.5213723514370645,0.026111566437864973,-8,-0.10437499999999922,-1503,0.14763751352083357,283.90909090909093,9.7556934002155,5.771111111111111,0.19100000027544206
RHF_MPM_P23,715,0.03575,35.75,0,255,5.310555555555555,30.045462307092457,76472,299.89019607843136,16,231,255,0.9159566617063308,107,107,258,0.017916666666666668,21,20,0.6142857142857143,69.15503875968992,59.63953488372093,0.08069444444444444,0.006944444444444444,0.02340277777777778,0.01625,0.011805555555555555,1,71.7915184642745,61.79002772256512,11.806469785077992,4.161018434254503,0.9358361272187886,-138.71382542233036,-1.4439879494683554,1.4439879494683554,0.027356418035359348,-8,-0.11222222222222289,-1616,0.09393545531792155,280.72727272727275,11.771235426711776,5.709280303030303,0.21807672618214266
RHF_MPM_P23,716,0.0358,35.8,0,255,5.185555555555555,29.521167306456608,74672,292.8313725490196,16,225,255,0.9081986916149086,106,106,251,0.017430555555555557,21,20,0.5976190476190476,68.91235059760956,59.44223107569721,0.08027777777777778,0.006736111111111111,0.022708333333333334,0.015694444444444445,0.01125,1,71.7652265909578,61.83573494750375,11.964839135691308,4.199969207583194,0.9363657253800718,-138.38163244087838,-1.5600569546018486,1.5600569546018486,0.027788193700449968,-7,-0.125,-1800,0.05272962178977289,276.45454545454544,13.17272413576724,5.632796717171716,0.23973586509400552
RHF_MPM_P23,717,0.03585,35.85,0,255,5.096805555555555,29.40156015920796,73394,287.81960784313725,15,224,255,0.8880514185527886,107,107,248,0.017222222222222222,20,19,0.6526315789473685,68.70967741935483,59.25403225806452,0.078125,0.006666666666666667,0.021805555555555557,0.015486111111111112,0.011319444444444444,1,71.51158132817396,61.57571463607379,11.674861610856862,4.2505055511907655,0.9313702928508639,-138.63922251872947,-1.4695112683014786,1.4695112683014786,0.02763168651388397,-3,-0.0887500000000001,-1278,0.3632443828730386,272.3636363636364,14.335415314228081,5.5529797979797975,0.2580440357952477
RHF_MPM_P23,718,0.0359,35.9,0,255,5.049305555555556,29.408434864582876,72710,285.1372549019608,15,228,255,0.872757491553984,107,107,246,0.017083333333333332,20,19,0.6473684210526316,68.69918699186992,59.15853658536585,0.07694444444444444,0.006805555555555555,0.021597222222222223,0.015486111111111112,0.011458333333333333,1,71.367844863155,61.377623435565944,11.422577755390083,4.236380311747368,0.9286816840163555,-138.73714509790582,-1.595833359051621,1.595833359051621,0.029514509696052814,-2,-0.04749999999999943,-684,0.2447453678719718,267.8181818181818,14.044204122038657,5.471470959595959,0.26262185826969253
RHF_MPM_P23,719,0.03595,35.95,0,255,5.005833333333333,29.46362577399462,72084,282.6823529411765,14,227,255,0.8519201975171998,108,108,247,0.017152777777777777,20,19,0.65,68.70040485829959,59.23076923076923,0.0751388888888889,0.006805555555555555,0.021736111111111112,0.015625,0.011527777777777777,1,71.09670662005438,61.18704566894179,10.994815115344274,4.258196857438726,0.9219573772117874,-138.80424566061518,-1.6146139677570976,1.6146139677570976,0.030811275733866047,1,-0.043472222222222356,-626,0.3314148940574973,264.54545454545456,14.316955214415188,5.3991477272727275,0.2712107624747298
RHF_MPM_P23,720,0.036,36.0,0,255,5.124722222222222,29.98565629190351,73796,289.39607843137253,14,235,255,0.8697409402732135,106,106,256,0.017777777777777778,21,19,0.6416040100250626,68.86328125,59.26953125,0.07743055555555556,0.007291666666666667,0.022291666666666668,0.01597222222222222,0.011875,1,71.06401430971869,61.02777928342999,10.823595688021662,4.3297385547871,0.9165030304307187,-139.42664998746457,-1.6846458295445093,1.6846458295445093,0.031505772670605454,9,0.11888888888888882,1712,0.16258711114069924,262.0,13.066264681509889,5.341382575757576,0.2553781249148645
RHF_MPM_P23,721,0.03605,36.05,0,255,5.263333333333334,30.648426912685462,75792,297.22352941176473,14,243,255,0.8486625126575276,109,109,263,0.01826388888888889,21,19,0.6591478696741855,69.01520912547528,59.32319391634981,0.07486111111111111,0.0077083333333333335,0.022916666666666665,0.016666666666666666,0.012708333333333334,1,70.95470498205616,60.906995461262404,10.338711143162543,4.35141568148839,0.9071136792797826,-139.09909831419654,-1.4978689788633655,1.4978689788633655,0.02741714165083386,7,0.13861111111111146,1996,0.16290261143224782,260.45454545454544,11.788774601779876,5.300820707070708,0.22761030432128107
RHF_MPM_P23,722,0.0361,36.1,0,255,5.498125,31.501856150532134,79173,310.4823529411765,14,250,255,0.8717963623012153,110,110,275,0.019097222222222224,21,20,0.6547619047619048,69.05818181818182,59.52,0.07736111111111112,0.008472222222222223,0.023680555555555555,0.017569444444444443,0.013541666666666667,1,70.88872469149837,60.84340621171359,10.03047214858715,4.527222172011481,0.8923485901035644,-138.900039581551,-1.3513135381282317,1.3513135381282317,0.026082123956399278,12,0.2347916666666663,3381,0.09163509917204969,259.8181818181818,10.751897775980014,5.281029040404041,0.1982321068968773
RHF_MPM_P23,723,0.03615,36.15,0,255,5.549652777777778,31.82285876782937,79915,313.3921568627451,14,251,255,0.8349203982966329,110,110,283,0.01965277777777778,22,20,0.6431818181818182,69.30742049469964,59.71731448763251,0.07326388888888889,0.008541666666666666,0.024444444444444446,0.018194444444444444,0.013888888888888888,1,70.86371770005631,60.861064881436526,9.551722992831325,4.488730098340224,0.8826987290781372,-138.7783368756108,-1.3223506052709142,1.3223506052709142,0.02372520803353563,8,0.05152777777777828,742,0.030613366972070802,260.6363636363636,12.062509367101232,5.275801767676768,0.1901571365220037
RHF_MPM_P23,724,0.0362,36.2,0,255,5.644930555555556,31.863272929828362,81287,318.7725490196078,15,250,255,0.8710249243890936,110,110,282,0.019583333333333335,22,21,0.6103896103896104,69.41134751773049,59.769503546099294,0.07659722222222222,0.008472222222222223,0.024930555555555556,0.018055555555555554,0.013680555555555555,1,71.10905802895913,61.09487371904486,10.01035738306081,4.516653079008162,0.8924238782408425,-138.29242690111852,-1.243525308123407,1.243525308123407,0.023952169473593563,-1,0.09527777777777757,1372,0.3389077301123447,261.3636363636364,13.047275767710195,5.286508838383839,0.2066122365117817
RHF_MPM_P23,725,0.03625,36.25,0,255,5.726736111111111,31.85129478725798,82465,323.3921568627451,16,251,255,0.9095925478494,110,110,278,0.019305555555555555,22,20,0.6318181818181818,69.36330935251799,59.672661870503596,0.08069444444444444,0.008611111111111111,0.025347222222222222,0.017986111111111112,0.013888888888888888,1,71.42695689080216,61.38333838598193,10.602347788339316,4.4777504446655785,0.9064394734755475,-138.4453425566957,-1.2879381324787766,1.2879381324787766,0.02513793730673619,-4,0.08180555555555546,1178,0.42926862269703475,262.45454545454544,13.86535011762406,5.314141414141414,0.2405309383193711
RHF_MPM_P23,726,0.0363,36.3,0,255,5.631666666666667,31.62035907976589,81096,318.0235294117647,16,249,255,0.8773895177880183,110,110,278,0.019305555555555555,22,20,0.6318181818181818,69.26978417266187,59.65467625899281,0.07694444444444444,0.008333333333333333,0.024652777777777777,0.017708333333333333,0.01375,1,71.32186544342508,61.255068067475584,10.145404568189196,4.532764160143208,0.8946438422892673,-139.3225997162484,-1.3697395242165318,1.3697395242165318,0.0239222649699122,0,-0.09506944444444443,-1369,0.16582366212796149,264.27272727272725,14.460547638887297,5.343333333333333,0.25723035894257984
RHF_MPM_P23,727,0.03635,36.35,0,255,5.64625,31.585591385309254,81306,318.84705882352944,16,249,255,0.9041787701617627,110,110,277,0.01923611111111111,21,20,0.6595238095238095,69.19494584837545,59.714801444043324,0.07972222222222222,0.008333333333333333,0.02423611111111111,0.017777777777777778,0.01361111111111111,1,71.36822620716798,61.29986716847465,10.401578022585682,4.471710694409755,0.9028731989534108,-140.34195500276195,-1.2411582310446043,1.2411582310446043,0.02625882468698497,-1,0.014583333333333393,210,0.06446921641488317,266.6363636363636,14.220808871462891,5.385214646464647,0.2655033341131741
RHF_MPM_P23,728,0.0364,36.4,0,255,5.632708333333333,31.46101466980713,81111,318.08235294117645,16,248,255,0.9181992524651731,109,109,276,0.019166666666666665,21,20,0.6571428571428571,69.14492753623189,59.731884057971016,0.08152777777777778,0.008194444444444445,0.024375,0.017569444444444443,0.013333333333333334,1,71.4606526858256,61.477604763842145,10.856389212870468,4.606261660874836,0.9055261792024444,-138.93678180457286,-1.3346630727460438,1.3346630727460438,0.027554832266893516,-1,-0.013541666666666785,-195,0.20033298970480698,269.1818181818182,13.120547257282317,5.433933080808081,0.2571482065948715
RHF_MPM_P23,729,0.03645,36.45,0,255,5.420208333333333,30.704363514743083,78051,306.08235294117645,15,240,255,0.8946550914914458,108,108,267,0.018541666666666668,22,21,0.577922077922078,69.31835205992509,59.827715355805246,0.07895833333333334,0.007361111111111111,0.02361111111111111,0.016875,0.012569444444444444,1,71.37753520134271,61.61262507847433,10.971964691720878,4.38685845890416,0.9165917865406651,-137.4098964425443,-1.4156668311531846,1.4156668311531846,0.026726114976105365,-9,-0.21250000000000036,-3060,0.158552835326704,271.09090909090907,10.958222694766663,5.467651515151515,0.22706045976099362
RHF_MPM_P23,730,0.0365,36.5,0,255,5.142222222222222,29.90719293926083,74048,290.3843137254902,14,233,255,0.8403025483711397,107,107,250,0.017361111111111112,20,19,0.6578947368421053,68.544,59.184,0.073125,0.007430555555555556,0.022430555555555554,0.015833333333333335,0.012083333333333333,1,70.83281114952463,61.27644230769231,10.603583846369494,3.979455824066371,0.9269060405363816,-137.31421409222725,-1.6075028381058323,1.6075028381058323,0.027941335350043214,-17,-0.2779861111111108,-4003,0.6401118246055014,271.3636363636364,10.377184127364377,5.480050505050506,0.2040628431365184
RHF_MPM_P23,731,0.03655,36.55,0,12,0.017222222222222222,0.3175130015807849,248,20.666666666666668,0,0,6,0.05197986357564198,2,8,7,0.0004861111111111111,29,85,0.002839756592292089,99.71428571428571,73.42857142857143,0.0042361111111111115,0.0,0.0,0.0,0.0,0,88.59274193548387,66.14112903225806,27.032267421463303,25.675200151312488,0.31286305961790706,101.00419032047287,-0.35293722533224753,0.35293722533224753,0.0,-243,-5.125,-73800,18.41413366005116,248.72727272727272,76.98889047257629,5.015732323232324,1.5898195331801628
RHF_MPM_P23,732,0.0366,36.6,0,255,3.110138888888889,22.445838081990438,44786,175.6313725490196,1,97,255,0.6272625208563114,107,107,138,0.009583333333333333,13,14,0.7582417582417582,63.86231884057971,54.7463768115942,0.05215277777777778,0.0031944444444444446,0.013402777777777777,0.00875,0.006458333333333333,1,63.30176840977091,53.02206046532398,7.032778925229619,5.206374130179525,0.6722754261042315,58.775007599808404,-0.6758727683144066,0.6758727683144066,0.01036038047604162,131,3.0929166666666665,44538,28.491109173604173,237.36363636363637,83.03150850706422,4.819987373737374,1.6774247244436193
RHF_MPM_P23,733,0.03665,36.65,0,255,6.200347222222222,28.982541438127374,89285,350.1372549019608,30,184,255,1.2404020639726552,93,93,297,0.020625,31,32,0.29939516129032256,57.976430976430976,48.48821548821549,0.1117361111111111,0.005902777777777778,0.02763888888888889,0.015069444444444444,0.009097222222222222,1,54.65567564540516,43.77572940583525,16.94504479522043,4.823985916368041,0.9586213676958377,49.936017422404966,-0.7492084954488384,0.7492084954488384,0.019376155009240073,159,3.090208333333333,44499,12.658971449200909,239.36363636363637,84.17111653948837,4.8838257575757575,1.7149605006666857
RHF_MPM_P23,734,0.0367,36.7,0,255,6.3502777777777775,29.422293133883578,91444,358.60392156862747,35,208,255,1.2670674349775735,110,110,212,0.014722222222222222,18,17,0.6928104575163399,61.91981132075472,52.7311320754717,0.11534722222222223,0.006944444444444444,0.027569444444444445,0.013819444444444445,0.010347222222222223,1,52.65928874502428,41.73523686627882,22.01404671317351,4.816514457923716,0.9757713460884505,49.001803702344574,-0.9320446050904152,0.9320446050904152,0.01697213595205809,-85,0.14993055555555568,2159,2.8546751934323193,232.9090909090909,83.29515378836933,4.956609848484849,1.758120583599937
RHF_MPM_P23,735,0.03675,36.75,0,255,5.775069444444444,31.295962255016217,83161,326.121568627451,18,247,255,1.0397707435550043,109,109,271,0.018819444444444444,20,20,0.6775,60.91512915129151,51.65313653136531,0.09472222222222222,0.008333333333333333,0.02340277777777778,0.017152777777777777,0.013125,1,58.04327749786559,48.61999013960871,13.872930641566894,4.7187379828698965,0.9403748252987438,-136.09671776927019,1.7148114780284758,1.7148114780284758,0.03209437115955797,59,-0.5752083333333333,-8283,8.739974972810186,231.9090909090909,82.76412765471694,4.968440656565656,1.763143342738483
RHF_MPM_P23,736,0.0368,36.8,0,255,6.796111111111111,34.70681907683415,97864,383.7803921568627,21,255,255,1.040835947948406,108,108,338,0.02347222222222222,24,23,0.6123188405797102,59.476331360946745,50.53846153846154,0.09340277777777778,0.010277777777777778,0.02875,0.021666666666666667,0.01638888888888889,1,57.24792569279817,48.110806833973676,14.039866142156038,4.731520703929741,0.9415024590309282,-135.90309503442364,1.8058700336742415,1.8058700336742415,0.04576759584729829,67,1.021041666666667,14703,0.944379231326813,237.36363636363637,87.46560126677616,5.065656565656566,1.8304700327492474
RHF_MPM_P23,737,0.03685,36.85,0,255,7.662222222222222,36.92849043994135,110336,432.69019607843137,27,255,255,1.10873036081914,107,107,389,0.02701388888888889,28,25,0.5557142857142857,57.7840616966581,49.32390745501285,0.09965277777777778,0.01125,0.033819444444444444,0.025069444444444443,0.018680555555555554,1,55.77731656032483,47.04282373839907,15.60473900109379,4.7327848876402685,0.952897821744425,-136.4081324976313,1.9089611219779326,1.9089611219779326,0.054932207076566125,51,0.8661111111111106,12472,1.8174925344955644,247.45454545454547,97.40950451700252,5.250252525252524,1.9749287529575574
RHF_MPM_P23,738,0.0369,36.9,0,255,7.573472222222223,36.75624499696625,109058,427.678431372549,24,255,255,1.0558993985166572,105,105,411,0.028541666666666667,32,28,0.45870535714285715,56.79318734793188,48.7323600973236,0.09347222222222222,0.010625,0.035972222222222225,0.025833333333333333,0.017430555555555557,1,56.66277577069083,48.33824203634763,11.883483999319793,4.576956939722753,0.922852823250378,-139.7056019125418,0.9656425801412696,0.9656425801412696,0.01249793687762475,22,-0.08874999999999922,-1278,1.5691228695936852,259.6363636363636,108.13146268843539,5.425454545454545,2.0847206463285426
RHF_MPM_P23,739,0.03695,36.95,0,255,7.8429166666666665,36.944004811241776,112938,442.8941176470588,29,255,255,1.1893176115773958,109,109,388,0.026944444444444444,31,27,0.4635603345280765,57.83505154639175,49.605670103092784,0.10847222222222222,0.011527777777777777,0.03625,0.02451388888888889,0.01826388888888889,1,56.2871929731357,47.94589066567497,12.774760757087824,4.598182861516958,0.9329743819292345,-139.02344007745467,0.9938764575564769,0.9938764575564769,0.01615930864722237,-23,0.26944444444444393,3880,0.543140898743638,269.8181818181818,114.29055332140271,5.626382575757575,2.198423775705154
RHF_MPM_P23,740,0.037,37.0,0,255,7.568125,35.920397301779786,108981,427.3764705882353,29,255,255,1.1748263930797633,106,106,382,0.02652777777777778,31,27,0.45639187574671447,57.77225130890052,49.54188481675393,0.10590277777777778,0.010138888888888888,0.03395833333333333,0.02361111111111111,0.016875,1,55.9442471623494,47.69562584303686,13.261018766459719,4.5321602241813,0.9397852227623248,-139.05867357175,0.9440556019870269,0.9440556019870269,0.012837100044961965,-6,-0.2747916666666663,-3957,0.42455189386688985,280.27272727272725,118.7281776382054,5.821647727272727,2.2657966815619344
RHF_MPM_P23,741,0.03705,37.05,0,255,6.6975694444444445,33.17756512201781,96445,378.2156862745098,27,249,255,1.0774757992607726,107,107,316,0.021944444444444444,28,25,0.4514285714285714,59.42088607594937,51.0253164556962,0.09493055555555556,0.008888888888888889,0.030347222222222223,0.019583333333333335,0.014027777777777778,1,56.46654569962155,48.228503292031725,13.637684872430453,4.234497743090581,0.9505734612680617,-139.29008566233568,1.0075215862436742,1.0075215862436742,0.012691171133806833,-66,-0.8705555555555557,-12536,0.7461595926367925,286.27272727272725,118.71439440108571,5.963042929292929,2.2675152966698646
RHF_MPM_P23,742,0.0371,37.1,0,255,5.921458333333334,30.67320148826872,85269,334.38823529411764,24,231,255,1.0399155256877801,106,106,271,0.018819444444444444,23,22,0.5355731225296443,60.83394833948339,52.03690036900369,0.09131944444444444,0.006805555555555555,0.025555555555555557,0.016875,0.012013888888888888,1,56.800150113171256,48.38708088519861,14.441165093638578,4.155815377619248,0.9576978578773275,-138.6642338743791,1.2400407009158076,1.2400407009158076,0.0176734803973308,-45,-0.7761111111111108,-11176,0.36937617383156357,310.27272727272725,80.29954252002698,6.499791666666667,1.2805444845897342
RHF_MPM_P23,743,0.03715,37.15,0,255,5.385694444444445,29.076567805555737,77554,304.1333333333333,21,216,255,1.0027171343413106,107,107,238,0.016527777777777777,21,20,0.5666666666666667,61.63865546218487,52.94117647058823,0.08909722222222222,0.006319444444444444,0.0225,0.014791666666666667,0.010972222222222222,1,57.330105474894914,48.86869793950022,14.901249855790372,4.03938450856059,0.9625576960540896,-138.37397938318594,1.4738463052344686,1.4738463052344686,0.025530598034917605,-33,-0.5357638888888889,-7715,0.7161059086572452,319.3636363636364,64.36016939815089,6.706660353535352,0.8156682382694351
RHF_MPM_P23,744,0.0372,37.2,0,255,5.247013888888889,28.954090062734107,75557,296.30196078431374,18,215,255,1.0059064657720767,109,109,232,0.01611111111111111,20,19,0.6105263157894737,61.87931034482759,53.18103448275862,0.09111111111111111,0.006388888888888889,0.021597222222222223,0.014722222222222222,0.010833333333333334,1,57.67783262967031,49.10295538467647,15.366068157313865,4.234233767553819,0.9612846197135445,-137.89676884872395,1.6956918799675123,1.6956918799675123,0.03385523512050505,-6,-0.13868055555555614,-1997,0.4192740449738054,313.45454545454544,68.96160148473092,6.6199936868686855,0.9100476519356654
RHF_MPM_P23,745,0.03725,37.25,0,255,5.104305555555555,28.662511003360237,73502,288.24313725490197,17,215,255,0.9946881967793255,107,107,234,0.01625,21,19,0.5864661654135338,62.18376068376068,53.35470085470085,0.09069444444444444,0.00625,0.021319444444444443,0.014652777777777778,0.010694444444444444,1,58.222497347010965,49.4746265407744,15.108666313314716,4.34369985863785,0.9577814663275532,-137.23803012235783,1.8471722320005597,1.8471722320005597,0.03666566896138881,2,-0.14270833333333321,-2055,0.6593929803925315,315.45454545454544,66.25620195514274,6.506723484848485,1.008756495132582
RHF_MPM_P23,746,0.0373,37.3,0,255,5.035,28.785891075316744,72504,284.32941176470587,15,217,255,0.9657448212160947,106,106,242,0.016805555555555556,21,20,0.5761904761904761,62.252066115702476,53.35123966942149,0.08729166666666667,0.006111111111111111,0.021805555555555557,0.014791666666666667,0.010763888888888889,1,59.2032301666115,50.333636764868146,13.545304562579034,4.274126276810847,0.9489112729889521,-137.0484127252079,2.0312007453379963,2.0312007453379963,0.03496358821582257,8,-0.06930555555555529,-998,1.3037390185689757,312.8181818181818,68.51120436809545,6.439444444444444,1.0776383079407033
RHF_MPM_P23,747,0.03735,37.35,0,255,4.923194444444444,28.800030204767573,70894,278.0156862745098,14,215,255,0.9106274193044649,105,105,242,0.016805555555555556,21,20,0.5761904761904761,62.32231404958678,53.33884297520661,0.08090277777777778,0.006111111111111111,0.021527777777777778,0.014722222222222222,0.010833333333333334,1,60.302634919739326,51.31635963551217,11.860024575988145,4.627141530594058,0.920752992678906,-136.77369531917088,2.2745277797483068,2.2745277797483068,0.026405619657516855,0,-0.11180555555555571,-1610,1.4745965725197163,304.09090909090907,70.82302469145384,6.2691792929292935,1.1531481833941677
RHF_MPM_P23,748,0.0374,37.4,0,255,4.7903472222222225,28.5987034212993,68981,270.51372549019607,13,213,255,0.8551988207959956,107,107,235,0.016319444444444445,20,19,0.618421052631579,62.44255319148936,53.60425531914893,0.07479166666666667,0.0060416666666666665,0.021388888888888888,0.014583333333333334,0.010833333333333334,1,60.69145126919007,51.616242153636506,10.90803880289044,4.561241248663662,0.908376101053488,-136.96102614124723,2.1419820270911227,2.1419820270911227,0.020222959945492235,-7,-0.1328472222222219,-1913,0.4910271665364288,290.09090909090907,67.8118446953903,6.0080997474747475,1.13313105766979
RHF_MPM_P23,749,0.03745,37.45,0,255,4.843472222222222,28.96573309100303,69746,273.51372549019607,12,221,255,0.8412745867773893,106,106,239,0.01659722222222222,20,19,0.6289473684210526,62.44351464435147,53.52719665271967,0.07347222222222222,0.006597222222222222,0.021458333333333333,0.01513888888888889,0.01125,1,61.027901241648266,51.96775442319273,10.020838244872637,4.603693373660117,0.8882232890141141,-136.17516082889824,1.9023038943587003,1.9023038943587003,0.016703466865483324,4,0.053124999999999645,765,0.4865793456525764,274.45454545454544,57.11609172452451,5.7599179292929295,1.059685882130637
RHF_MPM_P23,750,0.0375,37.5,0,255,4.885347222222222,29.284136903535206,70349,275.878431372549,12,224,255,0.805091990889227,109,109,240,0.016666666666666666,20,19,0.631578947368421,62.391666666666666,53.55416666666667,0.06951388888888889,0.006597222222222222,0.022083333333333333,0.015555555555555555,0.01138888888888889,1,61.461740749690826,52.49365307253834,8.705473812185527,4.597950118204005,0.8491400803972877,-136.1315844002499,1.075096721467824,1.075096721467824,0.014826081394191814,1,0.04187500000000011,603,0.6817522336759527,261.0,44.91203523657004,5.49104797979798,0.8518997215457418
RHF_MPM_P23,751,0.03755,37.55,0,255,4.910555555555556,29.3046531140671,70712,277.30196078431374,12,226,255,0.8088619621929034,109,109,238,0.016527777777777777,20,18,0.6611111111111111,62.634453781512605,53.7563025210084,0.06993055555555555,0.006875,0.021805555555555557,0.015347222222222222,0.01138888888888889,1,61.497440321303316,52.65918090281706,8.491989196545125,4.7243736494764255,0.8309594552072558,-136.51754957145678,1.0160278822440223,1.0160278822440223,0.016291435682769546,-2,0.0252083333333335,363,0.1693337592156268,247.9090909090909,23.723615183090708,5.249450757575758,0.5529857471760129
RHF_MPM_P23,752,0.0376,37.6,0,255,5.116736111111111,30.018323994822566,73681,288.9450980392157,13,235,255,0.8374271363757049,108,108,254,0.017638888888888888,20,19,0.6684210526315789,62.25196850393701,53.539370078740156,0.07277777777777777,0.007152777777777778,0.022847222222222224,0.016041666666666666,0.011944444444444445,1,61.410580746732535,52.672927891858144,8.54686443504396,4.7041842729253895,0.8349018604831111,-135.79087739600857,1.0831288419553,1.0831288419553,0.015295666454038355,16,0.20618055555555515,2969,0.08794069252804773,242.27272727272728,10.626646688147241,5.105738636363636,0.310000899835898
RHF_MPM_P23,753,0.03765,37.65,0,255,5.0152777777777775,29.861505133059328,72220,283.2156862745098,12,231,255,0.7690401869137745,108,108,253,0.017569444444444443,21,19,0.6340852130325815,62.14229249011858,53.541501976284586,0.06513888888888889,0.006875,0.02298611111111111,0.01611111111111111,0.011875,1,61.38602880088618,52.46585433397951,8.434348871667645,4.5877818405044355,0.8391239500637657,-135.3347201976647,0.8724381519852488,0.8724381519852488,0.01402658543339795,-1,-0.10145833333333343,-1461,0.2085239948239999,240.63636363636363,6.759138289251311,5.023358585858586,0.17195122983729097
RHF_MPM_P23,754,0.0377,37.7,0,255,4.999791666666667,30.080638151862132,71997,282.3411764705882,10,236,255,0.7411202861960033,109,109,253,0.017569444444444443,20,19,0.6657894736842105,62.30434782608695,53.616600790513836,0.06277777777777778,0.007083333333333333,0.022847222222222224,0.016319444444444445,0.012013888888888888,1,61.58473269719572,52.62551217411836,8.160359828366994,4.740180724593517,0.8139899999786613,-135.60140955783447,0.8305894147229371,0.8305894147229371,0.012917204883536815,0,-0.015486111111110645,-223,0.2548997142532652,242.0,7.555852638247327,4.988276515151515,0.1282644061003808
RHF_MPM_P23,755,0.03775,37.75,0,255,5.130416666666667,30.415434995039938,73878,289.7176470588235,10,235,255,0.7401513494841038,107,107,263,0.01826388888888889,22,20,0.5977272727272728,62.09125475285171,53.49429657794677,0.06222222222222222,0.007083333333333333,0.023819444444444445,0.016666666666666666,0.012152777777777778,1,61.37756842361731,52.528452313273235,8.28160310549894,4.467834247662738,0.8419926114047096,-136.25699957494783,0.7256214016356131,0.7256214016356131,0.010896342618912262,10,0.1306250000000002,1881,0.22877423988409318,244.8181818181818,8.952584002989223,4.977676767676768,0.10995545775347645
RHF_MPM_P23,756,0.0378,37.8,0,255,5.164930555555555,30.366610969957335,74375,291.6666666666667,11,235,255,0.7522866697175201,108,108,262,0.018194444444444444,22,19,0.6267942583732058,61.92748091603053,53.49236641221374,0.06319444444444444,0.007013888888888889,0.023958333333333335,0.016666666666666666,0.012152777777777778,1,61.22898823529412,52.521331092436974,8.386560434565398,4.771706969162545,0.8223578105530459,-138.041569256373,0.7435611198490539,0.7435611198490539,0.010554621848739495,-1,0.03451388888888829,497,0.14875074503462052,247.36363636363637,9.479861211802698,4.983188131313132,0.11742976017502023
RHF_MPM_P23,757,0.03785,37.85,0,255,5.192361111111111,30.35495927782621,74770,293.2156862745098,12,235,255,0.7796224766434934,107,107,263,0.01826388888888889,21,20,0.6261904761904762,62.2319391634981,53.661596958174904,0.0661111111111111,0.006944444444444444,0.023541666666666666,0.01673611111111111,0.012083333333333333,1,61.279911729303194,52.49034372074362,8.54617853026428,4.614056541848776,0.8417310614892519,-137.45881699437084,0.8825386270357195,0.8825386270357195,0.013347599304533903,1,0.02743055555555607,395,0.05961056489041751,249.27272727272728,10.287599853406123,4.997493686868688,0.131600276991228
RHF_MPM_P23,758,0.0379,37.9,0,255,5.2335416666666665,30.105236254787922,75363,295.54117647058825,14,233,255,0.8429421550626639,107,107,260,0.018055555555555554,21,20,0.6190476190476191,62.146153846153844,53.74230769230769,0.07236111111111111,0.006736111111111111,0.023541666666666666,0.016527777777777777,0.011805555555555555,1,61.18072528959834,52.35948675079283,8.88724339938104,4.685332574519194,0.8497427771951535,-136.76418783976393,0.9116368014889269,0.9116368014889269,0.017117152979578838,-3,0.04118055555555511,593,0.1641995627461432,250.9090909090909,10.431199229013503,5.025707070707071,0.14521059565147149
RHF_MPM_P23,759,0.03795,37.95,0,255,5.164375,30.046248985216057,74367,291.63529411764705,13,230,255,0.8094759650164782,107,107,260,0.018055555555555554,20,20,0.65,62.36538461538461,53.79615384615385,0.06895833333333333,0.006875,0.02326388888888889,0.01638888888888889,0.01173611111111111,1,61.13898637836675,52.382508370648274,8.990332419838587,4.5834335181637265,0.8602822684497959,-136.76125083546623,1.1000046632352751,1.1000046632352751,0.016445466403108906,0,-0.06916666666666682,-996,0.04766688254508609,253.1818181818182,9.388757123846505,5.059709595959596,0.1290045578336989
RHF_MPM_P23,760,0.038,38.0,0,255,5.167152777777778,30.143995467201403,74407,291.7921568627451,13,232,255,0.8134843437781589,107,107,261,0.018125,21,20,0.6214285714285714,62.46360153256705,53.63984674329502,0.06993055555555555,0.007013888888888889,0.023333333333333334,0.016319444444444445,0.011944444444444445,1,61.39441181609257,52.32237558294246,8.72038623874668,4.742212784167534,0.8392098874768389,-135.8387987243748,1.0123108288391744,1.0123108288391744,0.016638219522356768,1,0.002777777777778212,40,0.26240828187139664,255.1818181818182,8.451123452139708,5.089135101010101,0.1121382697860417
RHF_MPM_P23,761,0.03805,38.05,0,255,5.192083333333334,30.413085060249063,74766,293.2,12,232,255,0.796995995393387,107,107,266,0.018472222222222223,20,20,0.665,62.484962406015036,53.650375939849624,0.06819444444444445,0.007361111111111111,0.02347222222222222,0.016666666666666666,0.012152777777777778,1,61.57051333493834,52.47757001845759,8.535260681681944,4.915284357294885,0.8175343642062041,-135.3390688328109,1.1076201030143427,1.1076201030143427,0.01530107268009523,5,0.024930555555555678,359,0.2347276246091327,257.54545454545456,7.4512187699076975,5.117020202020203,0.09479181908146925
RHF_MPM_P23,762,0.0381,38.1,0,255,5.257708333333333,30.760039739055344,75711,296.90588235294115,12,240,255,0.7922241802544459,106,106,272,0.01888888888888889,20,20,0.68,62.3860294117647,53.61764705882353,0.06770833333333333,0.007569444444444445,0.02388888888888889,0.016875,0.012638888888888889,1,61.68303152778328,52.64315621243941,8.285586871053562,4.97670005588122,0.7995155053029657,-136.39701305756503,1.0007091400076678,1.0007091400076678,0.014819511035384555,6,0.06562499999999982,945,0.2001977306526586,260.6363636363636,5.498309281831796,5.148579545454546,0.07690015068376792
RHF_MPM_P23,763,0.03815,38.15,0,255,5.3145138888888885,30.78168034566315,76529,300.1137254901961,12,239,255,0.791545281731413,106,106,276,0.019166666666666665,21,21,0.6258503401360545,62.07608695652174,53.4963768115942,0.06701388888888889,0.007152777777777778,0.024444444444444446,0.016875,0.012430555555555556,1,61.46115851507272,52.774477648995806,8.302665124953599,4.553291107870872,0.8362074907534411,-138.07923953539242,0.8431769538677965,0.8431769538677965,0.011668779155614211,4,0.05680555555555511,818,0.2578234928560554,262.6363636363636,6.609534810652194,5.166559343434344,0.08944991613284974
RHF_MPM_P23,764,0.0382,38.2,0,255,5.391597222222222,30.866876780314257,77639,304.46666666666664,13,235,255,0.815731827130229,107,107,274,0.01902777777777778,21,20,0.6523809523809524,62.39051094890511,53.65693430656934,0.06972222222222223,0.007430555555555556,0.024791666666666667,0.017083333333333332,0.0125,1,61.553948402220534,52.84730612192326,8.333653448308397,4.747612116232052,0.821858573690728,-138.1146596752687,0.8358074579579976,0.8358074579579976,0.011888355079277168,-2,0.07708333333333339,1110,0.11795740598135208,264.54545454545456,6.583224360084245,5.200770202020203,0.09671696567480742
RHF_MPM_P23,765,0.03825,38.25,0,255,5.300277777777778,30.578857073521228,76324,299.30980392156863,13,233,255,0.8089684244787049,107,107,267,0.018541666666666668,20,20,0.6675,62.38951310861423,53.80524344569288,0.06875,0.007083333333333333,0.024444444444444446,0.016805555555555556,0.012361111111111111,1,61.584612965777474,52.93314029663016,8.424805123815057,4.64577738263641,0.8342143333363479,-137.20527016120167,0.8422820912603189,0.8422820912603189,0.012315916356585084,-7,-0.09131944444444429,-1315,0.09114724903008085,265.8181818181818,5.490788680196909,5.228087121212122,0.07639426268768297
RHF_MPM_P23,766,0.0383,38.3,0,255,5.255416666666667,30.37906188833483,75678,296.77647058823527,13,234,255,0.8086230874355298,107,107,266,0.018472222222222223,21,19,0.6666666666666666,62.454887218045116,54.056390977443606,0.06881944444444445,0.007013888888888889,0.02423611111111111,0.016527777777777777,0.011944444444444445,1,61.55132270937393,53.093408916726126,8.467748343327761,4.58359235200199,0.8408295236164026,-138.10869136146326,0.8780212136824685,0.8780212136824685,0.013517799096170617,-1,-0.044861111111110574,-646,0.16368955910161184,266.09090909090907,5.418059791182306,5.239450757575758,0.07005442618274073
RHF_MPM_P23,767,0.03835,38.35,0,255,5.2252777777777775,30.344584908285903,75244,295.07450980392156,13,232,255,0.7970387388462198,107,107,265,0.01840277777777778,20,19,0.6973684210526315,62.41509433962264,54.049056603773586,0.06756944444444445,0.007013888888888889,0.02409722222222222,0.01638888888888889,0.012013888888888888,1,61.594758386050714,53.139240338100045,8.410553863195025,4.631623370600742,0.8347086311372126,-137.70534219652907,0.8101391890200957,0.8101391890200957,0.013821700069108501,-1,-0.030138888888889603,-434,0.06314409864368956,266.3636363636364,5.278993142166537,5.244936868686869,0.06626420272226238
RHF_MPM_P23,768,0.0384,38.4,0,255,5.281041666666667,30.53116306922117,76047,298.22352941176473,13,232,255,0.8093285873636443,107,107,269,0.018680555555555554,21,19,0.6741854636591479,62.46468401486989,54.09293680297398,0.06888888888888889,0.007083333333333333,0.024305555555555556,0.016875,0.012222222222222223,1,61.60904440674846,53.09438899627862,8.554626171560574,4.617310991277863,0.8418289943454378,-138.00394040500908,0.8887843460737372,0.8887843460737372,0.013465356950307046,4,0.05576388888888939,803,0.04707157582404657,266.90909090909093,5.212825886120528,5.252998737373738,0.0647546455652676
RHF_MPM_P23,769,0.03845,38.45,0,255,5.3573611111111115,30.77773029196848,77146,302.53333333333336,13,234,255,0.8192934603337073,107,107,275,0.019097222222222224,22,19,0.6578947368421053,62.31636363636363,54.087272727272726,0.06993055555555555,0.007152777777777778,0.024791666666666667,0.017222222222222222,0.0125,1,61.487037565136234,53.10867705389781,8.62116593923989,4.743330881705713,0.8350355552975008,-138.39888815687357,0.9730496955988316,0.9730496955988316,0.013856842869364581,6,0.0763194444444446,1099,0.12284062027977588,268.27272727272725,5.188990251938304,5.26425505050505,0.07086734236862129
RHF_MPM_P23,770,0.0385,38.5,0,255,5.380833333333333,30.709276907710553,77484,303.8588235294118,14,233,255,0.8210640733535615,106,106,277,0.01923611111111111,22,20,0.6295454545454545,62.31046931407942,53.92418772563177,0.06979166666666667,0.007083333333333333,0.024791666666666667,0.017152777777777777,0.012291666666666666,1,61.421274069485314,52.98997212327706,8.676996931269253,4.631975176019513,0.8455966318472407,-138.46819374054238,0.9823492555661191,0.9823492555661191,0.012570337101853285,2,0.023472222222221895,338,0.13570445060462918,269.8181818181818,5.023909774417492,5.283933080808081,0.07045242124617156
RHF_MPM_P23,771,0.03855,38.55,0,255,5.380069444444445,30.658654841037045,77473,303.8156862745098,14,233,255,0.845452776308981,107,107,271,0.018819444444444444,20,19,0.7131578947368421,62.37269372693727,54.14391143911439,0.0725,0.007083333333333333,0.024375,0.016666666666666666,0.012361111111111111,1,61.51900662166174,52.97264853561886,8.851223610896895,4.717384586188965,0.8461378426601613,-139.32760660329137,0.9142611784051552,0.9142611784051552,0.01519238960670169,-6,-0.0007638888888887863,-11,0.09925602472529804,270.72727272727275,4.179841430026418,5.303289141414141,0.06472481158879943
RHF_MPM_P23,772,0.0386,38.6,0,255,5.340763888888889,30.571304255149435,76907,301.5960784313726,14,232,255,0.8296318125978506,107,107,270,0.01875,20,20,0.675,62.4,53.907407407407405,0.07076388888888889,0.007013888888888889,0.02451388888888889,0.017152777777777777,0.012222222222222223,1,61.568582833812265,52.86949172377027,8.624469536208323,4.668205092090343,0.8408459780569495,-138.23757353153795,1.0013605954690745,1.0013605954690745,0.013613845293666377,-1,-0.03930555555555593,-566,0.11445142481402255,271.09090909090907,3.9185931022276916,5.316805555555555,0.05486372420576413
RHF_MPM_P23,773,0.03865,38.65,0,255,5.434236111111111,30.95147829174321,78253,306.87450980392157,14,236,255,0.8342948977966576,107,107,273,0.018958333333333334,20,19,0.718421052631579,62.46520146520147,54.01831501831502,0.07138888888888889,0.007291666666666667,0.024791666666666667,0.017291666666666667,0.0125,1,61.60774666785938,53.0370209448839,8.475078944617344,4.801533335086813,0.8240292012692739,-137.74833053834726,0.9765690279833676,0.9765690279833676,0.013839724994568899,3,0.09347222222222218,1346,0.17204605727598166,271.1818181818182,3.9501019968000786,5.332853535353535,0.06073403274122288
RHF_MPM_P23,774,0.0387,38.7,0,255,5.418055555555555,30.975753629020918,78020,305.96078431372547,13,239,255,0.8444715321396992,107,107,273,0.018958333333333334,20,19,0.718421052631579,62.50915750915751,53.97435897435897,0.07270833333333333,0.007361111111111111,0.024583333333333332,0.017569444444444443,0.012708333333333334,1,61.73368367085363,53.12012304537298,8.34704679827982,4.86084542906768,0.8129430909556473,-137.73758468075258,0.9991455725949693,0.9991455725949693,0.014829530889515509,0,-0.016180555555555642,-233,0.1508843524984296,270.90909090909093,3.7039179613569746,5.342266414141414,0.06503374405181034
RHF_MPM_P23,775,0.03875,38.75,0,255,5.479791666666666,31.022715825324184,78909,309.4470588235294,14,237,255,0.851659028707497,106,106,278,0.019305555555555555,20,20,0.695,62.4136690647482,53.74820143884892,0.07319444444444445,0.007361111111111111,0.025208333333333333,0.017569444444444443,0.012638888888888889,1,61.79042948206162,52.96176608498397,8.340147176370007,4.894541611803566,0.8096846987935988,-137.03206866411583,0.7935532122149496,0.7935532122149496,0.013902089748951324,5,0.061736111111111214,889,0.16821716319477703,271.27272727272725,4.158035136737917,5.35028409090909,0.07525460929847583
RHF_MPM_P23,776,0.0388,38.8,0,255,5.3034027777777775,30.678907694212192,76369,299.48627450980393,13,236,255,0.8008115153965365,108,108,268,0.01861111111111111,19,20,0.7052631578947368,62.6044776119403,53.92910447761194,0.068125,0.007291666666666667,0.024166666666666666,0.017083333333333332,0.012569444444444444,1,61.90998965548848,52.90731841453993,8.06306341854761,5.025496550475083,0.7820036524339672,-135.8025176038323,0.873416932649045,0.873416932649045,0.013330016106011602,-10,-0.17638888888888893,-2540,0.13137421317231274,271.3636363636364,4.0737011822560145,5.350568181818182,0.07507097054918771
RHF_MPM_P23,777,0.03885,38.85,0,255,5.285277777777778,30.7709888609124,76108,298.4627450980392,12,238,255,0.7766352013048995,108,108,269,0.018680555555555554,20,20,0.6725,62.53531598513011,53.847583643122675,0.065625,0.007361111111111111,0.024444444444444446,0.017222222222222222,0.012569444444444444,1,61.97340621222473,52.90778893151837,7.9648498439218285,5.024377338313084,0.775930145863703,-135.97623317154196,0.9244048016619519,0.9244048016619519,0.013796184369580071,1,-0.018124999999999503,-261,0.06341830220456103,271.6363636363636,3.7964750941492906,5.353282828282828,0.07206065656829362
RHF_MPM_P23,778,0.0389,38.9,0,255,5.293055555555555,30.841802108992386,76220,298.9019607843137,12,239,255,0.7714654466644929,108,108,270,0.01875,19,20,0.7105263157894737,62.72592592592593,53.91481481481482,0.06534722222222222,0.0075,0.02423611111111111,0.0175,0.012777777777777779,1,62.047585935450016,52.98422986092889,7.882130380549174,4.786201610973732,0.7945323484386819,-135.94472959782004,0.8838390818045255,0.8838390818045255,0.013487273681448439,1,0.007777777777777217,112,0.10651688611166081,272.09090909090907,3.2320706972056685,5.359444444444444,0.06320567527021309
RHF_MPM_P23,779,0.03895,38.95,0,255,5.366458333333333,31.03520984231615,77277,303.0470588235294,12,239,255,0.7665454576411769,107,107,276,0.019166666666666665,20,20,0.69,62.57608695652174,53.64492753623188,0.06444444444444444,0.007291666666666667,0.02486111111111111,0.0175,0.012777777777777779,1,61.977677704879845,52.811004567982714,7.839461063546761,4.864456855871605,0.7841992529949865,46.20590252226436,-0.7118764989520798,0.7118764989520798,0.012112271439108662,6,0.07340277777777793,1057,0.18679979340925765,272.72727272727275,3.249920533039905,5.367209595959595,0.05814047015281036
RHF_MPM_P23,780,0.039,39.0,0,255,5.329097222222222,30.843380579532468,76739,300.9372549019608,12,238,255,0.7682748337074818,107,107,274,0.01902777777777778,19,20,0.7210526315789474,62.667883211678834,53.73357664233577,0.06472222222222222,0.007222222222222222,0.024583333333333332,0.017152777777777777,0.012638888888888889,1,62.070368391561004,52.879487613859965,7.923148462340053,4.834169237859473,0.7922995066415186,46.291627105581135,-0.7529660636099471,0.7529660636099471,0.01181928354552444,-2,-0.03736111111111118,-538,0.1152453511862864,272.6363636363636,3.1986567428653054,5.364640151515152,0.0591349726175718
RHF_MPM_P23,781,0.03905,39.05,0,255,5.367361111111111,30.96261484494269,77290,303.0980392156863,13,240,255,0.7974047335668665,108,108,272,0.01888888888888889,19,20,0.7157894736842105,62.669117647058826,53.92279411764706,0.06798611111111111,0.007430555555555556,0.024305555555555556,0.017569444444444443,0.012916666666666667,1,62.01516366929745,53.04413248803208,7.9560841442036265,4.800323627465334,0.7974745794067961,45.28379722283383,-0.7824870943385024,0.7824870943385024,0.013869840859102082,-2,0.03826388888888932,551,0.17365337875016684,272.1818181818182,2.886274157525008,5.363415404040404,0.05892605479047516
RHF_MPM_P23,782,0.0391,39.1,0,255,5.306319444444444,30.802691784578393,76411,299.65098039215684,13,238,255,0.7757337953243664,108,108,270,0.01875,20,19,0.7105263157894737,62.55555555555556,53.91851851851852,0.0654861111111111,0.007222222222222222,0.024166666666666666,0.017291666666666667,0.012638888888888889,1,61.9090445092984,52.98862729188206,7.917012406313308,4.744823208173301,0.800509611816851,-135.59695890820038,0.7316370883748614,0.7316370883748614,0.013872348222114616,-2,-0.061041666666667105,-879,0.11975851918989824,272.09090909090907,2.937362622073366,5.356710858585859,0.06081507780895533
RHF_MPM_P23,783,0.03915,39.15,0,255,5.306319444444444,30.726736711754974,76411,299.65098039215684,13,237,255,0.784402077374666,107,107,271,0.018819444444444444,20,20,0.6775,62.535055350553506,53.837638376383765,0.06645833333333333,0.007291666666666667,0.024375,0.017083333333333332,0.012430555555555556,1,61.85927418827132,52.84863435892738,8.093762945707283,4.749925332827322,0.8096866656731482,-135.1523040460608,0.916762460157555,0.916762460157555,0.013244166415830181,1,0.0,0,0.14857693674454564,272.1818181818182,2.8862741575250084,5.3535795454545445,0.06242110876463329
RHF_MPM_P23,784,0.0392,39.2,0,255,5.327847222222222,30.754813572277556,76721,300.8666666666667,13,239,255,0.7800051811534963,108,108,270,0.01875,20,20,0.675,62.614814814814814,53.86296296296296,0.06576388888888889,0.007291666666666667,0.024722222222222222,0.017222222222222222,0.012569444444444444,1,61.90873424486125,52.90368999361322,7.9299551859880015,4.790598806838842,0.796897729742615,-135.27009680114472,0.7948188097665517,0.7948188097665517,0.011222481458792247,-1,0.021527777777778034,310,0.07400959470595662,271.90909090909093,2.937362622073366,5.343907828282828,0.057198260181218694
RHF_MPM_P23,785,0.03925,39.25,0,255,5.306041666666666,30.58963862611067,76407,299.63529411764705,13,235,255,0.794771784271214,106,106,269,0.018680555555555554,19,20,0.7078947368421052,62.687732342007436,53.98884758364312,0.06715277777777778,0.007083333333333333,0.02409722222222222,0.017013888888888887,0.0125,1,61.80526653317104,52.981991178818696,8.107265289676507,4.791640068333089,0.8066492994698661,45.279557230379545,-0.8313694351148931,0.8313694351148931,0.012799874357061525,-1,-0.021805555555555856,-314,0.12975609028862603,271.54545454545456,3.0260576321987704,5.333724747474747,0.05290073457041963
RHF_MPM_P23,786,0.0393,39.3,0,255,5.370694444444444,31.080698316657568,77338,303.28627450980395,13,240,255,0.8081828655003975,109,109,272,0.01888888888888889,20,18,0.7555555555555555,63.036764705882355,54.419117647058826,0.069375,0.007916666666666667,0.023680555555555555,0.017083333333333332,0.013194444444444444,1,62.42720266880447,53.5096976906566,7.787420915808548,5.020663865456158,0.7644233776699181,-137.3140000912576,0.7762404211500245,0.7762404211500245,0.01730068013137138,3,0.06465277777777789,931,0.8156461974672407,271.0,2.256304299271065,5.323806818181819,0.029745221120753156
RHF_MPM_P23,787,0.03935,39.35,0,255,5.377569444444444,31.67517446559266,77437,303.6745098039216,10,249,255,0.7490481457989806,109,109,275,0.019097222222222224,20,18,0.7638888888888888,63.14181818181818,54.28,0.06381944444444444,0.008263888888888888,0.024166666666666666,0.018055555555555554,0.013888888888888888,1,62.70714258042021,53.74038250448752,6.95380701310489,4.747149059744389,0.7307276664915382,-140.90994833761073,0.47918476059679455,0.47918476059679455,0.013933907563567804,3,0.0068749999999999645,99,0.3627421087324094,271.6363636363636,2.307014098263549,5.330549242424243,0.032622624554802276
RHF_MPM_P23,788,0.0394,39.4,0,11,0.02013888888888889,0.363065624063396,290,26.363636363636363,0,0,7,0.05535704191707343,3,8,12,0.0008333333333333334,93,101,0.0012775471095496647,93.75,66.58333333333333,0.0044444444444444444,0.0,0.0,0.0,0.0,0,86.82413793103449,68.51034482758621,28.371054790204468,26.460943406335403,0.36072056320915025,96.17464504252234,-0.46138379086527825,0.46138379086527825,0.0,-263,-5.357430555555555,-77147,28.280404024117217,248.27272727272728,74.74695604515631,4.851900252525253,1.5282182673278817
RHF_MPM_P23,789,0.03945,39.45,0,255,3.051388888888889,21.765652050469306,43940,172.31372549019608,6,88,255,0.7361120996347378,108,108,124,0.008611111111111111,13,12,0.7948717948717948,66.87096774193549,56.79032258064516,0.06472222222222222,0.0033333333333333335,0.012430555555555556,0.008194444444444445,0.005902777777777778,1,69.6611060537096,58.370345926263084,8.529777023579923,5.659211497579618,0.7482070097723975,-143.43471020451443,-0.897829490108808,0.897829490108808,0.03429676832043696,112,3.03125,43650,19.934624173555523,235.0,82.29216244576394,4.648112373737374,1.603415685704155
RHF_MPM_P23,790,0.0395,39.5,0,255,4.372847222222222,24.743092727600953,62969,246.93725490196078,18,138,255,1.0686606351472137,107,107,168,0.011666666666666667,17,16,0.6176470588235294,68.41071428571429,58.98809523809524,0.10055555555555555,0.004791666666666666,0.015694444444444445,0.010486111111111111,0.0077083333333333335,1,76.19665232098335,64.03581127221331,17.567008222225763,5.127203546851199,0.9564593733912358,-144.86616832468496,-1.3651964852111682,1.3651964852111682,0.04194127268973622,44,1.3214583333333332,19029,8.649327291635961,225.1818181818182,83.25188306013175,4.55778409090909,1.5883198462322734
RHF_MPM_P23,791,0.03955,39.55,0,255,5.159236111111111,28.34717538299454,74293,291.3450980392157,20,211,255,0.965251480701775,110,110,211,0.014652777777777778,19,18,0.6169590643274854,69.45023696682465,60.04265402843602,0.08513888888888889,0.006458333333333333,0.021319444444444443,0.013402777777777777,0.010416666666666666,1,74.84065793547171,64.28304147093266,14.691770001065535,4.156014465176814,0.9591551765501727,-140.17678819181268,-1.2198642691251007,1.2198642691251007,0.014846620812189574,43,0.7863888888888892,11324,1.3783481217377156,219.45454545454547,81.85171030185529,4.542342171717172,1.5815572555325978
RHF_MPM_P23,792,0.0396,39.6,0,255,6.026180555555555,30.340641438701393,86777,340.30196078431374,29,237,255,1.065553185577086,109,109,236,0.01638888888888889,20,19,0.6210526315789474,70.08898305084746,60.72457627118644,0.09395833333333334,0.007638888888888889,0.02625,0.015277777777777777,0.011597222222222222,1,78.02657386173756,67.14687071459028,19.978115523681993,4.05730223029159,0.9791606275583808,-140.2029769640667,-1.2794846636396853,1.2794846636396853,0.00600389504131279,25,0.8669444444444441,12484,4.283874207544259,216.1818181818182,80.3920147344116,4.602234848484849,1.6235824171136009
RHF_MPM_P23,793,0.03965,39.65,0,255,5.749583333333334,30.451269127789324,82794,324.6823529411765,22,235,255,0.9567983236869859,109,109,251,0.017430555555555557,21,20,0.5976190476190476,70.20318725099601,60.8605577689243,0.08291666666666667,0.007569444444444445,0.025694444444444443,0.01597222222222222,0.011944444444444445,1,74.86008647969659,64.57156315675049,15.028655807462624,4.073096331276676,0.9625731537626593,-138.89143834884558,-1.3422000785978565,1.3422000785978565,0.008080295673599537,15,-0.2765972222222217,-3983,4.0815256164933515,214.45454545454547,79.41532212633625,4.642531565656566,1.6459048316853893
RHF_MPM_P23,794,0.0397,39.7,0,255,6.028402777777778,31.884232195972025,86809,340.42745098039217,20,247,255,0.9822637827336931,108,108,288,0.02,24,22,0.5454545454545454,71.14930555555556,61.701388888888886,0.08631944444444445,0.008263888888888888,0.025972222222222223,0.018472222222222223,0.013055555555555556,1,74.28629519980647,63.98371136633298,14.652439705464,4.440179342941879,0.9529799203940342,-139.69222427413152,-1.9002062986491302,1.9002062986491302,0.050374961121542695,37,0.2788194444444443,4015,0.821465860748334,216.0,80.65639804413873,4.708175505050504,1.6850048324346218
RHF_MPM_P23,795,0.03975,39.75,0,255,6.375694444444444,33.01252444680776,91810,360.03921568627453,21,251,255,0.9849407853088915,107,107,314,0.021805555555555557,24,24,0.5451388888888888,71.1592356687898,61.9140127388535,0.08604166666666667,0.008888888888888889,0.028888888888888888,0.01951388888888889,0.014375,1,73.62468140725412,63.74340485785862,13.01582212160986,4.48904203369082,0.9386426825112107,-138.50283667216203,-1.744505253986292,1.744505253986292,0.027284609519660167,26,0.3472916666666661,5001,0.7039034227155414,220.0,84.24639188389344,4.803434343434343,1.745864302901174
RHF_MPM_P23,796,0.0398,39.8,0,255,6.787430555555556,34.228391728832364,97739,383.2901960784314,23,254,255,1.0129119417517174,106,106,341,0.023680555555555555,25,24,0.5683333333333334,71.58064516129032,62.13489736070381,0.08916666666666667,0.009791666666666667,0.03027777777777778,0.020902777777777777,0.015486111111111112,1,73.56671338974206,63.65727089493447,11.853136739680558,4.533347189700423,0.9239721713752189,-137.49376444914913,-1.3161129812888246,1.3161129812888246,0.013454199449554425,27,0.41173611111111175,5929,0.10382365156021411,226.54545454545453,90.37333037448164,4.93810606060606,1.8343339011123212
RHF_MPM_P23,797,0.03985,39.85,0,255,7.167430555555556,35.122950043907814,103211,404.74901960784314,27,255,255,1.086783791800316,108,108,355,0.024652777777777777,26,24,0.5689102564102564,71.8225352112676,62.3774647887324,0.09645833333333333,0.010347222222222223,0.03152777777777778,0.022291666666666668,0.016458333333333332,1,73.92039608181298,63.9962891552257,11.87476944932867,4.597465715692721,0.9220114857006669,-137.8474046533552,-0.8425219506328829,0.8425219506328829,0.015095290230692464,14,0.3799999999999999,5472,0.4899232873434644,234.0909090909091,97.07022251531905,5.101445707070707,1.9423946378642145
RHF_MPM_P23,798,0.0399,39.9,0,255,7.161875,34.97376563362152,103131,404.43529411764706,29,255,255,1.0974500609477666,110,110,340,0.02361111111111111,25,24,0.5666666666666667,71.45294117647059,62.02647058823529,0.09791666666666667,0.010486111111111111,0.03013888888888889,0.021805555555555557,0.016458333333333332,1,74.22154347383425,64.32409265885137,12.715130495369435,4.5282995098834595,0.9344346190209291,-137.34920173750353,-0.9995703564750167,0.9995703564750167,0.0172111198378761,-15,-0.005555555555555536,-80,0.44513468603386913,240.0,101.26832045251233,5.263655303030303,2.0311563945609654
RHF_MPM_P23,799,0.03995,39.95,0,255,7.133958333333333,34.820265286315305,102729,402.8588235294118,27,255,255,1.1481064729297208,110,110,330,0.022916666666666665,24,23,0.5978260869565217,71.15757575757576,61.627272727272725,0.104375,0.010277777777777778,0.029236111111111112,0.021458333333333333,0.016666666666666666,1,74.2928287046501,64.15259566432069,13.127090106412854,4.698725384526702,0.9337441576330612,-137.7044170142955,-1.1756881864668183,1.1756881864668183,0.023742078673013464,-10,-0.027916666666667034,-402,0.18572238224168944,268.90909090909093,73.68909447556062,5.910366161616162,1.2352601511008166
RHF_MPM_P23,800,0.04,40.0,0,255,7.399791666666666,35.392822757366716,106557,417.8705882352941,27,255,255,1.2089504963493272,111,111,344,0.02388888888888889,26,24,0.5512820512820513,71.57848837209302,61.875,0.1111111111111111,0.011041666666666667,0.031041666666666665,0.022291666666666668,0.016944444444444446,1,74.7603911521533,64.39029815028576,13.45717261488146,4.7713276287451665,0.9350346031254495,-138.48403539623686,-1.1582122815907148,1.1582122815907148,0.023968392503542706,14,0.26583333333333314,3828,0.5245160761589264,288.90909090909093,60.280336829387934,6.305675505050505,0.9100557970869002
RHF_MPM_P23,801,0.04005,40.05,0,255,7.520694444444445,35.587983530118265,108298,424.69803921568626,29,255,255,1.219483674568496,110,110,351,0.024375,26,24,0.5625,71.64387464387464,62.21937321937322,0.11208333333333333,0.011041666666666667,0.03173611111111111,0.02263888888888889,0.016875,1,75.08788712626271,64.93176235941569,14.261004305559615,4.672882452993537,0.9447927435179237,-138.11295180775653,-1.2326060652086446,1.2326060652086446,0.02426637611036215,7,0.12090277777777825,1741,0.6328009978078174,305.54545454545456,48.76914754295092,6.591843434343435,0.735455951514397
RHF_MPM_P23,802,0.0401,40.1,0,255,7.452361111111111,35.29356972409561,107314,420.8392156862745,28,255,255,1.217011344580637,109,109,348,0.024166666666666666,26,25,0.5353846153846153,71.58045977011494,62.410919540229884,0.111875,0.010763888888888889,0.03194444444444444,0.022430555555555554,0.01673611111111111,1,75.15317665914978,65.26829677395307,14.832089160812561,4.524596310642763,0.9523348783119339,-137.5275351968577,-1.3563214720387213,1.3563214720387213,0.02608233781240099,-3,-0.06833333333333336,-984,0.34280918201330296,318.0,39.680542518285385,6.8003093434343445,0.6149603508626378
RHF_MPM_P23,803,0.04015,40.15,0,255,7.415,35.13398951790765,106776,418.7294117647059,27,255,255,1.230263518744291,110,110,341,0.023680555555555555,25,24,0.5683333333333334,71.30498533724341,61.90909090909091,0.11430555555555555,0.010902777777777779,0.030833333333333334,0.021944444444444444,0.01659722222222222,1,75.14222297145426,65.29295909193077,15.318365393535405,4.577196801881487,0.9543143399738895,-137.1241978631607,-1.4044138366013579,1.4044138366013579,0.027066007342473965,-7,-0.03736111111111118,-538,0.026985425736203713,327.54545454545456,30.335588569933787,6.926565656565657,0.5848978593698597
RHF_MPM_P23,804,0.0402,40.2,0,255,7.231458333333333,34.623765069609135,104133,408.36470588235295,27,255,255,1.2015137243973084,111,111,329,0.022847222222222224,25,23,0.5721739130434783,71.09118541033435,61.74164133738602,0.11097222222222222,0.010555555555555556,0.029930555555555554,0.021111111111111112,0.01611111111111111,1,75.16658504028501,65.22810252273534,15.529615995984754,4.485062887091216,0.957387317952317,-137.45491411468393,-1.4098560145983854,1.4098560145983854,0.026600597313051578,-12,-0.18354166666666671,-2643,0.06928120210790001,334.6363636363636,18.371285535623382,7.061281565656566,0.45439275984658895
RHF_MPM_P23,805,0.04025,40.25,0,255,7.146597222222222,34.45563928733411,102911,403.57254901960783,27,255,255,1.180088048776113,112,112,318,0.022083333333333333,23,23,0.6011342155009451,70.71698113207547,61.496855345911946,0.10861111111111112,0.010763888888888889,0.029930555555555554,0.020694444444444446,0.015833333333333335,1,75.03936411073646,65.17528738424464,15.477310154721943,4.469729857763641,0.9573917369787543,-137.34528006708263,-1.4657696107807188,1.4657696107807188,0.026207110998824227,-11,-0.0848611111111115,-1222,0.13774833490460311,337.3636363636364,12.550065028971163,7.162935606060608,0.3159360939092739
RHF_MPM_P23,806,0.0403,40.3,0,255,6.980833333333333,34.178039479158095,100524,394.21176470588233,26,255,255,1.170496173197972,112,112,315,0.021875,23,23,0.5954631379962193,70.67301587301587,61.39365079365079,0.10805555555555556,0.010486111111111111,0.028541666666666667,0.020555555555555556,0.015694444444444445,1,74.74684652421313,64.83298515777327,15.163500950161245,4.4738132795782475,0.9554854325210839,-137.56510858296053,-1.474268405167555,1.474268405167555,0.02692889260276153,-3,-0.16576388888888882,-2387,0.450263647958277,337.45454545454544,12.383006217199709,7.2179482323232325,0.2084780523524531
RHF_MPM_P23,807,0.04035,40.35,0,255,6.895208333333334,33.89915484583875,99291,389.3764705882353,25,255,255,1.1616910167679997,111,111,311,0.021597222222222223,22,22,0.6425619834710744,70.36655948553054,61.135048231511256,0.10777777777777778,0.010694444444444444,0.027916666666666666,0.019930555555555556,0.015486111111111112,1,74.7149288455147,64.822521678702,15.460448199716083,4.475399915547822,0.9571858353711142,-137.73662594791142,-1.5480552654282695,1.5480552654282695,0.028532293964206222,-4,-0.0856249999999994,-1233,0.033589025108959704,334.72727272727275,14.43537894512147,7.227746212121212,0.18970159565644826
RHF_MPM_P23,808,0.0404,40.4,0,255,6.729930555555556,33.67148965034002,96911,380.043137254902,24,255,255,1.1323104762864742,111,111,311,0.021597222222222223,23,22,0.6146245059288538,70.50482315112541,61.247588424437296,0.10458333333333333,0.010208333333333333,0.027777777777777776,0.020069444444444445,0.015208333333333334,1,74.4060839326805,64.54822465973935,15.09421968972358,4.415050582142367,0.9562656985870963,-137.64170824789082,-1.576994540499983,1.576994540499983,0.028995676445398355,0,-0.16527777777777786,-2380,0.4130666227079676,330.72727272727275,14.359608180846651,7.187973484848484,0.23791433344679486
RHF_MPM_P23,809,0.04045,40.45,0,255,6.555,33.11376270609481,94392,370.16470588235296,22,254,255,1.114600422271827,110,110,301,0.020902777777777777,23,22,0.5948616600790514,70.36544850498339,61.053156146179404,0.101875,0.009652777777777777,0.02736111111111111,0.019444444444444445,0.014513888888888889,1,74.26222561234003,64.44711416221713,14.995477198036497,4.408067999009299,0.9558177731966335,-137.1645246175921,-1.632712652984368,1.632712652984368,0.029568183744385117,-10,-0.17493055555555603,-2519,0.17583671129878148,327.1818181818182,16.3140663334001,7.132803030303031,0.2998678894964089
RHF_MPM_P23,810,0.0405,40.5,0,255,6.296458333333334,32.48635976513729,90669,355.56470588235294,21,252,255,1.087865594784679,110,110,289,0.020069444444444445,22,21,0.6255411255411255,70.06228373702422,60.65051903114187,0.09930555555555555,0.009166666666666667,0.026041666666666668,0.01861111111111111,0.013958333333333333,1,73.89825629487477,64.0369255202991,14.658189361407103,4.403046422472782,0.9538191947705671,-136.92695144521372,-1.6542414653513464,1.6542414653513464,0.028300742260309476,-12,-0.258541666666666,-3723,0.5483870768122489,323.45454545454544,19.597604846064208,7.056666666666667,0.3843335643493367
RHF_MPM_P23,811,0.04055,40.55,0,255,6.166388888888889,32.12852805121415,88796,348.2196078431373,21,249,255,1.0624143526228615,111,111,282,0.019583333333333335,22,20,0.6409090909090909,69.90425531914893,60.41843971631206,0.09625,0.008958333333333334,0.025555555555555557,0.01840277777777778,0.01361111111111111,1,73.73931258164782,63.675469615748455,14.409715125690402,4.285141404088165,0.954759628329745,-138.00437096351376,-1.6143567084531194,1.6143567084531194,0.02583449704941664,-7,-0.13006944444444457,-1873,0.3948588037626871,317.8181818181818,21.682914018428857,6.944539141414142,0.44327259522045476
RHF_MPM_P23,812,0.0406,40.6,0,255,6.022222222222222,31.893952849953575,86720,340.078431372549,20,248,255,1.0136725742316042,109,109,281,0.01951388888888889,22,20,0.6386363636363637,69.8932384341637,60.33451957295374,0.09083333333333334,0.008680555555555556,0.025416666666666667,0.018194444444444444,0.013472222222222222,1,73.36557887453874,63.22961254612546,13.704020053809382,4.2864491978227175,0.949823058124194,-138.27494735667548,-1.6358894975156157,1.6358894975156157,0.02617619926199262,-1,-0.144166666666667,-2076,0.5817778015379255,311.45454545454544,21.278942371033203,6.808314393939394,0.4744356548532004
RHF_MPM_P23,813,0.04065,40.65,0,255,5.924652777777778,31.666132943159973,85315,334.5686274509804,19,247,255,1.0128986843464691,110,110,276,0.019166666666666665,22,20,0.6272727272727273,69.75,60.19927536231884,0.09083333333333334,0.008333333333333333,0.024930555555555556,0.017916666666666668,0.013402777777777777,1,73.09934946961262,62.94152259274453,13.35629151156579,4.504918883729543,0.9414014565573443,-138.32332100597583,-1.6013184755999965,1.6013184755999965,0.027158178514915313,-5,-0.09756944444444393,-1405,0.39226766026061965,304.90909090909093,20.07012499600767,6.6694318181818195,0.4889572119404056
RHF_MPM_P23,814,0.0407,40.7,0,255,5.949513888888889,31.77273715235414,85673,335.97254901960787,19,249,255,1.017791748997999,111,111,273,0.018958333333333334,21,20,0.65,69.63369963369964,60.1025641025641,0.09173611111111112,0.008819444444444444,0.025,0.017986111111111112,0.013541666666666667,1,73.08877942875819,62.932230691116224,13.490050752899414,4.438048408111545,0.9443345255793583,-138.51303474617316,-1.6157461461881637,1.6157461461881637,0.02804851003233224,-3,0.024861111111111,358,0.014073563853357807,298.72727272727275,18.40499393243292,6.536205808080808,0.46681120866906944
RHF_MPM_P23,815,0.04075,40.75,0,255,5.978263888888889,31.82303738012809,86087,337.5960784313726,19,248,255,1.020319321351682,109,109,281,0.01951388888888889,22,20,0.6386363636363637,69.8540925266904,60.29893238434164,0.091875,0.008472222222222223,0.025138888888888888,0.018055555555555554,0.013541666666666667,1,73.29716449638157,63.18907616713325,13.849703193310882,4.327140614869341,0.9499389363878225,-138.17157243693404,-1.7376008537482568,1.7376008537482568,0.02837826849582399,8,0.02874999999999961,414,0.33074753961112807,294.3636363636364,16.27755134183119,6.422279040404041,0.435074755219811
RHF_MPM_P23,816,0.0408,40.8,0,255,5.887638888888889,31.5841163048531,84782,332.47843137254904,19,246,255,1.0145622033739992,110,110,274,0.01902777777777778,22,20,0.6227272727272727,69.77007299270073,60.197080291970806,0.09131944444444444,0.008055555555555555,0.025069444444444443,0.017916666666666668,0.013333333333333334,1,73.0900662876554,63.02551249085891,13.700191551251326,4.400763909783184,0.9470048872671418,-137.89976367090043,-1.6887872025914974,1.6887872025914974,0.027765327545941354,-7,-0.09062500000000018,-1305,0.26389911756950707,290.3636363636364,15.357987127063279,6.307828282828282,0.39304232908969794
RHF_MPM_P23,817,0.04085,40.85,0,255,5.850763888888889,31.684940222706338,84251,330.39607843137253,18,248,255,0.9827483282794409,111,111,271,0.018819444444444444,21,19,0.6791979949874687,69.58671586715867,60.02214022140221,0.08833333333333333,0.008611111111111111,0.024791666666666667,0.017777777777777778,0.013541666666666667,1,72.80978267320269,62.68995026765261,13.024025153944791,4.346000194689799,0.9426825050870032,-138.39991278135452,-1.719510360946966,1.719510360946966,0.027501157256293693,-3,-0.036874999999999325,-531,0.43721952172087314,286.3636363636364,14.098824756132414,6.205094696969698,0.3489179342069475
RHF_MPM_P23,818,0.0409,40.9,0,255,5.957291666666666,32.194358475747435,85785,336.4117647058824,18,250,255,0.981660738281459,111,111,285,0.019791666666666666,22,20,0.6477272727272727,69.9578947368421,60.266666666666666,0.088125,0.008888888888888889,0.025555555555555557,0.018472222222222223,0.013888888888888888,1,72.75127353266888,62.56935361659964,12.566997320141876,4.371451624095041,0.9375495620971745,-138.483644954785,-1.6884596706659236,1.6884596706659236,0.02718423966893979,14,0.10652777777777711,1534,0.1340405601719033,284.0,11.755076272905173,6.119829545454545,0.2770557667795888
RHF_MPM_P23,819,0.04095,40.95,0,255,6.066944444444444,32.517364448300235,87364,342.60392156862747,18,252,255,0.9967801893601969,112,112,284,0.01972222222222222,23,20,0.6173913043478261,69.97535211267606,60.2887323943662,0.08965277777777778,0.009027777777777777,0.026111111111111113,0.01875,0.014166666666666666,1,72.80260748134243,62.52094684309326,12.38736616926762,4.477512567440688,0.9323883934195398,-138.79948367922864,-1.5963084082375911,1.5963084082375911,0.027047754223707705,-1,0.10965277777777782,1579,0.07055770693352673,281.54545454545456,8.116914285654442,6.05955808080808,0.19885429210850714
RHF_MPM_P23,820,0.041,41.0,0,255,6.219236111111111,33.05696353728458,89557,351.20392156862744,19,253,255,0.9908670894690885,112,112,294,0.020416666666666666,22,21,0.6363636363636364,70.00340136054422,60.445578231292515,0.08902777777777778,0.009652777777777777,0.02652777777777778,0.019305555555555555,0.014861111111111111,1,72.73648067711066,62.625456413234026,12.327150681949481,4.405240915180422,0.9339663968576952,-138.43636897267552,-1.5085136678543951,1.5085136678543951,0.026307267996918165,10,0.15229166666666671,2193,0.12367297396324771,280.90909090909093,6.721127414281645,6.029034090909092,0.13643474927455712
RHF_MPM_P23,821,0.04105,41.05,0,255,6.264513888888889,33.27492118134628,90209,353.7607843137255,18,254,255,0.9871479792951564,111,111,304,0.021111111111111112,23,22,0.6007905138339921,70.28947368421052,60.52302631578947,0.08868055555555555,0.009722222222222222,0.026875,0.01965277777777778,0.015069444444444444,1,72.63673247680387,62.567859082796616,11.892281760374221,4.386742246435881,0.9294797861481089,-137.86707625978914,-1.505304947473806,1.505304947473806,0.026283408529082463,10,0.04527777777777775,652,0.11518314085820039,282.27272727272725,9.264702409888926,6.026130050505051,0.13094103140824284
RHF_MPM_P23,822,0.0411,41.1,0,255,6.285416666666666,33.41235522633556,90510,354.94117647058823,18,254,255,0.9849439011536656,109,109,310,0.021527777777777778,23,22,0.6126482213438735,70.40645161290323,60.593548387096774,0.08854166666666667,0.009722222222222222,0.026944444444444444,0.01986111111111111,0.015208333333333334,1,72.54396199314994,62.43068169263065,11.712327720431539,4.524330203763543,0.922378271906141,-137.828055259644,-1.3731106183722868,1.3731106183722868,0.02577615733068169,6,0.020902777777777715,301,0.16560192936717574,284.8181818181818,12.216368913121755,6.036950757575758,0.1461226550874752
RHF_MPM_P23,823,0.04115,41.15,0,255,6.278263888888889,33.36806523521364,90407,354.5372549019608,18,254,255,0.9830414006039505,110,110,309,0.021458333333333333,23,22,0.6106719367588933,70.3462783171521,60.54045307443366,0.08833333333333333,0.009722222222222222,0.02701388888888889,0.01965277777777778,0.015069444444444444,1,72.50117800612784,62.43658123817846,11.713782442892542,4.462961941060995,0.9245746565150041,-137.40579070990034,-1.3804391754822138,1.3804391754822138,0.02494275885716814,-1,-0.007152777777777786,-103,0.0431888201179095,287.3636363636364,13.949732661320578,6.060227272727272,0.16150583256702528
RHF_MPM_P23,824,0.0412,41.2,0,255,6.394652777777778,33.599948524538824,92083,361.10980392156864,19,254,255,1.0073083839048256,111,111,311,0.021597222222222223,23,22,0.6146245059288538,70.34405144694534,60.59485530546624,0.090625,0.009791666666666667,0.0275,0.02,0.015347222222222222,1,72.67905042190198,62.54841827481729,11.875393264169237,4.464022462894685,0.9266581119137142,-138.3311440173365,-1.3614279794811803,1.3614279794811803,0.025715930193412465,2,0.11638888888888932,1676,0.2101097785860516,290.54545454545456,14.950607384217697,6.102954545454545,0.1809830805880395
RHF_MPM_P23,825,0.04125,41.25,0,255,6.444861111111111,33.52720104188436,92806,363.9450980392157,20,253,255,1.0335533904926613,110,110,312,0.021666666666666667,23,23,0.5897920604914934,70.41666666666667,60.64102564102564,0.09333333333333334,0.009791666666666667,0.02763888888888889,0.019930555555555556,0.015069444444444444,1,73.1351960002586,62.93125444475573,12.59149557012071,4.457267202592858,0.9352490965850755,-138.1910896967432,-1.3848478086321485,1.3848478086321485,0.02531086352175506,1,0.050208333333332966,723,0.5955101356546647,294.09090909090907,14.993662573079732,6.14798611111111,0.19802512091375385
RHF_MPM_P23,826,0.0413,41.3,0,255,6.33875,33.168125572498894,91278,357.9529411764706,20,253,255,1.0027029386186124,110,110,306,0.02125,23,23,0.5784499054820416,70.3529411764706,60.59803921568628,0.08972222222222222,0.009583333333333333,0.027708333333333335,0.019305555555555555,0.014791666666666667,1,73.12695282543439,62.891748285457616,12.454520536614428,4.307623368981611,0.9382830838883776,-138.79176470652493,-1.4299190090025957,1.4299190090025957,0.023455816297464887,-6,-0.10611111111111082,-1528,0.040356988907381514,296.3636363636364,14.729517225148635,6.180757575757577,0.19705213993535245
RHF_MPM_P23,827,0.04135,41.35,0,255,6.2811111111111115,32.861996860421016,90448,354.69803921568626,20,253,255,1.0267793354820227,109,109,302,0.020972222222222222,23,22,0.5968379446640316,70.20529801324503,60.27814569536424,0.0920138888888889,0.009166666666666667,0.02666666666666667,0.018958333333333334,0.014444444444444444,1,73.22232664072175,62.83358393773218,12.83844012828079,4.445826462773333,0.9381274286596891,-138.6496793316641,-1.3807389209571823,1.3807389209571823,0.02463293826286927,-4,-0.05763888888888857,-830,0.11171059031619616,298.90909090909093,12.957655129161333,6.2165277777777765,0.17508509384977303
RHF_MPM_P23,828,0.0414,41.4,0,255,6.260555555555555,32.79508177425766,90152,353.5372549019608,20,252,255,1.0129737653878514,110,110,297,0.020625,23,22,0.5869565217391305,70.07744107744108,60.36363636363637,0.09048611111111111,0.008888888888888889,0.026875,0.019166666666666665,0.014375,1,73.24661682491792,62.969263022450974,13.017742543128824,4.33885065664119,0.9428198194246251,-138.24993432432728,-1.3855520265048051,1.3855520265048051,0.024991126098145355,-5,-0.020555555555556104,-296,0.13783623282146873,301.27272727272725,9.583042874985045,6.253781565656566,0.13145743242885383
RHF_MPM_P23,829,0.04145,41.45,0,255,6.153819444444444,32.4288754750841,88615,347.5098039215686,20,251,255,1.0070833448577232,110,110,291,0.02020833333333333,23,22,0.575098814229249,70.05154639175258,60.21649484536083,0.08986111111111111,0.008888888888888889,0.026111111111111113,0.018541666666666668,0.014166666666666666,1,73.21208598995655,62.9919539581335,13.178433740102774,4.260725520812235,0.946292948397443,-137.8761286951216,-1.4455960629908333,1.4455960629908333,0.025221463634824803,-6,-0.10673611111111114,-1537,0.04131896810519496,301.8181818181818,8.77826014878059,6.271647727272727,0.09939205674453465
RHF_MPM_P23,830,0.0415,41.5,0,255,6.085972222222222,32.25558905745907,87638,343.678431372549,20,251,255,1.0140289148535058,111,111,284,0.01972222222222222,22,21,0.6147186147186147,69.88732394366197,59.95070422535211,0.09090277777777778,0.008888888888888889,0.025625,0.018472222222222223,0.013958333333333333,1,73.12324562404436,62.8769483557361,13.307089136377094,4.344977192039515,0.9451916830274585,-137.28606522693195,-1.5141273833008508,1.5141273833008508,0.026814852004838085,-7,-0.06784722222222239,-977,0.14532342962578843,301.8181818181818,8.778260148780591,6.273377525252525,0.09591930099948172
RHF_MPM_P23,831,0.04155,41.55,0,255,5.974861111111111,32.01590414210202,86038,337.4039215686274,19,250,255,0.9829719350815366,109,109,285,0.019791666666666666,23,21,0.5900621118012422,69.99298245614035,60.10526315789474,0.08770833333333333,0.00875,0.025347222222222222,0.01826388888888889,0.013541666666666667,1,72.89351216904159,62.68533671168554,12.925248808491055,4.264968198863038,0.9439907739923374,-137.58526425424407,-1.5388798378079223,1.5388798378079223,0.026581278039935843,1,-0.11111111111111072,-1600,0.2991529416256335,301.0,9.82575465526463,6.251161616161617,0.12861407364990182
RHF_MPM_P23,832,0.0416,41.6,0,255,5.962152777777778,32.04279297247135,85855,336.6862745098039,18,250,255,0.9861851237223004,109,109,284,0.01972222222222222,22,21,0.6147186147186147,69.91197183098592,60.08098591549296,0.08833333333333333,0.008680555555555556,0.025347222222222222,0.01826388888888889,0.01375,1,72.81326655407373,62.649630190437364,12.931621592576183,4.328540332486506,0.9423157665042426,-137.15613082643262,-1.6444713229299996,1.6444713229299996,0.027709510220720983,-1,-0.012708333333333321,-183,0.08783116975888879,299.1818181818182,10.894687461145137,6.223674242424243,0.1528499240078556
RHF_MPM_P23,833,0.04165,41.65,0,255,5.967638888888889,32.11794120430094,85934,336.99607843137255,18,251,255,0.983152620462714,110,110,283,0.01965277777777778,22,21,0.6125541125541125,69.8339222614841,59.99293286219081,0.08791666666666667,0.008819444444444444,0.025416666666666667,0.01826388888888889,0.013819444444444445,1,72.7594898410408,62.549677659599226,12.78353289310919,4.471608820707278,0.9368264752649484,-136.57532021106906,-1.6323457058601818,1.6323457058601818,0.026147974026578535,-1,0.0054861111111108585,79,0.11350085147511084,296.72727272727275,11.21760717549878,6.1947853535353525,0.167754100439342
RHF_MPM_P23,834,0.0417,41.7,0,255,6.009791666666667,32.25227771820391,86541,339.3764705882353,19,251,255,0.985081966039473,110,110,287,0.019930555555555556,22,21,0.6212121212121212,69.88153310104529,59.90243902439025,0.08784722222222222,0.008819444444444444,0.025625,0.018333333333333333,0.014097222222222223,1,72.8185484336904,62.45555285933835,12.612255334039817,4.316267275463276,0.9396169307976655,-138.3694393024424,-1.6063257359997125,1.6063257359997125,0.026103234305127048,4,0.04215277777777793,607,0.11111883454167774,294.72727272727275,10.80480456338256,6.170378787878788,0.173272600193035
RHF_MPM_P23,835,0.04175,41.75,0,255,6.1090277777777775,32.54885945517234,87970,344.98039215686276,19,252,255,1.0207210949680976,110,110,293,0.02034722222222222,22,21,0.6341991341991342,69.97269624573379,59.93515358361775,0.09236111111111112,0.009097222222222222,0.025902777777777778,0.01875,0.01423611111111111,1,72.9217915198363,62.344174150278505,12.583160811941806,4.525147388442352,0.9330991182457803,-138.7622924312477,-1.6066194762342791,1.6066194762342791,0.028020916221439127,6,0.09923611111111086,1429,0.15186952185599506,293.09090909090907,9.500761170028293,6.144412878787878,0.1584888710934734
RHF_MPM_P23,836,0.0418,41.8,0,255,6.291180555555556,33.0957513217442,90593,355.26666666666665,19,253,255,1.0419342599195842,108,108,304,0.021111111111111112,23,21,0.629399585921325,70.24342105263158,60.2171052631579,0.09472222222222222,0.00951388888888889,0.02652777777777778,0.019375,0.014861111111111111,1,73.01079553607894,62.429150155089246,12.638193784989054,4.494287816394973,0.9346338416148176,-138.84590675907538,-1.5485218820784012,1.5485218820784012,0.02875498106917753,11,0.1821527777777785,2623,0.12305541963243752,292.3636363636364,8.249217343291393,6.130441919191918,0.1366583299761573
RHF_MPM_P23,837,0.04185,41.85,0,255,6.330555555555556,33.2099848560008,91160,357.4901960784314,19,254,255,1.0380131693886985,109,109,306,0.02125,23,21,0.6335403726708074,70.23529411764706,60.26470588235294,0.09416666666666666,0.009652777777777777,0.026944444444444444,0.019444444444444445,0.015208333333333334,1,72.93016673979815,62.485234752084246,12.459840235054216,4.502440282576142,0.932427858061857,-137.84643726087813,-1.539601712448101,1.539601712448101,0.027128126371215446,2,0.039374999999999716,567,0.09821652004515774,292.3636363636364,8.249217343291393,6.129696969696969,0.13553852090896074
RHF_MPM_P23,838,0.0419,41.9,0,255,6.296111111111111,33.32404181149581,90664,355.5450980392157,19,254,255,0.9893468018807986,110,110,308,0.021388888888888888,23,21,0.6376811594202898,70.29220779220779,60.29545454545455,0.08909722222222222,0.009930555555555555,0.027083333333333334,0.019583333333333335,0.015486111111111112,1,72.66488352598606,62.25786420188829,11.884932674480917,4.495213305231465,0.9257125063022967,-137.83950814334548,-1.4351418959015652,1.4351418959015652,0.025247066090179123,2,-0.0344444444444445,-496,0.34938882441613234,292.90909090909093,9.029794575882923,6.131060606060606,0.13712123595531547
RHF_MPM_P23,839,0.04195,41.95,0,255,6.285208333333333,33.21154590208949,90507,354.9294117647059,19,254,255,1.007466711315348,107,107,307,0.021319444444444443,23,21,0.6356107660455487,70.28990228013029,60.237785016286644,0.0907638888888889,0.009791666666666667,0.02673611111111111,0.019444444444444445,0.01513888888888889,1,72.68674246190902,62.16900350249152,11.85386021885431,4.4804598916341245,0.9258159028030954,-138.85008387246805,-1.4222555896083298,1.4222555896083298,0.025699669638812466,-1,-0.010902777777777928,-157,0.0915097643804588,293.8181818181818,9.86101766662486,6.133301767676767,0.13940193551167285
RHF_MPM_P23,840,0.042,42.0,0,255,6.314583333333333,33.20026244196388,90930,356.5882352941176,19,254,255,1.0244667480411893,111,111,303,0.021041666666666667,22,21,0.6558441558441559,70.20132013201321,60.21782178217822,0.09256944444444444,0.00986111111111111,0.026944444444444444,0.019375,0.015,1,72.87672935224899,62.33405916639173,11.994830424805805,4.581989033753427,0.9241635704714167,-139.13259486393386,-1.4582921143362702,1.4582921143362702,0.026866820631254812,-4,0.02937499999999993,423,0.2516711955838215,294.90909090909093,10.148484396065752,6.147916666666666,0.14889116795896284
RHF_MPM_P23,841,0.04205,42.05,0,255,6.408194444444445,33.43414820485806,92278,361.87450980392157,19,254,255,1.0465194037662056,108,108,310,0.021527777777777778,23,21,0.6418219461697723,70.28064516129032,60.35806451612903,0.0954861111111111,0.009930555555555555,0.027291666666666665,0.019791666666666666,0.015277777777777777,1,72.90602310409848,62.3993259498472,12.085106888101798,4.628439496924787,0.9237537094222358,-139.2487479138103,-1.4436572647947377,1.4436572647947377,0.027373805240685754,7,0.09361111111111153,1348,0.07153933826953535,297.27272727272725,10.358052722319341,6.177209595959596,0.16468232600794735
RHF_MPM_P23,842,0.0421,42.1,0,255,6.41,33.41103377295856,92304,361.9764705882353,20,254,255,1.0423233289295148,107,107,308,0.021388888888888888,22,21,0.6666666666666666,70.19155844155844,60.26948051948052,0.09465277777777778,0.01,0.02736111111111111,0.019583333333333335,0.015208333333333334,1,72.86580213208528,62.45813832553302,12.226294076759334,4.541174681315743,0.9284621949173018,-138.0102886040108,-1.3932721922823663,1.3932721922823663,0.02686774137632172,-2,0.0018055555555553937,26,0.07125041840927386,299.3636363636364,9.984285172871575,6.2167676767676765,0.16358377254946838
RHF_MPM_P23,843,0.04215,42.15,0,255,6.33375,33.238126532371595,91206,357.67058823529413,20,254,255,1.0170357265447745,111,111,303,0.021041666666666667,23,21,0.6273291925465838,70.35313531353135,60.33993399339934,0.09159722222222222,0.009722222222222222,0.027083333333333334,0.019583333333333335,0.014930555555555556,1,73.03564458478608,62.55301186325461,12.288871279432113,4.529432653203643,0.9295960170874511,-137.99013669620663,-1.5227359915802954,1.5227359915802954,0.02664298401420959,-5,-0.07624999999999993,-1098,0.19454420294430608,301.09090909090907,8.743356391668794,6.250549242424242,0.14480681119640249
RHF_MPM_P23,844,0.0422,42.2,0,255,6.139236111111111,32.63442268312584,88405,346.6862745098039,19,253,255,0.994755549823513,109,109,293,0.02034722222222222,22,21,0.6341991341991342,69.93174061433447,59.9419795221843,0.08916666666666667,0.009097222222222222,0.02625,0.019097222222222224,0.014166666666666666,1,72.65770035631469,62.30492619195747,12.249849398158148,4.151206674532877,0.940830260371964,-138.36718702749755,-1.5710658156894357,1.5710658156894357,0.027487133080708104,-10,-0.19451388888888932,-2801,0.4520932869859811,302.0,7.198484689028783,6.266148989898991,0.12073058285017663
RHF_MPM_P23,845,0.04225,42.25,0,12,0.021319444444444443,0.37365080721580773,307,25.583333333333332,0,0,7,0.05930429517035815,3,8,12,0.0008333333333333334,93,107,0.0012059089538739825,86.25,66.25,0.004791666666666666,0.0,0.0,0.0,0.0,0,84.27687296416939,64.77198697068404,30.31391437039518,28.96740556903577,0.29472807749774543,107.61633378034468,-0.48701239858786677,0.48701239858786677,0.0,-281,-6.117916666666667,-88098,11.878196873980992,277.0,83.97510453591697,5.721742424242424,1.8048507364263529
RHF_MPM_P23,846,0.0423,42.3,0,255,3.299861111111111,22.90779707102751,47518,186.34509803921569,3,110,255,0.6554283948131941,102,102,155,0.010763888888888889,16,15,0.6458333333333334,63.516129032258064,54.32258064516129,0.05458333333333333,0.0033333333333333335,0.015069444444444444,0.009097222222222222,0.006319444444444444,1,62.758723010227705,52.5181615387853,7.693010572449683,5.1216580033793315,0.7461706704600484,50.2695150359243,-1.0949895110625225,1.0949895110625225,0.010711730291678942,143,3.2785416666666665,47211,24.762613253769658,264.45454545454544,90.68763936658787,5.466363636363637,1.9266189310460449
RHF_MPM_P23,847,0.04235,42.35,0,255,6.213680555555555,29.817546457267213,89477,350.89019607843136,28,187,255,1.1698941095477418,93,93,323,0.022430555555555554,33,34,0.2878787878787879,57.1671826625387,47.3312693498452,0.10395833333333333,0.0060416666666666665,0.02826388888888889,0.017291666666666667,0.009375,1,54.630452518524315,44.478704024497915,17.203859388480407,4.412378167602155,0.9665505821315292,46.457341774181764,-0.9352211844428197,0.9352211844428197,0.012427774735406865,168,2.9138194444444445,41959,11.432482596108684,266.1818181818182,91.60073261102247,5.459318181818182,1.9237293129589585
RHF_MPM_P23,848,0.0424,42.4,0,255,6.904444444444445,30.567160250871673,99424,389.89803921568625,40,208,255,1.281454326318672,83,83,399,0.027708333333333335,46,49,0.17701863354037267,53.709273182957396,43.45864661654135,0.11451388888888889,0.006666666666666667,0.037083333333333336,0.013819444444444445,0.010347222222222223,1,52.08371218216929,41.5413280495655,20.814939537789286,4.446681491287552,0.9769147922606153,47.93938982565408,-0.7345703311812488,0.7345703311812488,0.013628500160926938,76,0.6907638888888892,9947,3.8876810515946194,274.6363636363636,98.88769822128602,5.5114898989898995,1.9541906892542795
RHF_MPM_P23,849,0.04245,42.45,0,255,6.162083333333333,31.44025385276634,88734,347.9764705882353,23,241,255,1.1153305925444987,110,110,267,0.018541666666666668,21,20,0.6357142857142857,60.69288389513109,51.82022471910113,0.10069444444444445,0.008055555555555555,0.026875,0.017430555555555557,0.012986111111111111,1,56.17423986296121,46.9568260193387,16.578263372089598,4.70008521743361,0.9589696050726126,45.20733661051317,-1.4546982524634597,1.4546982524634597,0.03653616426623391,-132,-0.7423611111111112,-10690,6.786754376573718,270.90909090909093,98.3310313966918,5.499305555555556,1.9496732145640883
RHF_MPM_P23,850,0.0425,42.5,0,255,7.058680555555555,34.269446440965126,101645,398.6078431372549,28,254,255,1.1832533353148518,110,110,325,0.022569444444444444,24,22,0.615530303030303,59.54461538461538,50.86153846153846,0.10770833333333334,0.009791666666666667,0.029791666666666668,0.020902777777777777,0.01576388888888889,1,55.47793792119632,46.7715185203404,17.35518699809365,4.769031852505967,0.9615042669443404,-137.66545679107816,1.6463998783968448,1.6463998783968448,0.030675389837178414,58,0.8965972222222218,12911,0.7205381761506853,272.54545454545456,99.06505083792499,5.569621212121212,1.9902741265473192
RHF_MPM_P23,851,0.04255,42.55,0,255,7.6125694444444445,36.409844445762495,109621,429.8862745098039,27,255,255,1.167458842419187,109,109,380,0.02638888888888889,27,25,0.562962962962963,57.92631578947368,49.6578947368421,0.1057638888888889,0.010763888888888889,0.03375,0.02423611111111111,0.017777777777777778,1,55.49881865700915,47.32481914961549,15.718186017847929,4.724227962277734,0.9537635109115489,-140.04522075992452,1.8033012155770765,1.8033012155770765,0.04558433146933526,55,0.5538888888888893,7976,0.5536944929149095,279.54545454545456,103.5869100508568,5.68761994949495,2.0679065013704654
RHF_MPM_P23,852,0.0426,42.6,0,255,7.795694444444444,36.40854689516937,112258,440.2274509803922,31,255,255,1.1831266308341513,102,102,423,0.029375,32,29,0.4558189655172414,56.68321513002364,48.858156028368796,0.10631944444444444,0.010625,0.036180555555555556,0.025694444444444443,0.016666666666666666,1,55.21791765397566,47.48256694400399,15.54526922590207,4.576900959405328,0.9556748845763136,-142.51642665740792,1.7074000772313165,1.7074000772313165,0.04419284149013879,43,0.18312499999999954,2637,0.32216415092256584,289.8181818181818,111.4057434310345,5.8137563131313135,2.148749034617204
RHF_MPM_P23,853,0.04265,42.65,0,255,7.893680555555555,36.658506880822195,113669,445.7607843137255,31,255,255,1.2230928672766457,107,107,391,0.02715277777777778,31,26,0.4851116625310174,57.60358056265984,49.808184143222505,0.11118055555555556,0.011180555555555555,0.03638888888888889,0.02451388888888889,0.017638888888888888,1,55.66335588419006,47.82713844583836,14.381170002014134,4.682934876776055,0.9454974101857254,-141.71523746394988,1.525108781187102,1.525108781187102,0.025028811725272503,-32,0.09798611111111111,1411,0.5631560501432328,297.3636363636364,115.13018143686716,5.948636363636364,2.2270813750752683
RHF_MPM_P23,854,0.0427,42.7,0,255,7.946041666666667,37.08239987062502,114423,448.7176470588235,33,255,255,1.1675853373097504,109,109,389,0.02701388888888889,31,25,0.5019354838709678,57.84318766066838,49.98200514138817,0.10479166666666667,0.011597222222222222,0.03576388888888889,0.024791666666666667,0.01840277777777778,1,56.15017085725772,48.20878669498265,12.829112413525895,4.661536083570877,0.9316503390180688,-140.310978740352,0.9790898512437133,0.9790898512437133,0.011378831179046171,-2,0.05236111111111175,754,0.6185824149438527,305.1818181818182,118.12844948831079,6.095208333333333,2.299482246657626
RHF_MPM_P23,855,0.04275,42.75,0,255,7.810625,36.5144497409882,112473,441.0705882352941,33,255,255,1.1502359610412478,107,107,388,0.026944444444444444,32,26,0.46634615384615385,58.02061855670103,49.91752577319588,0.10215277777777777,0.010833333333333334,0.035,0.024375,0.017708333333333333,1,56.049247374925535,47.92696913926009,13.31811856926915,4.485247735678412,0.9415841224378725,-139.85196431332633,0.8689681369053908,0.8689681369053908,0.011736150009335575,-1,-0.13541666666666696,-1950,0.2993437555712393,313.8181818181818,120.3735233511379,6.247152777777777,2.3519926226793415
RHF_MPM_P23,856,0.0428,42.8,0,255,7.147986111111111,34.325650072339435,102931,403.65098039215684,29,253,255,1.1447879087434716,108,108,337,0.02340277777777778,29,25,0.46482758620689657,59.11275964391692,50.753709198813056,0.10194444444444445,0.009375,0.03138888888888889,0.02125,0.015694444444444445,1,55.976945720919836,47.74474162302902,14.464520865105328,4.339444086472527,0.9539372918754859,-139.19563365032485,1.076785728900897,1.076785728900897,0.01567069201698225,-51,-0.662638888888889,-9542,0.1960469251064735,343.3636363636364,73.37856105934823,6.8950315656565655,1.2892508785725973
RHF_MPM_P23,857,0.04285,42.85,0,255,6.541041666666667,32.272681240803124,94191,369.3764705882353,26,245,255,1.1411679121167257,107,107,297,0.020625,28,24,0.4419642857142857,60.31986531986532,51.84848484848485,0.10270833333333333,0.008194444444444445,0.02847222222222222,0.018541666666666668,0.013472222222222222,1,55.96541070802943,47.78364174921171,15.643920148886044,4.216352943365296,0.9629947279594975,-138.8042830017197,1.2642228146282075,1.2642228146282075,0.021689970379335604,-40,-0.6069444444444443,-8740,0.04057433104083118,356.27272727272725,46.772351796354904,7.189684343434343,0.6416513854025337
RHF_MPM_P23,858,0.0429,42.9,0,255,5.789861111111111,30.22585827257918,83374,326.956862745098,21,229,255,1.07257973190181,107,107,261,0.018125,23,21,0.5403726708074534,61.16858237547893,52.5632183908046,0.09645833333333333,0.006875,0.024305555555555556,0.01625,0.011875,1,56.73247055436947,48.6018782833977,15.37305741587561,3.9818475281115973,0.9658733851740318,-139.04950961445192,1.4386412756579114,1.4386412756579114,0.028534075371218846,-36,-0.751180555555556,-10817,1.1215577710238154,350.6363636363636,53.669481301205956,7.151155303030304,0.7083575006230324
RHF_MPM_P23,859,0.04295,42.95,0,255,5.092083333333333,28.44886970208815,73326,287.5529411764706,17,206,255,0.9950595293307594,106,106,234,0.01625,21,20,0.5571428571428572,61.65384615384615,53.18803418803419,0.08958333333333333,0.005833333333333334,0.021597222222222223,0.014375,0.010416666666666666,1,57.76335815399722,49.59731882279137,14.811879704790146,4.236907284741948,0.9582153156653187,-138.72723862660652,1.7221031675291625,1.7221031675291625,0.032921473965578374,-27,-0.6977777777777776,-10048,1.4330495841158521,335.6363636363636,60.65891634567341,6.986395202020202,0.9244054681249381
RHF_MPM_P23,860,0.043,43.0,0,255,4.746597222222222,27.60705215518096,68351,268.043137254902,15,196,255,0.9612780943375151,107,107,215,0.014930555555555556,20,18,0.5972222222222222,62.413953488372094,53.86511627906977,0.08715277777777777,0.005625,0.019791666666666666,0.013541666666666667,0.009791666666666667,1,58.53408143260523,50.290734590569265,14.582960324478295,4.128657764166481,0.9590859096858557,-138.81646972241523,1.9611381439186943,1.9611381439186943,0.035171394712586505,-19,-0.3454861111111107,-4975,1.0367448090978244,330.90909090909093,67.4677762079519,6.857714646464646,1.1100712327177382
RHF_MPM_P23,861,0.04305,43.05,0,255,4.638888888888889,27.416844252492517,66800,261.96078431372547,14,195,255,0.9491332863814052,107,107,214,0.014861111111111111,20,18,0.5944444444444444,62.58878504672897,54.004672897196265,0.08611111111111111,0.005486111111111111,0.019930555555555556,0.013402777777777777,0.009722222222222222,1,59.14752994011976,50.984206586826346,13.384599553936168,4.301827493821481,0.9469430891545457,-139.41658626320213,2.0983362764020086,2.0983362764020086,0.03603293413173653,-1,-0.10770833333333307,-1551,0.9258631005524465,320.8181818181818,75.42825390795751,6.637733585858585,1.2758359707682618
RHF_MPM_P23,862,0.0431,43.1,0,255,4.621666666666667,27.76171779627478,66552,260.98823529411766,13,199,255,0.9014078271979282,108,108,218,0.01513888888888889,20,18,0.6055555555555555,62.70183486238532,54.03669724770642,0.08097222222222222,0.0059722222222222225,0.019930555555555556,0.013888888888888888,0.01,1,60.25676163000361,51.574783627839885,11.978361676082947,4.411633318195119,0.929706912512037,-138.1350330954374,2.2596193867196797,2.2596193867196797,0.026099891813919942,4,-0.01722222222222225,-248,1.2566527695488865,306.09090909090907,78.19957515050199,6.365833333333333,1.3553371039334905
RHF_MPM_P23,863,0.04315,43.15,0,255,4.550208333333333,28.076329120827772,65523,256.9529411764706,11,205,255,0.8123779947135259,104,104,227,0.01576388888888889,20,18,0.6305555555555555,62.40088105726872,53.881057268722465,0.07097222222222223,0.005902777777777778,0.02020833333333333,0.014027777777777778,0.010208333333333333,1,60.833340964241565,52.182149779466755,10.7103501815571,4.471243275793277,0.9086909896890807,-137.46567343762558,2.384885159857047,2.384885159857047,0.02063397585580636,9,-0.07145833333333407,-1029,0.8374588770872978,288.27272727272725,71.58096612049744,6.070789141414141,1.3651758073531775
RHF_MPM_P23,864,0.0432,43.2,0,255,4.582916666666667,28.350900188407692,65994,258.8,10,210,255,0.7848535321286323,108,108,227,0.01576388888888889,20,18,0.6305555555555555,62.47577092511013,53.881057268722465,0.068125,0.0061805555555555555,0.020277777777777777,0.014513888888888889,0.010416666666666666,1,61.10357002151711,52.56811225262903,9.70633543958644,4.463002244729921,0.8880209415363638,-137.86143011732284,2.139713751194899,2.139713751194899,0.017137921629239022,0,0.03270833333333378,471,0.4711589690174295,273.3636363636364,65.44848456787525,5.769810606060607,1.2931679691920759
RHF_MPM_P23,865,0.04325,43.25,0,255,4.591527777777777,28.570708298288565,66118,259.28627450980395,9,214,255,0.7421974257976046,108,108,228,0.015833333333333335,20,18,0.6333333333333333,62.416666666666664,53.85964912280702,0.06340277777777778,0.006111111111111111,0.020763888888888887,0.014583333333333334,0.010694444444444444,1,61.54233340391421,53.06653256299344,8.547067640629573,4.412958004082129,0.8564002481793018,-137.9840673202408,1.5183540709920265,1.5183540709920265,0.012780180888714117,1,0.00861111111111068,124,0.6640302037680988,258.72727272727275,55.14293972625047,5.464854797979798,1.1291391597368297
RHF_MPM_P23,866,0.0433,43.3,0,255,4.695277777777778,29.12336413966849,67612,265.14509803921567,7,226,255,0.7246343674844385,108,108,238,0.016527777777777777,20,19,0.6263157894736842,62.34873949579832,54.03361344537815,0.06194444444444445,0.006597222222222222,0.021111111111111112,0.015,0.011180555555555555,1,61.78841034135952,53.389472283026684,7.92024582983872,4.255313584212426,0.8434100577678053,-138.1612060742244,0.7867824638411477,0.7867824638411477,0.013947228302668166,10,0.10375000000000068,1494,0.40600975593896105,245.0909090909091,37.07597738662534,5.1816414141414135,0.865070180193659
RHF_MPM_P23,867,0.04335,43.35,0,255,4.726388888888889,29.216051015835053,68060,266.9019607843137,7,224,255,0.7230243586600671,108,108,243,0.016875,20,19,0.6394736842105263,62.42798353909465,53.958847736625515,0.06131944444444445,0.006736111111111111,0.021597222222222223,0.015069444444444444,0.011458333333333333,1,61.92800470173376,53.38062004114017,7.771045379968889,4.415226511998557,0.8229154998663323,-138.02617750958308,0.5217115503009412,0.5217115503009412,0.011886570672935646,5,0.031111111111110645,448,0.1398747569603266,236.54545454545453,23.109870525437376,4.961496212121212,0.6059891214155181
RHF_MPM_P23,868,0.0434,43.4,0,255,4.909861111111111,29.620515365811336,70702,277.2627450980392,11,232,255,0.7782534148817108,106,106,253,0.017569444444444443,20,19,0.6657894736842105,62.43478260869565,54.11462450592885,0.06680555555555556,0.007013888888888889,0.022222222222222223,0.015416666666666667,0.01173611111111111,1,61.862182116488924,53.494710192073775,7.837504331616545,4.5524704562970655,0.8140055081347877,-135.87872119385116,0.6281838557079233,0.6281838557079233,0.014511612118469068,10,0.18347222222222204,2642,0.1317162680475233,232.54545454545453,14.506197022862873,4.813207070707071,0.34447152469989945
RHF_MPM_P23,869,0.04345,43.45,0,255,4.920208333333333,29.64929186827116,70851,277.84705882352944,11,230,255,0.7833421516359065,107,107,251,0.017430555555555557,20,19,0.6605263157894737,62.49402390438247,54.02788844621514,0.06736111111111111,0.006875,0.02201388888888889,0.015555555555555555,0.011805555555555555,1,61.84162538284569,53.37145558989993,7.764845601723016,4.597074452232954,0.8059109198405419,-135.39526730374624,0.6060247008203399,0.6060247008203399,0.015327941736884447,-2,0.010347222222222285,149,0.12495709765800193,231.63636363636363,12.921249076074279,4.7341477272727275,0.16351505978986716
RHF_MPM_P23,870,0.0435,43.5,0,255,4.94125,29.894530224213078,71154,279.0352941176471,10,234,255,0.7535117773642989,108,108,253,0.017569444444444443,20,19,0.6657894736842105,62.49407114624506,53.96837944664031,0.0642361111111111,0.007222222222222222,0.0225,0.015833333333333335,0.01173611111111111,1,61.87385108356523,53.294516119965145,7.786042659961685,4.528183391360839,0.8134913547241636,-135.60765132185293,0.6314093408430276,0.6314093408430276,0.013266998341625208,2,0.02104166666666707,303,0.08341569289235025,233.36363636363637,14.316377952748748,4.720435606060605,0.13711777647908643
RHF_MPM_P23,871,0.04355,43.55,0,255,4.970555555555555,29.987800199455602,71576,280.69019607843137,10,234,255,0.7489700265998838,107,107,256,0.017777777777777778,20,19,0.6736842105263158,62.453125,53.93359375,0.0636111111111111,0.007013888888888889,0.022708333333333334,0.016180555555555556,0.012013888888888888,1,61.7980328601766,53.231558064155585,7.7045421138951635,4.63949519756595,0.7983628921580589,-135.31622605606253,0.5425565196126159,0.5425565196126159,0.012713758801833017,3,0.02930555555555525,422,0.09855008771750468,237.0909090909091,14.387207357134674,4.740795454545455,0.15495745226405572
RHF_MPM_P23,872,0.0436,43.6,0,255,4.9899305555555555,30.013290505034963,71855,281.7843137254902,11,236,255,0.7421618979382806,104,104,259,0.017986111111111112,20,19,0.6815789473684211,62.351351351351354,54.05019305019305,0.06277777777777778,0.007152777777777778,0.02263888888888889,0.016180555555555556,0.012152777777777778,1,61.61617145640526,53.20995059494816,7.773443443747598,4.6190212078099355,0.8043134181126862,45.046351233737376,-0.6880518050064393,0.6880518050064393,0.012191218425996799,3,0.019375000000000142,279,0.1831405277573227,241.1818181818182,13.616955886074749,4.772708333333333,0.16640873349224067
RHF_MPM_P23,873,0.04365,43.65,0,255,5.002152777777778,30.04563072929412,72031,282.4745098039216,11,235,255,0.7716593175380718,107,107,256,0.017777777777777778,20,19,0.6736842105263158,62.48828125,54.07421875,0.0661111111111111,0.007152777777777778,0.022569444444444444,0.016041666666666666,0.012361111111111111,1,61.90547125543169,53.422665241354416,7.726567718836983,4.566399164552922,0.8066717799783312,-136.57118676560466,0.6055961854926895,0.6055961854926895,0.014577057100415099,-3,0.012222222222222356,176,0.35908480128302717,244.63636363636363,12.02476782820833,4.80729797979798,0.17090157197966888
RHF_MPM_P23,874,0.0437,43.7,0,255,4.991388888888889,30.03369049480357,71876,281.8666666666667,9,235,255,0.7585398909705492,107,107,262,0.018194444444444444,20,20,0.655,62.412213740458014,53.912213740458014,0.06451388888888888,0.006875,0.022847222222222224,0.01625,0.012013888888888888,1,61.87311480883744,53.28308475708164,7.859435501741363,4.546519325345453,0.8156971918629813,-135.00798829984677,0.5954401241296423,0.5954401241296423,0.012104179420112415,6,-0.010763888888888573,-155,0.1432817197901724,247.8181818181818,11.558689622319823,4.847405303030303,0.15706993974933564
RHF_MPM_P23,875,0.04375,43.75,0,255,5.038680555555556,30.025874784798525,72557,284.5372549019608,11,232,255,0.7797232304064561,108,108,256,0.017777777777777778,20,19,0.6736842105263158,62.28125,54.21484375,0.06638888888888889,0.006875,0.023055555555555555,0.016180555555555556,0.011944444444444445,1,61.51185964138539,53.46156814642281,7.892037728703284,4.648942316950647,0.8080838896242,-135.24426127536248,0.7508225185501032,0.7508225185501032,0.014002784018082335,-6,0.04729166666666629,681,0.4029412069787876,250.45454545454547,9.661202977642413,4.888838383838385,0.14114109868781022
RHF_MPM_P23,876,0.0438,43.8,0,255,4.904652777777778,29.71701262682321,70627,276.96862745098036,9,227,255,0.7364363804591031,107,107,252,0.0175,21,18,0.6666666666666666,62.301587301587304,54.38095238095238,0.06215277777777778,0.006597222222222222,0.022291666666666668,0.015902777777777776,0.01173611111111111,1,61.56629900746174,53.729140413722796,7.739030280266128,4.546615174076215,0.8092302739548088,-136.93930119485643,0.6699292846691947,0.6699292846691947,0.012573095275178048,-4,-0.13402777777777786,-1930,0.273054138966703,252.63636363636363,6.554286970063976,4.917304292929294,0.10534446437640935
RHF_MPM_P23,877,0.04385,43.85,0,255,4.921319444444444,29.85287750755844,70867,277.90980392156865,9,230,255,0.7293274125088178,107,107,251,0.017430555555555557,21,18,0.6640211640211641,62.27490039840637,54.37051792828685,0.06138888888888889,0.006736111111111111,0.022083333333333333,0.01625,0.011805555555555555,1,61.58899064444664,53.83631309354142,7.746827161301524,4.396295777606459,0.8233759442415552,-136.86414877441055,0.6430553080117399,0.6430553080117399,0.013264283799229542,-1,0.016666666666666607,240,0.10954859053662006,253.8181818181818,4.725524152133464,4.937853535353536,0.07870969729289397
RHF_MPM_P23,878,0.0439,43.9,0,255,5.019513888888889,30.170530964048094,72281,283.4549019607843,10,231,255,0.7526813703715135,108,108,256,0.017777777777777778,21,19,0.6416040100250626,62.21875,54.23828125,0.06395833333333334,0.007083333333333333,0.02277777777777778,0.01673611111111111,0.012291666666666666,1,61.71484899212795,53.85851053527206,7.816524552627362,4.529428816901216,0.8149947220695686,-136.9438366413873,0.5538352866684304,0.5538352866684304,0.012423735144782169,5,0.09819444444444425,1414,0.1278008219866145,255.0,3.2752515517548764,4.964501262626262,0.045012505843691264
RHF_MPM_P23,879,0.04395,43.95,0,255,5.057569444444445,30.358992438323405,72829,285.60392156862747,9,234,255,0.7394432300810004,109,109,259,0.017986111111111112,21,19,0.6491228070175439,62.17760617760618,54.20849420849421,0.06256944444444444,0.007152777777777778,0.023125,0.01673611111111111,0.012430555555555556,1,61.706929931757955,53.865602987820786,7.710276769930621,4.461832522260018,0.8155501322065032,-137.7170828739309,0.4394223075701811,0.4394223075701811,0.011547597797580635,3,0.038055555555556175,548,0.01063082312427011,255.54545454545453,3.394209945926267,4.977929292929293,0.04859862590551403
RHF_MPM_P23,880,0.044,44.0,0,255,5.1542361111111115,30.661413093474604,74221,291.0627450980392,10,239,255,0.7556695942724699,105,105,269,0.018680555555555554,21,19,0.6741854636591479,62.20074349442379,53.95910780669145,0.06409722222222222,0.007222222222222222,0.02347222222222222,0.016944444444444446,0.012569444444444444,1,61.72544158661295,53.66386871640102,7.6751104385622355,4.454823055062102,0.8143139819556608,-136.78698928989493,0.34286000184264975,0.34286000184264975,0.011223238706026597,10,0.09666666666666668,1392,0.2025818294683278,257.1818181818182,4.8395751469840596,4.999204545454545,0.06657427549158058
RHF_MPM_P23,881,0.04405,44.05,0,255,5.262569444444445,30.8685927055345,75781,297.18039215686275,11,239,255,0.7628850403928711,109,109,266,0.018472222222222223,21,19,0.6666666666666666,62.090225563909776,54.015037593984964,0.06472222222222222,0.007291666666666667,0.02409722222222222,0.017222222222222222,0.012916666666666667,1,61.49602143017379,53.54592839893905,7.842394189983096,4.533606568995221,0.8159732882865897,-136.7611814137239,0.4664474943509147,0.4664474943509147,0.010385188899592246,-3,0.10833333333333339,1560,0.25796031994010254,258.3636363636364,5.244438218856712,5.028415404040404,0.09787273720039857
RHF_MPM_P23,882,0.0441,44.1,0,255,5.243194444444445,30.658180815349038,75502,296.0862745098039,12,238,255,0.7806268828779914,108,108,266,0.018472222222222223,21,20,0.6333333333333333,62.17293233082707,54.29323308270677,0.06631944444444444,0.007291666666666667,0.024166666666666666,0.016875,0.0125,1,61.601626446981534,53.68379645572303,8.121123371836157,4.568487432759427,0.8267674984593293,-136.75843986870373,0.4754289842331161,0.4754289842331161,0.010542767079017775,0,-0.019375000000000142,-279,0.1736664062401083,259.27272727272725,5.609908589287823,5.053200757575757,0.11337573190689879
RHF_MPM_P23,883,0.04415,44.15,0,255,5.243611111111111,30.75505086366373,75508,296.10980392156864,12,238,255,0.7840560496217068,109,109,265,0.01840277777777778,21,20,0.6309523809523809,62.25660377358491,54.384905660377356,0.066875,0.007361111111111111,0.023819444444444445,0.017013888888888887,0.012777777777777779,1,61.73385601525666,53.602624887429144,8.127201579185828,4.594608011291067,0.8248600131874921,-138.1049117161043,0.47581676195692085,0.47581676195692085,0.012912539068707951,-1,0.0004166666666662877,6,0.1551563154548193,259.8181818181818,5.843694065450254,5.0762626262626265,0.12350828424508867
RHF_MPM_P23,884,0.0442,44.2,0,255,5.1374305555555555,30.60599413074648,73979,290.1137254901961,10,237,255,0.7410344786724472,108,108,265,0.01840277777777778,21,20,0.6309523809523809,62.1811320754717,54.347169811320754,0.06256944444444444,0.007430555555555556,0.023680555555555555,0.016875,0.012569444444444444,1,61.71009340488517,53.586409656794494,7.9369622918438525,4.555117365862297,0.8189170250470518,-138.16448143218153,0.5438975703977771,0.5438975703977771,0.012665756498465781,0,-0.1061805555555555,-1529,0.02876795710859933,260.6363636363636,5.88175495258975,5.0885606060606055,0.1222452310288004
RHF_MPM_P23,885,0.04425,44.25,0,255,5.132013888888889,30.650235681526834,73901,289.8078431372549,9,240,255,0.7501014667078041,109,109,264,0.018333333333333333,21,19,0.6616541353383458,62.378787878787875,54.47348484848485,0.0636111111111111,0.007430555555555556,0.02340277777777778,0.016805555555555556,0.012569444444444444,1,61.95373540276857,53.7057955913993,7.818665043563883,4.913359493931022,0.7778789731301444,-139.6127139769681,0.577392839761089,0.577392839761089,0.013910501887660518,-1,-0.005416666666666181,-78,0.27131978275473845,260.8181818181818,5.951595383030149,5.101344696969696,0.11871698353972945
RHF_MPM_P23,886,0.0443,44.3,0,255,5.227291666666667,31.20993773621255,75273,295.18823529411765,8,244,255,0.7368102954836471,108,108,275,0.019097222222222224,20,20,0.6875,62.53454545454545,54.341818181818184,0.06298611111111112,0.008055555555555555,0.02375,0.017222222222222222,0.013125,1,62.16632789977814,53.63159432997224,7.421154755845377,5.164260644621186,0.7181544912406819,-136.91471644668943,0.5621277497057571,0.5621277497057571,0.014042219653793524,11,0.09527777777777757,1372,0.2251697070703119,262.54545454545456,6.972199814114186,5.118491161616162,0.12200326925447424
RHF_MPM_P23,887,0.04435,44.35,0,255,5.242986111111111,31.377870377329202,75499,296.07450980392156,7,248,255,0.7102886856877229,110,110,274,0.01902777777777778,20,20,0.685,62.27007299270073,54.0985401459854,0.06,0.008194444444444445,0.02375,0.017569444444444443,0.013333333333333334,1,61.97511225314243,53.47705267619439,7.3086286181334135,4.9410365866966925,0.7368509542050478,45.502673456746734,-0.4683125925917166,0.4683125925917166,0.010900806633200439,-1,0.01569444444444379,226,0.24585879335648259,264.54545454545456,6.813938073252185,5.149248737373737,0.1057864915385539
RHF_MPM_P23,888,0.0444,44.4,0,255,5.280555555555556,31.363359455868636,76040,298.19607843137254,8,244,255,0.7241681041818004,109,109,279,0.019375,21,21,0.6326530612244898,62.27956989247312,53.92114695340502,0.06104166666666667,0.007847222222222222,0.02423611111111111,0.017638888888888888,0.013194444444444444,1,61.947751183587584,53.36109942135718,7.507020339732136,4.995409781992984,0.7464586849630018,-135.73351513076153,0.4162387775063496,0.4162387775063496,0.010349815886375591,5,0.03756944444444521,541,0.11913767428705137,267.09090909090907,6.501112428647682,5.181906565656566,0.0834791462301867
RHF_MPM_P23,889,0.04445,44.45,0,255,5.2439583333333335,31.118550173283346,75513,296.1294117647059,8,243,255,0.7188941353568017,109,109,272,0.01888888888888889,20,21,0.6476190476190476,62.31985294117647,53.845588235294116,0.06027777777777778,0.0077777777777777776,0.02409722222222222,0.017569444444444443,0.012986111111111111,1,61.91239918954352,53.35856077761445,7.733240714205966,4.412005344876265,0.8212803978992022,-136.6568468191344,0.2759992386359701,0.2759992386359701,0.008170778541443196,-7,-0.03659722222222239,-527,0.03544302745172885,268.54545454545456,5.581847793821364,5.202310606060606,0.06711991528035557
RHF_MPM_P23,890,0.0445,44.5,0,255,5.164444444444444,30.67611108595783,74368,291.6392156862745,8,238,255,0.735052588441516,108,108,270,0.01875,20,21,0.6428571428571429,62.34074074074074,53.79259259259259,0.06166666666666667,0.007152777777777778,0.024027777777777776,0.016875,0.012708333333333334,1,61.835897160068846,53.24088317555938,7.972940141991949,4.474498424308872,0.8276730489986867,45.26150791439586,-0.42425450564889183,0.42425450564889183,0.009775709982788296,-2,-0.0795138888888891,-1145,0.14035874942152649,269.54545454545456,4.697458430095932,5.212026515151515,0.05134674270019281
RHF_MPM_P23,891,0.04455,44.55,0,255,5.067152777777777,30.44981762313552,72967,286.14509803921567,8,238,255,0.7179699557372858,110,110,255,0.017708333333333333,19,19,0.7063711911357341,62.509803921568626,53.984313725490196,0.06027777777777778,0.007291666666666667,0.022916666666666665,0.016875,0.012430555555555556,1,61.962777694026066,53.299710828182604,7.827663298311808,4.547567675543459,0.8139313427237498,45.40783069975643,-0.5128011090359719,0.5128011090359719,0.011923198158071456,-15,-0.097291666666667,-1401,0.1398547911600731,268.27272727272725,6.297054276563246,5.2041098484848485,0.06463929785873807
RHF_MPM_P23,892,0.0446,44.6,0,255,5.043333333333333,30.440122189125468,72624,284.8,7,238,255,0.7257804440714352,109,109,259,0.017986111111111112,19,20,0.6815789473684211,62.447876447876446,53.833976833976834,0.06125,0.007222222222222222,0.022916666666666665,0.016666666666666666,0.012291666666666666,1,61.99541473892928,53.259803921568626,7.802542815424809,4.646500891433649,0.8033470757938124,45.33097141192826,-0.608517908772892,0.608517908772892,0.012640449438202247,4,-0.023819444444444393,-343,0.05155325300610084,267.6363636363636,6.826056059124775,5.184179292929293,0.07629052906583761
RHF_MPM_P23,893,0.04465,44.65,0,255,5.046180555555556,30.561918353850093,72665,284.96078431372547,6,237,255,0.6953372593592368,110,110,256,0.017777777777777778,19,20,0.6736842105263158,62.39453125,53.9453125,0.058263888888888886,0.007222222222222222,0.02277777777777778,0.016805555555555556,0.012777777777777779,1,61.95993944815248,53.422266565746924,7.607230591173574,4.326474361157572,0.8225229952786582,46.34971091360738,-0.41959569914892225,0.41959569914892225,0.01059657331590174,-3,0.0028472222222228893,41,0.1662907303763573,266.72727272727275,7.6049135921325,5.16626893939394,0.08315099522916893
RHF_MPM_P23,894,0.0447,44.7,0,255,5.06875,30.51701248836914,72990,286.2352941176471,7,236,255,0.7216326967010953,110,110,257,0.017847222222222223,19,19,0.7119113573407202,62.35019455252918,53.992217898832685,0.06076388888888889,0.0075,0.022916666666666665,0.016805555555555556,0.012638888888888889,1,62.040663104534865,53.416536511850936,7.666029378531558,4.787255828761514,0.7810435312631621,46.02532813912679,-0.3826947939152914,0.3826947939152914,0.011289217701054939,1,0.022569444444443754,325,0.08092677070902944,266.0,8.101627221513196,5.150372474747476,0.08355913889813997
RHF_MPM_P23,895,0.04475,44.75,0,255,4.9603472222222225,30.240582048915893,71429,280.1137254901961,6,237,255,0.7100610322346198,109,109,255,0.017708333333333333,19,19,0.7063711911357341,62.44313725490196,53.96470588235294,0.059583333333333335,0.007083333333333333,0.0225,0.016527777777777777,0.012222222222222223,1,62.08495149029106,53.32827003037982,7.636896654480207,4.738690342923127,0.7842068636967142,45.97582834491108,-0.5191399539689721,0.5191399539689721,0.012809923140461157,-2,-0.10840277777777718,-1561,0.09875440680891458,265.09090909090907,8.701666981932991,5.134273989898991,0.09995215064024614
RHF_MPM_P23,896,0.0448,44.8,0,255,5.009652777777778,30.535593596135083,72139,282.89803921568625,5,240,255,0.6929264355705772,110,110,257,0.017847222222222223,20,19,0.6763157894736842,62.540856031128406,53.95719844357976,0.058055555555555555,0.007569444444444445,0.022569444444444444,0.016944444444444446,0.012569444444444444,1,62.16974174856873,53.47527689599246,7.502415297548207,4.440775852534721,0.8060019879212899,46.55837672609154,-0.43109777268203026,0.43109777268203026,0.010743148643590845,2,0.04930555555555571,710,0.16970682495423273,264.45454545454544,9.008719375881814,5.123150252525253,0.10619834880711766
RHF_MPM_P23,897,0.04485,44.85,0,255,5.119791666666667,30.9564662507589,73725,289.11764705882354,5,242,255,0.6890440815787537,110,110,266,0.018472222222222223,20,20,0.665,62.32330827067669,53.714285714285715,0.057847222222222223,0.007916666666666667,0.023333333333333334,0.017361111111111112,0.012986111111111111,1,62.03389623601221,53.27863004408274,7.532568489948857,4.525013627453515,0.7994545969988864,45.436387432858126,-0.5162321194548768,0.5162321194548768,0.009467616141064767,9,0.11013888888888879,1586,0.23900625022736752,263.6363636363636,8.402085534098903,5.113377525252526,0.10098346397519216
RHF_MPM_P23,898,0.0449,44.9,0,255,5.113888888888889,30.80164274819859,73640,288.7843137254902,5,241,255,0.6912750106338201,109,109,266,0.018472222222222223,19,20,0.7,62.142857142857146,53.714285714285715,0.057569444444444444,0.007430555555555556,0.023680555555555555,0.016875,0.012847222222222222,1,61.83341933731668,53.21772134709397,7.618704086974122,4.4520525723534785,0.8114958028143733,45.381005693728945,-0.473116358920009,0.473116358920009,0.008460076045627377,0,-0.005902777777778034,-85,0.20952531178702263,262.90909090909093,7.798071386911761,5.1016414141414135,0.09237327268951612
RHF_MPM_P23,899,0.04495,44.95,0,255,5.065902777777778,30.591536658971787,72949,286.07450980392156,6,239,255,0.6878345036986451,109,109,262,0.018194444444444444,19,21,0.656641604010025,62.32442748091603,53.85496183206107,0.05708333333333333,0.007291666666666667,0.023194444444444445,0.016875,0.012708333333333334,1,61.88302786878504,53.31686520719955,7.6402147259083275,4.286818686276637,0.8277574096683274,-135.0284764886588,0.4256757600741545,0.4256757600741545,0.009143374138096478,-4,-0.047986111111111285,-691,0.11086257885816182,261.3636363636364,5.912586378730582,5.082127525252525,0.07319917178928795
RHF_MPM_P23,900,0.045,45.0,0,255,5.081944444444445,30.687673178460837,73180,286.98039215686276,7,241,255,0.7159709004365034,106,106,271,0.018819444444444444,19,20,0.7131578947368421,62.72693726937269,54.48339483394834,0.06027777777777778,0.0075,0.023125,0.01673611111111111,0.012569444444444444,1,62.181620661382894,53.670073790653184,7.5298874811458605,4.8162285508119655,0.7686954695465245,46.432444035813255,-0.5866239394723093,0.5866239394723093,0.013172998086908992,9,0.016041666666667176,231,0.4625083342132418,261.27272727272725,5.7539063267078765,5.067398989898989,0.05253907813258945
RHF_MPM_P23,901,0.04505,45.05,0,255,5.134930555555556,31.142658790202145,73943,289.97254901960787,7,247,255,0.7259132868529097,111,111,267,0.018541666666666668,19,20,0.7026315789473684,63.0749063670412,54.56554307116105,0.06208333333333333,0.008125,0.023055555555555555,0.017291666666666667,0.013402777777777777,1,62.94137376086986,54.0106839051702,6.96268276408909,4.801955783121527,0.7241234862457582,-139.93152547047882,0.2323752991244213,0.2323752991244213,0.015741855212799048,-4,0.05298611111111118,763,0.8326103664327881,261.0,5.393598899705936,5.06471590909091,0.04807891808313168
RHF_MPM_P23,902,0.0451,45.1,0,11,0.022291666666666668,0.3679753515862169,321,29.181818181818183,0,0,7,0.06474123510445638,3,8,10,0.0006944444444444445,93,107,0.0010049241282283187,86.1,64.4,0.005347222222222222,0.0,0.0,0.0,0.0,0,82.8411214953271,64.22118380062305,30.66345718969349,26.9165498983334,0.47901731538234255,123.61924931408673,0.015551168299587434,0.015551168299587434,0.0,-257,-5.112638888888889,-73622,22.366364657898227,238.72727272727272,72.50591312449302,4.606092171717172,1.4503219282425788
RHF_MPM_P23,903,0.04515,45.15,0,255,3.257013888888889,22.053652682462744,46901,183.92549019607844,10,95,255,0.7772794468579822,106,106,136,0.009444444444444445,14,13,0.7472527472527473,67.31617647058823,57.286764705882355,0.06805555555555555,0.0030555555555555557,0.012986111111111111,0.008333333333333333,0.006111111111111111,1,70.95782605914586,58.788106863393104,9.73574031305618,5.374173273429421,0.8338410760759125,-152.58660486761835,-0.7543500336669192,0.7543500336669192,0.02034071768192576,126,3.234722222222222,46580,13.066408666095896,227.54545454545453,77.80787952195125,4.443699494949495,1.491689640965328
RHF_MPM_P23,904,0.0452,45.2,0,255,5.105069444444444,26.14324061504787,73513,288.28627450980395,27,155,255,1.1498430484989741,105,105,193,0.013402777777777777,21,21,0.4376417233560091,69.33160621761658,59.917098445595855,0.10625,0.005069444444444444,0.018819444444444444,0.011458333333333333,0.008263888888888888,1,78.04890291513065,65.69360521268347,18.41841780970092,4.803499973057757,0.9653931957702495,-144.87973063868012,-1.040962767210488,1.040962767210488,0.011453756478445988,57,1.8480555555555553,26612,9.89794314135695,221.8181818181818,77.82126162129845,4.449053030303031,1.4939462492628925
RHF_MPM_P23,905,0.04525,45.25,0,255,5.708402777777778,28.926944118935065,82201,322.35686274509806,24,204,255,1.0940856636900673,110,110,213,0.014791666666666667,19,18,0.6228070175438597,69.44131455399061,60.04225352112676,0.09729166666666667,0.006597222222222222,0.026875,0.013541666666666667,0.010347222222222223,1,77.22211408620333,66.94473303244486,18.321003116254822,4.023538042654595,0.9755869763285758,-136.8037850905088,-1.1141736190302016,1.1141736190302016,0.014707850269461442,20,0.6033333333333335,8688,1.4996334848955284,217.8181818181818,77.03696654772976,4.507203282828284,1.5289738339579901
RHF_MPM_P23,906,0.0453,45.3,0,255,5.898541666666667,30.447606147207797,84939,333.09411764705885,24,240,255,1.0392211618473661,110,110,245,0.017013888888888887,20,20,0.6125,70.27755102040817,60.844897959183676,0.09166666666666666,0.007569444444444445,0.025416666666666667,0.015902777777777776,0.012013888888888888,1,76.57710827770518,66.49741579250991,19.034713762872833,4.070317498435563,0.9768694541225035,-136.28586433013305,-1.5700713403434132,1.5700713403434132,0.01929620080292916,32,0.19013888888888886,2738,0.7849364344578337,216.9090909090909,76.65086673939719,4.592493686868687,1.577277139408509
RHF_MPM_P23,907,0.04535,45.35,0,255,5.421111111111111,30.530365556076365,78064,306.1333333333333,16,239,255,0.841458276006661,109,109,258,0.017916666666666668,22,20,0.5863636363636363,70.5077519379845,60.906976744186046,0.07194444444444445,0.0077777777777777776,0.02423611111111111,0.01673611111111111,0.012222222222222223,1,72.61821069891371,62.63395419143267,10.926079242679114,4.244029252446555,0.9214777594194413,-136.54800715541197,-1.3121211290287977,1.3121211290287977,0.027938614470178317,13,-0.47743055555555536,-6875,5.5316548683336375,217.0,76.69893918906097,4.629898989898989,1.59154097209691
RHF_MPM_P23,908,0.0454,45.4,0,255,5.9939583333333335,32.25674829737936,86313,338.4823529411765,18,250,255,0.9219053358445932,109,109,291,0.02020833333333333,24,21,0.5773809523809523,71.14776632302406,61.46735395189003,0.08034722222222222,0.008680555555555556,0.02701388888888889,0.018541666666666668,0.013888888888888888,1,72.97203202298611,62.808105383893505,10.771299159992237,4.399016098045509,0.9128023396945478,-137.51374649508196,-1.1224677811749488,1.1224677811749488,0.024527012153441545,33,0.5728472222222223,8249,0.394357917638122,219.27272727272728,78.46723799151164,4.709368686868687,1.6352431740779516
RHF_MPM_P23,909,0.04545,45.45,0,255,6.4575,33.3246863680332,92988,364.6588235294118,20,252,255,1.0021225081800496,108,108,316,0.021944444444444444,26,23,0.5284280936454849,71.73417721518987,61.80696202531646,0.08847222222222222,0.009027777777777777,0.029236111111111112,0.019930555555555556,0.014722222222222222,1,73.65000860326063,63.20212285456188,11.397097312366977,4.591359813523664,0.9152645022318484,-138.28714289627197,-0.9537673819728477,0.9537673819728477,0.019830515765475114,25,0.4635416666666661,6675,0.7841568788148401,223.8181818181818,82.39242924379772,4.831515151515151,1.7093973358276058
RHF_MPM_P23,910,0.0455,45.5,0,255,6.700625,33.88606358320379,96489,378.38823529411764,23,254,255,1.028749989225941,107,107,334,0.023194444444444445,26,23,0.5585284280936454,71.72455089820359,61.9251497005988,0.09083333333333334,0.009444444444444445,0.029652777777777778,0.020902777777777777,0.015277777777777777,1,73.76997377939455,63.52086766367151,11.55776182831888,4.54918942215626,0.9192797925928528,-138.44249064263565,-1.0865788108470409,1.0865788108470409,0.013752863020655204,18,0.24312500000000004,3501,0.34057289501540944,230.36363636363637,87.84518688866302,4.980126262626263,1.7923607578639063
RHF_MPM_P23,911,0.04555,45.55,0,255,6.879652777777777,34.40746087360016,99067,388.4980392156863,25,254,255,1.0542628424785385,108,108,342,0.02375,26,23,0.5719063545150501,71.76023391812865,62.038011695906434,0.09354166666666666,0.009791666666666667,0.029930555555555554,0.021458333333333333,0.01576388888888889,1,73.88290752722905,63.644210483813985,11.820138160158786,4.552106811480023,0.9228687923778859,-138.6636021959056,-1.0791043572633987,1.0791043572633987,0.016110309184693188,8,0.17902777777777779,2578,0.16723481300448892,236.8181818181818,93.04819687747185,5.143554292929292,1.8742796448302266
RHF_MPM_P23,912,0.0456,45.6,0,255,6.902152777777777,34.360471812001144,99391,389.7686274509804,26,255,255,1.0873128338591784,110,110,329,0.022847222222222224,26,22,0.5751748251748252,71.46808510638297,61.62310030395137,0.09763888888888889,0.010069444444444445,0.029097222222222222,0.021041666666666667,0.01611111111111111,1,74.24792989304866,63.782092946041395,12.514525267194182,4.5334474705829,0.9320790866765013,-139.40905274342853,-1.1971782352838654,1.1971782352838654,0.020072239941242166,-13,0.022499999999999964,324,0.3901959776041266,242.45454545454547,96.51882872020703,5.304210858585859,1.941200295655079
RHF_MPM_P23,913,0.04565,45.65,0,255,6.955,34.54786418064718,100152,392.7529411764706,25,255,255,1.1037860236541799,111,111,329,0.022847222222222224,25,22,0.5981818181818181,71.2917933130699,61.53191489361702,0.09993055555555555,0.010416666666666666,0.029027777777777777,0.021319444444444443,0.016319444444444445,1,74.2099508746705,63.6719586228932,12.598944434864888,4.5476672845819825,0.9325827638975627,-140.10093782657026,-1.1564299495627801,1.1564299495627801,0.02349428868120457,0,0.05284722222222271,761,0.11649881961753995,271.45454545454544,65.14231083679044,5.934457070707071,1.04045294939652
RHF_MPM_P23,914,0.0457,45.7,0,255,7.164861111111111,34.77906520264164,103174,404.60392156862747,26,255,255,1.1632805313365884,110,110,337,0.02340277777777778,26,23,0.5635451505016722,71.45994065281899,61.79228486646884,0.10645833333333334,0.010972222222222222,0.029583333333333333,0.021527777777777778,0.016319444444444445,1,74.83423149243026,64.32165080349701,13.671701418416134,4.574220036539186,0.9423688522937548,-139.63946527510822,-1.23203031694502,1.23203031694502,0.02322290499544459,8,0.2098611111111106,3022,0.9010139950346193,289.72727272727275,51.30495441092836,6.289715909090909,0.6650263552546986
RHF_MPM_P23,915,0.04575,45.75,0,255,7.367708333333334,35.342738512763795,106095,416.05882352941177,27,255,255,1.1937050999620873,110,110,342,0.02375,26,23,0.5719063545150501,71.6842105263158,61.91520467836257,0.10979166666666666,0.010763888888888889,0.030694444444444444,0.022291666666666668,0.017013888888888887,1,75.19071586785428,64.55419199773787,14.050395087531252,4.589323368878043,0.9451512324215368,-139.6702515238004,-1.302908638138636,1.302908638138636,0.024836231679155475,5,0.20284722222222307,2921,0.42562485470237754,303.27272727272725,42.9716416194573,6.495410353535354,0.6148265650729281
RHF_MPM_P23,916,0.0458,45.8,0,255,7.448263888888889,35.327457703877464,107255,420.6078431372549,27,255,255,1.2539976873497707,110,110,347,0.02409722222222222,26,24,0.5560897435897436,71.68876080691642,62.07492795389049,0.11666666666666667,0.011111111111111112,0.03125,0.022291666666666668,0.016944444444444446,1,75.36809472751852,64.75689711435365,14.399927198484717,4.664306018979573,0.9460872899503993,-139.9098826615202,-1.3007249018391183,1.3007249018391183,0.026320451261013473,5,0.08055555555555483,1160,0.2693559432386868,315.45454545454544,33.63267793074748,6.653579545454545,0.6158132292013231
RHF_MPM_P23,917,0.04585,45.85,0,255,7.455486111111111,35.33782741329006,107359,421.0156862745098,27,255,255,1.228594395848058,110,110,347,0.02409722222222222,26,24,0.5560897435897436,71.79538904899135,62.0835734870317,0.11381944444444445,0.011041666666666667,0.03125,0.022083333333333333,0.01673611111111111,1,75.5247068247655,64.9426037872931,14.66095093993115,4.604079141562808,0.9494107880165088,-139.50932785200254,-1.3546877919994267,1.3546877919994267,0.025708138116040575,0,0.007222222222222463,104,0.2429286260989741,324.72727272727275,26.160660643211134,6.795119949494949,0.6048355645625325
RHF_MPM_P23,918,0.0459,45.9,0,255,7.320277777777778,34.976228910672006,105412,413.38039215686274,27,255,255,1.2012726955872628,107,107,343,0.023819444444444445,26,24,0.5496794871794872,71.77259475218659,62.03790087463557,0.11041666666666666,0.010694444444444444,0.03090277777777778,0.021805555555555557,0.016319444444444445,1,75.4077808978105,65.02290061852541,14.933297552199363,4.438531264362359,0.9548078444922794,-138.6135295155793,-1.3682466660780894,1.3682466660780894,0.02589837969111676,-4,-0.13520833333333293,-1947,0.1418423543947241,332.45454545454544,15.819226715749968,6.967771464646464,0.4352724450774828
RHF_MPM_P23,919,0.04595,45.95,0,255,7.258680555555555,34.89489517637469,104525,409.9019607843137,26,255,255,1.1873071459622706,111,111,334,0.023194444444444445,26,23,0.5585284280936454,71.44910179640719,61.793413173652695,0.10923611111111112,0.010902777777777779,0.030625,0.021458333333333333,0.016527777777777777,1,75.30124850514231,64.97000717531691,14.956427905429356,4.407502693766141,0.9555930522692875,-138.69747689544207,-1.4563841735984966,1.4563841735984966,0.026319062425257115,-9,-0.06159722222222275,-887,0.1189406029161602,336.3636363636364,8.885869551481747,7.0827462121212115,0.3126118828386232
RHF_MPM_P23,920,0.046,46.0,0,255,7.225833333333333,34.87464017138146,104052,408.0470588235294,26,255,255,1.1940335122869525,109,109,335,0.02326388888888889,25,24,0.5583333333333333,71.37910447761195,61.82089552238806,0.11041666666666666,0.010694444444444444,0.030208333333333334,0.021388888888888888,0.016666666666666666,1,75.15856494829508,64.81485218928997,14.861237063843193,4.531219267177605,0.9523837658889653,-139.00916420399417,-1.4082489304807262,1.4082489304807262,0.026775074001460807,1,-0.03284722222222225,-473,0.21078820432746714,338.09090909090907,6.2005065109017945,7.152594696969697,0.2432473977257664
RHF_MPM_P23,921,0.04605,46.05,0,255,7.114583333333333,34.603324480520165,102450,401.7647058823529,25,255,255,1.1677643386781176,110,110,331,0.02298611111111111,25,24,0.5516666666666666,71.3655589123867,62.003021148036254,0.1076388888888889,0.010694444444444444,0.029791666666666668,0.021180555555555557,0.01611111111111111,1,75.00458760370913,64.90494875549048,14.84107971510771,4.426071091131435,0.9544937027427695,-138.6128661755516,-1.422789794742669,1.422789794742669,0.026774036115178135,-4,-0.11125000000000007,-1602,0.17839959048962337,337.8181818181818,6.43595273470104,7.190227272727271,0.19827717054460048
RHF_MPM_P23,922,0.0461,46.1,0,255,6.9146527777777775,34.17597648391976,99571,390.4745098039216,24,255,255,1.1312430621792497,110,110,319,0.022152777777777778,24,23,0.5778985507246377,70.9717868338558,61.573667711598745,0.10354166666666667,0.010486111111111111,0.028333333333333332,0.020625,0.015694444444444445,1,74.70692269837603,64.72446796758092,14.725505017311448,4.341157393854568,0.9555573328116422,-137.77797538414842,-1.5328924482512345,1.5328924482512345,0.02607184822890199,-12,-0.1999305555555555,-2879,0.34810589002689185,335.72727272727275,8.225137844558198,7.193409090909089,0.19349080825433404
RHF_MPM_P23,923,0.04615,46.15,0,255,6.744791666666667,33.773702694649835,97125,380.88235294117646,23,255,255,1.1139350752234767,111,111,308,0.021388888888888888,23,22,0.6086956521739131,70.67532467532467,61.23701298701299,0.10180555555555555,0.010069444444444445,0.027916666666666666,0.02,0.015347222222222222,1,74.42988931788932,64.48612612612612,14.520972474193568,4.377578088684423,0.9534769577402927,-137.3036615128665,-1.5378287723461392,1.5378287723461392,0.026326898326898326,-11,-0.16986111111111057,-2446,0.3654508548245031,333.8181818181818,11.392327416596757,7.179103535353534,0.2186740698236964
RHF_MPM_P23,924,0.0462,46.2,0,255,6.6490277777777775,33.49835421578044,95746,375.4745098039216,23,254,255,1.1160263210503452,111,111,306,0.02125,23,22,0.6047430830039525,70.61437908496733,61.14052287581699,0.10201388888888889,0.009791666666666667,0.027569444444444445,0.01986111111111111,0.015069444444444444,1,74.30317715622584,64.32905813297684,14.442152597543645,4.43040615398194,0.951783966719036,-137.1201791435257,-1.5602484580698919,1.5602484580698919,0.02693585110605143,-2,-0.09576388888888943,-1379,0.20180764699429599,331.72727272727275,13.91592226774724,7.151287878787878,0.2608114841492437
RHF_MPM_P23,925,0.04625,46.25,0,255,6.495138888888889,33.09793093117988,93530,366.7843137254902,22,254,255,1.0880790137276788,110,110,302,0.020972222222222222,22,22,0.6239669421487604,70.5,61.0728476821192,0.09881944444444445,0.009444444444444445,0.026805555555555555,0.019444444444444445,0.014722222222222222,1,74.14180476852347,64.17086496311344,14.374708387619602,4.298216130866557,0.9542492239767013,-137.16699081046045,-1.5580763645033644,1.5580763645033644,0.027948251897786807,-4,-0.15388888888888896,-2216,0.22597815492696088,328.54545454545456,16.16597794676235,7.09040404040404,0.32161820076201664
RHF_MPM_P23,926,0.0463,46.3,0,255,6.438888888888889,33.054878844613825,92720,363.6078431372549,22,254,255,1.0845142127720429,111,111,297,0.020625,22,21,0.6428571428571429,70.35016835016835,60.81144781144781,0.09916666666666667,0.00986111111111111,0.026944444444444444,0.019097222222222224,0.014791666666666667,1,74.03069456427956,63.98196721311476,14.238510827899237,4.3823116154137,0.9514579429644837,-137.35388374262777,-1.6191706607418916,1.6191706607418916,0.027642364106988785,-5,-0.05624999999999947,-810,0.21915254377189225,324.45454545454544,17.84969384185437,7.005965909090907,0.35763967153800974
RHF_MPM_P23,927,0.04635,46.35,0,255,6.466388888888889,33.19576794083997,93116,365.1607843137255,21,254,255,1.0813204162968888,110,110,299,0.020763888888888887,22,21,0.6471861471861472,70.40802675585284,60.8494983277592,0.09875,0.01,0.02701388888888889,0.019305555555555555,0.015069444444444444,1,73.88545470166244,63.817829374114005,14.003410251694381,4.3963140056534575,0.9494408550812982,-137.3796260570651,-1.5841068303185297,1.5841068303185297,0.027245586150607844,2,0.027499999999999858,396,0.21917081896291724,320.09090909090907,17.671006276098637,6.916704545454545,0.3586388202904057
RHF_MPM_P23,928,0.0464,46.4,0,255,6.4146527777777775,33.15377377994335,92371,362.2392156862745,21,254,255,1.0638635793347073,110,110,299,0.020763888888888887,22,21,0.6471861471861472,70.39464882943143,60.812709030100336,0.09659722222222222,0.009722222222222222,0.026944444444444444,0.019305555555555555,0.014791666666666667,1,73.72577973606435,63.52105097920343,13.434912240545124,4.379742334852684,0.9453707713743333,-138.36360240663234,-1.5731540285427639,1.5731540285427639,0.026447694622771217,0,-0.05173611111111143,-745,0.33700669180959475,315.72727272727275,16.36565644096813,6.8220833333333335,0.34087125374573723
RHF_MPM_P23,929,0.04645,46.45,0,255,6.362986111111111,32.90792887359834,91627,359.321568627451,21,253,255,1.0712402567446215,109,109,296,0.020555555555555556,23,21,0.6128364389233955,70.39527027027027,60.7027027027027,0.09715277777777778,0.00951388888888889,0.026597222222222223,0.01923611111111111,0.014652777777777778,1,73.76246084669366,63.45771442915298,13.559212276640604,4.387389103033874,0.9462033580741648,-138.53252106171408,-1.513311509703022,1.513311509703022,0.025953048773833042,-3,-0.05166666666666675,-744,0.07319168292430799,311.45454545454544,14.742416456443179,6.735056818181818,0.3243718580405358
RHF_MPM_P23,930,0.0465,46.5,0,255,6.342291666666667,32.82530130645224,91329,358.15294117647056,21,254,255,1.0659351624188247,112,112,288,0.02,22,21,0.6233766233766234,70.20138888888889,60.56597222222222,0.09659722222222222,0.00951388888888889,0.026319444444444444,0.018958333333333334,0.014722222222222222,1,73.84282100975594,63.60952161963889,13.986109533335119,4.42553172844333,0.9486180786866263,-138.07112273090684,-1.521826667961622,1.521826667961622,0.026070579991021473,-8,-0.020694444444443683,-298,0.1717648942322677,307.27272727272725,14.270700493037594,6.651748737373737,0.2955931127675432
RHF_MPM_P23,931,0.04655,46.55,0,255,6.27375,32.76300937276248,90342,354.2823529411765,21,253,255,1.0455028445474701,111,111,291,0.02020833333333333,22,21,0.6298701298701299,70.21305841924399,60.63573883161512,0.09458333333333334,0.009305555555555555,0.026041666666666668,0.01902777777777778,0.014583333333333334,1,73.6027871864692,63.46964866839344,13.663531792372206,4.407161861603512,0.9465526845596984,-137.56489536385092,-1.617293592998912,1.617293592998912,0.027041686037501938,3,-0.06854166666666739,-987,0.27781410837421616,303.27272727272725,11.909437885299274,6.565195707070708,0.25082271827087493
RHF_MPM_P23,932,0.0466,46.6,0,255,6.193819444444444,32.46119483528088,89191,349.7686274509804,20,252,255,1.0435015349492724,110,110,289,0.020069444444444445,23,20,0.6282608695652174,70.3044982698962,60.51903114186851,0.094375,0.009166666666666667,0.026111111111111113,0.01888888888888889,0.014027777777777778,1,73.59627092419639,63.26074379701988,13.491550114354334,4.36759813082083,0.9461500480864413,-138.2312300656876,-1.607287833959013,1.607287833959013,0.02790640311242166,-2,-0.0799305555555554,-1151,0.20900647587482216,299.45454545454544,8.711159367194538,6.481489898989898,0.2024963917050901
RHF_MPM_P23,933,0.04665,46.65,0,255,6.175416666666667,32.615132498304284,88926,348.7294117647059,20,253,255,1.0308932769046488,111,111,288,0.02,22,20,0.6545454545454545,70.13541666666667,60.43402777777778,0.09326388888888888,0.009375,0.025833333333333333,0.018819444444444444,0.014513888888888889,1,73.34597305624902,62.97771180532128,12.95485427607983,4.414879163992107,0.9401396023086035,-138.87649061266885,-1.553898394783503,1.553898394783503,0.026696354272091403,-1,-0.018402777777777324,-265,0.3778308232845409,296.6363636363636,6.718667715237047,6.414286616161616,0.1671755543576063
RHF_MPM_P23,934,0.0467,46.7,0,255,6.319861111111111,32.95814972528104,91006,356.8862745098039,21,254,255,1.0480302669176416,111,111,293,0.02034722222222222,22,21,0.6341991341991342,70.24232081911263,60.580204778157,0.09506944444444444,0.009722222222222222,0.02638888888888889,0.019375,0.014791666666666667,1,73.61556380897963,63.313572731468255,13.423451981518902,4.448227321368205,0.9434983215255744,-138.4234428411807,-1.6173955326282465,1.6173955326282465,0.027075137902995407,5,0.14444444444444393,2080,0.43067590560671193,295.27272727272725,5.72221999340226,6.375656565656566,0.1316648032263435
RHF_MPM_P23,935,0.04675,46.75,0,255,6.272708333333333,32.81747933052407,90327,354.22352941176473,20,253,255,1.0248724081878875,110,110,293,0.02034722222222222,23,21,0.6066252587991718,70.36518771331058,60.50511945392491,0.09243055555555556,0.009583333333333333,0.02638888888888889,0.01902777777777778,0.014444444444444444,1,73.5535775570981,63.21460914233839,13.258535039275639,4.306265273545844,0.9457854925078228,-138.0126320815463,-1.592435386407318,1.592435386407318,0.02617157660500183,0,-0.04715277777777782,-679,0.11677365882674952,294.09090909090907,4.6211872825959395,6.341445707070705,0.10166081399340077
RHF_MPM_P23,936,0.0468,46.8,0,255,6.319513888888889,33.04637830698155,91001,356.8666666666667,20,254,255,1.0261805530893142,111,111,295,0.02048611111111111,23,20,0.6413043478260869,70.27796610169491,60.53220338983051,0.09243055555555556,0.009652777777777777,0.02666666666666667,0.019583333333333335,0.014652777777777778,1,73.35210602081295,63.116734980934275,12.835228811427148,4.422232129370378,0.9387721414529216,-137.7066622984519,-1.5321787664804696,1.5321787664804696,0.02546125866748717,2,0.04680555555555621,674,0.2239869000715293,293.45454545454544,3.9164834960978214,6.3254797979797965,0.08931025078449431
RHF_MPM_P23,937,0.04685,46.85,0,255,6.33375,33.22529156871899,91206,357.67058823529413,20,254,255,1.0216034949514374,111,111,301,0.020902777777777777,22,21,0.6515151515151515,70.35215946843854,60.64119601328904,0.09222222222222222,0.009791666666666667,0.026805555555555555,0.019375,0.014930555555555556,1,73.17849702870426,63.032070258535626,12.716054853907337,4.4950357449142455,0.9354371887922223,-137.19738406649284,-1.492383032147891,1.492383032147891,0.02641273600421025,6,0.014236111111110894,205,0.19315330015259394,293.8181818181818,4.38630475702357,6.315921717171718,0.08198745923595352
RHF_MPM_P23,938,0.0469,46.9,0,255,6.370555555555556,33.23873735271046,91736,359.74901960784314,20,254,255,1.0346509544704612,111,111,304,0.021111111111111112,23,21,0.629399585921325,70.48355263157895,60.7171052631579,0.09381944444444444,0.009930555555555555,0.02701388888888889,0.01965277777777778,0.014791666666666667,1,73.37367009679951,63.13804831254905,12.918699567296748,4.494245464028341,0.9375365338100845,-137.570181655772,-1.5816869561856692,1.5816869561856692,0.02693599023284207,3,0.036805555555555536,530,0.22208978914436617,294.27272727272725,5.100640050583832,6.307209595959597,0.06970780125082095
RHF_MPM_P23,939,0.04695,46.95,0,255,6.3493055555555555,33.233267503545164,91430,358.54901960784315,19,253,255,1.0286491111838592,111,111,301,0.020902777777777777,23,21,0.6231884057971014,70.45182724252491,60.674418604651166,0.09284722222222222,0.009791666666666667,0.02701388888888889,0.01965277777777778,0.014722222222222222,1,73.26638958766269,63.01180137810347,12.635301980812937,4.522381426212589,0.9337536461334804,-137.4589195138347,-1.5437637952550525,1.5437637952550525,0.025987093951657006,-3,-0.021250000000000213,-306,0.16567255686312146,294.45454545454544,5.2977462852121695,6.301268939393939,0.0627337666056193
RHF_MPM_P23,940,0.047,47.0,0,255,6.349722222222222,33.208312211294924,91436,358.57254901960783,20,254,255,1.008454754252936,111,111,299,0.020763888888888887,23,21,0.6190476190476191,70.38461538461539,60.618729096989966,0.09027777777777778,0.009652777777777777,0.027083333333333334,0.01986111111111111,0.014583333333333334,1,73.35062776149438,62.99046327485892,12.600188218214186,4.390405768273123,0.9373311993995791,-138.21126599331959,-1.5395621084151645,1.5395621084151645,0.024837044490135178,-2,0.0004166666666662877,6,0.08689870298556661,294.72727272727275,5.445446957044341,6.300063131313132,0.061654092119204584
RHF_MPM_P23,941,0.04705,47.05,0,255,6.295555555555556,32.99482505252776,90656,355.51372549019607,20,253,255,1.007334385801592,110,110,297,0.020625,23,20,0.6456521739130435,70.43434343434343,60.57575757575758,0.08986111111111111,0.009444444444444445,0.02666666666666667,0.019375,0.014583333333333334,1,73.41737998588069,62.977519414048714,12.733804572547653,4.323887687839287,0.9405844810610723,-138.83215533483508,-1.4709880696570006,1.4709880696570006,0.025315478291563713,-2,-0.05416666666666625,-780,0.06799561010237119,295.54545454545456,5.0337702545116825,6.295814393939394,0.06019060437446842
RHF_MPM_P23,942,0.0471,47.1,0,255,6.291041666666667,32.889179709601855,90591,355.25882352941176,21,253,255,1.026302247303688,111,111,293,0.02034722222222222,23,20,0.6369565217391304,70.38907849829351,60.477815699658706,0.09236111111111112,0.00951388888888889,0.02673611111111111,0.019097222222222224,0.014513888888888889,1,73.60416597675265,63.05770992703469,13.043981298053092,4.469564211382555,0.9394619017301591,-138.45816219890074,-1.4700613845564654,1.4700613845564654,0.025532337649435376,-4,-0.004513888888888928,-65,0.2032720461819022,295.72727272727275,4.900666171615838,6.297386363636364,0.05981848063045591
RHF_MPM_P23,943,0.04715,47.15,0,255,6.177847222222222,32.49135091458089,88961,348.8666666666667,20,251,255,1.0171698753757967,110,110,292,0.020277777777777777,24,21,0.5793650793650794,70.41780821917808,60.455479452054796,0.09104166666666667,0.00875,0.026458333333333334,0.018680555555555554,0.014166666666666666,1,73.54390126010274,63.1044053011994,13.239000988361779,4.333168173447901,0.9449193491762053,-137.91192922809432,-1.5106373038530188,1.5106373038530188,0.026090084419015076,-1,-0.11319444444444482,-1630,0.07623840266739568,296.0,4.5924839782963955,6.295934343434343,0.062450754754945145
RHF_MPM_P23,944,0.0472,47.2,0,255,6.030138888888889,32.0820399303383,86834,340.5254901960784,20,250,255,0.9870866859653915,110,110,285,0.019791666666666666,23,20,0.6195652173913043,70.28070175438596,60.382456140350875,0.08784722222222222,0.008680555555555556,0.025833333333333333,0.018541666666666668,0.013888888888888888,1,73.39944031139876,62.90109864799503,13.073630895508881,4.335806082617264,0.9434042105399558,-138.32132084946207,-1.5809998309380897,1.5809998309380897,0.026786742520210977,-7,-0.1477083333333331,-2127,0.24940441242611697,295.72727272727275,5.118432094639727,6.282727272727272,0.09395602638002082
RHF_MPM_P23,945,0.04725,47.25,0,255,5.987291666666667,32.04161213083244,86217,338.1058823529412,19,249,255,1.0050023163417527,109,109,281,0.01951388888888889,22,20,0.6386363636363637,70.1459074733096,60.27758007117438,0.09006944444444444,0.008680555555555556,0.025486111111111112,0.018333333333333333,0.013819444444444445,1,73.30141387429393,62.67240799378313,12.786272982670559,4.420561503793286,0.9383350943588279,-139.5700124609903,-1.600255881283621,1.600255881283621,0.027743948409246436,-4,-0.04284722222222204,-617,0.24881438402016265,294.6363636363636,6.6369862721614465,6.252493686868687,0.1253916019904632
RHF_MPM_P23,946,0.0473,47.3,0,255,6.002916666666667,32.30389755197678,86442,338.98823529411766,18,251,255,0.9919560807105838,111,111,284,0.01972222222222222,23,20,0.6173913043478261,70.22535211267606,60.278169014084504,0.08916666666666667,0.008958333333333334,0.025833333333333333,0.018680555555555554,0.014166666666666666,1,73.03198676569261,62.373811341708894,12.304313309355116,4.441705829266161,0.932570574530243,-139.74011914049743,-1.4616215092887,1.4616215092887,0.02697762661669096,3,0.015625,225,0.40218270410251505,293.8181818181818,7.309000451724284,6.227967171717171,0.14403806316010506
RHF_MPM_P23,947,0.04735,47.35,0,255,6.036180555555555,32.50634142185285,86921,340.8666666666667,18,252,255,0.9920894243035682,111,111,288,0.02,23,20,0.6260869565217392,70.27083333333333,60.21180555555556,0.08944444444444444,0.009166666666666667,0.025694444444444443,0.018819444444444444,0.01423611111111111,1,72.91377227597474,62.197639235627754,11.835335210093099,4.530678533339418,0.9238273112390177,-139.94743701227117,-1.589732365552063,1.589732365552063,0.026207705847838842,4,0.03326388888888854,479,0.21215861175149384,293.1818181818182,7.481105676887631,6.202209595959596,0.1505504823046782
RHF_MPM_P23,948,0.0474,47.4,0,255,6.155138888888889,32.723504358193516,88634,347.5843137254902,19,253,255,1.0395744800269848,111,111,293,0.02034722222222222,22,20,0.6659090909090909,70.3037542662116,60.29692832764505,0.09472222222222222,0.00951388888888889,0.02625,0.01902777777777778,0.014513888888888889,1,73.09336146399801,62.29706433197193,12.083532858847384,4.622712684617344,0.9239294044866171,-140.55575310747247,-1.5198726382633128,1.5198726382633128,0.02713405690818422,5,0.1189583333333335,1713,0.20527451434093547,292.45454545454544,7.062881672565466,6.1859722222222215,0.14501803121372317
RHF_MPM_P23,949,0.04745,47.45,0,255,6.196527777777778,32.89075332993058,89230,349.921568627451,19,254,255,1.0299743530571712,111,111,297,0.020625,23,20,0.6456521739130435,70.31986531986531,60.387205387205384,0.09347222222222222,0.009583333333333333,0.026458333333333334,0.019166666666666665,0.014652777777777778,1,73.02995629272667,62.302241398632745,12.048205772820992,4.634143538335425,0.9230693753718904,-140.16231184177556,-1.535329269488522,1.535329269488522,0.027378684299002577,4,0.04138888888888914,596,0.06361617532639521,291.8181818181818,6.2641575188917145,6.170151515151516,0.13301390681305802
RHF_MPM_P23,950,0.0475,47.5,0,255,6.207152777777778,32.86651565979497,89383,350.52156862745096,19,253,255,1.0283359822548843,111,111,295,0.02048611111111111,23,20,0.6413043478260869,70.36271186440678,60.335593220338986,0.09354166666666666,0.00951388888888889,0.02638888888888889,0.019305555555555555,0.014444444444444444,1,73.19253101820257,62.46724768692033,12.299448919398555,4.443771164022899,0.9324502502436322,-140.11479518549476,-1.6014747971571524,1.6014747971571524,0.028797422328630723,-2,0.010625000000000107,153,0.23164113740441733,291.27272727272725,5.674358739755358,6.157228535353536,0.12137679096321129
RHF_MPM_P23,951,0.04755,47.55,0,255,6.170763888888889,32.725772518253464,88859,348.46666666666664,19,253,255,1.0158365737113622,110,110,297,0.020625,23,21,0.6149068322981367,70.27946127946127,60.30639730639731,0.09173611111111112,0.009236111111111112,0.026111111111111113,0.019166666666666665,0.014513888888888889,1,73.02286768926051,62.402210243194276,12.186819498618178,4.479107268287783,0.9300088935903916,-139.6486009270812,-1.5378456930211162,1.5378456930211162,0.02772932398519002,2,-0.03638888888888925,-524,0.1817017178623334,291.09090909090907,5.451514309296345,6.140959595959595,0.10543136641340943
RHF_MPM_P23,952,0.0476,47.6,0,255,6.263333333333334,32.98508442378835,90192,353.6941176470588,19,253,255,1.0377051864433269,109,109,301,0.020902777777777777,22,21,0.6515151515151515,70.2126245847176,60.205980066445186,0.09416666666666666,0.009444444444444445,0.026805555555555555,0.01923611111111111,0.014930555555555556,1,73.12021021820117,62.44401942522619,12.233796248367913,4.601255758860944,0.9265749321254249,-139.62274486022997,-1.5993235740054463,1.5993235740054463,0.028217580273194962,4,0.09256944444444493,1333,0.1059413783313222,291.45454545454544,5.944648263371569,6.138030303030303,0.10146855124505948
RHF_MPM_P23,953,0.04765,47.65,0,255,6.24125,32.94639364168794,89874,352.4470588235294,19,253,255,1.0317780428137402,111,111,297,0.020625,23,21,0.6149068322981367,70.15151515151516,60.17171717171717,0.09354166666666666,0.009444444444444445,0.02652777777777778,0.019375,0.014583333333333334,1,73.0617642477246,62.42248036139484,12.272570936954958,4.607847993650394,0.9268389781708551,-139.5457753098795,-1.6334252928526234,1.6334252928526234,0.02825066203796426,-4,-0.022083333333333677,-318,0.062288544176910085,291.8181818181818,6.14696054704617,6.133503787878788,0.09547535689502415
RHF_MPM_P23,954,0.0477,47.7,0,255,6.155694444444444,32.735271214123024,88642,347.6156862745098,19,252,255,1.0084121017811654,110,110,297,0.020625,23,21,0.6149068322981367,70.23232323232324,60.215488215488215,0.09083333333333334,0.009236111111111112,0.02652777777777778,0.019305555555555555,0.014375,1,72.8748110376571,62.232903138467094,11.857890164484742,4.5762691147173475,0.9225297056199314,-140.08190582654694,-1.4180048226404973,1.4180048226404973,0.026736761354662575,0,-0.0855555555555556,-1232,0.2662536876881501,292.27272727272725,6.3258619116781105,6.131489898989899,0.0947496478060014
RHF_MPM_P23,955,0.04775,47.75,0,255,6.1625,32.79297196682037,88740,348.0,19,253,255,1.0004489026761387,111,111,293,0.02034722222222222,23,20,0.6369565217391304,70.09556313993174,60.092150170648466,0.0901388888888889,0.009583333333333333,0.02638888888888889,0.01902777777777778,0.014583333333333334,1,72.8333107955826,62.17509578544061,11.84162874565743,4.685272396850484,0.9183965688945748,-139.79524656132702,-1.468926206043809,1.468926206043809,0.026019833220644578,-4,0.006805555555555287,98,0.0711615075456515,293.0,5.892985043869764,6.143522727272727,0.08936613856785089
RHF_MPM_P23,956,0.0478,47.8,0,255,6.1322222222222225,32.71144491451061,88304,346.2901960784314,19,253,255,1.004026882361131,111,111,290,0.02013888888888889,22,19,0.69377990430622,70.11724137931034,60.05172413793103,0.09055555555555556,0.009375,0.025763888888888888,0.018819444444444444,0.014583333333333334,1,72.8860640514586,62.23293395542671,12.040382032026423,4.504961171278191,0.9273664492424921,-139.4065422995066,-1.5964629040791642,1.5964629040791642,0.028277314730929516,-3,-0.03027777777777718,-436,0.07828256455213636,293.8181818181818,4.667453691997613,6.156698232323233,0.07486921797217694
RHF_MPM_P23,957,0.04785,47.85,0,255,6.005833333333333,32.42815510863978,86484,339.15294117647056,18,251,255,0.9577050515266736,110,110,292,0.020277777777777777,23,21,0.6045548654244306,70.29452054794521,60.1986301369863,0.08555555555555555,0.008958333333333334,0.026041666666666668,0.018819444444444444,0.014166666666666666,1,72.7035405392905,62.16041117432126,11.71268657484563,4.3339677295207215,0.9290224472339269,-139.22586602116974,-1.5035696536214576,1.5035696536214576,0.026860459738217473,2,-0.1263888888888891,-1820,0.19640363100881936,294.54545454545456,3.5767846496192734,6.156963383838384,0.07432733025444135
RHF_MPM_P23,958,0.0479,47.9,0,255,5.853055555555556,32.097167001971826,84284,330.5254901960784,17,251,255,0.9228133828386571,107,107,287,0.019930555555555556,22,21,0.6212121212121212,69.98257839721255,59.98954703832753,0.08159722222222222,0.008611111111111111,0.025347222222222222,0.018194444444444444,0.013819444444444445,1,72.32432015566418,61.926510369702434,11.357673471322922,4.076519874959002,0.933367524014074,-139.29872332273143,-1.5270921661373302,1.5270921661373302,0.026292060177495136,-5,-0.15277777777777768,-2200,0.4455532356060572,294.45454545454544,3.7504820626793216,6.140315656565656,0.11098441073045441
RHF_MPM_P23,959,0.04795,47.95,0,12,0.02034722222222222,0.35365534303747004,293,24.416666666666668,0,0,7,0.05961417281206429,3,8,9,0.000625,93,101,0.0009581603321622484,81.66666666666667,60.888888888888886,0.004861111111111111,0.0,0.0,0.0,0.0,0,83.26621160409556,61.54948805460751,32.96405867704072,24.873703010783494,0.6562191008151194,128.67961078275493,0.44000791798635863,0.44000791798635863,0.0,-278,-5.832708333333334,-83991,10.948385008545108,268.6363636363636,82.18855563693738,5.582607323232324,1.7624327816210255
RHF_MPM_P23,960,0.048,48.0,0,255,3.0631944444444446,22.10282236417312,44110,172.98039215686273,4,98,255,0.6776758949541197,105,105,139,0.009652777777777777,16,12,0.7239583333333334,63.935251798561154,55.12230215827338,0.058055555555555555,0.002916666666666667,0.013541666666666667,0.008263888888888888,0.006111111111111111,1,62.6311493992292,53.84450238041261,7.944889131303514,5.224613282277274,0.7533613139772392,-147.0302164616985,0.7822263858358911,0.7822263858358911,0.018703241895261846,130,3.0428472222222225,43817,22.026633797252195,254.27272727272728,89.46110471147976,5.297758838383839,1.8888640184903913
RHF_MPM_P23,961,0.04805,48.05,0,255,6.019652777777778,28.182869400705357,86683,339.93333333333334,32,180,255,1.2576426898586524,103,103,227,0.01576388888888889,23,24,0.411231884057971,61.07488986784141,51.55506607929515,0.11409722222222222,0.005347222222222222,0.024791666666666667,0.013472222222222222,0.009305555555555555,1,52.412237693665425,45.337620986814024,18.920536790385434,4.996220539354003,0.9645053350323719,-145.18123056399068,0.9862468408120998,0.9862468408120998,0.016693007856211715,88,2.9564583333333334,42573,13.296359933863934,248.0909090909091,88.78006998446375,5.280713383838383,1.8814118872375019
RHF_MPM_P23,962,0.0481,48.1,0,255,6.7527083333333335,30.033354599482617,97239,381.32941176470587,34,214,255,1.3833416809299262,111,111,218,0.01513888888888889,23,24,0.39492753623188404,61.903669724770644,52.711009174311926,0.12805555555555556,0.006944444444444444,0.031875,0.014166666666666666,0.010833333333333334,1,51.6630364359979,41.26310430999907,22.31361797597719,5.646819477840788,0.967448999783516,45.199941694918955,-0.8799693746745872,0.8799693746745872,0.0423492631557297,-9,0.7330555555555556,10556,4.1428237561032875,240.9090909090909,87.72213833302861,5.333617424242424,1.913602257552744
RHF_MPM_P23,963,0.04815,48.15,0,255,5.937222222222222,31.110916323794978,85496,335.278431372549,23,244,255,1.0216933740167549,111,111,257,0.017847222222222223,20,19,0.6763157894736842,61.175097276264594,52.07782101167315,0.09048611111111111,0.007847222222222222,0.025138888888888888,0.016944444444444446,0.012916666666666667,1,56.21023205764013,45.69636006362871,19.227931152059455,4.360349574193554,0.9739479560516828,50.083288436890584,-1.5829326488263114,1.5829326488263114,0.008971179938242724,39,-0.8154861111111114,-11743,6.35064914780942,236.9090909090909,85.87459624936665,5.30397095959596,1.9014565861757298
RHF_MPM_P23,964,0.0482,48.2,0,255,6.213611111111111,34.197111367025805,89476,350.8862745098039,14,255,255,0.8651461122403639,111,111,325,0.022569444444444444,23,22,0.642292490118577,59.57230769230769,50.77230769230769,0.07611111111111112,0.010208333333333333,0.02784722222222222,0.021041666666666667,0.01611111111111111,1,59.523514685502256,50.25262640261076,8.852707030561193,4.830060905522008,0.8380439653846413,45.14329760514236,-1.0410392414233551,1.0410392414233551,0.011913809289641916,68,0.2763888888888886,3980,5.6335960738975475,239.45454545454547,88.00657375897205,5.301458333333334,1.9002342534944896
RHF_MPM_P23,965,0.04825,48.25,0,255,7.035902777777777,35.87374895056726,101317,397.321568627451,19,255,255,0.989366587134256,107,107,373,0.025902777777777778,27,25,0.5525925925925926,58.06434316353887,49.70509383378016,0.08770833333333333,0.010694444444444444,0.03229166666666667,0.023958333333333335,0.017291666666666667,1,58.17554803241312,49.29976213271218,9.837938241640263,4.807218371781383,0.872485033057561,-136.4168947559232,0.5470033078655085,0.5470033078655085,0.011084023411668328,48,0.8222916666666666,11841,1.6507466234070203,246.36363636363637,94.96149719972418,5.381477272727273,1.9523397911166227
RHF_MPM_P23,966,0.0483,48.3,0,255,7.326388888888889,36.15049943198709,105500,413.72549019607845,24,255,255,1.0016448010791508,105,105,397,0.027569444444444445,30,27,0.4901234567901235,57.20906801007557,49.11083123425693,0.08736111111111111,0.010486111111111111,0.034722222222222224,0.024583333333333332,0.017013888888888887,1,57.305507109004736,48.792957345971566,10.765220875285822,4.609577733118642,0.9036879480090203,-139.34919495739436,0.5851639912477752,0.5851639912477752,0.007270142180094787,24,0.2904861111111119,4183,1.0068874317760212,255.8181818181818,103.89139275032993,5.487285353535355,2.0220932696838276
RHF_MPM_P23,967,0.04835,48.35,0,255,7.472916666666666,36.08227042073818,107610,422.0,27,255,255,1.0697350589765553,107,107,381,0.026458333333333334,31,28,0.43894009216589863,57.62729658792651,49.574803149606296,0.09375,0.010347222222222223,0.035486111111111114,0.023680555555555555,0.017083333333333332,1,56.894861072391045,48.495251370690454,11.596102415892728,4.669357308056149,0.9153469362938641,-139.43361269744187,0.6139800481005037,0.6139800481005037,0.0070811262893783105,-16,0.14652777777777715,2110,0.5072070732004937,264.09090909090907,109.74222237544139,5.609166666666667,2.096335669946841
RHF_MPM_P23,968,0.0484,48.4,0,255,7.7,36.46915363244213,110880,434.8235294117647,31,255,255,1.1366261020211925,110,110,368,0.025555555555555557,29,25,0.5075862068965518,58.55434782608695,50.26902173913044,0.10173611111111111,0.011319444444444444,0.035277777777777776,0.023680555555555555,0.017916666666666668,1,56.52290764790765,48.20607864357864,12.553798602016421,4.606596094614631,0.9302413043847239,-139.9008774392524,0.8600379043782417,0.8600379043782417,0.009947691197691198,-13,0.22708333333333375,3270,0.4711371521013874,271.0,113.60617780897145,5.763181818181818,2.1803704418261534
RHF_MPM_P23,969,0.04845,48.45,0,255,7.740833333333334,36.379058374213656,111468,437.1294117647059,33,255,255,1.1433993147471473,109,109,375,0.026041666666666668,30,27,0.46296296296296297,58.312,49.90133333333333,0.10222222222222223,0.011041666666666667,0.034513888888888886,0.023680555555555555,0.017708333333333333,1,56.017664262389204,47.74055334266337,13.532097289096374,4.511139415144315,0.9427975367323674,-139.89940407894187,0.93048365799689,0.93048365799689,0.011348548462338967,7,0.0408333333333335,588,0.6870114150451937,279.0,117.48346111842142,5.93479797979798,2.25374885569448
RHF_MPM_P23,970,0.0485,48.5,0,255,7.351736111111111,34.95090153085113,105865,415.15686274509807,32,255,255,1.1611285812061265,109,109,341,0.023680555555555555,28,24,0.5074404761904762,59.34310850439883,50.686217008797655,0.10388888888888889,0.010138888888888888,0.03173611111111111,0.021597222222222223,0.01625,1,55.84765503235253,47.535786142728945,14.692131434747843,4.427416607806508,0.9535148262838348,-139.71506846615335,1.1128166326827305,1.1128166326827305,0.014962452179662779,-34,-0.3890972222222224,-5603,0.2661442174210207,309.1818181818182,81.32406351004063,6.601287878787878,1.279698551653881
RHF_MPM_P23,971,0.04855,48.55,0,255,6.68,32.73846641694343,96192,377.22352941176473,28,250,255,1.1239211098193351,108,108,300,0.020833333333333332,25,23,0.5217391304347826,60.55,51.70666666666666,0.10020833333333333,0.008611111111111111,0.02826388888888889,0.01888888888888889,0.014027777777777778,1,56.01808882235529,47.65700889886893,15.783179799554047,4.221351400440677,0.963569278257838,-138.981474288168,1.279156720496016,1.279156720496016,0.01853584497671324,-41,-0.6717361111111115,-9673,0.20914739630432813,323.8181818181818,61.434100956476755,6.930088383838384,0.6261567599760607
RHF_MPM_P23,972,0.0486,48.6,0,255,6.043333333333333,30.86081991061734,87024,341.2705882352941,24,235,255,1.0839585492710304,106,106,275,0.019097222222222224,24,21,0.5456349206349206,61.127272727272725,52.46909090909091,0.09708333333333333,0.007361111111111111,0.025138888888888888,0.016944444444444446,0.012222222222222223,1,56.4376149108292,48.121782496782494,16.14009281050636,4.15475695231797,0.9663000386133589,-138.7791644469707,1.4555159238006068,1.4555159238006068,0.02677422320279463,-25,-0.6366666666666667,-9168,0.6261123191790241,328.1818181818182,55.85340907934916,6.932241161616162,0.6230559377003587
RHF_MPM_P23,973,0.04865,48.65,0,255,5.454305555555556,29.098432008461906,78542,308.0078431372549,20,215,255,1.0614182378666148,106,106,244,0.016944444444444446,21,20,0.580952380952381,61.72540983606557,52.93032786885246,0.09604166666666666,0.0061805555555555555,0.022430555555555554,0.014861111111111111,0.010763888888888889,1,56.95848081281353,48.59458633597311,16.178694659213637,4.120482002741968,0.9670238878223232,-138.68726487922393,1.615350239207609,1.615350239207609,0.03227572508976089,-31,-0.589027777777777,-8482,0.7034520297812333,330.54545454545456,51.52292276499786,6.814204545454545,0.7549225285639444
RHF_MPM_P23,974,0.0487,48.7,0,255,5.112847222222222,28.354339790389783,73625,288.72549019607845,17,207,255,1.0372366536691027,105,105,231,0.016041666666666666,21,19,0.5789473684210527,62.4025974025974,53.489177489177486,0.09506944444444444,0.0059722222222222225,0.020833333333333332,0.01423611111111111,0.010416666666666666,1,57.607619694397286,49.16642444821732,16.180525975165587,4.0206068817892096,0.9686359203365058,-138.42369825879533,1.8521520847894968,1.8521520847894968,0.03641426146010187,-13,-0.34145833333333364,-4917,0.865089656740175,328.1818181818182,55.300531284342824,6.7392613636363645,0.8703565479424928
RHF_MPM_P23,975,0.04875,48.75,0,255,4.901944444444444,28.14228178376646,70588,276.8156862745098,15,206,255,0.989899825459204,106,106,227,0.01576388888888889,20,18,0.6305555555555555,62.67400881057269,53.66079295154185,0.09027777777777778,0.005902777777777778,0.020416666666666666,0.01375,0.010347222222222223,1,58.74164163880546,50.05339434464781,14.704067408482112,4.3073041942186885,0.9561330202940497,-138.48311361218998,2.058543562815932,2.058543562815932,0.0340284467614892,-4,-0.2109027777777781,-3037,1.4396948869719648,319.27272727272725,62.5184931318012,6.620018939393939,1.012456270052185
RHF_MPM_P23,976,0.0488,48.8,0,255,4.747083333333333,27.973468180556576,68358,268.0705882352941,14,205,255,0.9577671582446233,107,107,223,0.015486111111111112,20,18,0.6194444444444445,62.573991031390136,53.75784753363229,0.08729166666666667,0.005694444444444445,0.020277777777777777,0.013680555555555555,0.010208333333333333,1,59.26092044822845,50.892302290880366,13.407798960378493,4.365175456176944,0.9455179825348459,-140.11021898302806,2.0980494079510783,2.0980494079510783,0.036762339448199184,-4,-0.1548611111111109,-2230,0.9866189863203894,305.6363636363636,65.59555518100393,6.411944444444445,1.1335554745993282
RHF_MPM_P23,977,0.04885,48.85,0,255,4.800625,28.3707799044572,69129,271.09411764705885,14,213,255,0.9323316979136739,107,107,231,0.016041666666666666,21,19,0.5789473684210527,62.515151515151516,53.60606060606061,0.08423611111111111,0.0059722222222222225,0.020763888888888887,0.014097222222222223,0.010486111111111111,1,59.794673725932675,51.323207337007624,12.204801272810737,4.440881594131705,0.931452285494583,-139.64138792996187,2.0917703534076764,2.0917703534076764,0.030739631703047925,8,0.05354166666666682,771,0.6859823031521595,290.54545454545456,61.82727205892182,6.182329545454547,1.1799313093945563
RHF_MPM_P23,978,0.0489,48.9,0,255,4.732222222222222,28.483059596023335,68144,267.2313725490196,12,212,255,0.8595278332269172,107,107,233,0.016180555555555556,21,19,0.5839598997493735,62.44206008583691,53.48068669527897,0.07583333333333334,0.0059722222222222225,0.021041666666666667,0.014583333333333334,0.010694444444444444,1,60.47804648978634,51.577615050481334,11.168989703264515,4.264318642408461,0.9242450276774548,-137.63418191799826,2.122779568536994,2.122779568536994,0.023186193942239964,2,-0.06840277777777803,-985,0.7291924430847552,277.09090909090907,56.558022572888554,5.933175505050505,1.1704295202613852
RHF_MPM_P23,979,0.04895,48.95,0,255,4.8353472222222225,28.90032512344018,69629,273.0549019607843,13,222,255,0.8671071270540309,107,107,238,0.016527777777777777,20,19,0.6263157894736842,62.46218487394958,53.5,0.076875,0.006597222222222222,0.020972222222222222,0.014861111111111111,0.011041666666666667,1,60.76369041634951,51.71720116618076,10.661230265486276,4.438431405899808,0.9092203897106762,-136.91103674013772,1.9659755319053465,1.9659755319053465,0.023108187680420514,5,0.10312500000000036,1485,0.31792567760167023,265.27272727272725,49.46457117627618,5.672752525252525,1.0620090143017946
RHF_MPM_P23,980,0.049,49.0,0,255,4.8938194444444445,29.362666027545554,70471,276.35686274509806,12,227,255,0.8037532217437002,108,108,243,0.016875,21,19,0.6090225563909775,62.27160493827161,53.52674897119341,0.06993055555555555,0.006666666666666667,0.021736111111111112,0.015347222222222222,0.011527777777777777,1,61.28323707624413,52.34790197386159,9.086146337826493,4.4891544400928565,0.8694244962821062,-136.55291157745438,1.311695006525688,1.311695006525688,0.016233628017198565,5,0.05847222222222204,842,0.8171366107432126,253.27272727272728,35.40182560544508,5.413933080808081,0.8527714483120276
RHF_MPM_P23,981,0.04905,49.05,0,255,4.977222222222222,29.71886153897621,71672,281.06666666666666,12,232,255,0.8229332606481197,105,105,247,0.017152777777777777,21,18,0.6534391534391535,62.37246963562753,53.59514170040486,0.07201388888888889,0.0075,0.022083333333333333,0.01576388888888889,0.012152777777777778,1,61.46477006362317,52.46111452171001,8.769828165597625,4.69773268065398,0.8444274950361568,-137.1072275464466,1.071154098413873,1.071154098413873,0.015989507757562228,4,0.08340277777777771,1201,0.213942297120253,244.72727272727272,22.004507427057714,5.198068181818183,0.5971502142828204
RHF_MPM_P23,982,0.0491,49.1,0,255,5.26375,30.67621259658424,75798,297.2470588235294,13,241,255,0.849397090358039,110,110,260,0.018055555555555554,22,19,0.6220095693779905,61.90769230769231,53.10769230769231,0.07458333333333333,0.0077083333333333335,0.023194444444444445,0.017152777777777777,0.012847222222222222,1,61.205058180954644,51.87386210717961,8.864181591557633,4.8301015310426205,0.8385003790924104,-135.76041747342043,0.9065132942971655,0.9065132942971655,0.017177234227816036,13,0.2865277777777777,4126,0.6421181046902599,241.0909090909091,14.64398446433673,5.069318181818182,0.3751753726408496
RHF_MPM_P23,983,0.04915,49.15,0,255,5.336805555555555,30.47240155390105,76850,301.37254901960785,14,235,255,0.8820595587959792,105,105,273,0.018958333333333334,23,21,0.5652173913043478,61.48717948717949,52.67765567765568,0.07722222222222222,0.007152777777777778,0.024027777777777776,0.017083333333333332,0.012222222222222223,1,60.57384515289525,51.6094469746259,9.418926239865247,4.5476635590011,0.875718587250634,-137.48622282729832,0.91288313567429,0.91288313567429,0.016655823031880287,13,0.07305555555555543,1052,0.6843575447931479,240.9090909090909,14.228361852010075,5.005088383838385,0.23851548565930897
RHF_MPM_P23,984,0.0492,49.2,0,255,5.454305555555556,30.588226144783444,78542,308.0078431372549,15,237,255,0.9423593005300555,107,107,269,0.018680555555555554,23,21,0.556935817805383,61.70260223048327,52.7546468401487,0.08381944444444445,0.007430555555555556,0.024305555555555556,0.016805555555555556,0.0125,1,60.32475618140613,51.26501744289679,10.089600089652116,4.51120813710947,0.8944766507468539,-137.83775664748157,1.0024948513929826,1.0024948513929826,0.02187364722059535,-4,0.1175000000000006,1692,0.42506119329414144,243.1818181818182,16.37524840515644,5.005088383838385,0.23851548565930894
RHF_MPM_P23,985,0.04925,49.25,0,255,5.590833333333333,30.96030521983844,80508,315.7176470588235,15,241,255,0.9764073807380331,108,108,273,0.018958333333333334,23,21,0.5652173913043478,61.637362637362635,52.666666666666664,0.08770833333333333,0.0077777777777777776,0.024375,0.017430555555555557,0.012708333333333334,1,60.10412629800765,51.36087096934466,10.055763906406174,4.7965819961648,0.8789042322895877,-139.7169834088484,0.9293680077933506,0.9293680077933506,0.021264967456650272,4,0.13652777777777736,1966,0.2405523726362291,247.0,17.91393566219023,5.048541666666667,0.2917815370237186
RHF_MPM_P23,986,0.0493,49.3,0,255,5.559027777777778,31.01928592109728,80050,313.921568627451,15,243,255,0.9244250947968262,109,109,268,0.01861111111111111,23,20,0.5826086956521739,61.8134328358209,53.01119402985075,0.08159722222222222,0.0077777777777777776,0.024583333333333332,0.017291666666666667,0.012777777777777779,1,60.43621486570893,51.549019362898186,9.96700723964633,4.643297889809672,0.8848548543686897,-137.7260826693991,0.9723365650116577,0.9723365650116577,0.018413491567770144,-5,-0.03180555555555564,-458,0.38168394621029406,250.72727272727272,17.627926754241198,5.108276515151515,0.32141104658600883
RHF_MPM_P23,987,0.04935,49.35,0,255,5.5176388888888885,31.01075924368185,79454,311.5843137254902,14,240,255,0.8843798344856976,108,108,272,0.01888888888888889,23,21,0.5631469979296067,61.61764705882353,52.88970588235294,0.07708333333333334,0.007638888888888889,0.024583333333333332,0.0175,0.012777777777777779,1,60.292219397387164,51.40252221411131,10.330830342350461,4.4035259654472,0.9046049695402645,-138.02221631553914,1.1405856468727738,1.1405856468727738,0.016814760742064592,4,-0.04138888888888914,-596,0.20541691629437514,255.1818181818182,16.191008626104136,5.17832702020202,0.31901765441977775
RHF_MPM_P23,988,0.0494,49.4,0,255,5.7086805555555555,31.36278415899186,82205,322.37254901960785,16,242,255,0.9298504959945877,108,108,277,0.01923611111111111,23,21,0.5734989648033126,61.6173285198556,52.72563176895307,0.0817361111111111,0.007847222222222222,0.025486111111111112,0.017847222222222223,0.013055555555555556,1,60.126148044522836,51.13404294142692,10.607304068927606,4.545136182472456,0.9035459662223937,-137.887310049454,1.17951577853328,1.17951577853328,0.017955112219451373,5,0.191041666666667,2751,0.3156910104886205,259.3636363636364,15.322429947763908,5.260877525252526,0.32796209784041463
RHF_MPM_P23,989,0.04945,49.45,0,255,5.597361111111111,30.966562948025786,80602,316.0862745098039,16,240,255,0.9108195007360023,107,107,274,0.01902777777777778,23,21,0.567287784679089,61.722627737226276,52.68613138686131,0.079375,0.007569444444444445,0.025,0.017430555555555557,0.012569444444444444,1,60.023088757102805,50.86063621250093,11.103597023206438,4.263846731683008,0.9233306402835368,-136.68264612474172,1.2456585614746125,1.2456585614746125,0.01940398501277884,-3,-0.11131944444444475,-1603,0.2921856535587176,263.09090909090907,13.310655645722651,5.339526515151515,0.2936994425684944
RHF_MPM_P23,990,0.0495,49.5,0,255,5.455972222222222,30.33626369360798,78566,308.10196078431375,16,232,255,0.9415993332351673,105,105,268,0.01861111111111111,23,21,0.5548654244306418,61.80223880597015,52.81716417910448,0.08298611111111111,0.007291666666666667,0.024305555555555556,0.016527777777777777,0.011944444444444445,1,60.20361224957361,50.83627777919202,11.015661871586252,4.412243979929895,0.9162780530256298,-136.1208263563132,1.255899454421907,1.255899454421907,0.022974314589007967,-6,-0.1413888888888888,-2036,0.1821594483059315,265.8181818181818,10.70953849967556,5.395946969696969,0.2473863167542785
RHF_MPM_P23,991,0.04955,49.55,0,255,5.534722222222222,30.4774058375956,79700,312.54901960784315,16,236,255,0.9669866372420248,108,108,263,0.01826388888888889,22,20,0.5977272727272728,62.01140684410647,53.14448669201521,0.08597222222222223,0.007430555555555556,0.024027777777777776,0.016527777777777777,0.012083333333333333,1,59.999686323713924,50.86254705144291,11.39978610534206,4.472005313242348,0.9198422205085446,-136.70682270978534,1.3167626509115762,1.3167626509115762,0.02109159347553325,-5,0.07875000000000032,1134,0.2056109381874456,267.6363636363636,8.048407265051406,5.454210858585859,0.19140269727222856
RHF_MPM_P23,992,0.0496,49.6,0,255,5.685972222222222,31.001930905801938,81878,321.09019607843135,17,238,255,0.9903260649141469,108,108,272,0.01888888888888889,23,21,0.5631469979296067,61.838235294117645,53.04779411764706,0.08888888888888889,0.0077777777777777776,0.024652777777777777,0.017291666666666667,0.012638888888888889,1,59.60226190185398,50.70193458560297,12.230562668971958,4.342700588767216,0.9348398807936545,-137.46768168311647,1.5262279371680023,1.5262279371680023,0.025513568968465277,9,0.1512500000000001,2178,0.42865199786528163,269.90909090909093,4.756900164345865,5.518642676767677,0.1291630530735579
RHF_MPM_P23,993,0.04965,49.65,0,255,5.767083333333333,30.97598173215553,83046,325.67058823529413,18,238,255,1.049935642454475,108,108,272,0.01888888888888889,23,21,0.5631469979296067,61.75367647058823,53.05882352941177,0.0954861111111111,0.0077777777777777776,0.024791666666666667,0.017222222222222222,0.012638888888888889,1,59.32575921778292,50.61498446644028,12.455721000852982,4.451635256919263,0.9339526233706401,-138.75930633524504,1.4744116745010982,1.4744116745010982,0.028454109770488643,0,0.08111111111111047,1168,0.2898517854368105,271.0,3.592922335521728,5.564400252525252,0.11955797646702242
RHF_MPM_P23,994,0.0497,49.7,0,255,5.752569444444444,31.02214644067757,82837,324.8509803921569,18,238,255,1.0436520368380733,106,106,272,0.01888888888888889,23,21,0.5631469979296067,61.875,53.16544117647059,0.09479166666666666,0.007916666666666667,0.024652777777777777,0.017152777777777777,0.012777777777777779,1,59.36014099979478,50.824993662252375,12.197246548169163,4.472838378669328,0.9303357522347421,-140.4766397825409,1.4939713315110692,1.4939713315110692,0.028513828361722417,0,-0.014513888888888715,-209,0.21280500290160612,270.90909090909093,3.5536036883076476,5.60219696969697,0.10665534793991463
RHF_MPM_P23,995,0.04975,49.75,0,255,5.823541666666666,31.46183823673332,83859,328.8588235294118,17,245,255,1.0296177619270737,108,108,282,0.019583333333333335,23,21,0.5838509316770186,61.854609929078016,52.843971631205676,0.09340277777777778,0.008055555555555555,0.02486111111111111,0.0175,0.013194444444444444,1,59.61870520755077,50.730953147545286,12.075079779050045,4.434741665907243,0.930116756492567,-139.2890895321179,1.5384666090122119,1.5384666090122119,0.02721234453070034,10,0.07097222222222221,1022,0.275134636021814,272.09090909090907,4.699217448480031,5.635763888888889,0.1127573748773249
RHF_MPM_P23,996,0.0498,49.8,0,255,6.00875,32.221629314169114,86526,339.3176470588235,17,250,255,1.0029890394220338,108,108,291,0.02020833333333333,23,22,0.575098814229249,61.6426116838488,52.628865979381445,0.09020833333333333,0.008472222222222223,0.026111111111111113,0.01875,0.013680555555555555,1,59.79423525876615,50.7885722210665,11.54844234205002,4.438542348435315,0.9231911130937994,-138.52932267211276,1.4338553701499936,1.4338553701499936,0.02302198183205048,9,0.18520833333333364,2667,0.18474511228478577,273.72727272727275,7.199632681172121,5.673756313131313,0.15405981673090516
RHF_MPM_P23,997,0.04985,49.85,0,255,5.913680555555556,32.00064637468993,85157,333.9490196078431,17,248,255,0.9733670546034157,109,109,286,0.01986111111111111,23,22,0.5652173913043478,61.67132867132867,52.74825174825175,0.08638888888888889,0.008263888888888888,0.026180555555555554,0.018541666666666668,0.01361111111111111,1,59.918738330378005,51.10421926559179,10.927523013785445,4.536596973941425,0.909751481293092,-139.4291222865908,1.2451195507907602,1.2451195507907602,0.018565708045140152,-5,-0.09506944444444443,-1369,0.3393141193029461,275.3636363636364,7.737426483982987,5.705997474747474,0.16349736895166522
RHF_MPM_P23,998,0.0499,49.9,0,255,5.9134722222222225,31.860747561315872,85154,333.9372549019608,17,247,255,0.9768942465912459,108,108,289,0.020069444444444445,24,22,0.5473484848484849,61.57785467128028,52.65743944636678,0.086875,0.008194444444444445,0.025902777777777778,0.01840277777777778,0.013472222222222222,1,60.0997017168894,51.19928599948329,10.576510978896039,4.55505131602462,0.9025065265312479,-138.8393025818066,1.1218644291483886,1.1218644291483886,0.017908730065528337,3,-0.00020833333333314386,-3,0.20441485061137143,276.90909090909093,8.564775064228273,5.741982323232323,0.16163035764672704
RHF_MPM_P23,999,0.04995,49.95,0,255,6.004513888888889,32.2543480128791,86465,339.078431372549,17,249,255,0.9932232644499408,108,108,296,0.020555555555555556,23,22,0.5849802371541502,61.692567567567565,52.6554054054054,0.08895833333333333,0.008541666666666666,0.025902777777777778,0.018819444444444444,0.013680555555555555,1,60.11213785924941,51.18386630428497,10.732742584252826,4.605872446973455,0.9032369553902025,-139.360555135231,1.2216609061301278,1.2216609061301278,0.021766032498698896,7,0.09104166666666647,1311,0.01980971066945325,278.6363636363636,10.173698060754749,5.768876262626263,0.17766817619100408
RHF_MPM_P23,1000,0.05,50.0,0,255,5.934166666666667,32.09597325686753,85452,335.1058823529412,17,249,255,0.9427187514022323,107,107,292,0.020277777777777777,23,22,0.5770750988142292,61.67123287671233,52.54794520547945,0.08326388888888889,0.008611111111111111,0.026180555555555554,0.018541666666666668,0.013541666666666667,1,59.90215559612414,50.813404016289844,11.30221777314701,4.370794000692067,0.9221971687747138,-138.30392683541606,1.3692108714036422,1.3692108714036422,0.0196250526611431,-4,-0.0703472222222219,-1013,0.42583430774632564,280.27272727272725,10.728813448677768,5.7994949494949495,0.17446456159263127
RHF_MPM_P23,1001,0.05005,50.05,0,255,5.856319444444445,31.772603201992887,84331,330.7098039215686,17,247,255,0.9567959447516998,108,108,287,0.019930555555555556,23,22,0.567193675889328,61.87108013937282,52.599303135888505,0.08472222222222223,0.008333333333333333,0.026041666666666668,0.017986111111111112,0.013333333333333334,1,59.73065657943105,50.58454186479468,11.730397046593716,4.336453129786326,0.9291604931018699,-137.61480947914797,1.4866742539812967,1.4866742539812967,0.021664631037222375,-5,-0.07784722222222218,-1121,0.28598915558757193,282.0,10.126472956832233,5.8358901515151524,0.13667052512293518
RHF_MPM_P23,1002,0.0501,50.1,0,255,6.010972222222223,32.018738292327534,86558,339.44313725490196,18,250,255,1.019605330258416,108,108,291,0.02020833333333333,23,22,0.575098814229249,61.78350515463917,52.5360824742268,0.0920138888888889,0.008333333333333333,0.025902777777777778,0.018333333333333333,0.01361111111111111,1,59.39789505302803,50.226622611428176,12.605766030024553,4.376635949134646,0.9377936330821531,-137.0636447846929,1.5539218883898824,1.5539218883898824,0.027888814436562766,4,0.15465277777777775,2227,0.4887089372873206,284.54545454545456,8.40306909693916,5.879185606060608,0.10651474777631825
RHF_MPM_P23,1003,0.05015,50.15,0,255,6.064791666666666,32.31268084988613,87333,342.4823529411765,18,250,255,1.0029890334228815,108,108,295,0.02048611111111111,23,22,0.5830039525691699,61.57966101694915,52.49152542372882,0.09,0.00875,0.026111111111111113,0.018680555555555554,0.013680555555555555,1,59.37544799789312,50.30794774025855,12.342124235895866,4.359836107637199,0.9355295511460043,-138.03396596648668,1.4782586416915884,1.4782586416915884,0.026713842419245876,4,0.053819444444443754,775,0.084366147615654,286.6363636363636,7.865606689572097,5.9136237373737375,0.09948580104264142
RHF_MPM_P23,1004,0.0502,50.2,0,255,5.851041666666666,31.75920195214535,84255,330.4117647058824,17,247,255,0.9571232950091595,108,108,286,0.01986111111111111,23,22,0.5652173913043478,61.76923076923077,52.73426573426573,0.08479166666666667,0.008194444444444445,0.025763888888888888,0.017916666666666668,0.013402777777777777,1,59.68841018337191,50.710937036377665,11.88165662681745,4.296986565554657,0.9323144123362895,-138.42750147315044,1.5433079468411217,1.5433079468411217,0.02186220402350009,-9,-0.2137500000000001,-3078,0.5102408277727691,287.90909090909093,6.388264033003951,5.9212563131313125,0.09079110785357267
RHF_MPM_P23,1005,0.05025,50.25,0,255,5.806805555555556,31.662673578345494,83618,327.9137254901961,17,246,255,0.9493397568761468,107,107,285,0.019791666666666666,23,21,0.5900621118012422,61.680701754385964,52.656140350877195,0.08402777777777778,0.008194444444444445,0.025416666666666667,0.017916666666666668,0.013402777777777777,1,59.67107560573082,50.65898490755579,11.804168487362352,4.316906473198918,0.9307287183043892,-138.11907718832876,1.5158077554201594,1.5158077554201594,0.023404051759190605,-1,-0.044236111111110255,-637,0.05476779410492509,289.09090909090907,4.144098661833265,5.9261868686868695,0.08259957076787157
RHF_MPM_P23,1006,0.0503,50.3,0,255,6.022083333333334,32.30145655631835,86718,340.0705882352941,17,251,255,0.9775451561203254,108,108,297,0.020625,23,22,0.5869565217391305,61.68013468013468,52.60606060606061,0.08694444444444445,0.008611111111111111,0.026041666666666668,0.01875,0.013819444444444445,1,59.782524965981686,50.653486012131275,11.711874136747767,4.418372285727941,0.9261091035905303,-137.79354420841432,1.4635335997678924,1.4635335997678924,0.02315551557923384,12,0.21527777777777768,3100,0.11158493514456627,290.45454545454544,4.053363056292355,5.944236111111111,0.07984425052582944
RHF_MPM_P23,1007,0.05035,50.35,0,255,5.889722222222222,31.91019177021236,84812,332.5960784313726,17,249,255,0.9650021192165017,107,107,293,0.02034722222222222,23,22,0.5790513833992095,61.744027303754265,52.62116040955632,0.08583333333333333,0.008402777777777778,0.026111111111111113,0.018055555555555554,0.013541666666666667,1,59.93183747582889,50.662866103853226,11.408606790371339,4.449019246770429,0.9208273818004773,-136.56288072716504,1.440629330155812,1.440629330155812,0.02142385511484224,-4,-0.13236111111111182,-1906,0.1496068571877115,290.6363636363636,4.118091510147681,5.933415404040404,0.07842072155887307
RHF_MPM_P23,1008,0.0504,50.4,0,255,5.945486111111111,31.976276152317226,85615,335.7450980392157,17,250,255,1.006075100517618,109,109,288,0.02,22,22,0.5950413223140496,61.9375,52.77430555555556,0.09034722222222222,0.008541666666666666,0.025763888888888888,0.018194444444444444,0.01361111111111111,1,60.023500554809324,50.60421655083805,11.441584635828775,4.595774930114667,0.9157831893471611,-136.24170145107203,1.4041765114737639,1.4041765114737639,0.023185189511183788,-5,0.05576388888888939,803,0.10882044898387591,290.8181818181818,3.9501019968000786,5.936306818181818,0.07822588502030824
RHF_MPM_P23,1009,0.05045,50.45,0,255,6.020347222222222,32.46730731557333,86693,339.97254901960787,17,251,255,0.9635189536272746,105,105,302,0.020972222222222222,24,22,0.571969696969697,61.51655629139073,52.49337748344371,0.08583333333333333,0.008819444444444444,0.026597222222222223,0.019166666666666665,0.013888888888888888,1,60.05236870335552,50.78059358887107,10.94927174576634,4.603570945880493,0.9073178412659353,-136.8437351361431,1.3479177060704939,1.3479177060704939,0.021224320302677263,14,0.07486111111111082,1078,0.17872389192770388,292.0,5.027198750072179,5.9460227272727275,0.08136068009116217
RHF_MPM_P23,1010,0.0505,50.5,0,255,6.12625,32.50216069473519,88218,345.9529411764706,18,251,255,1.0140783480771822,108,108,302,0.020972222222222222,23,22,0.5968379446640316,61.549668874172184,52.496688741721854,0.09090277777777778,0.00875,0.02701388888888889,0.01888888888888889,0.014027777777777778,1,59.9936180824775,50.69539096329547,10.946588495074135,4.8111318326960735,0.8982378432394933,-137.594538521351,1.2245166767191291,1.2245166767191291,0.019633181436894964,0,0.10590277777777768,1525,0.10349455472887731,292.54545454545456,5.710654099832513,5.957089646464647,0.09559791413517456
RHF_MPM_P23,1011,0.05055,50.55,0,255,6.169791666666667,32.72991523584328,88845,348.4117647058824,18,252,255,1.0057414093433195,108,108,303,0.021041666666666667,23,22,0.5988142292490118,61.524752475247524,52.462046204620464,0.08993055555555556,0.008958333333333334,0.02715277777777778,0.019166666666666665,0.01423611111111111,1,60.124216331813834,50.928414654735775,10.63533128052565,4.798235131371741,0.8924431260482161,-137.84588926074935,1.1950749818058355,1.1950749818058355,0.01976475884968203,1,0.043541666666667034,627,0.26712533294725355,293.54545454545456,6.443652780607036,5.978510101010101,0.11289498936054272
RHF_MPM_P23,1012,0.0506,50.6,0,255,6.329444444444444,33.07027357213427,91144,357.42745098039217,19,253,255,1.0457304587178204,109,109,308,0.021388888888888888,24,22,0.5833333333333334,61.54545454545455,52.503246753246756,0.09451388888888888,0.009236111111111112,0.027777777777777776,0.019375,0.014583333333333334,1,60.2965636794523,51.02956859475116,10.521567654220402,4.9720360293389385,0.8813003338710087,-138.0420736364957,1.0950496185047587,1.0950496185047587,0.018596945492846486,5,0.15965277777777764,2299,0.19983925494919655,295.45454545454544,7.278406873181125,6.021521464646465,0.14399263563213624
RHF_MPM_P23,1013,0.05065,50.65,0,255,6.242222222222222,32.76961788261864,89888,352.5019607843137,19,252,255,1.0332147235779912,109,109,301,0.020902777777777777,23,22,0.5948616600790514,61.584717607973424,52.56810631229236,0.09284722222222222,0.008888888888888889,0.02736111111111111,0.019097222222222224,0.014166666666666666,1,60.13041785332859,50.91680758276967,10.767451188010323,4.859826017944304,0.8923499680535805,-138.24690382315575,1.1765749275688768,1.1765749275688768,0.019624421502313992,-7,-0.08722222222222253,-1256,0.20079711492304844,296.3636363636364,7.289752798810711,6.042544191919192,0.15719377227895
RHF_MPM_P23,1014,0.0507,50.7,0,255,6.207013888888889,32.6699529507675,89381,350.51372549019607,19,252,255,1.0332306594948273,108,108,305,0.021180555555555557,23,22,0.6027667984189723,61.81311475409836,52.61311475409836,0.093125,0.008958333333333334,0.02701388888888889,0.018958333333333334,0.014305555555555556,1,60.28310267282756,51.01074053769817,10.852355565076161,4.86373775171402,0.893946614184138,-137.50897577985387,1.2685684123180172,1.2685684123180172,0.02145869927613251,4,-0.035208333333333286,-507,0.17926531769149603,297.27272727272725,7.676302484576199,6.055473484848486,0.16418537217333132
RHF_MPM_P23,1015,0.05075,50.75,0,255,6.107638888888889,32.647519005323076,87950,344.9019607843137,18,251,255,0.9798714779304478,109,109,299,0.020763888888888887,23,21,0.6190476190476191,61.819397993311036,52.77591973244147,0.08770833333333333,0.009166666666666667,0.02652777777777778,0.01861111111111111,0.014444444444444444,1,60.36264923251848,51.12868675383741,10.634621659042786,4.4138792620564224,0.9097994802904901,-138.09259089910034,1.293555460011854,1.293555460011854,0.023990903922683344,-6,-0.09937499999999932,-1431,0.14226371659781928,298.45454545454544,6.800583348823652,6.078800505050506,0.15119776732949433
RHF_MPM_P23,1016,0.0508,50.8,0,12,0.021111111111111112,0.3654888490302161,304,25.333333333333332,0,0,7,0.06083107152284136,3,8,11,0.0007638888888888889,93,107,0.0011054165410511506,90.0,63.18181818181818,0.004930555555555555,0.0,0.0,0.0,0.0,0,84.04605263157895,65.0032894736842,33.39001780546232,26.12336573223546,0.6228132648897258,114.6289918829672,-0.11849774855401728,0.11849774855401728,0.0,-288,-6.086527777777778,-87646,27.448282226693333,273.54545454545456,83.19349148096495,5.552828282828283,1.7536967030753667
RHF_MPM_P23,1017,0.05085,50.85,0,255,3.504583333333333,22.667193157947946,50466,197.90588235294118,12,102,255,0.8611571155887027,106,106,144,0.01,15,13,0.7384615384615385,67.04861111111111,57.451388888888886,0.0770138888888889,0.003263888888888889,0.013958333333333333,0.00875,0.006388888888888889,1,70.84141798438553,59.657690326160186,10.21064155356901,5.692749283625128,0.8301561145171049,-144.7139829128719,-0.9791879878275765,0.9791879878275765,0.03109023897277375,133,3.483472222222222,50162,14.245624114508649,259.6363636363636,90.57219393417377,5.323964646464646,1.8396866397275657
RHF_MPM_P23,1018,0.0509,50.9,0,255,5.435902777777778,27.092450822066713,78277,306.96862745098036,23,165,255,1.2179727086986696,100,100,226,0.015694444444444445,27,25,0.3348148148148148,70.81858407079646,61.36725663716814,0.1123611111111111,0.004930555555555555,0.022430555555555554,0.0125,0.008541666666666666,1,78.05653001520243,66.5320720007154,18.686946091831633,4.718930636004371,0.9675902364197683,-140.57691147377193,-1.1094713677486188,1.1094713677486188,0.02694278012698494,82,1.9313194444444446,27811,9.965689390338197,253.54545454545453,90.37634810900838,5.282708333333333,1.8316073877117494
RHF_MPM_P23,1019,0.05095,50.95,0,255,6.390138888888889,29.86885013377722,92018,360.85490196078433,31,211,255,1.2414273514526581,110,110,219,0.015208333333333334,36,33,0.18434343434343434,69.79452054794521,60.36073059360731,0.11229166666666666,0.006597222222222222,0.03263888888888889,0.013958333333333333,0.010555555555555556,1,79.83008759155817,68.45304179617031,20.097611975614182,4.5355822915918855,0.9742020263667303,-139.28162317780317,-0.8732340732612733,0.8732340732612733,0.015801256275946012,-7,0.9542361111111113,13741,2.6145040508094315,247.27272727272728,90.16156297456544,5.323131313131314,1.8505968499705872
RHF_MPM_P23,1020,0.051,51.0,0,255,5.9551388888888885,30.332611048774968,85754,336.2901960784314,28,238,255,1.100996260405858,108,108,241,0.01673611111111111,20,20,0.6025,70.0954356846473,60.912863070539416,0.09875,0.007638888888888889,0.024375,0.015416666666666667,0.011875,1,76.72916715255265,66.21956993259789,18.744761665593757,4.345061783766799,0.9727631346970586,-139.03958066455408,-1.4490158788278162,1.4490158788278162,0.017760104484921987,22,-0.4350000000000005,-6264,3.821531647705124,241.72727272727272,88.48532586006554,5.317203282828283,1.8484571627387267
RHF_MPM_P23,1021,0.05105,51.05,0,255,5.436527777777778,30.697394010807887,78286,307.00392156862745,16,241,255,0.8651500961324461,108,108,261,0.018125,21,20,0.6214285714285714,70.3103448275862,60.946360153256705,0.07479166666666667,0.00798611111111111,0.024166666666666666,0.01659722222222222,0.0125,1,72.23691336892931,62.36952967324937,10.710924077267656,4.538296497018151,0.9057991729240666,-137.1921406581468,-1.5037504599854499,1.5037504599854499,0.02355465855964029,20,-0.5186111111111105,-7468,5.916346343401701,238.0,86.71374012965147,5.254501262626262,1.8315707981525833
RHF_MPM_P23,1022,0.0511,51.1,0,255,6.098819444444445,32.75056867607475,87823,344.4039215686274,18,251,255,0.9358858178875864,109,109,302,0.020972222222222222,23,22,0.5968379446640316,71.18543046357615,61.711920529801326,0.08180555555555556,0.00875,0.027083333333333334,0.019444444444444445,0.014375,1,72.62800177630005,62.70553271921934,10.315987476351198,4.563521906954995,0.8968307972266398,-137.1114772093785,-1.0430817682599962,1.0430817682599962,0.022272069958894594,41,0.6622916666666665,9537,0.5156046831448358,237.9090909090909,86.64604543822324,5.248049242424242,1.828457527517934
RHF_MPM_P23,1023,0.05115,51.15,0,255,6.874097222222222,34.59876436684944,98987,388.1843137254902,21,253,255,1.0395450723321302,105,105,353,0.02451388888888889,26,26,0.522189349112426,72.48158640226629,62.906515580736546,0.09215277777777778,0.009444444444444445,0.03180555555555555,0.022222222222222223,0.01576388888888889,1,73.71975107842444,63.77091941366038,11.13001416135212,4.6728724362156395,0.9075961693593079,-136.60112635448792,-0.8010714665930984,0.8010714665930984,0.015769747542606606,51,0.7752777777777773,11164,1.5254393948568006,242.0,90.8205022908574,5.297563131313131,1.864097997858916
RHF_MPM_P23,1024,0.0512,51.2,0,255,7.069375,34.63793249697404,101799,399.21176470588233,27,254,255,1.068694916908589,106,106,356,0.024722222222222222,28,26,0.489010989010989,72.26966292134831,62.75561797752809,0.09402777777777778,0.009652777777777777,0.03256944444444444,0.021597222222222223,0.015625,1,74.1771530172202,64.28408923466831,12.007596477238001,4.501774614569056,0.9270609896631203,-136.55623255453565,-0.891826970176968,0.891826970176968,0.011689702256407234,3,0.1952777777777781,2812,0.6874298500992261,247.0,95.33290951378562,5.372758838383838,1.9166308736435445
RHF_MPM_P23,1025,0.05125,51.25,0,255,7.068958333333334,34.51538357141055,101793,399.18823529411765,28,255,255,1.0875376172491782,107,107,344,0.02388888888888889,26,25,0.5292307692307693,71.68313953488372,62.383720930232556,0.09618055555555556,0.010069444444444445,0.03131944444444444,0.021597222222222223,0.015625,1,74.1849636026053,64.51136129203384,12.554680270582466,4.539406735899804,0.9323446262283179,-136.05653418282213,-1.00661968873468,1.00661968873468,0.01192616388160286,-12,-0.0004166666666662877,-6,0.22740622969306754,250.54545454545453,98.10881124025103,5.451117424242425,1.9661171576452683
RHF_MPM_P23,1026,0.0513,51.3,0,255,7.23625,34.895845300992974,104202,408.63529411764705,30,255,255,1.1258656768196063,109,109,346,0.024027777777777776,26,25,0.5323076923076923,71.69364161849711,62.26878612716763,0.10048611111111111,0.010277777777777778,0.031180555555555555,0.021805555555555557,0.016319444444444445,1,74.4456248440529,64.68617684881288,13.114503867603371,4.651949170824994,0.9349733776228026,-135.96894487986395,-0.9905211153245864,0.9905211153245864,0.014865357670678106,2,0.1672916666666664,2409,0.31385468243276676,254.8181818181818,101.10374346258779,5.553718434343434,2.0262294739678497
RHF_MPM_P23,1027,0.05135,51.35,0,255,7.282569444444444,35.00434221569534,104869,411.25098039215686,31,255,255,1.1381863295855326,108,108,340,0.02361111111111111,25,24,0.5666666666666667,71.46764705882353,62.05,0.10201388888888889,0.010625,0.030069444444444444,0.021458333333333333,0.01659722222222222,1,74.75867034109223,64.97197455873518,13.786232890846515,4.561699897124833,0.9436700110597099,-136.0064081611686,-1.116129182824272,1.116129182824272,0.01745987851509979,-6,0.04631944444444436,667,0.4238841990608206,284.72727272727275,67.69596591860473,6.21385101010101,1.0764977524631358
RHF_MPM_P23,1028,0.0514,51.4,0,255,7.374722222222222,35.17536029872418,106196,416.4549019607843,31,255,255,1.1789038039417108,109,109,339,0.023541666666666666,25,24,0.565,71.48967551622418,62.11209439528024,0.10756944444444444,0.011041666666666667,0.030069444444444444,0.021736111111111112,0.016805555555555556,1,75.13325360653886,65.346387811217,14.606830097916465,4.523086169816743,0.9508487963297805,-135.95287866536404,-1.2368214507257327,1.2368214507257327,0.021093073185430713,-1,0.09215277777777775,1327,0.52962053055624,302.45454545454544,52.30568131207796,6.565681818181818,0.7002063368446164
RHF_MPM_P23,1029,0.05145,51.45,0,255,7.474861111111111,35.19047663522112,107638,422.10980392156864,30,255,255,1.225057372309747,111,111,341,0.023680555555555555,26,24,0.5464743589743589,71.65982404692082,62.19061583577712,0.11284722222222222,0.010902777777777779,0.03076388888888889,0.021944444444444444,0.016527777777777777,1,75.59953733811479,65.69009086010517,15.477938144356216,4.513874192180754,0.9565303546020992,-136.58556410203926,-1.303373920394081,1.303373920394081,0.025260595700403204,2,0.100138888888889,1442,0.5792687667632337,312.90909090909093,47.225675885157195,6.751041666666667,0.644236218292107
RHF_MPM_P23,1030,0.0515,51.5,0,255,7.467013888888889,35.12187543595439,107525,421.6666666666667,27,255,255,1.2579485793584673,111,111,337,0.02340277777777778,26,25,0.5184615384615384,71.5727002967359,62.11572700296736,0.11715277777777777,0.011111111111111112,0.031180555555555555,0.021944444444444444,0.01659722222222222,1,75.64942106486863,65.74338990932341,15.752187014593666,4.559785870556181,0.9571870811088244,-136.20052185545805,-1.3621020325751454,1.3621020325751454,0.028616600790513834,-4,-0.007847222222221895,-113,0.07300119754100495,323.6363636363636,36.962567618587826,6.8489393939393945,0.6634883808999605
RHF_MPM_P23,1031,0.05155,51.55,0,255,7.502638888888889,35.24931628545185,108038,423.678431372549,29,255,255,1.2390434207177767,110,110,343,0.023819444444444445,26,25,0.5276923076923077,71.76093294460641,62.2332361516035,0.11479166666666667,0.011111111111111112,0.03166666666666667,0.022152777777777778,0.01638888888888889,1,75.78804679834873,65.86306669875414,15.81323061679248,4.3645173481101835,0.9611564423316302,-136.31074578631734,-1.37103431839927,1.37103431839927,0.027379255447157483,6,0.035624999999999574,513,0.18313827538595415,332.90909090909093,26.33509426758607,6.989621212121211,0.6218099476319172
RHF_MPM_P23,1032,0.0516,51.6,0,255,7.387152777777778,34.840223225365904,106375,417.15686274509807,29,255,255,1.2192438014786238,111,111,331,0.02298611111111111,26,25,0.5092307692307693,71.55287009063444,62.03021148036254,0.1123611111111111,0.010763888888888889,0.03145833333333333,0.021736111111111112,0.01638888888888889,1,75.77429847238542,65.73364982373678,15.951146693475248,4.388620482433346,0.961407365032464,-136.79670947811834,-1.3444875215760421,1.3444875215760421,0.025598119858989424,-12,-0.11548611111111118,-1663,0.13014508829015065,339.27272727272725,13.538436253805207,7.166950757575757,0.3876681343159952
RHF_MPM_P23,1033,0.05165,51.65,0,255,7.219513888888889,34.565323740987175,103961,407.69019607843137,28,255,255,1.1854153814669985,110,110,330,0.022916666666666665,25,24,0.55,71.33333333333333,61.833333333333336,0.10868055555555556,0.010486111111111111,0.029930555555555554,0.021388888888888888,0.01625,1,75.54342493819797,65.43511509123614,15.833252132090115,4.294106084107217,0.9625207381708595,-137.27614466437973,-1.3927070549957137,1.3927070549957137,0.02555766104596916,-1,-0.1676388888888889,-2414,0.3773931309621763,341.8181818181818,7.637445810766628,7.268832070707069,0.19089096484817533
RHF_MPM_P23,1034,0.0517,51.7,0,255,7.060555555555555,34.177481210785274,101672,398.71372549019605,26,255,255,1.1888802273757797,112,112,315,0.021875,25,23,0.5478260869565217,70.91746031746031,61.34285714285714,0.10979166666666666,0.010208333333333333,0.029375,0.020555555555555556,0.01576388888888889,1,75.20805138091117,65.154191911244,15.717242229803418,4.413334418540148,0.9597675557764402,-136.68677311069752,-1.4479327746408148,1.4479327746408148,0.027431347863718626,-15,-0.15895833333333353,-2289,0.43748514944407085,338.3636363636364,10.020639856840274,7.285782828282827,0.16102960236505642
RHF_MPM_P23,1035,0.05175,51.75,0,255,6.933611111111111,33.921501019328744,99844,391.5450980392157,26,255,255,1.1664353500683458,110,110,320,0.022222222222222223,25,23,0.5565217391304348,71.13125,61.534375,0.10715277777777778,0.010138888888888888,0.029027777777777777,0.02048611111111111,0.015347222222222222,1,75.20227554985777,65.02181402988663,15.61104115806269,4.450362164540096,0.9585043637050074,-137.29134080181353,-1.4396833650358378,1.4396833650358378,0.026601498337406354,5,-0.12694444444444386,-1828,0.13250382521657103,335.09090909090907,9.595970228595917,7.273440656565655,0.18109585864956565
RHF_MPM_P23,1036,0.0518,51.8,0,255,6.608819444444444,32.9173180103601,95167,373.20392156862744,24,252,255,1.1369947133068232,110,110,293,0.02034722222222222,23,22,0.5790513833992095,70.41296928327645,60.91126279863481,0.10368055555555555,0.009236111111111112,0.027916666666666666,0.01923611111111111,0.014375,1,74.9094118759654,64.73994136622989,15.59970372337718,4.338113362585709,0.9605551758701514,-137.5920855769519,-1.4582065662303478,1.4582065662303478,0.02647976714617462,-27,-0.32479166666666703,-4677,0.40647426733150427,330.45454545454544,14.980979676446921,7.231609848484848,0.25961740447253456
RHF_MPM_P23,1037,0.05185,51.85,0,255,6.4522916666666665,32.622743881521906,92913,364.36470588235295,23,252,255,1.1200966620000492,110,110,292,0.020277777777777777,23,21,0.6045548654244306,70.34246575342466,60.667808219178085,0.10256944444444445,0.009305555555555555,0.026180555555555554,0.019097222222222224,0.014305555555555556,1,74.69893341082518,64.49891834296601,15.624684420393917,4.302787940390962,0.9613343112433393,-137.4659593185847,-1.531571737599046,1.531571737599046,0.027767911917600335,-1,-0.15652777777777782,-2254,0.3199895030013417,325.54545454545456,17.685965860810434,7.160340909090909,0.34283001119242995
RHF_MPM_P23,1038,0.0519,51.9,0,255,6.262152777777778,32.345883918617204,90175,353.62745098039215,21,250,255,1.0783176548172808,110,110,290,0.02013888888888889,23,21,0.6004140786749482,70.31724137931035,60.59310344827586,0.09798611111111111,0.009027777777777777,0.02625,0.01875,0.014097222222222223,1,74.2181535902412,63.924835042972,14.820396947347247,4.237371033439489,0.958255038733196,-138.01567764032004,-1.5892283608395052,1.5892283608395052,0.028344884945938453,-2,-0.19013888888888886,-2738,0.7488129747892798,321.0,19.697715603592208,7.0675757575757565,0.42533404839890293
RHF_MPM_P23,1039,0.05195,51.95,0,255,6.189097222222222,32.35186334177666,89123,349.5019607843137,21,251,255,1.0557277662199742,111,111,285,0.019791666666666666,23,21,0.5900621118012422,70.23157894736842,60.54736842105263,0.09576388888888888,0.009166666666666667,0.025833333333333333,0.018819444444444444,0.014097222222222223,1,74.02360782289645,63.74329858734558,14.49578909545577,4.26372271149473,0.9557638035283245,-137.77291268353196,-1.652012313051289,1.652012313051289,0.02792769543215556,-5,-0.07305555555555543,-1052,0.26608934648565125,316.09090909090907,21.26651035807044,6.959791666666666,0.480491571541761
RHF_MPM_P23,1040,0.052,52.0,0,255,6.061944444444444,31.865688994716947,87292,342.321568627451,20,248,255,1.0638702843512684,110,110,280,0.019444444444444445,22,20,0.6363636363636364,69.97857142857143,60.30714285714286,0.09680555555555556,0.00875,0.025694444444444443,0.018055555555555554,0.013819444444444445,1,73.8273266736929,63.677633689226965,14.548878838898077,4.283994772124616,0.9556652471475768,-136.9456715383153,-1.6914434667693587,1.6914434667693587,0.02976217751913119,-5,-0.1271527777777779,-1831,0.20697383500722197,310.54545454545456,21.989103236763086,6.831344696969697,0.5133616385368434
RHF_MPM_P23,1041,0.05205,52.05,0,255,6.040763888888889,31.99986010342383,86987,341.12549019607843,19,248,255,1.037801542320868,109,109,283,0.01965277777777778,22,20,0.6431818181818182,70.04946996466431,60.3886925795053,0.09381944444444444,0.00875,0.025694444444444443,0.01840277777777778,0.013819444444444445,1,73.59095037189465,63.49737317070367,14.049936550328217,4.190505764180463,0.9544852929267096,-137.07712748875193,-1.683968665242364,1.683968665242364,0.0285215032131238,3,-0.021180555555555536,-305,0.29726690126905003,305.6363636363636,21.558684085633153,6.7016856060606065,0.5165407935377745
RHF_MPM_P23,1042,0.0521,52.1,0,255,6.069861111111111,32.14221406469551,87406,342.7686274509804,19,249,255,1.0290543428816825,110,110,285,0.019791666666666666,23,21,0.5900621118012422,70.10877192982456,60.49122807017544,0.09305555555555556,0.009027777777777777,0.025833333333333333,0.01861111111111111,0.013958333333333333,1,73.51862572363453,63.3720797199277,13.832489570163517,4.325097368676648,0.9498596071372257,-137.25093273197905,-1.6692235537905888,1.6692235537905888,0.027480950964464682,2,0.029097222222222108,419,0.14466963590643606,300.3636363636364,18.675568518900093,6.57143308080808,0.47730411619832414
RHF_MPM_P23,1043,0.05215,52.15,0,255,5.996736111111111,31.96117093725389,86353,338.6392156862745,19,249,255,1.0098519318693902,109,109,283,0.01965277777777778,22,20,0.6431818181818182,70.01413427561837,60.32508833922262,0.09097222222222222,0.008888888888888889,0.025555555555555557,0.01826388888888889,0.013888888888888888,1,73.36079811934734,63.22183363635311,13.639912757249482,4.279095042352232,0.9495159858816429,-137.35743703982013,-1.7437050239988827,1.7437050239988827,0.0272601994140331,-2,-0.0731250000000001,-1053,0.21790694872935118,296.0,16.486909407714407,6.445031565656564,0.42588289281684166
RHF_MPM_P23,1044,0.0522,52.2,0,255,5.945277777777778,32.0548042842351,85612,335.73333333333335,18,249,255,0.9737735242690253,108,108,285,0.019791666666666666,23,20,0.6195652173913043,70.03859649122808,60.343859649122805,0.08715277777777777,0.008819444444444444,0.025902777777777778,0.018194444444444444,0.013888888888888888,1,72.89517824604027,62.64001541839929,12.44009631392329,4.304373560924129,0.9382315407895045,-138.64308040797488,-1.6034219226445687,1.6034219226445687,0.025475400644769424,2,-0.05145833333333272,-741,0.7451941392425523,291.90909090909093,12.68825187081302,6.329191919191919,0.3689620011490119
RHF_MPM_P23,1045,0.05225,52.25,0,255,6.015,32.36020228099118,86616,339.67058823529413,18,251,255,0.9859630112756569,111,111,284,0.01972222222222222,23,20,0.6173913043478261,70.05985915492958,60.316901408450704,0.08861111111111111,0.009236111111111112,0.025694444444444443,0.018680555555555554,0.014166666666666666,1,72.89624318832549,62.51968458483421,12.141406272398866,4.49085707512458,0.9290797425644723,-138.90289680516287,-1.5512994559380184,1.5512994559380184,0.026196083864413043,-1,0.06972222222222157,1004,0.1203355459061752,289.09090909090907,10.500688682649217,6.234141414141414,0.2957126601475988
RHF_MPM_P23,1046,0.0523,52.3,0,255,6.080694444444444,32.523959366151594,87562,343.38039215686274,19,251,255,0.9893817853261437,110,110,288,0.02,23,21,0.5962732919254659,70.18055555555556,60.479166666666664,0.08861111111111111,0.009166666666666667,0.025694444444444443,0.01902777777777778,0.014444444444444444,1,73.05140357689409,62.87213631483977,12.688067538426672,4.371187036235977,0.9387820436887477,-137.75668319033855,-1.5608816858901031,1.5608816858901031,0.025821703478677967,4,0.0656944444444445,946,0.385093453806571,286.1818181818182,3.8804447218932805,6.156603535353534,0.19772812314373928
RHF_MPM_P23,1047,0.05235,52.35,0,255,6.048333333333333,32.63233991508015,87096,341.5529411764706,18,252,255,0.9660011695858661,110,110,292,0.020277777777777777,22,21,0.6320346320346321,70.16438356164383,60.523972602739725,0.08631944444444445,0.009236111111111112,0.025833333333333333,0.019166666666666665,0.014444444444444444,1,72.77547763387527,62.69336134839717,12.343730956495348,4.325743626050147,0.9365849852035248,-137.52849475376067,-1.5930459428156527,1.5930459428156527,0.027647653164324423,4,-0.032361111111111285,-466,0.32877897538829737,286.09090909090907,3.728381209892705,6.105650252525252,0.137749812199579
RHF_MPM_P23,1048,0.0524,52.4,0,255,6.013333333333334,32.74119203015608,86592,339.5764705882353,17,253,255,0.9286805351709831,112,112,289,0.020069444444444445,23,20,0.6282608695652174,70.25951557093425,60.54671280276817,0.0825,0.009305555555555555,0.025972222222222223,0.01923611111111111,0.014652777777777778,1,72.54432280118256,62.412497690317814,11.573513618907095,4.291071515986508,0.9287261050532157,-138.09986992134174,-1.5079953343806525,1.5079953343806525,0.02536031042128603,-3,-0.034999999999999254,-504,0.36375397057202163,285.8181818181818,3.3795691446256555,6.06574494949495,0.08505105238673182
RHF_MPM_P23,1049,0.05245,52.45,0,255,6.01875,32.73422747580123,86670,339.88235294117646,17,253,255,0.9603132721305547,111,111,293,0.02034722222222222,23,21,0.6066252587991718,70.18088737201366,60.49829351535836,0.08631944444444445,0.00951388888888889,0.026041666666666668,0.019097222222222224,0.014583333333333334,1,72.40784585208262,62.13534094842506,11.27531470882798,4.56562840313459,0.9143510182546623,-139.28350528660621,-1.369900666226706,1.369900666226706,0.024956732433367948,4,0.005416666666666181,78,0.3089365909247961,286.09090909090907,3.80082635643034,6.0436174242424245,0.05863375213866304
RHF_MPM_P23,1050,0.0525,52.5,0,255,6.082430555555556,32.86672070961006,87587,343.47843137254904,17,253,255,0.9574429512270934,111,111,294,0.020416666666666666,23,20,0.6391304347826087,70.22448979591837,60.46938775510204,0.08569444444444445,0.009583333333333333,0.02625,0.019375,0.014652777777777778,1,72.51198237181318,62.27121604804366,11.405215330244129,4.395547997956028,0.9227504138013983,-138.9495724702995,-1.36671640883062,1.36671640883062,0.024763948987863497,1,0.06368055555555596,917,0.1711912890247578,286.90909090909093,4.399474048204676,6.033920454545455,0.03945633938716197
RHF_MPM_P23,1051,0.05255,52.55,0,255,6.079652777777778,32.86043893653368,87547,343.321568627451,18,253,255,0.9384347591766256,110,110,298,0.020694444444444446,23,21,0.6169772256728778,70.38255033557047,60.73154362416108,0.08305555555555555,0.009305555555555555,0.02625,0.01923611111111111,0.014444444444444444,1,72.59654813985631,62.4736427290484,11.48026752548846,4.248928867164575,0.9289890807836434,-138.55061798452138,-1.3398436501628057,1.3398436501628057,0.024009960364147258,4,-0.002777777777778212,-40,0.21938078837336497,288.54545454545456,4.849810424854232,6.035530303030302,0.040901682051392385
RHF_MPM_P23,1052,0.0526,52.6,0,255,5.992847222222222,32.50808260954314,86297,338.41960784313727,18,252,255,0.9417679123450418,110,110,291,0.02020833333333333,23,21,0.6024844720496895,70.26460481099656,60.69415807560137,0.08354166666666667,0.008888888888888889,0.025833333333333333,0.01888888888888889,0.014305555555555556,1,72.58676431393907,62.516576474269094,11.736887198369205,4.278632880252342,0.931185461116039,-138.31168142913384,-1.3401846939288684,1.3401846939288684,0.025423827016002872,-7,-0.08680555555555536,-1250,0.04403441527094779,289.27272727272725,4.554536381772854,6.0311742424242425,0.04262750990024963
RHF_MPM_P23,1053,0.05265,52.65,0,255,5.8525,31.921234127057875,84276,330.49411764705883,17,248,255,0.9368217529625417,109,109,284,0.01972222222222222,23,21,0.587991718426501,70.13732394366197,60.53169014084507,0.08305555555555555,0.008680555555555556,0.025763888888888888,0.01840277777777778,0.013541666666666667,1,72.54845982248801,62.54499501637477,11.996394469051337,4.179851000173674,0.9373364378977451,-137.97354704891637,-1.3681915313598303,1.3681915313598303,0.026282690208362998,-7,-0.14034722222222218,-2021,0.047695362465718254,289.1818181818182,4.6479356476960785,6.011414141414142,0.0647518930499777
RHF_MPM_P23,1054,0.0527,52.7,0,255,5.679513888888889,31.172982823224174,81785,320.72549019607845,17,244,255,0.9413377050986813,109,109,272,0.01888888888888889,22,20,0.6181818181818182,69.80882352941177,60.3014705882353,0.08319444444444445,0.00798611111111111,0.024791666666666667,0.017291666666666667,0.012777777777777779,1,72.56989668032035,62.58659900959834,12.25711008469326,4.21937584514726,0.9388820380081212,-137.86829717002067,-1.4801831450515879,1.4801831450515879,0.026545210001834078,-12,-0.17298611111111128,-2491,0.0468020418985186,288.1818181818182,6.630757283203807,5.982575757575758,0.11556778453096594
RHF_MPM_P23,1055,0.05275,52.75,0,255,5.551458333333334,30.593958042505662,79941,313.49411764705883,17,234,255,0.9476021057112926,107,107,268,0.01861111111111111,22,20,0.6090909090909091,69.73880597014926,60.3544776119403,0.08381944444444445,0.007291666666666667,0.024652777777777777,0.016666666666666666,0.012222222222222223,1,72.58967238338275,62.71136212957056,12.604943612317026,4.171353090329995,0.9436553302557568,-137.48314748877948,-1.5231724343873112,1.5231724343873112,0.027145019451845737,-4,-0.12805555555555515,-1844,0.12632068135034358,286.6363636363636,8.813963377120599,5.94677398989899,0.16983593767011831
RHF_MPM_P23,1056,0.0528,52.8,0,255,5.336388888888889,29.843139138276715,76844,301.34901960784316,16,226,255,0.9327865807628681,107,107,255,0.017708333333333333,21,20,0.6071428571428571,69.37647058823529,60.23529411764706,0.08194444444444444,0.006666666666666667,0.02375,0.016041666666666666,0.011319444444444444,1,72.27283847795533,62.64707719535683,12.661015004075358,4.262835512441192,0.9416155959593036,-136.02317434415073,-1.4986945704684353,1.4986945704684353,0.026547290614751966,-13,-0.21506944444444454,-3097,0.3232897715598999,284.0,12.692159354928895,5.885082070707071,0.24183710975827097
RHF_MPM_P23,1057,0.05285,52.85,0,255,5.135555555555555,29.06816628819273,73952,290.0078431372549,16,212,255,0.9031369758064313,107,107,242,0.016805555555555556,20,20,0.605,68.91735537190083,59.913223140495866,0.07881944444444444,0.006388888888888889,0.02263888888888889,0.015347222222222222,0.010833333333333334,1,72.03375162267417,62.42679035049762,12.460904668558973,4.083679258285836,0.9447751290508453,-137.02741347350045,-1.445740166108491,1.445740166108491,0.02531371700562527,-13,-0.20083333333333364,-2892,0.3250981673068292,279.8181818181818,17.392883507176574,5.799160353535354,0.3141590367481061
RHF_MPM_P23,1058,0.0529,52.9,0,255,4.840694444444445,27.839421181841573,69706,273.35686274509806,16,195,255,0.9265227760061321,104,104,222,0.015416666666666667,19,20,0.5842105263157895,68.32882882882883,59.5945945945946,0.08166666666666667,0.005555555555555556,0.021041666666666667,0.013819444444444445,0.00986111111111111,1,72.02534932430494,62.51403035606691,13.269722030324568,4.147088218714539,0.9499103197720038,-137.2773544736402,-1.4914039363891929,1.4914039363891929,0.02691303474593292,-20,-0.2948611111111106,-4246,0.08764369452285627,273.45454545454544,23.503824200885173,5.689375,0.4056020852044107
RHF_MPM_P23,1059,0.05295,52.95,0,255,4.670208333333333,27.40939977069784,67251,263.7294117647059,16,190,255,0.897194088176254,107,107,210,0.014583333333333334,17,18,0.6862745098039216,67.96190476190476,59.10952380952381,0.079375,0.005694444444444445,0.019791666666666666,0.013333333333333334,0.009375,1,71.68464409451161,62.17146213439205,12.993368737968481,4.180061197284247,0.9468391794865193,-137.52379212588357,-1.5907977098424493,1.5907977098424493,0.02865384901339757,-12,-0.17048611111111178,-2455,0.4831490868355243,266.27272727272725,29.06760430160543,5.567272727272727,0.4842422988917224
RHF_MPM_P23,1060,0.053,53.0,0,255,4.598263888888889,27.28590773411812,66215,259.6666666666667,15,192,255,0.8928611160521612,105,105,208,0.014444444444444444,17,18,0.6797385620915033,67.8701923076923,58.95673076923077,0.07930555555555556,0.005763888888888889,0.019444444444444445,0.013194444444444444,0.009444444444444445,1,71.50622970625992,62.10494600921241,13.031493525944708,4.152425594591427,0.9478739910069991,-136.35986128342174,-1.7474996482164298,1.7474996482164298,0.030370761911953485,-2,-0.07194444444444414,-1036,0.19041031706328376,258.54545454545456,32.077643408011916,5.438137626262627,0.5335224650659309
RHF_MPM_P23,1061,0.05305,53.05,0,255,4.490833333333334,27.121533047766878,64668,253.6,14,188,255,0.8783605883045555,108,108,206,0.014305555555555556,17,17,0.71280276816609,67.79611650485437,58.87378640776699,0.07840277777777778,0.005763888888888889,0.019097222222222224,0.013055555555555556,0.009305555555555555,1,71.23591266159461,61.79985464217233,12.782711826251726,4.3068888239680065,0.9415294271847159,-135.63007534632007,-1.8458009208309616,1.8458009208309616,0.03211789447640255,-2,-0.10743055555555525,-1547,0.40761752523532635,250.54545454545453,33.191903822149804,5.29344696969697,0.5545752859477485
RHF_MPM_P23,1062,0.0531,53.1,0,255,4.748055555555555,28.44738313677107,68372,268.12549019607843,14,209,255,0.8649578406765408,107,107,225,0.015625,18,17,0.7352941176470589,68.33777777777777,59.022222222222226,0.0770138888888889,0.006458333333333333,0.020416666666666666,0.014305555555555556,0.010555555555555556,1,71.01061838179372,61.340621892002574,11.684073333268781,4.2741518595157615,0.9306895194917851,-136.7612558058567,-1.7567178322561554,1.7567178322561554,0.03342011349675306,19,0.2572222222222216,3704,0.5115195317282402,243.9090909090909,30.20371604306194,5.172392676767677,0.5135640074634189
RHF_MPM_P23,1063,0.05315,53.15,0,255,4.875972222222222,29.343055309359272,70214,275.34901960784316,13,227,255,0.8263573722605084,111,111,234,0.01625,19,17,0.7244582043343654,68.64957264957265,59.17948717948718,0.07333333333333333,0.007013888888888889,0.021041666666666667,0.015208333333333334,0.01138888888888889,1,70.83212749594098,60.95784316518073,10.671030259030157,4.323014372522278,0.9142649080400794,-137.39582043063007,-1.782822081580186,1.782822081580186,0.031460962201270405,9,0.12791666666666668,1842,0.4223488487492825,238.72727272727272,26.32002662713115,5.070858585858586,0.4474723378258421
RHF_MPM_P23,1064,0.0532,53.2,0,255,5.186180555555556,30.565330589132444,74681,292.8666666666667,13,244,255,0.859981961202519,109,109,254,0.017638888888888888,20,18,0.7055555555555556,68.98818897637796,59.57086614173228,0.0770138888888889,0.008055555555555555,0.022291666666666668,0.016458333333333332,0.012569444444444444,1,70.80582745276577,60.81720919644889,9.859002546015113,4.583154162618981,0.8853789675588587,-139.4946374249539,-1.6759491246651703,1.6759491246651703,0.029016751248644234,20,0.31020833333333364,4467,0.14307202882564563,236.0,22.80749478092274,5.01028409090909,0.37713276139409857
RHF_MPM_P23,1065,0.05325,53.25,0,255,5.429305555555556,31.160509678223104,78182,306.5960784313726,14,247,255,0.8981041115428061,111,111,265,0.01840277777777778,20,19,0.6973684210526315,69.28679245283018,59.781132075471696,0.080625,0.008402777777777778,0.02326388888888889,0.017222222222222222,0.012986111111111111,1,71.20929369931697,61.2439564094037,10.377037075477059,4.413874109336426,0.9050288744608618,-138.98041861248365,-1.4621839023674956,1.4621839023674956,0.02796040009209281,11,0.24312500000000004,3501,0.5872803383996552,235.36363636363637,21.872659260832826,4.9875378787878795,0.34199142604749766
RHF_MPM_P23,1066,0.0533,53.3,0,255,5.417708333333334,31.130603561151798,78015,305.94117647058823,14,246,255,0.8808381036197979,111,111,263,0.01826388888888889,20,19,0.6921052631578948,69.28897338403041,59.81368821292776,0.07819444444444444,0.008125,0.02347222222222222,0.017430555555555557,0.012916666666666667,1,71.07867717746588,61.27720310196757,10.047561147153353,4.4892890287647695,0.8946319452111493,-136.92075225757355,-1.5511043985338722,1.5511043985338722,0.02596936486573095,-2,-0.011597222222222037,-167,0.13478137240328977,234.9090909090909,21.232284788862735,4.975378787878788,0.32360941003427
RHF_MPM_P23,1067,0.05335,53.35,0,255,5.539097222222222,31.517032419286014,79763,312.79607843137256,14,249,255,0.8658771714576456,111,111,269,0.018680555555555554,20,20,0.6725,69.25278810408922,59.86245353159851,0.07625,0.008333333333333333,0.02423611111111111,0.017638888888888888,0.01326388888888889,1,70.89640560159472,61.20036859195366,9.808758920847666,4.494201344263562,0.8888581599200558,-137.30034802318363,-1.3082542606347143,1.3082542606347143,0.02270476285997267,6,0.12138888888888832,1748,0.19780411851028776,236.1818181818182,22.76288119572253,4.9938068181818185,0.3484600169796395
RHF_MPM_P23,1068,0.0534,53.4,0,255,5.3365277777777775,30.696266496637044,76846,301.35686274509806,14,242,255,0.8418417149181147,110,110,260,0.018055555555555554,20,19,0.6842105263157895,69.16538461538461,59.72692307692308,0.073125,0.0077777777777777776,0.02347222222222222,0.01673611111111111,0.0125,1,70.90829711370793,61.10474195143534,9.719279542292735,4.484258960103716,0.8872038134631363,-138.18643534266724,-1.25049321927513,1.25049321927513,0.022968013949977877,-9,-0.20256944444444436,-2917,0.09636317988298065,237.8181818181818,23.74798817055374,5.01207702020202,0.36047460713328205
RHF_MPM_P23,1069,0.05345,53.45,0,255,5.420555555555556,30.894438455313214,78056,306.10196078431375,15,245,255,0.8785397445931025,111,111,260,0.018055555555555554,21,18,0.6878306878306878,68.96538461538462,59.603846153846156,0.07729166666666666,0.00798611111111111,0.02347222222222222,0.016805555555555556,0.012916666666666667,1,70.96637029824741,61.240558060879366,10.197914341806756,4.482072956459845,0.8982382905738102,-137.9335755175254,-1.4416101811108717,1.4416101811108717,0.026160705134775034,0,0.08402777777777803,1210,0.14771090124655353,241.27272727272728,23.958642050951468,5.0647916666666655,0.37371317627867834
RHF_MPM_P23,1070,0.0535,53.5,0,255,5.226875,30.17085583180006,75267,295.16470588235296,15,236,255,0.877838630754073,109,109,253,0.017569444444444443,20,19,0.6657894736842105,69.13438735177866,59.57707509881423,0.07715277777777778,0.007152777777777778,0.02277777777777778,0.01625,0.011875,1,71.19263422216908,61.327022466685264,10.755490163811519,4.360359166149225,0.9141359575030282,-137.43575205779024,-1.494673567335312,1.494673567335312,0.027382518235083104,-7,-0.19368055555555586,-2789,0.24222191630774378,245.1818181818182,21.962025828971168,5.115397727272726,0.35402634882636225
RHF_MPM_P23,1071,0.05355,53.55,0,255,4.895486111111111,29.236292736223255,70495,276.45098039215685,13,228,255,0.8316058671709576,109,109,238,0.016527777777777777,18,18,0.7345679012345679,68.22268907563026,58.924369747899156,0.07298611111111111,0.006944444444444444,0.021180555555555557,0.014930555555555556,0.011180555555555555,1,70.31853322930704,60.74582594510249,9.821339509988402,4.50061395020878,0.8888241255054349,-136.0679877824354,-1.5985601461945238,1.5985601461945238,0.028640329101354705,-15,-0.3313888888888883,-4772,1.0496865924752596,247.9090909090909,18.812252030160582,5.142417929292929,0.32355748680292157
RHF_MPM_P23,1072,0.0536,53.6,0,255,4.608055555555556,28.49620328701161,66356,260.2196078431373,12,211,255,0.7605316280089643,107,107,232,0.01611111111111111,19,18,0.6783625730994152,68.01293103448276,58.810344827586206,0.06597222222222222,0.006458333333333333,0.020277777777777777,0.01423611111111111,0.011111111111111112,1,69.93670504551208,60.44743504732051,9.698517956691083,3.92247626023822,0.9145641845804909,-136.94539509891948,-1.7734446318667643,1.7734446318667643,0.028181324974380615,-6,-0.28743055555555586,-4139,0.484592498723707,250.27272727272728,14.5482951771671,5.153074494949494,0.303212405958017
RHF_MPM_P23,1073,0.05365,53.65,0,11,0.022291666666666668,0.36665192915458356,321,29.181818181818183,0,0,7,0.0652970506141267,3,8,9,0.000625,64,107,0.001314252336448598,94.22222222222223,66.33333333333333,0.005416666666666667,0.0,0.0,0.0,0.0,0,83.43302180685359,65.95015576323988,31.836794764881716,26.472953968387813,0.5554937625766834,120.60077529410323,-0.03741963552517638,0.03741963552517638,0.0,-223,-4.585763888888889,-66035,14.5749957598579,230.63636363636363,71.13402552068075,4.7234595959595955,1.511830585396825
RHF_MPM_P23,1074,0.0537,53.7,0,255,3.393472222222222,23.443790024683523,48866,191.6313725490196,4,115,255,0.6690617158841146,106,106,154,0.010694444444444444,18,13,0.6581196581196581,63.33766233766234,54.77272727272727,0.05625,0.0035416666666666665,0.015833333333333335,0.009652777777777777,0.006944444444444444,1,62.400237383866084,53.67838578971064,6.98878166146212,5.320375370210596,0.6484307363564461,-149.27704197696667,0.662581855963676,0.662581855963676,0.010600417468178283,145,3.371180555555555,48545,24.351064840517335,223.36363636363637,74.43150936785348,4.588686868686869,1.5576134032348063
RHF_MPM_P23,1075,0.05375,53.75,0,255,7.292430555555556,32.04461903924242,105011,411.8078431372549,42,231,255,1.3333121597218307,104,104,296,0.020555555555555556,25,26,0.4553846153846154,59.79391891891892,49.90878378378378,0.11944444444444445,0.006805555555555555,0.03375,0.017847222222222223,0.012083333333333333,1,54.27362847701669,46.224281265772156,14.92438988394954,5.855063472566602,0.9198308889504735,-145.48139880743324,0.751573239587958,0.751573239587958,0.016760148936778053,142,3.8989583333333337,56145,11.02748595912432,227.1818181818182,76.94013987488547,4.780164141414141,1.7382772784898899
RHF_MPM_P23,1076,0.0538,53.8,0,255,9.173472222222221,34.984824752221826,132098,518.0313725490196,54,237,255,1.6342789857849847,87,87,506,0.035138888888888886,40,49,0.25816326530612244,53.64229249011858,41.21146245059288,0.1498611111111111,0.0077083333333333335,0.043125,0.02361111111111111,0.012638888888888889,1,49.91860588351073,39.175680176838405,21.42335216490301,7.171380605796532,0.9423084111223116,-135.25172632320835,0.5582516231705016,0.5582516231705016,0.03705582219261457,210,1.8810416666666656,27087,8.285469153938447,249.0909090909091,111.25192913175567,5.120542929292929,2.1499053524998026
RHF_MPM_P23,1077,0.05385,53.85,0,255,7.589513888888889,34.14483104752015,109289,428.5843137254902,39,254,255,1.33653106451258,113,113,293,0.02034722222222222,21,21,0.6643990929705216,60.829351535836174,51.70648464163823,0.12291666666666666,0.00986111111111111,0.035347222222222224,0.019583333333333335,0.015,1,54.462901115391304,43.34643010733011,19.928158513657817,5.1509632820037785,0.9660175107294781,51.875522281375034,-1.0852274362888288,1.0852274362888288,0.009680754696264034,-213,-1.5839583333333325,-22809,6.168125658349469,251.8181818181818,111.92515208576438,5.317979797979798,2.2647845393298827
RHF_MPM_P23,1078,0.0539,53.9,0,255,7.305069444444444,35.710359559325205,105193,412.52156862745096,26,255,255,1.1244490380393064,112,112,345,0.023958333333333335,24,24,0.5989583333333334,59.37391304347826,50.80869565217391,0.10180555555555555,0.011041666666666667,0.03243055555555555,0.022569444444444444,0.017638888888888888,1,55.93227686252887,46.96698449516603,17.27648389380972,4.833888363534158,0.9600595224338853,45.221461273445335,-1.8221431264045214,1.8221431264045214,0.039175610544427864,52,-0.2844444444444445,-4096,3.9073621743516496,258.72727272727275,115.07396112468545,5.478522727272726,2.3362335091035713
RHF_MPM_P23,1079,0.05395,53.95,0,255,7.565416666666667,37.19516319501995,108942,427.22352941176473,24,255,255,1.0487292399374075,109,109,393,0.027291666666666665,27,27,0.5390946502057613,57.94656488549618,49.666666666666664,0.09388888888888888,0.011597222222222222,0.033819444444444444,0.025,0.019166666666666665,1,56.794597125075725,48.28077325549375,13.601780900762078,4.68372636477675,0.9388426127909035,-137.85701092591768,2.0805198415869897,2.0805198415869897,0.03128270088671036,48,0.2603472222222223,3749,1.5715079197898794,270.8181818181818,121.3865487394548,5.68114898989899,2.410605156441288
RHF_MPM_P23,1080,0.054,54.0,0,255,7.622083333333333,36.85212697153841,109758,430.4235294117647,25,255,255,1.0926867273545393,107,107,403,0.02798611111111111,31,28,0.4642857142857143,57.24813895781638,49.096774193548384,0.09791666666666667,0.011180555555555555,0.035694444444444445,0.025486111111111112,0.017916666666666668,1,56.92685726780736,48.33913701051404,11.774513737388688,4.621260990245763,0.9197605451204129,-137.65020793383172,0.9131838021592904,0.9131838021592904,0.014176643160407442,10,0.05666666666666664,816,0.14456511769946342,283.8181818181818,127.05676482424421,5.881287878787878,2.471287763073262
RHF_MPM_P23,1081,0.05405,54.05,0,255,7.80375,36.69155726902837,112374,440.6823529411765,30,255,255,1.232165395894985,107,107,393,0.027291666666666665,32,29,0.4234913793103448,57.61832061068702,49.4147582697201,0.11361111111111111,0.011041666666666667,0.035833333333333335,0.024652777777777777,0.017916666666666668,1,56.255877694128536,47.84308647907879,12.96198853609251,4.839964057558701,0.9276717557469598,-138.30318197098347,0.9762724973028467,0.9762724973028467,0.018927865876448288,-10,0.18166666666666664,2616,0.834433770907794,296.54545454545456,130.3026990834409,6.115549242424242,2.519809470200324
RHF_MPM_P23,1082,0.0541,54.1,0,255,7.597638888888889,35.83525839763339,109406,429.043137254902,32,255,255,1.175199877551433,108,108,365,0.025347222222222222,30,27,0.4506172839506173,58.59452054794521,50.156164383561645,0.10555555555555556,0.010555555555555556,0.035069444444444445,0.023125,0.016944444444444446,1,56.169890133996304,47.73899968923094,13.467036326838842,4.529629591933163,0.9417372674683103,-138.2133299960769,0.9739312597426646,0.9739312597426646,0.011589857960258122,-28,-0.20611111111111136,-2968,0.1350108155605532,308.09090909090907,130.23018400680496,6.361199494949495,2.520607585317635
RHF_MPM_P23,1083,0.05415,54.15,0,255,7.132083333333333,34.41618722174123,102702,402.7529411764706,30,253,255,1.1208629253006865,107,107,340,0.02361111111111111,27,26,0.4843304843304843,59.28235294117647,50.7,0.09923611111111111,0.009722222222222222,0.03159722222222222,0.021180555555555557,0.015555555555555555,1,56.2619033709178,47.81387898969835,14.016748254290182,4.358199254228434,0.9504334746700509,-137.7519842438696,1.0518383440860044,1.0518383440860044,0.01184981791980682,-25,-0.4655555555555555,-6704,0.11863113169510248,317.90909090909093,128.17846546227827,6.590656565656565,2.4648378296377067
RHF_MPM_P23,1084,0.0542,54.2,0,255,6.591944444444445,32.571688312896356,94924,372.25098039215686,28,249,255,1.1256006100368985,106,106,301,0.020902777777777777,24,24,0.5225694444444444,60.33554817275748,51.58139534883721,0.10041666666666667,0.008611111111111111,0.028333333333333332,0.01902777777777778,0.01375,1,56.460600058994565,47.86404913404408,14.803958007406742,4.262037164696225,0.9576609311918918,-137.19577111834965,1.2119196475935285,1.2119196475935285,0.018825586785217646,-39,-0.5401388888888885,-7778,0.20493271392422086,344.45454545454544,84.11935636761898,7.187897727272727,1.3403730127528841
RHF_MPM_P23,1085,0.05425,54.25,0,255,6.296666666666667,31.779660948474575,90672,355.5764705882353,24,245,255,1.1160201519748036,108,108,284,0.01972222222222222,23,22,0.5612648221343873,60.820422535211264,52.21830985915493,0.10097222222222223,0.008263888888888888,0.02652777777777778,0.017986111111111112,0.01326388888888889,1,56.75641874007411,48.41545350273513,15.023960929716104,4.382120376180135,0.9565173491354699,-138.1824718192083,1.4182011934546443,1.4182011934546443,0.026700635256749605,-17,-0.29527777777777775,-4252,0.6257439331605381,356.27272727272725,63.01672347890303,7.451824494949495,0.7001944607055778
RHF_MPM_P23,1086,0.0543,54.3,0,255,5.742708333333334,30.252609775364604,82695,324.29411764705884,21,233,255,1.0738814154987777,107,107,261,0.018125,22,20,0.5931818181818181,61.32567049808429,52.67432950191571,0.09763888888888889,0.007152777777777778,0.02340277777777778,0.016458333333333332,0.011805555555555555,1,56.960868250801134,48.5430437148558,15.748716817067022,4.298952785037234,0.9620220856088251,-137.86800898969628,1.6103176459612585,1.6103176459612585,0.03165850414172562,-23,-0.5539583333333331,-7977,0.24099556980474932,353.09090909090907,66.75253423238912,7.310940656565657,0.856543578561119
RHF_MPM_P23,1087,0.05435,54.35,0,255,5.399305555555555,29.23953040673936,77750,304.9019607843137,18,221,255,1.0586435787983663,108,108,241,0.01673611111111111,21,19,0.6040100250626567,61.912863070539416,53.066390041493776,0.09708333333333333,0.006597222222222222,0.022222222222222223,0.01513888888888889,0.010972222222222222,1,57.212154340836015,48.73157556270097,16.271018872080166,4.174766811901578,0.966523832440221,-138.0107373182918,1.769755875456277,1.769755875456277,0.03627009646302251,-20,-0.3434027777777784,-4945,0.3141479853459712,329.0,53.779009085160894,6.967834595959596,0.7954827802829301
RHF_MPM_P23,1088,0.0544,54.4,0,255,5.061180555555556,28.43232596389891,72881,285.8078431372549,16,212,255,1.0105552793724872,106,106,232,0.01611111111111111,20,20,0.58,62.133620689655174,53.293103448275865,0.0925,0.0060416666666666665,0.021388888888888888,0.014305555555555556,0.010486111111111111,1,57.83650059686338,49.315555494573346,15.77361122109466,3.975541996058727,0.9677174608117804,-137.93063354988095,1.9133884719979097,1.9133884719979097,0.03652529465841577,-9,-0.3381249999999998,-4869,0.8548922787375353,323.45454545454544,59.99145944725441,6.73798611111111,0.9355811170150622
RHF_MPM_P23,1089,0.05445,54.45,0,255,4.858611111111111,28.193468673591145,69964,274.3686274509804,15,212,255,0.9616852659713883,104,104,227,0.01576388888888889,19,19,0.628808864265928,62.414096916299556,53.581497797356825,0.08722222222222223,0.0060416666666666665,0.020625,0.01423611111111111,0.010416666666666666,1,58.67880624321079,50.173274827053916,14.554182804306818,4.07350842741379,0.960033314386449,-137.91338933896753,2.0978779259147537,2.0978779259147537,0.03613286833228518,-5,-0.20256944444444436,-2917,1.2021485994583399,312.72727272727275,65.47878339111202,6.515580808080809,1.0572173539477547
RHF_MPM_P23,1090,0.0545,54.5,0,255,4.583472222222222,27.692708208907142,66002,258.8313725490196,13,201,255,0.8955310292286348,107,107,214,0.014861111111111111,19,17,0.6625386996904025,62.62149532710281,53.96261682242991,0.08,0.005763888888888889,0.020069444444444445,0.01361111111111111,0.010069444444444445,1,59.90056361928426,51.54105936183752,11.913351742960826,4.4127950036921355,0.9288693522230714,-138.90075453008075,2.1959290378342597,2.1959290378342597,0.02840823005363474,-13,-0.2751388888888888,-3962,1.8339917174248976,296.45454545454544,65.7493361686,6.24449494949495,1.1328692115785803
RHF_MPM_P23,1091,0.05455,54.55,0,255,4.541666666666667,28.1388632499609,65400,256.47058823529414,10,211,255,0.7962186930897035,108,108,225,0.015625,19,18,0.6578947368421053,62.49777777777778,53.71111111111111,0.06923611111111111,0.0059722222222222225,0.02034722222222222,0.013888888888888888,0.010486111111111111,1,60.764847094801226,52.21766055045872,10.207841753403569,4.411704286555775,0.901783642573504,-137.80379042306225,2.2242319910663664,2.2242319910663664,0.019877675840978593,11,-0.04180555555555543,-602,1.0976224735742701,280.27272727272725,59.10405448189106,5.96445707070707,1.1384423254592104
RHF_MPM_P23,1092,0.0546,54.6,0,255,4.56125,28.39359030942939,65682,257.5764705882353,10,217,255,0.7774569123419721,108,108,228,0.015833333333333335,19,18,0.6666666666666666,62.35964912280702,53.67982456140351,0.06743055555555555,0.00625,0.020416666666666666,0.01423611111111111,0.010625,1,61.05802198471423,52.61698791145215,8.987364937093433,4.562943616392376,0.8615300967481376,-137.4899200386953,1.7428546356260843,1.7428546356260843,0.01942693584239213,3,0.019583333333333286,282,0.4953926294500968,265.27272727272725,48.594969640696,5.669684343434343,1.0395257331075314
RHF_MPM_P23,1093,0.05465,54.65,0,255,4.706736111111111,29.04188133181929,67777,265.7921568627451,10,223,255,0.7660444589936475,108,108,237,0.016458333333333332,20,19,0.6236842105263158,62.04641350210971,53.413502109704645,0.06590277777777778,0.006666666666666667,0.021180555555555557,0.01513888888888889,0.011111111111111112,1,61.37998140962274,52.77392035646311,8.292526666714812,4.40224767254892,0.8474537191291849,-137.43223139688533,1.0731630580647231,1.0731630580647231,0.014046062823671747,9,0.14548611111111054,2095,0.35816988090085655,253.63636363636363,37.344277223187945,5.406875,0.8705930870575089
RHF_MPM_P23,1094,0.0547,54.7,0,255,4.74125,29.03190761125784,68274,267.74117647058824,11,222,255,0.7610893056812744,107,107,239,0.01659722222222222,20,19,0.6289473684210526,62.01255230125523,53.33891213389121,0.06527777777777778,0.006597222222222222,0.02125,0.014930555555555556,0.011041666666666667,1,61.23831912587515,52.654421888273724,8.115852782839589,4.447454607539912,0.8364809730598152,-137.77312921870745,0.7614759661316726,0.7614759661316726,0.012537715675073967,2,0.03451388888888918,497,0.18533236775099685,244.45454545454547,25.528464100663065,5.189526515151515,0.6931039801470512
RHF_MPM_P23,1095,0.05475,54.75,0,255,4.736180555555555,28.919378775229205,68201,267.4549019607843,11,219,255,0.7740105597160298,108,108,236,0.01638888888888889,20,19,0.6210526315789474,62.03389830508475,53.47457627118644,0.06666666666666667,0.006666666666666667,0.021319444444444443,0.015,0.010972222222222222,1,61.01041040453952,52.45659154557851,8.47282941943431,4.480406526302563,0.8487483515576432,-138.30740364452922,0.9416106211864944,0.9416106211864944,0.013357575402120203,-3,-0.005069444444444571,-73,0.3017933560430833,238.54545454545453,18.237641575816046,5.020820707070707,0.5402013736014694
RHF_MPM_P23,1096,0.0548,54.8,0,255,4.872569444444444,29.281560804031216,70165,275.15686274509807,12,224,255,0.8089774470589758,108,108,240,0.016666666666666666,20,19,0.631578947368421,62.12916666666667,53.5875,0.07013888888888889,0.006736111111111111,0.021666666666666667,0.015347222222222222,0.01125,1,61.04277061212856,52.749490486709895,8.135243762515207,4.784486740879771,0.8087748260745822,-138.70248851483697,0.6801229930983903,0.6801229930983903,0.015990878643198175,4,0.1363888888888889,1964,0.2946811374199089,234.54545454545453,11.356725171085643,4.891357323232324,0.3592694409744802
RHF_MPM_P23,1097,0.05485,54.85,0,255,4.815486111111111,29.16318163297929,69343,271.93333333333334,11,221,255,0.7589642710236394,105,105,248,0.017222222222222222,21,20,0.5904761904761905,61.88306451612903,53.25403225806452,0.06444444444444444,0.006458333333333333,0.021875,0.015416666666666667,0.011180555555555555,1,61.028092237140015,52.44470242129703,8.337414565303101,4.53858434691154,0.8388494246596032,-137.7925270979643,0.7375263005267871,0.7375263005267871,0.012056011421484504,8,-0.05708333333333293,-822,0.3051413107240987,233.36363636363637,8.967342033205597,4.807064393939394,0.23791126394125706
RHF_MPM_P23,1098,0.0549,54.9,0,255,4.775972222222222,29.008371979277246,68774,269.7019607843137,11,221,255,0.753119100264715,107,107,240,0.016666666666666666,20,20,0.6,62.208333333333336,53.5,0.06395833333333334,0.006527777777777778,0.021388888888888888,0.01513888888888889,0.011041666666666667,1,61.27242853403903,52.546267484805306,8.358456258305027,4.587002535446794,0.8359629711457298,-135.90259071044844,0.7718483854227052,0.7718483854227052,0.013784278942623665,-8,-0.03951388888888907,-569,0.26460477718242964,233.27272727272728,8.894236224461824,4.750397727272728,0.14694289924345658
RHF_MPM_P23,1099,0.05495,54.95,0,255,4.6975694444444445,28.899166071842888,67645,265.27450980392155,10,219,255,0.7428798897238968,108,108,235,0.016319444444444445,20,19,0.618421052631579,62.39574468085107,53.740425531914894,0.06305555555555556,0.006527777777777778,0.021111111111111112,0.014930555555555556,0.011180555555555555,1,61.32009756818686,52.67768497302092,8.319467466480033,4.363015345792058,0.8514508250997032,-135.5632461074111,0.8438668395582754,0.8438668395582754,0.01664572400029566,-5,-0.07840277777777782,-1129,0.13979589774198403,233.54545454545453,8.897023367024975,4.7173421717171715,0.10941990256304109
RHF_MPM_P23,1100,0.055,55.0,0,255,4.883541666666667,29.314740437210798,70323,275.77647058823527,12,226,255,0.8121288480572179,108,108,244,0.016944444444444446,20,20,0.61,62.18852459016394,53.540983606557376,0.07048611111111111,0.006736111111111111,0.021666666666666667,0.015347222222222222,0.01138888888888889,1,61.008873341580994,52.27960980049202,8.766848260377207,4.578859013068586,0.8527664124541713,-136.2406960814904,1.1013548724214852,1.1013548724214852,0.017334300300044084,9,0.18597222222222243,2678,0.5052963112969769,235.0909090909091,9.099995459085235,4.719608585858586,0.1125363463574299
RHF_MPM_P23,1101,0.05505,55.05,0,255,4.945138888888889,29.16367444142035,71210,279.2549019607843,14,223,255,0.8753681168327784,107,107,241,0.01673611111111111,19,20,0.6342105263157894,62.25726141078838,53.71369294605809,0.07722222222222222,0.006597222222222222,0.021805555555555557,0.015208333333333334,0.011319444444444444,1,60.92977109956467,52.220292093807046,8.98198095942055,4.726225267828558,0.8503672558083153,-135.16502458181742,1.0603664293837547,1.0603664293837547,0.019870804662266536,-3,0.06159722222222186,887,0.09887241788473546,237.54545454545453,6.286546043498353,4.752487373737375,0.12050966322284554
RHF_MPM_P23,1102,0.0551,55.1,0,255,4.786041666666667,28.778031979434854,68919,270.2705882352941,12,215,255,0.8284081751004112,108,108,235,0.016319444444444445,20,19,0.618421052631579,62.38723404255319,54.07659574468085,0.07243055555555555,0.006458333333333333,0.02125,0.014861111111111111,0.011111111111111112,1,61.085390095619495,52.96188278994182,8.251727153310279,4.838447923718303,0.8100536386557956,-138.3660363968626,0.8799491686956632,0.8799491686956632,0.018645076103832033,-6,-0.159097222222222,-2291,0.7577427218566782,238.45454545454547,4.99752004613991,4.774703282828283,0.10045346072640317
RHF_MPM_P23,1103,0.05515,55.15,0,255,4.627916666666667,28.56714845166949,66642,261.3411764705882,11,217,255,0.7699061344689542,107,107,231,0.016041666666666666,20,18,0.6416666666666667,62.510822510822514,54.103896103896105,0.06638888888888889,0.006319444444444444,0.020555555555555556,0.014652777777777778,0.011041666666666667,1,61.566699678881186,53.28606584436241,7.9428444386449115,4.666675453622602,0.8092009163995019,-137.8997628720558,0.861845407646448,0.861845407646448,0.016341046187089224,-4,-0.15812500000000007,-2277,0.5803047197059562,238.72727272727272,4.473983563405193,4.780763888888889,0.08871806304805624
RHF_MPM_P23,1104,0.0552,55.2,0,255,4.740625,29.204000194958784,68265,267.70588235294116,10,224,255,0.7496684823656237,109,109,238,0.016527777777777777,20,19,0.6263157894736842,62.41596638655462,53.857142857142854,0.06430555555555556,0.006875,0.021458333333333333,0.015416666666666667,0.011666666666666667,1,61.7077858346151,53.33979345198858,7.804506554633639,4.547951493657704,0.8126629434769793,-136.29261996081857,0.7185776851142327,0.7185776851142327,0.015439830073976415,7,0.11270833333333297,1623,0.15097006047891062,238.8181818181818,4.448047208263661,4.783844696969697,0.08665839684267486
RHF_MPM_P23,1105,0.05525,55.25,0,255,4.763819444444445,29.304066543184746,68599,269.0156862745098,9,225,255,0.7367591398731133,108,108,243,0.016875,20,19,0.6394736842105263,62.218106995884774,53.76543209876543,0.06291666666666666,0.006944444444444444,0.021527777777777778,0.015555555555555555,0.01173611111111111,1,61.49647954051808,53.20388052303969,7.876999825065224,4.49591785508529,0.8211132794566465,-136.349561827365,0.658663070902989,0.658663070902989,0.013892330791994052,5,0.02319444444444496,334,0.25124226193154875,239.1818181818182,4.608651583867847,4.785896464646465,0.08588938470176932
RHF_MPM_P23,1106,0.0553,55.3,0,255,4.788819444444444,29.29684378138254,68959,270.42745098039217,10,226,255,0.7438539132688573,109,109,241,0.01673611111111111,19,19,0.667590027700831,62.45228215767635,53.80497925311203,0.06333333333333334,0.006875,0.021736111111111112,0.015347222222222222,0.011597222222222222,1,61.55814324453661,53.18542902304268,7.997251917718383,4.398335097530769,0.8351772909086118,-135.9491535372696,0.7368551859869074,0.7368551859869074,0.014689888194434375,-2,0.024999999999999467,360,0.06436513221787422,239.63636363636363,4.518099505377882,4.790681818181818,0.08444031079033719
RHF_MPM_P23,1107,0.05535,55.35,0,255,4.806180555555556,29.38693026047577,69209,271.40784313725493,10,226,255,0.746930605178145,109,109,241,0.01673611111111111,19,19,0.667590027700831,62.35269709543569,53.871369294605806,0.06368055555555556,0.006805555555555555,0.021736111111111112,0.015625,0.011805555555555555,1,61.48275513300293,53.21713938938577,8.04082929487682,4.398976645101577,0.8370803468078387,-135.8826524807354,0.7126361225653982,0.7126361225653982,0.016370703232238583,0,0.017361111111111605,250,0.08178578540447688,239.72727272727272,4.534532332123609,4.784646464646464,0.08065965199530732
RHF_MPM_P23,1108,0.0554,55.4,0,255,4.814930555555556,29.33522222840015,69335,271.9019607843137,10,223,255,0.7491817335483983,107,107,245,0.017013888888888887,20,19,0.6447368421052632,62.114285714285714,53.76734693877551,0.06395833333333334,0.006597222222222222,0.02201388888888889,0.015555555555555555,0.011666666666666667,1,61.42567245979664,53.12433835725103,8.168775897078762,4.380795401192387,0.844036699336103,-136.41331485876694,0.7013639100353978,0.7013639100353978,0.01502848489219009,4,0.008750000000000036,126,0.10895165508449411,239.45454545454547,4.09797369803078,4.7845959595959595,0.08064049759147596
RHF_MPM_P23,1109,0.05545,55.45,0,255,4.854097222222222,29.444847759865546,69899,274.1137254901961,11,229,255,0.7564916748978245,109,109,241,0.01673611111111111,20,18,0.6694444444444444,62.406639004149376,54.04149377593361,0.06458333333333334,0.007013888888888889,0.021875,0.015486111111111112,0.011666666666666667,1,61.48814718379376,53.278730740067815,8.108181869037738,4.4078677327573335,0.8393236367397863,-137.2407539150661,0.6451110381073174,0.6451110381073174,0.014935835991931216,-4,0.03916666666666657,564,0.1665535920067827,239.54545454545453,4.120097888590785,4.791698232323232,0.08297479352919863
RHF_MPM_P23,1110,0.0555,55.5,0,255,4.914861111111111,29.720157324105788,70774,277.5450980392157,11,232,255,0.7701500297715324,109,109,247,0.017152777777777777,20,19,0.65,62.26720647773279,53.91902834008097,0.0661111111111111,0.007152777777777778,0.022152777777777778,0.015833333333333335,0.011875,1,61.460338542402575,53.23189306807585,8.214478691137737,4.634510174056935,0.825646364055133,-137.60147368828345,0.7992383940739937,0.7992383940739937,0.015627207731652867,6,0.060763888888888395,875,0.054470983593564545,240.63636363636363,4.354156369028381,4.81145202020202,0.08407221597367716
RHF_MPM_P23,1111,0.05555,55.55,0,255,4.9650694444444445,29.756914964250278,71497,280.38039215686274,12,230,255,0.7773809198022117,108,108,252,0.0175,20,19,0.6631578947368421,62.12301587301587,53.76190476190476,0.06659722222222222,0.007083333333333333,0.022430555555555554,0.01576388888888889,0.011875,1,61.29465571982041,53.172804453333704,8.192930222813843,4.574731591021749,0.8295883255599412,-136.75783868437844,0.6926598193427479,0.6926598193427479,0.014615997874036673,5,0.050208333333333854,723,0.17590412755514853,241.36363636363637,5.398193759746736,4.818863636363637,0.093199032278458
RHF_MPM_P23,1112,0.0556,55.6,0,255,5.0100694444444445,29.983747379866006,72145,282.921568627451,12,231,255,0.7806698145060416,109,109,252,0.0175,20,19,0.6631578947368421,62.12301587301587,53.70238095238095,0.06701388888888889,0.007222222222222222,0.02236111111111111,0.01597222222222222,0.012083333333333333,1,61.23675930417908,53.02916349019336,8.310579357448566,4.558115376943188,0.8361692927668176,-136.1715608143549,0.822018156131017,0.822018156131017,0.014332247557003257,0,0.04499999999999993,648,0.15487001399883338,242.36363636363637,6.197840199657931,4.824766414141414,0.10259257761435768
RHF_MPM_P23,1113,0.05565,55.65,0,255,5.063125,30.163606681100863,72909,285.91764705882355,11,235,255,0.781056105626371,108,108,257,0.017847222222222223,21,19,0.6441102756892231,61.94163424124513,53.568093385214006,0.06680555555555556,0.007222222222222222,0.02298611111111111,0.016319444444444445,0.012013888888888888,1,61.2930913878945,52.92913083432772,8.3510653123774,4.6951298533112,0.8269882049578696,-137.28112103592082,0.7719270891535656,0.7719270891535656,0.012673332510389664,5,0.053055555555555856,764,0.11480346639041157,244.36363636363637,6.9970477835977665,4.849955808080808,0.12214494182407985
RHF_MPM_P23,1114,0.0557,55.7,0,255,5.18875,30.38839436900852,74718,293.01176470588234,13,235,255,0.8103007280258717,109,109,258,0.017916666666666668,21,19,0.6466165413533834,62.0,53.52713178294574,0.07013888888888889,0.007222222222222222,0.02298611111111111,0.016805555555555556,0.012361111111111111,1,61.21337562568591,52.59727241093177,8.45952800002108,4.793581098781161,0.8239594507271454,-135.6297872481014,0.762480716762561,0.762480716762561,0.013008913514815708,1,0.12562499999999943,1809,0.34129842648822944,246.8181818181818,6.603279926303592,4.900940656565656,0.13517644246696878
RHF_MPM_P23,1115,0.05575,55.75,0,255,5.315416666666667,30.79519643446848,76542,300.16470588235296,13,242,255,0.8417535979664706,109,109,264,0.018333333333333333,20,20,0.66,62.07954545454545,53.46590909090909,0.07340277777777778,0.0077777777777777776,0.023541666666666666,0.016805555555555556,0.012847222222222222,1,61.30536176216979,52.55941835854825,8.392215858986134,4.84252898575545,0.8167255889427919,-136.3200063004645,0.7176239349003131,0.7176239349003131,0.015272660761412035,6,0.12666666666666693,1824,0.09947049103671197,249.1818181818182,7.601652712860681,4.953194444444444,0.16977353577981005
RHF_MPM_P23,1116,0.0558,55.8,0,255,5.263958333333333,30.688619513834936,75801,297.25882352941176,13,238,255,0.8160165957923506,109,109,264,0.018333333333333333,21,20,0.6285714285714286,61.71590909090909,53.22727272727273,0.07027777777777777,0.007430555555555556,0.023541666666666666,0.016875,0.012638888888888889,1,60.90558172055778,52.521220036674976,8.498318692757605,4.69486529855552,0.8335484449874612,-136.41878257686457,0.8150844380556672,0.8150844380556672,0.014604028970594056,0,-0.051458333333333606,-741,0.401600788676063,251.0909090909091,8.404052544668776,4.998661616161616,0.17965244001373165
RHF_MPM_P23,1117,0.05585,55.85,0,255,5.261458333333334,30.579178429591916,75765,297.11764705882354,13,235,255,0.8226664248708033,108,108,266,0.018472222222222223,21,20,0.6333333333333333,61.725563909774436,53.2593984962406,0.07104166666666667,0.007291666666666667,0.023680555555555555,0.017152777777777777,0.012291666666666666,1,60.880921269715564,52.46872566488484,8.606556125712132,4.596990704638439,0.8454044933407718,-136.89003285910047,0.7664898444879843,0.7664898444879843,0.012961129809278691,2,-0.0024999999999995026,-36,0.05799824915789965,253.36363636363637,8.741465731814994,5.041628787878789,0.18084282790662382
RHF_MPM_P23,1118,0.0559,55.9,0,255,5.156875,30.137530380849014,74259,291.21176470588233,13,233,255,0.8220285139794395,108,108,256,0.017777777777777778,21,20,0.6095238095238096,61.8671875,53.375,0.07069444444444445,0.007013888888888889,0.023055555555555555,0.016458333333333332,0.011944444444444445,1,60.67842281743627,52.28944639706972,8.908702221924347,4.58179789294687,0.8576068252744995,-136.87815372646386,0.9373103585662671,0.9373103585662671,0.013708776040614606,-10,-0.10458333333333325,-1506,0.2704564272555505,254.72727272727272,7.828745506040359,5.0735101010101005,0.1668997065102599
RHF_MPM_P23,1119,0.05595,55.95,0,255,5.246180555555555,30.25086579331536,75545,296.2549019607843,14,235,255,0.8758165772332256,109,109,256,0.017777777777777778,21,20,0.6095238095238096,61.90625,53.296875,0.07666666666666666,0.006944444444444444,0.022916666666666665,0.016458333333333332,0.011875,1,60.43498577007082,51.97290356741015,9.41756910945062,4.723208302778697,0.8651393388281642,-137.08223730233206,1.0099472634301287,1.0099472634301287,0.01871732080217089,0,0.08930555555555486,1286,0.3993256303305567,255.72727272727272,7.199632681172121,5.112714646464647,0.1514941873122835
RHF_MPM_P23,1120,0.056,56.0,0,255,5.293055555555555,30.443373327416744,76220,298.9019607843137,14,236,255,0.8588421551643359,108,108,263,0.01826388888888889,21,21,0.5963718820861678,61.85931558935361,53.11026615969582,0.07479166666666667,0.007222222222222222,0.02340277777777778,0.016805555555555556,0.012361111111111111,1,60.615363421674104,51.93891367095251,9.22326226035797,4.646349094001814,0.8638412221079595,-135.4673623763317,0.923134811398872,0.923134811398872,0.017593807399632642,7,0.046875,675,0.18355220036577571,257.72727272727275,5.738085032021637,5.152619949494949,0.13503483817960316
RHF_MPM_P23,1121,0.05605,56.05,0,255,5.3474305555555555,30.70778358274368,77003,301.97254901960787,14,239,255,0.852474530942033,108,108,266,0.018472222222222223,20,21,0.6333333333333333,61.88721804511278,53.11654135338346,0.07416666666666667,0.0075,0.023819444444444445,0.016944444444444446,0.0125,1,60.926976871031,52.16121449813644,8.86506212510574,4.5569568187714395,0.8577688990869894,45.09351375449738,-0.9009826098840628,0.9009826098840628,0.015389010817760347,3,0.054375000000000284,783,0.38278009298651233,259.45454545454544,5.069761270399522,5.191944444444444,0.12247070700405892
RHF_MPM_P23,1122,0.0561,56.1,0,255,5.2409027777777775,30.26540162125894,75469,295.956862745098,14,234,255,0.8451864945301846,105,105,264,0.018333333333333333,21,21,0.5986394557823129,61.74242424242424,53.18560606060606,0.07319444444444445,0.007083333333333333,0.02347222222222222,0.01659722222222222,0.011875,1,60.78411003193364,52.1425088446912,8.88097582510159,4.555689977177446,0.8584054711610525,45.1569336389475,-0.8863736156271171,0.8863736156271171,0.015675310392346528,-2,-0.106527777777778,-1534,0.1440862074748442,260.54545454545456,4.619398551240909,5.217020202020201,0.09954338377840934
RHF_MPM_P23,1123,0.05615,56.15,0,255,5.356527777777778,30.795379327809435,77134,302.48627450980393,14,242,255,0.8554024560846702,109,109,262,0.018194444444444444,20,20,0.655,62.05725190839695,53.469465648854964,0.07465277777777778,0.0077083333333333335,0.02375,0.016875,0.012777777777777779,1,61.23613451914849,52.601252366012396,8.592263566572921,4.66975955320113,0.8394193924609916,45.35567289207583,-0.7838741477738206,0.7838741477738206,0.014481292296522934,-2,0.11562500000000053,1665,0.6440277598023383,261.45454545454544,3.7504820626793216,5.248516414141414,0.08241765050883441
RHF_MPM_P23,1124,0.0562,56.2,0,255,5.3902777777777775,30.94872623353658,77620,304.3921568627451,13,239,255,0.8329131523844273,107,107,273,0.018958333333333334,21,21,0.6190476190476191,61.69597069597069,52.88644688644688,0.07180555555555555,0.007291666666666667,0.024166666666666666,0.017361111111111112,0.012847222222222222,1,60.866696727647515,52.0900025766555,8.794933574825118,4.603690229789975,0.8520576332335538,46.573520978916896,-0.7929988484277092,0.7929988484277092,0.013797990208709096,11,0.0337499999999995,486,0.6307619431343258,262.90909090909093,4.7185233717676285,5.278257575757576,0.06790083974241953
RHF_MPM_P23,1125,0.05625,56.25,0,255,5.360833333333333,30.873830510914367,77196,302.7294117647059,13,240,255,0.8521445975101898,108,108,270,0.01875,20,21,0.6428571428571429,61.84444444444444,53.11851851851852,0.07430555555555556,0.007569444444444445,0.024305555555555556,0.017152777777777777,0.012777777777777779,1,61.057373439038294,52.49468884398156,8.681730737095691,4.6821232384027365,0.8421088579526246,46.198340176696355,-0.7955893935300734,0.7955893935300734,0.014897144929789108,-3,-0.029444444444444606,-424,0.4473573328214244,264.0,4.842989309769892,5.293901515151514,0.06524837357695831
RHF_MPM_P23,1126,0.0563,56.3,0,255,5.283194444444445,30.570632164000727,76078,298.3450980392157,13,235,255,0.8307011949558085,107,107,269,0.018680555555555554,21,21,0.6099773242630385,61.72490706319702,52.98141263940521,0.07166666666666667,0.007291666666666667,0.023680555555555555,0.016875,0.012430555555555556,1,60.893832645442835,52.3315807460764,8.719230177522338,4.600955028722471,0.849443834771805,45.31022624246581,-0.772495897014863,0.772495897014863,0.01452456689187413,-1,-0.07763888888888815,-1118,0.23097584889349665,264.45454545454544,5.051797814345383,5.290972222222222,0.06493927519369437
RHF_MPM_P23,1127,0.05635,56.35,0,255,5.337291666666666,30.780541262991278,76857,301.4,14,240,255,0.8439113140373193,109,109,263,0.01826388888888889,19,21,0.6591478696741855,62.361216730038024,53.79467680608365,0.07333333333333333,0.0077777777777777776,0.023819444444444445,0.016875,0.012708333333333334,1,61.1393497013935,52.36098208360982,8.842982303494534,4.6621956033629575,0.8497289295077711,45.93978681742015,-0.9363095504307098,0.9363095504307098,0.0162379483976736,-6,0.054097222222221575,779,0.24727123450056965,264.3636363636364,5.068130859915039,5.29763888888889,0.06558482081961972
RHF_MPM_P23,1128,0.0564,56.4,0,255,5.2190972222222225,31.153615525266137,75155,294.72549019607845,11,248,255,0.7394981316701662,111,111,265,0.01840277777777778,19,20,0.6973684210526315,62.39622641509434,53.72830188679245,0.06326388888888888,0.008472222222222223,0.023055555555555555,0.017361111111111112,0.01326388888888889,1,61.757873727629566,52.94565897145898,7.765835757151254,4.249472061596973,0.8370013206857727,46.374651874691345,-0.6560480257321852,0.6560480257321852,0.016139977380081164,2,-0.11819444444444382,-1702,0.8511280950692774,264.27272727272725,5.046887593375277,5.293787878787879,0.0687628888262531
RHF_MPM_P23,1129,0.05645,56.45,0,12,0.015069444444444444,0.30296336533156065,217,18.083333333333332,0,0,6,0.045405577942708004,3,8,7,0.0004861111111111111,32,101,0.002165841584158416,97.28571428571429,56.42857142857143,0.003611111111111111,0.0,0.0,0.0,0.0,0,85.36405529953917,58.25345622119816,31.334774986654143,26.091112665549577,0.5537893969006052,101.02173220602862,-0.3216664833898913,0.3216664833898913,0.0,-258,-5.204027777777778,-74938,24.195547525325885,241.63636363636363,74.32395029044716,4.8263510101010105,1.5223983879538898
RHF_MPM_P23,1130,0.0565,56.5,0,255,3.171388888888889,22.169857245666016,45668,179.09019607843138,7,94,255,0.7163756858736914,107,107,137,0.00951388888888889,14,12,0.8154761904761905,67.24087591240875,57.53284671532847,0.06194444444444445,0.0034027777777777776,0.012777777777777779,0.008541666666666666,0.0061805555555555555,1,70.07219497240956,58.866865201016026,8.962954776623132,5.206809317762391,0.8139567066654625,-150.40591373085022,-0.8873602552952926,0.8873602552952926,0.023627047385477797,130,3.1563194444444447,45451,15.304158351277007,230.8181818181818,79.89745493934787,4.6377335858585855,1.5859028482079414
RHF_MPM_P23,1131,0.05655,56.55,0,255,5.505,27.639074644825254,79272,310.8705882352941,25,179,255,1.1392020269587015,102,102,220,0.015277777777777777,25,22,0.4,70.4590909090909,60.586363636363636,0.10243055555555555,0.005486111111111111,0.02263888888888889,0.012777777777777779,0.009097222222222222,1,78.1881875063074,64.80981935614088,17.413770811148265,4.781536059456373,0.9615632277270938,-148.72175084636265,-1.0223773413764248,1.0223773413764248,0.012753557372085982,83,2.333611111111111,33604,10.059226555764672,226.9090909090909,79.27679305670337,4.657001262626263,1.5950088844316994
RHF_MPM_P23,1132,0.0566,56.6,0,255,6.531180555555555,30.782595641687234,94049,368.81960784313725,33,231,255,1.1799778399124285,111,111,230,0.01597222222222222,29,27,0.2937420178799489,69.90434782608696,60.37826086956522,0.10513888888888889,0.0075,0.03208333333333333,0.014930555555555556,0.01138888888888889,1,78.99984050867101,67.86314580697297,19.32663671881203,4.257884310741455,0.9754295218562344,-139.5266816910483,-0.933876986286397,0.933876986286397,0.010079851992046699,10,1.0261805555555554,14777,3.1593643366343085,223.63636363636363,78.33294062383244,4.764614898989899,1.6758459065374403
RHF_MPM_P23,1133,0.05665,56.65,0,255,6.3748611111111115,31.140983735846653,91798,359.9921568627451,32,243,255,1.1269651336467192,111,111,252,0.0175,20,20,0.63,70.0,60.67857142857143,0.10013888888888889,0.008055555555555555,0.026944444444444444,0.01611111111111111,0.0125,1,77.67640907209308,67.53325780518094,20.210778274242173,4.1285860773269265,0.9789132398595494,-136.94226446817126,-1.3183757307259973,1.3183757307259973,0.007374888341793939,22,-0.1563194444444438,-2251,1.3639269998973815,222.54545454545453,77.84525867078008,4.867702020202021,1.7357785978174927
RHF_MPM_P23,1134,0.0567,56.7,0,255,6.043958333333333,32.08926695604064,87033,341.3058823529412,21,249,255,1.0073317697296262,109,109,286,0.01986111111111111,22,20,0.65,70.65734265734265,61.21678321678322,0.08965277777777778,0.008541666666666666,0.025555555555555557,0.018680555555555554,0.01375,1,73.50301609734238,63.81628807463836,13.919356608573835,4.593549418575329,0.9439768699022747,45.22799151003152,1.9186826233225642,1.9186826233225642,0.034308825388071194,34,-0.3309027777777782,-4765,5.5886557327740505,224.72727272727272,79.2442609440077,4.930195707070707,1.7643919624845983
RHF_MPM_P23,1135,0.05675,56.75,0,255,6.676875,34.34248209354539,96147,377.0470588235294,21,254,255,1.0092963117868274,107,107,346,0.024027777777777776,25,25,0.5536,71.89017341040463,62.39884393063584,0.08951388888888889,0.009930555555555555,0.029861111111111113,0.021458333333333333,0.01576388888888889,1,73.34739513453358,63.58857790674696,11.814375261283315,4.639115593815232,0.9196807092483681,-135.6004729538416,-1.5987618659049294,1.5987618659049294,0.026532289098983846,60,0.6329166666666666,9114,0.27580754998125834,231.36363636363637,85.79496989628315,5.0471590909090915,1.8323506325308052
RHF_MPM_P23,1136,0.0568,56.8,0,255,6.948402777777778,34.77010276171172,100057,392.38039215686274,22,254,255,1.0399208419277364,107,107,353,0.02451388888888889,26,25,0.5430769230769231,72.03966005665723,62.507082152974505,0.09173611111111112,0.01,0.03229166666666667,0.021597222222222223,0.016041666666666666,1,73.64597179607624,63.750762065622595,11.212446282504976,4.631674461791682,0.9106932393421379,-137.48355787972883,-0.9378226339776286,0.9378226339776286,0.015151363722678073,7,0.27152777777777803,3910,0.3397818773980641,238.9090909090909,92.26686053897689,5.191483585858586,1.9121574705534579
RHF_MPM_P23,1137,0.05685,56.85,0,255,7.108958333333334,34.97128588449287,102369,401.4470588235294,26,255,255,1.0804463001623774,108,108,348,0.024166666666666666,26,24,0.5576923076923077,71.816091954023,62.25574712643678,0.09590277777777778,0.010208333333333333,0.03201388888888889,0.021805555555555557,0.01611111111111111,1,73.97570553585558,63.96860377653391,11.659612700937187,4.683695816166523,0.9157702138639586,-138.22177299541084,-0.9821204680217543,0.9821204680217543,0.013021520186775293,-5,0.16055555555555578,2312,0.39519533165466475,246.0909090909091,97.26856405704265,5.357462121212122,1.9905474126839175
RHF_MPM_P23,1138,0.0569,56.9,0,255,7.285972222222222,35.40186589400347,104918,411.44313725490196,28,255,255,1.1144971812590132,110,110,350,0.024305555555555556,26,23,0.5852842809364549,71.78857142857143,62.182857142857145,0.09965277777777778,0.010833333333333334,0.031180555555555555,0.022569444444444444,0.016805555555555556,1,74.31712384910121,64.10915190910997,12.11674157961117,4.671083170840046,0.9227051016098266,-139.3762505413374,-0.9880503594206003,0.9880503594206003,0.015373911054347204,2,0.17701388888888836,2549,0.36921571227414657,254.0,101.75550018638707,5.534614898989899,2.0661470336795804
RHF_MPM_P23,1139,0.05695,56.95,0,255,7.456666666666667,35.72854733185278,107376,421.08235294117645,30,255,255,1.1446725646222538,110,110,354,0.024583333333333332,26,24,0.5673076923076923,71.8135593220339,62.240112994350284,0.10326388888888889,0.011180555555555555,0.03166666666666667,0.022847222222222224,0.017291666666666667,1,74.68058970347191,64.52731522872895,12.945763543390566,4.765041054785591,0.9297952126304887,-138.54020974070158,-1.0591659939653817,1.0591659939653817,0.017080166890180302,4,0.17069444444444493,2458,0.5540469196450717,262.09090909090907,105.76771680127813,5.738030303030303,2.1340992290399634
RHF_MPM_P23,1140,0.057,57.0,0,255,7.565069444444444,35.74166280983363,108937,427.20392156862744,30,255,255,1.1997481491892419,108,108,357,0.024791666666666667,26,25,0.5492307692307692,71.8655462184874,62.40896358543417,0.109375,0.01125,0.03159722222222222,0.022569444444444444,0.017222222222222222,1,74.96546627867482,64.9290690949815,13.733136932492378,4.6595488504550335,0.9406809630079399,-138.1977851389199,-1.0725489784465994,1.0725489784465994,0.020644959930969275,3,0.10840277777777718,1561,0.4925046519051496,293.90909090909093,71.25811538529814,6.42439393939394,1.1871248802382204
RHF_MPM_P23,1141,0.05705,57.05,0,255,7.593819444444445,35.608567603889,109351,428.82745098039214,30,255,255,1.2358080245052512,111,111,347,0.02409722222222222,26,24,0.5560897435897436,71.57348703170028,62.17579250720461,0.11381944444444445,0.011041666666666667,0.03131944444444444,0.022430555555555554,0.017013888888888887,1,75.33572623935767,65.27436420334519,14.459092747769946,4.651127559582117,0.9468501694151312,-138.46362853112288,-1.2162709149479736,1.2162709149479736,0.023081636199028817,-10,0.028750000000000497,414,0.5062816907066175,313.0,52.26157983904359,6.826433080808082,0.6402729718869732
RHF_MPM_P23,1142,0.0571,57.1,0,255,7.596041666666666,35.59185999945052,109383,428.9529411764706,31,255,255,1.2250916304857713,110,110,352,0.024444444444444446,26,24,0.5641025641025641,71.64488636363636,62.24147727272727,0.1123611111111111,0.011180555555555555,0.03166666666666667,0.022569444444444444,0.016805555555555556,1,75.45038991433769,65.48063227375368,14.866153893474271,4.589808155172001,0.9511457782404241,-138.0389378978286,-1.270177147395258,1.270177147395258,0.023303438377078704,5,0.0022222222222216814,32,0.23599634579791565,325.0,44.03717437884414,7.016527777777778,0.5185697393457271
RHF_MPM_P23,1143,0.05715,57.15,0,255,7.481736111111111,35.19843272690366,107737,422.4980392156863,30,255,255,1.2328913289273618,110,110,341,0.023680555555555555,25,24,0.5683333333333334,71.3225806451613,62.02052785923754,0.11381944444444445,0.010972222222222222,0.030972222222222224,0.021875,0.01659722222222222,1,75.43789041833354,65.5426455163964,15.454783931243892,4.565934809591661,0.9553618276191146,-137.59610026038865,-1.347987774425922,1.347987774425922,0.025135283143209855,-11,-0.11430555555555522,-1646,0.06326041150216119,335.09090909090907,32.25313105436304,7.10294191919192,0.5096144483198881
RHF_MPM_P23,1144,0.0572,57.2,0,255,7.406666666666666,35.0393811779451,106656,418.25882352941176,29,255,255,1.2240059463246196,110,110,341,0.023680555555555555,25,24,0.5683333333333334,71.34897360703812,62.00879765395894,0.11305555555555556,0.010833333333333334,0.030694444444444444,0.021666666666666667,0.016666666666666666,1,75.53692244224422,65.5563493849385,15.665001844748074,4.448410216199931,0.9588327940566203,-138.01268768578882,-1.441075383733326,1.441075383733326,0.027396489648964895,0,-0.07506944444444485,-1081,0.09997568590844808,343.1818181818182,18.717119931025625,7.196742424242424,0.4594600509103734
RHF_MPM_P23,1145,0.05725,57.25,0,255,7.259166666666666,34.67381015141928,104532,409.9294117647059,27,255,255,1.2148579247131575,111,111,327,0.022708333333333334,24,24,0.5677083333333334,71.04892966360856,61.813455657492355,0.1123611111111111,0.010763888888888889,0.03013888888888889,0.021319444444444443,0.016180555555555556,1,75.38866567175602,65.45306700340565,15.824853526166939,4.456972254596316,0.9595190235962177,-138.0200533668853,-1.4079835629185362,1.4079835629185362,0.028527149580989553,-14,-0.14749999999999996,-2124,0.1806856948700944,346.90909090909093,7.936733303897145,7.307215909090909,0.2800773024131149
RHF_MPM_P23,1146,0.0573,57.3,0,255,6.9909027777777775,34.03989469915317,100669,394.7803921568627,25,255,255,1.1759981892551004,109,109,320,0.022222222222222223,23,23,0.6049149338374291,70.821875,61.521875,0.10854166666666666,0.010277777777777778,0.028958333333333332,0.02048611111111111,0.015555555555555555,1,75.05624372944997,65.1642809603751,15.672200083638971,4.365602650887824,0.9604196689161536,-137.37901794513462,-1.4761902945093042,1.4761902945093042,0.02861854195432556,-7,-0.26826388888888886,-3863,0.4403427373941424,344.54545454545456,11.09761347287733,7.335763888888889,0.22495165648496807
RHF_MPM_P23,1147,0.05735,57.35,0,255,6.79125,33.59310703260665,97794,383.50588235294117,24,255,255,1.1574938858187167,111,111,308,0.021388888888888888,23,22,0.6086956521739131,70.43831168831169,61.12337662337662,0.10680555555555556,0.010208333333333333,0.028194444444444446,0.02,0.01513888888888889,1,74.67930547886374,64.77994559993455,15.353008909003908,4.465966796297969,0.9567578894948223,-137.55367504918385,-1.5245271470834485,1.5245271470834485,0.0287849970345829,-12,-0.19965277777777768,-2875,0.5383271440675969,340.45454545454544,14.877460904845512,7.3214772727272734,0.252413313415889
RHF_MPM_P23,1148,0.0574,57.4,0,255,6.674166666666666,33.36633282175646,96108,376.8941176470588,23,255,255,1.135963175643547,111,111,303,0.021041666666666667,22,22,0.6260330578512396,70.3102310231023,61.00990099009901,0.10451388888888889,0.010069444444444445,0.02736111111111111,0.01986111111111111,0.015,1,74.53493985932492,64.61312273692096,15.140695791976356,4.3870334560668125,0.9571020282933318,-137.70948930552797,-1.6001578706935273,1.6001578706935273,0.028665667790402465,-5,-0.11708333333333343,-1686,0.22061572865251128,336.3636363636364,18.081998719332727,7.281950757575758,0.3100583831243631
RHF_MPM_P23,1149,0.05745,57.45,0,255,6.487222222222222,32.88412700605898,93416,366.33725490196076,22,252,255,1.1278972720136555,110,110,299,0.020763888888888887,23,22,0.5909090909090909,70.21739130434783,60.785953177257525,0.10361111111111111,0.00951388888888889,0.027291666666666665,0.019097222222222224,0.014375,1,74.20316648111672,64.21236190802432,14.797446084584003,4.395707621169347,0.9548592713940459,-137.749158121269,-1.5932678227553716,1.5932678227553716,0.028089406525648713,-4,-0.18694444444444436,-2692,0.5202718678398812,331.72727272727275,20.38310757416948,7.209337121212121,0.38507087199919876
RHF_MPM_P23,1150,0.0575,57.5,0,255,6.3538194444444445,32.51639574670429,91495,358.80392156862746,22,251,255,1.0996205863249877,110,110,292,0.020277777777777777,23,20,0.6347826086956522,70.09931506849315,60.53082191780822,0.10027777777777777,0.009166666666666667,0.026319444444444444,0.018680555555555554,0.014027777777777778,1,74.08355647849609,64.00755232526367,14.79030256770219,4.410953778177205,0.9544931532705199,-137.6576688021083,-1.5692739912533786,1.5692739912533786,0.027258320126782885,-7,-0.13340277777777754,-1921,0.2371782408179502,326.09090909090907,21.956380499255772,7.109078282828281,0.4463227278017987
RHF_MPM_P23,1151,0.05755,57.55,0,255,6.174722222222222,32.06569471726158,88916,348.69019607843137,21,250,255,1.076743595317935,109,109,283,0.01965277777777778,23,20,0.6152173913043478,69.9469964664311,60.29681978798587,0.09805555555555556,0.008819444444444444,0.025347222222222222,0.018333333333333333,0.013680555555555555,1,73.87640019793963,63.709984704665075,14.629436372855144,4.349845329504644,0.9547731782686402,-137.7795398329804,-1.6102146958330867,1.6102146958330867,0.027666561698681903,-9,-0.17909722222222246,-2579,0.36257442463954764,319.3636363636364,22.77667358294736,6.982683080808081,0.4936509478426155
RHF_MPM_P23,1152,0.0576,57.6,0,255,5.987708333333333,31.646286012095874,86223,338.1294117647059,20,245,255,1.0387882594742268,108,108,283,0.01965277777777778,22,20,0.6431818181818182,69.90812720848056,60.31802120141343,0.09347222222222222,0.008263888888888888,0.025277777777777777,0.017986111111111112,0.013541666666666667,1,73.53688690952531,63.4229613908122,14.134618364522519,4.298342351703634,0.9526400048569247,-137.88553255159508,-1.668218014818287,1.668218014818287,0.027846398292798905,0,-0.18701388888888903,-2693,0.4445803141222013,313.54545454545456,23.14524744604911,6.836672979797979,0.5276519590646178
RHF_MPM_P23,1153,0.05765,57.65,0,255,5.844027777777778,31.143774665953277,84154,330.0156862745098,19,241,255,1.0311936839841391,109,109,273,0.018958333333333334,21,20,0.65,69.6117216117216,60.065934065934066,0.09270833333333334,0.0077777777777777776,0.024722222222222222,0.0175,0.012916666666666667,1,73.27294008603275,63.205551726596475,13.99476902341475,4.373698191702875,0.9499099344294144,-137.80684188211322,-1.7555905690971454,1.7555905690971454,0.028531026451505574,-10,-0.14368055555555515,-2069,0.3419574355474755,306.3636363636364,22.341452411778615,6.67739898989899,0.5387051766637291
RHF_MPM_P23,1154,0.0577,57.7,0,255,5.808194444444444,31.115577816442364,83638,327.9921568627451,19,241,255,1.0284498332174539,109,109,269,0.018680555555555554,21,19,0.6741854636591479,69.5092936802974,59.94423791821561,0.09277777777777778,0.0077083333333333335,0.024375,0.017291666666666667,0.012777777777777779,1,73.2069872545972,63.14705038379684,13.947907894642855,4.336625056371664,0.9504374572712097,-137.7417466076716,-1.7238160841669161,1.7238160841669161,0.028802697338530334,-4,-0.035833333333333606,-516,0.08815998572894106,299.8181818181818,21.774957183208848,6.525258838383838,0.5262371912112316
RHF_MPM_P23,1155,0.05775,57.75,0,255,5.700486111111111,30.946933967453358,82087,321.90980392156865,18,241,255,0.9988497173267086,107,107,270,0.01875,21,20,0.6428571428571429,69.6037037037037,59.974074074074075,0.08972222222222222,0.007569444444444445,0.024166666666666666,0.017152777777777777,0.012638888888888889,1,72.93704240622753,62.888179614311646,13.552101963057787,4.305461362721178,0.9481923077678048,-137.64374126950133,-1.7987907296569867,1.7987907296569867,0.02888398893856518,1,-0.10770833333333307,-1551,0.3740110913531507,293.3636363636364,18.951002502975104,6.370151515151514,0.4940473466935339
RHF_MPM_P23,1156,0.0578,57.8,0,255,5.6404861111111115,31.12535117673064,81223,318.52156862745096,17,243,255,0.9544957229027594,110,110,268,0.01861111111111111,21,19,0.6716791979949874,69.48507462686567,59.91044776119403,0.08513888888888889,0.008055555555555555,0.023958333333333335,0.017152777777777777,0.012986111111111111,1,72.51837533703508,62.489528828041315,12.73571579331269,4.282879229215876,0.9417588909994583,-137.9530360492575,-1.7605533372926603,1.7605533372926603,0.0277507602526378,-2,-0.05999999999999961,-864,0.5781042849003544,288.0,16.911534525287763,6.222998737373738,0.44607183590550553
RHF_MPM_P23,1157,0.05785,57.85,0,255,5.708402777777778,31.486150596624626,82201,322.35686274509806,17,247,255,0.9526927374000395,109,109,275,0.019097222222222224,22,20,0.625,69.80727272727273,60.21454545454545,0.08520833333333333,0.008333333333333333,0.024652777777777777,0.017847222222222223,0.013194444444444444,1,72.40879064731573,62.39171056313184,12.468749211802194,4.300535879299904,0.9386375413696252,-138.16777507001055,-1.6881476041774466,1.6881476041774466,0.02802885609664116,7,0.06791666666666618,978,0.14689185535892765,283.90909090909093,13.839696170170955,6.106407828282827,0.3947825012383097
RHF_MPM_P23,1158,0.0579,57.9,0,255,5.7832638888888885,31.869820457820218,83279,326.5843137254902,17,249,255,0.9393696920837562,110,110,279,0.019375,22,20,0.634090909090909,69.84229390681004,60.18996415770609,0.08368055555555555,0.00875,0.025069444444444443,0.017847222222222223,0.013680555555555555,1,72.2395681984654,62.23184716435116,11.960021547342226,4.428729228480559,0.9289144435079943,-137.665497405669,-1.6545039304805391,1.6545039304805391,0.026669388441263705,4,0.07486111111111082,1078,0.23279291970463717,281.27272727272725,11.576550821622988,6.014772727272727,0.33810054346707324
RHF_MPM_P23,1159,0.05795,57.95,0,255,6.065347222222222,32.69849587547301,87341,342.51372549019607,17,253,255,0.9861360412645899,111,111,288,0.02,23,20,0.6260869565217392,70.08680555555556,60.458333333333336,0.08895833333333333,0.009375,0.025902777777777778,0.01875,0.014444444444444444,1,72.60235170194983,62.58909332386852,12.264114938887811,4.370033765425154,0.9343613633406179,-137.52384428242354,-1.679583724100152,1.679583724100152,0.02806242200112204,9,0.28208333333333346,4062,0.5091529130726196,279.90909090909093,9.662058367699217,5.959425505050505,0.26824220730273785
RHF_MPM_P23,1160,0.058,58.0,0,255,6.1159027777777775,32.6683625816833,88069,345.3686274509804,18,252,255,1.0157135377599864,111,111,293,0.02034722222222222,23,21,0.6066252587991718,70.21160409556315,60.62798634812287,0.09180555555555556,0.009097222222222222,0.026041666666666668,0.019166666666666665,0.014305555555555556,1,72.79946405659199,62.69454632163417,12.34331858591566,4.425553443778099,0.9335149867068263,-138.6016045560849,-1.5406166736506917,1.5406166736506917,0.0283187046520342,5,0.050555555555555465,728,0.22354779151299767,279.3636363636364,8.689311378435287,5.925669191919192,0.2184395248845374
RHF_MPM_P23,1161,0.05805,58.05,0,255,6.119652777777778,32.68379954438001,88123,345.58039215686273,18,252,255,1.0060680893181837,110,110,294,0.020416666666666666,23,20,0.6391304347826087,70.11904761904762,60.54761904761905,0.0907638888888889,0.009166666666666667,0.026041666666666668,0.01902777777777778,0.014583333333333334,1,72.70569544840734,62.628995835366474,12.19093474399576,4.367402541682167,0.9336256891974338,-138.40346225017566,-1.4162831506061586,1.4162831506061586,0.02681479295984022,1,0.003750000000000142,54,0.1144089949733726,279.54545454545456,8.968263603737109,5.904381313131313,0.18444170490196102
RHF_MPM_P23,1162,0.0581,58.1,0,255,6.096736111111111,32.796525737616484,87793,344.28627450980395,18,252,255,0.9618369685281025,109,109,294,0.020416666666666666,23,20,0.6391304347826087,70.0952380952381,60.45918367346939,0.08569444444444445,0.009236111111111112,0.026041666666666668,0.019097222222222224,0.014583333333333334,1,72.34547173464856,62.28623010946203,11.504028581768676,4.462890831227224,0.9216839716160603,-138.38732104518573,-1.331567843933995,1.331567843933995,0.024170491952661372,0,-0.022916666666666252,-330,0.4972418594697859,280.54545454545456,9.866044951002738,5.897291666666667,0.17518027981570153
RHF_MPM_P23,1163,0.05815,58.15,0,255,6.059930555555556,32.88411816930713,87263,342.2078431372549,17,252,255,0.9213887693432342,110,110,300,0.020833333333333332,23,21,0.6211180124223602,70.16666666666667,60.56,0.08145833333333333,0.009236111111111112,0.026041666666666668,0.019305555555555555,0.014513888888888889,1,72.11191455714335,62.14349724396365,11.034789791216946,4.4673064647133005,0.914388256156807,-138.28976986704706,-1.3398966414243787,1.3398966414243787,0.023893288106070155,6,-0.036805555555555536,-530,0.2737181507638406,282.09090909090907,11.34944568493862,5.903857323232324,0.17974008584614215
RHF_MPM_P23,1164,0.0582,58.2,0,255,6.055833333333333,32.82886085232186,87204,341.9764705882353,17,252,255,0.9273146110006503,110,110,297,0.020625,23,21,0.6149068322981367,70.15151515151516,60.4040404040404,0.08180555555555556,0.009236111111111112,0.026597222222222223,0.019166666666666665,0.014583333333333334,1,72.13155359845878,62.046454291087564,10.982961036527985,4.509938060205683,0.9118018679712436,-138.4711308246307,-1.2487131503804392,1.2487131503804392,0.023347552864547497,-3,-0.004097222222222641,-59,0.09901023506031917,284.27272727272725,11.693750538338527,5.923112373737374,0.18360290390039052
RHF_MPM_P23,1165,0.05825,58.25,0,255,6.067916666666667,32.77229476239123,87378,342.6588235294118,18,252,255,0.9322080206280371,111,111,291,0.02020833333333333,22,22,0.6012396694214877,69.91065292096219,60.43298969072165,0.08229166666666667,0.009166666666666667,0.02625,0.019166666666666665,0.014305555555555556,1,72.23125958479251,62.25935590194328,11.284199917382347,4.37404424346057,0.9218169178054021,-138.34175687034983,-1.3551210575667183,1.3551210575667183,0.023587172972601798,-6,0.01208333333333389,174,0.23509227893689158,286.27272727272725,10.754203483381904,5.9467234848484845,0.18400595643967632
RHF_MPM_P23,1166,0.0583,58.3,0,255,6.005972222222222,32.408616702272006,86486,339.1607843137255,18,251,255,0.9384193225295184,110,110,289,0.020069444444444445,23,21,0.598343685300207,70.09688581314879,60.346020761245676,0.08270833333333333,0.008611111111111111,0.02625,0.01861111111111111,0.014097222222222223,1,72.46036352704483,62.35900608190921,11.736464142640875,4.382157771424779,0.9276785972811471,-138.12802082797364,-1.33568626822217,1.33568626822217,0.023657008070670397,-2,-0.061944444444445246,-892,0.24983749663090457,288.0,9.448424592106733,5.97449494949495,0.16701493781278026
RHF_MPM_P23,1167,0.05835,58.35,0,255,5.884375,31.89793889672772,84735,332.29411764705884,18,249,255,0.9559624825264961,110,110,281,0.01951388888888889,23,21,0.5817805383022774,69.96797153024912,60.32740213523132,0.08451388888888889,0.008263888888888888,0.025208333333333333,0.017986111111111112,0.01361111111111111,1,72.57789579276569,62.45572667728801,12.144324143715144,4.2935987841682515,0.9354164690358024,-138.84226054483918,-1.38406200265699,1.38406200265699,0.025042780433115006,-8,-0.12159722222222147,-1751,0.1522127033328953,289.1818181818182,7.48110567688763,5.996666666666667,0.1341593861085856
RHF_MPM_P23,1168,0.0584,58.4,0,255,5.815277777777778,31.7576878694235,83740,328.3921568627451,18,248,255,0.9466188072264565,110,110,279,0.019375,23,21,0.577639751552795,70.02150537634408,60.31541218637993,0.08361111111111111,0.008055555555555555,0.025208333333333333,0.018125,0.013541666666666667,1,72.57886314783855,62.38488177692859,12.007699269761801,4.239291007442501,0.9356053110811006,-139.79274745772452,-1.3635447919800834,1.3635447919800834,0.025662765703367566,-2,-0.06909722222222214,-995,0.07085150444961558,289.54545454545456,6.8538461181711865,6.006382575757575,0.1155042782687633
RHF_MPM_P23,1169,0.05845,58.45,0,255,5.646736111111111,31.071005091605656,81313,318.87450980392157,17,239,255,0.925351515104286,108,108,273,0.018958333333333334,23,21,0.5652173913043478,69.81684981684981,60.27838827838828,0.08131944444444444,0.007430555555555556,0.025,0.017222222222222222,0.012708333333333334,1,72.43153001365096,62.47297480107732,12.212799946362567,4.176363153890784,0.9397123015193238,-138.21111466833008,-1.4308943223583712,1.4308943223583712,0.02671159593176983,-6,-0.16854166666666703,-2427,0.17166080896118335,289.0,7.839294959021854,5.993970959595959,0.14289943126414725
RHF_MPM_P23,1170,0.0585,58.5,0,255,5.395277777777777,30.148765497677523,77692,304.6745098039216,16,227,255,0.9196604643874149,107,107,260,0.018055555555555554,22,21,0.5627705627705628,69.46538461538462,59.99230769230769,0.08020833333333334,0.006666666666666667,0.02375,0.01625,0.011875,1,72.1714333522113,62.33008546568501,12.214351461471843,4.228888174141945,0.9381522819398977,-137.43509449116203,-1.5815985260288843,1.5815985260288843,0.026000102970704833,-13,-0.2514583333333338,-3621,0.29676191713377614,286.45454545454544,11.460316006777763,5.933055555555556,0.22097801744998974
RHF_MPM_P23,1171,0.05855,58.55,0,255,5.336388888888889,30.336094805874207,76844,301.34901960784316,16,237,255,0.8798189237513256,107,107,260,0.018055555555555554,21,20,0.6190476190476191,69.35384615384615,59.81153846153846,0.07673611111111112,0.007152777777777778,0.02340277777777778,0.016458333333333332,0.012291666666666666,1,71.78779084899277,61.9295976263599,11.573341839317251,4.194381706841949,0.9320158528735036,-137.91181348654092,-1.5408678966208438,1.5408678966208438,0.025662380927593566,0,-0.058888888888888324,-848,0.5545918136098567,283.45454545454544,13.493187751694533,5.862190656565656,0.27043432366822645
RHF_MPM_P23,1172,0.0586,58.6,0,255,5.3902777777777775,30.53797344528713,77620,304.3921568627451,16,238,255,0.8936829176955368,107,107,261,0.018125,21,20,0.6214285714285714,69.26053639846744,59.78544061302682,0.07819444444444444,0.007222222222222222,0.02361111111111111,0.016527777777777777,0.012430555555555556,1,71.73234990981706,61.91802370523061,11.655847606753897,4.287838641951866,0.9298771628221915,-137.6519155315036,-1.4612517468863173,1.4612517468863173,0.026900283432105127,1,0.05388888888888843,776,0.056636149118666816,280.45454545454544,14.449684717313108,5.795883838383838,0.2880237432435446
RHF_MPM_P23,1173,0.05865,58.65,0,255,5.444305555555555,30.75776701033726,78398,307.44313725490196,16,242,255,0.884678308787359,110,110,260,0.018055555555555554,21,20,0.6190476190476191,69.25,59.83076923076923,0.07763888888888888,0.0077083333333333335,0.023680555555555555,0.016944444444444446,0.012569444444444444,1,71.72991657950458,61.916936656547364,11.567765526074593,4.269145950503767,0.9294074112885856,-138.17538812847445,-1.5460700163277639,1.5460700163277639,0.027360391846730784,-1,0.054027777777777786,778,0.0026651024838463973,277.3636363636364,14.852442267934054,5.736571969696969,0.28713835228860474
RHF_MPM_P23,1174,0.0587,58.7,0,255,5.429305555555556,30.57877581057329,78182,306.5960784313726,16,239,255,0.914015658141856,109,109,260,0.018055555555555554,21,19,0.6516290726817042,69.41923076923077,59.88076923076923,0.08076388888888889,0.007291666666666667,0.02340277777777778,0.01673611111111111,0.012361111111111111,1,71.97834539919674,62.02576040520836,11.917447542251304,4.260331435027601,0.9339181510681795,-138.8550388322867,-1.6612588542021631,1.6612588542021631,0.028177841446880358,0,-0.01499999999999968,-216,0.2712185220929314,273.72727272727275,13.718540268827365,5.679242424242424,0.2797127091911773
RHF_MPM_P23,1175,0.05875,58.75,0,255,5.369722222222222,30.370000273123246,77324,303.2313725490196,16,237,255,0.9134767265898613,110,110,253,0.017569444444444443,21,18,0.6693121693121693,69.11067193675889,59.648221343873516,0.0811111111111111,0.007430555555555556,0.02326388888888889,0.016458333333333332,0.012083333333333333,1,71.88942631007191,61.88418860897005,11.918442296904944,4.262127543509673,0.9338718780033456,-139.01627810136526,-1.6537082542767627,1.6537082542767627,0.028490507475040092,-7,-0.05958333333333332,-858,0.16718007626786996,269.72727272727275,12.72857136231792,5.6168686868686875,0.26488727017507085
RHF_MPM_P23,1176,0.0588,58.8,0,255,5.426597222222222,30.649880384558923,78143,306.44313725490196,16,243,255,0.9456154846766984,110,110,259,0.017986111111111112,21,19,0.6491228070175439,69.1003861003861,59.55598455598456,0.08506944444444445,0.007916666666666667,0.022847222222222224,0.01659722222222222,0.012638888888888889,1,71.85776077191815,61.86738415469076,12.103689138500659,4.434189666046653,0.9304770211049572,-138.23754959217766,-1.6647572363485081,1.6647572363485081,0.03108403823759006,6,0.05687499999999979,819,0.03584823552410815,266.8181818181818,11.08494623612813,5.558566919191919,0.22707364000395217
RHF_MPM_P23,1177,0.05885,58.85,0,255,5.542222222222223,31.544897818744975,79808,312.97254901960787,15,250,255,0.8976572333914739,111,111,265,0.01840277777777778,21,19,0.6641604010025063,69.12830188679246,59.5622641509434,0.08034722222222222,0.00875,0.02326388888888889,0.017638888888888888,0.013680555555555555,1,71.33120739775461,61.44128408179631,10.846078016656692,4.465836927846773,0.91129833079449,-137.52447962560214,-1.665616794350202,1.665616794350202,0.02873145549318364,6,0.11562500000000053,1665,0.6773623313734423,264.6363636363636,8.584052097536638,5.516407828282828,0.1777974290031399
RHF_MPM_P23,1178,0.0589,58.9,0,255,5.711111111111111,32.16883004622969,82240,322.5098039215686,15,251,255,0.8889968952365487,110,110,283,0.01965277777777778,23,20,0.6152173913043478,69.55123674911661,59.996466431095406,0.079375,0.008819444444444444,0.024930555555555556,0.018194444444444444,0.014375,1,71.1167923151751,61.34223005836576,10.0546462169387,4.525017549153621,0.8930071664344451,-137.81387679583793,-1.4088354912166579,1.4088354912166579,0.02502431906614786,18,0.16888888888888864,2432,0.23618960009991422,264.8181818181818,8.94242372898759,5.500656565656565,0.15000351123964079
RHF_MPM_P23,1179,0.05895,58.95,0,255,5.7629166666666665,32.246322569726196,82986,325.43529411764706,15,252,255,0.9017584614655327,109,109,288,0.02,21,20,0.6857142857142857,69.07986111111111,59.729166666666664,0.08006944444444444,0.008819444444444444,0.024652777777777777,0.018194444444444444,0.014305555555555556,1,70.94775022292917,61.30226785240884,10.217187389549668,4.643179285599,0.890773322562584,-137.157534516139,-1.5097970139874077,1.5097970139874077,0.025510327043115705,5,0.051805555555555216,746,0.17370148777665956,265.6363636363636,10.481782701193596,5.4958964646464645,0.14047199543414296
RHF_MPM_P23,1180,0.059,59.0,0,255,5.594444444444444,31.73859764146667,80560,315.921568627451,15,251,255,0.8664625705388751,109,109,283,0.01965277777777778,21,20,0.6738095238095239,68.90106007067138,59.65017667844523,0.07652777777777778,0.008680555555555556,0.02409722222222222,0.017569444444444443,0.013819444444444445,1,70.5223311817279,61.121586395233365,9.613310701726498,4.342927424733718,0.8921385506327669,-137.85488675953584,-1.5036710873118384,1.5036710873118384,0.025868917576961272,-5,-0.16847222222222236,-2426,0.4621981713330953,266.54545454545456,11.468245775053164,5.4911426767676765,0.13610381011274597
RHF_MPM_P23,1181,0.05905,59.05,0,11,0.017916666666666668,0.3351386010957921,258,23.454545454545453,0,0,7,0.05214439401560685,3,8,9,0.000625,93,101,0.0009581603321622484,83.0,53.111111111111114,0.004166666666666667,0.0,0.0,0.0,0.0,0,81.80232558139535,61.27131782945737,32.623781890996945,24.58332224252411,0.6574021429757307,122.33333338013185,0.09941771396319814,0.09941771396319814,0.0,-274,-5.576527777777778,-80302,11.280988128658043,243.72727272727272,75.0794620374621,5.002291666666666,1.5817726300906436
RHF_MPM_P23,1182,0.0591,59.1,0,255,3.3759027777777777,22.619669780758247,48613,190.6392156862745,9,102,255,0.7531711794085593,102,102,146,0.010138888888888888,14,14,0.7448979591836735,64.0958904109589,54.68493150684932,0.065,0.003263888888888889,0.01423611111111111,0.008819444444444444,0.00625,1,63.53590603336556,52.07475366671466,7.715075861151523,5.872714252138628,0.6485174282034105,71.05952078055178,-0.8290806382436132,0.8290806382436132,0.016970769135827866,137,3.357986111111111,48355,20.450889357289284,233.36363636363637,79.83536779155729,4.824065656565656,1.643338105888174
RHF_MPM_P23,1183,0.05915,59.15,0,255,6.617222222222222,29.418692244813702,95288,373.678431372549,34,187,255,1.3922591361499475,97,97,279,0.019375,29,31,0.3103448275862069,58.96774193548387,48.97491039426523,0.12805555555555556,0.005555555555555556,0.02784722222222222,0.015694444444444445,0.009444444444444445,1,56.025407186634204,42.41949668373772,16.722100090941087,6.629401507308398,0.9180582537064599,54.88908251321835,-0.7344134121682109,0.7344134121682109,0.022762572412056082,133,3.241319444444444,46675,12.23239879721382,235.0,80.56617833128918,4.9356060606060606,1.7179300932064279
RHF_MPM_P23,1184,0.0592,59.2,0,255,7.026944444444444,30.634726964984303,101188,396.8156862745098,39,217,255,1.3735886855185393,107,107,245,0.017013888888888887,21,20,0.5833333333333334,61.17142857142857,52.13061224489796,0.12541666666666668,0.006805555555555555,0.03423611111111111,0.014861111111111111,0.010972222222222222,1,52.58474325018777,40.87407597738862,21.371842813518942,5.264070241235287,0.9691914349831975,50.07911874046018,-0.7902731807173924,0.7902731807173924,0.01562438233782662,-34,0.4097222222222223,5900,3.7718024183638805,233.63636363636363,80.25784892488451,5.079482323232323,1.8178743517866298
RHF_MPM_P23,1185,0.05925,59.25,0,255,6.078402777777778,32.10696800806802,87529,343.25098039215686,21,250,255,1.0196960157172614,109,109,289,0.020069444444444445,21,20,0.6880952380952381,60.56401384083045,51.63667820069204,0.09111111111111111,0.008611111111111111,0.024652777777777777,0.01840277777777778,0.01361111111111111,1,56.46829050943116,47.046133281540975,18.552436906196558,4.499083427187307,0.9701498228886669,46.086260173016655,-1.8978927348408499,1.8978927348408499,0.029361697266048967,44,-0.9485416666666664,-13659,7.29220341738471,236.27272727272728,81.5465186917492,5.138491161616162,1.8386878239972948
RHF_MPM_P23,1186,0.0593,59.3,0,255,6.596875,35.34090608646237,94995,372.52941176470586,14,255,255,0.8871010807395363,110,110,344,0.02388888888888889,24,24,0.5972222222222222,59.06686046511628,50.36918604651163,0.07840277777777778,0.010902777777777779,0.029444444444444443,0.022847222222222224,0.017152777777777777,1,58.86551923785463,49.97356702984368,9.54233424176668,4.7025367407245495,0.8701381916996033,-137.06132024992144,1.1806770473739097,1.1806770473739097,0.01231643770724775,55,0.518472222222222,7466,3.783724874654661,244.54545454545453,87.24090328860407,5.250050505050504,1.8859532750830819
RHF_MPM_P23,1187,0.05935,59.35,0,255,7.445069444444444,37.28651691624169,107209,420.42745098039217,20,255,255,0.9488022788317434,109,109,403,0.02798611111111111,29,28,0.4963054187192118,57.33746898263027,49.064516129032256,0.08284722222222222,0.01125,0.034722222222222224,0.025972222222222223,0.019097222222222224,1,57.39361434207949,48.8713913943792,10.51127674287006,4.568379276813401,0.9006153935353872,-137.98427973661342,0.7457200180971334,0.7457200180971334,0.009327575110298575,59,0.8481944444444443,12214,1.8388298326975085,257.6363636363636,98.50452017987686,5.4335479797979795,1.9895539052097926
RHF_MPM_P23,1188,0.0594,59.4,0,255,7.7207638888888885,37.18093353939514,111179,435.99607843137255,26,255,255,1.0731016414176802,105,105,425,0.029513888888888888,32,29,0.4579741379310345,56.73647058823529,48.8564705882353,0.09541666666666666,0.011319444444444444,0.03666666666666667,0.026111111111111113,0.018055555555555554,1,56.52304841741696,48.36823500840986,11.895952707140273,4.4908951130252035,0.9260036566648463,-139.42696361506432,0.938027875494263,0.938027875494263,0.012997058797074986,22,0.27569444444444446,3970,1.005510506123756,272.1818181818182,109.6952954836244,5.631597222222221,2.096092905562633
RHF_MPM_P23,1189,0.05945,59.45,0,255,7.91125,37.361991026141794,113922,446.7529411764706,30,255,255,1.072280533746481,105,105,423,0.029375,33,29,0.44200626959247646,56.71158392434988,48.6903073286052,0.09430555555555556,0.011458333333333333,0.03770833333333334,0.025625,0.018194444444444444,1,56.03648987904005,47.937667878021806,12.300525507187315,4.479339104847833,0.931337046524785,-139.2899114854203,0.6623271120064432,0.6623271120064432,0.007180351468548656,-2,0.19048611111111136,2743,0.6497132175337682,284.90909090909093,118.01806837433799,5.831609848484848,2.1966937744885544
RHF_MPM_P23,1190,0.0595,59.5,0,255,7.747361111111111,36.349569097746134,111562,437.4980392156863,33,255,255,1.1402674327214384,104,104,395,0.027430555555555555,32,29,0.42564655172413796,57.55443037974683,49.415189873417724,0.10138888888888889,0.010833333333333334,0.036875,0.023958333333333335,0.017222222222222222,1,55.777970993707534,47.81125293558738,13.291826645033867,4.565224306384657,0.939166933687173,-139.38475696158338,0.8081983124500665,0.8081983124500665,0.0080493357953425,-28,-0.16388888888888875,-2360,0.28777204823308267,294.6363636363636,122.20718080915832,6.012013888888888,2.2640968755160147
RHF_MPM_P23,1191,0.05955,59.55,0,255,7.421805555555555,35.20523749017991,106874,419.1137254901961,33,255,255,1.147220571292347,109,109,340,0.02361111111111111,27,26,0.4843304843304843,59.26764705882353,51.023529411764706,0.10243055555555555,0.010555555555555556,0.03305555555555555,0.021805555555555557,0.01638888888888889,1,55.775221288620244,47.92068229878174,14.091261372062743,4.5299585683634565,0.9469187814445833,-139.1255065636602,0.9845459911492025,0.9845459911492025,0.010067930460168049,-55,-0.3255555555555558,-4688,0.10946390458589493,299.8181818181818,122.81088061199715,6.178137626262626,2.294203397579036
RHF_MPM_P23,1192,0.0596,59.6,0,255,7.050347222222222,33.73629196744613,101525,398.1372549019608,32,251,255,1.165627083735141,108,108,324,0.0225,28,25,0.46285714285714286,59.364197530864196,51.01851851851852,0.104375,0.009375,0.03027777777777778,0.020416666666666666,0.014791666666666667,1,55.47602068456045,47.518926372814576,15.314486868216,4.399114942996517,0.9578550855853661,-138.28004199214044,1.1063027650563384,1.1063027650563384,0.015139128293523763,-16,-0.371458333333333,-5349,0.5009279644015483,328.45454545454544,81.40623567400455,6.817449494949495,1.2140680118904115
RHF_MPM_P23,1193,0.05965,59.65,0,255,6.702083333333333,32.670707591795605,96510,378.47058823529414,28,249,255,1.169373173142581,107,107,299,0.020763888888888887,25,23,0.52,60.23076923076923,51.84615384615385,0.1057638888888889,0.008680555555555556,0.02875,0.018958333333333334,0.01375,1,55.697544295927884,47.68779401098332,15.972210255102752,4.329181514390531,0.9625667867126279,-138.0211240238526,1.274332226906145,1.274332226906145,0.021863019376230444,-25,-0.34826388888888893,-5015,0.2785480023514036,342.3636363636364,59.04277760045558,7.119829545454545,0.554064929969544
RHF_MPM_P23,1194,0.0597,59.7,0,255,6.1895138888888885,31.175038778151528,89129,349.5254901960784,25,241,255,1.1445611885862434,109,109,271,0.018819444444444444,23,21,0.5610766045548654,61.169741697416974,52.67158671586716,0.10409722222222222,0.00798611111111111,0.025486111111111112,0.017430555555555557,0.0125,1,56.10412996892145,48.10873004297142,16.516737019082953,4.341236294120119,0.9648398116228121,-137.92464457306818,1.4451087469902646,1.4451087469902646,0.02614188423520964,-28,-0.5125694444444449,-7381,0.5852341860396754,341.6363636363636,59.86237660026041,7.08094696969697,0.6009923695367341
RHF_MPM_P23,1195,0.05975,59.75,0,255,5.705069444444445,29.771731593552143,82153,322.1686274509804,22,226,255,1.133272253893347,108,108,246,0.017083333333333332,22,19,0.5885167464114832,61.69512195121951,53.41056910569106,0.10423611111111111,0.007083333333333333,0.023194444444444445,0.015555555555555555,0.01138888888888889,1,56.3389772741105,48.4562219273794,17.083604456574164,4.347488484515768,0.967077223332783,-138.19685801051858,1.5876264644027602,1.5876264644027602,0.030990955899358515,-25,-0.4844444444444438,-6976,0.4194089489793549,341.72727272727275,59.71613290330863,6.960776515151514,0.7201251458672906
RHF_MPM_P23,1196,0.0598,59.8,0,255,5.343472222222222,29.11022298760553,76946,301.74901960784314,18,223,255,1.094302751279145,110,110,230,0.01597222222222222,20,17,0.6764705882352942,62.30434782608695,53.83913043478261,0.10166666666666667,0.006805555555555555,0.021458333333333333,0.014861111111111111,0.010833333333333334,1,57.207106282327864,49.3837496426065,16.574935623281473,4.50216439286455,0.9624032113288603,-138.8960952255691,1.8234914099703083,1.8234914099703083,0.04019702128765628,-16,-0.36159722222222257,-5207,1.270415537303788,336.3636363636364,66.47798367918199,6.893964646464645,0.8253027082428676
RHF_MPM_P23,1197,0.05985,59.85,0,255,5.286666666666667,29.27972449779312,76128,298.54117647058825,17,226,255,1.0759845306517568,109,109,238,0.016527777777777777,19,18,0.695906432748538,62.44117647058823,53.878151260504204,0.100625,0.006944444444444444,0.021805555555555557,0.014930555555555556,0.011319444444444444,1,57.92780580075662,50.03595260613703,15.60032408401826,4.558255125280974,0.9563603596900043,-139.44364015145314,1.977096262068804,1.977096262068804,0.041023013871374525,8,-0.05680555555555511,-818,0.9719961427400048,326.72727272727275,72.11618266140334,6.774854797979798,0.9453934238440046
RHF_MPM_P23,1198,0.0599,59.9,0,255,5.222291666666667,29.60409534870016,75201,294.90588235294115,15,230,255,0.9972574952930333,108,108,249,0.017291666666666667,20,19,0.6552631578947369,62.19277108433735,53.626506024096386,0.09173611111111112,0.007083333333333333,0.022222222222222223,0.015416666666666667,0.011597222222222222,1,58.77967048310528,50.76784883179745,14.019081244451277,4.505162207268097,0.9469573364237757,-139.854415366477,2.156029578359235,2.156029578359235,0.03885586627837396,11,-0.06437500000000007,-927,1.1230963993215117,312.72727272727275,70.8879921990779,6.57278409090909,1.0154963995049588
RHF_MPM_P23,1199,0.05995,59.95,0,255,5.2375694444444445,29.803903401757438,75421,295.7686274509804,15,234,255,0.9752516931870269,109,109,248,0.017222222222222222,20,19,0.6526315789473685,62.145161290322584,53.63709677419355,0.08861111111111111,0.007152777777777778,0.022430555555555554,0.015625,0.011597222222222222,1,59.18432532053407,51.01547314408454,13.057528706542595,4.466515875349963,0.9396765072319226,-139.47351511556846,2.104185833196781,2.104185833196781,0.03381021200991766,-1,0.015277777777777501,220,0.47440840790417727,296.6363636363636,63.25456897227083,6.347039141414142,1.011206940541828
RHF_MPM_P23,1200,0.06,60.0,0,255,5.142847222222223,29.573152195567758,74057,290.41960784313727,15,227,255,0.9289537637389554,108,108,247,0.017152777777777777,21,20,0.5880952380952381,62.03238866396761,53.45748987854251,0.08298611111111111,0.006527777777777778,0.022291666666666668,0.015625,0.011666666666666667,1,59.31128725171152,51.036714962798925,12.754286663119554,4.343614545111,0.9402223686375617,-138.6705978346182,2.068404010543312,2.068404010543312,0.030233468814561758,-1,-0.09472222222222193,-1364,0.12872663605719617,280.6363636363636,50.174735995632346,6.095366161616162,0.9319834486612885
RHF_MPM_P23,1201,0.06005,60.05,0,255,4.964861111111111,28.882306939498037,71494,280.3686274509804,14,215,255,0.929073953203525,106,106,233,0.016180555555555556,20,19,0.6131578947368421,62.227467811158796,53.798283261802574,0.08326388888888889,0.006527777777777778,0.021388888888888888,0.014930555555555556,0.011041666666666667,1,59.384941393683384,51.30086440820209,12.271980075819368,4.262471072023324,0.9377416314219109,-139.54079459955975,1.8327342421904114,1.8327342421904114,0.030925672084370717,-14,-0.17798611111111118,-2563,0.27422593264753464,265.90909090909093,36.3029038293947,5.842411616161616,0.8201791914907048
RHF_MPM_P23,1202,0.0601,60.1,0,255,4.837083333333333,28.66908153285521,69654,273.15294117647056,13,213,255,0.8800659564914433,107,107,234,0.01625,21,19,0.5864661654135338,62.08119658119658,53.863247863247864,0.07791666666666666,0.006388888888888889,0.020833333333333332,0.014583333333333334,0.010763888888888889,1,60.015390358055534,51.98692106698826,10.692594863500844,4.287786006485647,0.9160757827380621,-140.4393095603627,1.51646843609548,1.51646843609548,0.024391994716742756,1,-0.1277777777777782,-1840,0.9317401116957243,256.27272727272725,28.610522250931986,5.607436868686869,0.6946868658022006
RHF_MPM_P23,1203,0.06015,60.15,0,255,5.192083333333334,30.22682158087325,74766,293.2,14,241,255,0.8920994006538356,110,110,252,0.0175,21,19,0.631578947368421,62.051587301587304,53.70634920634921,0.07965277777777778,0.0077777777777777776,0.02201388888888889,0.016041666666666666,0.012361111111111111,1,60.41113607789637,52.26964128079609,9.584757306015286,4.6899568989187355,0.8721076258880094,-140.97859608370987,1.2341195700890695,1.2341195700890695,0.022483481796538533,18,0.3550000000000004,5112,0.4863593260829773,249.72727272727272,18.983681552566566,5.438503787878788,0.5295876855875443
RHF_MPM_P23,1204,0.0602,60.2,0,255,5.407291666666667,31.161735610778194,77865,305.3529411764706,13,245,255,0.8614014821197522,109,109,270,0.01875,22,21,0.5844155844155844,61.53703703703704,53.096296296296295,0.07583333333333334,0.007916666666666667,0.023541666666666666,0.017361111111111112,0.013125,1,60.61253451486547,52.18246965902524,8.90967362993135,4.675744185378667,0.8512291988051741,-138.03129539015194,0.8786790976110352,0.8786790976110352,0.01647723624221409,18,0.215208333333333,3099,0.2194543735170404,247.0909090909091,13.041573702130398,5.320795454545455,0.3486372748688699
RHF_MPM_P23,1205,0.06025,60.25,0,255,5.697638888888889,31.91881359154536,82046,321.74901960784314,14,249,255,0.8986147703765353,109,109,287,0.019930555555555556,24,22,0.5435606060606061,61.36585365853659,53.066202090592334,0.07951388888888888,0.008541666666666666,0.025347222222222222,0.01840277777777778,0.01375,1,60.211844574994515,51.950308363600904,9.590872944974839,4.59728528978404,0.8776294998498603,-138.87625170135692,0.9693907801339899,0.9693907801339899,0.01675889135363089,17,0.29034722222222253,4181,0.4630888629700529,248.54545454545453,16.149098687844845,5.276079545454546,0.2526895439365483
RHF_MPM_P23,1206,0.0603,60.3,0,255,5.453611111111111,30.9944316372382,78532,307.96862745098036,14,242,255,0.8735382428045613,108,108,271,0.018819444444444444,23,21,0.5610766045548654,61.428044280442805,53.24354243542435,0.07625,0.0077083333333333335,0.024305555555555556,0.017222222222222222,0.012638888888888889,1,59.84992105129119,51.83579941934498,10.00796892179217,4.421726692852515,0.8971034332010392,-139.95268521515519,1.063921228764418,1.063921228764418,0.015853410074873935,-16,-0.24402777777777818,-3514,0.37960628989050965,250.8181818181818,17.345778537092283,5.253219696969698,0.22240603444485027
RHF_MPM_P23,1207,0.06035,60.35,0,255,5.385138888888889,30.466539044820937,77546,304.10196078431375,15,235,255,0.9238534839297944,108,108,265,0.01840277777777778,23,20,0.5760869565217391,61.75094339622642,53.532075471698114,0.0817361111111111,0.007291666666666667,0.02347222222222222,0.01659722222222222,0.0125,1,59.67967399994842,51.908892786217216,10.332299138477584,4.6518131033418895,0.8929173994768305,-141.76742232794308,1.1029365561126976,1.1029365561126976,0.019923658215768705,-6,-0.06847222222222182,-986,0.1852746576616105,254.0,16.420607894848583,5.257007575757576,0.22425801137643586
RHF_MPM_P23,1208,0.0604,60.4,0,255,5.429444444444444,30.44130088697521,78184,306.60392156862747,16,237,255,0.941642251129996,108,108,264,0.018333333333333333,23,20,0.5739130434782609,61.833333333333336,53.53409090909091,0.08361111111111111,0.007291666666666667,0.023055555555555555,0.016458333333333332,0.012291666666666666,1,59.79773355162182,51.864268904123605,10.534800588655965,4.457099154790016,0.9060907484363232,-140.06593905428016,1.1750236754225332,1.1750236754225332,0.021692417886012484,-1,0.04430555555555493,638,0.12621152322362647,256.3636363636364,15.807206223588068,5.269987373737373,0.22966572499832497
RHF_MPM_P23,1209,0.06045,60.45,0,255,5.3630555555555555,30.25112939300728,77228,302.85490196078433,15,232,255,0.9326639820504335,107,107,262,0.018194444444444444,23,20,0.5695652173913044,61.908396946564885,53.51908396946565,0.08298611111111111,0.007291666666666667,0.02298611111111111,0.016180555555555556,0.012152777777777778,1,59.73014968664215,51.638214119231364,11.031294671466217,4.352067442317734,0.9188873125529256,-139.45548372598245,1.4203203285701644,1.4203203285701644,0.02231056093644792,-2,-0.06638888888888861,-956,0.2359414007296461,257.54545454545456,15.698081158731334,5.28278409090909,0.230571481314055
RHF_MPM_P23,1210,0.0605,60.5,0,255,5.391319444444444,30.51656416664308,77635,304.45098039215685,15,236,255,0.9202422593439191,108,108,264,0.018333333333333333,23,20,0.5739130434782609,61.93181818181818,53.46212121212121,0.08201388888888889,0.0075,0.02326388888888889,0.01659722222222222,0.0125,1,59.888813035357764,51.615431184388484,11.049703128457569,4.329969440252656,0.9200235953249148,-138.4298090118574,1.4466126795299163,1.4466126795299163,0.023610484961679654,2,0.028263888888888644,407,0.16029073693045173,259.0,15.48606411643003,5.296761363636364,0.23206226456379342
RHF_MPM_P23,1211,0.06055,60.55,0,255,5.277847222222222,30.026425090224798,76001,298.043137254902,15,232,255,0.9158997869287867,107,107,258,0.017916666666666668,22,21,0.5584415584415584,62.00387596899225,53.565891472868216,0.08104166666666666,0.007222222222222222,0.02298611111111111,0.015902777777777776,0.012013888888888888,1,60.108130156182156,51.67153063775476,10.778303513150437,4.448267987983418,0.910864398366031,-137.06746554425973,1.3986868004747552,1.3986868004747552,0.02309180142366548,-6,-0.11347222222222175,-1634,0.2263783296932295,260.0,15.027247978860993,5.3090340909090905,0.22711494979327104
RHF_MPM_P23,1212,0.0606,60.6,0,255,5.227430555555555,29.755513220394405,75275,295.19607843137254,15,233,255,0.9444879631183827,110,110,241,0.01673611111111111,21,18,0.6375661375661376,62.572614107883815,54.2448132780083,0.08479166666666667,0.007152777777777778,0.021944444444444444,0.015555555555555555,0.011875,1,60.24992361341747,52.019926934573235,10.664163185079714,4.6661266696778885,0.8991930752593621,-137.9004650675492,1.3680374318306945,1.3680374318306945,0.02416472932580538,-17,-0.050416666666667,-726,0.3761454029382358,260.72727272727275,13.850440814060816,5.33290404040404,0.20210928236453257
RHF_MPM_P23,1213,0.06065,60.65,0,255,5.22375,30.34852764767913,75222,294.98823529411766,14,236,255,0.8730653630249176,110,110,254,0.017638888888888888,21,20,0.6047619047619047,62.224409448818896,53.73622047244095,0.07708333333333334,0.0075,0.0225,0.016180555555555556,0.012361111111111111,1,60.72287362739624,52.36803062933716,9.772367916679723,4.408505403985194,0.892463571620973,-136.74369878129946,1.3649151362456042,1.3649151362456042,0.01998085666427375,13,-0.0036805555555554648,-53,0.5872460285355827,262.54545454545456,11.300552169643879,5.368055555555556,0.13545019010070272
RHF_MPM_P23,1214,0.0607,60.7,0,255,5.101041666666666,29.845053545556805,73455,288.05882352941177,13,233,255,0.8617204434819109,108,108,252,0.0175,22,20,0.5727272727272728,62.11904761904762,53.73809523809524,0.07590277777777778,0.007222222222222222,0.022569444444444444,0.015902777777777776,0.011944444444444445,1,60.64890068749575,52.279341093186304,9.974392060785881,4.479124091175577,0.8935004152643214,-137.44228105096792,1.3969626589197277,1.3969626589197277,0.02012116261656797,-2,-0.12270833333333364,-1767,0.11548952186313922,262.54545454545456,11.300552169643879,5.359779040404041,0.14813721529644452
RHF_MPM_P23,1215,0.06075,60.75,0,255,5.1843055555555555,30.22581086709342,74654,292.7607843137255,13,235,255,0.860853219724489,110,110,251,0.017430555555555557,21,20,0.5976190476190476,62.21912350597609,53.745019920318725,0.07569444444444444,0.007222222222222222,0.022708333333333334,0.01638888888888889,0.012222222222222223,1,60.68430358721569,52.38943660085193,9.490242851612084,4.44061943326123,0.8837738949198378,-137.7940049349362,1.16622644545372,1.16622644545372,0.018270956680151097,-1,0.08326388888888925,1199,0.11564768098294123,260.8181818181818,11.479770205319538,5.339507575757576,0.15533079635998387
RHF_MPM_P23,1216,0.0608,60.8,0,255,5.310277777777777,30.654397091346468,76468,299.87450980392157,14,240,255,0.8428240811595357,109,109,264,0.018333333333333333,22,21,0.5714285714285714,62.128787878787875,53.43939393939394,0.07305555555555555,0.007569444444444445,0.023541666666666666,0.016666666666666666,0.0125,1,60.888816236857245,52.481835539049015,9.054853223526642,4.503918755903577,0.8675191184318651,-136.0053395709382,0.9574118087453716,0.9574118087453716,0.014568185384736098,13,0.12597222222222193,1814,0.22441699499672338,258.72727272727275,8.125055626001574,5.304292929292929,0.1063270162961867
RHF_MPM_P23,1217,0.06085,60.85,0,255,5.567777777777778,31.474736174969763,80176,314.4156862745098,14,247,255,0.8737565281571893,109,109,278,0.019305555555555555,22,21,0.6017316017316018,61.92805755395683,53.34172661870504,0.07645833333333334,0.008125,0.024722222222222222,0.017708333333333333,0.013125,1,60.63103671921772,52.11200359209739,9.712429554271202,4.4284515259032045,0.8900017379923781,-135.4149934208114,1.1609579542259925,1.1609579542259925,0.01597734983037318,14,0.2575000000000003,3708,0.4508058880499442,259.3636363636364,9.256670590078441,5.314671717171716,0.12442712824723023
RHF_MPM_P23,1218,0.0609,60.9,0,255,5.442986111111111,31.033871718831968,78379,307.3686274509804,14,243,255,0.8348263151788156,108,108,273,0.018958333333333334,22,21,0.5909090909090909,61.88278388278388,53.38461538461539,0.07194444444444445,0.007569444444444445,0.024375,0.017013888888888887,0.012708333333333334,1,60.619017849168785,51.98682044935506,9.683523572250637,4.3551723923689645,0.89315408829043,45.2374873103948,-1.0298604050512956,1.0298604050512956,0.0143150588805675,-5,-0.12479166666666686,-1797,0.12575878682660574,260.09090909090907,9.958591954639385,5.319930555555555,0.12845160563488328
RHF_MPM_P23,1219,0.06095,60.95,0,255,5.545694444444444,31.458466813243913,79858,313.1686274509804,14,245,255,0.8468494421012643,106,106,286,0.01986111111111111,23,22,0.5652173913043478,61.72377622377623,53.28321678321678,0.07326388888888889,0.007916666666666667,0.024722222222222222,0.017569444444444443,0.01326388888888889,1,60.51932179618824,51.96695384307145,9.929166110051579,4.300955704616421,0.9013151996269452,45.021469020139115,-1.1570351054851387,1.1570351054851387,0.01645420621603346,13,0.10270833333333318,1479,0.10165620996834392,262.09090909090907,12.442263353400454,5.330498737373738,0.14117862812192553
RHF_MPM_P23,1220,0.061,61.0,0,255,5.416805555555555,30.60663772989215,78002,305.89019607843136,15,236,255,0.8798814332281838,107,107,269,0.018680555555555554,23,21,0.556935817805383,61.72490706319702,53.446096654275095,0.07680555555555556,0.007430555555555556,0.02409722222222222,0.016875,0.012291666666666666,1,60.11509961283044,51.83664521422528,10.60967187890127,4.302971978470583,0.9140636809453617,-136.78383817241732,1.256106898417868,1.256106898417868,0.019563600933309402,-17,-0.1288888888888886,-1856,0.42470685451298384,262.72727272727275,12.599357192051212,5.3353851010101,0.14313748439600085
RHF_MPM_P23,1221,0.06105,61.05,0,255,5.271875,30.370136338294518,75915,297.70588235294116,14,239,255,0.8565609420018125,109,109,257,0.017847222222222223,22,19,0.6148325358851675,62.1556420233463,53.93774319066148,0.07430555555555556,0.007430555555555556,0.023541666666666666,0.016319444444444445,0.012222222222222223,1,60.49195811104525,52.52138576038991,9.807562731311123,4.341355763986364,0.8966925540096234,-138.70925828130214,1.15661488501821,1.15661488501821,0.017322004873872095,-12,-0.14493055555555578,-2087,0.7815957671575255,262.09090909090907,12.69541467298364,5.324526515151515,0.14301291048869436
RHF_MPM_P23,1222,0.0611,61.1,0,255,5.355902777777778,30.69639975978893,77125,302.45098039215685,14,241,255,0.8732835678138555,109,109,264,0.018333333333333333,22,20,0.6,62.18939393939394,53.73106060606061,0.0763888888888889,0.007569444444444445,0.02361111111111111,0.016805555555555556,0.0125,1,60.74515397082658,52.46800648298217,9.803863485926065,4.562029059761476,0.8851374191820869,-137.53522309869834,1.2638141045563585,1.2638141045563585,0.018217179902755266,7,0.08402777777777803,1210,0.25876145514156274,262.6363636363636,12.636690643250834,5.331622474747475,0.142456134438408
RHF_MPM_P23,1223,0.06115,61.15,0,255,5.410416666666666,30.91373125945725,77910,305.52941176470586,14,243,255,0.8855853667022182,107,107,270,0.01875,22,20,0.6136363636363636,62.096296296296295,53.596296296296295,0.07805555555555556,0.007569444444444445,0.02375,0.016875,0.012708333333333334,1,60.55968425105891,52.238582980361954,10.083313514540809,4.459057006396111,0.8969059228765333,-137.16686525295577,1.3905171360634225,1.3905171360634225,0.02062636375304839,6,0.05451388888888875,785,0.2950155258714777,265.27272727272725,10.728813448677768,5.348257575757575,0.13998046254713079
RHF_MPM_P23,1224,0.0612,61.2,0,255,5.564652777777778,31.446647728361427,80131,314.2392156862745,14,247,255,0.8774629286205692,107,107,283,0.01965277777777778,22,22,0.5847107438016529,61.897526501766784,53.360424028268554,0.07666666666666666,0.007916666666666667,0.024652777777777777,0.017638888888888888,0.013055555555555556,1,60.549550111692106,52.09525651745267,10.0451585446689,4.372199543518318,0.9003075028192452,-136.23634729217926,1.3483707319595344,1.3483707319595344,0.018220164480662913,13,0.15423611111111146,2221,0.14368429194171778,267.90909090909093,11.18809875354201,5.379248737373738,0.1465666472039944
RHF_MPM_P23,1225,0.06125,61.25,0,255,5.571319444444445,31.300018586845024,80227,314.6156862745098,14,242,255,0.8824308644979713,108,108,278,0.019305555555555555,22,22,0.5743801652892562,61.805755395683455,53.44964028776978,0.07715277777777778,0.0077777777777777776,0.02486111111111111,0.017430555555555557,0.012986111111111111,1,60.324853228962816,51.95221060241565,10.290814260589029,4.472203270546257,0.9006322403028504,-136.15155536197645,1.3673242792801943,1.3673242792801943,0.01804878656811298,-5,0.006666666666666821,96,0.2663659567531841,270.27272727272725,10.287599853406123,5.422001262626262,0.1263782283292024
RHF_MPM_P23,1226,0.0613,61.3,0,255,5.2884722222222225,30.285339419874532,76154,298.64313725490194,14,234,255,0.8628385400227085,106,106,264,0.018333333333333333,22,21,0.5714285714285714,62.14393939393939,53.83712121212121,0.07458333333333333,0.007222222222222222,0.02361111111111111,0.01625,0.012013888888888888,1,60.59932505186858,52.29897313338761,9.948387098693175,4.463091832594221,0.8937202636559702,-136.1228165750417,1.2307567249905023,1.2307567249905023,0.016295926674895607,-14,-0.28284722222222225,-4073,0.44224318474714525,271.45454545454544,8.616724080780209,5.431470959595959,0.11120429653881177
RHF_MPM_P23,1227,0.06135,61.35,0,255,5.541527777777778,31.025969371538945,79798,312.93333333333334,15,245,255,0.9312474916100066,110,110,265,0.01840277777777778,20,20,0.6625,62.347169811320754,54.16603773584906,0.08277777777777778,0.00798611111111111,0.024027777777777776,0.017013888888888887,0.012986111111111111,1,60.6165192110078,52.53718138299205,10.008701447841602,4.6791221235015845,0.8839902075197281,-136.6207869200166,1.3088339748483273,1.3088339748483273,0.021479235068548083,1,0.25305555555555515,3644,0.2388279910063225,271.54545454545456,8.542552698788006,5.452493686868686,0.10812180062860273
RHF_MPM_P23,1228,0.0614,61.4,0,255,5.552777777777778,31.589025310410072,79960,313.5686274509804,15,249,255,0.8849245308802474,111,111,274,0.01902777777777778,21,19,0.6867167919799498,62.49270072992701,54.448905109489054,0.07840277777777778,0.008402777777777778,0.02423611111111111,0.017777777777777778,0.013541666666666667,1,61.51553276638319,53.76552026013007,8.308346065356988,4.6368300764405275,0.8297783822283008,-138.1274212319555,0.8400847793673321,0.8400847793673321,0.022036018009004503,9,0.011250000000000426,162,1.522183224791739,271.1818181818182,8.342859568824347,5.451130050505051,0.10674505916185931
RHF_MPM_P23,1229,0.06145,61.45,0,11,0.021458333333333333,0.3657535386591177,309,28.09090909090909,0,0,7,0.061214357777222735,3,8,12,0.0008333333333333334,32,101,0.0037128712871287127,97.41666666666667,59.833333333333336,0.005,0.0,0.0,0.0,0.0,0,90.72168284789645,59.31391585760518,32.0449590963572,22.49306827487245,0.7122536214956978,103.5241271299419,-0.3227982177069334,0.3227982177069334,0.0,-262,-5.531319444444445,-79651,29.72850309534535,247.45454545454547,74.92100523079885,4.958263888888888,1.5647980012183693
RHF_MPM_P23,1230,0.0615,61.5,0,255,3.0693055555555557,21.890755965474767,44198,173.32549019607842,6,92,255,0.7115813066222577,106,106,134,0.009305555555555555,14,13,0.7362637362637363,67.06716417910448,57.32835820895522,0.06194444444444445,0.002916666666666667,0.012152777777777778,0.008125,0.0059722222222222225,1,69.40415855921083,58.226005701615456,8.000203228993549,5.585699310319801,0.7159079499828053,-150.75775478382585,-0.5806534121219844,0.5806534121219844,0.034390696411602334,122,3.0478472222222224,43889,21.345266227110095,233.63636363636363,80.35746582645315,4.733137626262626,1.6404020954657155
RHF_MPM_P23,1231,0.06155,61.55,0,255,5.4783333333333335,27.02674503565352,78888,309.36470588235295,28,161,255,1.150702575815419,103,103,206,0.014305555555555556,22,21,0.4458874458874459,69.79126213592232,60.47572815533981,0.10277777777777777,0.005069444444444444,0.023819444444444445,0.011597222222222222,0.008472222222222223,1,78.69294442754284,66.46009532501775,18.675602551188085,4.636096215879648,0.9686976742045321,-143.39513846481543,-0.9895456327194037,0.9895456327194037,0.020649528445390933,72,2.4090277777777778,34690,12.41296801067117,227.9090909090909,79.87655765498359,4.73873106060606,1.64282683300349
RHF_MPM_P23,1232,0.0616,61.6,0,255,6.547430555555556,30.52198388608446,94283,369.7372549019608,32,229,255,1.241780900971023,112,112,227,0.01576388888888889,25,23,0.3947826086956522,69.88546255506608,60.45374449339207,0.1125,0.007361111111111111,0.03208333333333333,0.015,0.011319444444444444,1,79.29034926763043,68.77892090832918,20.06540856428461,4.390421717066278,0.9757684940429243,-137.35543798913918,-0.8831741648618084,0.8831741648618084,0.013120074668816224,21,1.0690972222222221,15395,2.394544764413417,225.1818181818182,79.34712938820635,4.854690656565657,1.7195908216166604
RHF_MPM_P23,1233,0.06165,61.65,0,255,6.301944444444445,31.092276579334015,90748,355.87450980392157,32,244,255,1.1126918505979315,109,109,249,0.017291666666666667,21,20,0.5928571428571429,70.12449799196787,60.68273092369478,0.099375,0.008263888888888888,0.026458333333333334,0.016180555555555556,0.012430555555555556,1,77.6715189315467,67.63361176003879,20.420678302220008,4.161299622807877,0.9790169735686506,-136.32153902027736,-1.3649026867802185,1.3649026867802185,0.008066293472032441,22,-0.24548611111111107,-3535,1.9830140448778064,223.8181818181818,78.79526771879154,4.9406944444444445,1.765551299451043
RHF_MPM_P23,1234,0.0617,61.7,0,255,5.842708333333333,31.71446692141262,84135,329.94117647058823,18,247,255,0.9258329387916592,109,109,280,0.019444444444444445,22,20,0.6363636363636364,70.65357142857142,61.225,0.08076388888888889,0.008541666666666666,0.025902777777777778,0.017847222222222223,0.01326388888888889,1,73.28279550722054,63.52142390206216,12.885444739169241,4.384800164992298,0.9403201969855871,-136.07699928973656,-1.6413160672540912,1.6413160672540912,0.03262613656623284,31,-0.4592361111111112,-6613,6.014231644567703,224.72727272727272,79.37836997466445,4.979993686868688,1.7803188339482312
RHF_MPM_P23,1235,0.06175,61.75,0,255,6.395555555555555,33.543012307951095,92096,361.1607843137255,19,252,255,0.9682649065506022,107,107,321,0.022291666666666668,25,22,0.5836363636363636,71.77570093457943,61.97507788161994,0.08534722222222223,0.00951388888888889,0.028888888888888888,0.020416666666666666,0.015,1,73.31656097984711,63.21620917303683,11.4423152256495,4.499422934862969,0.9194415836560557,-137.79585915029617,-1.275320945592566,1.275320945592566,0.028361709520500347,41,0.5528472222222218,7961,0.30707676231799336,228.1818181818182,82.60070237629854,5.055530303030303,1.820691981910466
RHF_MPM_P23,1236,0.0618,61.8,0,255,6.787222222222222,34.3650460829598,97736,383.278431372549,21,254,255,1.0139555818596822,108,108,338,0.02347222222222222,27,23,0.5442834138486312,71.89644970414201,62.25739644970414,0.08916666666666667,0.009652777777777777,0.03152777777777778,0.021388888888888888,0.015625,1,73.72565891790128,63.61322337726119,11.296888209999475,4.459905235821135,0.9187711275715763,-139.142698056328,-1.026363286704764,1.026363286704764,0.014989359089792912,17,0.3916666666666666,5640,0.5700714001562264,233.63636363636363,87.54351928381129,5.166066919191919,1.8844441888279193
RHF_MPM_P23,1237,0.06185,61.85,0,255,7.037708333333334,35.075801373175864,101343,397.4235294117647,25,255,255,1.0603467087918976,108,108,355,0.024652777777777777,26,23,0.5936454849498328,71.84225352112676,62.25633802816901,0.094375,0.010486111111111111,0.03048611111111111,0.022083333333333333,0.016527777777777777,1,73.72074045568021,63.50465251670071,11.049338559442031,4.831767071925962,0.8993204725656853,-140.64169146803027,-0.8927412753403241,0.8927412753403241,0.012946133428061139,17,0.25048611111111185,3607,0.10868221120985747,241.9090909090909,94.07777686134783,5.325088383838383,1.9603413743853721
RHF_MPM_P23,1238,0.0619,61.9,0,255,7.276875,35.46362093299018,104787,410.9294117647059,27,255,255,1.117351887813458,108,108,358,0.02486111111111111,27,23,0.5764895330112721,72.00558659217877,62.21508379888268,0.100625,0.010833333333333334,0.03138888888888889,0.02263888888888889,0.01673611111111111,1,74.13739299722293,63.748069894166264,11.576984722672766,4.874526205706986,0.9070359538329947,-141.03584708081186,-0.8241812942514166,0.8241812942514166,0.017549886913453005,3,0.23916666666666675,3444,0.48254674387691626,250.36363636363637,99.77909484754329,5.482847222222222,2.0396341019276156
RHF_MPM_P23,1239,0.06195,61.95,0,255,7.276319444444445,35.28783580637888,104779,410.89803921568625,27,255,255,1.1399990841512997,110,110,347,0.02409722222222222,26,23,0.580267558528428,71.68587896253602,62.05187319884726,0.10326388888888889,0.010972222222222222,0.031041666666666665,0.02236111111111111,0.016875,1,74.39233052424628,64.02678971931398,12.263395363569744,4.791646977543711,0.9205063533008112,-140.56824383874238,-1.0371113317940013,1.0371113317940013,0.020662537340497618,-11,-0.0005555555555556424,-8,0.3777272608842956,257.0,103.48912986396203,5.639532828282829,2.1041685493730347
RHF_MPM_P23,1240,0.062,62.0,0,255,7.483125,35.79974190954357,107757,422.5764705882353,27,255,255,1.2073356857766149,112,112,345,0.023958333333333335,26,23,0.5769230769230769,71.64057971014493,61.88985507246377,0.11145833333333334,0.011597222222222222,0.03111111111111111,0.022847222222222224,0.017569444444444443,1,74.68015070946667,64.09563183830285,12.788826207945613,4.895806494121246,0.9238233398805253,-141.0534236369267,-1.0941319109855605,1.0941319109855605,0.024583089729669536,-2,0.20680555555555546,2978,0.2959386699422387,287.27272727272725,70.99819576336354,6.317866161616161,1.1861837956799037
RHF_MPM_P23,1241,0.06205,62.05,0,255,7.736666666666666,36.424762105529865,111408,436.8941176470588,29,255,255,1.2021518391676962,108,108,373,0.025902777777777778,28,24,0.5550595238095238,72.39142091152814,62.525469168900806,0.11020833333333334,0.011805555555555555,0.033125,0.023680555555555555,0.017916666666666668,1,75.28592201637225,64.75999928191871,13.50092701219667,4.6013045156797245,0.9401307562052155,-140.31617446100807,-1.106964325016072,1.106964325016072,0.02165912681315525,28,0.2535416666666661,3651,0.899078960051211,309.0,55.68743941941404,6.7421717171717175,0.6712819202583922
RHF_MPM_P23,1242,0.0621,62.1,0,255,7.710138888888889,35.84389778350066,111026,435.39607843137253,30,255,255,1.255204233327447,109,109,359,0.024930555555555556,28,25,0.5128571428571429,71.92479108635098,62.33147632311978,0.11611111111111111,0.011111111111111112,0.033125,0.022916666666666665,0.017013888888888887,1,75.63060003963035,65.25928160971304,14.810633584857786,4.555941278945888,0.951511603471322,-139.6418201674526,-1.1981632204591925,1.1981632204591925,0.02345396573775512,-14,-0.02652777777777704,-382,0.6067007355894977,322.90909090909093,46.588048692682285,6.945063131313131,0.591121613462479
RHF_MPM_P23,1243,0.06215,62.15,0,255,7.610833333333333,35.64420935322688,109596,429.78823529411767,29,255,255,1.233434948730523,110,110,355,0.024652777777777777,26,25,0.5461538461538461,71.78873239436619,62.304225352112674,0.11375,0.011180555555555555,0.03215277777777778,0.022708333333333334,0.016944444444444446,1,75.6186265922114,65.47350268257965,15.268265280670532,4.4594268519050955,0.9563964520555416,-138.50730332948513,-1.2906457720049476,1.2906457720049476,0.025356764845432315,-4,-0.09930555555555642,-1430,0.2145554275780845,334.54545454545456,35.95037902534709,7.041736111111112,0.6049799667809084
RHF_MPM_P23,1244,0.0622,62.2,0,255,7.426527777777777,35.04451956915035,106942,419.38039215686274,29,255,255,1.238871785530811,111,111,335,0.02326388888888889,25,24,0.5583333333333333,71.2,61.81791044776119,0.115,0.010972222222222222,0.03090277777777778,0.021666666666666667,0.016527777777777777,1,75.55484281199155,65.41287800864019,15.697208946786722,4.491720001900463,0.9581855260540023,-138.56368397925658,-1.380937790183812,1.380937790183812,0.02762244955209366,-20,-0.1843055555555555,-2654,0.08799841878920188,342.3636363636364,23.791796627763517,7.14397095959596,0.5650269239154784
RHF_MPM_P23,1245,0.06225,62.25,0,255,7.197291666666667,34.547538196559074,103641,406.43529411764706,26,255,255,1.2035941882380672,111,111,326,0.02263888888888889,25,23,0.5669565217391305,70.87423312883436,61.487730061349694,0.11152777777777778,0.010625,0.029930555555555554,0.020902777777777777,0.01597222222222222,1,75.12990997771152,65.146804835924,15.644412268806942,4.4511313445882,0.9586704240316302,-137.8809529368233,-1.3917626862529533,1.3917626862529533,0.027161065601451165,-9,-0.22923611111111075,-3301,0.5013609945822646,346.54545454545456,14.81009260522049,7.2671148989899,0.38783309667407645
RHF_MPM_P23,1246,0.0623,62.3,0,255,7.017430555555555,34.33604623680096,101051,396.278431372549,25,255,255,1.1527470168625151,111,111,320,0.022222222222222223,23,23,0.6049149338374291,70.5875,61.425,0.10631944444444444,0.010625,0.028819444444444446,0.020763888888888887,0.016041666666666666,1,74.73018574779071,64.94371159117674,15.322729250447,4.399077437482873,0.9579021441720746,-137.4802764321085,-1.4970620299257666,1.4970620299257666,0.02708533314860813,-6,-0.17986111111111125,-2590,0.4483595945753303,346.45454545454544,14.968838154729289,7.32364898989899,0.2895339615938129
RHF_MPM_P23,1247,0.06235,62.35,0,255,6.759861111111111,33.65869088664816,97342,381.73333333333335,24,255,255,1.1347395470301316,110,110,311,0.021597222222222223,23,22,0.6146245059288538,70.38263665594856,61.135048231511256,0.10416666666666667,0.010138888888888888,0.02784722222222222,0.019791666666666666,0.015208333333333334,1,74.4326292864334,64.6722791806209,15.17531415236753,4.345434179235229,0.9581254198320014,-137.44179317419037,-1.5816100944563665,1.5816100944563665,0.027367426188079143,-9,-0.2575694444444441,-3709,0.4027597313481552,344.0,18.05043439416852,7.321161616161615,0.2942114425123336
RHF_MPM_P23,1248,0.0624,62.4,0,255,6.619375,33.26044405142938,95319,373.8,23,253,255,1.1307043263917889,110,110,305,0.021180555555555557,23,22,0.6027667984189723,70.28852459016393,61.032786885245905,0.10381944444444445,0.009722222222222222,0.027569444444444445,0.019583333333333335,0.014791666666666667,1,74.23218875565207,64.46778711484593,15.09573751892851,4.439908557240867,0.9557695144085282,-137.29525804683226,-1.596569997788908,1.596569997788908,0.02871410736579276,-6,-0.14048611111111153,-2023,0.28634491674344964,339.45454545454544,20.794945348957175,7.283131313131313,0.3501186097206811
RHF_MPM_P23,1249,0.06245,62.45,0,255,6.411875,32.62092691621842,92331,362.08235294117645,22,251,255,1.1022463174905799,111,111,289,0.020069444444444445,22,21,0.6255411255411255,69.91695501730104,60.608996539792386,0.10090277777777777,0.009305555555555555,0.026458333333333334,0.018958333333333334,0.014027777777777778,1,74.18864736653995,64.3522760502973,15.210830666465588,4.295469614902628,0.9592980771170148,-137.56936649162776,-1.5808048018114873,1.5808048018114873,0.02909098785889896,-16,-0.20749999999999957,-2988,0.12344496182092793,333.1818181818182,24.356511848404885,7.204494949494949,0.4305853749967368
RHF_MPM_P23,1250,0.0625,62.5,0,255,6.219305555555556,32.13449106776726,89558,351.2078431372549,21,249,255,1.091267932876332,110,110,284,0.01972222222222222,22,21,0.6147186147186147,69.79225352112677,60.46478873239437,0.09965277777777778,0.008888888888888889,0.025694444444444443,0.018194444444444444,0.013888888888888888,1,73.85869492395989,64.05655552826101,15.049818523295327,4.319049263959529,0.9579355319235409,-137.29386449616484,-1.6045839745689663,1.6045839745689663,0.028919806159137095,-5,-0.19256944444444457,-2773,0.4430792722729961,327.45454545454544,27.62200583975701,7.108402777777777,0.513748261709889
RHF_MPM_P23,1251,0.06255,62.55,0,255,6.019027777777778,31.578975937750197,86674,339.89803921568625,21,245,255,1.0712003720214807,110,110,274,0.01902777777777778,21,20,0.6523809523809524,69.41240875912409,60.153284671532845,0.09784722222222222,0.008680555555555556,0.024722222222222222,0.017569444444444443,0.013333333333333334,1,73.59809169993308,63.83241802616702,15.00115680426394,4.35586368094638,0.9569148986785085,-136.98207027150048,-1.6663367906099968,1.6663367906099968,0.029155225327087708,-10,-0.200277777777778,-2884,0.3437319598438632,321.0,30.872170462908972,6.97530303030303,0.5842446729636823
RHF_MPM_P23,1252,0.0626,62.6,0,255,5.941527777777778,31.37775747775105,85558,335.52156862745096,20,244,255,1.0690738228789216,109,109,274,0.01902777777777778,21,19,0.6867167919799498,69.53649635036497,60.09124087591241,0.0973611111111111,0.008125,0.02451388888888889,0.0175,0.013125,1,73.51089319525936,63.54854017157951,14.776201993354809,4.369051440778685,0.9552865411355037,-137.7566379464787,-1.7031138089425102,1.7031138089425102,0.030061478762944436,0,-0.07749999999999968,-1116,0.2969683746504666,312.0,28.759188255076136,6.812108585858585,0.5993041577935342
RHF_MPM_P23,1253,0.06265,62.65,0,255,5.763472222222222,30.938445144248483,82994,325.46666666666664,19,240,255,1.0306620194204132,107,107,266,0.018472222222222223,20,19,0.7,69.23684210526316,59.89473684210526,0.09326388888888888,0.007847222222222222,0.024166666666666666,0.016875,0.012916666666666667,1,73.13570860544135,63.1712533436152,14.301463695895093,4.369131200472794,0.9521913125249587,-138.15048410508152,-1.7901116455836243,1.7901116455836243,0.029002096537099068,-8,-0.17805555555555586,-2564,0.532079718643999,303.54545454545456,27.334173204861866,6.635138888888889,0.5953989492855403
RHF_MPM_P23,1254,0.0627,62.7,0,255,5.808194444444444,31.315190040865545,83638,327.9921568627451,19,246,255,1.0181659793684048,105,105,275,0.019097222222222224,21,20,0.6547619047619048,69.39272727272727,60.07272727272727,0.09236111111111112,0.008402777777777778,0.02451388888888889,0.017222222222222222,0.013125,1,72.8854109376121,63.03444606518568,13.962179840745398,4.384440041027547,0.9494155073149467,-137.71950790112658,-1.7359302521711732,1.7359302521711732,0.030046151270953395,9,0.04472222222222211,644,0.28524577814939983,296.27272727272725,22.97069638826789,6.471262626262626,0.5506976350887274
RHF_MPM_P23,1255,0.06275,62.75,0,255,5.850347222222222,31.612913257111547,84245,330.37254901960785,18,250,255,1.0018021313391818,111,111,273,0.018958333333333334,21,19,0.6842105263157895,69.35164835164835,60.00732600732601,0.09041666666666667,0.008611111111111111,0.024375,0.017569444444444443,0.01326388888888889,1,72.75775416938691,62.896706035966524,13.535872582824886,4.388498188588479,0.9459843011454229,-137.7165777860479,-1.7886123012522608,1.7886123012522608,0.029200546026470414,-2,0.04215277777777793,607,0.1877992708265719,290.6363636363636,20.218230869790073,6.327973484848485,0.48458994933595534
RHF_MPM_P23,1256,0.0628,62.8,0,255,5.938263888888889,32.06099234769959,85511,335.33725490196076,18,251,255,0.9894439289592311,111,111,279,0.019375,21,20,0.6642857142857143,69.5304659498208,60.14336917562724,0.08916666666666667,0.009097222222222222,0.024930555555555556,0.018125,0.013958333333333333,1,72.56702646443148,62.736677152647026,13.02457593086185,4.339299877316605,0.9428694337612589,-137.96425248628935,-1.7331958262684215,1.7331958262684215,0.027891148507209598,6,0.08791666666666664,1266,0.24897048205370265,286.3636363636364,17.004131729311222,6.213516414141413,0.4084512261448679
RHF_MPM_P23,1257,0.06285,62.85,0,255,6.174236111111111,32.931895044501005,88909,348.66274509803924,19,253,255,0.9981024605586322,108,108,296,0.020555555555555556,22,20,0.6727272727272727,69.92567567567568,60.486486486486484,0.0901388888888889,0.009583333333333333,0.025972222222222223,0.01951388888888889,0.014583333333333334,1,72.60196380568897,62.698714415863414,12.695528137648532,4.524413832730074,0.9343416577419329,-138.11811088946723,-1.6904142767272523,1.6904142767272523,0.028399824539697895,17,0.23597222222222225,3398,0.051592511067441504,284.1818181818182,13.782849565629029,6.136862373737373,0.3199129398558466
RHF_MPM_P23,1258,0.0629,62.9,0,255,6.293888888888889,33.45968994989658,90632,355.41960784313727,18,254,255,0.9820295649421059,112,112,301,0.020902777777777777,23,20,0.6543478260869565,70.03986710963456,60.66445182724252,0.08805555555555555,0.009791666666666667,0.026875,0.019791666666666666,0.015277777777777777,1,72.5123797334275,62.64110910053844,12.12047250544148,4.408681182520973,0.9315011443892605,-138.44408836221228,-1.524609306073682,1.524609306073682,0.026568982257922147,5,0.11965277777777761,1723,0.10650670568860053,283.27272727272725,12.225836346858456,6.094501262626263,0.2598212634888605
RHF_MPM_P23,1259,0.06295,62.95,0,255,6.330555555555556,33.4872867206882,91160,357.4901960784314,19,254,255,0.9986993466520887,111,111,306,0.02125,23,22,0.6047430830039525,70.09803921568627,60.76797385620915,0.09020833333333333,0.00986111111111111,0.026875,0.01986111111111111,0.01513888888888889,1,72.43990785432207,62.61185827117156,11.990703843895538,4.462007259451184,0.9281837415049171,-138.07609095273315,-1.4665584451545322,1.4665584451545322,0.026546731022378235,5,0.03666666666666707,528,0.07815231461525102,283.3636363636364,12.389678455529223,6.068244949494948,0.21642211150358143
RHF_MPM_P23,1260,0.063,63.0,0,255,6.455069444444445,33.856470875359506,92953,364.52156862745096,19,255,255,1.0178092937660774,111,111,313,0.021736111111111112,23,22,0.6185770750988142,70.28434504792332,60.83067092651757,0.09229166666666666,0.010138888888888888,0.027569444444444445,0.020277777777777777,0.015486111111111112,1,72.60471421040741,62.66976859272966,11.928127467937353,4.499328447600767,0.9261305027757673,-138.70942611260398,-1.4859670357950674,1.4859670357950674,0.027035168310866782,7,0.12451388888888903,1793,0.1746846883647469,285.54545454545456,15.023397729503237,6.072171717171717,0.2229157601914236
RHF_MPM_P23,1261,0.06305,63.05,0,255,6.552291666666667,34.02319533990235,94353,370.01176470588234,20,255,255,1.0316441916872856,112,112,312,0.021666666666666667,23,22,0.616600790513834,70.33653846153847,60.83974358974359,0.09340277777777778,0.010208333333333333,0.027916666666666666,0.020555555555555556,0.015486111111111112,1,72.78404502241582,62.86642714063146,12.024288457432197,4.505979278734723,0.9271300302955077,-137.86822547458252,-1.3690261828527879,1.3690261828527879,0.0250124532341314,-1,0.09722222222222232,1400,0.26614681023533177,288.09090909090907,16.811546602664304,6.102443181818182,0.2603132064149107
RHF_MPM_P23,1262,0.0631,63.1,0,255,6.587638888888889,33.96939329067073,94862,372.0078431372549,21,254,255,1.0404492761509947,111,111,316,0.021944444444444444,23,23,0.5973534971644613,70.42721518987342,60.96518987341772,0.09375,0.009930555555555555,0.028333333333333332,0.02034722222222222,0.015347222222222222,1,72.89539541649975,62.99701671902342,12.234533486728164,4.425665044417862,0.9322807681284323,-137.91485803033518,-1.2686652391056341,1.2686652391056341,0.024140330163816913,4,0.03534722222222175,509,0.17161744738585455,291.90909090909093,17.91116739231064,6.154135101010101,0.29301826885266935
RHF_MPM_P23,1263,0.06315,63.15,0,255,6.502291666666666,33.62918285050513,93633,367.18823529411765,21,254,255,1.0284430887511746,110,110,309,0.021458333333333333,23,22,0.6106719367588933,70.3042071197411,60.66019417475728,0.09215277777777778,0.009791666666666667,0.028055555555555556,0.019791666666666666,0.015069444444444444,1,72.94784958294619,62.95434302008907,12.357860605464442,4.584461480372596,0.9286427196069101,-137.4050135776718,-1.230398478429837,1.230398478429837,0.023175589802740485,-7,-0.08534722222222246,-1229,0.06762014609811376,295.09090909090907,17.552283174222637,6.205113636363637,0.3002848591948864
RHF_MPM_P23,1264,0.0632,63.2,0,255,6.372638888888889,33.096861654386494,91766,359.8666666666667,21,253,255,1.0230584588367888,111,111,296,0.020555555555555556,23,22,0.5849802371541502,70.05743243243244,60.5472972972973,0.0913888888888889,0.009305555555555555,0.027291666666666665,0.01923611111111111,0.014583333333333334,1,73.06601573567552,63.124490552056315,12.686860405575933,4.418415836402594,0.9373953491014009,-137.6089875116966,-1.3595810907807384,1.3595810907807384,0.02320031384172787,-13,-0.1296527777777774,-1867,0.20715555094034085,297.8181818181818,14.959449320310629,6.260492424242425,0.2681864384089546
RHF_MPM_P23,1265,0.06325,63.25,0,255,6.330069444444445,32.8954068263786,91153,357.4627450980392,21,253,255,1.0387705619827339,111,111,294,0.020416666666666666,22,21,0.6363636363636364,69.90816326530613,60.39115646258504,0.09347222222222222,0.009375,0.02673611111111111,0.01888888888888889,0.014513888888888889,1,73.06591116035676,63.146380261757706,13.07658870729127,4.438053575052913,0.9406460227101477,-137.3370343925876,-1.4241847230662912,1.4241847230662912,0.024771537963643543,-2,-0.042569444444444215,-613,0.021889959497643125,299.54545454545456,13.2209450656809,6.307935606060605,0.22697050507435276
RHF_MPM_P23,1266,0.0633,63.3,0,255,6.282708333333333,32.77197110164649,90471,354.78823529411767,21,252,255,1.0404120410518898,111,111,294,0.020416666666666666,22,20,0.6681818181818182,69.87074829931973,60.44897959183673,0.09409722222222222,0.00951388888888889,0.02625,0.01888888888888889,0.014444444444444444,1,73.09092416354412,63.21242165997944,13.304811199443753,4.433593769441575,0.9428447314015533,-137.12917945490355,-1.5296006969504177,1.5296006969504177,0.026494677852571542,0,-0.04736111111111185,-682,0.0706195200177143,301.45454545454544,10.48257113119969,6.347241161616162,0.1760492711258484
RHF_MPM_P23,1267,0.06335,63.35,0,255,6.2342361111111115,32.65620253489078,89773,352.0509803921569,20,252,255,1.0413358598575182,111,111,291,0.02020833333333333,22,20,0.6613636363636364,69.76975945017182,60.36082474226804,0.09430555555555556,0.009444444444444445,0.02638888888888889,0.01875,0.014375,1,72.98778029028773,63.14453120648747,13.356665306825546,4.389005546902695,0.944469045488918,-137.3810280892071,-1.5583137450637208,1.5583137450637208,0.028315863344212624,-3,-0.04847222222222136,-698,0.12348187019022114,302.54545454545456,8.531904150290957,6.374147727272728,0.12737594332091992
RHF_MPM_P23,1268,0.0634,63.4,0,255,6.160416666666666,32.61350418740594,88710,347.88235294117646,20,252,255,1.009732448504094,111,111,288,0.02,22,20,0.6545454545454545,69.74652777777777,60.375,0.09090277777777778,0.009444444444444445,0.026041666666666668,0.018680555555555554,0.014305555555555556,1,72.8856498703641,62.9716041032578,13.007188876010977,4.45327963527673,0.9395649748475582,-137.57561417144555,-1.6172828625366942,1.6172828625366942,0.026276631721339195,-3,-0.0738194444444451,-1063,0.20083427422922692,301.8181818181818,9.359663764533636,6.372891414141415,0.12939365262911873
RHF_MPM_P23,1269,0.06345,63.45,0,255,6.164930555555555,32.676143703874985,88775,348.1372549019608,19,252,255,1.0369916044288607,111,111,285,0.019791666666666666,22,20,0.6477272727272727,69.75438596491227,60.18245614035088,0.09409722222222222,0.009375,0.025763888888888888,0.018819444444444444,0.014444444444444444,1,72.88584624049564,62.703418755280204,12.929634407328042,4.5382957210636405,0.9363756315545384,-138.8764008304352,-1.5714364431397916,1.5714364431397916,0.027237397916079976,-3,0.004513888888888928,65,0.2681854198704596,300.3636363636364,10.54231928314489,6.361167929292929,0.14131343929793666
RHF_MPM_P23,1270,0.0635,63.5,0,255,6.169027777777778,32.71598592685073,88834,348.3686274509804,19,252,255,1.0120774484316692,110,110,291,0.02020833333333333,22,20,0.6613636363636364,69.83848797250859,60.36082474226804,0.09159722222222222,0.009652777777777777,0.025833333333333333,0.01875,0.014513888888888889,1,72.9165747348988,62.86343066843776,13.182271717421584,4.360805043395323,0.9436979714413177,-138.41657407328202,-1.6854405773803038,1.6854405773803038,0.028671454623229845,6,0.004097222222222641,59,0.16293573187188204,299.0,10.694093526972559,6.346483585858587,0.15173935799847454
RHF_MPM_P23,1271,0.06355,63.55,0,255,6.291805555555555,33.1128393118972,90602,355.30196078431374,19,254,255,1.057075144227404,112,112,296,0.020555555555555556,23,21,0.6128364389233955,69.64527027027027,60.273648648648646,0.09694444444444444,0.009722222222222222,0.02625,0.019166666666666665,0.015069444444444444,1,72.60169753427077,62.69224741175692,13.039920968041883,4.555596693081489,0.936989435932906,-138.64149347984542,-1.6875268715077818,1.6875268715077818,0.02986689035562129,5,0.12277777777777743,1768,0.3584011144558635,297.45454545454544,9.745522387823561,6.331641414141415,0.14833891418044579
RHF_MPM_P23,1272,0.0636,63.6,0,255,6.339444444444444,33.488670135870365,91288,357.9921568627451,19,255,255,1.0338223300698768,112,112,303,0.021041666666666667,22,21,0.6558441558441559,69.54785478547855,60.21782178217822,0.095,0.010208333333333333,0.026458333333333334,0.01951388888888889,0.015347222222222222,1,72.25473227587416,62.636940233108405,12.410186893500258,4.390910947034712,0.9353154053562823,-137.59434794186214,-1.8276125338770994,1.8276125338770994,0.029620541582683374,7,0.047638888888888786,686,0.35134566248110055,296.6363636363636,8.824271561723457,6.312291666666667,0.13118501210272768
RHF_MPM_P23,1273,0.06365,63.65,0,13,0.018819444444444444,0.3427725933224893,271,20.846153846153847,0,0,6,0.05591694210280033,3,8,9,0.000625,89,107,0.0009450803318282054,89.88888888888889,68.77777777777777,0.0045138888888888885,0.0,0.0,0.0,0.0,0,85.39852398523985,63.760147601476014,36.222163449097415,23.906038403057458,0.7512798953728022,115.66761051299635,-0.16172111447124368,0.16172111447124368,0.0,-294,-6.320625,-91017,13.191696452372812,268.72727272727275,82.37838519361398,5.715126262626263,1.8040008411329274
RHF_MPM_P23,1274,0.0637,63.7,0,255,3.1670833333333333,21.979248416119695,45606,178.8470588235294,8,95,255,0.7289001184648614,109,109,129,0.008958333333333334,13,13,0.7633136094674556,64.36434108527132,55.093023255813954,0.06305555555555556,0.0031944444444444446,0.012361111111111111,0.008541666666666666,0.006111111111111111,1,63.85699250098671,52.62952243125905,7.738975875846687,5.705121168744765,0.6756819056577164,73.79884186640443,-1.0253764009958253,1.0253764009958253,0.013748191027496382,120,3.1482638888888888,45335,24.24723479836281,252.36363636363637,90.25446121159354,5.411925505050505,1.92259921332255
RHF_MPM_P23,1275,0.06375,63.75,0,255,5.9129861111111115,28.01179311617056,85147,333.90980392156865,30,182,255,1.2776044545437737,103,103,231,0.016041666666666666,23,25,0.4017391304347826,60.64502164502164,51.00865800865801,0.11784722222222223,0.005625,0.02298611111111111,0.01361111111111111,0.009305555555555555,1,56.36125758981526,43.45940549872574,17.34323852907562,5.351080915183884,0.9512114044855389,54.141142259111625,-1.0160893312555437,1.0160893312555437,0.01852091089527523,102,2.7459027777777782,39541,11.843862816450073,246.45454545454547,89.32714505107171,5.3701388888888895,1.9061896613787692
RHF_MPM_P23,1276,0.0638,63.8,0,255,6.353402777777778,29.66393074142762,91489,358.7803921568627,28,211,255,1.3010314851690299,100,100,272,0.01888888888888889,28,28,0.3469387755102041,59.544117647058826,50.345588235294116,0.12,0.006736111111111111,0.02715277777777778,0.014166666666666666,0.010416666666666666,1,54.905354742100144,43.48476866071331,18.146140501171004,5.009664628860271,0.9611365881006966,50.62644158412384,-0.9930725070409812,0.9930725070409812,0.02257101946682115,41,0.4404166666666667,6342,1.4561237557196132,244.45454545454547,88.48252383828904,5.372260101010101,1.907269370911165
RHF_MPM_P23,1277,0.06385,63.85,0,255,6.365486111111111,31.187503558892274,91663,359.4627450980392,26,239,255,1.2289431916410056,109,109,265,0.01840277777777778,21,19,0.6641604010025063,60.864150943396226,51.79622641509434,0.11326388888888889,0.007361111111111111,0.027083333333333334,0.016875,0.012638888888888889,1,55.524039143383916,45.32226743615199,18.17542966849936,4.768966338036436,0.9649631765300604,47.8178442809351,-1.4086683078724955,1.4086683078724955,0.029259352192269508,-7,0.012083333333333002,174,1.9388584626347836,241.8181818181818,87.39234227095247,5.379785353535354,1.9110063979982808
RHF_MPM_P23,1278,0.0639,63.9,0,255,7.157916666666667,35.02262849602858,103074,404.21176470588233,26,255,255,1.1189309788794155,110,110,341,0.023680555555555555,26,22,0.5961538461538461,59.12609970674487,50.36950146627566,0.10069444444444445,0.010138888888888888,0.03284722222222222,0.021944444444444444,0.016319444444444445,1,56.269456895046275,47.04947901507655,15.089769305941774,4.786085823540249,0.9483672883334978,-135.11988542045574,1.5037138149954485,1.5037138149954485,0.02292527698546675,76,0.7924305555555557,11411,1.8811984113496478,246.36363636363637,91.05569996363637,5.463756313131313,1.966203136460546
RHF_MPM_P23,1279,0.06395,63.95,0,255,7.654791666666667,36.311462233569316,110229,432.2705882352941,32,255,255,1.1276064757850492,108,108,380,0.02638888888888889,29,24,0.5459770114942529,57.839473684210525,49.544736842105266,0.10041666666666667,0.010555555555555556,0.03611111111111111,0.023958333333333335,0.017291666666666667,1,55.0967077629299,46.580482450171914,16.72778746249622,4.742727205069577,0.9589651763612516,-136.42697277503623,1.7491502204527631,1.7491502204527631,0.04827223325984995,39,0.4968750000000002,7155,1.263051188500313,254.72727272727272,98.4231041880743,5.5996085858585865,2.059077210444637
RHF_MPM_P23,1280,0.064,64.0,0,255,7.503611111111111,36.279627559399856,108052,423.73333333333335,27,255,255,1.0840138391325895,107,107,383,0.026597222222222223,31,28,0.4412442396313364,57.69451697127937,49.253263707571804,0.09590277777777778,0.010694444444444444,0.034583333333333334,0.024027777777777776,0.0175,1,56.52854181320105,48.08249731610706,12.872545518221727,4.598165284719083,0.9340251884801448,-139.31149335478227,1.4479511402334295,1.4479511402334295,0.020295783511642542,3,-0.15118055555555632,-2177,2.075137924333237,263.6363636363636,104.97728994862975,5.7213068181818185,2.127322477879101
RHF_MPM_P23,1281,0.06405,64.05,0,255,7.877916666666667,37.0950949302188,113442,444.8705882352941,31,255,255,1.1681710468934505,109,109,388,0.026944444444444444,30,26,0.49743589743589745,57.88659793814433,49.646907216494846,0.10534722222222222,0.01138888888888889,0.03625,0.02486111111111111,0.01861111111111111,1,56.25635126320058,48.01593765977328,12.563132369371765,4.646842928828301,0.9290798052143264,-141.10064321451767,0.9713417000457445,0.9713417000457445,0.013513513513513514,5,0.3743055555555559,5390,0.28021042693096077,272.45454545454544,110.81710044964231,5.876660353535354,2.214939773946082
RHF_MPM_P23,1282,0.0641,64.1,0,255,7.940555555555555,36.81127461227398,114344,448.40784313725493,35,255,255,1.1925787815323017,107,107,394,0.02736111111111111,31,26,0.48883374689826303,57.621827411167516,49.441624365482234,0.10673611111111111,0.010833333333333334,0.035694444444444445,0.024652777777777777,0.017847222222222223,1,55.58436822220668,47.45394598754635,13.56804375518217,4.5003046290809054,0.9433905054176485,-140.0631967713515,0.9529738987597138,0.9529738987597138,0.011771496536766249,6,0.06263888888888847,902,0.8760113281435535,281.3636363636364,116.16232586520134,6.026546717171717,2.2923932105276847
RHF_MPM_P23,1283,0.06415,64.15,0,255,7.751388888888889,36.13738251087998,111620,437.72549019607845,35,255,255,1.1662351125479338,108,108,372,0.025833333333333333,30,27,0.45925925925925926,58.376344086021504,50.00268817204301,0.10388888888888889,0.010833333333333334,0.03423611111111111,0.02340277777777778,0.017361111111111112,1,55.73416054470525,47.5527324852177,13.951792373890122,4.431165532432015,0.9482229523324622,-139.27558775232734,0.9646371092284511,0.9646371092284511,0.010894104999104103,-22,-0.18916666666666604,-2724,0.1794338652587304,287.6363636363636,118.98989470254318,6.154905303030303,2.3452403111177693
RHF_MPM_P23,1284,0.0642,64.2,0,255,7.421319444444444,35.050979593747286,106867,419.0862745098039,32,255,255,1.1668733920016139,109,109,342,0.02375,27,25,0.5066666666666667,59.26608187134503,50.7953216374269,0.10458333333333333,0.010277777777777778,0.03215277777777778,0.021736111111111112,0.016458333333333332,1,55.647795858403434,47.48837339871055,14.703436078511222,4.424823388148123,0.9536436912185717,-139.0829555259453,1.112128219775426,1.112128219775426,0.01590762349462416,-30,-0.33006944444444475,-4753,0.10770771121904792,317.90909090909093,80.32938389752141,6.827859848484849,1.3304948627114983
RHF_MPM_P23,1285,0.06425,64.25,0,255,6.949166666666667,33.546962097516705,100068,392.4235294117647,29,252,255,1.1629906162543202,108,108,314,0.021805555555555557,25,23,0.5460869565217391,60.02547770700637,51.35031847133758,0.10486111111111111,0.009097222222222222,0.029166666666666667,0.02020833333333333,0.014861111111111111,1,55.854518927129554,47.56301714833913,15.508916610919014,4.427953470674366,0.9583756783698231,-138.6170584015785,1.2817271716822711,1.2817271716822711,0.02105568213614742,-28,-0.47215277777777764,-6799,0.21978652484207944,334.72727272727275,54.10274889519505,7.171685606060606,0.6595753013508782
RHF_MPM_P23,1286,0.0643,64.3,0,255,6.285833333333334,31.477409789932423,90516,354.9647058823529,25,238,255,1.1205545186923866,105,105,287,0.019930555555555556,24,22,0.5435606060606061,60.491289198606275,51.846689895470384,0.10076388888888889,0.0075,0.026111111111111113,0.017916666666666668,0.012986111111111111,1,55.90210570506872,47.578615935304256,16.115181990084782,4.159110978681026,0.9661218124708558,-138.3125312680376,1.3902145629239497,1.3902145629239497,0.025177869106014408,-27,-0.6633333333333331,-9552,0.05007817478118573,339.8181818181818,46.15353464611977,7.205580808080808,0.6009997321329903
RHF_MPM_P23,1287,0.06435,64.35,0,255,5.840833333333333,30.126858160765604,84108,329.83529411764704,22,231,255,1.1275398177990872,107,107,259,0.017986111111111112,22,21,0.5606060606060606,61.40926640926641,52.52895752895753,0.10305555555555555,0.006875,0.023541666666666666,0.01611111111111111,0.011875,1,56.28406334712513,47.779129214819044,16.984995413834287,4.247416472380851,0.9682280842878214,-137.59837222744343,1.5579481005300038,1.5579481005300038,0.029759357017168402,-28,-0.4450000000000003,-6408,0.4313898649563581,338.6363636363636,48.004304214731576,7.158983585858587,0.6799499594191101
RHF_MPM_P23,1288,0.0644,64.4,0,255,5.4667361111111115,29.285911082944654,78721,308.7098039215686,19,221,255,1.0765891995066563,107,107,245,0.017013888888888887,21,20,0.5833333333333334,61.795918367346935,52.89795918367347,0.09930555555555555,0.006666666666666667,0.022430555555555554,0.015277777777777777,0.011041666666666667,1,56.70470395447212,48.25704703954472,17.16599120285198,4.125305480896782,0.9706940879007622,-138.11250650341898,1.7771398561590386,1.7771398561590386,0.03511134258965206,-14,-0.37409722222222186,-5387,0.6366662922911619,336.8181818181818,51.041548462223275,7.077279040404042,0.8116359872384494
RHF_MPM_P23,1289,0.06445,64.45,0,255,5.110555555555556,28.463687875416568,73592,288.5960784313726,17,210,255,1.0300848309581545,107,107,230,0.01597222222222222,20,19,0.6052631578947368,62.208695652173915,53.37391304347826,0.09479166666666666,0.005902777777777778,0.020972222222222222,0.014513888888888889,0.010625,1,57.40197304054789,48.90137514947277,16.866424910884753,4.146697702091095,0.9693065754352713,-138.26209798284097,1.9159210184926052,1.9159210184926052,0.03925698445483205,-15,-0.3561805555555555,-5129,0.9493908002716164,326.72727272727275,59.490397863995916,6.8911553030303025,0.9875000147718067
RHF_MPM_P23,1290,0.0645,64.5,0,255,4.7531944444444445,27.71262604975037,68446,268.4156862745098,15,197,255,0.9392922003344997,106,106,218,0.01513888888888889,21,18,0.5767195767195767,62.37155963302752,53.70183486238532,0.08493055555555555,0.005555555555555556,0.02020833333333333,0.01361111111111111,0.01,1,58.453364696256905,49.969406539461765,15.318981168367888,3.9394147926240426,0.9663690899551651,-137.89244240565418,2.1249275676096686,2.1249275676096686,0.037840049089793416,-12,-0.35736111111111146,-5146,1.4987045952076001,312.0,64.33435389361652,6.627373737373737,1.126098144831096
RHF_MPM_P23,1291,0.06455,64.55,0,255,4.579305555555556,27.36564329320764,65942,258.5960784313726,14,195,255,0.9093748722043187,106,106,214,0.014861111111111111,20,18,0.5944444444444444,62.598130841121495,54.01401869158879,0.08138888888888889,0.005416666666666667,0.01965277777777778,0.013402777777777777,0.009791666666666667,1,59.22080009705499,50.69624821813108,14.142075708744484,4.118713117557467,0.9566505592840593,-137.73345546709112,2.2132532472662354,2.2132532472662354,0.03530375178186892,-4,-0.17388888888888854,-2504,1.0570032735280188,296.6363636363636,65.70910097097071,6.361527777777777,1.2283930328754273
RHF_MPM_P23,1292,0.0646,64.6,0,255,4.4527777777777775,27.125415881206223,64120,251.45098039215685,13,193,255,0.8806391961097193,106,106,208,0.014444444444444444,19,17,0.6439628482972136,62.75961538461539,54.22596153846154,0.07861111111111112,0.005625,0.019166666666666665,0.013055555555555556,0.009444444444444445,1,59.625233936369305,51.1215533374922,13.335401435138907,4.252439432526119,0.9477939205690209,-137.39940231593934,2.2260881237163734,2.2260881237163734,0.03374922021210231,-6,-0.12652777777777846,-1822,0.5868996293552191,280.27272727272725,63.28735463106628,6.050151515151516,1.238614630410709
RHF_MPM_P23,1293,0.06465,64.65,0,255,4.385347222222222,27.245319052932807,63149,247.64313725490197,12,198,255,0.8352582123143013,108,108,210,0.014583333333333334,19,17,0.6501547987616099,62.833333333333336,54.285714285714285,0.07416666666666667,0.005763888888888889,0.01861111111111111,0.01326388888888889,0.009722222222222222,1,60.20361367559265,51.721009042106765,12.24778210192301,4.165842184565536,0.940378305629868,-137.00050674678198,2.326869969455993,2.326869969455993,0.028678205513943213,2,-0.06743055555555522,-971,0.8329887541491814,263.54545454545456,54.75957971211918,5.726950757575757,1.1648147765534123
RHF_MPM_P23,1294,0.0647,64.7,0,255,4.4284027777777775,27.70725960734625,63769,250.07450980392156,11,201,255,0.8031663622148925,105,105,218,0.01513888888888889,20,17,0.6411764705882353,62.48623853211009,54.15137614678899,0.07055555555555555,0.005833333333333334,0.01951388888888889,0.013541666666666667,0.010138888888888888,1,60.7102196992269,52.22978249619721,10.73245407074095,4.338825767842002,0.9146390104755623,-137.20100882869616,2.1532672296112745,2.1532672296112745,0.025121924446047453,8,0.04305555555555518,620,0.7179833499250706,249.54545454545453,43.839300832935976,5.424861111111111,1.0228643164822302
RHF_MPM_P23,1295,0.06475,64.75,0,255,4.457569444444444,28.061222842665522,64189,251.72156862745098,9,209,255,0.7569327357250277,109,109,220,0.015277777777777777,20,17,0.6470588235294118,62.445454545454545,54.11818181818182,0.0654861111111111,0.00625,0.019930555555555556,0.014097222222222223,0.010625,1,60.91711975572139,52.54015485519326,9.594356389213655,4.282438281290451,0.8948586078657537,-137.85895353164116,1.928920216028925,1.928920216028925,0.019987848385237345,2,0.029166666666666785,420,0.37301291479812726,238.45454545454547,33.183686124259744,5.155429292929293,0.8344864642831413
RHF_MPM_P23,1296,0.0648,64.8,0,255,4.617986111111111,28.403723276082157,66499,260.7803921568627,12,219,255,0.815319031911294,107,107,227,0.01576388888888889,20,17,0.6676470588235294,62.47577092511013,53.986784140969164,0.07159722222222223,0.006388888888888889,0.020277777777777777,0.014375,0.010694444444444444,1,61.0412788162228,52.3933893742763,9.35971700357718,4.68381641402301,0.8657811239149086,-137.1301619998595,1.6454105255614435,1.6454105255614435,0.023413885923096588,7,0.16041666666666643,2310,0.19223833825066824,230.54545454545453,23.058674709073003,4.943503787878788,0.6206564736360816
RHF_MPM_P23,1297,0.06485,64.85,0,255,4.815763888888889,29.25578079342851,69347,271.9490196078431,12,228,255,0.8156370604161405,109,109,241,0.01673611111111111,20,18,0.6694444444444444,62.28630705394191,53.75103734439834,0.07145833333333333,0.006736111111111111,0.020763888888888887,0.015,0.011458333333333333,1,61.395071163857125,52.55536649025913,8.22387636805218,4.663571979585257,0.8236647134416045,-136.20786148979656,1.076475875636209,1.076475875636209,0.02017390802774453,14,0.1977777777777785,2848,0.38910873974600213,226.36363636363637,15.310559204042674,4.80986111111111,0.4528057880426273
RHF_MPM_P23,1298,0.0649,64.9,0,255,4.957916666666667,29.783513450187506,71394,279.9764705882353,12,234,255,0.8101987413869065,109,109,251,0.017430555555555557,20,19,0.6605263157894737,62.20318725099602,53.48207171314741,0.07069444444444445,0.007013888888888889,0.02201388888888889,0.01576388888888889,0.011666666666666667,1,61.421463988570466,52.27943524665938,8.259521966277829,4.808918368767295,0.8130261278821905,46.88516219717604,-0.9658070199643013,0.9658070199643013,0.018909152029582318,10,0.14215277777777757,2047,0.27719060660645367,225.63636363636363,13.864754053306454,4.72959595959596,0.3224216864809946
RHF_MPM_P23,1299,0.06495,64.95,0,255,4.913263888888889,29.71771201493455,70751,277.4549019607843,10,231,255,0.7684447223474952,109,109,247,0.017152777777777777,20,20,0.6175,62.24696356275304,53.33198380566802,0.06583333333333333,0.006944444444444444,0.022430555555555554,0.015902777777777776,0.011666666666666667,1,61.5562748229707,52.270907831691424,7.9846765689163,4.907791269144578,0.7887990024356272,47.059377669752,-0.7491717563951926,0.7491717563951926,0.013794858023208153,-4,-0.04465277777777743,-643,0.13508026457526315,225.8181818181818,14.128103403681754,4.6792803030303025,0.23471901384590663
RHF_MPM_P23,1300,0.065,65.0,0,255,4.771805555555556,29.338517715453335,68714,269.46666666666664,7,227,255,0.7230679983363388,108,108,244,0.016944444444444446,20,19,0.6421052631578947,62.22540983606557,53.57377049180328,0.06125,0.006805555555555555,0.021944444444444444,0.015208333333333334,0.01138888888888889,1,61.52478388683529,52.47112669907151,7.899038081013232,5.015517211876511,0.7725508415008562,47.139854178901054,-0.6700102564429539,0.6700102564429539,0.013825421311523124,-3,-0.14145833333333346,-2037,0.20268022575882835,227.0909090909091,15.04813214295168,4.648484848484849,0.1949717435834351
RHF_MPM_P23,1301,0.06505,65.05,0,255,4.784236111111111,29.303541478232177,68893,270.1686274509804,9,228,255,0.7481405097784617,108,108,244,0.016944444444444446,20,19,0.6421052631578947,62.26639344262295,53.66393442622951,0.06381944444444444,0.006736111111111111,0.021527777777777778,0.015069444444444444,0.011319444444444444,1,61.637249067394364,52.56947730538661,7.996225586300307,4.886536768400053,0.7915492213140926,45.09500919059855,-0.7792290711469685,0.7792290711469685,0.015879697501923272,0,0.0124305555555555,179,0.14940300733497258,229.45454545454547,15.470579917223743,4.651306818181819,0.19668398648398083
RHF_MPM_P23,1302,0.0651,65.1,0,255,4.761111111111111,29.32033829365413,68560,268.8627450980392,8,228,255,0.7380897638074498,108,108,241,0.01673611111111111,20,18,0.6694444444444444,62.41078838174274,53.77178423236514,0.06277777777777778,0.006805555555555555,0.021597222222222223,0.015208333333333334,0.01125,1,61.72596266044341,52.74447199533255,7.907397538308314,4.733900849602394,0.800997743992878,-135.54918498974598,0.8396628828191718,0.8396628828191718,0.017429988331388566,-3,-0.023125000000000284,-333,0.19619694977482952,231.9090909090909,14.957239326308274,4.667834595959596,0.19757586690973736
RHF_MPM_P23,1303,0.06515,65.15,0,255,4.780833333333334,29.36272002188035,68844,269.9764705882353,8,229,255,0.7476325578946137,108,108,245,0.017013888888888887,20,20,0.6125,62.38775510204081,53.710204081632654,0.06375,0.006805555555555555,0.021805555555555557,0.015277777777777777,0.01125,1,61.79922723839405,52.85966823543083,8.032276291753464,4.673264907103948,0.8133241790588774,-137.50793707494464,0.7513392291436163,0.7513392291436163,0.01581837197141363,4,0.01972222222222264,284,0.1365205922748154,235.27272727272728,13.267122104119634,4.6976578282828285,0.18735820276818982
RHF_MPM_P23,1304,0.0652,65.2,0,255,4.660902777777777,28.872051542903968,67117,263.20392156862744,9,222,255,0.7477152916304404,107,107,236,0.01638888888888889,19,18,0.6900584795321637,62.766949152542374,54.28813559322034,0.06402777777777778,0.006736111111111111,0.020694444444444446,0.014513888888888889,0.010972222222222222,1,61.962766512210024,53.4129207205328,8.095270298531052,4.4813399817791035,0.8327992675589202,-137.17857844986463,0.7856951160555146,0.7856951160555146,0.015644322600831383,-9,-0.11993055555555632,-1727,0.5769171572693625,237.63636363636363,10.602510228266507,4.722708333333333,0.16040977946648052
RHF_MPM_P23,1305,0.06525,65.25,0,255,4.764305555555556,29.360113311845613,68606,269.043137254902,9,227,255,0.7538778279480514,107,107,244,0.016944444444444446,19,19,0.6759002770083102,62.56147540983606,53.967213114754095,0.06465277777777778,0.006875,0.020902777777777777,0.015486111111111112,0.01138888888888889,1,61.98587587091508,53.290105821648254,7.915874266834196,4.506389113354522,0.8221401936191504,-136.94080846607312,0.7037714559634229,0.7037714559634229,0.016252222837652684,8,0.10340277777777818,1489,0.1249701638303358,240.0,8.686457589520913,4.75324494949495,0.13069795348834376
RHF_MPM_P23,1306,0.0653,65.3,0,255,4.754375,29.238746914619185,68463,268.4823529411765,10,228,255,0.7563296784691033,108,108,243,0.016875,19,19,0.6731301939058172,62.584362139917694,54.10288065843621,0.065,0.006597222222222222,0.021111111111111112,0.015347222222222222,0.01125,1,61.98783284401794,53.46904167214408,7.793610672711173,4.62757139302815,0.804638680630705,-135.8571764042325,0.6309122088786585,0.6309122088786585,0.015322144808144545,-1,-0.009930555555555998,-143,0.1789465516191632,242.0909090909091,5.961307749365455,4.780227272727273,0.09168636004265118
RHF_MPM_P23,1307,0.06535,65.35,0,255,4.700347222222222,29.233537625502304,67685,265.4313725490196,7,229,255,0.7413335517426338,109,109,237,0.016458333333333332,19,18,0.6929824561403509,62.64556962025316,54.20253164556962,0.06381944444444444,0.006666666666666667,0.020625,0.015416666666666667,0.01125,1,62.0234025264091,53.50711383615277,7.61658392278379,4.641722011642987,0.7928452011768782,-136.8730415684372,0.7291391843844578,0.7291391843844578,0.016163108517396763,-6,-0.054027777777777786,-778,0.05210270604980813,243.0,4.0451991747794525,4.7877146464646465,0.08085465878655405
RHF_MPM_P23,1308,0.0654,65.4,0,255,4.77625,29.556383355353386,68778,269.7176470588235,8,229,255,0.7352140301543404,109,109,245,0.017013888888888887,19,19,0.6786703601108033,62.477551020408164,53.844897959183676,0.06291666666666666,0.006944444444444444,0.021319444444444443,0.015694444444444445,0.011666666666666667,1,62.0480676960656,53.290703422606065,7.483927163133583,4.687237906034085,0.77957630650843,-135.98659368906885,0.5645545156095464,0.5645545156095464,0.014873942248974963,8,0.07590277777777832,1093,0.2178114728053587,243.36363636363637,4.028821782938244,4.784122474747473,0.08040520774985692
RHF_MPM_P23,1309,0.06545,65.45,0,255,4.853402777777778,29.57704808028221,69889,274.07450980392156,10,231,255,0.7799141632182437,109,109,245,0.017013888888888887,19,19,0.6786703601108033,62.453061224489794,53.8734693877551,0.06729166666666667,0.006944444444444444,0.021597222222222223,0.015694444444444445,0.011527777777777777,1,61.973658229478175,53.40043497546109,7.711852409979564,4.700561124042709,0.7927674173136042,46.01709735403368,-0.5538860425689042,0.5538860425689042,0.014937973071584941,0,0.07715277777777807,1111,0.13258122947763065,242.8181818181818,3.2978831176758283,4.774621212121212,0.06375899017035276
RHF_MPM_P23,1310,0.0655,65.5,0,255,4.869375,29.678987720428996,70119,274.9764705882353,9,228,255,0.7488760053141873,109,109,247,0.017152777777777777,19,20,0.65,62.441295546558706,53.96761133603239,0.06395833333333334,0.007152777777777778,0.021805555555555557,0.015833333333333335,0.011805555555555555,1,61.85503215961437,53.350746587943355,7.5435101949622245,4.643949810423366,0.7880416994420786,46.34240718367654,-0.512147886851196,0.512147886851196,0.01409033214963134,2,0.01597222222222161,230,0.12861213125302556,242.8181818181818,3.2978831176758283,4.770631313131313,0.05583960256891702
RHF_MPM_P23,1311,0.06555,65.55,0,255,4.886388888888889,29.609941240961792,70364,275.9372549019608,11,228,255,0.7632527901787264,108,108,250,0.017361111111111112,19,19,0.6925207756232687,62.628,54.412,0.06541666666666666,0.007013888888888889,0.021875,0.015486111111111112,0.011666666666666667,1,61.92228980728782,53.51171053379569,7.627496505304968,4.941000000779544,0.761820731453425,46.61964210720085,-0.6530120137514474,0.6530120137514474,0.015888806776192373,3,0.017013888888889106,245,0.1744505174395314,243.36363636363637,3.891079010733218,4.78104797979798,0.06501995111761799
RHF_MPM_P23,1312,0.0656,65.6,0,255,4.980069444444444,30.00723671967702,71713,281.2274509803922,12,238,255,0.7761219981031509,110,110,250,0.017361111111111112,19,18,0.7309941520467836,62.812,54.82,0.06729166666666667,0.0075,0.021736111111111112,0.016041666666666666,0.012152777777777778,1,61.89057771952087,53.720455147602244,7.599852519742968,4.512880135075555,0.8046041597820781,-136.35392436941464,0.7693840383105255,0.7693840383105255,0.02289682484347329,0,0.09368055555555532,1349,0.21113969381379952,243.9090909090909,4.3370401606823865,4.79885101010101,0.08666365858766299
RHF_MPM_P23,1313,0.06565,65.65,0,12,0.015833333333333335,0.3186767344992589,228,19.0,0,0,6,0.04660537227211876,3,8,7,0.0004861111111111111,89,101,0.0007787295583490933,87.14285714285714,59.142857142857146,0.0036805555555555554,0.0,0.0,0.0,0.0,0,85.50877192982456,58.671052631578945,31.551789094556913,23.18024352839521,0.6784215284980053,117.89145021675915,0.16941939750188492,0.16941939750188492,0.0,-243,-4.964236111111111,-71485,24.13146313848332,222.63636363636363,68.32179570675116,4.367462121212121,1.3787804286657697
RHF_MPM_P23,1314,0.0657,65.7,0,255,3.254652777777778,22.206629372191564,46867,183.7921568627451,10,98,255,0.8183568495670969,106,106,137,0.00951388888888889,14,13,0.7527472527472527,67.21897810218978,57.167883211678834,0.07375,0.002916666666666667,0.01361111111111111,0.008541666666666666,0.006111111111111111,1,70.20863294002176,58.100411803614485,8.891538477219909,5.937315066263424,0.7443865946027272,-157.83136297726355,-0.9288551092997603,0.9288551092997603,0.03008513452962639,130,3.2388194444444447,46639,15.310776729540011,212.8181818181818,72.06035119867259,4.228718434343434,1.406708315501396
RHF_MPM_P23,1315,0.06575,65.75,0,255,5.358333333333333,26.464639668391065,77160,302.5882352941176,27,156,255,1.183175190456473,104,104,197,0.013680555555555555,20,22,0.44772727272727275,69.36040609137056,60.46192893401015,0.10708333333333334,0.004861111111111111,0.021944444444444444,0.011597222222222222,0.00798611111111111,1,78.25213841368584,66.31550025920166,18.18041574143745,4.899008497352996,0.9630098331816959,-144.19822364309488,-0.9520574972376916,0.9520574972376916,0.012454639709694142,60,2.1036805555555556,30293,11.49720220914574,209.27272727272728,71.79147950088242,4.292121212121213,1.4400801307468147
RHF_MPM_P23,1316,0.0658,65.8,0,255,6.025972222222222,29.222527799614266,86774,340.2901960784314,25,197,255,1.2090555769908575,100,100,259,0.017986111111111112,30,31,0.278494623655914,71.67567567567568,62.3938223938224,0.11027777777777778,0.006319444444444444,0.029583333333333333,0.013888888888888888,0.00986111111111111,1,77.41033028326457,68.11191140203287,18.546122671557377,4.539161923128336,0.9695862415222546,46.42160552217043,0.9795120450250395,0.9795120450250395,0.02579113559361099,62,0.6676388888888889,9614,1.9838684236943531,210.63636363636363,72.57632061526395,4.406818181818182,1.5210854539469452
RHF_MPM_P23,1317,0.06585,65.85,0,255,6.562986111111111,30.783336572366306,94507,370.6156862745098,36,235,255,1.1896292836561941,110,110,245,0.017013888888888887,22,21,0.5303030303030303,70.28979591836735,60.922448979591834,0.10618055555555556,0.007569444444444445,0.02673611111111111,0.015833333333333335,0.01173611111111111,1,78.84319680023702,69.50068248912778,21.749270123580015,4.152352770975744,0.981605759725638,46.99788234213914,1.0953254449399583,1.0953254449399583,0.007428021204778482,-14,0.5370138888888887,7733,1.995442704717814,210.8181818181818,72.65962763187895,4.5712373737373735,1.6426587251481983
RHF_MPM_P23,1318,0.0659,65.9,0,255,5.677013888888889,30.529447068451187,81749,320.5843137254902,20,234,255,0.951796087143371,108,108,260,0.018055555555555554,22,20,0.5909090909090909,70.41153846153846,60.81153846153846,0.08277777777777778,0.007569444444444445,0.024722222222222222,0.016527777777777777,0.012222222222222223,1,73.93464140234131,63.91839655530954,14.577299944211253,4.185326932271305,0.9578968302584242,-136.31236888087798,-1.9081438875797514,1.9081438875797514,0.027327551407356664,15,-0.8859722222222217,-12758,7.433426689025467,212.9090909090909,73.70636403441397,4.660025252525252,1.6733461508776968
RHF_MPM_P23,1319,0.06595,65.95,0,255,5.836458333333334,31.65327332925613,84045,329.5882352941176,19,246,255,0.9223940827358202,108,108,285,0.019791666666666666,23,22,0.5632411067193676,70.91929824561403,61.256140350877196,0.08027777777777778,0.008333333333333333,0.025555555555555557,0.017986111111111112,0.012986111111111111,1,72.84445237670296,62.78052233922303,11.202827592528449,4.368038313610163,0.9208550936085279,-137.6941203458984,-1.1785311352098786,1.1785311352098786,0.02709262894877744,25,0.1594444444444445,2296,1.5758394090949708,216.54545454545453,76.14622731222012,4.756407828282828,1.7074505646754847
RHF_MPM_P23,1320,0.066,66.0,0,255,6.3907638888888885,33.00598448639994,92027,360.89019607843136,21,252,255,0.9952313490420844,107,107,316,0.021944444444444444,25,24,0.5266666666666666,71.57278481012658,61.92088607594937,0.08729166666666667,0.008819444444444444,0.029097222222222222,0.01965277777777778,0.014305555555555556,1,73.46741717104763,63.44266356612733,11.6866895174723,4.473098228767179,0.9238513248999305,-137.02576833725658,-1.0798379290880151,1.0798379290880151,0.023493105284318732,31,0.5543055555555547,7982,0.9091293303811186,223.0,81.1306466027593,4.896167929292929,1.7713916385237725
RHF_MPM_P23,1321,0.06605,66.05,0,255,6.775069444444444,33.783401629936876,97561,382.59215686274507,24,253,255,1.0612122501451147,107,107,330,0.022916666666666665,26,24,0.5288461538461539,71.81818181818181,62.1030303030303,0.09375,0.009097222222222222,0.030347222222222223,0.020625,0.014791666666666667,1,74.23356669160833,64.04227098943225,12.50229026483957,4.401153736724296,0.9359895448329828,-137.6877751366577,-1.073554937702845,1.073554937702845,0.01839874540031365,14,0.3843055555555557,5534,0.9728895877424966,230.54545454545453,86.68161557873067,5.069412878787879,1.8516703224177518
RHF_MPM_P23,1322,0.0661,66.1,0,255,6.9690972222222225,34.26435956916446,100355,393.54901960784315,27,254,255,1.1088139952472618,106,106,341,0.023680555555555555,26,24,0.5464743589743589,71.71847507331378,62.08797653958944,0.09923611111111111,0.00986111111111111,0.029861111111111113,0.021041666666666667,0.015555555555555555,1,74.45182601763739,64.29539136066963,13.034288318253337,4.43990108035625,0.940196553534412,-138.18165309268946,-1.219759081837919,1.219759081837919,0.016840217228837627,11,0.19402777777777835,2794,0.33422605484013806,238.8181818181818,92.30366700271858,5.25875,1.928175813273036
RHF_MPM_P23,1323,0.06615,66.15,0,255,6.993194444444445,34.090379602788104,100702,394.90980392156865,28,254,255,1.112501985187334,105,105,337,0.02340277777777778,26,24,0.5400641025641025,71.69139465875371,62.118694362017806,0.09916666666666667,0.009722222222222222,0.03027777777777778,0.020972222222222222,0.01513888888888889,1,74.66043375503962,64.57830033167167,13.569849264463626,4.415424899449296,0.9455816336625044,-137.99680123172212,-1.1762301983714063,1.1762301983714063,0.016017556751603743,-4,0.024097222222222214,347,0.35150344803076133,246.72727272727272,96.5524736363044,5.441761363636363,1.987659463315893
RHF_MPM_P23,1324,0.0662,66.2,0,255,7.225902777777778,34.70131095252571,104053,408.0509803921569,30,255,255,1.1485249814346508,109,109,340,0.02361111111111111,26,24,0.5448717948717948,71.6029411764706,62.02647058823529,0.10319444444444445,0.010208333333333333,0.030694444444444444,0.021458333333333333,0.01597222222222222,1,74.97483013464293,64.87191142975215,14.01489133916826,4.503870201553653,0.9469560177237928,-137.33491089276617,-1.2282383318992403,1.2282383318992403,0.018259925230411426,3,0.23270833333333307,3351,0.4301773592643977,277.0,63.026689873129435,6.097222222222222,1.064947239423311
RHF_MPM_P23,1325,0.06625,66.25,0,255,7.216597222222222,34.47231924278752,103919,407.5254901960784,30,255,255,1.187482311690753,110,110,329,0.022847222222222224,25,23,0.5721739130434783,71.26747720364742,61.67781155015197,0.10819444444444444,0.010208333333333333,0.029583333333333333,0.021111111111111112,0.016041666666666666,1,75.26235818281546,65.07715624669214,14.904512522078,4.547097096991339,0.952326115505081,-137.76885154774877,-1.2317761851745264,1.2317761851745264,0.02138203793339043,-11,-0.009305555555555678,-134,0.35326733979613567,294.45454545454544,46.17036364746159,6.45739898989899,0.6194600178402827
RHF_MPM_P23,1326,0.0663,66.3,0,255,7.268402777777778,34.60475804558277,104665,410.45098039215685,30,255,255,1.2098727392607662,111,111,327,0.022708333333333334,25,23,0.568695652173913,71.21100917431193,61.74006116207951,0.1111111111111111,0.010486111111111111,0.029444444444444443,0.02125,0.015902777777777776,1,75.56550900492046,65.3389862895906,15.506731804936656,4.5695240241235044,0.9555959848994294,-137.92953502844827,-1.3863572384027456,1.3863572384027456,0.02469784550709406,-2,0.051805555555556104,746,0.4005688359160514,306.27272727272725,34.99893741008019,6.6310416666666665,0.5509619774123734
RHF_MPM_P23,1327,0.06635,66.35,0,255,7.2693055555555555,34.65405984017798,104678,410.5019607843137,28,255,255,1.2177832892642835,108,108,332,0.023055555555555555,26,24,0.532051282051282,71.46686746987952,61.93674698795181,0.11263888888888889,0.010555555555555556,0.029652777777777778,0.021458333333333333,0.01625,1,75.64764324882019,65.38062439098951,15.83883929892122,4.536072868455301,0.9581133614392346,-137.94593274178774,-1.3786968063780887,1.3786968063780887,0.02822942738684346,5,0.0009027777777772528,13,0.09208564225267092,312.90909090909093,32.216468249115714,6.74407196969697,0.5427109997646157
RHF_MPM_P23,1328,0.0664,66.4,0,255,7.106458333333333,34.2183550072332,102333,401.3058823529412,26,255,255,1.204651554485252,111,111,321,0.022291666666666668,25,24,0.535,71.21806853582555,61.70716510903427,0.11166666666666666,0.010277777777777778,0.028888888888888888,0.020972222222222222,0.015833333333333335,1,75.52739585470962,65.3130173062453,15.928906687537243,4.478412372991217,0.9596638309324017,-137.9833801338156,-1.4806386960032785,1.4806386960032785,0.029697165137345723,-11,-0.16284722222222214,-2345,0.13794982311692935,319.8181818181818,24.018243754651404,6.793478535353537,0.5486817436746718
RHF_MPM_P23,1329,0.06645,66.45,0,255,7.061458333333333,34.23330758009316,101685,398.7647058823529,25,255,255,1.1878085943108285,111,111,321,0.022291666666666668,25,23,0.5582608695652174,71.17133956386293,61.691588785046726,0.11006944444444444,0.010347222222222223,0.028958333333333332,0.020694444444444446,0.015902777777777776,1,75.28198849387816,65.12487584206127,15.678287110054018,4.518460471855266,0.957570657524282,-137.70928222567423,-1.475121351696895,1.475121351696895,0.028440772975365097,0,-0.04499999999999993,-648,0.3092280441608983,325.3636363636364,14.864678862523414,6.919337121212121,0.4224004842028662
RHF_MPM_P23,1330,0.0665,66.5,0,255,7.115138888888889,34.5692412048733,102458,401.79607843137256,26,255,255,1.180802000941374,110,110,327,0.022708333333333334,25,23,0.568695652173913,71.32721712538226,61.801223241590215,0.10895833333333334,0.010625,0.028958333333333332,0.021388888888888888,0.016458333333333332,1,75.19168830154796,65.02092564758243,15.35604518991723,4.403734692319919,0.957997869967625,-138.0596342740919,-1.4517523081510586,1.4517523081510586,0.02778699564699682,6,0.05368055555555529,773,0.13769447217321687,329.1818181818182,7.649339624713683,7.035580808080809,0.24858091429797888
RHF_MPM_P23,1331,0.06655,66.55,0,255,6.979583333333333,34.18896832871598,100506,394.1411764705882,25,255,255,1.1670598348387593,107,107,322,0.02236111111111111,25,23,0.56,71.16459627329192,61.6583850931677,0.10791666666666666,0.010694444444444444,0.028819444444444446,0.020763888888888887,0.015833333333333335,1,75.0703540087159,64.88494219250592,15.305650113349925,4.4264670471138094,0.9572672563146913,-138.0967626539143,-1.4924221119331968,1.4924221119331968,0.027968479493761567,-5,-0.13555555555555543,-1952,0.182245742533542,329.72727272727275,6.8634858502461356,7.089109848484849,0.14633246658799537
RHF_MPM_P23,1332,0.0666,66.6,0,255,7.011180555555556,34.4014344822948,100961,395.92549019607844,24,255,255,1.165130448986083,111,111,324,0.0225,25,23,0.5634782608695652,71.14506172839506,61.69135802469136,0.1076388888888889,0.010625,0.028888888888888888,0.021111111111111112,0.01611111111111111,1,74.90024861084973,64.73850298630164,14.891038277151393,4.440162524314674,0.9545106498291357,-138.31125234800993,-1.4973252697454613,1.4973252697454613,0.027951387169303,2,0.0315972222222225,455,0.22445553567899731,329.1818181818182,7.05585742252082,7.110574494949495,0.11197753685255514
RHF_MPM_P23,1333,0.06665,66.65,0,255,6.877777777777778,33.96021046845453,99040,388.3921568627451,25,255,255,1.1480841050813573,111,111,314,0.021805555555555557,24,23,0.5688405797101449,70.87898089171975,61.36624203821656,0.10548611111111111,0.010347222222222223,0.028402777777777777,0.020555555555555556,0.015625,1,74.86042003231017,64.81247980613894,15.184275361196612,4.359727817321118,0.9578942526828222,-137.1983418215175,-1.5322880084274701,1.5322880084274701,0.027372778675282716,-10,-0.13340277777777754,-1921,0.08401717408793091,326.72727272727275,7.212248534654074,7.1022727272727275,0.12480859395331963
RHF_MPM_P23,1334,0.0667,66.7,0,255,6.799930555555555,33.689862677330694,97919,383.99607843137255,24,254,255,1.1423811965160495,110,110,311,0.021597222222222223,24,23,0.5634057971014492,70.85852090032154,61.366559485530544,0.10451388888888889,0.009791666666666667,0.028680555555555556,0.02,0.015208333333333334,1,74.83522094792635,64.80301065166107,15.17011498456323,4.36575032776299,0.9576946700163426,-137.25196729154757,-1.4584184571091086,1.4584184571091086,0.02658319631532185,-3,-0.07784722222222307,-1121,0.0269194862564105,324.3636363636364,7.702098029081866,7.084703282828284,0.14998976153712182
RHF_MPM_P23,1335,0.06675,66.75,0,255,6.636041666666666,33.21813165189621,95559,374.74117647058824,24,253,255,1.1135572292977889,110,110,304,0.021111111111111112,25,23,0.528695652173913,70.79276315789474,61.31907894736842,0.10118055555555555,0.00951388888888889,0.028125,0.01965277777777778,0.014791666666666667,1,74.8401092518758,64.7530949465775,15.160280133240379,4.231010182765952,0.960266336767285,-137.56870986154038,-1.4529293039355247,1.4529293039355247,0.025429315920007533,-7,-0.16388888888888875,-2360,0.050154492615233984,321.09090909090907,8.00516362281866,7.0310795454545465,0.19002287071899038
RHF_MPM_P23,1336,0.0668,66.8,0,255,6.483680555555556,32.75296865778666,93365,366.1372549019608,24,251,255,1.1045495406597552,111,111,291,0.02020833333333333,22,22,0.6012396694214877,70.27835051546391,60.797250859106526,0.10020833333333333,0.009236111111111112,0.02736111111111111,0.01902777777777778,0.014444444444444444,1,74.64232849568896,64.54325496706474,15.1089135035857,4.320314513508226,0.9582461057734672,-137.3060303222031,-1.4655913546390773,1.4655913546390773,0.02464520966100787,-13,-0.1523611111111105,-2194,0.28835749430135776,317.6363636363636,11.347989227353551,6.964450757575758,0.23618003571854473
RHF_MPM_P23,1337,0.06685,66.85,0,255,6.429236111111111,32.556015713515926,92581,363.0627450980392,23,250,255,1.1068915698748756,110,110,287,0.019930555555555556,22,22,0.5929752066115702,70.18466898954703,60.67595818815331,0.10097222222222223,0.008888888888888889,0.02652777777777778,0.01875,0.014097222222222223,1,74.55594560438966,64.52896382627105,15.407473472064849,4.271354698019255,0.9608046921708365,-137.09606345646637,-1.4928855703587136,1.4928855703587136,0.026679340253399724,-4,-0.05444444444444496,-784,0.08755707061346164,314.0,13.88917171429207,6.888162878787878,0.260007123022714
RHF_MPM_P23,1338,0.0669,66.9,0,255,6.255416666666667,32.17200147633118,90078,353.2470588235294,22,249,255,1.0927122374904994,110,110,282,0.019583333333333335,22,21,0.6103896103896104,70.05673758865248,60.54609929078014,0.09916666666666667,0.008541666666666666,0.025902777777777778,0.018333333333333333,0.013819444444444445,1,74.24312262705655,64.3170030418082,15.22101922654814,4.255402803074134,0.9601241173457223,-136.5011886069631,-1.5627890162389273,1.5627890162389273,0.026576966628921603,-5,-0.17381944444444386,-2503,0.3778698046915873,309.45454545454544,15.35852523911919,6.795991161616161,0.2868776890526272
RHF_MPM_P23,1339,0.06695,66.95,0,255,6.222847222222223,32.14126575160891,89609,351.40784313725493,22,249,255,1.074476788285268,110,110,284,0.01972222222222222,22,21,0.6147186147186147,70.08802816901408,60.53521126760563,0.09729166666666667,0.008888888888888889,0.025972222222222223,0.018472222222222223,0.013680555555555555,1,74.09711078128313,64.2068430626388,15.12102338094924,4.188716775423135,0.9608662330435543,-136.62451601819544,-1.5871873241897687,1.5871873241897687,0.027062013860214933,2,-0.03256944444444443,-469,0.18290620579073985,306.09090909090907,16.47286774975221,6.715662878787879,0.31136240803988163
RHF_MPM_P23,1340,0.067,67.0,0,255,6.125625,32.03318564002437,88209,345.91764705882355,21,249,255,1.061906658733201,111,111,280,0.019444444444444445,21,21,0.6349206349206349,69.96785714285714,60.371428571428574,0.09625,0.00875,0.025486111111111112,0.018333333333333333,0.01375,1,73.72620707637543,63.84207960638937,14.494543959067874,4.348188359199248,0.9539429945553768,-135.69489933324138,-1.6469794469555463,1.6469794469555463,0.027820290446553073,-4,-0.09722222222222232,-1400,0.5202133575075607,302.3636363636364,17.295678531580325,6.6305871212121215,0.3323970124532838
RHF_MPM_P23,1341,0.06705,67.05,0,255,6.1414583333333335,32.26736488717591,88437,346.81176470588235,20,252,255,1.0608694149610125,110,110,281,0.01951388888888889,22,21,0.6082251082251082,70.04626334519573,60.40925266903915,0.096875,0.009166666666666667,0.025416666666666667,0.018680555555555554,0.014027777777777778,1,73.46185420129584,63.613713717109356,14.18112399461875,4.303458057732665,0.9528429618872751,-136.06468692230732,-1.6226928409508778,1.6226928409508778,0.028359170935242036,1,0.015833333333333144,228,0.349332824036762,298.1818181818182,16.369695847778,6.542070707070707,0.32102610443879764
RHF_MPM_P23,1342,0.0671,67.1,0,255,6.171319444444444,32.458435338875404,88867,348.4980392156863,20,252,255,1.0468298565604117,112,112,283,0.01965277777777778,22,21,0.6125541125541125,70.01766784452296,60.42402826855124,0.09534722222222222,0.009375,0.025555555555555557,0.018680555555555554,0.014166666666666666,1,73.39616505564496,63.55599941485591,13.940088249416958,4.306053710149615,0.9510954435712875,-135.90826160230097,-1.6697441984844483,1.6697441984844483,0.028334477365051142,2,0.029861111111110894,430,0.08744143492043287,294.6363636363636,14.992560138419728,6.468592171717173,0.3045539974376372
RHF_MPM_P23,1343,0.06715,67.15,0,255,6.301319444444444,32.82738056753437,90739,355.8392156862745,20,254,255,1.0618107037478768,111,111,290,0.02013888888888889,22,21,0.6277056277056277,70.0896551724138,60.59310344827586,0.09694444444444444,0.00951388888888889,0.026041666666666668,0.01902777777777778,0.014583333333333334,1,73.5872998379969,63.65026063765305,14.187086509929259,4.423096455467992,0.9501578672991787,-136.54593450672806,-1.667502535841845,1.667502535841845,0.02863156966684667,7,0.1299999999999999,1872,0.21311424904950413,291.54545454545456,11.781060581702823,6.404059343434344,0.25370942160679577
RHF_MPM_P23,1344,0.0672,67.2,0,255,6.327013888888889,32.979643438959705,91109,357.2901960784314,20,254,255,1.0620025487591755,112,112,291,0.02020833333333333,22,21,0.6298701298701299,70.1512027491409,60.56701030927835,0.096875,0.01,0.026458333333333334,0.01923611111111111,0.014791666666666667,1,73.44924211658562,63.499237177446794,13.758024124793389,4.34936671132201,0.9487148506877469,-136.6896312552173,-1.708358248616292,1.708358248616292,0.027966501662843406,1,0.025694444444444464,370,0.20461676366794174,289.45454545454544,9.413371885139451,6.3539898989899,0.20493980975025897
RHF_MPM_P23,1345,0.06725,67.25,0,255,6.432569444444445,33.41282659246229,92629,363.25098039215686,20,255,255,1.0537038698476735,111,111,306,0.02125,23,21,0.6335403726708074,70.37908496732027,60.83660130718954,0.09625,0.010347222222222223,0.027083333333333334,0.01972222222222222,0.014930555555555556,1,73.32972395254185,63.40732384026601,13.25523631354025,4.385139373602082,0.9436927605607524,-136.65712086813645,-1.6821113499784501,1.6821113499784501,0.027615541569055047,15,0.10555555555555607,1520,0.15077351587099658,289.0,8.431542509583231,6.320593434343434,0.15286556638584647
RHF_MPM_P23,1346,0.0673,67.3,0,255,6.493819444444444,33.552065106515336,93511,366.7098039215686,20,255,255,1.062793712677544,109,109,308,0.021388888888888888,22,21,0.6666666666666666,70.24350649350649,60.853896103896105,0.09708333333333333,0.010208333333333333,0.02736111111111111,0.01972222222222222,0.01513888888888889,1,73.24359700997744,63.37909978505203,13.12206440077282,4.527555293847371,0.9385902729799727,-136.65898351580657,-1.696095057507438,1.696095057507438,0.026863149789864295,2,0.06124999999999936,882,0.09063358940380083,289.3636363636364,9.128105720771796,6.307664141414142,0.1299326838925097
RHF_MPM_P23,1347,0.06735,67.35,0,255,6.544305555555556,33.788237323988824,94238,369.5607843137255,20,255,255,1.0628897238658896,111,111,308,0.021388888888888888,21,21,0.6984126984126984,70.11688311688312,60.71103896103896,0.09701388888888889,0.010416666666666666,0.02784722222222222,0.02013888888888889,0.015416666666666667,1,72.86188161887986,63.16865807848214,12.64400561979668,4.591169859626717,0.9317461252536301,-136.3171293572372,-1.573189681019534,1.573189681019534,0.02667713661155797,0,0.050486111111111676,727,0.43588112102363324,290.90909090909093,10.595492570424339,6.313175505050506,0.13829835343718808
RHF_MPM_P23,1348,0.0674,67.4,0,255,6.614444444444445,34.126516445300396,95248,373.52156862745096,21,255,255,1.049143914108499,111,111,314,0.021805555555555557,21,22,0.6796536796536796,70.05095541401273,60.60828025477707,0.09583333333333334,0.010625,0.02784722222222222,0.020277777777777777,0.016180555555555556,1,72.60901016294305,62.94164706870485,12.109458245035619,4.455618478278952,0.929847429496575,-136.51449884472325,-1.6327202695317673,1.6327202695317673,0.026572736435410717,6,0.07013888888888875,1010,0.3398204993635703,293.3636363636364,12.382338795622852,6.330012626262626,0.16084021280433372
RHF_MPM_P23,1349,0.06745,67.45,0,11,0.019166666666666665,0.354015654079496,276,25.09090909090909,0,0,7,0.05413601523118362,3,8,11,0.0007638888888888889,93,101,0.0011710848504205259,91.0909090909091,62.18181818181818,0.004375,0.0,0.0,0.0,0.0,0,85.29347826086956,62.81159420289855,30.96836356384876,26.11849514166234,0.5372974682912274,106.95800576875888,-0.40169770935026705,0.40169770935026705,0.0,-303,-6.595277777777778,-94972,12.685134791369773,268.72727272727275,82.35741497675174,5.763080808080808,1.8233398160326215
RHF_MPM_P23,1350,0.0675,67.5,0,255,3.2527083333333335,22.34340163966976,46839,183.68235294117648,9,109,255,0.7676224304881348,103,103,148,0.010277777777777778,15,17,0.5803921568627451,63.810810810810814,54.310810810810814,0.06798611111111111,0.003263888888888889,0.01375,0.008958333333333334,0.0061805555555555555,1,63.71350797412413,52.13123678985461,7.9433170020016615,6.059385649246613,0.6466013030573579,74.55959556886515,-1.1875798962888249,1.1875798962888249,0.023484702918508082,137,3.233541666666667,46563,24.078312898689113,256.3636363636364,89.07124087163726,5.493068181818181,1.9507308359286613
RHF_MPM_P23,1351,0.06755,67.55,0,255,6.395486111111111,29.442784329428687,92095,361.15686274509807,29,189,255,1.308832723968992,92,92,316,0.021944444444444444,31,39,0.261373035566584,57.800632911392405,46.65506329113924,0.12013888888888889,0.005833333333333334,0.02861111111111111,0.016041666666666666,0.009375,1,56.93532765079537,42.50865953634833,16.528119782998946,6.871277564571012,0.9094869090818645,57.64153980579719,-0.8344675874287673,0.8344675874287673,0.029643303110918073,168,3.142777777777778,45256,11.770204819596707,259.6363636363636,90.52902370086295,5.51760101010101,1.9602056541285804
RHF_MPM_P23,1352,0.0676,67.6,0,255,6.720694444444445,30.5183740568416,96778,379.52156862745096,33,215,255,1.2944484361089246,100,100,275,0.019097222222222224,27,27,0.3772290809327846,59.75272727272727,50.54545454545455,0.11701388888888889,0.006875,0.034166666666666665,0.015069444444444444,0.010694444444444444,1,54.024675029448844,41.72990762363347,20.034031077338966,4.783123946070294,0.9710810783380915,53.710786540628085,-0.8611377594508466,0.8611377594508466,0.009051643968670565,-41,0.3252083333333333,4683,3.013030571319925,259.09090909090907,90.41666634929098,5.570258838383839,1.9838943063761734
RHF_MPM_P23,1353,0.06765,67.65,0,255,6.209097222222222,31.82471677479791,89411,350.6313725490196,22,246,255,1.075459550145555,108,108,283,0.01965277777777778,22,20,0.6431818181818182,60.522968197879855,51.50883392226148,0.09618055555555556,0.008263888888888888,0.028333333333333332,0.017569444444444443,0.012986111111111111,1,56.78314748744562,47.23920994061133,15.264634355614895,4.631082450403347,0.9528676155972804,46.24848373481899,-1.3935530717080933,1.3935530717080933,0.021608079542785562,8,-0.5115972222222229,-7367,6.161297129775869,259.09090909090907,90.41666634929099,5.573693181818182,1.9849642473133318
RHF_MPM_P23,1354,0.0677,67.7,0,255,7.113680555555556,34.71968592340917,102437,401.71372549019605,29,255,255,1.0726300288782287,109,109,334,0.023194444444444445,23,23,0.6313799621928167,59.58383233532934,50.383233532934135,0.09451388888888888,0.010069444444444445,0.03340277777777778,0.021527777777777778,0.01576388888888889,1,55.14780792096606,46.16177748274549,18.135136459775975,4.596103491635184,0.9673520542798142,-137.29620756723466,1.6103471831045253,1.6103471831045253,0.010513779200874684,51,0.904583333333334,13026,1.9583656959200377,263.09090909090907,92.64149330074368,5.6475441919191915,2.0253628437846696
RHF_MPM_P23,1355,0.06775,67.75,0,255,7.800138888888889,36.97051452746031,112322,440.47843137254904,32,255,255,1.1121716600674225,109,109,389,0.02701388888888889,26,27,0.5541310541310541,57.96658097686375,49.03856041131105,0.09868055555555555,0.010833333333333334,0.034513888888888886,0.025069444444444443,0.01840277777777778,1,54.93387760189455,46.35964459322305,17.75166394998361,4.7149119416469025,0.964082229590077,-139.60015273961187,2.04538544403813,2.04538544403813,0.06119905272342017,55,0.6864583333333334,9885,0.29140620245076504,272.0,99.36525824177455,5.781464646464646,2.112683438609822
RHF_MPM_P23,1356,0.0678,67.8,0,255,7.812569444444445,37.360930206540026,112501,441.18039215686275,26,255,255,1.0295066853438497,104,104,435,0.030208333333333334,30,31,0.46774193548387094,56.53793103448276,48.239080459770115,0.08958333333333333,0.011111111111111112,0.03736111111111111,0.026805555555555555,0.017916666666666668,1,56.738633434369476,48.215518084283694,11.091647005219512,4.702291587828935,0.9056861084677961,-137.95326426797186,0.530618899985215,0.530618899985215,0.007333268148727567,46,0.0124305555555555,179,2.5887081777739787,283.72727272727275,109.7551745800964,5.906919191919192,2.1872786412517145
RHF_MPM_P23,1357,0.06785,67.85,0,255,8.116944444444444,37.49440056857708,116884,458.3686274509804,36,255,255,1.1033553983747924,104,104,430,0.029861111111111113,33,31,0.4203323558162268,56.64186046511628,48.66046511627907,0.0967361111111111,0.011458333333333333,0.03986111111111111,0.025694444444444443,0.018125,1,55.9002686424147,47.68464460490743,12.20161432773373,4.690010398899879,0.9231765384469537,-138.43618389272814,0.5663819417249837,0.5663819417249837,0.006339618767324869,-5,0.3043749999999994,4383,0.9923115314730697,294.8181818181818,117.53592733660645,6.05447601010101,2.2748890672076367
RHF_MPM_P23,1358,0.0679,67.9,0,255,8.174722222222222,37.102948369376485,117716,461.6313725490196,39,255,255,1.2090375381541691,109,109,387,0.026875,30,27,0.4777777777777778,57.9328165374677,49.77777777777778,0.1082638888888889,0.011458333333333333,0.03854166666666667,0.024166666666666666,0.018055555555555554,1,55.37660131163138,47.330592272928065,13.406489498213704,4.758586534765053,0.9348866143033661,-139.1716365722994,0.7689401393783338,0.7689401393783338,0.00966733494172415,-43,0.05777777777777793,832,0.6321238226089523,302.0,120.49820820999034,6.202695707070706,2.353723821391727
RHF_MPM_P23,1359,0.06795,67.95,0,255,8.161458333333334,36.78073130180375,117525,460.88235294117646,38,255,255,1.3150282197979068,108,108,389,0.02701388888888889,29,26,0.5159151193633952,58.149100257069406,49.732647814910024,0.12076388888888889,0.011041666666666667,0.035625,0.024444444444444446,0.018055555555555554,1,54.9952520740268,46.87186556051904,14.757497930212937,4.699073780909902,0.9479499351069295,-139.04055099562103,1.0390146346438733,1.0390146346438733,0.016464582003828974,2,-0.013263888888888076,-191,0.5965378761647809,308.8181818181818,123.07855450285561,6.343333333333334,2.4194255468347206
RHF_MPM_P23,1360,0.068,68.0,0,255,7.338958333333333,34.46589149714118,105681,414.43529411764706,31,249,255,1.1680793025559535,104,104,365,0.025347222222222222,30,27,0.4506172839506173,57.895890410958906,49.75342465753425,0.10361111111111111,0.008819444444444444,0.033125,0.02236111111111111,0.015347222222222222,1,55.09058392710137,46.8891096791287,15.160289174017782,4.26050082801396,0.9596988916175468,-137.9363759105044,1.07953248113974,1.07953248113974,0.016436256280693787,-24,-0.8225000000000007,-11844,0.09687890295237277,341.0,79.60127911260997,7.00876893939394,1.365655182498758
RHF_MPM_P23,1361,0.06805,68.05,0,255,6.782222222222222,32.57641342641014,97664,382.99607843137255,28,246,255,1.156541254623467,108,108,293,0.02034722222222222,25,22,0.5327272727272727,60.2457337883959,51.996587030716725,0.10368055555555555,0.008680555555555556,0.030347222222222223,0.01861111111111111,0.013402777777777777,1,55.395468135648755,47.243129505242464,16.102529437190153,4.360538415708717,0.9626360959314989,-138.0201803699668,1.2452905863990025,1.2452905863990025,0.019474934469200525,-72,-0.5567361111111113,-8017,0.46720918002880096,354.1818181818182,54.64233820003444,7.329633838383838,0.6958310840976755
RHF_MPM_P23,1362,0.0681,68.1,0,255,6.267013888888889,31.396311190343972,90245,353.9019607843137,25,242,255,1.1338349286662985,108,108,276,0.019166666666666665,23,22,0.5454545454545454,60.90217391304348,52.21376811594203,0.10284722222222223,0.007916666666666667,0.025555555555555557,0.017569444444444443,0.012847222222222222,1,55.96614770901435,47.580154025153746,16.48104650231928,4.295919302768093,0.9654311586806309,-137.69632109484343,1.4286623278547526,1.4286623278547526,0.02635049033187434,-17,-0.5152083333333328,-7419,0.6627674573167934,350.54545454545456,58.27265636075674,7.317954545454546,0.7122958137753805
RHF_MPM_P23,1363,0.06815,68.15,0,255,5.782916666666667,30.133256588098245,83274,326.56470588235294,22,233,255,1.108559363659021,108,108,257,0.017847222222222223,22,20,0.5840909090909091,61.400778210116734,52.6692607003891,0.10152777777777777,0.007222222222222222,0.023333333333333334,0.01611111111111111,0.011805555555555555,1,56.53297547854072,48.00975094267118,16.528803862881702,4.244089933620905,0.9664727155626831,-137.20572671274033,1.5873970897780525,1.5873970897780525,0.031258255878185266,-19,-0.4840972222222222,-6971,0.7112293806126981,348.90909090909093,60.578205720081066,7.2327020202020185,0.825760934307645
RHF_MPM_P23,1364,0.0682,68.2,0,255,5.2011111111111115,28.970777400854747,74896,293.7098039215686,17,221,255,1.0191037817084998,108,108,232,0.01611111111111111,20,18,0.6444444444444445,62.01293103448276,53.41379310344828,0.09354166666666666,0.006597222222222222,0.021111111111111112,0.01513888888888889,0.011111111111111112,1,57.66974204229865,49.171531189916685,15.726489118217717,4.194937560551762,0.9637675786001341,-137.04870268448255,1.8589298813596373,1.8589298813596373,0.03571619312112796,-25,-0.5818055555555555,-8378,1.6254142743829447,344.27272727272725,67.05098590433852,7.141066919191919,0.9764462586924866
RHF_MPM_P23,1365,0.06825,68.25,0,255,4.928819444444445,28.53653608379693,70975,278.3333333333333,15,215,255,0.9500993415739363,107,107,233,0.016180555555555556,20,19,0.6131578947368421,61.927038626609445,53.33476394849785,0.08638888888888889,0.0061805555555555555,0.021111111111111112,0.014652777777777778,0.010763888888888889,1,58.47646354350123,49.90171187037689,14.87634900556441,4.077423433338792,0.9617047176914235,-137.31138996581024,2.129966453431966,2.129966453431966,0.039013737231419515,1,-0.2722916666666668,-3921,1.0881008255763245,335.09090909090907,74.34740876508504,6.942443181818183,1.1656930772697975
RHF_MPM_P23,1366,0.0683,68.3,0,255,4.800694444444445,28.64220612557576,69130,271.0980392156863,13,217,255,0.8812430430210277,109,109,226,0.015694444444444445,19,18,0.6608187134502924,62.14601769911504,53.53982300884956,0.07861111111111112,0.006527777777777778,0.020972222222222222,0.014930555555555556,0.011041666666666667,1,59.39014899464777,50.71667872124982,13.354379217168395,4.147276722255941,0.950555229259873,-137.0486648917239,2.339508262206733,2.339508262206733,0.03542600896860987,-7,-0.12812499999999982,-1845,1.224333317221492,320.27272727272725,78.26655027891535,6.669766414141415,1.2785222565887029
RHF_MPM_P23,1367,0.06835,68.35,0,255,4.808055555555556,29.020284411601605,69236,271.51372549019607,12,220,255,0.8412796109739474,109,109,233,0.016180555555555556,20,19,0.6131578947368421,61.91416309012875,53.36051502145923,0.07416666666666667,0.006597222222222222,0.021180555555555557,0.01513888888888889,0.011319444444444444,1,59.83882662198856,51.20171587035646,12.149873595931236,4.159197963012049,0.9395818313952349,-137.06110775967258,2.417837324202647,2.417837324202647,0.02708128719163441,7,0.0073611111111109295,106,0.6607364446507082,301.90909090909093,72.69294644468552,6.396628787878788,1.3252832812010713
RHF_MPM_P23,1368,0.0684,68.4,0,255,4.879375,29.105797764333204,70263,275.54117647058825,13,224,255,0.8736667311589161,108,108,241,0.01673611111111111,21,19,0.6040100250626567,61.84232365145228,53.23651452282158,0.07784722222222222,0.006597222222222222,0.021458333333333333,0.015277777777777777,0.01125,1,59.58068969443377,51.01130039992599,12.536478613038303,4.1284242878553155,0.9442208457174127,-137.48359246652055,2.3588281825111865,2.3588281825111865,0.029361114669171542,8,0.07131944444444382,1027,0.320768958514818,284.72727272727275,61.925308248347804,6.1023042929292926,1.2688509704291673
RHF_MPM_P23,1369,0.06845,68.45,0,255,4.627569444444444,28.524935065329924,66637,261.321568627451,9,210,255,0.7582344414810265,107,107,234,0.01625,20,20,0.585,61.8034188034188,53.17948717948718,0.06451388888888888,0.00625,0.021319444444444443,0.014861111111111111,0.010763888888888889,1,60.499152122694596,51.780257214460434,9.75144731859016,4.166330836805896,0.9041323185392985,-136.28606080345835,1.6183572930892334,1.6183572930892334,0.015516905022735117,-7,-0.2518055555555554,-3626,1.1978596807413313,270.8181818181818,54.077079973981554,5.779835858585859,1.1459768613324581
RHF_MPM_P23,1370,0.0685,68.5,0,255,4.495,27.9886579706852,64728,253.83529411764707,9,207,255,0.7550953070432229,108,108,221,0.015347222222222222,19,18,0.6461988304093568,62.35294117647059,53.83710407239819,0.06430555555555556,0.006111111111111111,0.02013888888888889,0.014027777777777778,0.010277777777777778,1,60.716675936225435,52.04202199975281,9.679784493006435,4.174112607443576,0.9022470135606058,-135.85791439170038,1.5133697971551632,1.5133697971551632,0.017813002101099987,-13,-0.13256944444444407,-1909,0.340348956619767,255.54545454545453,40.58294231092135,5.446521464646464,0.9146527839871579
RHF_MPM_P23,1371,0.06855,68.55,0,255,4.665416666666666,28.654117865670234,67182,263.45882352941175,11,215,255,0.7802457426916352,108,108,231,0.016041666666666666,20,18,0.6416666666666667,62.16017316017316,53.57575757575758,0.06729166666666667,0.006527777777777778,0.020694444444444446,0.014722222222222222,0.011041666666666667,1,60.65858414456253,51.99498377541603,9.703170760524614,4.195459710492715,0.9016913505571666,-136.16174410121104,1.5298027350115975,1.5298027350115975,0.019097377273674495,10,0.17041666666666622,2454,0.07474791507034487,243.36363636363637,21.546029911765128,5.2034722222222225,0.7123260230718391
RHF_MPM_P23,1372,0.0686,68.6,0,255,4.744722222222222,28.692107895349814,68324,267.9372549019608,12,216,255,0.8233004426969215,109,109,230,0.01597222222222222,20,18,0.6388888888888888,62.130434782608695,53.530434782608694,0.07194444444444445,0.006388888888888889,0.020763888888888887,0.015,0.010902777777777779,1,60.60783911948949,51.92153562437797,9.626849035873288,4.278902517296815,0.8957908028706248,-136.34997245970743,1.3679373884393005,1.3679373884393005,0.020285697558690943,-1,0.07930555555555596,1142,0.08927311163264093,237.63636363636363,14.95613420684714,5.018244949494949,0.5154072905274172
RHF_MPM_P23,1373,0.06865,68.65,0,255,4.743333333333333,28.755469721235446,68304,267.8588235294118,12,214,255,0.8182798726104976,109,109,230,0.01597222222222222,20,19,0.6052631578947368,62.18695652173913,53.426086956521736,0.07138888888888889,0.006458333333333333,0.020972222222222222,0.014930555555555556,0.010902777777777779,1,60.897546263762,52.13372569688452,8.936375927434934,4.41060429209689,0.8697138707389809,-135.89952696053942,1.0876812062528753,1.0876812062528753,0.01901791988756149,0,-0.001388888888889106,-20,0.35910284921296537,233.45454545454547,8.814900982929018,4.879728535353535,0.33400996069386946
RHF_MPM_P23,1374,0.0687,68.7,0,255,4.831597222222222,29.194116396477963,69575,272.84313725490193,12,226,255,0.821114870848934,108,108,237,0.016458333333333332,19,20,0.6236842105263158,62.10548523206751,53.64556962025316,0.07173611111111111,0.006875,0.02125,0.015277777777777777,0.011458333333333333,1,61.023772906934965,52.63899389148401,8.306799342915049,4.907068029353207,0.8068699650014376,-136.25886332386062,0.8611764477895623,0.8611764477895623,0.017808120733021918,7,0.08826388888888914,1271,0.520796614736067,231.63636363636363,5.014029902959155,4.793244949494949,0.17359396150374662
RHF_MPM_P23,1375,0.06875,68.75,0,255,4.843472222222222,29.496550158908512,69746,273.51372549019607,10,228,255,0.775877076192363,108,108,246,0.017083333333333332,20,20,0.615,61.947154471544714,53.5,0.06666666666666667,0.006875,0.021805555555555557,0.015625,0.011597222222222222,1,60.950577810913884,52.65501964270352,8.317968371247641,4.498911196414511,0.8411083942135579,-137.9606561571443,0.8825212494273893,0.8825212494273893,0.015212341926418719,9,0.011874999999999858,171,0.07492894489904987,232.9090909090909,6.501112428647681,4.760732323232323,0.11909648181159686
RHF_MPM_P23,1376,0.0688,68.8,0,255,4.941319444444445,29.62622174570583,71155,279.03921568627453,11,226,255,0.7957793986596441,107,107,250,0.017361111111111112,21,20,0.5952380952380952,61.912,53.4,0.06854166666666667,0.007083333333333333,0.02236111111111111,0.015694444444444445,0.01173611111111111,1,60.95335535099431,52.72534607546905,8.34041953602226,4.729532400371138,0.8236753239785198,-137.3480075524105,0.7746494246500156,0.7746494246500156,0.015866769728058464,4,0.09784722222222264,1409,0.07038126081864712,234.45454545454547,8.150444899888331,4.761868686868687,0.12074312149192402
RHF_MPM_P23,1377,0.06885,68.85,0,255,4.8990277777777775,29.285326704100388,70546,276.65098039215684,12,222,255,0.8028342735568621,109,109,239,0.01659722222222222,20,19,0.6289473684210526,62.07531380753138,53.65271966527197,0.06902777777777777,0.006666666666666667,0.021944444444444444,0.015416666666666667,0.011527777777777777,1,60.98593825305475,52.61384061463442,8.499967057536658,4.4625617407768825,0.8510964908036075,-137.42576894942272,0.7505357385797832,0.7505357385797832,0.013438040427522467,-11,-0.04229166666666728,-609,0.11616846948558414,235.63636363636363,7.772594363563293,4.77080808080808,0.1267761275303062
RHF_MPM_P23,1378,0.0689,68.9,0,255,4.83125,28.993509735298225,69570,272.8235294117647,13,221,255,0.8138289776610259,109,109,234,0.01625,19,19,0.6481994459833795,62.388888888888886,53.9059829059829,0.07048611111111111,0.006527777777777778,0.021319444444444443,0.014791666666666667,0.011180555555555555,1,61.05383067414115,52.53058789708208,8.742163476232765,4.574683613499823,0.852154885249482,-136.46139638005403,0.9289522180377522,0.9289522180377522,0.016903837861147047,-5,-0.06777777777777771,-976,0.10742623432301648,235.72727272727272,7.747033556505344,4.772916666666666,0.1275685182631352
RHF_MPM_P23,1379,0.06895,68.95,0,255,4.806388888888889,29.230131205542165,69212,271.41960784313727,12,220,255,0.7923455693072656,109,109,236,0.01638888888888889,18,19,0.6900584795321637,62.521186440677965,54.13135593220339,0.06881944444444445,0.006944444444444444,0.02125,0.015277777777777777,0.011597222222222222,1,61.33983991215396,52.71554065768942,8.664608009480249,4.633764515264287,0.8449836302796558,45.98726867275108,-1.104822635688035,1.104822635688035,0.01931745940010403,2,-0.024861111111111,-358,0.34060065749340995,235.27272727272728,7.568966653272235,4.766281565656565,0.12369821710892587
RHF_MPM_P23,1380,0.069,69.0,0,255,4.803055555555556,29.349000865015686,69164,271.2313725490196,12,231,255,0.7986969911194421,110,110,239,0.01659722222222222,19,18,0.6988304093567251,62.7489539748954,54.45188284518829,0.07006944444444445,0.006944444444444444,0.020694444444444446,0.015416666666666667,0.011527777777777777,1,62.02415996761321,53.33411890578914,7.763304565555353,4.537801612098982,0.8113797806892109,-136.1997705341508,0.7867605004839646,0.7867605004839646,0.02366838239546585,3,-0.0033333333333329662,-48,0.9224602903788693,235.72727272727272,7.628784117238999,4.7822348484848485,0.1158468551282371
RHF_MPM_P23,1381,0.06905,69.05,0,11,0.01625,0.3173454895255677,234,21.272727272727273,0,0,7,0.04719649943643331,3,8,8,0.0005555555555555556,32,101,0.0024752475247524753,97.25,60.125,0.00375,0.0,0.0,0.0,0.0,0,86.01709401709402,64.84615384615384,25.365750277998732,24.637527137331066,0.2378941488501671,-169.6954408923301,1.159934647322982,1.159934647322982,0.0,-231,-4.7868055555555555,-68930,26.611798751135062,216.36363636363637,66.16683146998093,4.3750757575757575,1.3802558844342157
RHF_MPM_P23,1382,0.0691,69.1,0,255,3.428611111111111,22.595397472934096,49372,193.6156862745098,12,102,255,0.8247558372566266,104,104,144,0.01,14,14,0.7346938775510204,67.13888888888889,57.0625,0.07319444444444445,0.003263888888888889,0.01375,0.008819444444444444,0.00625,1,69.9843636069027,58.30517297253504,8.698477337016385,5.844441945038986,0.7406486536422211,-145.619966609057,-0.5210511142949674,0.5210511142949674,0.02710038078262983,136,3.412361111111111,49138,17.315682926033283,208.45454545454547,69.08014270181033,4.2626388888888895,1.4022256436025549
RHF_MPM_P23,1383,0.06915,69.15,0,255,5.406319444444445,26.4101800986362,77851,305.2980392156863,26,161,255,1.2782684284645898,108,108,184,0.012777777777777779,17,18,0.6013071895424836,68.65217391304348,59.26086956521739,0.12055555555555555,0.005069444444444444,0.01875,0.011597222222222222,0.008263888888888888,1,78.41039935260947,67.4485619966346,19.88936922170754,4.979376284851701,0.9681544542651901,-138.11308720446056,-0.986743069484697,0.986743069484697,0.023532131892975042,40,1.9777083333333336,28479,12.433810406868542,204.27272727272728,69.0416092052676,4.32278409090909,1.4354097699907575
RHF_MPM_P23,1384,0.0692,69.2,0,255,6.195069444444444,29.642908382213253,89209,349.8392156862745,26,208,255,1.2452281308999933,96,96,291,0.02020833333333333,34,36,0.23774509803921567,73.22680412371135,64.14776632302406,0.11409722222222222,0.006736111111111111,0.029305555555555557,0.014027777777777778,0.010416666666666666,1,77.44661413086124,68.2797587687341,18.374544328771194,4.7755838710665754,0.9656349538449422,47.90090266586995,0.9174290489331587,0.9174290489331587,0.027631741192032194,107,0.7887499999999994,11358,1.272701861242033,209.8181818181818,73.20931160573171,4.454760101010101,1.5315295303516177
RHF_MPM_P23,1385,0.06925,69.25,0,255,6.609305555555555,31.17925097215155,95174,373.2313725490196,36,243,255,1.193107825525521,109,109,251,0.017430555555555557,21,20,0.5976190476190476,70.22709163346613,60.71713147410359,0.1070138888888889,0.00798611111111111,0.027777777777777776,0.016180555555555556,0.0125,1,78.68131002164456,69.75693992056654,22.21788947163144,4.291430921167017,0.9811688362254788,48.2858027674873,1.0840280474408315,1.0840280474408315,0.009824111627125055,-40,0.41423611111111125,5965,1.9252371537154196,211.0909090909091,73.7901872577729,4.616369949494949,1.6518357405435682
RHF_MPM_P23,1386,0.0693,69.3,0,255,5.634305555555556,30.74875138957266,81134,318.17254901960786,19,243,255,0.9303295334218652,109,109,262,0.018194444444444444,22,20,0.5954545454545455,70.36641221374046,60.843511450381676,0.0811111111111111,0.007916666666666667,0.02409722222222222,0.016805555555555556,0.0125,1,73.88483249932212,64.19261961693002,16.20423476910928,4.204372214044709,0.9657534991610334,45.93817178679224,2.2292176019899816,2.2292176019899816,0.05357803140483644,11,-0.9749999999999996,-14040,7.346281852992445,212.54545454545453,74.61703880038958,4.68826388888889,1.6771712056365244
RHF_MPM_P23,1387,0.06935,69.35,0,255,5.881180555555556,32.29038782406478,84689,332.1137254901961,15,249,255,0.8526010423955763,109,109,291,0.02020833333333333,24,20,0.60625,71.18556701030928,61.402061855670105,0.073125,0.008680555555555556,0.02673611111111111,0.01888888888888889,0.01375,1,72.37779404645231,62.27201879819103,9.442189494494054,4.458495096685496,0.8814974986811259,-137.6530237414313,-0.82215995105229,0.82215995105229,0.010355536138105303,29,0.24687500000000018,3555,2.441284990198625,216.27272727272728,77.36817634366085,4.773705808080808,1.7114758465213424
RHF_MPM_P23,1388,0.0694,69.4,0,255,6.264722222222222,32.842988088624125,90212,353.7725490196078,19,250,255,0.9382039658341741,107,107,308,0.021388888888888888,25,23,0.5356521739130434,71.27922077922078,61.66233766233766,0.08125,0.008819444444444444,0.029375,0.01923611111111111,0.013958333333333333,1,72.99494524010109,62.923203121535934,10.519548427397845,4.5429984983905625,0.9019394546241314,-138.2377317186412,-0.7618830886497685,0.7618830886497685,0.008657384826852304,17,0.383541666666666,5523,0.8971714545126137,222.54545454545453,81.63595869508802,4.897859848484848,1.7647691884467411
RHF_MPM_P23,1389,0.06945,69.45,0,255,6.636597222222222,33.60303941409985,95567,374.7725490196078,24,252,255,1.0055814578353663,105,105,337,0.02340277777777778,26,24,0.5400641025641025,71.75964391691394,62.24925816023739,0.08756944444444445,0.009027777777777777,0.029722222222222223,0.020902777777777777,0.014652777777777778,1,73.50198290204777,63.51999121035504,11.29795612442429,4.508482782327637,0.9169278808735116,-138.12603683159406,-0.8080661878598445,0.8080661878598445,0.010871953707869872,29,0.3718750000000002,5355,0.7830984699185132,231.9090909090909,88.06656010237066,5.061982323232323,1.8335506017864762
RHF_MPM_P23,1390,0.0695,69.5,0,255,6.866875,34.208125049482646,98883,387.77647058823527,26,254,255,1.0456254155438636,108,108,333,0.023125,26,23,0.5568561872909699,71.72972972972973,61.951951951951955,0.0920138888888889,0.009652777777777777,0.029791666666666668,0.021041666666666667,0.015486111111111112,1,74.01427950203777,63.79987459927389,11.971581197362354,4.514928062411954,0.9261574202180597,-138.4991051471933,-0.8905324911742775,0.8905324911742775,0.014370518693809856,-4,0.23027777777777825,3316,0.5837658072840608,240.72727272727272,92.7656783211343,5.249299242424242,1.9018491375746083
RHF_MPM_P23,1391,0.06955,69.55,0,255,6.912152777777778,34.045441317924116,99535,390.3333333333333,28,254,255,1.0998931837828112,108,108,328,0.02277777777777778,25,23,0.5704347826086956,71.3689024390244,61.76829268292683,0.09826388888888889,0.009791666666666667,0.029375,0.020625,0.015486111111111112,1,74.30408399055608,64.09977394886221,12.761357472549859,4.564919684854783,0.9338310876951229,-138.66476875752093,-1.087796982465273,1.087796982465273,0.0181644647611393,-5,0.04527777777777775,652,0.4170446756030537,248.8181818181818,96.08407131429527,5.441035353535353,1.9528275517508533
RHF_MPM_P23,1392,0.0696,69.6,0,255,7.222777777777778,34.87053170189465,104008,407.87450980392157,28,255,255,1.1473582269926246,109,109,340,0.02361111111111111,26,23,0.568561872909699,71.67058823529412,62.1764705882353,0.10354166666666667,0.010416666666666666,0.03027777777777778,0.021875,0.016458333333333332,1,74.72212714406584,64.5864452734405,13.39911004746807,4.642780404506603,0.9380502815174881,-138.25201079971583,-1.1217044510365124,1.1217044510365124,0.020979155449580802,12,0.31062499999999993,4473,0.6415676553280841,279.0,61.68394516330073,6.096174242424241,0.9988139898255186
RHF_MPM_P23,1393,0.06965,69.65,0,255,7.198958333333334,34.4787847253518,103665,406.52941176470586,29,255,255,1.1839401241928607,110,110,331,0.02298611111111111,26,24,0.530448717948718,71.53474320241692,61.97583081570997,0.1075,0.010277777777777778,0.029722222222222223,0.02125,0.015833333333333335,1,75.30956446245116,65.07139343076255,14.5207000821994,4.427655387500595,0.9523778902477414,-138.84202773594723,-1.2416762311871659,1.2416762311871659,0.022071094390585057,-9,-0.023819444444444393,-343,0.7617462296078641,296.0,45.87928825634821,6.438933080808081,0.5863479502519532
RHF_MPM_P23,1394,0.0697,69.7,0,255,7.353472222222222,34.8459694249693,105890,415.2549019607843,28,255,255,1.2259157450879048,110,110,338,0.02347222222222222,26,23,0.5652173913043478,71.5414201183432,61.9585798816568,0.11277777777777778,0.010625,0.03027777777777778,0.021597222222222223,0.016458333333333332,1,75.65843800169988,65.26002455378223,15.096882242282431,4.514234053065629,0.9542475846477537,-138.96429557906887,-1.3442389330709272,1.3442389330709272,0.025866465199735574,7,0.1545138888888884,2225,0.39660363961969397,310.0,30.478009956509478,6.61594696969697,0.5399714588526855
RHF_MPM_P23,1395,0.06975,69.75,0,255,7.415416666666666,34.936367729118125,106782,418.7529411764706,30,255,255,1.2333613568572157,109,109,335,0.02326388888888889,25,23,0.5826086956521739,71.39701492537313,61.95223880597015,0.11361111111111111,0.010833333333333334,0.030208333333333334,0.021666666666666667,0.016527777777777777,1,75.85609934258584,65.5593264782454,15.69608460139354,4.432246318545949,0.9593028933421038,-138.72997442498564,-1.3899119067374335,1.3899119067374335,0.026343391208256073,-3,0.06194444444444436,892,0.35868042554367136,314.0,30.608970758734944,6.726887626262627,0.5668003274497989
RHF_MPM_P23,1396,0.0698,69.8,0,255,7.492013888888889,35.12701663012589,107885,423.078431372549,29,255,255,1.2362334594278301,110,110,341,0.023680555555555555,26,24,0.5464743589743589,71.74486803519062,62.18181818181818,0.11361111111111111,0.010902777777777779,0.031180555555555555,0.022083333333333333,0.01638888888888889,1,75.96775269963386,65.65635630532512,15.850097120292892,4.491688992787467,0.9590060542415642,-138.38517346418453,-1.3728374076923662,1.3728374076923662,0.027112202808546138,6,0.07659722222222243,1103,0.1479231539794064,322.1818181818182,23.98794463065366,6.807133838383839,0.6056287024406976
RHF_MPM_P23,1397,0.06985,69.85,0,255,7.436180555555556,35.08243204496549,107081,419.92549019607844,28,255,255,1.2180256350872485,111,111,334,0.023194444444444445,26,23,0.5585284280936454,71.52694610778443,61.88922155688623,0.11229166666666666,0.011041666666666667,0.03048611111111111,0.021805555555555557,0.016527777777777777,1,75.86935123878186,65.54763216630401,15.883301990266078,4.429751031682123,0.9603220128252891,-138.1907527294884,-1.4146011252056578,1.4146011252056578,0.02795080359727683,-7,-0.05583333333333318,-804,0.14664169224231238,328.72727272727275,14.697500771410759,6.970940656565656,0.5008775533810855
RHF_MPM_P23,1398,0.0699,69.9,0,255,7.228472222222222,34.778202311206776,104090,408.19607843137254,27,255,255,1.1858064204333438,111,111,331,0.02298611111111111,26,23,0.5535117056856187,71.4441087613293,61.83987915407855,0.10930555555555556,0.010763888888888889,0.030208333333333334,0.021527777777777778,0.01611111111111111,1,75.32451724469209,65.15222403689116,15.313565842770926,4.457210647295263,0.9567039234915118,-137.41672642362374,-1.4303964844062638,1.4303964844062638,0.02710154673839946,-3,-0.2077083333333336,-2991,0.6731951202449312,332.3636363636364,8.594636036217086,7.093421717171717,0.36598426140628976
RHF_MPM_P23,1399,0.06995,69.95,0,255,7.19375,34.678196637781085,103590,406.2352941176471,26,255,255,1.1657701865946568,110,110,328,0.02277777777777778,25,24,0.5466666666666666,71.39329268292683,61.88414634146341,0.10694444444444444,0.010625,0.03013888888888889,0.021597222222222223,0.01638888888888889,1,75.45678154261995,65.33899990346559,15.501239445875903,4.322866541246456,0.9603281894794921,-137.54933998936565,-1.4096292062003328,1.4096292062003328,0.02620909354184767,-3,-0.03472222222222232,-500,0.22886473918229866,334.1818181818182,4.281422487024225,7.177878787878788,0.2555296144120525
RHF_MPM_P23,1400,0.07,70.0,0,255,6.9934722222222225,34.11412564465383,100706,394.92549019607844,26,255,255,1.1576127173453619,109,109,319,0.022152777777777778,25,23,0.5547826086956522,71.12539184952978,61.61442006269593,0.10652777777777778,0.010555555555555556,0.029097222222222222,0.020694444444444446,0.015694444444444445,1,75.27337993764026,65.21331400313785,15.501618793552163,4.279569515426897,0.9611368348532343,-137.1636832211464,-1.4624618654729589,1.4624618654729589,0.026641908128612,-9,-0.2002777777777771,-2884,0.22233554428008473,332.54545454545456,5.990350367103844,7.210321969696969,0.2017404069778687
RHF_MPM_P23,1401,0.07005,70.05,0,255,6.921666666666667,33.97851204151759,99672,390.8705882352941,25,255,255,1.159490175831452,109,109,319,0.022152777777777778,25,23,0.5547826086956522,71.13793103448276,61.62068965517241,0.10680555555555556,0.010416666666666666,0.02875,0.020555555555555556,0.015486111111111112,1,75.25214704229874,65.04745565454691,15.554445046534813,4.436782355024487,0.958455503531831,-137.72921371726653,-1.4611783146147626,1.4611783146147626,0.028423228188458143,0,-0.07180555555555568,-1034,0.16721192434123505,331.27272727272725,7.136218875196497,7.21530303030303,0.1937158772872055
RHF_MPM_P23,1402,0.0701,70.1,0,255,6.799166666666666,33.55373508559732,97908,383.9529411764706,25,254,255,1.1351145292215816,108,108,315,0.021875,25,23,0.5478260869565217,71.13650793650794,61.523809523809526,0.10375,0.009930555555555555,0.028402777777777777,0.020277777777777777,0.01513888888888889,1,75.28308207705193,65.07605098664052,15.58626056307217,4.239677032268191,0.962293367490055,-137.73439078936988,-1.5047667759766639,1.5047667759766639,0.02821015647342403,-4,-0.1225000000000005,-1764,0.042126825096664045,330.09090909090907,8.522212105642156,7.205031565656565,0.21168010103868373
RHF_MPM_P23,1403,0.07015,70.15,0,255,6.693125,33.464270871432376,96381,377.9647058823529,24,254,255,1.129629088261987,111,111,305,0.021180555555555557,23,22,0.6027667984189723,70.73770491803279,61.088524590163935,0.10326388888888889,0.009930555555555555,0.027569444444444445,0.01986111111111111,0.015208333333333334,1,74.72348284412902,64.67357674230398,15.087639787159429,4.325549937437401,0.9580219272698125,-136.96127573901228,-1.4958363369371506,1.4958363369371506,0.027515796681918635,-10,-0.10604166666666615,-1527,0.6893016892784888,326.90909090909093,10.526628964458276,7.156881313131311,0.2574567229034757
RHF_MPM_P23,1404,0.0702,70.2,0,255,6.591666666666667,33.50798930437668,94920,372.2352941176471,23,255,255,1.0906043892205806,112,112,302,0.020972222222222222,22,22,0.6239669421487604,70.50993377483444,60.98675496688742,0.09930555555555555,0.010138888888888888,0.02736111111111111,0.019791666666666666,0.01513888888888889,1,74.15571007163928,64.18269068689423,14.298037249879819,4.382153956601796,0.9518750374512638,-136.94225367324717,-1.5700027176894036,1.5700027176894036,0.027623261694058154,-3,-0.10145833333333343,-1461,0.7505564872655712,324.27272727272725,12.59935719205121,7.101672979797979,0.3035087487184981
RHF_MPM_P23,1405,0.07025,70.25,0,255,6.551180555555556,33.39455864684245,94337,369.9490196078431,22,254,255,1.0924401796078413,110,110,303,0.021041666666666667,22,22,0.6260330578512396,70.54455445544555,61.023102310231025,0.10020833333333333,0.01,0.02715277777777778,0.02,0.01513888888888889,1,74.14986696630166,64.0824172912007,14.234285787807886,4.373666206483104,0.9516247079164848,-137.74179589551224,-1.6087444319061084,1.6087444319061084,0.027168555285836945,1,-0.040486111111111,-583,0.10044349537873835,321.09090909090907,13.138801283737939,7.028737373737374,0.32951984182947225
RHF_MPM_P23,1406,0.0703,70.3,0,255,6.609166666666667,33.54442782630886,95172,373.22352941176473,22,254,255,1.1024605746052285,112,112,301,0.020902777777777777,22,22,0.621900826446281,70.48837209302326,61.02325581395349,0.10090277777777777,0.01,0.0275,0.019930555555555556,0.015277777777777777,1,74.14450678771067,64.10482074559745,14.15391095996011,4.406623096123366,0.9502998726075275,-137.56731066638443,-1.563288391532792,1.563288391532792,0.02646786870087841,-2,0.05798611111111107,835,0.02303576096929852,318.0,13.497474511249065,6.95544191919192,0.3249952209686065
RHF_MPM_P23,1407,0.07035,70.35,0,255,6.564861111111111,33.53206324189563,94534,370.721568627451,22,254,255,1.0868135294897885,111,111,309,0.021458333333333333,23,22,0.6106719367588933,70.54692556634305,61.0873786407767,0.09909722222222223,0.00986111111111111,0.028055555555555556,0.01986111111111111,0.01513888888888889,1,73.76858061649777,63.70923688831532,13.42346322983639,4.425208917612543,0.9440989404973119,-138.3537685373616,-1.4729876799664026,1.4729876799664026,0.025493473247720395,8,-0.04430555555555582,-638,0.5457170277213265,315.09090909090907,11.532204279199622,6.871155303030304,0.2936197523776762
RHF_MPM_P23,1408,0.0704,70.4,0,255,6.631180555555556,33.91254295153376,95489,374.46666666666664,22,255,255,1.0868876537399321,112,112,310,0.021527777777777778,22,21,0.670995670995671,70.2483870967742,60.81935483870968,0.099375,0.010486111111111111,0.02763888888888889,0.02,0.015416666666666667,1,73.38286085308255,63.326435505660335,12.800449892626169,4.419557884839395,0.9385049336593583,-138.74442814820574,-1.5527835886796886,1.5527835886796886,0.02799275309197918,1,0.06631944444444482,955,0.5434304320257218,312.90909090909093,9.903668241015506,6.797973484848485,0.23889159364326099
RHF_MPM_P23,1409,0.07045,70.45,0,12,0.022430555555555554,0.36966153161405224,323,26.916666666666668,0,0,7,0.06486816598031951,3,8,10,0.0006944444444444445,93,107,0.0010049241282283187,89.2,60.5,0.005347222222222222,0.0,0.0,0.0,0.0,0,84.84210526315789,60.44272445820433,32.4711326526663,26.84583256682855,0.5625548476702723,114.8452903118856,-0.30664428438062363,0.30664428438062363,0.0,-300,-6.608750000000001,-95166,11.816516908762193,283.72727272727275,86.93685368660186,6.1428787878787885,1.9453855488514962
RHF_MPM_P23,1410,0.0705,70.5,0,255,3.098402777777778,22.195791585693623,44617,174.9686274509804,4,98,255,0.6764216653112838,106,106,136,0.009444444444444445,12,15,0.7555555555555555,64.01470588235294,54.77205882352941,0.057777777777777775,0.0030555555555555557,0.014305555555555556,0.008611111111111111,0.006111111111111111,1,63.73922495909631,52.927000918932244,7.326456980043513,6.066095426880291,0.5607706133642401,67.83728216549487,-0.8127205637786885,0.8127205637786885,0.018311405966335702,126,3.075972222222222,44294,22.40128695959941,266.27272727272725,95.17934354688799,5.770574494949496,2.094789266689843
RHF_MPM_P23,1411,0.07055,70.55,0,255,5.3748611111111115,27.78178922389107,77398,303.52156862745096,22,182,255,1.1359919907813458,103,103,229,0.015902777777777776,22,24,0.4337121212121212,60.76855895196506,51.34061135371179,0.10326388888888889,0.005555555555555556,0.021875,0.013541666666666667,0.009375,1,57.707498901780404,45.60444714333704,15.78943582916546,5.880510911307138,0.9280589818717607,53.42499323797359,-1.2600965423585058,1.2600965423585058,0.021421742163880205,93,2.2764583333333337,32781,9.486912723694008,258.09090909090907,94.15794713280692,5.623428030303031,2.0602846254907954
RHF_MPM_P23,1412,0.0706,70.6,0,255,6.702083333333333,31.332167462241493,96510,378.47058823529414,26,212,255,1.2932222858614562,91,91,374,0.025972222222222223,36,39,0.26638176638176636,55.67112299465241,45.76737967914438,0.11902777777777777,0.006805555555555555,0.03194444444444444,0.019166666666666665,0.010902777777777779,1,55.75463682519946,44.07877940109833,15.599838659946148,6.199899433552037,0.91763095217627,51.597696069461115,-0.7539109673269528,0.7539109673269528,0.022847373329188684,145,1.3272222222222219,19112,2.4781711704109126,263.09090909090907,98.61445085460534,5.603465909090908,2.0486401359984923
RHF_MPM_P23,1413,0.07065,70.65,0,255,7.37,31.988546821913904,106128,416.18823529411765,41,236,255,1.426112263345116,103,103,294,0.020416666666666666,46,49,0.13043478260869565,58.24149659863946,49.01360544217687,0.1317361111111111,0.0075,0.034861111111111114,0.01659722222222222,0.012430555555555556,1,52.02456467661692,41.03152796622946,21.5685206218096,5.030847718932225,0.9724169104077411,49.155153489253216,-0.7734781522114852,0.7734781522114852,0.012060907583295644,-80,0.6679166666666667,9618,4.816552661493651,261.1818181818182,97.79088838557337,5.655359848484848,2.0851751632838877
RHF_MPM_P23,1414,0.0707,70.7,0,255,6.97125,33.75526100713372,100386,393.67058823529413,27,252,255,1.1977035015249644,108,108,324,0.0225,23,22,0.6403162055335968,59.69444444444444,50.641975308641975,0.10916666666666666,0.009097222222222222,0.028541666666666667,0.020763888888888887,0.014930555555555556,1,54.948150140457834,45.52755364293826,19.129042253471273,5.284489629621812,0.9610844337104953,45.320603165137705,-1.5783589718918054,1.5783589718918054,0.0265076803538342,30,-0.3987499999999997,-5742,5.362984136654395,262.90909090909093,98.7130409966683,5.680643939393939,2.0992441999380085
RHF_MPM_P23,1415,0.07075,70.75,0,255,7.50375,36.52293970679782,108054,423.74117647058824,26,255,255,1.0651265949558748,109,109,381,0.026458333333333334,26,25,0.5861538461538461,58.27821522309711,49.61154855643045,0.094375,0.011180555555555555,0.033819444444444444,0.024375,0.017986111111111112,1,56.09410109759935,47.663695929812874,15.607481519314318,4.951551796833652,0.948340263257965,-141.42829384752224,2.3654840328754747,2.3654840328754747,0.04541247894571233,57,0.5324999999999998,7668,2.4241096233354362,270.09090909090907,104.02661769990719,5.763560606060605,2.1509662672135383
RHF_MPM_P23,1416,0.0708,70.8,0,255,7.9823611111111115,38.21605930586772,114946,450.7686274509804,27,255,255,1.0206690260405786,108,108,429,0.029791666666666668,29,28,0.5283251231527094,56.794871794871796,48.36829836829837,0.08930555555555555,0.011944444444444445,0.03756944444444445,0.027430555555555555,0.019791666666666666,1,56.74036504097576,48.00424547178675,10.803933084139175,4.773857810779119,0.897082564744239,-135.969780377045,0.4407308050684409,0.4407308050684409,0.00671619717084544,48,0.4786111111111113,6892,0.7305005647137087,281.54545454545456,113.52321639716267,5.89366792929293,2.236265924478499
RHF_MPM_P23,1417,0.07085,70.85,0,255,8.147361111111111,37.684038490124095,117322,460.0862745098039,33,255,255,1.1240060931623594,103,103,451,0.03131944444444444,32,32,0.4404296875,55.966740576496676,47.8470066518847,0.09909722222222223,0.011180555555555555,0.03930555555555556,0.02722222222222222,0.017916666666666668,1,55.880508344556006,47.39985680435042,12.380808080785195,4.611336105411983,0.9280488845047034,-136.7471506219877,0.7046314521970549,0.7046314521970549,0.00919691106527335,22,0.16500000000000004,2376,1.051018172870174,295.1818181818182,123.60260234228535,6.0335037878787885,2.3230434173651657
RHF_MPM_P23,1418,0.0709,70.9,0,255,8.351111111111111,37.902769231707836,120256,471.59215686274507,38,255,255,1.1814161705628727,105,105,433,0.030069444444444444,33,31,0.4232649071358749,56.351039260969976,48.51501154734411,0.10520833333333333,0.011597222222222222,0.04006944444444444,0.02666666666666667,0.01888888888888889,1,55.303377794039385,47.065152674294836,13.184214836693076,4.6529682668541446,0.9356536390992417,-137.78045186983655,0.7370708017387538,0.7370708017387538,0.00856506120276743,-18,0.20374999999999943,2934,0.6671630438025503,306.45454545454544,129.84561716715993,6.195890151515152,2.4151178846873163
RHF_MPM_P23,1419,0.07095,70.95,0,255,8.182777777777778,36.86804259119506,117832,462.0862745098039,38,255,255,1.2603135705625041,107,107,393,0.027291666666666665,33,28,0.4253246753246753,57.46055979643766,49.353689567430024,0.11388888888888889,0.01125,0.03833333333333333,0.024166666666666666,0.017847222222222223,1,54.825913164505394,46.59523728698486,14.451553299570744,4.634402920776079,0.947185747380706,-138.1479850228255,0.8961343229470717,0.8961343229470717,0.011448502953357323,-40,-0.168333333333333,-2424,0.6699201024649987,314.0,132.22226466343432,6.336944444444444,2.480837901354302
RHF_MPM_P23,1420,0.071,71.0,0,255,7.5633333333333335,34.784118183127454,108912,427.1058823529412,36,253,255,1.2503422211204096,107,107,348,0.024166666666666666,29,26,0.46153846153846156,58.6580459770115,50.20977011494253,0.11284722222222222,0.009652777777777777,0.03298611111111111,0.021736111111111112,0.015833333333333335,1,54.681926693110036,46.52902343176142,15.387622543270219,4.469836929014341,0.9568802677625321,-138.4659860965115,0.9676781775575838,0.9676781775575838,0.01318495666225944,-45,-0.6194444444444445,-8920,0.15848147705153667,344.72727272727275,90.78655377922128,7.022481060606061,1.4820594608821784
RHF_MPM_P23,1421,0.07105,71.05,0,255,7.085625,33.50315845846043,102033,400.1294117647059,31,253,255,1.2279988124878567,108,108,316,0.021944444444444444,25,23,0.5495652173913044,60.072784810126585,51.31962025316456,0.11138888888888888,0.009097222222222222,0.03048611111111111,0.01965277777777778,0.014652777777777778,1,55.13101643585899,47.04430919408426,15.914918760049995,4.504853562139728,0.9591026361731403,-139.02103499885496,1.1924780003095234,1.1924780003095234,0.020052336008938285,-32,-0.4777083333333332,-6879,0.6835210412964263,361.09090909090907,63.94380280649073,7.384955808080809,0.8158560546325239
RHF_MPM_P23,1422,0.0711,71.1,0,255,6.661597222222222,32.73771394150098,95927,376.1843137254902,26,249,255,1.1697335407868499,109,109,300,0.020833333333333332,24,22,0.5681818181818182,60.45333333333333,51.79,0.10618055555555556,0.008819444444444444,0.0275,0.019305555555555555,0.014027777777777778,1,55.74013572820999,47.61553055969644,15.748658833615146,4.476255841402545,0.9587558512082446,-138.7925900827323,1.3717033914423733,1.3717033914423733,0.02554025456857819,-16,-0.4240277777777779,-6106,0.8350569805983453,367.54545454545456,52.91736892443064,7.501931818181817,0.5763586176319704
RHF_MPM_P23,1423,0.07115,71.15,0,255,6.215277777777778,31.454103069756098,89500,350.98039215686276,23,239,255,1.1491301820064275,107,107,284,0.01972222222222222,23,22,0.5612648221343873,60.721830985915496,52.08450704225352,0.10520833333333333,0.0077777777777777776,0.026041666666666668,0.017777777777777778,0.012847222222222222,1,56.10331843575419,48.03120670391061,15.89791608716392,4.401793806201802,0.9609048881351862,-138.5056466766162,1.5252173467654042,1.5252173467654042,0.03164245810055866,-16,-0.4463194444444447,-6427,0.5519858113465392,359.3636363636364,58.00042747063904,7.457676767676768,0.6500530911067166
RHF_MPM_P23,1424,0.0712,71.2,0,255,5.640555555555555,29.993024091208312,81224,318.5254901960784,19,230,255,1.0710165301630612,106,106,262,0.018194444444444444,22,20,0.5954545454545455,61.32824427480916,52.55343511450382,0.09756944444444444,0.006736111111111111,0.023680555555555555,0.016319444444444445,0.011875,1,57.025977543583174,48.573180340785974,15.827962672611886,4.242330386059094,0.9634112420374173,-137.90149799935764,1.7536265679784884,1.7536265679784884,0.03539594208608293,-22,-0.5747222222222224,-8276,1.0700632001558057,356.45454545454544,61.878713679354796,7.300454545454545,0.8350609351209896
RHF_MPM_P23,1425,0.07125,71.25,0,255,5.4532638888888885,29.85865143866879,78527,307.9490196078431,18,233,255,1.0401126554366735,109,109,250,0.017361111111111112,21,20,0.5952380952380952,61.604,52.86,0.09576388888888888,0.007083333333333333,0.0225,0.015833333333333335,0.011875,1,57.462923580424565,49.01245431507634,15.821065485704505,4.2891579539714035,0.96254999370757,-137.80366783514896,1.9229178165035283,1.9229178165035283,0.036420594190533194,-12,-0.18729166666666686,-2697,0.6195832983548307,349.72727272727275,68.68914286193589,7.162455808080807,0.9892537105077969
RHF_MPM_P23,1426,0.0713,71.3,0,255,5.185208333333334,29.189818251231546,74667,292.81176470588235,16,224,255,0.9942077950146018,108,108,240,0.016666666666666666,20,19,0.631578947368421,61.895833333333336,53.22083333333333,0.09104166666666667,0.006666666666666667,0.021875,0.01513888888888889,0.011319444444444444,1,57.8508578086705,49.49779688483534,15.452472095819743,4.263753708901048,0.9611786049624162,-138.1133465416734,2.041401736666189,2.041401736666189,0.03696412069588975,-10,-0.2680555555555548,-3860,0.6213295224476582,336.90909090909093,74.56230408244265,6.951679292929293,1.1309362034700514
RHF_MPM_P23,1427,0.07135,71.35,0,255,4.885694444444445,28.532559195416898,70354,275.89803921568625,14,216,255,0.9282809988527121,108,108,228,0.015833333333333335,19,18,0.6666666666666666,62.24122807017544,53.521929824561404,0.08340277777777778,0.00625,0.020833333333333332,0.014513888888888889,0.010694444444444444,1,58.80303891747449,50.36351877647326,14.071094064011362,4.165161084548637,0.955185357579446,-138.0108150801173,2.224944872627492,2.224944872627492,0.0353213747619183,-12,-0.29951388888888886,-4313,1.2869045254502547,318.6363636363636,74.38386033062515,6.6701641414141415,1.221154947263658
RHF_MPM_P23,1428,0.0714,71.4,0,255,4.7004166666666665,28.461501284752085,67686,265.43529411764706,13,213,255,0.8596495435923183,108,108,227,0.01576388888888889,19,18,0.6637426900584795,62.20704845814978,53.563876651982376,0.07631944444444444,0.006388888888888889,0.020069444444444445,0.014444444444444444,0.010763888888888889,1,59.70490204769081,51.32148450196495,12.197239564341276,4.323406984281835,0.9350720034390559,-138.26568865864851,2.3461620893418833,2.3461620893418833,0.029164081198475314,-1,-0.18527777777777832,-2668,1.3156957995146135,298.27272727272725,65.48988944741555,6.356805555555556,1.2439335720293803
RHF_MPM_P23,1429,0.07145,71.45,0,255,4.89125,29.026146854435876,70434,276.21176470588233,13,222,255,0.9052903498453014,108,108,237,0.016458333333333332,20,19,0.6236842105263158,61.92827004219409,53.17299578059072,0.08145833333333333,0.006597222222222222,0.02125,0.015208333333333334,0.011319444444444444,1,59.648365846040264,51.103245591617686,11.869067240434546,4.303366455340811,0.9319565825265076,-137.87667505086839,2.105028265505158,2.105028265505158,0.02941761081295965,10,0.19083333333333385,2748,0.22544303956129053,280.45454545454544,51.60049970928512,6.042272727272729,1.1323120588422755
RHF_MPM_P23,1430,0.0715,71.5,0,255,5.185,29.85787533372803,74664,292.8,14,233,255,0.9679680623107207,110,110,245,0.017013888888888887,20,19,0.6447368421052632,61.83265306122449,53.220408163265304,0.08840277777777777,0.007222222222222222,0.022291666666666668,0.01576388888888889,0.011875,1,60.040447873138326,51.73057966355941,10.18368723880049,4.764889746738207,0.8837844052095044,-137.86122757945668,1.6582039135988202,1.6582039135988202,0.025996464159434265,8,0.2937499999999993,4230,0.7397812878089789,267.0,38.004784387806176,5.769747474747475,0.9263624411634058
RHF_MPM_P23,1431,0.07155,71.55,0,255,5.062986111111111,29.88323093447461,72907,285.90980392156865,13,233,255,0.8471073701946548,107,107,253,0.017569444444444443,21,20,0.6023809523809524,61.70355731225296,53.30039525691699,0.0745138888888889,0.007222222222222222,0.022222222222222223,0.01576388888888889,0.011875,1,60.55072901093173,51.99916331765125,9.286479088632637,4.78092578381699,0.8572943755618463,-136.27609537464969,1.2775708825605263,1.2775708825605263,0.016747363078991044,8,-0.12201388888888864,-1757,0.5766489563270353,258.3636363636364,28.127219838934817,5.542443181818182,0.7479573901308871
RHF_MPM_P23,1432,0.0716,71.6,0,255,4.956041666666667,29.947664041688114,71367,279.8705882352941,11,235,255,0.7585272163772826,111,111,244,0.016944444444444446,19,19,0.6759002770083102,62.25819672131148,53.66393442622951,0.065,0.007361111111111111,0.021527777777777778,0.015902777777777776,0.012152777777777778,1,60.97355920803733,52.50049742878361,8.497677513003815,3.9890598837292384,0.8829699956911543,-136.62010295813363,1.0172221931705974,1.0172221931705974,0.016884554485966905,-9,-0.10694444444444429,-1540,0.6558363108041746,251.8181818181818,21.565200004629435,5.348844696969697,0.5802832645495113
RHF_MPM_P23,1433,0.07165,71.65,0,12,0.020416666666666666,0.3597836444772516,294,24.5,0,0,7,0.05926189534638921,3,8,11,0.0007638888888888889,89,107,0.0011550981833455844,90.0909090909091,64.0909090909091,0.004791666666666666,0.0,0.0,0.0,0.0,0,86.28231292517007,65.01360544217687,32.84006441616102,23.96180232205937,0.683819190904995,114.29919085019105,-0.023368261438438724,0.023368261438438724,0.0,-233,-4.935625,-71073,28.23315226589704,225.54545454545453,69.5405227009451,4.74510101010101,1.5481152936296156
RHF_MPM_P23,1434,0.0717,71.7,0,255,3.3019444444444446,22.328452740274937,47548,186.46274509803922,11,99,255,0.7945638665085162,104,104,138,0.009583333333333333,14,13,0.7582417582417582,67.26086956521739,57.32608695652174,0.07076388888888889,0.0034027777777777776,0.013125,0.008611111111111111,0.006388888888888889,1,70.22143938756625,58.34104483889964,8.376200711909322,5.789815449334267,0.7226423333304659,-156.66277724341214,-0.5144710391222452,0.5144710391222452,0.022314292925044166,127,3.281527777777778,47254,17.391800475951595,212.27272727272728,71.03403909917978,4.480252525252525,1.5229445107678816
RHF_MPM_P23,1435,0.07175,71.75,0,255,5.253958333333333,26.326927325215006,75657,296.6941176470588,26,157,255,1.1683988049006628,108,108,181,0.012569444444444444,18,18,0.558641975308642,68.65745856353591,59.46408839779006,0.10659722222222222,0.005069444444444444,0.021597222222222223,0.011180555555555555,0.008333333333333333,1,78.34664340378286,66.28699261139089,18.69680938248205,4.622683026638226,0.9689531279249002,-143.05283814437524,-0.985686179244333,0.985686179244333,0.01752646813910147,43,1.9520138888888887,28109,11.364727287018425,204.9090909090909,69.68298937520163,4.445107323232324,1.500051221231837
RHF_MPM_P23,1436,0.0718,71.8,0,255,5.876736111111111,29.107301735939547,84625,331.8627450980392,28,208,255,1.1695537441886685,110,110,218,0.01513888888888889,20,19,0.5736842105263158,69.56880733944953,60.24770642201835,0.10590277777777778,0.006805555555555555,0.02423611111111111,0.014027777777777778,0.010625,1,77.39708124076809,67.06227474150664,18.426992485476347,4.64020836339834,0.9677751747987539,-136.70114746044715,-1.1058256681659535,1.1058256681659535,0.01880059084194978,37,0.6227777777777774,8968,1.225859161040175,202.0,68.39590631024637,4.4836047979797975,1.5305545353871515
RHF_MPM_P23,1437,0.07185,71.85,0,255,6.081736111111111,30.888336971659825,87577,343.4392156862745,26,243,255,1.102151839703262,109,109,248,0.017222222222222222,21,20,0.5904761904761905,70.31048387096774,60.86693548387097,0.09888888888888889,0.008055555555555555,0.02625,0.016180555555555556,0.012361111111111111,1,76.43075236648892,66.21505646459687,17.755577957964167,4.297569727226715,0.9702661364934855,-136.22103763510734,-1.391217236502081,1.391217236502081,0.03065873459926693,30,0.20500000000000007,2952,1.2851343517296592,202.72727272727272,68.8372136527262,4.565107323232323,1.5885177750766244
RHF_MPM_P23,1438,0.0719,71.9,0,255,5.964791666666667,31.18594674307889,85893,336.83529411764704,24,245,255,1.0139095671856504,109,109,263,0.01826388888888889,22,21,0.5692640692640693,70.41825095057034,61.00380228136882,0.089375,0.008194444444444445,0.024375,0.016944444444444446,0.012916666666666667,1,75.42314274737173,65.2455147683746,17.681518107923996,4.213838438333086,0.9711869760965735,-137.34761759117444,-1.8074031110727315,1.8074031110727315,0.03859453040410744,15,-0.11694444444444407,-1684,1.3983162179031736,205.9090909090909,70.71511931103244,4.663207070707071,1.6378410660224672
RHF_MPM_P23,1439,0.07195,71.95,0,255,5.985902777777778,32.37483176518268,86197,338.02745098039213,18,251,255,0.9168220409087313,109,109,293,0.02034722222222222,23,22,0.5790513833992095,71.13310580204778,61.696245733788395,0.07979166666666666,0.008819444444444444,0.026319444444444444,0.01875,0.014097222222222223,1,72.79179089759505,62.912595565970975,10.621855170434106,4.41912978938048,0.9093457467619752,-135.94350173587503,-0.9472214740057188,0.9472214740057188,0.01928141350627052,30,0.02111111111111086,304,3.516606967272108,211.9090909090909,74.92475564367537,4.780069444444445,1.6816028975130373
RHF_MPM_P23,1440,0.072,72.0,0,255,6.432916666666666,33.35182528477848,92634,363.2705882352941,21,252,255,0.954203092774176,107,107,317,0.02201388888888889,24,25,0.5283333333333333,71.57413249211356,62.11671924290221,0.08263888888888889,0.008958333333333334,0.029583333333333333,0.02,0.014652777777777778,1,73.23215018243842,63.45538355247533,10.727527126436296,4.390355639611986,0.9124174760216075,-135.90386072416754,-0.8711845972498724,0.8711845972498724,0.010881533778094437,24,0.4470138888888888,6437,0.6989528582395361,219.1818181818182,80.66971740241267,4.92022095959596,1.7479636791277708
RHF_MPM_P23,1441,0.07205,72.05,0,255,6.853402777777778,34.14625359031994,98689,387.0156862745098,25,253,255,1.0286808714430622,107,107,338,0.02347222222222222,26,26,0.5,71.89940828402366,62.337278106508876,0.08965277777777778,0.009236111111111112,0.03173611111111111,0.021041666666666667,0.015416666666666667,1,73.8852962336228,64.05275157312366,11.705658023365276,4.518402015562251,0.9224981363972813,-135.56119040108896,-0.773885850028316,0.773885850028316,0.008359594281024228,21,0.4204861111111118,6055,0.8851261583927148,227.63636363636363,87.5154767894568,5.07189393939394,1.8345963053626095
RHF_MPM_P23,1442,0.0721,72.1,0,255,7.000625,34.37185439584799,100809,395.32941176470587,28,254,255,1.084414003388891,109,109,331,0.02298611111111111,25,24,0.5516666666666666,71.50151057401813,61.957703927492446,0.09590277777777778,0.009652777777777777,0.030416666666666668,0.021111111111111112,0.015555555555555555,1,74.0418315824976,64.17325834002916,12.469559600029477,4.583087027425229,0.9300069189107372,-135.7001560587865,-0.9907876801327414,0.9907876801327414,0.012895673997361346,-7,0.14722222222222214,2120,0.19754795953735563,234.72727272727272,92.31181438136815,5.24804292929293,1.9164785571892147
RHF_MPM_P23,1443,0.07215,72.15,0,255,7.216319444444444,35.196201228228524,103915,407.5098039215686,29,255,255,1.1104859083450753,110,110,346,0.024027777777777776,25,24,0.5766666666666667,71.6820809248555,62.24277456647399,0.09965277777777778,0.010555555555555556,0.029722222222222223,0.022083333333333333,0.016944444444444446,1,74.29267189529904,64.450695279796,12.764247505507337,4.575590425102462,0.9335415287240089,-135.85230311666228,-1.1020125846817237,1.1020125846817237,0.019708415531925132,15,0.21569444444444397,3106,0.3740215476058959,244.0,97.74084472354804,5.453522727272727,1.9937674922206101
RHF_MPM_P23,1444,0.0722,72.2,0,255,7.318680555555556,35.315609327151,105389,413.2901960784314,29,255,255,1.138508672896947,110,110,344,0.02388888888888889,26,24,0.5512820512820513,71.6453488372093,62.13953488372093,0.10284722222222223,0.010763888888888889,0.030347222222222223,0.022222222222222223,0.016875,1,74.66384537285676,64.67470039567696,13.382420384209714,4.621425884147791,0.9384792689621838,-136.0881518275318,-1.1641413898012654,1.1641413898012654,0.02043856569471197,-2,0.10236111111111157,1474,0.4335297479794636,274.27272727272725,67.90111916213955,6.117001262626263,1.0805776134835172
RHF_MPM_P23,1445,0.07225,72.25,0,255,7.274583333333333,34.954707099867115,104754,410.8,29,255,255,1.1656020114492947,110,110,336,0.023333333333333334,25,23,0.5843478260869566,71.46428571428571,61.892857142857146,0.10604166666666667,0.010763888888888889,0.029583333333333333,0.021597222222222223,0.01638888888888889,1,74.98441109647365,64.94893751073944,14.294591744478828,4.473922065275157,0.9497596996860601,-136.44581872189647,-1.2325753763033507,1.2325753763033507,0.021965748324646314,-8,-0.044097222222222676,-635,0.4218629853824736,292.27272727272725,54.26549365529528,6.4781502525252534,0.662286988414452
RHF_MPM_P23,1446,0.0723,72.3,0,255,7.402986111111111,35.137336180492085,106603,418.0509803921569,30,255,255,1.2041095501750854,111,111,339,0.023541666666666666,25,23,0.5895652173913043,71.43362831858407,61.77581120943953,0.11083333333333334,0.011180555555555555,0.030208333333333334,0.021875,0.01659722222222222,1,75.3981689070664,65.20151402868588,15.046154663918442,4.600479260136983,0.9521093231356966,-136.8003411388023,-1.3296427840503042,1.3296427840503042,0.024370796319052934,3,0.12840277777777764,1849,0.48475810797186036,306.6363636363636,42.55963244730371,6.673516414141414,0.5847837834630089
RHF_MPM_P23,1447,0.07235,72.35,0,255,7.549305555555556,35.28218093010143,108710,426.3137254901961,29,255,255,1.2399383558089554,110,110,345,0.023958333333333335,26,24,0.5528846153846154,71.73623188405797,61.91014492753623,0.11451388888888889,0.011180555555555555,0.03131944444444444,0.02201388888888889,0.01673611111111111,1,75.87606475945175,65.54082421120413,15.69148803402213,4.6039694741372506,0.955988070434664,-136.85815677487193,-1.3408748074408747,1.3408748074408747,0.025121883911323705,6,0.1463194444444449,2107,0.5861022484922586,318.1818181818182,33.13009667636248,6.825568181818181,0.5752093244081081
RHF_MPM_P23,1448,0.0724,72.4,0,255,7.517152777777778,35.124654766259,108247,424.4980392156863,30,255,255,1.2295366856007965,109,109,346,0.024027777777777776,27,24,0.5339506172839507,71.71965317919076,61.945086705202314,0.11291666666666667,0.010902777777777779,0.03138888888888889,0.021805555555555557,0.016180555555555556,1,75.88822784927065,65.56153057359558,15.854555333421573,4.502540111337754,0.9588271496200735,-137.24223419388832,-1.407223870189048,1.407223870189048,0.026328674235775586,1,-0.03215277777777814,-463,0.02401445809150545,327.09090909090907,25.314223617471896,6.956060606060606,0.5540934889177317
RHF_MPM_P23,1449,0.07245,72.45,0,255,7.4695833333333335,35.20572739616461,107562,421.81176470588235,29,255,255,1.2366546759398664,112,112,334,0.023194444444444445,25,22,0.6072727272727273,71.35928143712574,61.550898203592816,0.11458333333333333,0.011041666666666667,0.030347222222222223,0.022222222222222223,0.01673611111111111,1,75.622533980402,65.25257061043862,15.839786870841689,4.58563305225672,0.9571777320433278,-137.16025253208278,-1.4210911314393295,1.4210911314393295,0.028318551161190756,-12,-0.04756944444444411,-685,0.4074917064043602,333.54545454545456,15.167930501636647,7.092859848484848,0.4721760708082786
RHF_MPM_P23,1450,0.0725,72.5,0,255,7.535972222222222,35.52594060681896,108518,425.5607843137255,27,255,255,1.2462402986803818,111,111,342,0.02375,26,23,0.5719063545150501,71.50292397660819,61.792397660818715,0.11645833333333333,0.01125,0.030625,0.022708333333333334,0.017361111111111112,1,75.58674137009528,65.14793859083285,15.598343940636521,4.580079742513129,0.95592037162699,-137.8767577532759,-1.487174437955266,1.487174437955266,0.02948819550673621,8,0.06638888888888861,956,0.11058467560811165,338.0,8.201995322647244,7.233775252525254,0.3309790734389559
RHF_MPM_P23,1451,0.07255,72.55,0,255,7.523611111111111,35.522447883367256,108340,424.8627450980392,27,255,255,1.2182784883412638,109,109,348,0.024166666666666666,26,24,0.5576923076923077,71.77298850574712,62.025862068965516,0.1129861111111111,0.011180555555555555,0.03159722222222222,0.022708333333333334,0.016875,1,75.52899206202696,65.22825364592948,15.489052439559202,4.498555022775043,0.95689487817859,-137.47814749051065,-1.4285078916989977,1.4285078916989977,0.02871515599040059,6,-0.012361111111110823,-178,0.0989216389752287,340.8181818181818,5.3226476975652535,7.332929292929293,0.22146253673856597
RHF_MPM_P23,1452,0.0726,72.6,0,255,7.354236111111111,35.065476494375275,105901,415.2980392156863,27,255,255,1.212646780015686,110,110,334,0.023194444444444445,25,23,0.5808695652173913,71.05389221556887,61.51796407185629,0.1125,0.010902777777777779,0.03076388888888889,0.021458333333333333,0.01659722222222222,1,74.96084078526171,64.82730096977366,15.24730951919132,4.570468437893319,0.9540159855389057,-137.35816945055677,-1.4615768521586354,1.4615768521586354,0.027431280157883306,-14,-0.1693750000000005,-2439,0.6953840103184,340.45454545454544,5.630495478982553,7.378459595959595,0.16158516338812043
RHF_MPM_P23,1453,0.07265,72.65,0,255,7.158472222222223,34.91882686872681,103082,404.24313725490197,26,255,255,1.162089063769964,112,112,326,0.02263888888888889,23,22,0.6442687747035574,70.70245398773007,61.17484662576687,0.106875,0.011041666666666667,0.029375,0.021319444444444443,0.01659722222222222,1,74.38305426747638,64.38920471081275,14.46144764517309,4.368062733735986,0.9532924680687824,-137.44405399676836,-1.5757902263947667,1.5757902263947667,0.02624124483420966,-8,-0.19576388888888818,-2819,0.7250969536896704,340.0,6.508735388970454,7.392809343434343,0.13162543627494236
RHF_MPM_P23,1454,0.0727,72.7,0,11,0.023333333333333334,0.37529247853433517,336,30.545454545454547,0,0,7,0.06718303930496083,3,8,12,0.0008333333333333334,93,107,0.0012059089538739825,90.66666666666667,62.5,0.005555555555555556,0.0,0.0,0.0,0.0,0,85.07440476190476,60.538690476190474,34.139496865484766,23.453403282080803,0.7266693531022914,118.54308328246245,0.028095210175548013,0.028095210175548013,0.0,-314,-7.135138888888889,-102746,11.363601333456867,309.6363636363636,94.32658232031629,6.738901515151514,2.1269922396414374
RHF_MPM_P23,1455,0.07275,72.75,0,255,3.1977083333333334,22.343757089159713,46047,180.57647058823528,7,100,255,0.7276345337394238,107,107,139,0.009652777777777777,13,14,0.7637362637362637,64.48920863309353,54.69064748201439,0.06326388888888888,0.0035416666666666665,0.013125,0.008541666666666666,0.006388888888888889,1,64.51962125654222,52.060829152822116,7.851937497967099,5.6999647359030385,0.687767549726546,88.46509306604315,-1.574215936455548,1.574215936455548,0.018915455947184398,127,3.174375,45711,22.234506011391144,291.0,105.30820567181924,6.3642676767676765,2.343755836574034
RHF_MPM_P23,1456,0.0728,72.8,0,255,6.260277777777778,28.820501093079084,90148,353.52156862745096,31,183,255,1.3393735660903405,97,97,274,0.01902777777777778,25,31,0.3535483870967742,59.872262773722625,49.37591240875913,0.12368055555555556,0.005625,0.024791666666666667,0.014027777777777778,0.009652777777777777,1,57.615975950658914,42.9707037316413,16.422070564828626,6.386869716486267,0.9212715814545525,60.519864137337265,-0.9024857930414344,0.9024857930414344,0.01357767227226339,135,3.0625694444444442,44101,11.414495112892306,285.3636363636364,104.40417331198346,6.27205808080808,2.326013293076792
RHF_MPM_P23,1457,0.07285,72.85,0,255,6.981597222222222,31.27085540001874,100535,394.2549019607843,36,223,255,1.3147773275919403,94,94,328,0.02277777777777778,32,36,0.2847222222222222,57.7469512195122,47.83841463414634,0.11916666666666667,0.007083333333333333,0.034791666666666665,0.01638888888888889,0.01138888888888889,1,54.18954592927836,41.837877356144624,19.240689335097922,4.662657673362493,0.9701930858290023,52.93076963063997,-0.8397324429894691,0.8397324429894691,0.01010593325707465,54,0.7213194444444442,10387,3.6088389114005746,284.3636363636364,103.93728242399813,6.233750000000001,2.3104903300762767
RHF_MPM_P23,1458,0.0729,72.9,0,255,6.606527777777778,31.62687696053795,95134,373.07450980392156,30,242,255,1.2335207672840778,110,110,265,0.01840277777777778,20,20,0.6625,61.08679245283019,51.82641509433962,0.11222222222222222,0.007847222222222222,0.02826388888888889,0.017152777777777777,0.012986111111111111,1,54.638163012172306,43.88992368658944,20.107558206170804,4.575839014319827,0.9737621657198364,48.795262564116925,-1.201413355308863,1.201413355308863,0.011121155422877204,-63,-0.3750694444444438,-5401,2.1005121826250646,277.09090909090907,102.22475642644635,6.14804292929293,2.2773488443867556
RHF_MPM_P23,1459,0.07295,72.95,0,255,6.478611111111111,33.59669235147824,93292,365.8509803921569,22,254,255,1.013888654394558,110,110,311,0.021597222222222223,22,21,0.6731601731601732,60.20257234726688,51.266881028938904,0.09020833333333333,0.009930555555555555,0.02736111111111111,0.02013888888888889,0.015277777777777777,1,57.10421043605025,47.5523088796467,16.658070617368118,4.675121191554812,0.9598095867819219,46.2477863730937,-2.058153619707651,2.058153619707651,0.05138704283325473,46,-0.12791666666666668,-1842,4.415252563460003,273.90909090909093,100.56156372677164,6.05363005050505,2.2398509931455832
RHF_MPM_P23,1460,0.073,73.0,0,255,7.1102083333333335,36.20906702303746,102387,401.5176470588235,20,255,255,0.9885120499965026,111,111,361,0.025069444444444443,24,24,0.6267361111111112,59.02770083102493,50.18559556786703,0.08833333333333333,0.01173611111111111,0.03201388888888889,0.02347222222222222,0.018055555555555554,1,58.33422211804233,49.204020041606846,10.48059859976289,4.912134217097548,0.883363601651549,-136.09163310252382,1.5446262537077395,1.5446262537077395,0.013673610907634758,50,0.6315972222222221,9095,2.059387894589239,276.3636363636364,102.31259828874957,6.020959595959596,2.2215054316312313
RHF_MPM_P23,1461,0.07305,73.05,0,255,7.772708333333333,37.39480530098083,111927,438.9294117647059,27,255,255,1.0480499699879142,107,107,412,0.02861111111111111,28,28,0.5255102040816326,57.42718446601942,48.85436893203884,0.0920138888888889,0.011180555555555555,0.036319444444444446,0.025763888888888888,0.01861111111111111,1,57.16525949949521,48.24657142601875,11.058556664489831,4.795075062084054,0.9011017604989591,-136.63342250937612,0.7035480586971158,0.7035480586971158,0.008443003028759817,51,0.6624999999999996,9540,1.5110200048484157,282.72727272727275,108.2044285004428,6.042481060606061,2.237169796533663
RHF_MPM_P23,1462,0.0731,73.1,0,255,7.988541666666666,37.401378752600635,115035,451.11764705882354,32,255,255,1.1216631974403102,106,106,418,0.029027777777777777,30,29,0.4804597701149425,57.38755980861244,48.95693779904306,0.09958333333333333,0.011458333333333333,0.038125,0.025416666666666667,0.01840277777777778,1,56.51778154474725,47.79599252401443,12.08997294450708,4.709616697959474,0.9210064476170569,-137.14573482760153,0.7762338456730109,0.7762338456730109,0.009258051897248664,6,0.21583333333333332,3108,0.7888276420207467,289.09090909090907,113.77126538123008,6.084747474747474,2.2689198549949023
RHF_MPM_P23,1463,0.07315,73.15,0,255,8.106319444444445,37.404103519060875,116731,457.7686274509804,35,255,255,1.149112040852115,106,106,415,0.028819444444444446,31,29,0.46162402669632924,57.371084337349394,49.202409638554215,0.10180555555555555,0.011527777777777777,0.03784722222222222,0.025208333333333333,0.01826388888888889,1,56.076277938165525,47.569069056206146,12.842803594496127,4.660346999631597,0.9318373821463594,-137.92006789004705,0.805189253357702,0.805189253357702,0.008541004531786758,-3,0.11777777777777843,1696,0.4964067836631656,296.45454545454544,118.94335063868441,6.153118686868688,2.316967088360104
RHF_MPM_P23,1464,0.0732,73.2,0,255,7.988819444444444,36.68777157757761,115039,451.1333333333333,35,255,255,1.220840346988609,109,109,378,0.02625,30,27,0.4666666666666667,58.37301587301587,49.91534391534392,0.11041666666666666,0.011180555555555555,0.035555555555555556,0.02388888888888889,0.017638888888888888,1,55.78894114169977,47.185284990307636,13.895428725184615,4.716632227997279,0.9406285423106034,-137.57927774861557,0.9337173019891226,0.9337173019891226,0.012395796208242422,-37,-0.1175000000000006,-1692,0.47942949830062903,301.1818181818182,121.03854996864592,6.228604797979798,2.361588125732762
RHF_MPM_P23,1465,0.07325,73.25,0,255,7.676597222222222,35.75943631607363,110543,433.5019607843137,34,255,255,1.1948926954207502,109,109,359,0.024930555555555556,29,25,0.49517241379310345,58.99442896935933,50.309192200557106,0.10722222222222222,0.010555555555555556,0.03340277777777778,0.022430555555555554,0.016944444444444446,1,55.79804239074387,47.14033453045421,14.468335726584522,4.572790078140495,0.948740863947166,-137.62622398154167,1.0423229643200018,1.0423229643200018,0.015405769700478546,-19,-0.3122222222222222,-4496,0.045862583607959584,332.72727272727275,79.72919039883003,6.924356060606061,1.3353448083283113
RHF_MPM_P23,1466,0.0733,73.3,0,255,7.056875,33.92526960854037,101619,398.50588235294117,29,252,255,1.135877133229551,107,107,332,0.023055555555555555,27,25,0.4918518518518519,59.5933734939759,50.734939759036145,0.10090277777777777,0.008888888888888889,0.03048611111111111,0.020555555555555556,0.014861111111111111,1,55.966945157893704,47.32564776272154,15.13079562532069,4.338167217897102,0.9580170870408902,-137.9143310013507,1.2289952595294575,1.2289952595294575,0.020212755488638937,-27,-0.6197222222222223,-8924,0.2507371907081874,350.27272727272725,51.35277439454005,7.275189393939394,0.6317606716714714
RHF_MPM_P23,1467,0.07335,73.35,0,255,6.554027777777778,32.46161832584078,94378,370.10980392156864,25,249,255,1.115600136564273,109,109,293,0.02034722222222222,23,22,0.5790513833992095,60.75767918088737,51.815699658703075,0.09993055555555555,0.008402777777777778,0.02826388888888889,0.018541666666666668,0.013888888888888888,1,56.32471550573227,47.62071669244951,15.603185927840993,4.309771949224028,0.9610970141984705,-137.57147592694506,1.4061005061712835,1.4061005061712835,0.025885269872215982,-39,-0.502847222222222,-7241,0.46375132892892296,352.0,49.02503998422179,7.30189393939394,0.5933357961372796
RHF_MPM_P23,1468,0.0734,73.4,0,255,6.262152777777778,31.772021423975335,90175,353.62745098039215,23,244,255,1.109164748944416,107,107,291,0.02020833333333333,23,23,0.5500945179584121,60.95189003436426,51.766323024054984,0.10034722222222223,0.008055555555555555,0.02625,0.018055555555555554,0.013125,1,56.95140560022179,47.9297033545883,15.576506715495167,4.472974131585553,0.9578821599854447,-137.29292642503137,1.5596645782265106,1.5596645782265106,0.031006376490158027,-2,-0.2918750000000001,-4203,0.6987225714909671,348.6363636363636,51.74987523440863,7.236489898989898,0.6608491891891477
RHF_MPM_P23,1469,0.07345,73.45,0,255,5.662916666666667,30.35328304307551,81546,319.78823529411767,19,237,255,1.0443967963013194,109,109,256,0.017777777777777778,21,20,0.6095238095238096,62.03515625,52.7578125,0.095,0.007222222222222222,0.023333333333333334,0.01638888888888889,0.012222222222222223,1,57.811505162730235,48.658990017904,15.381539017880941,4.3078683126632855,0.9599803263548278,-137.2161853898084,1.8022007906300197,1.8022007906300197,0.03523164839477105,-35,-0.5992361111111109,-8629,1.1276658612893151,347.8181818181818,53.11876604162717,7.15070707070707,0.7863767875968982
RHF_MPM_P23,1470,0.0735,73.5,0,255,5.011111111111111,28.851692399597418,72160,282.98039215686276,15,214,255,0.9369089782024502,107,107,238,0.016527777777777777,21,18,0.6296296296296297,62.04621848739496,53.319327731092436,0.08472222222222223,0.006319444444444444,0.021111111111111112,0.014791666666666667,0.010972222222222222,1,58.61930432372505,49.94925166297118,14.694708407688292,3.7006486187149013,0.9677700668069054,-137.60087106112675,2.1511584281852842,2.1511584281852842,0.03824833702882483,-18,-0.6518055555555557,-9386,1.5222728392884723,341.1818181818182,61.242911547999036,7.017297979797979,0.9877731163530713
RHF_MPM_P23,1471,0.07355,73.55,0,11,0.019444444444444445,0.3547843198060575,280,25.454545454545453,0,0,7,0.05324291968664258,3,8,10,0.0006944444444444445,29,88,0.003918495297805642,99.9,76.2,0.0042361111111111115,0.0,0.0,0.0,0.0,0,93.10714285714286,67.28571428571429,30.467054167376617,20.621100451516327,0.7361368153929511,86.99739667551485,-0.24527405474089425,0.24527405474089425,0.04285714285714286,-228,-4.991666666666666,-71880,38.60005107479609,309.27272727272725,112.55147582659146,6.37268308080808,2.2385702162471515
RHF_MPM_P23,1472,0.0736,73.6,0,255,3.494375,22.773753692535273,50319,197.3294117647059,13,101,255,0.8325535225944657,104,104,143,0.009930555555555555,14,13,0.7857142857142857,67.02097902097903,57.22377622377623,0.07388888888888889,0.003263888888888889,0.013472222222222222,0.008958333333333334,0.006388888888888889,1,70.73373874679544,58.605397563544585,9.482235357905003,5.730886356925865,0.7966951516187161,-153.87266068959806,-0.7118225423011122,0.7118225423011122,0.019356505494942267,133,3.4749305555555554,50039,23.99827306041187,284.8181818181818,116.72097122611233,5.983743686868687,2.331284021352656
RHF_MPM_P23,1473,0.07365,73.65,0,255,5.280763888888889,26.34543481378861,76043,298.2078431372549,23,156,255,1.2561333382837208,100,100,214,0.014861111111111111,23,26,0.35785953177257523,69.97196261682242,61.13551401869159,0.11826388888888889,0.004930555555555555,0.02034722222222222,0.012013888888888888,0.008055555555555555,1,77.57901450495115,65.60761674315847,17.246351295290548,6.098999779018922,0.9353816044876224,-145.0588161946539,-0.9648781131706824,0.9648781131706824,0.011625001643806794,71,1.7863888888888892,25724,9.79228643599373,266.27272727272725,110.10580936625618,5.737582070707071,2.2480729479618704
RHF_MPM_P23,1474,0.0737,73.7,0,255,6.486805555555556,29.7137448239395,93410,366.3137254901961,35,203,255,1.2643571784723213,110,110,215,0.014930555555555556,20,19,0.5657894736842105,69.55348837209303,60.23255813953488,0.11451388888888889,0.006597222222222222,0.03305555555555555,0.01375,0.010069444444444445,1,79.04538058023766,70.15917995931913,20.39407213192916,4.574925219185976,0.9745141069565368,48.52282844113796,0.793302828620783,0.793302828620783,0.017278663954608715,1,1.2060416666666667,17367,4.781940733369448,248.0909090909091,100.10399551144485,5.590353535353535,2.1384814535638084
RHF_MPM_P23,1475,0.07375,73.75,0,255,6.358472222222222,30.810019977261103,91562,359.06666666666666,31,239,255,1.2025273740888562,109,109,256,0.017777777777777778,23,21,0.5300207039337475,70.55078125,61.203125,0.10888888888888888,0.0077083333333333335,0.025416666666666667,0.016527777777777777,0.012222222222222223,1,77.96223324086411,68.26685742993818,20.931110945337768,4.519582232803809,0.9764096128401422,46.506715816053514,1.3114875210593886,1.3114875210593886,0.017736615626569974,41,-0.12833333333333385,-1848,2.1803882025902444,237.0,91.48372930348177,5.442140151515151,2.0203478665590935
RHF_MPM_P23,1476,0.0738,73.8,0,255,5.956458333333333,30.86636035144873,85773,336.36470588235295,24,237,255,1.015826593719658,109,109,260,0.018055555555555554,21,21,0.5895691609977324,70.33846153846154,60.926923076923075,0.08881944444444445,0.0077777777777777776,0.02625,0.016458333333333332,0.012152777777777778,1,75.09574108402411,64.8345516654425,16.179907677778726,4.2199167427276585,0.9653895663683246,-138.878516580017,-1.694488108134018,1.694488108134018,0.04110850733913936,4,-0.4020138888888889,-5789,4.471856454115616,228.0,83.56597828825274,5.285763888888889,1.9046019966406271
RHF_MPM_P23,1477,0.07385,73.85,0,255,6.045902777777778,32.15679539626445,87061,341.4156862745098,20,248,255,0.9627000402265963,109,109,290,0.02013888888888889,23,21,0.6004140786749482,71.08620689655173,61.324137931034485,0.08451388888888889,0.008680555555555556,0.026111111111111113,0.01888888888888889,0.013680555555555555,1,73.31141383627572,63.13185008212633,11.78196950012129,4.443758518717974,0.9261456661799172,-138.28219620428297,-1.5442482869801977,1.5442482869801977,0.01864210151502969,30,0.0894444444444451,1288,2.46637718301252,224.1818181818182,79.59193447239394,5.193857323232323,1.8402237511994286
RHF_MPM_P23,1478,0.0739,73.9,0,255,6.2972222222222225,33.19217809557539,90680,355.6078431372549,20,251,255,0.9652058693527256,107,107,318,0.022083333333333333,25,22,0.5781818181818181,71.52830188679245,61.783018867924525,0.08534722222222223,0.009236111111111112,0.027569444444444445,0.019791666666666666,0.014861111111111111,1,73.01777679752978,62.80025363917071,10.517403023127553,4.523173002979726,0.9027976513095483,-138.5663924437637,-0.9663842220955188,0.9663842220955188,0.01919938244375827,28,0.25131944444444443,3619,0.44292088628140125,226.45454545454547,81.84948895976815,5.170511363636364,1.824380668561851
RHF_MPM_P23,1479,0.07395,73.95,0,255,6.824166666666667,34.143903789288984,98268,385.36470588235295,23,253,255,1.0504130636642781,106,106,342,0.02375,26,24,0.5480769230769231,71.88304093567251,62.3421052631579,0.09270833333333334,0.009305555555555555,0.03194444444444444,0.02125,0.015069444444444444,1,73.66453982985306,63.57987340741645,11.153413282598866,4.660785739744218,0.9085023393668135,-138.45619913467132,-0.7279628008787514,0.7279628008787514,0.01240485203728579,24,0.5269444444444442,7588,1.012970583491712,231.0909090909091,86.6764669178167,5.221603535353535,1.8617243579809912
RHF_MPM_P23,1480,0.074,74.0,0,255,7.026736111111111,34.487246743660776,101185,396.80392156862746,27,253,255,1.075173894574945,106,106,351,0.024375,27,24,0.5416666666666666,71.87179487179488,62.37321937321937,0.09465277777777778,0.009444444444444445,0.031180555555555555,0.021527777777777778,0.015416666666666667,1,73.99854721549637,63.90945298216139,11.783067215809387,4.707615267552506,0.9167228417810436,-138.3147912618498,-0.9226872976073531,0.9226872976073531,0.013005880318228986,9,0.20256944444444436,2917,0.46923728512698115,239.72727272727272,93.21440671824668,5.345587121212121,1.9311053958126247
RHF_MPM_P23,1481,0.07405,74.05,0,255,7.292013888888889,35.016596344524444,105005,411.7843137254902,30,255,255,1.1109187760627401,108,108,352,0.024444444444444446,26,24,0.5641025641025641,71.98579545454545,62.13920454545455,0.09847222222222222,0.010277777777777778,0.03180555555555555,0.022291666666666668,0.016319444444444445,1,74.45086424455978,64.23045569258606,12.495058340099924,4.704471973007131,0.9264139343248377,-138.01442401346867,-1.0246687972573099,1.0246687972573099,0.014799295271653731,1,0.2652777777777775,3820,0.5546471264513448,250.0909090909091,98.62643435569902,5.55294191919192,2.0050979430396647
RHF_MPM_P23,1482,0.0741,74.1,0,255,7.382291666666666,35.06742957461362,106305,416.88235294117646,31,255,255,1.153454462133979,108,108,352,0.024444444444444446,27,24,0.5432098765432098,71.7159090909091,62.04545454545455,0.10368055555555555,0.010486111111111111,0.03125,0.022569444444444444,0.01625,1,74.526475706693,64.4485772070928,13.325111452343911,4.70027516048571,0.93572207285478,-137.819811383995,-1.0847055903171166,1.0847055903171166,0.01770377686844457,0,0.09027777777777768,1300,0.2308551240424077,281.1818181818182,66.81564621039294,6.222291666666667,1.0454751699003793
RHF_MPM_P23,1483,0.07415,74.15,0,255,7.642361111111111,35.687782067110845,110050,431.5686274509804,31,255,255,1.1992474487499856,109,109,361,0.025069444444444443,25,23,0.6278260869565218,71.58725761772853,61.94459833795014,0.10895833333333334,0.010972222222222222,0.03208333333333333,0.023125,0.016944444444444446,1,75.00280781462972,64.84651522035439,13.997581443679486,4.54960494931402,0.9457044165250448,-138.20253891959752,-1.2903401823547458,1.2903401823547458,0.023353021353930033,9,0.26006944444444446,3745,0.6206826398812982,301.0,53.98989804499626,6.599381313131312,0.676495441780539
RHF_MPM_P23,1484,0.0742,74.2,0,12,0.01875,0.3475047461706259,270,22.5,0,0,7,0.05493023353910688,3,8,10,0.0006944444444444445,89,107,0.0010500892575868949,86.3,69.4,0.0044444444444444444,0.0,0.0,0.0,0.0,0,86.7,65.34814814814816,30.483627136053794,24.43373978471892,0.5979458504524009,112.61675363307008,-0.2802460240868215,0.2802460240868215,0.0,-351,-7.623611111111111,-109780,11.707943483624039,282.45454545454544,97.88338482497112,6.121016414141414,2.0018832209981943
RHF_MPM_P23,1485,0.07425,74.25,0,255,3.167777777777778,22.25864477644474,45616,178.8862745098039,4,95,255,0.6885817209227354,100,100,143,0.009930555555555555,13,14,0.7857142857142857,64.46153846153847,54.81118881118881,0.058611111111111114,0.0029861111111111113,0.013472222222222222,0.008472222222222223,0.0061805555555555555,1,64.03777183444406,52.98217730620835,7.2263782387427495,5.644090359193125,0.6244810166063015,64.77979953123268,-1.0368597939707496,1.0368597939707496,0.021439845668186602,133,3.149027777777778,45346,25.816541602070224,275.90909090909093,104.36775411578786,5.819286616161616,2.167303894916266
RHF_MPM_P23,1486,0.0743,74.3,0,255,5.725,27.682717482613988,82440,323.29411764705884,29,180,255,1.248523623947236,103,103,219,0.015208333333333334,21,22,0.474025974025974,61.80365296803653,51.986301369863014,0.11458333333333333,0.005486111111111111,0.023055555555555555,0.012986111111111111,0.009097222222222222,1,55.74724648229015,43.675072780203784,18.60375995003572,4.975484646945491,0.9635730966263445,51.09672664498322,-1.0596340182866932,1.0596340182866932,0.02195536147501213,76,2.557222222222222,36824,12.46414879856147,272.54545454545456,105.54478897292297,5.761698232323233,2.1606176749176353
RHF_MPM_P23,1487,0.07435,74.35,0,255,6.268888888888889,30.32478000083044,90272,354.0078431372549,30,216,255,1.1987673559312757,98,98,295,0.02048611111111111,33,31,0.2883675464320626,58.813559322033896,49.70169491525424,0.10791666666666666,0.007083333333333333,0.027777777777777776,0.015069444444444444,0.011180555555555555,1,55.38779466501241,44.65746853952499,17.42993796618939,4.982869378927624,0.9582654474689399,50.33587388475833,-1.0608471829289585,1.0608471829289585,0.01152073732718894,76,0.5438888888888895,7832,1.0460913138328622,275.72727272727275,105.64614256098767,5.790101010101011,2.1650402700087037
RHF_MPM_P23,1488,0.0744,74.4,0,255,6.917430555555556,31.59300294471264,99611,390.6313725490196,34,238,255,1.32853402548726,110,110,261,0.018125,20,20,0.6525,61.17624521072797,51.69348659003831,0.12180555555555556,0.0075,0.03180555555555555,0.01673611111111111,0.0125,1,52.216923833713146,42.966429410406484,21.730304097463954,4.627618599540483,0.9770615900984965,-136.59851439600828,0.9943859686373335,0.9943859686373335,0.01583158486512534,-34,0.6485416666666666,9339,3.5936103245892355,273.09090909090907,105.61891578642921,5.869330808080807,2.188768426396536
RHF_MPM_P23,1489,0.07445,74.45,0,255,6.581388888888889,33.3461731648124,94772,371.6549019607843,24,252,255,1.0733186510745365,108,108,316,0.021944444444444444,22,23,0.6245059288537549,60.0126582278481,50.686708860759495,0.09590277777777778,0.009166666666666667,0.02715277777777778,0.02013888888888889,0.015,1,56.19043599375343,47.010055712657746,18.12979573838914,4.623155589025739,0.9669402140480405,-137.86116576374312,2.094840759508239,2.094840759508239,0.06248681045034398,55,-0.33604166666666657,-4839,5.669189762060028,272.90909090909093,105.54314459926248,5.895164141414141,2.1953333593250597
RHF_MPM_P23,1490,0.0745,74.5,0,255,7.131180555555556,36.051370755194746,102689,402.7019607843137,21,255,255,0.9697165817498639,110,110,366,0.025416666666666667,25,25,0.5856,58.71584699453552,49.79234972677595,0.08493055555555555,0.010763888888888889,0.03263888888888889,0.024027777777777776,0.0175,1,58.21179483683744,49.11351751404727,10.27285876500217,4.700896159544705,0.889156360708136,-136.33649767618368,0.8585429419790708,0.8585429419790708,0.014110566857209633,50,0.5497916666666667,7917,2.9172663783786996,275.09090909090907,107.18416991791155,5.9230744949494945,2.208876640906007
RHF_MPM_P23,1491,0.07455,74.55,0,255,7.726666666666667,37.34699169797869,111264,436.32941176470587,25,255,255,1.0510501690612755,108,108,405,0.028125,28,28,0.5165816326530612,57.90864197530864,49.27160493827161,0.09305555555555556,0.01125,0.035625,0.025972222222222223,0.01875,1,57.43822799827437,48.55290120793788,11.119608356925408,4.6859336239125655,0.9068694153176018,-136.36047879301873,0.8271189513574294,0.8271189513574294,0.013616264020707506,39,0.5954861111111107,8575,0.955351399433841,280.0,111.69031861682225,5.986704545454544,2.249461254782277
RHF_MPM_P23,1492,0.0746,74.6,0,255,7.942638888888889,37.455583528770575,114374,448.5254901960784,30,255,255,1.0634157031124247,106,106,419,0.029097222222222222,30,30,0.46555555555555556,57.656324582338904,49.08353221957041,0.09326388888888888,0.011111111111111112,0.03729166666666667,0.025694444444444443,0.01861111111111111,1,57.051532690996204,48.32266948782066,11.638969379423761,4.442349016125352,0.9242949844050828,-136.33461785380018,0.7269369711299264,0.7269369711299264,0.010203367898298564,14,0.21597222222222268,3110,0.450044337392538,286.09090909090907,117.14439772074194,6.045852272727273,2.2911727641725186
RHF_MPM_P23,1493,0.07465,74.65,0,11,0.017777777777777778,0.33139529191914124,256,23.272727272727273,0,0,6,0.05253813441017723,3,8,9,0.000625,32,107,0.002628504672897196,96.33333333333333,60.333333333333336,0.0042361111111111115,0.0,0.0,0.0,0.0,0,86.65625,60.80859375,31.52503009358657,24.402510545708655,0.6331027152550556,91.88404199300723,-0.21410160121465988,0.21410160121465988,0.0,-410,-7.924861111111111,-114118,32.13001076294416,254.9090909090909,139.05228221817376,5.37635101010101,2.8182079977417804
RHF_MPM_P23,1494,0.0747,74.7,0,255,3.7247222222222223,23.05958886909583,53636,210.3372549019608,13,110,255,0.9536402390994387,105,105,151,0.010486111111111111,15,15,0.6711111111111111,66.97350993377484,57.602649006622514,0.0875,0.003472222222222222,0.014375,0.008819444444444444,0.006666666666666667,1,70.46334551420688,60.048493549108805,10.70229787127412,5.9635617039489786,0.8303631919067385,-142.8533242551073,-0.8431751998287921,0.8431751998287921,0.029364605861734654,142,3.7069444444444444,53380,16.210734344915217,235.8181818181818,137.5842341534934,5.02020202020202,2.7562008147892874
RHF_MPM_P23,1495,0.07475,74.75,0,255,6.239444444444445,28.39384762628502,89848,352.3450980392157,31,178,255,1.366020029359763,99,99,243,0.016875,30,29,0.2793103448275862,70.99588477366255,62.111111111111114,0.12631944444444446,0.005277777777777778,0.029236111111111112,0.01326388888888889,0.009097222222222222,1,79.56601148606535,68.87065933576707,20.694106226977176,5.235467957344306,0.9674680592137839,-137.30117953763485,-0.8743820237757636,0.8743820237757636,0.0196442881310658,92,2.5147222222222223,36212,12.676321901975896,257.0,117.68447800638945,5.585719696969697,2.266699429777345
RHF_MPM_P23,1496,0.0748,74.8,0,255,6.290972222222222,29.63564954669939,90590,355.2549019607843,30,203,255,1.245314620733701,94,94,298,0.020694444444444446,37,37,0.2176771365960555,73.8255033557047,64.46979865771812,0.113125,0.006666666666666667,0.029166666666666667,0.01375,0.010347222222222223,1,78.21841262832542,68.30770504470692,19.282362850529676,4.541958361246339,0.9718622595048455,45.70088309339331,1.0345115290602007,1.0345115290602007,0.01890937189535269,55,0.051527777777777395,742,1.460458905688547,271.09090909090907,112.34966079606889,5.869646464646464,2.137997551891505
RHF_MPM_P23,1497,0.07485,74.85,0,255,6.519236111111111,30.682953862850415,93877,368.14509803921567,34,226,255,1.19770688386721,108,108,251,0.017430555555555557,21,21,0.5691609977324263,69.96414342629483,60.88844621513944,0.10680555555555556,0.007152777777777778,0.029861111111111113,0.015833333333333335,0.011597222222222222,1,79.0763552307807,69.12807183868253,21.969028694257695,3.9880109603052767,0.9833856325480264,-136.2518890378379,-1.0758807968113473,1.0758807968113473,0.008915921897802444,-47,0.22826388888888882,3287,1.1870413580686903,274.0,111.37324633860683,5.941849747474748,2.145292234920902
